

================================================================
== Vitis HLS Report for 'hscale_polyphase'
================================================================
* Date:           Fri Mar  6 02:16:55 2026

* Version:        2022.2 (Build 3670227 on Oct 13 2022)
* Project:        prj
* Solution:       sol (Vivado IP Flow Target)
* Product family: zynquplus
* Target device:  xck26-sfvc784-2LV-c


================================================================
== Performance Estimates
================================================================
+ Timing: 
    * Summary: 
    +--------+---------+----------+------------+
    |  Clock |  Target | Estimated| Uncertainty|
    +--------+---------+----------+------------+
    |ap_clk  |  5.00 ns|  1.855 ns|     1.35 ns|
    +--------+---------+----------+------------+

+ Latency: 
    * Summary: 
    +---------+---------+-----------+-----------+-----+-----+---------+
    |  Latency (cycles) |   Latency (absolute)  |  Interval | Pipeline|
    |   min   |   max   |    min    |    max    | min | max |   Type  |
    +---------+---------+-----------+-----------+-----+-----+---------+
    |        9|        9|  45.000 ns|  45.000 ns|    1|    1|      yes|
    +---------+---------+-----------+-----------+-----+-----+---------+

    + Detail: 
        * Instance: 
        N/A

        * Loop: 
        N/A

============================================================
+ Verbose Summary: Synthesis Manager
============================================================
InlineROM: 1
ExposeGlobal: 0
============================================================
+ Verbose Summary: CDFG Model
============================================================
IsTopModel: 0
ResetActiveHigh: 1
IsCombinational: 0
IsDatapathOnly: 0
HasWiredReturn: 1
HasMFsm: 2
HasVarLatency: 0
IsPipeline: 1
IsRtlPipelined: 1
IsInstanceOverlapped: 0
IsDontTouch: 0
HasImplIP: 0
IsGatedGlobalClock: 0

+ Individual pipeline summary: 
  * Pipeline-0: initiation interval (II) = 1, depth = 10


============================================================
+ Verbose Summary: Schedule
============================================================
* Number of FSM states : 10
* Pipeline : 1
  Pipeline-0 : II = 1, D = 10, States = { 1 2 3 4 5 6 7 8 9 10 }
* Dataflow Pipeline: 0

* FSM state transitions: 
1 --> 2 
2 --> 3 
3 --> 4 
4 --> 5 
5 --> 6 
6 --> 7 
7 --> 8 
8 --> 9 
9 --> 10 
10 --> 

* FSM state operations: 

State 1 <SV = 0> <Delay = 1.26>
ST_1 : Operation 11 [1/1] (0.00ns)   --->   "%p_read_8 = read i2 @_ssdm_op_Read.ap_auto.i2, i2 %p_read2425" [/home/user/Documents/kria-vitis-platforms/kv260/platforms/vivado/kv260_ispMipiRx_vcu_DP/project/kv260_ispMipiRx_vcu_DP.runs/bd_eab1_hsc_0_synth_1/prj/sol/.autopilot/db/v_hscaler.cpp:938]   --->   Operation 11 'read' 'p_read_8' <Predicate = true> <Delay = 0.00>
ST_1 : Operation 12 [1/1] (0.00ns)   --->   "%PhasesH_0_read_1 = read i6 @_ssdm_op_Read.ap_auto.i6, i6 %PhasesH_0_read" [/home/user/Documents/kria-vitis-platforms/kv260/platforms/vivado/kv260_ispMipiRx_vcu_DP/project/kv260_ispMipiRx_vcu_DP.runs/bd_eab1_hsc_0_synth_1/prj/sol/.autopilot/db/v_hscaler.cpp:938]   --->   Operation 12 'read' 'PhasesH_0_read_1' <Predicate = true> <Delay = 0.00>
ST_1 : Operation 13 [1/1] (0.00ns)   --->   "%p_read_9 = read i8 @_ssdm_op_Read.ap_auto.i8, i8 %p_read23" [/home/user/Documents/kria-vitis-platforms/kv260/platforms/vivado/kv260_ispMipiRx_vcu_DP/project/kv260_ispMipiRx_vcu_DP.runs/bd_eab1_hsc_0_synth_1/prj/sol/.autopilot/db/v_hscaler.cpp:938]   --->   Operation 13 'read' 'p_read_9' <Predicate = true> <Delay = 0.00>
ST_1 : Operation 14 [1/1] (0.00ns)   --->   "%p_read_10 = read i8 @_ssdm_op_Read.ap_auto.i8, i8 %p_read22" [/home/user/Documents/kria-vitis-platforms/kv260/platforms/vivado/kv260_ispMipiRx_vcu_DP/project/kv260_ispMipiRx_vcu_DP.runs/bd_eab1_hsc_0_synth_1/prj/sol/.autopilot/db/v_hscaler.cpp:938]   --->   Operation 14 'read' 'p_read_10' <Predicate = true> <Delay = 0.00>
ST_1 : Operation 15 [1/1] (0.00ns)   --->   "%p_read_11 = read i8 @_ssdm_op_Read.ap_auto.i8, i8 %p_read21" [/home/user/Documents/kria-vitis-platforms/kv260/platforms/vivado/kv260_ispMipiRx_vcu_DP/project/kv260_ispMipiRx_vcu_DP.runs/bd_eab1_hsc_0_synth_1/prj/sol/.autopilot/db/v_hscaler.cpp:938]   --->   Operation 15 'read' 'p_read_11' <Predicate = true> <Delay = 0.00>
ST_1 : Operation 16 [1/1] (0.00ns)   --->   "%p_read_12 = read i8 @_ssdm_op_Read.ap_auto.i8, i8 %p_read20" [/home/user/Documents/kria-vitis-platforms/kv260/platforms/vivado/kv260_ispMipiRx_vcu_DP/project/kv260_ispMipiRx_vcu_DP.runs/bd_eab1_hsc_0_synth_1/prj/sol/.autopilot/db/v_hscaler.cpp:938]   --->   Operation 16 'read' 'p_read_12' <Predicate = true> <Delay = 0.00>
ST_1 : Operation 17 [1/1] (0.00ns)   --->   "%p_read_13 = read i8 @_ssdm_op_Read.ap_auto.i8, i8 %p_read19" [/home/user/Documents/kria-vitis-platforms/kv260/platforms/vivado/kv260_ispMipiRx_vcu_DP/project/kv260_ispMipiRx_vcu_DP.runs/bd_eab1_hsc_0_synth_1/prj/sol/.autopilot/db/v_hscaler.cpp:938]   --->   Operation 17 'read' 'p_read_13' <Predicate = true> <Delay = 0.00>
ST_1 : Operation 18 [1/1] (0.00ns)   --->   "%p_read_14 = read i8 @_ssdm_op_Read.ap_auto.i8, i8 %p_read18" [/home/user/Documents/kria-vitis-platforms/kv260/platforms/vivado/kv260_ispMipiRx_vcu_DP/project/kv260_ispMipiRx_vcu_DP.runs/bd_eab1_hsc_0_synth_1/prj/sol/.autopilot/db/v_hscaler.cpp:938]   --->   Operation 18 'read' 'p_read_14' <Predicate = true> <Delay = 0.00>
ST_1 : Operation 19 [1/1] (0.00ns)   --->   "%p_read_15 = read i8 @_ssdm_op_Read.ap_auto.i8, i8 %p_read17" [/home/user/Documents/kria-vitis-platforms/kv260/platforms/vivado/kv260_ispMipiRx_vcu_DP/project/kv260_ispMipiRx_vcu_DP.runs/bd_eab1_hsc_0_synth_1/prj/sol/.autopilot/db/v_hscaler.cpp:938]   --->   Operation 19 'read' 'p_read_15' <Predicate = true> <Delay = 0.00>
ST_1 : Operation 20 [1/1] (0.00ns)   --->   "%p_read_16 = read i8 @_ssdm_op_Read.ap_auto.i8, i8 %p_read16" [/home/user/Documents/kria-vitis-platforms/kv260/platforms/vivado/kv260_ispMipiRx_vcu_DP/project/kv260_ispMipiRx_vcu_DP.runs/bd_eab1_hsc_0_synth_1/prj/sol/.autopilot/db/v_hscaler.cpp:938]   --->   Operation 20 'read' 'p_read_16' <Predicate = true> <Delay = 0.00>
ST_1 : Operation 21 [1/1] (0.00ns)   --->   "%p_read_17 = read i8 @_ssdm_op_Read.ap_auto.i8, i8 %p_read15" [/home/user/Documents/kria-vitis-platforms/kv260/platforms/vivado/kv260_ispMipiRx_vcu_DP/project/kv260_ispMipiRx_vcu_DP.runs/bd_eab1_hsc_0_synth_1/prj/sol/.autopilot/db/v_hscaler.cpp:938]   --->   Operation 21 'read' 'p_read_17' <Predicate = true> <Delay = 0.00>
ST_1 : Operation 22 [1/1] (0.00ns)   --->   "%p_read_18 = read i8 @_ssdm_op_Read.ap_auto.i8, i8 %p_read14" [/home/user/Documents/kria-vitis-platforms/kv260/platforms/vivado/kv260_ispMipiRx_vcu_DP/project/kv260_ispMipiRx_vcu_DP.runs/bd_eab1_hsc_0_synth_1/prj/sol/.autopilot/db/v_hscaler.cpp:938]   --->   Operation 22 'read' 'p_read_18' <Predicate = true> <Delay = 0.00>
ST_1 : Operation 23 [1/1] (0.00ns)   --->   "%p_read_19 = read i8 @_ssdm_op_Read.ap_auto.i8, i8 %p_read13" [/home/user/Documents/kria-vitis-platforms/kv260/platforms/vivado/kv260_ispMipiRx_vcu_DP/project/kv260_ispMipiRx_vcu_DP.runs/bd_eab1_hsc_0_synth_1/prj/sol/.autopilot/db/v_hscaler.cpp:938]   --->   Operation 23 'read' 'p_read_19' <Predicate = true> <Delay = 0.00>
ST_1 : Operation 24 [1/1] (0.00ns)   --->   "%p_read_20 = read i8 @_ssdm_op_Read.ap_auto.i8, i8 %p_read12" [/home/user/Documents/kria-vitis-platforms/kv260/platforms/vivado/kv260_ispMipiRx_vcu_DP/project/kv260_ispMipiRx_vcu_DP.runs/bd_eab1_hsc_0_synth_1/prj/sol/.autopilot/db/v_hscaler.cpp:938]   --->   Operation 24 'read' 'p_read_20' <Predicate = true> <Delay = 0.00>
ST_1 : Operation 25 [1/1] (0.00ns)   --->   "%p_read_21 = read i8 @_ssdm_op_Read.ap_auto.i8, i8 %p_read11" [/home/user/Documents/kria-vitis-platforms/kv260/platforms/vivado/kv260_ispMipiRx_vcu_DP/project/kv260_ispMipiRx_vcu_DP.runs/bd_eab1_hsc_0_synth_1/prj/sol/.autopilot/db/v_hscaler.cpp:938]   --->   Operation 25 'read' 'p_read_21' <Predicate = true> <Delay = 0.00>
ST_1 : Operation 26 [1/1] (0.00ns)   --->   "%p_read_22 = read i8 @_ssdm_op_Read.ap_auto.i8, i8 %p_read10" [/home/user/Documents/kria-vitis-platforms/kv260/platforms/vivado/kv260_ispMipiRx_vcu_DP/project/kv260_ispMipiRx_vcu_DP.runs/bd_eab1_hsc_0_synth_1/prj/sol/.autopilot/db/v_hscaler.cpp:938]   --->   Operation 26 'read' 'p_read_22' <Predicate = true> <Delay = 0.00>
ST_1 : Operation 27 [1/1] (0.00ns)   --->   "%p_read_23 = read i8 @_ssdm_op_Read.ap_auto.i8, i8 %p_read9" [/home/user/Documents/kria-vitis-platforms/kv260/platforms/vivado/kv260_ispMipiRx_vcu_DP/project/kv260_ispMipiRx_vcu_DP.runs/bd_eab1_hsc_0_synth_1/prj/sol/.autopilot/db/v_hscaler.cpp:938]   --->   Operation 27 'read' 'p_read_23' <Predicate = true> <Delay = 0.00>
ST_1 : Operation 28 [1/1] (0.00ns)   --->   "%p_read_24 = read i8 @_ssdm_op_Read.ap_auto.i8, i8 %p_read8" [/home/user/Documents/kria-vitis-platforms/kv260/platforms/vivado/kv260_ispMipiRx_vcu_DP/project/kv260_ispMipiRx_vcu_DP.runs/bd_eab1_hsc_0_synth_1/prj/sol/.autopilot/db/v_hscaler.cpp:938]   --->   Operation 28 'read' 'p_read_24' <Predicate = true> <Delay = 0.00>
ST_1 : Operation 29 [1/1] (0.00ns)   --->   "%p_read_25 = read i8 @_ssdm_op_Read.ap_auto.i8, i8 %p_read7" [/home/user/Documents/kria-vitis-platforms/kv260/platforms/vivado/kv260_ispMipiRx_vcu_DP/project/kv260_ispMipiRx_vcu_DP.runs/bd_eab1_hsc_0_synth_1/prj/sol/.autopilot/db/v_hscaler.cpp:938]   --->   Operation 29 'read' 'p_read_25' <Predicate = true> <Delay = 0.00>
ST_1 : Operation 30 [1/1] (0.00ns)   --->   "%p_read_26 = read i8 @_ssdm_op_Read.ap_auto.i8, i8 %p_read6" [/home/user/Documents/kria-vitis-platforms/kv260/platforms/vivado/kv260_ispMipiRx_vcu_DP/project/kv260_ispMipiRx_vcu_DP.runs/bd_eab1_hsc_0_synth_1/prj/sol/.autopilot/db/v_hscaler.cpp:938]   --->   Operation 30 'read' 'p_read_26' <Predicate = true> <Delay = 0.00>
ST_1 : Operation 31 [1/1] (0.00ns)   --->   "%p_read_27 = read i8 @_ssdm_op_Read.ap_auto.i8, i8 %p_read5" [/home/user/Documents/kria-vitis-platforms/kv260/platforms/vivado/kv260_ispMipiRx_vcu_DP/project/kv260_ispMipiRx_vcu_DP.runs/bd_eab1_hsc_0_synth_1/prj/sol/.autopilot/db/v_hscaler.cpp:938]   --->   Operation 31 'read' 'p_read_27' <Predicate = true> <Delay = 0.00>
ST_1 : Operation 32 [1/1] (0.00ns)   --->   "%p_read_28 = read i8 @_ssdm_op_Read.ap_auto.i8, i8 %p_read4" [/home/user/Documents/kria-vitis-platforms/kv260/platforms/vivado/kv260_ispMipiRx_vcu_DP/project/kv260_ispMipiRx_vcu_DP.runs/bd_eab1_hsc_0_synth_1/prj/sol/.autopilot/db/v_hscaler.cpp:938]   --->   Operation 32 'read' 'p_read_28' <Predicate = true> <Delay = 0.00>
ST_1 : Operation 33 [1/1] (0.00ns)   --->   "%p_read_29 = read i8 @_ssdm_op_Read.ap_auto.i8, i8 %p_read3" [/home/user/Documents/kria-vitis-platforms/kv260/platforms/vivado/kv260_ispMipiRx_vcu_DP/project/kv260_ispMipiRx_vcu_DP.runs/bd_eab1_hsc_0_synth_1/prj/sol/.autopilot/db/v_hscaler.cpp:938]   --->   Operation 33 'read' 'p_read_29' <Predicate = true> <Delay = 0.00>
ST_1 : Operation 34 [1/1] (0.00ns)   --->   "%p_read_30 = read i8 @_ssdm_op_Read.ap_auto.i8, i8 %p_read2" [/home/user/Documents/kria-vitis-platforms/kv260/platforms/vivado/kv260_ispMipiRx_vcu_DP/project/kv260_ispMipiRx_vcu_DP.runs/bd_eab1_hsc_0_synth_1/prj/sol/.autopilot/db/v_hscaler.cpp:938]   --->   Operation 34 'read' 'p_read_30' <Predicate = true> <Delay = 0.00>
ST_1 : Operation 35 [1/1] (0.00ns)   --->   "%p_read_31 = read i8 @_ssdm_op_Read.ap_auto.i8, i8 %p_read1" [/home/user/Documents/kria-vitis-platforms/kv260/platforms/vivado/kv260_ispMipiRx_vcu_DP/project/kv260_ispMipiRx_vcu_DP.runs/bd_eab1_hsc_0_synth_1/prj/sol/.autopilot/db/v_hscaler.cpp:938]   --->   Operation 35 'read' 'p_read_31' <Predicate = true> <Delay = 0.00>
ST_1 : Operation 36 [1/1] (0.00ns)   --->   "%p_read33 = read i8 @_ssdm_op_Read.ap_auto.i8, i8 %p_read" [/home/user/Documents/kria-vitis-platforms/kv260/platforms/vivado/kv260_ispMipiRx_vcu_DP/project/kv260_ispMipiRx_vcu_DP.runs/bd_eab1_hsc_0_synth_1/prj/sol/.autopilot/db/v_hscaler.cpp:938]   --->   Operation 36 'read' 'p_read33' <Predicate = true> <Delay = 0.00>
ST_1 : Operation 37 [1/1] (0.00ns)   --->   "%zext_ln946 = zext i2 %p_read_8" [/home/user/Documents/kria-vitis-platforms/kv260/platforms/vivado/kv260_ispMipiRx_vcu_DP/project/kv260_ispMipiRx_vcu_DP.runs/bd_eab1_hsc_0_synth_1/prj/sol/.autopilot/db/v_hscaler.cpp:946]   --->   Operation 37 'zext' 'zext_ln946' <Predicate = true> <Delay = 0.00>
ST_1 : Operation 38 [1/1] (0.00ns)   --->   "%idxprom8 = zext i6 %PhasesH_0_read_1" [/home/user/Documents/kria-vitis-platforms/kv260/platforms/vivado/kv260_ispMipiRx_vcu_DP/project/kv260_ispMipiRx_vcu_DP.runs/bd_eab1_hsc_0_synth_1/prj/sol/.autopilot/db/v_hscaler.cpp:938]   --->   Operation 38 'zext' 'idxprom8' <Predicate = true> <Delay = 0.00>
ST_1 : Operation 39 [1/1] (0.00ns)   --->   "%FiltCoeff_0_addr = getelementptr i16 %FiltCoeff_0, i64 0, i64 %idxprom8" [/home/user/Documents/kria-vitis-platforms/kv260/platforms/vivado/kv260_ispMipiRx_vcu_DP/project/kv260_ispMipiRx_vcu_DP.runs/bd_eab1_hsc_0_synth_1/prj/sol/.autopilot/db/v_hscaler.cpp:951]   --->   Operation 39 'getelementptr' 'FiltCoeff_0_addr' <Predicate = true> <Delay = 0.00>
ST_1 : Operation 40 [2/2] (0.67ns)   --->   "%FiltCoeff_0_load = load i6 %FiltCoeff_0_addr" [/home/user/Documents/kria-vitis-platforms/kv260/platforms/vivado/kv260_ispMipiRx_vcu_DP/project/kv260_ispMipiRx_vcu_DP.runs/bd_eab1_hsc_0_synth_1/prj/sol/.autopilot/db/v_hscaler.cpp:951]   --->   Operation 40 'load' 'FiltCoeff_0_load' <Predicate = true> <Delay = 0.67> <CoreInst = "RAM_1P_LUTRAM">   --->   Core 89 'RAM_1P_LUTRAM' <Latency = 1> <II = 1> <Delay = 0.67> <Storage> <Opcode : 'load' 'store'> <Ports = 1> <Width = 16> <Depth = 64> <RAM>
ST_1 : Operation 41 [1/1] (0.54ns)   --->   "%add_ln186 = add i3 %zext_ln946, i3 1"   --->   Operation 41 'add' 'add_ln186' <Predicate = true> <Delay = 0.54> <CoreInst = "Adder">   --->   Core 1 'Adder' <Latency = 0> <II = 1> <Delay = 0.54> <FuncUnit> <Opcode : 'add' 'sub'> <InPorts = 2> <OutPorts = 1>
ST_1 : Operation 42 [1/1] (0.72ns)   --->   "%lhs = mux i8 @_ssdm_op_Mux.ap_auto.8i8.i3, i8 0, i8 %p_read_29, i8 %p_read_26, i8 %p_read_23, i8 %p_read_20, i8 0, i8 0, i8 0, i3 %add_ln186"   --->   Operation 42 'mux' 'lhs' <Predicate = true> <Delay = 0.72> <CoreInst = "Multiplexer">   --->   Core 76 'Multiplexer' <Latency = 0> <II = 1> <Delay = 0.72> <FuncUnit> <Opcode : 'mux'> <InPorts = 2> <OutPorts = 1>
ST_1 : Operation 43 [1/1] (0.72ns)   --->   "%lhs_2 = mux i8 @_ssdm_op_Mux.ap_auto.8i8.i3, i8 0, i8 %p_read_26, i8 %p_read_23, i8 %p_read_20, i8 %p_read_17, i8 0, i8 0, i8 0, i3 %add_ln186"   --->   Operation 43 'mux' 'lhs_2' <Predicate = true> <Delay = 0.72> <CoreInst = "Multiplexer">   --->   Core 76 'Multiplexer' <Latency = 0> <II = 1> <Delay = 0.72> <FuncUnit> <Opcode : 'mux'> <InPorts = 2> <OutPorts = 1>
ST_1 : Operation 44 [1/1] (0.72ns)   --->   "%lhs_3 = mux i8 @_ssdm_op_Mux.ap_auto.8i8.i3, i8 0, i8 %p_read_23, i8 %p_read_20, i8 %p_read_17, i8 %p_read_14, i8 0, i8 0, i8 0, i3 %add_ln186"   --->   Operation 44 'mux' 'lhs_3' <Predicate = true> <Delay = 0.72> <CoreInst = "Multiplexer">   --->   Core 76 'Multiplexer' <Latency = 0> <II = 1> <Delay = 0.72> <FuncUnit> <Opcode : 'mux'> <InPorts = 2> <OutPorts = 1>
ST_1 : Operation 45 [1/1] (0.72ns)   --->   "%lhs_4 = mux i8 @_ssdm_op_Mux.ap_auto.8i8.i3, i8 0, i8 %p_read_20, i8 %p_read_17, i8 %p_read_14, i8 %p_read_11, i8 0, i8 0, i8 0, i3 %add_ln186"   --->   Operation 45 'mux' 'lhs_4' <Predicate = true> <Delay = 0.72> <CoreInst = "Multiplexer">   --->   Core 76 'Multiplexer' <Latency = 0> <II = 1> <Delay = 0.72> <FuncUnit> <Opcode : 'mux'> <InPorts = 2> <OutPorts = 1>
ST_1 : Operation 46 [1/1] (0.72ns)   --->   "%lhs_5 = mux i8 @_ssdm_op_Mux.ap_auto.8i8.i3, i8 0, i8 %p_read_17, i8 %p_read_14, i8 %p_read_11, i8 %p_read33, i8 0, i8 0, i8 0, i3 %add_ln186"   --->   Operation 46 'mux' 'lhs_5' <Predicate = true> <Delay = 0.72> <CoreInst = "Multiplexer">   --->   Core 76 'Multiplexer' <Latency = 0> <II = 1> <Delay = 0.72> <FuncUnit> <Opcode : 'mux'> <InPorts = 2> <OutPorts = 1>
ST_1 : Operation 47 [1/1] (0.72ns)   --->   "%lhs_6 = mux i8 @_ssdm_op_Mux.ap_auto.8i8.i3, i8 0, i8 %p_read_14, i8 %p_read_11, i8 %p_read33, i8 %p_read_29, i8 0, i8 0, i8 0, i3 %add_ln186"   --->   Operation 47 'mux' 'lhs_6' <Predicate = true> <Delay = 0.72> <CoreInst = "Multiplexer">   --->   Core 76 'Multiplexer' <Latency = 0> <II = 1> <Delay = 0.72> <FuncUnit> <Opcode : 'mux'> <InPorts = 2> <OutPorts = 1>
ST_1 : Operation 48 [1/1] (0.72ns)   --->   "%tmp_4 = mux i8 @_ssdm_op_Mux.ap_auto.8i8.i3, i8 0, i8 %p_read_28, i8 %p_read_25, i8 %p_read_22, i8 %p_read_19, i8 0, i8 0, i8 0, i3 %add_ln186"   --->   Operation 48 'mux' 'tmp_4' <Predicate = true> <Delay = 0.72> <CoreInst = "Multiplexer">   --->   Core 76 'Multiplexer' <Latency = 0> <II = 1> <Delay = 0.72> <FuncUnit> <Opcode : 'mux'> <InPorts = 2> <OutPorts = 1>
ST_1 : Operation 49 [1/1] (0.72ns)   --->   "%tmp_5 = mux i8 @_ssdm_op_Mux.ap_auto.8i8.i3, i8 0, i8 %p_read_25, i8 %p_read_22, i8 %p_read_19, i8 %p_read_16, i8 0, i8 0, i8 0, i3 %add_ln186"   --->   Operation 49 'mux' 'tmp_5' <Predicate = true> <Delay = 0.72> <CoreInst = "Multiplexer">   --->   Core 76 'Multiplexer' <Latency = 0> <II = 1> <Delay = 0.72> <FuncUnit> <Opcode : 'mux'> <InPorts = 2> <OutPorts = 1>
ST_1 : Operation 50 [1/1] (0.72ns)   --->   "%tmp_6 = mux i8 @_ssdm_op_Mux.ap_auto.8i8.i3, i8 0, i8 %p_read_22, i8 %p_read_19, i8 %p_read_16, i8 %p_read_13, i8 0, i8 0, i8 0, i3 %add_ln186"   --->   Operation 50 'mux' 'tmp_6' <Predicate = true> <Delay = 0.72> <CoreInst = "Multiplexer">   --->   Core 76 'Multiplexer' <Latency = 0> <II = 1> <Delay = 0.72> <FuncUnit> <Opcode : 'mux'> <InPorts = 2> <OutPorts = 1>
ST_1 : Operation 51 [1/1] (0.72ns)   --->   "%tmp_7 = mux i8 @_ssdm_op_Mux.ap_auto.8i8.i3, i8 0, i8 %p_read_19, i8 %p_read_16, i8 %p_read_13, i8 %p_read_10, i8 0, i8 0, i8 0, i3 %add_ln186"   --->   Operation 51 'mux' 'tmp_7' <Predicate = true> <Delay = 0.72> <CoreInst = "Multiplexer">   --->   Core 76 'Multiplexer' <Latency = 0> <II = 1> <Delay = 0.72> <FuncUnit> <Opcode : 'mux'> <InPorts = 2> <OutPorts = 1>
ST_1 : Operation 52 [1/1] (0.72ns)   --->   "%tmp_8 = mux i8 @_ssdm_op_Mux.ap_auto.8i8.i3, i8 0, i8 %p_read_16, i8 %p_read_13, i8 %p_read_10, i8 %p_read_31, i8 0, i8 0, i8 0, i3 %add_ln186"   --->   Operation 52 'mux' 'tmp_8' <Predicate = true> <Delay = 0.72> <CoreInst = "Multiplexer">   --->   Core 76 'Multiplexer' <Latency = 0> <II = 1> <Delay = 0.72> <FuncUnit> <Opcode : 'mux'> <InPorts = 2> <OutPorts = 1>
ST_1 : Operation 53 [1/1] (0.72ns)   --->   "%tmp_s = mux i8 @_ssdm_op_Mux.ap_auto.8i8.i3, i8 0, i8 %p_read_13, i8 %p_read_10, i8 %p_read_31, i8 %p_read_28, i8 0, i8 0, i8 0, i3 %add_ln186"   --->   Operation 53 'mux' 'tmp_s' <Predicate = true> <Delay = 0.72> <CoreInst = "Multiplexer">   --->   Core 76 'Multiplexer' <Latency = 0> <II = 1> <Delay = 0.72> <FuncUnit> <Opcode : 'mux'> <InPorts = 2> <OutPorts = 1>
ST_1 : Operation 54 [1/1] (0.72ns)   --->   "%tmp_1 = mux i8 @_ssdm_op_Mux.ap_auto.8i8.i3, i8 0, i8 %p_read_27, i8 %p_read_24, i8 %p_read_21, i8 %p_read_18, i8 0, i8 0, i8 0, i3 %add_ln186"   --->   Operation 54 'mux' 'tmp_1' <Predicate = true> <Delay = 0.72> <CoreInst = "Multiplexer">   --->   Core 76 'Multiplexer' <Latency = 0> <II = 1> <Delay = 0.72> <FuncUnit> <Opcode : 'mux'> <InPorts = 2> <OutPorts = 1>
ST_1 : Operation 55 [1/1] (0.72ns)   --->   "%tmp_2 = mux i8 @_ssdm_op_Mux.ap_auto.8i8.i3, i8 0, i8 %p_read_24, i8 %p_read_21, i8 %p_read_18, i8 %p_read_15, i8 0, i8 0, i8 0, i3 %add_ln186"   --->   Operation 55 'mux' 'tmp_2' <Predicate = true> <Delay = 0.72> <CoreInst = "Multiplexer">   --->   Core 76 'Multiplexer' <Latency = 0> <II = 1> <Delay = 0.72> <FuncUnit> <Opcode : 'mux'> <InPorts = 2> <OutPorts = 1>
ST_1 : Operation 56 [1/1] (0.72ns)   --->   "%tmp_3 = mux i8 @_ssdm_op_Mux.ap_auto.8i8.i3, i8 0, i8 %p_read_21, i8 %p_read_18, i8 %p_read_15, i8 %p_read_12, i8 0, i8 0, i8 0, i3 %add_ln186"   --->   Operation 56 'mux' 'tmp_3' <Predicate = true> <Delay = 0.72> <CoreInst = "Multiplexer">   --->   Core 76 'Multiplexer' <Latency = 0> <II = 1> <Delay = 0.72> <FuncUnit> <Opcode : 'mux'> <InPorts = 2> <OutPorts = 1>
ST_1 : Operation 57 [1/1] (0.72ns)   --->   "%tmp_9 = mux i8 @_ssdm_op_Mux.ap_auto.8i8.i3, i8 0, i8 %p_read_18, i8 %p_read_15, i8 %p_read_12, i8 %p_read_9, i8 0, i8 0, i8 0, i3 %add_ln186"   --->   Operation 57 'mux' 'tmp_9' <Predicate = true> <Delay = 0.72> <CoreInst = "Multiplexer">   --->   Core 76 'Multiplexer' <Latency = 0> <II = 1> <Delay = 0.72> <FuncUnit> <Opcode : 'mux'> <InPorts = 2> <OutPorts = 1>
ST_1 : Operation 58 [1/1] (0.72ns)   --->   "%tmp_10 = mux i8 @_ssdm_op_Mux.ap_auto.8i8.i3, i8 0, i8 %p_read_15, i8 %p_read_12, i8 %p_read_9, i8 %p_read_30, i8 0, i8 0, i8 0, i3 %add_ln186"   --->   Operation 58 'mux' 'tmp_10' <Predicate = true> <Delay = 0.72> <CoreInst = "Multiplexer">   --->   Core 76 'Multiplexer' <Latency = 0> <II = 1> <Delay = 0.72> <FuncUnit> <Opcode : 'mux'> <InPorts = 2> <OutPorts = 1>
ST_1 : Operation 59 [1/1] (0.72ns)   --->   "%tmp_11 = mux i8 @_ssdm_op_Mux.ap_auto.8i8.i3, i8 0, i8 %p_read_12, i8 %p_read_9, i8 %p_read_30, i8 %p_read_27, i8 0, i8 0, i8 0, i3 %add_ln186"   --->   Operation 59 'mux' 'tmp_11' <Predicate = true> <Delay = 0.72> <CoreInst = "Multiplexer">   --->   Core 76 'Multiplexer' <Latency = 0> <II = 1> <Delay = 0.72> <FuncUnit> <Opcode : 'mux'> <InPorts = 2> <OutPorts = 1>

State 2 <SV = 1> <Delay = 1.67>
ST_2 : Operation 60 [1/2] (0.67ns)   --->   "%FiltCoeff_0_load = load i6 %FiltCoeff_0_addr" [/home/user/Documents/kria-vitis-platforms/kv260/platforms/vivado/kv260_ispMipiRx_vcu_DP/project/kv260_ispMipiRx_vcu_DP.runs/bd_eab1_hsc_0_synth_1/prj/sol/.autopilot/db/v_hscaler.cpp:951]   --->   Operation 60 'load' 'FiltCoeff_0_load' <Predicate = true> <Delay = 0.67> <CoreInst = "RAM_1P_LUTRAM">   --->   Core 89 'RAM_1P_LUTRAM' <Latency = 1> <II = 1> <Delay = 0.67> <Storage> <Opcode : 'load' 'store'> <Ports = 1> <Width = 16> <Depth = 64> <RAM>
ST_2 : Operation 61 [1/1] (0.00ns)   --->   "%FiltCoeff_1_addr = getelementptr i16 %FiltCoeff_1, i64 0, i64 %idxprom8" [/home/user/Documents/kria-vitis-platforms/kv260/platforms/vivado/kv260_ispMipiRx_vcu_DP/project/kv260_ispMipiRx_vcu_DP.runs/bd_eab1_hsc_0_synth_1/prj/sol/.autopilot/db/v_hscaler.cpp:951]   --->   Operation 61 'getelementptr' 'FiltCoeff_1_addr' <Predicate = true> <Delay = 0.00>
ST_2 : Operation 62 [2/2] (0.67ns)   --->   "%FiltCoeff_1_load = load i6 %FiltCoeff_1_addr" [/home/user/Documents/kria-vitis-platforms/kv260/platforms/vivado/kv260_ispMipiRx_vcu_DP/project/kv260_ispMipiRx_vcu_DP.runs/bd_eab1_hsc_0_synth_1/prj/sol/.autopilot/db/v_hscaler.cpp:951]   --->   Operation 62 'load' 'FiltCoeff_1_load' <Predicate = true> <Delay = 0.67> <CoreInst = "RAM_1P_LUTRAM">   --->   Core 89 'RAM_1P_LUTRAM' <Latency = 1> <II = 1> <Delay = 0.67> <Storage> <Opcode : 'load' 'store'> <Ports = 1> <Width = 16> <Depth = 64> <RAM>
ST_2 : Operation 63 [1/1] (0.00ns)   --->   "%zext_ln186 = zext i8 %lhs"   --->   Operation 63 'zext' 'zext_ln186' <Predicate = true> <Delay = 0.00>
ST_2 : Operation 64 [1/1] (0.00ns)   --->   "%sext_ln1494 = sext i16 %FiltCoeff_0_load"   --->   Operation 64 'sext' 'sext_ln1494' <Predicate = true> <Delay = 0.00>
ST_2 : Operation 65 [3/3] (0.99ns) (grouped into DSP with root node sum_18)   --->   "%ret_V = mul i24 %zext_ln186, i24 %sext_ln1494"   --->   Operation 65 'mul' 'ret_V' <Predicate = true> <Delay = 0.99> <CoreInst = "DSP48">   --->   Core 127 'DSP48' <Latency = 3> <II = 1> <Delay = 0.53> <IPBlock> <Opcode : 'mul' 'add' 'sub' 'select'> <InPorts = 0> <OutPorts = 1> <Sync> <CReg>
ST_2 : Operation 66 [1/1] (0.00ns)   --->   "%zext_ln1494 = zext i8 %tmp_4"   --->   Operation 66 'zext' 'zext_ln1494' <Predicate = true> <Delay = 0.00>
ST_2 : Operation 67 [3/3] (0.99ns) (grouped into DSP with root node sum_23)   --->   "%ret_V_10 = mul i24 %zext_ln1494, i24 %sext_ln1494"   --->   Operation 67 'mul' 'ret_V_10' <Predicate = true> <Delay = 0.99> <CoreInst = "DSP48">   --->   Core 127 'DSP48' <Latency = 3> <II = 1> <Delay = 0.53> <IPBlock> <Opcode : 'mul' 'add' 'sub' 'select'> <InPorts = 0> <OutPorts = 1> <Sync> <CReg>
ST_2 : Operation 68 [1/1] (0.00ns)   --->   "%zext_ln1494_6 = zext i8 %tmp_1"   --->   Operation 68 'zext' 'zext_ln1494_6' <Predicate = true> <Delay = 0.00>
ST_2 : Operation 69 [3/3] (0.99ns) (grouped into DSP with root node sum_28)   --->   "%ret_V_16 = mul i24 %zext_ln1494_6, i24 %sext_ln1494"   --->   Operation 69 'mul' 'ret_V_16' <Predicate = true> <Delay = 0.99> <CoreInst = "DSP48">   --->   Core 127 'DSP48' <Latency = 3> <II = 1> <Delay = 0.53> <IPBlock> <Opcode : 'mul' 'add' 'sub' 'select'> <InPorts = 0> <OutPorts = 1> <Sync> <CReg>

State 3 <SV = 2> <Delay = 1.67>
ST_3 : Operation 70 [1/2] (0.67ns)   --->   "%FiltCoeff_1_load = load i6 %FiltCoeff_1_addr" [/home/user/Documents/kria-vitis-platforms/kv260/platforms/vivado/kv260_ispMipiRx_vcu_DP/project/kv260_ispMipiRx_vcu_DP.runs/bd_eab1_hsc_0_synth_1/prj/sol/.autopilot/db/v_hscaler.cpp:951]   --->   Operation 70 'load' 'FiltCoeff_1_load' <Predicate = true> <Delay = 0.67> <CoreInst = "RAM_1P_LUTRAM">   --->   Core 89 'RAM_1P_LUTRAM' <Latency = 1> <II = 1> <Delay = 0.67> <Storage> <Opcode : 'load' 'store'> <Ports = 1> <Width = 16> <Depth = 64> <RAM>
ST_3 : Operation 71 [1/1] (0.00ns)   --->   "%FiltCoeff_2_addr = getelementptr i16 %FiltCoeff_2, i64 0, i64 %idxprom8" [/home/user/Documents/kria-vitis-platforms/kv260/platforms/vivado/kv260_ispMipiRx_vcu_DP/project/kv260_ispMipiRx_vcu_DP.runs/bd_eab1_hsc_0_synth_1/prj/sol/.autopilot/db/v_hscaler.cpp:951]   --->   Operation 71 'getelementptr' 'FiltCoeff_2_addr' <Predicate = true> <Delay = 0.00>
ST_3 : Operation 72 [2/2] (0.67ns)   --->   "%FiltCoeff_2_load = load i6 %FiltCoeff_2_addr" [/home/user/Documents/kria-vitis-platforms/kv260/platforms/vivado/kv260_ispMipiRx_vcu_DP/project/kv260_ispMipiRx_vcu_DP.runs/bd_eab1_hsc_0_synth_1/prj/sol/.autopilot/db/v_hscaler.cpp:951]   --->   Operation 72 'load' 'FiltCoeff_2_load' <Predicate = true> <Delay = 0.67> <CoreInst = "RAM_1P_LUTRAM">   --->   Core 89 'RAM_1P_LUTRAM' <Latency = 1> <II = 1> <Delay = 0.67> <Storage> <Opcode : 'load' 'store'> <Ports = 1> <Width = 16> <Depth = 64> <RAM>
ST_3 : Operation 73 [2/3] (0.99ns) (grouped into DSP with root node sum_18)   --->   "%ret_V = mul i24 %zext_ln186, i24 %sext_ln1494"   --->   Operation 73 'mul' 'ret_V' <Predicate = true> <Delay = 0.99> <CoreInst = "DSP48">   --->   Core 127 'DSP48' <Latency = 3> <II = 1> <Delay = 0.53> <IPBlock> <Opcode : 'mul' 'add' 'sub' 'select'> <InPorts = 0> <OutPorts = 1> <Sync> <CReg>
ST_3 : Operation 74 [1/1] (0.00ns)   --->   "%zext_ln186_4 = zext i8 %lhs_2"   --->   Operation 74 'zext' 'zext_ln186_4' <Predicate = true> <Delay = 0.00>
ST_3 : Operation 75 [1/1] (0.00ns)   --->   "%sext_ln1494_1 = sext i16 %FiltCoeff_1_load"   --->   Operation 75 'sext' 'sext_ln1494_1' <Predicate = true> <Delay = 0.00>
ST_3 : Operation 76 [3/3] (0.99ns) (grouped into DSP with root node sum_19)   --->   "%ret_V_5 = mul i24 %zext_ln186_4, i24 %sext_ln1494_1"   --->   Operation 76 'mul' 'ret_V_5' <Predicate = true> <Delay = 0.99> <CoreInst = "DSP48">   --->   Core 127 'DSP48' <Latency = 3> <II = 1> <Delay = 0.53> <IPBlock> <Opcode : 'mul' 'add' 'sub' 'select'> <InPorts = 0> <OutPorts = 1> <Sync> <CReg>
ST_3 : Operation 77 [2/3] (0.99ns) (grouped into DSP with root node sum_23)   --->   "%ret_V_10 = mul i24 %zext_ln1494, i24 %sext_ln1494"   --->   Operation 77 'mul' 'ret_V_10' <Predicate = true> <Delay = 0.99> <CoreInst = "DSP48">   --->   Core 127 'DSP48' <Latency = 3> <II = 1> <Delay = 0.53> <IPBlock> <Opcode : 'mul' 'add' 'sub' 'select'> <InPorts = 0> <OutPorts = 1> <Sync> <CReg>
ST_3 : Operation 78 [1/1] (0.00ns)   --->   "%zext_ln1494_1 = zext i8 %tmp_5"   --->   Operation 78 'zext' 'zext_ln1494_1' <Predicate = true> <Delay = 0.00>
ST_3 : Operation 79 [3/3] (0.99ns) (grouped into DSP with root node sum_24)   --->   "%ret_V_11 = mul i24 %zext_ln1494_1, i24 %sext_ln1494_1"   --->   Operation 79 'mul' 'ret_V_11' <Predicate = true> <Delay = 0.99> <CoreInst = "DSP48">   --->   Core 127 'DSP48' <Latency = 3> <II = 1> <Delay = 0.53> <IPBlock> <Opcode : 'mul' 'add' 'sub' 'select'> <InPorts = 0> <OutPorts = 1> <Sync> <CReg>
ST_3 : Operation 80 [2/3] (0.99ns) (grouped into DSP with root node sum_28)   --->   "%ret_V_16 = mul i24 %zext_ln1494_6, i24 %sext_ln1494"   --->   Operation 80 'mul' 'ret_V_16' <Predicate = true> <Delay = 0.99> <CoreInst = "DSP48">   --->   Core 127 'DSP48' <Latency = 3> <II = 1> <Delay = 0.53> <IPBlock> <Opcode : 'mul' 'add' 'sub' 'select'> <InPorts = 0> <OutPorts = 1> <Sync> <CReg>
ST_3 : Operation 81 [1/1] (0.00ns)   --->   "%zext_ln1494_7 = zext i8 %tmp_2"   --->   Operation 81 'zext' 'zext_ln1494_7' <Predicate = true> <Delay = 0.00>
ST_3 : Operation 82 [3/3] (0.99ns) (grouped into DSP with root node sum_29)   --->   "%ret_V_17 = mul i24 %zext_ln1494_7, i24 %sext_ln1494_1"   --->   Operation 82 'mul' 'ret_V_17' <Predicate = true> <Delay = 0.99> <CoreInst = "DSP48">   --->   Core 127 'DSP48' <Latency = 3> <II = 1> <Delay = 0.53> <IPBlock> <Opcode : 'mul' 'add' 'sub' 'select'> <InPorts = 0> <OutPorts = 1> <Sync> <CReg>

State 4 <SV = 3> <Delay = 1.67>
ST_4 : Operation 83 [1/2] (0.67ns)   --->   "%FiltCoeff_2_load = load i6 %FiltCoeff_2_addr" [/home/user/Documents/kria-vitis-platforms/kv260/platforms/vivado/kv260_ispMipiRx_vcu_DP/project/kv260_ispMipiRx_vcu_DP.runs/bd_eab1_hsc_0_synth_1/prj/sol/.autopilot/db/v_hscaler.cpp:951]   --->   Operation 83 'load' 'FiltCoeff_2_load' <Predicate = true> <Delay = 0.67> <CoreInst = "RAM_1P_LUTRAM">   --->   Core 89 'RAM_1P_LUTRAM' <Latency = 1> <II = 1> <Delay = 0.67> <Storage> <Opcode : 'load' 'store'> <Ports = 1> <Width = 16> <Depth = 64> <RAM>
ST_4 : Operation 84 [1/1] (0.00ns)   --->   "%FiltCoeff_3_addr = getelementptr i16 %FiltCoeff_3, i64 0, i64 %idxprom8" [/home/user/Documents/kria-vitis-platforms/kv260/platforms/vivado/kv260_ispMipiRx_vcu_DP/project/kv260_ispMipiRx_vcu_DP.runs/bd_eab1_hsc_0_synth_1/prj/sol/.autopilot/db/v_hscaler.cpp:951]   --->   Operation 84 'getelementptr' 'FiltCoeff_3_addr' <Predicate = true> <Delay = 0.00>
ST_4 : Operation 85 [2/2] (0.67ns)   --->   "%FiltCoeff_3_load = load i6 %FiltCoeff_3_addr" [/home/user/Documents/kria-vitis-platforms/kv260/platforms/vivado/kv260_ispMipiRx_vcu_DP/project/kv260_ispMipiRx_vcu_DP.runs/bd_eab1_hsc_0_synth_1/prj/sol/.autopilot/db/v_hscaler.cpp:951]   --->   Operation 85 'load' 'FiltCoeff_3_load' <Predicate = true> <Delay = 0.67> <CoreInst = "RAM_1P_LUTRAM">   --->   Core 89 'RAM_1P_LUTRAM' <Latency = 1> <II = 1> <Delay = 0.67> <Storage> <Opcode : 'load' 'store'> <Ports = 1> <Width = 16> <Depth = 64> <RAM>
ST_4 : Operation 86 [1/3] (0.00ns) (grouped into DSP with root node sum_18)   --->   "%ret_V = mul i24 %zext_ln186, i24 %sext_ln1494"   --->   Operation 86 'mul' 'ret_V' <Predicate = true> <Delay = 0.00> <CoreInst = "DSP48">   --->   Core 127 'DSP48' <Latency = 3> <II = 1> <Delay = 0.53> <IPBlock> <Opcode : 'mul' 'add' 'sub' 'select'> <InPorts = 0> <OutPorts = 1> <Sync> <CReg>
ST_4 : Operation 87 [2/3] (0.99ns) (grouped into DSP with root node sum_19)   --->   "%ret_V_5 = mul i24 %zext_ln186_4, i24 %sext_ln1494_1"   --->   Operation 87 'mul' 'ret_V_5' <Predicate = true> <Delay = 0.99> <CoreInst = "DSP48">   --->   Core 127 'DSP48' <Latency = 3> <II = 1> <Delay = 0.53> <IPBlock> <Opcode : 'mul' 'add' 'sub' 'select'> <InPorts = 0> <OutPorts = 1> <Sync> <CReg>
ST_4 : Operation 88 [1/1] (0.00ns)   --->   "%zext_ln186_5 = zext i8 %lhs_3"   --->   Operation 88 'zext' 'zext_ln186_5' <Predicate = true> <Delay = 0.00>
ST_4 : Operation 89 [1/1] (0.00ns)   --->   "%sext_ln1494_2 = sext i16 %FiltCoeff_2_load"   --->   Operation 89 'sext' 'sext_ln1494_2' <Predicate = true> <Delay = 0.00>
ST_4 : Operation 90 [3/3] (0.99ns) (grouped into DSP with root node sum_20)   --->   "%ret_V_6 = mul i24 %zext_ln186_5, i24 %sext_ln1494_2"   --->   Operation 90 'mul' 'ret_V_6' <Predicate = true> <Delay = 0.99> <CoreInst = "DSP48">   --->   Core 127 'DSP48' <Latency = 3> <II = 1> <Delay = 0.53> <IPBlock> <Opcode : 'mul' 'add' 'sub' 'select'> <InPorts = 0> <OutPorts = 1> <Sync> <CReg>
ST_4 : Operation 91 [2/2] (0.64ns) (root node of the DSP)   --->   "%sum_18 = add i24 %ret_V, i24 2048" [/home/user/Documents/kria-vitis-platforms/kv260/platforms/vivado/kv260_ispMipiRx_vcu_DP/project/kv260_ispMipiRx_vcu_DP.runs/bd_eab1_hsc_0_synth_1/prj/sol/.autopilot/db/v_hscaler.cpp:965]   --->   Operation 91 'add' 'sum_18' <Predicate = true> <Delay = 0.64> <CoreInst = "DSP48">   --->   Core 127 'DSP48' <Latency = 3> <II = 1> <Delay = 0.53> <IPBlock> <Opcode : 'mul' 'add' 'sub' 'select'> <InPorts = 0> <OutPorts = 1> <Sync> <CReg>
ST_4 : Operation 92 [1/3] (0.00ns) (grouped into DSP with root node sum_23)   --->   "%ret_V_10 = mul i24 %zext_ln1494, i24 %sext_ln1494"   --->   Operation 92 'mul' 'ret_V_10' <Predicate = true> <Delay = 0.00> <CoreInst = "DSP48">   --->   Core 127 'DSP48' <Latency = 3> <II = 1> <Delay = 0.53> <IPBlock> <Opcode : 'mul' 'add' 'sub' 'select'> <InPorts = 0> <OutPorts = 1> <Sync> <CReg>
ST_4 : Operation 93 [2/3] (0.99ns) (grouped into DSP with root node sum_24)   --->   "%ret_V_11 = mul i24 %zext_ln1494_1, i24 %sext_ln1494_1"   --->   Operation 93 'mul' 'ret_V_11' <Predicate = true> <Delay = 0.99> <CoreInst = "DSP48">   --->   Core 127 'DSP48' <Latency = 3> <II = 1> <Delay = 0.53> <IPBlock> <Opcode : 'mul' 'add' 'sub' 'select'> <InPorts = 0> <OutPorts = 1> <Sync> <CReg>
ST_4 : Operation 94 [1/1] (0.00ns)   --->   "%zext_ln1494_2 = zext i8 %tmp_6"   --->   Operation 94 'zext' 'zext_ln1494_2' <Predicate = true> <Delay = 0.00>
ST_4 : Operation 95 [3/3] (0.99ns) (grouped into DSP with root node sum_25)   --->   "%ret_V_12 = mul i24 %zext_ln1494_2, i24 %sext_ln1494_2"   --->   Operation 95 'mul' 'ret_V_12' <Predicate = true> <Delay = 0.99> <CoreInst = "DSP48">   --->   Core 127 'DSP48' <Latency = 3> <II = 1> <Delay = 0.53> <IPBlock> <Opcode : 'mul' 'add' 'sub' 'select'> <InPorts = 0> <OutPorts = 1> <Sync> <CReg>
ST_4 : Operation 96 [2/2] (0.64ns) (root node of the DSP)   --->   "%sum_23 = add i24 %ret_V_10, i24 2048" [/home/user/Documents/kria-vitis-platforms/kv260/platforms/vivado/kv260_ispMipiRx_vcu_DP/project/kv260_ispMipiRx_vcu_DP.runs/bd_eab1_hsc_0_synth_1/prj/sol/.autopilot/db/v_hscaler.cpp:965]   --->   Operation 96 'add' 'sum_23' <Predicate = true> <Delay = 0.64> <CoreInst = "DSP48">   --->   Core 127 'DSP48' <Latency = 3> <II = 1> <Delay = 0.53> <IPBlock> <Opcode : 'mul' 'add' 'sub' 'select'> <InPorts = 0> <OutPorts = 1> <Sync> <CReg>
ST_4 : Operation 97 [1/3] (0.00ns) (grouped into DSP with root node sum_28)   --->   "%ret_V_16 = mul i24 %zext_ln1494_6, i24 %sext_ln1494"   --->   Operation 97 'mul' 'ret_V_16' <Predicate = true> <Delay = 0.00> <CoreInst = "DSP48">   --->   Core 127 'DSP48' <Latency = 3> <II = 1> <Delay = 0.53> <IPBlock> <Opcode : 'mul' 'add' 'sub' 'select'> <InPorts = 0> <OutPorts = 1> <Sync> <CReg>
ST_4 : Operation 98 [2/3] (0.99ns) (grouped into DSP with root node sum_29)   --->   "%ret_V_17 = mul i24 %zext_ln1494_7, i24 %sext_ln1494_1"   --->   Operation 98 'mul' 'ret_V_17' <Predicate = true> <Delay = 0.99> <CoreInst = "DSP48">   --->   Core 127 'DSP48' <Latency = 3> <II = 1> <Delay = 0.53> <IPBlock> <Opcode : 'mul' 'add' 'sub' 'select'> <InPorts = 0> <OutPorts = 1> <Sync> <CReg>
ST_4 : Operation 99 [1/1] (0.00ns)   --->   "%zext_ln1494_8 = zext i8 %tmp_3"   --->   Operation 99 'zext' 'zext_ln1494_8' <Predicate = true> <Delay = 0.00>
ST_4 : Operation 100 [3/3] (0.99ns) (grouped into DSP with root node sum_30)   --->   "%ret_V_18 = mul i24 %zext_ln1494_8, i24 %sext_ln1494_2"   --->   Operation 100 'mul' 'ret_V_18' <Predicate = true> <Delay = 0.99> <CoreInst = "DSP48">   --->   Core 127 'DSP48' <Latency = 3> <II = 1> <Delay = 0.53> <IPBlock> <Opcode : 'mul' 'add' 'sub' 'select'> <InPorts = 0> <OutPorts = 1> <Sync> <CReg>
ST_4 : Operation 101 [2/2] (0.64ns) (root node of the DSP)   --->   "%sum_28 = add i24 %ret_V_16, i24 2048" [/home/user/Documents/kria-vitis-platforms/kv260/platforms/vivado/kv260_ispMipiRx_vcu_DP/project/kv260_ispMipiRx_vcu_DP.runs/bd_eab1_hsc_0_synth_1/prj/sol/.autopilot/db/v_hscaler.cpp:965]   --->   Operation 101 'add' 'sum_28' <Predicate = true> <Delay = 0.64> <CoreInst = "DSP48">   --->   Core 127 'DSP48' <Latency = 3> <II = 1> <Delay = 0.53> <IPBlock> <Opcode : 'mul' 'add' 'sub' 'select'> <InPorts = 0> <OutPorts = 1> <Sync> <CReg>

State 5 <SV = 4> <Delay = 1.67>
ST_5 : Operation 102 [1/2] (0.67ns)   --->   "%FiltCoeff_3_load = load i6 %FiltCoeff_3_addr" [/home/user/Documents/kria-vitis-platforms/kv260/platforms/vivado/kv260_ispMipiRx_vcu_DP/project/kv260_ispMipiRx_vcu_DP.runs/bd_eab1_hsc_0_synth_1/prj/sol/.autopilot/db/v_hscaler.cpp:951]   --->   Operation 102 'load' 'FiltCoeff_3_load' <Predicate = true> <Delay = 0.67> <CoreInst = "RAM_1P_LUTRAM">   --->   Core 89 'RAM_1P_LUTRAM' <Latency = 1> <II = 1> <Delay = 0.67> <Storage> <Opcode : 'load' 'store'> <Ports = 1> <Width = 16> <Depth = 64> <RAM>
ST_5 : Operation 103 [1/1] (0.00ns)   --->   "%FiltCoeff_4_addr = getelementptr i16 %FiltCoeff_4, i64 0, i64 %idxprom8" [/home/user/Documents/kria-vitis-platforms/kv260/platforms/vivado/kv260_ispMipiRx_vcu_DP/project/kv260_ispMipiRx_vcu_DP.runs/bd_eab1_hsc_0_synth_1/prj/sol/.autopilot/db/v_hscaler.cpp:951]   --->   Operation 103 'getelementptr' 'FiltCoeff_4_addr' <Predicate = true> <Delay = 0.00>
ST_5 : Operation 104 [2/2] (0.67ns)   --->   "%FiltCoeff_4_load = load i6 %FiltCoeff_4_addr" [/home/user/Documents/kria-vitis-platforms/kv260/platforms/vivado/kv260_ispMipiRx_vcu_DP/project/kv260_ispMipiRx_vcu_DP.runs/bd_eab1_hsc_0_synth_1/prj/sol/.autopilot/db/v_hscaler.cpp:951]   --->   Operation 104 'load' 'FiltCoeff_4_load' <Predicate = true> <Delay = 0.67> <CoreInst = "RAM_1P_LUTRAM">   --->   Core 89 'RAM_1P_LUTRAM' <Latency = 1> <II = 1> <Delay = 0.67> <Storage> <Opcode : 'load' 'store'> <Ports = 1> <Width = 16> <Depth = 64> <RAM>
ST_5 : Operation 105 [1/3] (0.00ns) (grouped into DSP with root node sum_19)   --->   "%ret_V_5 = mul i24 %zext_ln186_4, i24 %sext_ln1494_1"   --->   Operation 105 'mul' 'ret_V_5' <Predicate = true> <Delay = 0.00> <CoreInst = "DSP48">   --->   Core 127 'DSP48' <Latency = 3> <II = 1> <Delay = 0.53> <IPBlock> <Opcode : 'mul' 'add' 'sub' 'select'> <InPorts = 0> <OutPorts = 1> <Sync> <CReg>
ST_5 : Operation 106 [1/1] (0.00ns) (grouped into DSP with root node sum_19)   --->   "%sext_ln956 = sext i24 %ret_V_5" [/home/user/Documents/kria-vitis-platforms/kv260/platforms/vivado/kv260_ispMipiRx_vcu_DP/project/kv260_ispMipiRx_vcu_DP.runs/bd_eab1_hsc_0_synth_1/prj/sol/.autopilot/db/v_hscaler.cpp:956]   --->   Operation 106 'sext' 'sext_ln956' <Predicate = true> <Delay = 0.00>
ST_5 : Operation 107 [2/3] (0.99ns) (grouped into DSP with root node sum_20)   --->   "%ret_V_6 = mul i24 %zext_ln186_5, i24 %sext_ln1494_2"   --->   Operation 107 'mul' 'ret_V_6' <Predicate = true> <Delay = 0.99> <CoreInst = "DSP48">   --->   Core 127 'DSP48' <Latency = 3> <II = 1> <Delay = 0.53> <IPBlock> <Opcode : 'mul' 'add' 'sub' 'select'> <InPorts = 0> <OutPorts = 1> <Sync> <CReg>
ST_5 : Operation 108 [1/1] (0.00ns)   --->   "%zext_ln186_6 = zext i8 %lhs_4"   --->   Operation 108 'zext' 'zext_ln186_6' <Predicate = true> <Delay = 0.00>
ST_5 : Operation 109 [1/1] (0.00ns)   --->   "%sext_ln1494_3 = sext i16 %FiltCoeff_3_load"   --->   Operation 109 'sext' 'sext_ln1494_3' <Predicate = true> <Delay = 0.00>
ST_5 : Operation 110 [3/3] (0.99ns) (grouped into DSP with root node sum_21)   --->   "%ret_V_7 = mul i24 %zext_ln186_6, i24 %sext_ln1494_3"   --->   Operation 110 'mul' 'ret_V_7' <Predicate = true> <Delay = 0.99> <CoreInst = "DSP48">   --->   Core 127 'DSP48' <Latency = 3> <II = 1> <Delay = 0.53> <IPBlock> <Opcode : 'mul' 'add' 'sub' 'select'> <InPorts = 0> <OutPorts = 1> <Sync> <CReg>
ST_5 : Operation 111 [1/2] (0.64ns) (root node of the DSP)   --->   "%sum_18 = add i24 %ret_V, i24 2048" [/home/user/Documents/kria-vitis-platforms/kv260/platforms/vivado/kv260_ispMipiRx_vcu_DP/project/kv260_ispMipiRx_vcu_DP.runs/bd_eab1_hsc_0_synth_1/prj/sol/.autopilot/db/v_hscaler.cpp:965]   --->   Operation 111 'add' 'sum_18' <Predicate = true> <Delay = 0.64> <CoreInst = "DSP48">   --->   Core 127 'DSP48' <Latency = 3> <II = 1> <Delay = 0.53> <IPBlock> <Opcode : 'mul' 'add' 'sub' 'select'> <InPorts = 0> <OutPorts = 1> <Sync> <CReg>
ST_5 : Operation 112 [1/1] (0.00ns)   --->   "%sext_ln965_1 = sext i24 %sum_18" [/home/user/Documents/kria-vitis-platforms/kv260/platforms/vivado/kv260_ispMipiRx_vcu_DP/project/kv260_ispMipiRx_vcu_DP.runs/bd_eab1_hsc_0_synth_1/prj/sol/.autopilot/db/v_hscaler.cpp:965]   --->   Operation 112 'sext' 'sext_ln965_1' <Predicate = true> <Delay = 0.00>
ST_5 : Operation 113 [2/2] (0.64ns) (root node of the DSP)   --->   "%sum_19 = add i25 %sext_ln965_1, i25 %sext_ln956" [/home/user/Documents/kria-vitis-platforms/kv260/platforms/vivado/kv260_ispMipiRx_vcu_DP/project/kv260_ispMipiRx_vcu_DP.runs/bd_eab1_hsc_0_synth_1/prj/sol/.autopilot/db/v_hscaler.cpp:965]   --->   Operation 113 'add' 'sum_19' <Predicate = true> <Delay = 0.64> <CoreInst = "DSP48">   --->   Core 127 'DSP48' <Latency = 3> <II = 1> <Delay = 0.53> <IPBlock> <Opcode : 'mul' 'add' 'sub' 'select'> <InPorts = 0> <OutPorts = 1> <Sync> <CReg>
ST_5 : Operation 114 [1/3] (0.00ns) (grouped into DSP with root node sum_24)   --->   "%ret_V_11 = mul i24 %zext_ln1494_1, i24 %sext_ln1494_1"   --->   Operation 114 'mul' 'ret_V_11' <Predicate = true> <Delay = 0.00> <CoreInst = "DSP48">   --->   Core 127 'DSP48' <Latency = 3> <II = 1> <Delay = 0.53> <IPBlock> <Opcode : 'mul' 'add' 'sub' 'select'> <InPorts = 0> <OutPorts = 1> <Sync> <CReg>
ST_5 : Operation 115 [1/1] (0.00ns) (grouped into DSP with root node sum_24)   --->   "%sext_ln956_4 = sext i24 %ret_V_11" [/home/user/Documents/kria-vitis-platforms/kv260/platforms/vivado/kv260_ispMipiRx_vcu_DP/project/kv260_ispMipiRx_vcu_DP.runs/bd_eab1_hsc_0_synth_1/prj/sol/.autopilot/db/v_hscaler.cpp:956]   --->   Operation 115 'sext' 'sext_ln956_4' <Predicate = true> <Delay = 0.00>
ST_5 : Operation 116 [2/3] (0.99ns) (grouped into DSP with root node sum_25)   --->   "%ret_V_12 = mul i24 %zext_ln1494_2, i24 %sext_ln1494_2"   --->   Operation 116 'mul' 'ret_V_12' <Predicate = true> <Delay = 0.99> <CoreInst = "DSP48">   --->   Core 127 'DSP48' <Latency = 3> <II = 1> <Delay = 0.53> <IPBlock> <Opcode : 'mul' 'add' 'sub' 'select'> <InPorts = 0> <OutPorts = 1> <Sync> <CReg>
ST_5 : Operation 117 [1/1] (0.00ns)   --->   "%zext_ln1494_3 = zext i8 %tmp_7"   --->   Operation 117 'zext' 'zext_ln1494_3' <Predicate = true> <Delay = 0.00>
ST_5 : Operation 118 [3/3] (0.99ns) (grouped into DSP with root node sum_26)   --->   "%ret_V_13 = mul i24 %zext_ln1494_3, i24 %sext_ln1494_3"   --->   Operation 118 'mul' 'ret_V_13' <Predicate = true> <Delay = 0.99> <CoreInst = "DSP48">   --->   Core 127 'DSP48' <Latency = 3> <II = 1> <Delay = 0.53> <IPBlock> <Opcode : 'mul' 'add' 'sub' 'select'> <InPorts = 0> <OutPorts = 1> <Sync> <CReg>
ST_5 : Operation 119 [1/2] (0.64ns) (root node of the DSP)   --->   "%sum_23 = add i24 %ret_V_10, i24 2048" [/home/user/Documents/kria-vitis-platforms/kv260/platforms/vivado/kv260_ispMipiRx_vcu_DP/project/kv260_ispMipiRx_vcu_DP.runs/bd_eab1_hsc_0_synth_1/prj/sol/.autopilot/db/v_hscaler.cpp:965]   --->   Operation 119 'add' 'sum_23' <Predicate = true> <Delay = 0.64> <CoreInst = "DSP48">   --->   Core 127 'DSP48' <Latency = 3> <II = 1> <Delay = 0.53> <IPBlock> <Opcode : 'mul' 'add' 'sub' 'select'> <InPorts = 0> <OutPorts = 1> <Sync> <CReg>
ST_5 : Operation 120 [1/1] (0.00ns)   --->   "%sext_ln965_5 = sext i24 %sum_23" [/home/user/Documents/kria-vitis-platforms/kv260/platforms/vivado/kv260_ispMipiRx_vcu_DP/project/kv260_ispMipiRx_vcu_DP.runs/bd_eab1_hsc_0_synth_1/prj/sol/.autopilot/db/v_hscaler.cpp:965]   --->   Operation 120 'sext' 'sext_ln965_5' <Predicate = true> <Delay = 0.00>
ST_5 : Operation 121 [2/2] (0.64ns) (root node of the DSP)   --->   "%sum_24 = add i25 %sext_ln965_5, i25 %sext_ln956_4" [/home/user/Documents/kria-vitis-platforms/kv260/platforms/vivado/kv260_ispMipiRx_vcu_DP/project/kv260_ispMipiRx_vcu_DP.runs/bd_eab1_hsc_0_synth_1/prj/sol/.autopilot/db/v_hscaler.cpp:965]   --->   Operation 121 'add' 'sum_24' <Predicate = true> <Delay = 0.64> <CoreInst = "DSP48">   --->   Core 127 'DSP48' <Latency = 3> <II = 1> <Delay = 0.53> <IPBlock> <Opcode : 'mul' 'add' 'sub' 'select'> <InPorts = 0> <OutPorts = 1> <Sync> <CReg>
ST_5 : Operation 122 [1/3] (0.00ns) (grouped into DSP with root node sum_29)   --->   "%ret_V_17 = mul i24 %zext_ln1494_7, i24 %sext_ln1494_1"   --->   Operation 122 'mul' 'ret_V_17' <Predicate = true> <Delay = 0.00> <CoreInst = "DSP48">   --->   Core 127 'DSP48' <Latency = 3> <II = 1> <Delay = 0.53> <IPBlock> <Opcode : 'mul' 'add' 'sub' 'select'> <InPorts = 0> <OutPorts = 1> <Sync> <CReg>
ST_5 : Operation 123 [1/1] (0.00ns) (grouped into DSP with root node sum_29)   --->   "%sext_ln956_8 = sext i24 %ret_V_17" [/home/user/Documents/kria-vitis-platforms/kv260/platforms/vivado/kv260_ispMipiRx_vcu_DP/project/kv260_ispMipiRx_vcu_DP.runs/bd_eab1_hsc_0_synth_1/prj/sol/.autopilot/db/v_hscaler.cpp:956]   --->   Operation 123 'sext' 'sext_ln956_8' <Predicate = true> <Delay = 0.00>
ST_5 : Operation 124 [2/3] (0.99ns) (grouped into DSP with root node sum_30)   --->   "%ret_V_18 = mul i24 %zext_ln1494_8, i24 %sext_ln1494_2"   --->   Operation 124 'mul' 'ret_V_18' <Predicate = true> <Delay = 0.99> <CoreInst = "DSP48">   --->   Core 127 'DSP48' <Latency = 3> <II = 1> <Delay = 0.53> <IPBlock> <Opcode : 'mul' 'add' 'sub' 'select'> <InPorts = 0> <OutPorts = 1> <Sync> <CReg>
ST_5 : Operation 125 [1/1] (0.00ns)   --->   "%zext_ln1494_9 = zext i8 %tmp_9"   --->   Operation 125 'zext' 'zext_ln1494_9' <Predicate = true> <Delay = 0.00>
ST_5 : Operation 126 [3/3] (0.99ns) (grouped into DSP with root node sum_31)   --->   "%ret_V_19 = mul i24 %zext_ln1494_9, i24 %sext_ln1494_3"   --->   Operation 126 'mul' 'ret_V_19' <Predicate = true> <Delay = 0.99> <CoreInst = "DSP48">   --->   Core 127 'DSP48' <Latency = 3> <II = 1> <Delay = 0.53> <IPBlock> <Opcode : 'mul' 'add' 'sub' 'select'> <InPorts = 0> <OutPorts = 1> <Sync> <CReg>
ST_5 : Operation 127 [1/2] (0.64ns) (root node of the DSP)   --->   "%sum_28 = add i24 %ret_V_16, i24 2048" [/home/user/Documents/kria-vitis-platforms/kv260/platforms/vivado/kv260_ispMipiRx_vcu_DP/project/kv260_ispMipiRx_vcu_DP.runs/bd_eab1_hsc_0_synth_1/prj/sol/.autopilot/db/v_hscaler.cpp:965]   --->   Operation 127 'add' 'sum_28' <Predicate = true> <Delay = 0.64> <CoreInst = "DSP48">   --->   Core 127 'DSP48' <Latency = 3> <II = 1> <Delay = 0.53> <IPBlock> <Opcode : 'mul' 'add' 'sub' 'select'> <InPorts = 0> <OutPorts = 1> <Sync> <CReg>
ST_5 : Operation 128 [1/1] (0.00ns)   --->   "%sext_ln965_9 = sext i24 %sum_28" [/home/user/Documents/kria-vitis-platforms/kv260/platforms/vivado/kv260_ispMipiRx_vcu_DP/project/kv260_ispMipiRx_vcu_DP.runs/bd_eab1_hsc_0_synth_1/prj/sol/.autopilot/db/v_hscaler.cpp:965]   --->   Operation 128 'sext' 'sext_ln965_9' <Predicate = true> <Delay = 0.00>
ST_5 : Operation 129 [2/2] (0.64ns) (root node of the DSP)   --->   "%sum_29 = add i25 %sext_ln965_9, i25 %sext_ln956_8" [/home/user/Documents/kria-vitis-platforms/kv260/platforms/vivado/kv260_ispMipiRx_vcu_DP/project/kv260_ispMipiRx_vcu_DP.runs/bd_eab1_hsc_0_synth_1/prj/sol/.autopilot/db/v_hscaler.cpp:965]   --->   Operation 129 'add' 'sum_29' <Predicate = true> <Delay = 0.64> <CoreInst = "DSP48">   --->   Core 127 'DSP48' <Latency = 3> <II = 1> <Delay = 0.53> <IPBlock> <Opcode : 'mul' 'add' 'sub' 'select'> <InPorts = 0> <OutPorts = 1> <Sync> <CReg>

State 6 <SV = 5> <Delay = 1.67>
ST_6 : Operation 130 [1/2] (0.67ns)   --->   "%FiltCoeff_4_load = load i6 %FiltCoeff_4_addr" [/home/user/Documents/kria-vitis-platforms/kv260/platforms/vivado/kv260_ispMipiRx_vcu_DP/project/kv260_ispMipiRx_vcu_DP.runs/bd_eab1_hsc_0_synth_1/prj/sol/.autopilot/db/v_hscaler.cpp:951]   --->   Operation 130 'load' 'FiltCoeff_4_load' <Predicate = true> <Delay = 0.67> <CoreInst = "RAM_1P_LUTRAM">   --->   Core 89 'RAM_1P_LUTRAM' <Latency = 1> <II = 1> <Delay = 0.67> <Storage> <Opcode : 'load' 'store'> <Ports = 1> <Width = 16> <Depth = 64> <RAM>
ST_6 : Operation 131 [1/1] (0.00ns)   --->   "%FiltCoeff_5_addr = getelementptr i16 %FiltCoeff_5, i64 0, i64 %idxprom8" [/home/user/Documents/kria-vitis-platforms/kv260/platforms/vivado/kv260_ispMipiRx_vcu_DP/project/kv260_ispMipiRx_vcu_DP.runs/bd_eab1_hsc_0_synth_1/prj/sol/.autopilot/db/v_hscaler.cpp:951]   --->   Operation 131 'getelementptr' 'FiltCoeff_5_addr' <Predicate = true> <Delay = 0.00>
ST_6 : Operation 132 [2/2] (0.67ns)   --->   "%FiltCoeff_5_load = load i6 %FiltCoeff_5_addr" [/home/user/Documents/kria-vitis-platforms/kv260/platforms/vivado/kv260_ispMipiRx_vcu_DP/project/kv260_ispMipiRx_vcu_DP.runs/bd_eab1_hsc_0_synth_1/prj/sol/.autopilot/db/v_hscaler.cpp:951]   --->   Operation 132 'load' 'FiltCoeff_5_load' <Predicate = true> <Delay = 0.67> <CoreInst = "RAM_1P_LUTRAM">   --->   Core 89 'RAM_1P_LUTRAM' <Latency = 1> <II = 1> <Delay = 0.67> <Storage> <Opcode : 'load' 'store'> <Ports = 1> <Width = 16> <Depth = 64> <RAM>
ST_6 : Operation 133 [1/3] (0.00ns) (grouped into DSP with root node sum_20)   --->   "%ret_V_6 = mul i24 %zext_ln186_5, i24 %sext_ln1494_2"   --->   Operation 133 'mul' 'ret_V_6' <Predicate = true> <Delay = 0.00> <CoreInst = "DSP48">   --->   Core 127 'DSP48' <Latency = 3> <II = 1> <Delay = 0.53> <IPBlock> <Opcode : 'mul' 'add' 'sub' 'select'> <InPorts = 0> <OutPorts = 1> <Sync> <CReg>
ST_6 : Operation 134 [1/1] (0.00ns) (grouped into DSP with root node sum_20)   --->   "%sext_ln956_1 = sext i24 %ret_V_6" [/home/user/Documents/kria-vitis-platforms/kv260/platforms/vivado/kv260_ispMipiRx_vcu_DP/project/kv260_ispMipiRx_vcu_DP.runs/bd_eab1_hsc_0_synth_1/prj/sol/.autopilot/db/v_hscaler.cpp:956]   --->   Operation 134 'sext' 'sext_ln956_1' <Predicate = true> <Delay = 0.00>
ST_6 : Operation 135 [2/3] (0.99ns) (grouped into DSP with root node sum_21)   --->   "%ret_V_7 = mul i24 %zext_ln186_6, i24 %sext_ln1494_3"   --->   Operation 135 'mul' 'ret_V_7' <Predicate = true> <Delay = 0.99> <CoreInst = "DSP48">   --->   Core 127 'DSP48' <Latency = 3> <II = 1> <Delay = 0.53> <IPBlock> <Opcode : 'mul' 'add' 'sub' 'select'> <InPorts = 0> <OutPorts = 1> <Sync> <CReg>
ST_6 : Operation 136 [1/1] (0.00ns)   --->   "%zext_ln186_7 = zext i8 %lhs_5"   --->   Operation 136 'zext' 'zext_ln186_7' <Predicate = true> <Delay = 0.00>
ST_6 : Operation 137 [1/1] (0.00ns)   --->   "%sext_ln1494_4 = sext i16 %FiltCoeff_4_load"   --->   Operation 137 'sext' 'sext_ln1494_4' <Predicate = true> <Delay = 0.00>
ST_6 : Operation 138 [3/3] (0.99ns) (grouped into DSP with root node sum_22)   --->   "%ret_V_8 = mul i24 %zext_ln186_7, i24 %sext_ln1494_4"   --->   Operation 138 'mul' 'ret_V_8' <Predicate = true> <Delay = 0.99> <CoreInst = "DSP48">   --->   Core 127 'DSP48' <Latency = 3> <II = 1> <Delay = 0.53> <IPBlock> <Opcode : 'mul' 'add' 'sub' 'select'> <InPorts = 0> <OutPorts = 1> <Sync> <CReg>
ST_6 : Operation 139 [1/2] (0.64ns) (root node of the DSP)   --->   "%sum_19 = add i25 %sext_ln965_1, i25 %sext_ln956" [/home/user/Documents/kria-vitis-platforms/kv260/platforms/vivado/kv260_ispMipiRx_vcu_DP/project/kv260_ispMipiRx_vcu_DP.runs/bd_eab1_hsc_0_synth_1/prj/sol/.autopilot/db/v_hscaler.cpp:965]   --->   Operation 139 'add' 'sum_19' <Predicate = true> <Delay = 0.64> <CoreInst = "DSP48">   --->   Core 127 'DSP48' <Latency = 3> <II = 1> <Delay = 0.53> <IPBlock> <Opcode : 'mul' 'add' 'sub' 'select'> <InPorts = 0> <OutPorts = 1> <Sync> <CReg>
ST_6 : Operation 140 [1/1] (0.00ns)   --->   "%sext_ln965_2 = sext i25 %sum_19" [/home/user/Documents/kria-vitis-platforms/kv260/platforms/vivado/kv260_ispMipiRx_vcu_DP/project/kv260_ispMipiRx_vcu_DP.runs/bd_eab1_hsc_0_synth_1/prj/sol/.autopilot/db/v_hscaler.cpp:965]   --->   Operation 140 'sext' 'sext_ln965_2' <Predicate = true> <Delay = 0.00>
ST_6 : Operation 141 [2/2] (0.64ns) (root node of the DSP)   --->   "%sum_20 = add i26 %sext_ln965_2, i26 %sext_ln956_1" [/home/user/Documents/kria-vitis-platforms/kv260/platforms/vivado/kv260_ispMipiRx_vcu_DP/project/kv260_ispMipiRx_vcu_DP.runs/bd_eab1_hsc_0_synth_1/prj/sol/.autopilot/db/v_hscaler.cpp:965]   --->   Operation 141 'add' 'sum_20' <Predicate = true> <Delay = 0.64> <CoreInst = "DSP48">   --->   Core 127 'DSP48' <Latency = 3> <II = 1> <Delay = 0.53> <IPBlock> <Opcode : 'mul' 'add' 'sub' 'select'> <InPorts = 0> <OutPorts = 1> <Sync> <CReg>
ST_6 : Operation 142 [1/3] (0.00ns) (grouped into DSP with root node sum_25)   --->   "%ret_V_12 = mul i24 %zext_ln1494_2, i24 %sext_ln1494_2"   --->   Operation 142 'mul' 'ret_V_12' <Predicate = true> <Delay = 0.00> <CoreInst = "DSP48">   --->   Core 127 'DSP48' <Latency = 3> <II = 1> <Delay = 0.53> <IPBlock> <Opcode : 'mul' 'add' 'sub' 'select'> <InPorts = 0> <OutPorts = 1> <Sync> <CReg>
ST_6 : Operation 143 [1/1] (0.00ns) (grouped into DSP with root node sum_25)   --->   "%sext_ln956_5 = sext i24 %ret_V_12" [/home/user/Documents/kria-vitis-platforms/kv260/platforms/vivado/kv260_ispMipiRx_vcu_DP/project/kv260_ispMipiRx_vcu_DP.runs/bd_eab1_hsc_0_synth_1/prj/sol/.autopilot/db/v_hscaler.cpp:956]   --->   Operation 143 'sext' 'sext_ln956_5' <Predicate = true> <Delay = 0.00>
ST_6 : Operation 144 [2/3] (0.99ns) (grouped into DSP with root node sum_26)   --->   "%ret_V_13 = mul i24 %zext_ln1494_3, i24 %sext_ln1494_3"   --->   Operation 144 'mul' 'ret_V_13' <Predicate = true> <Delay = 0.99> <CoreInst = "DSP48">   --->   Core 127 'DSP48' <Latency = 3> <II = 1> <Delay = 0.53> <IPBlock> <Opcode : 'mul' 'add' 'sub' 'select'> <InPorts = 0> <OutPorts = 1> <Sync> <CReg>
ST_6 : Operation 145 [1/1] (0.00ns)   --->   "%zext_ln1494_4 = zext i8 %tmp_8"   --->   Operation 145 'zext' 'zext_ln1494_4' <Predicate = true> <Delay = 0.00>
ST_6 : Operation 146 [3/3] (0.99ns) (grouped into DSP with root node sum_27)   --->   "%ret_V_14 = mul i24 %zext_ln1494_4, i24 %sext_ln1494_4"   --->   Operation 146 'mul' 'ret_V_14' <Predicate = true> <Delay = 0.99> <CoreInst = "DSP48">   --->   Core 127 'DSP48' <Latency = 3> <II = 1> <Delay = 0.53> <IPBlock> <Opcode : 'mul' 'add' 'sub' 'select'> <InPorts = 0> <OutPorts = 1> <Sync> <CReg>
ST_6 : Operation 147 [1/2] (0.64ns) (root node of the DSP)   --->   "%sum_24 = add i25 %sext_ln965_5, i25 %sext_ln956_4" [/home/user/Documents/kria-vitis-platforms/kv260/platforms/vivado/kv260_ispMipiRx_vcu_DP/project/kv260_ispMipiRx_vcu_DP.runs/bd_eab1_hsc_0_synth_1/prj/sol/.autopilot/db/v_hscaler.cpp:965]   --->   Operation 147 'add' 'sum_24' <Predicate = true> <Delay = 0.64> <CoreInst = "DSP48">   --->   Core 127 'DSP48' <Latency = 3> <II = 1> <Delay = 0.53> <IPBlock> <Opcode : 'mul' 'add' 'sub' 'select'> <InPorts = 0> <OutPorts = 1> <Sync> <CReg>
ST_6 : Operation 148 [1/1] (0.00ns)   --->   "%sext_ln965_6 = sext i25 %sum_24" [/home/user/Documents/kria-vitis-platforms/kv260/platforms/vivado/kv260_ispMipiRx_vcu_DP/project/kv260_ispMipiRx_vcu_DP.runs/bd_eab1_hsc_0_synth_1/prj/sol/.autopilot/db/v_hscaler.cpp:965]   --->   Operation 148 'sext' 'sext_ln965_6' <Predicate = true> <Delay = 0.00>
ST_6 : Operation 149 [2/2] (0.64ns) (root node of the DSP)   --->   "%sum_25 = add i26 %sext_ln965_6, i26 %sext_ln956_5" [/home/user/Documents/kria-vitis-platforms/kv260/platforms/vivado/kv260_ispMipiRx_vcu_DP/project/kv260_ispMipiRx_vcu_DP.runs/bd_eab1_hsc_0_synth_1/prj/sol/.autopilot/db/v_hscaler.cpp:965]   --->   Operation 149 'add' 'sum_25' <Predicate = true> <Delay = 0.64> <CoreInst = "DSP48">   --->   Core 127 'DSP48' <Latency = 3> <II = 1> <Delay = 0.53> <IPBlock> <Opcode : 'mul' 'add' 'sub' 'select'> <InPorts = 0> <OutPorts = 1> <Sync> <CReg>
ST_6 : Operation 150 [1/3] (0.00ns) (grouped into DSP with root node sum_30)   --->   "%ret_V_18 = mul i24 %zext_ln1494_8, i24 %sext_ln1494_2"   --->   Operation 150 'mul' 'ret_V_18' <Predicate = true> <Delay = 0.00> <CoreInst = "DSP48">   --->   Core 127 'DSP48' <Latency = 3> <II = 1> <Delay = 0.53> <IPBlock> <Opcode : 'mul' 'add' 'sub' 'select'> <InPorts = 0> <OutPorts = 1> <Sync> <CReg>
ST_6 : Operation 151 [1/1] (0.00ns) (grouped into DSP with root node sum_30)   --->   "%sext_ln956_9 = sext i24 %ret_V_18" [/home/user/Documents/kria-vitis-platforms/kv260/platforms/vivado/kv260_ispMipiRx_vcu_DP/project/kv260_ispMipiRx_vcu_DP.runs/bd_eab1_hsc_0_synth_1/prj/sol/.autopilot/db/v_hscaler.cpp:956]   --->   Operation 151 'sext' 'sext_ln956_9' <Predicate = true> <Delay = 0.00>
ST_6 : Operation 152 [2/3] (0.99ns) (grouped into DSP with root node sum_31)   --->   "%ret_V_19 = mul i24 %zext_ln1494_9, i24 %sext_ln1494_3"   --->   Operation 152 'mul' 'ret_V_19' <Predicate = true> <Delay = 0.99> <CoreInst = "DSP48">   --->   Core 127 'DSP48' <Latency = 3> <II = 1> <Delay = 0.53> <IPBlock> <Opcode : 'mul' 'add' 'sub' 'select'> <InPorts = 0> <OutPorts = 1> <Sync> <CReg>
ST_6 : Operation 153 [1/1] (0.00ns)   --->   "%zext_ln1494_10 = zext i8 %tmp_10"   --->   Operation 153 'zext' 'zext_ln1494_10' <Predicate = true> <Delay = 0.00>
ST_6 : Operation 154 [3/3] (0.99ns) (grouped into DSP with root node sum_32)   --->   "%ret_V_20 = mul i24 %zext_ln1494_10, i24 %sext_ln1494_4"   --->   Operation 154 'mul' 'ret_V_20' <Predicate = true> <Delay = 0.99> <CoreInst = "DSP48">   --->   Core 127 'DSP48' <Latency = 3> <II = 1> <Delay = 0.53> <IPBlock> <Opcode : 'mul' 'add' 'sub' 'select'> <InPorts = 0> <OutPorts = 1> <Sync> <CReg>
ST_6 : Operation 155 [1/2] (0.64ns) (root node of the DSP)   --->   "%sum_29 = add i25 %sext_ln965_9, i25 %sext_ln956_8" [/home/user/Documents/kria-vitis-platforms/kv260/platforms/vivado/kv260_ispMipiRx_vcu_DP/project/kv260_ispMipiRx_vcu_DP.runs/bd_eab1_hsc_0_synth_1/prj/sol/.autopilot/db/v_hscaler.cpp:965]   --->   Operation 155 'add' 'sum_29' <Predicate = true> <Delay = 0.64> <CoreInst = "DSP48">   --->   Core 127 'DSP48' <Latency = 3> <II = 1> <Delay = 0.53> <IPBlock> <Opcode : 'mul' 'add' 'sub' 'select'> <InPorts = 0> <OutPorts = 1> <Sync> <CReg>
ST_6 : Operation 156 [1/1] (0.00ns)   --->   "%sext_ln965_10 = sext i25 %sum_29" [/home/user/Documents/kria-vitis-platforms/kv260/platforms/vivado/kv260_ispMipiRx_vcu_DP/project/kv260_ispMipiRx_vcu_DP.runs/bd_eab1_hsc_0_synth_1/prj/sol/.autopilot/db/v_hscaler.cpp:965]   --->   Operation 156 'sext' 'sext_ln965_10' <Predicate = true> <Delay = 0.00>
ST_6 : Operation 157 [2/2] (0.64ns) (root node of the DSP)   --->   "%sum_30 = add i26 %sext_ln965_10, i26 %sext_ln956_9" [/home/user/Documents/kria-vitis-platforms/kv260/platforms/vivado/kv260_ispMipiRx_vcu_DP/project/kv260_ispMipiRx_vcu_DP.runs/bd_eab1_hsc_0_synth_1/prj/sol/.autopilot/db/v_hscaler.cpp:965]   --->   Operation 157 'add' 'sum_30' <Predicate = true> <Delay = 0.64> <CoreInst = "DSP48">   --->   Core 127 'DSP48' <Latency = 3> <II = 1> <Delay = 0.53> <IPBlock> <Opcode : 'mul' 'add' 'sub' 'select'> <InPorts = 0> <OutPorts = 1> <Sync> <CReg>

State 7 <SV = 6> <Delay = 1.67>
ST_7 : Operation 158 [1/2] (0.67ns)   --->   "%FiltCoeff_5_load = load i6 %FiltCoeff_5_addr" [/home/user/Documents/kria-vitis-platforms/kv260/platforms/vivado/kv260_ispMipiRx_vcu_DP/project/kv260_ispMipiRx_vcu_DP.runs/bd_eab1_hsc_0_synth_1/prj/sol/.autopilot/db/v_hscaler.cpp:951]   --->   Operation 158 'load' 'FiltCoeff_5_load' <Predicate = true> <Delay = 0.67> <CoreInst = "RAM_1P_LUTRAM">   --->   Core 89 'RAM_1P_LUTRAM' <Latency = 1> <II = 1> <Delay = 0.67> <Storage> <Opcode : 'load' 'store'> <Ports = 1> <Width = 16> <Depth = 64> <RAM>
ST_7 : Operation 159 [1/3] (0.00ns) (grouped into DSP with root node sum_21)   --->   "%ret_V_7 = mul i24 %zext_ln186_6, i24 %sext_ln1494_3"   --->   Operation 159 'mul' 'ret_V_7' <Predicate = true> <Delay = 0.00> <CoreInst = "DSP48">   --->   Core 127 'DSP48' <Latency = 3> <II = 1> <Delay = 0.53> <IPBlock> <Opcode : 'mul' 'add' 'sub' 'select'> <InPorts = 0> <OutPorts = 1> <Sync> <CReg>
ST_7 : Operation 160 [1/1] (0.00ns) (grouped into DSP with root node sum_21)   --->   "%sext_ln956_2 = sext i24 %ret_V_7" [/home/user/Documents/kria-vitis-platforms/kv260/platforms/vivado/kv260_ispMipiRx_vcu_DP/project/kv260_ispMipiRx_vcu_DP.runs/bd_eab1_hsc_0_synth_1/prj/sol/.autopilot/db/v_hscaler.cpp:956]   --->   Operation 160 'sext' 'sext_ln956_2' <Predicate = true> <Delay = 0.00>
ST_7 : Operation 161 [2/3] (0.99ns) (grouped into DSP with root node sum_22)   --->   "%ret_V_8 = mul i24 %zext_ln186_7, i24 %sext_ln1494_4"   --->   Operation 161 'mul' 'ret_V_8' <Predicate = true> <Delay = 0.99> <CoreInst = "DSP48">   --->   Core 127 'DSP48' <Latency = 3> <II = 1> <Delay = 0.53> <IPBlock> <Opcode : 'mul' 'add' 'sub' 'select'> <InPorts = 0> <OutPorts = 1> <Sync> <CReg>
ST_7 : Operation 162 [1/1] (0.00ns)   --->   "%zext_ln186_8 = zext i8 %lhs_6"   --->   Operation 162 'zext' 'zext_ln186_8' <Predicate = true> <Delay = 0.00>
ST_7 : Operation 163 [1/1] (0.00ns)   --->   "%sext_ln1494_5 = sext i16 %FiltCoeff_5_load"   --->   Operation 163 'sext' 'sext_ln1494_5' <Predicate = true> <Delay = 0.00>
ST_7 : Operation 164 [3/3] (0.99ns) (grouped into DSP with root node sum)   --->   "%ret_V_9 = mul i24 %zext_ln186_8, i24 %sext_ln1494_5"   --->   Operation 164 'mul' 'ret_V_9' <Predicate = true> <Delay = 0.99> <CoreInst = "DSP48">   --->   Core 127 'DSP48' <Latency = 3> <II = 1> <Delay = 0.53> <IPBlock> <Opcode : 'mul' 'add' 'sub' 'select'> <InPorts = 0> <OutPorts = 1> <Sync> <CReg>
ST_7 : Operation 165 [1/2] (0.64ns) (root node of the DSP)   --->   "%sum_20 = add i26 %sext_ln965_2, i26 %sext_ln956_1" [/home/user/Documents/kria-vitis-platforms/kv260/platforms/vivado/kv260_ispMipiRx_vcu_DP/project/kv260_ispMipiRx_vcu_DP.runs/bd_eab1_hsc_0_synth_1/prj/sol/.autopilot/db/v_hscaler.cpp:965]   --->   Operation 165 'add' 'sum_20' <Predicate = true> <Delay = 0.64> <CoreInst = "DSP48">   --->   Core 127 'DSP48' <Latency = 3> <II = 1> <Delay = 0.53> <IPBlock> <Opcode : 'mul' 'add' 'sub' 'select'> <InPorts = 0> <OutPorts = 1> <Sync> <CReg>
ST_7 : Operation 166 [2/2] (0.64ns) (root node of the DSP)   --->   "%sum_21 = add i26 %sum_20, i26 %sext_ln956_2" [/home/user/Documents/kria-vitis-platforms/kv260/platforms/vivado/kv260_ispMipiRx_vcu_DP/project/kv260_ispMipiRx_vcu_DP.runs/bd_eab1_hsc_0_synth_1/prj/sol/.autopilot/db/v_hscaler.cpp:965]   --->   Operation 166 'add' 'sum_21' <Predicate = true> <Delay = 0.64> <CoreInst = "DSP48">   --->   Core 127 'DSP48' <Latency = 3> <II = 1> <Delay = 0.53> <IPBlock> <Opcode : 'mul' 'add' 'sub' 'select'> <InPorts = 0> <OutPorts = 1> <Sync> <CReg>
ST_7 : Operation 167 [1/3] (0.00ns) (grouped into DSP with root node sum_26)   --->   "%ret_V_13 = mul i24 %zext_ln1494_3, i24 %sext_ln1494_3"   --->   Operation 167 'mul' 'ret_V_13' <Predicate = true> <Delay = 0.00> <CoreInst = "DSP48">   --->   Core 127 'DSP48' <Latency = 3> <II = 1> <Delay = 0.53> <IPBlock> <Opcode : 'mul' 'add' 'sub' 'select'> <InPorts = 0> <OutPorts = 1> <Sync> <CReg>
ST_7 : Operation 168 [1/1] (0.00ns) (grouped into DSP with root node sum_26)   --->   "%sext_ln956_6 = sext i24 %ret_V_13" [/home/user/Documents/kria-vitis-platforms/kv260/platforms/vivado/kv260_ispMipiRx_vcu_DP/project/kv260_ispMipiRx_vcu_DP.runs/bd_eab1_hsc_0_synth_1/prj/sol/.autopilot/db/v_hscaler.cpp:956]   --->   Operation 168 'sext' 'sext_ln956_6' <Predicate = true> <Delay = 0.00>
ST_7 : Operation 169 [2/3] (0.99ns) (grouped into DSP with root node sum_27)   --->   "%ret_V_14 = mul i24 %zext_ln1494_4, i24 %sext_ln1494_4"   --->   Operation 169 'mul' 'ret_V_14' <Predicate = true> <Delay = 0.99> <CoreInst = "DSP48">   --->   Core 127 'DSP48' <Latency = 3> <II = 1> <Delay = 0.53> <IPBlock> <Opcode : 'mul' 'add' 'sub' 'select'> <InPorts = 0> <OutPorts = 1> <Sync> <CReg>
ST_7 : Operation 170 [1/1] (0.00ns)   --->   "%zext_ln1494_5 = zext i8 %tmp_s"   --->   Operation 170 'zext' 'zext_ln1494_5' <Predicate = true> <Delay = 0.00>
ST_7 : Operation 171 [3/3] (0.99ns) (grouped into DSP with root node sum_11)   --->   "%ret_V_15 = mul i24 %zext_ln1494_5, i24 %sext_ln1494_5"   --->   Operation 171 'mul' 'ret_V_15' <Predicate = true> <Delay = 0.99> <CoreInst = "DSP48">   --->   Core 127 'DSP48' <Latency = 3> <II = 1> <Delay = 0.53> <IPBlock> <Opcode : 'mul' 'add' 'sub' 'select'> <InPorts = 0> <OutPorts = 1> <Sync> <CReg>
ST_7 : Operation 172 [1/2] (0.64ns) (root node of the DSP)   --->   "%sum_25 = add i26 %sext_ln965_6, i26 %sext_ln956_5" [/home/user/Documents/kria-vitis-platforms/kv260/platforms/vivado/kv260_ispMipiRx_vcu_DP/project/kv260_ispMipiRx_vcu_DP.runs/bd_eab1_hsc_0_synth_1/prj/sol/.autopilot/db/v_hscaler.cpp:965]   --->   Operation 172 'add' 'sum_25' <Predicate = true> <Delay = 0.64> <CoreInst = "DSP48">   --->   Core 127 'DSP48' <Latency = 3> <II = 1> <Delay = 0.53> <IPBlock> <Opcode : 'mul' 'add' 'sub' 'select'> <InPorts = 0> <OutPorts = 1> <Sync> <CReg>
ST_7 : Operation 173 [2/2] (0.64ns) (root node of the DSP)   --->   "%sum_26 = add i26 %sum_25, i26 %sext_ln956_6" [/home/user/Documents/kria-vitis-platforms/kv260/platforms/vivado/kv260_ispMipiRx_vcu_DP/project/kv260_ispMipiRx_vcu_DP.runs/bd_eab1_hsc_0_synth_1/prj/sol/.autopilot/db/v_hscaler.cpp:965]   --->   Operation 173 'add' 'sum_26' <Predicate = true> <Delay = 0.64> <CoreInst = "DSP48">   --->   Core 127 'DSP48' <Latency = 3> <II = 1> <Delay = 0.53> <IPBlock> <Opcode : 'mul' 'add' 'sub' 'select'> <InPorts = 0> <OutPorts = 1> <Sync> <CReg>
ST_7 : Operation 174 [1/3] (0.00ns) (grouped into DSP with root node sum_31)   --->   "%ret_V_19 = mul i24 %zext_ln1494_9, i24 %sext_ln1494_3"   --->   Operation 174 'mul' 'ret_V_19' <Predicate = true> <Delay = 0.00> <CoreInst = "DSP48">   --->   Core 127 'DSP48' <Latency = 3> <II = 1> <Delay = 0.53> <IPBlock> <Opcode : 'mul' 'add' 'sub' 'select'> <InPorts = 0> <OutPorts = 1> <Sync> <CReg>
ST_7 : Operation 175 [1/1] (0.00ns) (grouped into DSP with root node sum_31)   --->   "%sext_ln956_10 = sext i24 %ret_V_19" [/home/user/Documents/kria-vitis-platforms/kv260/platforms/vivado/kv260_ispMipiRx_vcu_DP/project/kv260_ispMipiRx_vcu_DP.runs/bd_eab1_hsc_0_synth_1/prj/sol/.autopilot/db/v_hscaler.cpp:956]   --->   Operation 175 'sext' 'sext_ln956_10' <Predicate = true> <Delay = 0.00>
ST_7 : Operation 176 [2/3] (0.99ns) (grouped into DSP with root node sum_32)   --->   "%ret_V_20 = mul i24 %zext_ln1494_10, i24 %sext_ln1494_4"   --->   Operation 176 'mul' 'ret_V_20' <Predicate = true> <Delay = 0.99> <CoreInst = "DSP48">   --->   Core 127 'DSP48' <Latency = 3> <II = 1> <Delay = 0.53> <IPBlock> <Opcode : 'mul' 'add' 'sub' 'select'> <InPorts = 0> <OutPorts = 1> <Sync> <CReg>
ST_7 : Operation 177 [1/1] (0.00ns)   --->   "%zext_ln1494_11 = zext i8 %tmp_11"   --->   Operation 177 'zext' 'zext_ln1494_11' <Predicate = true> <Delay = 0.00>
ST_7 : Operation 178 [3/3] (0.99ns) (grouped into DSP with root node sum_17)   --->   "%ret_V_21 = mul i24 %zext_ln1494_11, i24 %sext_ln1494_5"   --->   Operation 178 'mul' 'ret_V_21' <Predicate = true> <Delay = 0.99> <CoreInst = "DSP48">   --->   Core 127 'DSP48' <Latency = 3> <II = 1> <Delay = 0.53> <IPBlock> <Opcode : 'mul' 'add' 'sub' 'select'> <InPorts = 0> <OutPorts = 1> <Sync> <CReg>
ST_7 : Operation 179 [1/2] (0.64ns) (root node of the DSP)   --->   "%sum_30 = add i26 %sext_ln965_10, i26 %sext_ln956_9" [/home/user/Documents/kria-vitis-platforms/kv260/platforms/vivado/kv260_ispMipiRx_vcu_DP/project/kv260_ispMipiRx_vcu_DP.runs/bd_eab1_hsc_0_synth_1/prj/sol/.autopilot/db/v_hscaler.cpp:965]   --->   Operation 179 'add' 'sum_30' <Predicate = true> <Delay = 0.64> <CoreInst = "DSP48">   --->   Core 127 'DSP48' <Latency = 3> <II = 1> <Delay = 0.53> <IPBlock> <Opcode : 'mul' 'add' 'sub' 'select'> <InPorts = 0> <OutPorts = 1> <Sync> <CReg>
ST_7 : Operation 180 [2/2] (0.64ns) (root node of the DSP)   --->   "%sum_31 = add i26 %sum_30, i26 %sext_ln956_10" [/home/user/Documents/kria-vitis-platforms/kv260/platforms/vivado/kv260_ispMipiRx_vcu_DP/project/kv260_ispMipiRx_vcu_DP.runs/bd_eab1_hsc_0_synth_1/prj/sol/.autopilot/db/v_hscaler.cpp:965]   --->   Operation 180 'add' 'sum_31' <Predicate = true> <Delay = 0.64> <CoreInst = "DSP48">   --->   Core 127 'DSP48' <Latency = 3> <II = 1> <Delay = 0.53> <IPBlock> <Opcode : 'mul' 'add' 'sub' 'select'> <InPorts = 0> <OutPorts = 1> <Sync> <CReg>

State 8 <SV = 7> <Delay = 1.29>
ST_8 : Operation 181 [1/3] (0.00ns) (grouped into DSP with root node sum_22)   --->   "%ret_V_8 = mul i24 %zext_ln186_7, i24 %sext_ln1494_4"   --->   Operation 181 'mul' 'ret_V_8' <Predicate = true> <Delay = 0.00> <CoreInst = "DSP48">   --->   Core 127 'DSP48' <Latency = 3> <II = 1> <Delay = 0.53> <IPBlock> <Opcode : 'mul' 'add' 'sub' 'select'> <InPorts = 0> <OutPorts = 1> <Sync> <CReg>
ST_8 : Operation 182 [1/1] (0.00ns) (grouped into DSP with root node sum_22)   --->   "%sext_ln956_3 = sext i24 %ret_V_8" [/home/user/Documents/kria-vitis-platforms/kv260/platforms/vivado/kv260_ispMipiRx_vcu_DP/project/kv260_ispMipiRx_vcu_DP.runs/bd_eab1_hsc_0_synth_1/prj/sol/.autopilot/db/v_hscaler.cpp:956]   --->   Operation 182 'sext' 'sext_ln956_3' <Predicate = true> <Delay = 0.00>
ST_8 : Operation 183 [2/3] (0.99ns) (grouped into DSP with root node sum)   --->   "%ret_V_9 = mul i24 %zext_ln186_8, i24 %sext_ln1494_5"   --->   Operation 183 'mul' 'ret_V_9' <Predicate = true> <Delay = 0.99> <CoreInst = "DSP48">   --->   Core 127 'DSP48' <Latency = 3> <II = 1> <Delay = 0.53> <IPBlock> <Opcode : 'mul' 'add' 'sub' 'select'> <InPorts = 0> <OutPorts = 1> <Sync> <CReg>
ST_8 : Operation 184 [1/2] (0.64ns) (root node of the DSP)   --->   "%sum_21 = add i26 %sum_20, i26 %sext_ln956_2" [/home/user/Documents/kria-vitis-platforms/kv260/platforms/vivado/kv260_ispMipiRx_vcu_DP/project/kv260_ispMipiRx_vcu_DP.runs/bd_eab1_hsc_0_synth_1/prj/sol/.autopilot/db/v_hscaler.cpp:965]   --->   Operation 184 'add' 'sum_21' <Predicate = true> <Delay = 0.64> <CoreInst = "DSP48">   --->   Core 127 'DSP48' <Latency = 3> <II = 1> <Delay = 0.53> <IPBlock> <Opcode : 'mul' 'add' 'sub' 'select'> <InPorts = 0> <OutPorts = 1> <Sync> <CReg>
ST_8 : Operation 185 [1/1] (0.00ns)   --->   "%sext_ln965_3 = sext i26 %sum_21" [/home/user/Documents/kria-vitis-platforms/kv260/platforms/vivado/kv260_ispMipiRx_vcu_DP/project/kv260_ispMipiRx_vcu_DP.runs/bd_eab1_hsc_0_synth_1/prj/sol/.autopilot/db/v_hscaler.cpp:965]   --->   Operation 185 'sext' 'sext_ln965_3' <Predicate = true> <Delay = 0.00>
ST_8 : Operation 186 [2/2] (0.64ns) (root node of the DSP)   --->   "%sum_22 = add i27 %sext_ln965_3, i27 %sext_ln956_3" [/home/user/Documents/kria-vitis-platforms/kv260/platforms/vivado/kv260_ispMipiRx_vcu_DP/project/kv260_ispMipiRx_vcu_DP.runs/bd_eab1_hsc_0_synth_1/prj/sol/.autopilot/db/v_hscaler.cpp:965]   --->   Operation 186 'add' 'sum_22' <Predicate = true> <Delay = 0.64> <CoreInst = "DSP48">   --->   Core 127 'DSP48' <Latency = 3> <II = 1> <Delay = 0.53> <IPBlock> <Opcode : 'mul' 'add' 'sub' 'select'> <InPorts = 0> <OutPorts = 1> <Sync> <CReg>
ST_8 : Operation 187 [1/3] (0.00ns) (grouped into DSP with root node sum_27)   --->   "%ret_V_14 = mul i24 %zext_ln1494_4, i24 %sext_ln1494_4"   --->   Operation 187 'mul' 'ret_V_14' <Predicate = true> <Delay = 0.00> <CoreInst = "DSP48">   --->   Core 127 'DSP48' <Latency = 3> <II = 1> <Delay = 0.53> <IPBlock> <Opcode : 'mul' 'add' 'sub' 'select'> <InPorts = 0> <OutPorts = 1> <Sync> <CReg>
ST_8 : Operation 188 [1/1] (0.00ns) (grouped into DSP with root node sum_27)   --->   "%sext_ln956_7 = sext i24 %ret_V_14" [/home/user/Documents/kria-vitis-platforms/kv260/platforms/vivado/kv260_ispMipiRx_vcu_DP/project/kv260_ispMipiRx_vcu_DP.runs/bd_eab1_hsc_0_synth_1/prj/sol/.autopilot/db/v_hscaler.cpp:956]   --->   Operation 188 'sext' 'sext_ln956_7' <Predicate = true> <Delay = 0.00>
ST_8 : Operation 189 [2/3] (0.99ns) (grouped into DSP with root node sum_11)   --->   "%ret_V_15 = mul i24 %zext_ln1494_5, i24 %sext_ln1494_5"   --->   Operation 189 'mul' 'ret_V_15' <Predicate = true> <Delay = 0.99> <CoreInst = "DSP48">   --->   Core 127 'DSP48' <Latency = 3> <II = 1> <Delay = 0.53> <IPBlock> <Opcode : 'mul' 'add' 'sub' 'select'> <InPorts = 0> <OutPorts = 1> <Sync> <CReg>
ST_8 : Operation 190 [1/2] (0.64ns) (root node of the DSP)   --->   "%sum_26 = add i26 %sum_25, i26 %sext_ln956_6" [/home/user/Documents/kria-vitis-platforms/kv260/platforms/vivado/kv260_ispMipiRx_vcu_DP/project/kv260_ispMipiRx_vcu_DP.runs/bd_eab1_hsc_0_synth_1/prj/sol/.autopilot/db/v_hscaler.cpp:965]   --->   Operation 190 'add' 'sum_26' <Predicate = true> <Delay = 0.64> <CoreInst = "DSP48">   --->   Core 127 'DSP48' <Latency = 3> <II = 1> <Delay = 0.53> <IPBlock> <Opcode : 'mul' 'add' 'sub' 'select'> <InPorts = 0> <OutPorts = 1> <Sync> <CReg>
ST_8 : Operation 191 [1/1] (0.00ns)   --->   "%sext_ln965_7 = sext i26 %sum_26" [/home/user/Documents/kria-vitis-platforms/kv260/platforms/vivado/kv260_ispMipiRx_vcu_DP/project/kv260_ispMipiRx_vcu_DP.runs/bd_eab1_hsc_0_synth_1/prj/sol/.autopilot/db/v_hscaler.cpp:965]   --->   Operation 191 'sext' 'sext_ln965_7' <Predicate = true> <Delay = 0.00>
ST_8 : Operation 192 [2/2] (0.64ns) (root node of the DSP)   --->   "%sum_27 = add i27 %sext_ln965_7, i27 %sext_ln956_7" [/home/user/Documents/kria-vitis-platforms/kv260/platforms/vivado/kv260_ispMipiRx_vcu_DP/project/kv260_ispMipiRx_vcu_DP.runs/bd_eab1_hsc_0_synth_1/prj/sol/.autopilot/db/v_hscaler.cpp:965]   --->   Operation 192 'add' 'sum_27' <Predicate = true> <Delay = 0.64> <CoreInst = "DSP48">   --->   Core 127 'DSP48' <Latency = 3> <II = 1> <Delay = 0.53> <IPBlock> <Opcode : 'mul' 'add' 'sub' 'select'> <InPorts = 0> <OutPorts = 1> <Sync> <CReg>
ST_8 : Operation 193 [1/3] (0.00ns) (grouped into DSP with root node sum_32)   --->   "%ret_V_20 = mul i24 %zext_ln1494_10, i24 %sext_ln1494_4"   --->   Operation 193 'mul' 'ret_V_20' <Predicate = true> <Delay = 0.00> <CoreInst = "DSP48">   --->   Core 127 'DSP48' <Latency = 3> <II = 1> <Delay = 0.53> <IPBlock> <Opcode : 'mul' 'add' 'sub' 'select'> <InPorts = 0> <OutPorts = 1> <Sync> <CReg>
ST_8 : Operation 194 [1/1] (0.00ns) (grouped into DSP with root node sum_32)   --->   "%sext_ln956_11 = sext i24 %ret_V_20" [/home/user/Documents/kria-vitis-platforms/kv260/platforms/vivado/kv260_ispMipiRx_vcu_DP/project/kv260_ispMipiRx_vcu_DP.runs/bd_eab1_hsc_0_synth_1/prj/sol/.autopilot/db/v_hscaler.cpp:956]   --->   Operation 194 'sext' 'sext_ln956_11' <Predicate = true> <Delay = 0.00>
ST_8 : Operation 195 [2/3] (0.99ns) (grouped into DSP with root node sum_17)   --->   "%ret_V_21 = mul i24 %zext_ln1494_11, i24 %sext_ln1494_5"   --->   Operation 195 'mul' 'ret_V_21' <Predicate = true> <Delay = 0.99> <CoreInst = "DSP48">   --->   Core 127 'DSP48' <Latency = 3> <II = 1> <Delay = 0.53> <IPBlock> <Opcode : 'mul' 'add' 'sub' 'select'> <InPorts = 0> <OutPorts = 1> <Sync> <CReg>
ST_8 : Operation 196 [1/2] (0.64ns) (root node of the DSP)   --->   "%sum_31 = add i26 %sum_30, i26 %sext_ln956_10" [/home/user/Documents/kria-vitis-platforms/kv260/platforms/vivado/kv260_ispMipiRx_vcu_DP/project/kv260_ispMipiRx_vcu_DP.runs/bd_eab1_hsc_0_synth_1/prj/sol/.autopilot/db/v_hscaler.cpp:965]   --->   Operation 196 'add' 'sum_31' <Predicate = true> <Delay = 0.64> <CoreInst = "DSP48">   --->   Core 127 'DSP48' <Latency = 3> <II = 1> <Delay = 0.53> <IPBlock> <Opcode : 'mul' 'add' 'sub' 'select'> <InPorts = 0> <OutPorts = 1> <Sync> <CReg>
ST_8 : Operation 197 [1/1] (0.00ns)   --->   "%sext_ln965_11 = sext i26 %sum_31" [/home/user/Documents/kria-vitis-platforms/kv260/platforms/vivado/kv260_ispMipiRx_vcu_DP/project/kv260_ispMipiRx_vcu_DP.runs/bd_eab1_hsc_0_synth_1/prj/sol/.autopilot/db/v_hscaler.cpp:965]   --->   Operation 197 'sext' 'sext_ln965_11' <Predicate = true> <Delay = 0.00>
ST_8 : Operation 198 [2/2] (0.64ns) (root node of the DSP)   --->   "%sum_32 = add i27 %sext_ln965_11, i27 %sext_ln956_11" [/home/user/Documents/kria-vitis-platforms/kv260/platforms/vivado/kv260_ispMipiRx_vcu_DP/project/kv260_ispMipiRx_vcu_DP.runs/bd_eab1_hsc_0_synth_1/prj/sol/.autopilot/db/v_hscaler.cpp:965]   --->   Operation 198 'add' 'sum_32' <Predicate = true> <Delay = 0.64> <CoreInst = "DSP48">   --->   Core 127 'DSP48' <Latency = 3> <II = 1> <Delay = 0.53> <IPBlock> <Opcode : 'mul' 'add' 'sub' 'select'> <InPorts = 0> <OutPorts = 1> <Sync> <CReg>

State 9 <SV = 8> <Delay = 1.29>
ST_9 : Operation 199 [1/3] (0.00ns) (grouped into DSP with root node sum)   --->   "%ret_V_9 = mul i24 %zext_ln186_8, i24 %sext_ln1494_5"   --->   Operation 199 'mul' 'ret_V_9' <Predicate = true> <Delay = 0.00> <CoreInst = "DSP48">   --->   Core 127 'DSP48' <Latency = 3> <II = 1> <Delay = 0.53> <IPBlock> <Opcode : 'mul' 'add' 'sub' 'select'> <InPorts = 0> <OutPorts = 1> <Sync> <CReg>
ST_9 : Operation 200 [1/1] (0.00ns) (grouped into DSP with root node sum)   --->   "%sext_ln965 = sext i24 %ret_V_9" [/home/user/Documents/kria-vitis-platforms/kv260/platforms/vivado/kv260_ispMipiRx_vcu_DP/project/kv260_ispMipiRx_vcu_DP.runs/bd_eab1_hsc_0_synth_1/prj/sol/.autopilot/db/v_hscaler.cpp:965]   --->   Operation 200 'sext' 'sext_ln965' <Predicate = true> <Delay = 0.00>
ST_9 : Operation 201 [1/2] (0.64ns) (root node of the DSP)   --->   "%sum_22 = add i27 %sext_ln965_3, i27 %sext_ln956_3" [/home/user/Documents/kria-vitis-platforms/kv260/platforms/vivado/kv260_ispMipiRx_vcu_DP/project/kv260_ispMipiRx_vcu_DP.runs/bd_eab1_hsc_0_synth_1/prj/sol/.autopilot/db/v_hscaler.cpp:965]   --->   Operation 201 'add' 'sum_22' <Predicate = true> <Delay = 0.64> <CoreInst = "DSP48">   --->   Core 127 'DSP48' <Latency = 3> <II = 1> <Delay = 0.53> <IPBlock> <Opcode : 'mul' 'add' 'sub' 'select'> <InPorts = 0> <OutPorts = 1> <Sync> <CReg>
ST_9 : Operation 202 [2/2] (0.64ns) (root node of the DSP)   --->   "%sum = add i27 %sum_22, i27 %sext_ln965" [/home/user/Documents/kria-vitis-platforms/kv260/platforms/vivado/kv260_ispMipiRx_vcu_DP/project/kv260_ispMipiRx_vcu_DP.runs/bd_eab1_hsc_0_synth_1/prj/sol/.autopilot/db/v_hscaler.cpp:965]   --->   Operation 202 'add' 'sum' <Predicate = true> <Delay = 0.64> <CoreInst = "DSP48">   --->   Core 127 'DSP48' <Latency = 3> <II = 1> <Delay = 0.53> <IPBlock> <Opcode : 'mul' 'add' 'sub' 'select'> <InPorts = 0> <OutPorts = 1> <Sync> <CReg>
ST_9 : Operation 203 [1/3] (0.00ns) (grouped into DSP with root node sum_11)   --->   "%ret_V_15 = mul i24 %zext_ln1494_5, i24 %sext_ln1494_5"   --->   Operation 203 'mul' 'ret_V_15' <Predicate = true> <Delay = 0.00> <CoreInst = "DSP48">   --->   Core 127 'DSP48' <Latency = 3> <II = 1> <Delay = 0.53> <IPBlock> <Opcode : 'mul' 'add' 'sub' 'select'> <InPorts = 0> <OutPorts = 1> <Sync> <CReg>
ST_9 : Operation 204 [1/1] (0.00ns) (grouped into DSP with root node sum_11)   --->   "%sext_ln965_4 = sext i24 %ret_V_15" [/home/user/Documents/kria-vitis-platforms/kv260/platforms/vivado/kv260_ispMipiRx_vcu_DP/project/kv260_ispMipiRx_vcu_DP.runs/bd_eab1_hsc_0_synth_1/prj/sol/.autopilot/db/v_hscaler.cpp:965]   --->   Operation 204 'sext' 'sext_ln965_4' <Predicate = true> <Delay = 0.00>
ST_9 : Operation 205 [1/2] (0.64ns) (root node of the DSP)   --->   "%sum_27 = add i27 %sext_ln965_7, i27 %sext_ln956_7" [/home/user/Documents/kria-vitis-platforms/kv260/platforms/vivado/kv260_ispMipiRx_vcu_DP/project/kv260_ispMipiRx_vcu_DP.runs/bd_eab1_hsc_0_synth_1/prj/sol/.autopilot/db/v_hscaler.cpp:965]   --->   Operation 205 'add' 'sum_27' <Predicate = true> <Delay = 0.64> <CoreInst = "DSP48">   --->   Core 127 'DSP48' <Latency = 3> <II = 1> <Delay = 0.53> <IPBlock> <Opcode : 'mul' 'add' 'sub' 'select'> <InPorts = 0> <OutPorts = 1> <Sync> <CReg>
ST_9 : Operation 206 [2/2] (0.64ns) (root node of the DSP)   --->   "%sum_11 = add i27 %sum_27, i27 %sext_ln965_4" [/home/user/Documents/kria-vitis-platforms/kv260/platforms/vivado/kv260_ispMipiRx_vcu_DP/project/kv260_ispMipiRx_vcu_DP.runs/bd_eab1_hsc_0_synth_1/prj/sol/.autopilot/db/v_hscaler.cpp:965]   --->   Operation 206 'add' 'sum_11' <Predicate = true> <Delay = 0.64> <CoreInst = "DSP48">   --->   Core 127 'DSP48' <Latency = 3> <II = 1> <Delay = 0.53> <IPBlock> <Opcode : 'mul' 'add' 'sub' 'select'> <InPorts = 0> <OutPorts = 1> <Sync> <CReg>
ST_9 : Operation 207 [1/3] (0.00ns) (grouped into DSP with root node sum_17)   --->   "%ret_V_21 = mul i24 %zext_ln1494_11, i24 %sext_ln1494_5"   --->   Operation 207 'mul' 'ret_V_21' <Predicate = true> <Delay = 0.00> <CoreInst = "DSP48">   --->   Core 127 'DSP48' <Latency = 3> <II = 1> <Delay = 0.53> <IPBlock> <Opcode : 'mul' 'add' 'sub' 'select'> <InPorts = 0> <OutPorts = 1> <Sync> <CReg>
ST_9 : Operation 208 [1/1] (0.00ns) (grouped into DSP with root node sum_17)   --->   "%sext_ln965_8 = sext i24 %ret_V_21" [/home/user/Documents/kria-vitis-platforms/kv260/platforms/vivado/kv260_ispMipiRx_vcu_DP/project/kv260_ispMipiRx_vcu_DP.runs/bd_eab1_hsc_0_synth_1/prj/sol/.autopilot/db/v_hscaler.cpp:965]   --->   Operation 208 'sext' 'sext_ln965_8' <Predicate = true> <Delay = 0.00>
ST_9 : Operation 209 [1/2] (0.64ns) (root node of the DSP)   --->   "%sum_32 = add i27 %sext_ln965_11, i27 %sext_ln956_11" [/home/user/Documents/kria-vitis-platforms/kv260/platforms/vivado/kv260_ispMipiRx_vcu_DP/project/kv260_ispMipiRx_vcu_DP.runs/bd_eab1_hsc_0_synth_1/prj/sol/.autopilot/db/v_hscaler.cpp:965]   --->   Operation 209 'add' 'sum_32' <Predicate = true> <Delay = 0.64> <CoreInst = "DSP48">   --->   Core 127 'DSP48' <Latency = 3> <II = 1> <Delay = 0.53> <IPBlock> <Opcode : 'mul' 'add' 'sub' 'select'> <InPorts = 0> <OutPorts = 1> <Sync> <CReg>
ST_9 : Operation 210 [2/2] (0.64ns) (root node of the DSP)   --->   "%sum_17 = add i27 %sum_32, i27 %sext_ln965_8" [/home/user/Documents/kria-vitis-platforms/kv260/platforms/vivado/kv260_ispMipiRx_vcu_DP/project/kv260_ispMipiRx_vcu_DP.runs/bd_eab1_hsc_0_synth_1/prj/sol/.autopilot/db/v_hscaler.cpp:965]   --->   Operation 210 'add' 'sum_17' <Predicate = true> <Delay = 0.64> <CoreInst = "DSP48">   --->   Core 127 'DSP48' <Latency = 3> <II = 1> <Delay = 0.53> <IPBlock> <Opcode : 'mul' 'add' 'sub' 'select'> <InPorts = 0> <OutPorts = 1> <Sync> <CReg>

State 10 <SV = 9> <Delay = 1.85>
ST_10 : Operation 211 [1/1] (0.00ns)   --->   "%specmemcore_ln0 = specmemcore void @_ssdm_op_SpecMemCore, i16 %FiltCoeff_0, i64 666, i64 19, i64 18446744073709551615"   --->   Operation 211 'specmemcore' 'specmemcore_ln0' <Predicate = true> <Delay = 0.00>
ST_10 : Operation 212 [1/1] (0.00ns)   --->   "%specmemcore_ln0 = specmemcore void @_ssdm_op_SpecMemCore, i16 %FiltCoeff_1, i64 666, i64 19, i64 18446744073709551615"   --->   Operation 212 'specmemcore' 'specmemcore_ln0' <Predicate = true> <Delay = 0.00>
ST_10 : Operation 213 [1/1] (0.00ns)   --->   "%specmemcore_ln0 = specmemcore void @_ssdm_op_SpecMemCore, i16 %FiltCoeff_2, i64 666, i64 19, i64 18446744073709551615"   --->   Operation 213 'specmemcore' 'specmemcore_ln0' <Predicate = true> <Delay = 0.00>
ST_10 : Operation 214 [1/1] (0.00ns)   --->   "%specmemcore_ln0 = specmemcore void @_ssdm_op_SpecMemCore, i16 %FiltCoeff_3, i64 666, i64 19, i64 18446744073709551615"   --->   Operation 214 'specmemcore' 'specmemcore_ln0' <Predicate = true> <Delay = 0.00>
ST_10 : Operation 215 [1/1] (0.00ns)   --->   "%specmemcore_ln0 = specmemcore void @_ssdm_op_SpecMemCore, i16 %FiltCoeff_4, i64 666, i64 19, i64 18446744073709551615"   --->   Operation 215 'specmemcore' 'specmemcore_ln0' <Predicate = true> <Delay = 0.00>
ST_10 : Operation 216 [1/1] (0.00ns)   --->   "%specmemcore_ln0 = specmemcore void @_ssdm_op_SpecMemCore, i16 %FiltCoeff_5, i64 666, i64 19, i64 18446744073709551615"   --->   Operation 216 'specmemcore' 'specmemcore_ln0' <Predicate = true> <Delay = 0.00>
ST_10 : Operation 217 [1/2] (0.64ns) (root node of the DSP)   --->   "%sum = add i27 %sum_22, i27 %sext_ln965" [/home/user/Documents/kria-vitis-platforms/kv260/platforms/vivado/kv260_ispMipiRx_vcu_DP/project/kv260_ispMipiRx_vcu_DP.runs/bd_eab1_hsc_0_synth_1/prj/sol/.autopilot/db/v_hscaler.cpp:965]   --->   Operation 217 'add' 'sum' <Predicate = true> <Delay = 0.64> <CoreInst = "DSP48">   --->   Core 127 'DSP48' <Latency = 3> <II = 1> <Delay = 0.53> <IPBlock> <Opcode : 'mul' 'add' 'sub' 'select'> <InPorts = 0> <OutPorts = 1> <Sync> <CReg>
ST_10 : Operation 218 [1/1] (0.00ns)   --->   "%tmp = bitselect i1 @_ssdm_op_BitSelect.i1.i27.i32, i27 %sum, i32 26" [/home/user/Documents/kria-vitis-platforms/kv260/platforms/vivado/kv260_ispMipiRx_vcu_DP/project/kv260_ispMipiRx_vcu_DP.runs/bd_eab1_hsc_0_synth_1/prj/sol/.autopilot/db/v_hscaler.cpp:968]   --->   Operation 218 'bitselect' 'tmp' <Predicate = true> <Delay = 0.00>
ST_10 : Operation 219 [1/1] (0.00ns)   --->   "%tmp_12 = partselect i7 @_ssdm_op_PartSelect.i7.i27.i32.i32, i27 %sum, i32 20, i32 26" [/home/user/Documents/kria-vitis-platforms/kv260/platforms/vivado/kv260_ispMipiRx_vcu_DP/project/kv260_ispMipiRx_vcu_DP.runs/bd_eab1_hsc_0_synth_1/prj/sol/.autopilot/db/v_hscaler.cpp:968]   --->   Operation 219 'partselect' 'tmp_12' <Predicate = true> <Delay = 0.00>
ST_10 : Operation 220 [1/1] (0.81ns)   --->   "%icmp_ln968 = icmp_sgt  i7 %tmp_12, i7 0" [/home/user/Documents/kria-vitis-platforms/kv260/platforms/vivado/kv260_ispMipiRx_vcu_DP/project/kv260_ispMipiRx_vcu_DP.runs/bd_eab1_hsc_0_synth_1/prj/sol/.autopilot/db/v_hscaler.cpp:968]   --->   Operation 220 'icmp' 'icmp_ln968' <Predicate = true> <Delay = 0.81> <CoreInst = "Cmp">   --->   Core 9 'Cmp' <Latency = 0> <II = 1> <Delay = 0.81> <FuncUnit> <Opcode : 'icmp'> <InPorts = 2> <OutPorts = 1>
ST_10 : Operation 221 [1/1] (0.00ns) (grouped into LUT with out node select_ln214)   --->   "%trunc_ln = partselect i8 @_ssdm_op_PartSelect.i8.i27.i32.i32, i27 %sum, i32 12, i32 19"   --->   Operation 221 'partselect' 'trunc_ln' <Predicate = true> <Delay = 0.00>
ST_10 : Operation 222 [1/1] (0.00ns) (grouped into LUT with out node select_ln214)   --->   "%xor_ln214 = xor i1 %tmp, i1 1"   --->   Operation 222 'xor' 'xor_ln214' <Predicate = true> <Delay = 0.00> <CoreInst = "LogicGate">   --->   Core 74 'LogicGate' <Latency = 0> <II = 1> <Delay = 0.28> <FuncUnit> <Opcode : 'and' 'or' 'xor'> <InPorts = 2> <OutPorts = 1>
ST_10 : Operation 223 [1/1] (0.00ns) (grouped into LUT with out node select_ln214)   --->   "%select_ln214_5 = select i1 %xor_ln214, i8 255, i8 0"   --->   Operation 223 'select' 'select_ln214_5' <Predicate = true> <Delay = 0.00> <CoreInst = "Sel">   --->   Core 73 'Sel' <Latency = 0> <II = 1> <Delay = 0.17> <FuncUnit> <Opcode : 'select'> <InPorts = 3> <OutPorts = 1>
ST_10 : Operation 224 [1/1] (0.00ns) (grouped into LUT with out node select_ln214)   --->   "%or_ln214 = or i1 %tmp, i1 %icmp_ln968"   --->   Operation 224 'or' 'or_ln214' <Predicate = true> <Delay = 0.00> <CoreInst = "LogicGate">   --->   Core 74 'LogicGate' <Latency = 0> <II = 1> <Delay = 0.28> <FuncUnit> <Opcode : 'and' 'or' 'xor'> <InPorts = 2> <OutPorts = 1>
ST_10 : Operation 225 [1/1] (0.39ns) (out node of the LUT)   --->   "%select_ln214 = select i1 %or_ln214, i8 %select_ln214_5, i8 %trunc_ln"   --->   Operation 225 'select' 'select_ln214' <Predicate = true> <Delay = 0.39> <CoreInst = "Sel">   --->   Core 73 'Sel' <Latency = 0> <II = 1> <Delay = 0.39> <FuncUnit> <Opcode : 'select'> <InPorts = 3> <OutPorts = 1>
ST_10 : Operation 226 [1/2] (0.64ns) (root node of the DSP)   --->   "%sum_11 = add i27 %sum_27, i27 %sext_ln965_4" [/home/user/Documents/kria-vitis-platforms/kv260/platforms/vivado/kv260_ispMipiRx_vcu_DP/project/kv260_ispMipiRx_vcu_DP.runs/bd_eab1_hsc_0_synth_1/prj/sol/.autopilot/db/v_hscaler.cpp:965]   --->   Operation 226 'add' 'sum_11' <Predicate = true> <Delay = 0.64> <CoreInst = "DSP48">   --->   Core 127 'DSP48' <Latency = 3> <II = 1> <Delay = 0.53> <IPBlock> <Opcode : 'mul' 'add' 'sub' 'select'> <InPorts = 0> <OutPorts = 1> <Sync> <CReg>
ST_10 : Operation 227 [1/1] (0.00ns)   --->   "%tmp_13 = bitselect i1 @_ssdm_op_BitSelect.i1.i27.i32, i27 %sum_11, i32 26" [/home/user/Documents/kria-vitis-platforms/kv260/platforms/vivado/kv260_ispMipiRx_vcu_DP/project/kv260_ispMipiRx_vcu_DP.runs/bd_eab1_hsc_0_synth_1/prj/sol/.autopilot/db/v_hscaler.cpp:968]   --->   Operation 227 'bitselect' 'tmp_13' <Predicate = true> <Delay = 0.00>
ST_10 : Operation 228 [1/1] (0.00ns)   --->   "%tmp_14 = partselect i7 @_ssdm_op_PartSelect.i7.i27.i32.i32, i27 %sum_11, i32 20, i32 26" [/home/user/Documents/kria-vitis-platforms/kv260/platforms/vivado/kv260_ispMipiRx_vcu_DP/project/kv260_ispMipiRx_vcu_DP.runs/bd_eab1_hsc_0_synth_1/prj/sol/.autopilot/db/v_hscaler.cpp:968]   --->   Operation 228 'partselect' 'tmp_14' <Predicate = true> <Delay = 0.00>
ST_10 : Operation 229 [1/1] (0.81ns)   --->   "%icmp_ln968_1 = icmp_sgt  i7 %tmp_14, i7 0" [/home/user/Documents/kria-vitis-platforms/kv260/platforms/vivado/kv260_ispMipiRx_vcu_DP/project/kv260_ispMipiRx_vcu_DP.runs/bd_eab1_hsc_0_synth_1/prj/sol/.autopilot/db/v_hscaler.cpp:968]   --->   Operation 229 'icmp' 'icmp_ln968_1' <Predicate = true> <Delay = 0.81> <CoreInst = "Cmp">   --->   Core 9 'Cmp' <Latency = 0> <II = 1> <Delay = 0.81> <FuncUnit> <Opcode : 'icmp'> <InPorts = 2> <OutPorts = 1>
ST_10 : Operation 230 [1/1] (0.00ns) (grouped into LUT with out node select_ln214_3)   --->   "%trunc_ln214_3 = partselect i8 @_ssdm_op_PartSelect.i8.i27.i32.i32, i27 %sum_11, i32 12, i32 19"   --->   Operation 230 'partselect' 'trunc_ln214_3' <Predicate = true> <Delay = 0.00>
ST_10 : Operation 231 [1/1] (0.00ns) (grouped into LUT with out node select_ln214_3)   --->   "%xor_ln214_1 = xor i1 %tmp_13, i1 1"   --->   Operation 231 'xor' 'xor_ln214_1' <Predicate = true> <Delay = 0.00> <CoreInst = "LogicGate">   --->   Core 74 'LogicGate' <Latency = 0> <II = 1> <Delay = 0.28> <FuncUnit> <Opcode : 'and' 'or' 'xor'> <InPorts = 2> <OutPorts = 1>
ST_10 : Operation 232 [1/1] (0.00ns) (grouped into LUT with out node select_ln214_3)   --->   "%select_ln214_6 = select i1 %xor_ln214_1, i8 255, i8 0"   --->   Operation 232 'select' 'select_ln214_6' <Predicate = true> <Delay = 0.00> <CoreInst = "Sel">   --->   Core 73 'Sel' <Latency = 0> <II = 1> <Delay = 0.17> <FuncUnit> <Opcode : 'select'> <InPorts = 3> <OutPorts = 1>
ST_10 : Operation 233 [1/1] (0.00ns) (grouped into LUT with out node select_ln214_3)   --->   "%or_ln214_1 = or i1 %tmp_13, i1 %icmp_ln968_1"   --->   Operation 233 'or' 'or_ln214_1' <Predicate = true> <Delay = 0.00> <CoreInst = "LogicGate">   --->   Core 74 'LogicGate' <Latency = 0> <II = 1> <Delay = 0.28> <FuncUnit> <Opcode : 'and' 'or' 'xor'> <InPorts = 2> <OutPorts = 1>
ST_10 : Operation 234 [1/1] (0.39ns) (out node of the LUT)   --->   "%select_ln214_3 = select i1 %or_ln214_1, i8 %select_ln214_6, i8 %trunc_ln214_3"   --->   Operation 234 'select' 'select_ln214_3' <Predicate = true> <Delay = 0.39> <CoreInst = "Sel">   --->   Core 73 'Sel' <Latency = 0> <II = 1> <Delay = 0.39> <FuncUnit> <Opcode : 'select'> <InPorts = 3> <OutPorts = 1>
ST_10 : Operation 235 [1/2] (0.64ns) (root node of the DSP)   --->   "%sum_17 = add i27 %sum_32, i27 %sext_ln965_8" [/home/user/Documents/kria-vitis-platforms/kv260/platforms/vivado/kv260_ispMipiRx_vcu_DP/project/kv260_ispMipiRx_vcu_DP.runs/bd_eab1_hsc_0_synth_1/prj/sol/.autopilot/db/v_hscaler.cpp:965]   --->   Operation 235 'add' 'sum_17' <Predicate = true> <Delay = 0.64> <CoreInst = "DSP48">   --->   Core 127 'DSP48' <Latency = 3> <II = 1> <Delay = 0.53> <IPBlock> <Opcode : 'mul' 'add' 'sub' 'select'> <InPorts = 0> <OutPorts = 1> <Sync> <CReg>
ST_10 : Operation 236 [1/1] (0.00ns)   --->   "%tmp_15 = bitselect i1 @_ssdm_op_BitSelect.i1.i27.i32, i27 %sum_17, i32 26" [/home/user/Documents/kria-vitis-platforms/kv260/platforms/vivado/kv260_ispMipiRx_vcu_DP/project/kv260_ispMipiRx_vcu_DP.runs/bd_eab1_hsc_0_synth_1/prj/sol/.autopilot/db/v_hscaler.cpp:968]   --->   Operation 236 'bitselect' 'tmp_15' <Predicate = true> <Delay = 0.00>
ST_10 : Operation 237 [1/1] (0.00ns)   --->   "%tmp_16 = partselect i7 @_ssdm_op_PartSelect.i7.i27.i32.i32, i27 %sum_17, i32 20, i32 26" [/home/user/Documents/kria-vitis-platforms/kv260/platforms/vivado/kv260_ispMipiRx_vcu_DP/project/kv260_ispMipiRx_vcu_DP.runs/bd_eab1_hsc_0_synth_1/prj/sol/.autopilot/db/v_hscaler.cpp:968]   --->   Operation 237 'partselect' 'tmp_16' <Predicate = true> <Delay = 0.00>
ST_10 : Operation 238 [1/1] (0.81ns)   --->   "%icmp_ln968_2 = icmp_sgt  i7 %tmp_16, i7 0" [/home/user/Documents/kria-vitis-platforms/kv260/platforms/vivado/kv260_ispMipiRx_vcu_DP/project/kv260_ispMipiRx_vcu_DP.runs/bd_eab1_hsc_0_synth_1/prj/sol/.autopilot/db/v_hscaler.cpp:968]   --->   Operation 238 'icmp' 'icmp_ln968_2' <Predicate = true> <Delay = 0.81> <CoreInst = "Cmp">   --->   Core 9 'Cmp' <Latency = 0> <II = 1> <Delay = 0.81> <FuncUnit> <Opcode : 'icmp'> <InPorts = 2> <OutPorts = 1>
ST_10 : Operation 239 [1/1] (0.00ns) (grouped into LUT with out node select_ln214_4)   --->   "%trunc_ln214_4 = partselect i8 @_ssdm_op_PartSelect.i8.i27.i32.i32, i27 %sum_17, i32 12, i32 19"   --->   Operation 239 'partselect' 'trunc_ln214_4' <Predicate = true> <Delay = 0.00>
ST_10 : Operation 240 [1/1] (0.00ns) (grouped into LUT with out node select_ln214_4)   --->   "%xor_ln214_2 = xor i1 %tmp_15, i1 1"   --->   Operation 240 'xor' 'xor_ln214_2' <Predicate = true> <Delay = 0.00> <CoreInst = "LogicGate">   --->   Core 74 'LogicGate' <Latency = 0> <II = 1> <Delay = 0.28> <FuncUnit> <Opcode : 'and' 'or' 'xor'> <InPorts = 2> <OutPorts = 1>
ST_10 : Operation 241 [1/1] (0.00ns) (grouped into LUT with out node select_ln214_4)   --->   "%select_ln214_7 = select i1 %xor_ln214_2, i8 255, i8 0"   --->   Operation 241 'select' 'select_ln214_7' <Predicate = true> <Delay = 0.00> <CoreInst = "Sel">   --->   Core 73 'Sel' <Latency = 0> <II = 1> <Delay = 0.17> <FuncUnit> <Opcode : 'select'> <InPorts = 3> <OutPorts = 1>
ST_10 : Operation 242 [1/1] (0.00ns) (grouped into LUT with out node select_ln214_4)   --->   "%or_ln214_2 = or i1 %tmp_15, i1 %icmp_ln968_2"   --->   Operation 242 'or' 'or_ln214_2' <Predicate = true> <Delay = 0.00> <CoreInst = "LogicGate">   --->   Core 74 'LogicGate' <Latency = 0> <II = 1> <Delay = 0.28> <FuncUnit> <Opcode : 'and' 'or' 'xor'> <InPorts = 2> <OutPorts = 1>
ST_10 : Operation 243 [1/1] (0.39ns) (out node of the LUT)   --->   "%select_ln214_4 = select i1 %or_ln214_2, i8 %select_ln214_7, i8 %trunc_ln214_4"   --->   Operation 243 'select' 'select_ln214_4' <Predicate = true> <Delay = 0.39> <CoreInst = "Sel">   --->   Core 73 'Sel' <Latency = 0> <II = 1> <Delay = 0.39> <FuncUnit> <Opcode : 'select'> <InPorts = 3> <OutPorts = 1>
ST_10 : Operation 244 [1/1] (0.00ns)   --->   "%mrv = insertvalue i24 <undef>, i8 %select_ln214" [/home/user/Documents/kria-vitis-platforms/kv260/platforms/vivado/kv260_ispMipiRx_vcu_DP/project/kv260_ispMipiRx_vcu_DP.runs/bd_eab1_hsc_0_synth_1/prj/sol/.autopilot/db/v_hscaler.cpp:973]   --->   Operation 244 'insertvalue' 'mrv' <Predicate = true> <Delay = 0.00>
ST_10 : Operation 245 [1/1] (0.00ns)   --->   "%mrv_1 = insertvalue i24 %mrv, i8 %select_ln214_3" [/home/user/Documents/kria-vitis-platforms/kv260/platforms/vivado/kv260_ispMipiRx_vcu_DP/project/kv260_ispMipiRx_vcu_DP.runs/bd_eab1_hsc_0_synth_1/prj/sol/.autopilot/db/v_hscaler.cpp:973]   --->   Operation 245 'insertvalue' 'mrv_1' <Predicate = true> <Delay = 0.00>
ST_10 : Operation 246 [1/1] (0.00ns)   --->   "%mrv_2 = insertvalue i24 %mrv_1, i8 %select_ln214_4" [/home/user/Documents/kria-vitis-platforms/kv260/platforms/vivado/kv260_ispMipiRx_vcu_DP/project/kv260_ispMipiRx_vcu_DP.runs/bd_eab1_hsc_0_synth_1/prj/sol/.autopilot/db/v_hscaler.cpp:973]   --->   Operation 246 'insertvalue' 'mrv_2' <Predicate = true> <Delay = 0.00>
ST_10 : Operation 247 [1/1] (0.00ns)   --->   "%ret_ln973 = ret i24 %mrv_2" [/home/user/Documents/kria-vitis-platforms/kv260/platforms/vivado/kv260_ispMipiRx_vcu_DP/project/kv260_ispMipiRx_vcu_DP.runs/bd_eab1_hsc_0_synth_1/prj/sol/.autopilot/db/v_hscaler.cpp:973]   --->   Operation 247 'ret' 'ret_ln973' <Predicate = true> <Delay = 0.00>


============================================================
+ Verbose Summary: Timing violations
============================================================
Target clock period: 5ns, clock uncertainty: 1.35ns.

 <State 1>: 1.27ns
The critical path consists of the following:
	wire read operation ('p_read_8', /home/user/Documents/kria-vitis-platforms/kv260/platforms/vivado/kv260_ispMipiRx_vcu_DP/project/kv260_ispMipiRx_vcu_DP.runs/bd_eab1_hsc_0_synth_1/prj/sol/.autopilot/db/v_hscaler.cpp:938) on port 'p_read2425' (/home/user/Documents/kria-vitis-platforms/kv260/platforms/vivado/kv260_ispMipiRx_vcu_DP/project/kv260_ispMipiRx_vcu_DP.runs/bd_eab1_hsc_0_synth_1/prj/sol/.autopilot/db/v_hscaler.cpp:938) [39]  (0 ns)
	'add' operation ('add_ln186') [79]  (0.548 ns)
	'mux' operation ('lhs') [80]  (0.721 ns)

 <State 2>: 1.67ns
The critical path consists of the following:
	'load' operation ('i_op', /home/user/Documents/kria-vitis-platforms/kv260/platforms/vivado/kv260_ispMipiRx_vcu_DP/project/kv260_ispMipiRx_vcu_DP.runs/bd_eab1_hsc_0_synth_1/prj/sol/.autopilot/db/v_hscaler.cpp:951) on array 'FiltCoeff_0' [68]  (0.677 ns)
	'mul' operation of DSP[109] ('ret.V') [83]  (0.996 ns)

 <State 3>: 1.67ns
The critical path consists of the following:
	'load' operation ('i_op', /home/user/Documents/kria-vitis-platforms/kv260/platforms/vivado/kv260_ispMipiRx_vcu_DP/project/kv260_ispMipiRx_vcu_DP.runs/bd_eab1_hsc_0_synth_1/prj/sol/.autopilot/db/v_hscaler.cpp:951) on array 'FiltCoeff_1' [70]  (0.677 ns)
	'mul' operation of DSP[111] ('ret.V') [87]  (0.996 ns)

 <State 4>: 1.67ns
The critical path consists of the following:
	'load' operation ('i_op', /home/user/Documents/kria-vitis-platforms/kv260/platforms/vivado/kv260_ispMipiRx_vcu_DP/project/kv260_ispMipiRx_vcu_DP.runs/bd_eab1_hsc_0_synth_1/prj/sol/.autopilot/db/v_hscaler.cpp:951) on array 'FiltCoeff_2' [72]  (0.677 ns)
	'mul' operation of DSP[113] ('ret.V') [92]  (0.996 ns)

 <State 5>: 1.67ns
The critical path consists of the following:
	'load' operation ('i_op', /home/user/Documents/kria-vitis-platforms/kv260/platforms/vivado/kv260_ispMipiRx_vcu_DP/project/kv260_ispMipiRx_vcu_DP.runs/bd_eab1_hsc_0_synth_1/prj/sol/.autopilot/db/v_hscaler.cpp:951) on array 'FiltCoeff_3' [74]  (0.677 ns)
	'mul' operation of DSP[114] ('ret.V') [97]  (0.996 ns)

 <State 6>: 1.67ns
The critical path consists of the following:
	'load' operation ('i_op', /home/user/Documents/kria-vitis-platforms/kv260/platforms/vivado/kv260_ispMipiRx_vcu_DP/project/kv260_ispMipiRx_vcu_DP.runs/bd_eab1_hsc_0_synth_1/prj/sol/.autopilot/db/v_hscaler.cpp:951) on array 'FiltCoeff_4' [76]  (0.677 ns)
	'mul' operation of DSP[116] ('ret.V') [102]  (0.996 ns)

 <State 7>: 1.67ns
The critical path consists of the following:
	'load' operation ('i_op', /home/user/Documents/kria-vitis-platforms/kv260/platforms/vivado/kv260_ispMipiRx_vcu_DP/project/kv260_ispMipiRx_vcu_DP.runs/bd_eab1_hsc_0_synth_1/prj/sol/.autopilot/db/v_hscaler.cpp:951) on array 'FiltCoeff_5' [78]  (0.677 ns)
	'mul' operation of DSP[117] ('ret.V') [107]  (0.996 ns)

 <State 8>: 1.29ns
The critical path consists of the following:
	'add' operation of DSP[114] ('sum_21', /home/user/Documents/kria-vitis-platforms/kv260/platforms/vivado/kv260_ispMipiRx_vcu_DP/project/kv260_ispMipiRx_vcu_DP.runs/bd_eab1_hsc_0_synth_1/prj/sol/.autopilot/db/v_hscaler.cpp:965) [114]  (0.645 ns)
	'add' operation of DSP[116] ('sum_22', /home/user/Documents/kria-vitis-platforms/kv260/platforms/vivado/kv260_ispMipiRx_vcu_DP/project/kv260_ispMipiRx_vcu_DP.runs/bd_eab1_hsc_0_synth_1/prj/sol/.autopilot/db/v_hscaler.cpp:965) [116]  (0.645 ns)

 <State 9>: 1.29ns
The critical path consists of the following:
	'add' operation of DSP[116] ('sum_22', /home/user/Documents/kria-vitis-platforms/kv260/platforms/vivado/kv260_ispMipiRx_vcu_DP/project/kv260_ispMipiRx_vcu_DP.runs/bd_eab1_hsc_0_synth_1/prj/sol/.autopilot/db/v_hscaler.cpp:965) [116]  (0.645 ns)
	'add' operation of DSP[117] ('sum', /home/user/Documents/kria-vitis-platforms/kv260/platforms/vivado/kv260_ispMipiRx_vcu_DP/project/kv260_ispMipiRx_vcu_DP.runs/bd_eab1_hsc_0_synth_1/prj/sol/.autopilot/db/v_hscaler.cpp:965) [117]  (0.645 ns)

 <State 10>: 1.85ns
The critical path consists of the following:
	'add' operation of DSP[117] ('sum', /home/user/Documents/kria-vitis-platforms/kv260/platforms/vivado/kv260_ispMipiRx_vcu_DP/project/kv260_ispMipiRx_vcu_DP.runs/bd_eab1_hsc_0_synth_1/prj/sol/.autopilot/db/v_hscaler.cpp:965) [117]  (0.645 ns)
	'icmp' operation ('icmp_ln968', /home/user/Documents/kria-vitis-platforms/kv260/platforms/vivado/kv260_ispMipiRx_vcu_DP/project/kv260_ispMipiRx_vcu_DP.runs/bd_eab1_hsc_0_synth_1/prj/sol/.autopilot/db/v_hscaler.cpp:968) [120]  (0.817 ns)
	'or' operation ('or_ln214') [124]  (0 ns)
	'select' operation ('select_ln214') [125]  (0.393 ns)


============================================================
+ Verbose Summary: Binding
============================================================
N/A
* FSMD analyzer results:
  - Output states:
 - Input state : 
  - Chain level:
	State 1
	State 2
	State 3
	State 4
	State 5
	State 6
	State 7
	State 8
	State 9
	State 10


============================================================
+ Verbose Summary: Datapath Resource usage 
============================================================
N/A
