

================================================================
== Vitis HLS Report for 'v_hcresampler_core_1_Pipeline_VITIS_LOOP_1636_2'
================================================================
* Date:           Fri Mar  6 02:17:06 2026

* Version:        2022.2 (Build 3670227 on Oct 13 2022)
* Project:        prj
* Solution:       sol (Vivado IP Flow Target)
* Product family: zynquplus
* Target device:  xck26-sfvc784-2LV-c


================================================================
== Performance Estimates
================================================================
+ Timing: 
    * Summary: 
    +--------+---------+----------+------------+
    |  Clock |  Target | Estimated| Uncertainty|
    +--------+---------+----------+------------+
    |ap_clk  |  5.00 ns|  2.542 ns|     1.35 ns|
    +--------+---------+----------+------------+

+ Latency: 
    * Summary: 
    +---------+---------+-----------+----------+-----+-------+---------+
    |  Latency (cycles) |  Latency (absolute)  |   Interval  | Pipeline|
    |   min   |   max   |    min    |    max   | min |  max  |   Type  |
    +---------+---------+-----------+----------+-----+-------+---------+
    |        5|    32771|  25.000 ns|  0.164 ms|    5|  32771|       no|
    +---------+---------+-----------+----------+-----+-------+---------+

    + Detail: 
        * Instance: 
        N/A

        * Loop: 
        +---------------------+---------+---------+----------+-----------+-----------+-----------+----------+
        |                     |  Latency (cycles) | Iteration|  Initiation Interval  |    Trip   |          |
        |      Loop Name      |   min   |   max   |  Latency |  achieved |   target  |   Count   | Pipelined|
        +---------------------+---------+---------+----------+-----------+-----------+-----------+----------+
        |- VITIS_LOOP_1636_2  |        3|    32769|         4|          1|          1|  1 ~ 32767|       yes|
        +---------------------+---------+---------+----------+-----------+-----------+-----------+----------+



================================================================
== Utilization Estimates
================================================================
* Summary: 
+-----------------+---------+------+--------+--------+-----+
|       Name      | BRAM_18K|  DSP |   FF   |   LUT  | URAM|
+-----------------+---------+------+--------+--------+-----+
|DSP              |        -|     -|       -|       -|    -|
|Expression       |        -|     -|       0|     326|    -|
|FIFO             |        -|     -|       -|       -|    -|
|Instance         |        -|     -|       0|      20|    -|
|Memory           |        -|     -|       -|       -|    -|
|Multiplexer      |        -|     -|       -|     230|    -|
|Register         |        -|     -|     200|      32|    -|
+-----------------+---------+------+--------+--------+-----+
|Total            |        0|     0|     200|     608|    0|
+-----------------+---------+------+--------+--------+-----+
|Available        |      288|  1248|  234240|  117120|   64|
+-----------------+---------+------+--------+--------+-----+
|Utilization (%)  |        0|     0|      ~0|      ~0|    0|
+-----------------+---------+------+--------+--------+-----+

+ Detail: 
    * Instance: 
    +-------------------+--------------+---------+----+---+----+-----+
    |      Instance     |    Module    | BRAM_18K| DSP| FF| LUT| URAM|
    +-------------------+--------------+---------+----+---+----+-----+
    |mux_43_8_1_1_U250  |mux_43_8_1_1  |        0|   0|  0|  20|    0|
    +-------------------+--------------+---------+----+---+----+-----+
    |Total              |              |        0|   0|  0|  20|    0|
    +-------------------+--------------+---------+----+---+----+-----+

    * DSP: 
    N/A

    * Memory: 
    N/A

    * FIFO: 
    N/A

    * Expression: 
    +-----------------------------------+----------+----+---+----+------------+------------+
    |           Variable Name           | Operation| DSP| FF| LUT| Bitwidth P0| Bitwidth P1|
    +-----------------------------------+----------+----+---+----+------------+------------+
    |add_ln1495_2_fu_595_p2             |         +|   0|  0|  18|          10|          10|
    |add_ln1495_3_fu_589_p2             |         +|   0|  0|  18|          10|          10|
    |add_ln1495_5_fu_647_p2             |         +|   0|  0|  18|          10|          10|
    |add_ln1495_6_fu_641_p2             |         +|   0|  0|  18|          10|          10|
    |add_ln1636_fu_375_p2               |         +|   0|  0|  22|          15|           1|
    |ret_V_2_fu_579_p2                  |         +|   0|  0|  16|           9|           2|
    |ret_V_4_fu_631_p2                  |         +|   0|  0|  16|           9|           2|
    |out_x_fu_381_p2                    |         -|   0|  0|  23|          16|          16|
    |ap_block_state2_pp0_stage0_iter1   |       and|   0|  0|   2|           1|           1|
    |ap_block_state3_pp0_stage0_iter2   |       and|   0|  0|   2|           1|           1|
    |ap_block_state4_pp0_stage0_iter3   |       and|   0|  0|   2|           1|           1|
    |ap_condition_585                   |       and|   0|  0|   2|           1|           1|
    |ap_predicate_op120_write_state3    |       and|   0|  0|   2|           1|           1|
    |ap_predicate_op138_write_state4    |       and|   0|  0|   2|           1|           1|
    |ap_predicate_op63_read_state2      |       and|   0|  0|   2|           1|           1|
    |cmp148_fu_397_p2                   |      icmp|   0|  0|  12|          15|           1|
    |icmp_ln1636_fu_369_p2              |      icmp|   0|  0|  12|          15|          15|
    |icmp_ln1643_fu_391_p2              |      icmp|   0|  0|  13|          16|          16|
    |ap_block_pp0_stage0_01001          |        or|   0|  0|   2|           1|           1|
    |filt_res1_fu_667_p3                |    select|   0|  0|  64|           1|          64|
    |lhs_V_fu_531_p3                    |    select|   0|  0|   8|           1|           8|
    |lhs_fu_545_p3                      |    select|   0|  0|   8|           1|           8|
    |rhs_5_fu_524_p3                    |    select|   0|  0|   8|           1|           8|
    |rhs_V_2_fu_517_p3                  |    select|   0|  0|   8|           1|           8|
    |rhs_V_fu_538_p3                    |    select|   0|  0|   8|           1|           8|
    |rhs_fu_552_p3                      |    select|   0|  0|   8|           1|           8|
    |select_ln1634_cast_cast_fu_304_p3  |    select|   0|  0|   2|           1|           2|
    |select_ln1757_fu_678_p3            |    select|   0|  0|   8|           1|           8|
    |ap_enable_pp0                      |       xor|   0|  0|   2|           1|           2|
    +-----------------------------------+----------+----+---+----+------------+------------+
    |Total                              |          |   0|  0| 326|         153|         225|
    +-----------------------------------+----------+----+---+----+------------+------------+

    * Multiplexer: 
    +-----------------------------+----+-----------+-----+-----------+
    |             Name            | LUT| Input Size| Bits| Total Bits|
    +-----------------------------+----+-----------+-----+-----------+
    |ap_done_int                  |   9|          2|    1|          2|
    |ap_enable_reg_pp0_iter3      |   9|          2|    1|          2|
    |ap_sig_allocacmp_x_2         |   9|          2|   15|         30|
    |filt_res1_1_out_o            |   9|          2|   64|        128|
    |p_0_0_0_0_0524_21083_fu_142  |   9|          2|    8|         16|
    |p_0_0_0_0_05321032_out_o     |   9|          2|    8|         16|
    |p_0_0_0_0_0_21086_fu_146     |   9|          2|    8|         16|
    |p_0_1_0_0_01034_out_o        |   9|          2|    8|         16|
    |p_0_1_0_0_01042_fu_162       |   9|          2|    8|         16|
    |p_0_1_0_0_01046_fu_166       |   9|          2|    8|         16|
    |p_0_2_0_0_01036_out_o        |   9|          2|    8|         16|
    |p_out1_o                     |   9|          2|    8|         16|
    |p_out2_o                     |   9|          2|    8|         16|
    |p_out3_o                     |   9|          2|    8|         16|
    |p_out_o                      |   9|          2|    8|         16|
    |pixbuf_y_val_V_10_fu_158     |   9|          2|    8|         16|
    |pixbuf_y_val_V_5_fu_154      |   9|          2|    8|         16|
    |pixbuf_y_val_V_6_out_o       |   9|          2|    8|         16|
    |pixbuf_y_val_V_7_fu_170      |   9|          2|    8|         16|
    |pixbuf_y_val_V_8_fu_174      |   9|          2|    8|         16|
    |pixbuf_y_val_V_9_fu_178      |   9|          2|    8|         16|
    |stream_out_422_blk_n         |   9|          2|    1|          2|
    |stream_out_422_din           |  14|          3|   24|         72|
    |stream_scaled_csc_blk_n      |   9|          2|    1|          2|
    |x_fu_150                     |   9|          2|   15|         30|
    +-----------------------------+----+-----------+-----+-----------+
    |Total                        | 230|         51|  258|        540|
    +-----------------------------+----+-----------+-----+-----------+

    * Register: 
    +-----------------------------------+----+----+-----+-----------+
    |                Name               | FF | LUT| Bits| Const Bits|
    +-----------------------------------+----+----+-----+-----------+
    |ap_CS_fsm                          |   1|   0|    1|          0|
    |ap_done_reg                        |   1|   0|    1|          0|
    |ap_enable_reg_pp0_iter1            |   1|   0|    1|          0|
    |ap_enable_reg_pp0_iter2            |   1|   0|    1|          0|
    |ap_enable_reg_pp0_iter3            |   1|   0|    1|          0|
    |ap_loop_exit_ready_pp0_iter1_reg   |   1|   0|    1|          0|
    |ap_loop_exit_ready_pp0_iter2_reg   |   1|   0|    1|          0|
    |cmp148_reg_928                     |   1|   0|    1|          0|
    |cmp148_reg_928_pp0_iter1_reg       |   1|   0|    1|          0|
    |icmp_ln1636_reg_914                |   1|   0|    1|          0|
    |icmp_ln1636_reg_914_pp0_iter1_reg  |   1|   0|    1|          0|
    |icmp_ln1643_reg_924                |   1|   0|    1|          0|
    |odd_col_reg_918                    |   1|   0|    1|          0|
    |odd_col_reg_918_pp0_iter1_reg      |   1|   0|    1|          0|
    |p_0_0_0_0_0524_21083_fu_142        |   8|   0|    8|          0|
    |p_0_0_0_0_0_21086_fu_146           |   8|   0|    8|          0|
    |p_0_1_0_0_01042_fu_162             |   8|   0|    8|          0|
    |p_0_1_0_0_01046_fu_166             |   8|   0|    8|          0|
    |pixbuf_y_val_V_10_fu_158           |   8|   0|    8|          0|
    |pixbuf_y_val_V_11_reg_942          |   8|   0|    8|          0|
    |pixbuf_y_val_V_12_reg_948          |   8|   0|    8|          0|
    |pixbuf_y_val_V_13_reg_953          |   8|   0|    8|          0|
    |pixbuf_y_val_V_5_fu_154            |   8|   0|    8|          0|
    |pixbuf_y_val_V_7_fu_170            |   8|   0|    8|          0|
    |pixbuf_y_val_V_8_fu_174            |   8|   0|    8|          0|
    |pixbuf_y_val_V_9_fu_178            |   8|   0|    8|          0|
    |select_ln1634_cast_cast_reg_909    |   2|   0|    3|          1|
    |select_ln1757_reg_958              |   8|   0|    8|          0|
    |tmp_reg_938                        |   1|   0|    1|          0|
    |x_fu_150                           |  15|   0|   15|          0|
    |tmp_reg_938                        |  64|  32|    1|          0|
    +-----------------------------------+----+----+-----+-----------+
    |Total                              | 200|  32|  138|          1|
    +-----------------------------------+----+----+-----+-----------+



================================================================
== Interface
================================================================
* Summary: 
+----------------------------------+-----+-----+------------+-------------------------------------------------+--------------+
|             RTL Ports            | Dir | Bits|  Protocol  |                  Source Object                  |    C Type    |
+----------------------------------+-----+-----+------------+-------------------------------------------------+--------------+
|ap_clk                            |   in|    1|  ap_ctrl_hs|  v_hcresampler_core.1_Pipeline_VITIS_LOOP_1636_2|  return value|
|ap_rst                            |   in|    1|  ap_ctrl_hs|  v_hcresampler_core.1_Pipeline_VITIS_LOOP_1636_2|  return value|
|ap_start                          |   in|    1|  ap_ctrl_hs|  v_hcresampler_core.1_Pipeline_VITIS_LOOP_1636_2|  return value|
|ap_done                           |  out|    1|  ap_ctrl_hs|  v_hcresampler_core.1_Pipeline_VITIS_LOOP_1636_2|  return value|
|ap_idle                           |  out|    1|  ap_ctrl_hs|  v_hcresampler_core.1_Pipeline_VITIS_LOOP_1636_2|  return value|
|ap_ready                          |  out|    1|  ap_ctrl_hs|  v_hcresampler_core.1_Pipeline_VITIS_LOOP_1636_2|  return value|
|stream_scaled_csc_dout            |   in|   24|     ap_fifo|                                stream_scaled_csc|       pointer|
|stream_scaled_csc_num_data_valid  |   in|    5|     ap_fifo|                                stream_scaled_csc|       pointer|
|stream_scaled_csc_fifo_cap        |   in|    5|     ap_fifo|                                stream_scaled_csc|       pointer|
|stream_scaled_csc_empty_n         |   in|    1|     ap_fifo|                                stream_scaled_csc|       pointer|
|stream_scaled_csc_read            |  out|    1|     ap_fifo|                                stream_scaled_csc|       pointer|
|stream_out_422_din                |  out|   24|     ap_fifo|                                   stream_out_422|       pointer|
|stream_out_422_num_data_valid     |   in|    5|     ap_fifo|                                   stream_out_422|       pointer|
|stream_out_422_fifo_cap           |   in|    5|     ap_fifo|                                   stream_out_422|       pointer|
|stream_out_422_full_n             |   in|    1|     ap_fifo|                                   stream_out_422|       pointer|
|stream_out_422_write              |  out|    1|     ap_fifo|                                   stream_out_422|       pointer|
|pixbuf_y_val_V_4                  |   in|    8|     ap_none|                                 pixbuf_y_val_V_4|        scalar|
|pixbuf_y_val_V_3                  |   in|    8|     ap_none|                                 pixbuf_y_val_V_3|        scalar|
|pixbuf_y_val_V_2                  |   in|    8|     ap_none|                                 pixbuf_y_val_V_2|        scalar|
|pixbuf_y_val_V                    |   in|    8|     ap_none|                                   pixbuf_y_val_V|        scalar|
|p_0_0_0_0_0_21084_lcssa1110       |   in|    8|     ap_none|                      p_0_0_0_0_0_21084_lcssa1110|        scalar|
|p_0_0_0_0_0524_21081_lcssa1107    |   in|    8|     ap_none|                   p_0_0_0_0_0524_21081_lcssa1107|        scalar|
|p_0_1_0_0_01043_lcssa1068         |   in|    8|     ap_none|                        p_0_1_0_0_01043_lcssa1068|        scalar|
|p_0_1_0_0_01039_lcssa1065         |   in|    8|     ap_none|                        p_0_1_0_0_01039_lcssa1065|        scalar|
|p_0_0_0_0_05321037_lcssa1062      |   in|    8|     ap_none|                     p_0_0_0_0_05321037_lcssa1062|        scalar|
|loopWidth                         |   in|   15|     ap_none|                                        loopWidth|        scalar|
|select_ln1634                     |   in|    1|     ap_none|                                    select_ln1634|        scalar|
|select_ln1632                     |   in|    2|     ap_none|                                    select_ln1632|        scalar|
|WidthOut_load                     |   in|   16|   ap_stable|                                    WidthOut_load|        scalar|
|p_read                            |   in|    1|     ap_none|                                           p_read|        scalar|
|pixbuf_y_val_V_9_out              |  out|    8|      ap_vld|                             pixbuf_y_val_V_9_out|       pointer|
|pixbuf_y_val_V_9_out_ap_vld       |  out|    1|      ap_vld|                             pixbuf_y_val_V_9_out|       pointer|
|pixbuf_y_val_V_8_out              |  out|    8|      ap_vld|                             pixbuf_y_val_V_8_out|       pointer|
|pixbuf_y_val_V_8_out_ap_vld       |  out|    1|      ap_vld|                             pixbuf_y_val_V_8_out|       pointer|
|pixbuf_y_val_V_7_out              |  out|    8|      ap_vld|                             pixbuf_y_val_V_7_out|       pointer|
|pixbuf_y_val_V_7_out_ap_vld       |  out|    1|      ap_vld|                             pixbuf_y_val_V_7_out|       pointer|
|pixbuf_y_val_V_6_out_i            |   in|    8|     ap_ovld|                             pixbuf_y_val_V_6_out|       pointer|
|pixbuf_y_val_V_6_out_o            |  out|    8|     ap_ovld|                             pixbuf_y_val_V_6_out|       pointer|
|pixbuf_y_val_V_6_out_o_ap_vld     |  out|    1|     ap_ovld|                             pixbuf_y_val_V_6_out|       pointer|
|pixbuf_y_val_V_5_out              |  out|    8|      ap_vld|                             pixbuf_y_val_V_5_out|       pointer|
|pixbuf_y_val_V_5_out_ap_vld       |  out|    1|      ap_vld|                             pixbuf_y_val_V_5_out|       pointer|
|p_0_0_0_0_0_21086_out             |  out|    8|      ap_vld|                            p_0_0_0_0_0_21086_out|       pointer|
|p_0_0_0_0_0_21086_out_ap_vld      |  out|    1|      ap_vld|                            p_0_0_0_0_0_21086_out|       pointer|
|p_0_0_0_0_0524_21083_out          |  out|    8|      ap_vld|                         p_0_0_0_0_0524_21083_out|       pointer|
|p_0_0_0_0_0524_21083_out_ap_vld   |  out|    1|      ap_vld|                         p_0_0_0_0_0524_21083_out|       pointer|
|p_out_i                           |   in|    8|     ap_ovld|                                            p_out|       pointer|
|p_out_o                           |  out|    8|     ap_ovld|                                            p_out|       pointer|
|p_out_o_ap_vld                    |  out|    1|     ap_ovld|                                            p_out|       pointer|
|p_out1_i                          |   in|    8|     ap_ovld|                                           p_out1|       pointer|
|p_out1_o                          |  out|    8|     ap_ovld|                                           p_out1|       pointer|
|p_out1_o_ap_vld                   |  out|    1|     ap_ovld|                                           p_out1|       pointer|
|p_out2_i                          |   in|    8|     ap_ovld|                                           p_out2|       pointer|
|p_out2_o                          |  out|    8|     ap_ovld|                                           p_out2|       pointer|
|p_out2_o_ap_vld                   |  out|    1|     ap_ovld|                                           p_out2|       pointer|
|p_out3_i                          |   in|    8|     ap_ovld|                                           p_out3|       pointer|
|p_out3_o                          |  out|    8|     ap_ovld|                                           p_out3|       pointer|
|p_out3_o_ap_vld                   |  out|    1|     ap_ovld|                                           p_out3|       pointer|
|p_0_2_0_0_01036_out_i             |   in|    8|     ap_ovld|                              p_0_2_0_0_01036_out|       pointer|
|p_0_2_0_0_01036_out_o             |  out|    8|     ap_ovld|                              p_0_2_0_0_01036_out|       pointer|
|p_0_2_0_0_01036_out_o_ap_vld      |  out|    1|     ap_ovld|                              p_0_2_0_0_01036_out|       pointer|
|p_0_1_0_0_01034_out_i             |   in|    8|     ap_ovld|                              p_0_1_0_0_01034_out|       pointer|
|p_0_1_0_0_01034_out_o             |  out|    8|     ap_ovld|                              p_0_1_0_0_01034_out|       pointer|
|p_0_1_0_0_01034_out_o_ap_vld      |  out|    1|     ap_ovld|                              p_0_1_0_0_01034_out|       pointer|
|p_0_0_0_0_05321032_out_i          |   in|    8|     ap_ovld|                           p_0_0_0_0_05321032_out|       pointer|
|p_0_0_0_0_05321032_out_o          |  out|    8|     ap_ovld|                           p_0_0_0_0_05321032_out|       pointer|
|p_0_0_0_0_05321032_out_o_ap_vld   |  out|    1|     ap_ovld|                           p_0_0_0_0_05321032_out|       pointer|
|filt_res1_1_out_i                 |   in|   64|     ap_ovld|                                  filt_res1_1_out|       pointer|
|filt_res1_1_out_o                 |  out|   64|     ap_ovld|                                  filt_res1_1_out|       pointer|
|filt_res1_1_out_o_ap_vld          |  out|    1|     ap_ovld|                                  filt_res1_1_out|       pointer|
+----------------------------------+-----+-----+------------+-------------------------------------------------+--------------+

============================================================
+ Verbose Summary: Synthesis Manager
============================================================
InlineROM: 1
ExposeGlobal: 0
============================================================
+ Verbose Summary: CDFG Model
============================================================
IsTopModel: 0
ResetActiveHigh: 1
IsCombinational: 2
IsDatapathOnly: 2
HasWiredReturn: 1
HasMFsm: 2
HasVarLatency: 1
IsPipeline: 0
IsRtlPipelined: 0
IsInstanceOverlapped: 0
IsDontTouch: 0
HasImplIP: 0
IsGatedGlobalClock: 0

+ Individual pipeline summary: 
  * Pipeline-0: initiation interval (II) = 1, depth = 4


============================================================
+ Verbose Summary: Schedule
============================================================
* Number of FSM states : 4
* Pipeline : 1
  Pipeline-0 : II = 1, D = 4, States = { 1 2 3 4 }
* Dataflow Pipeline: 0

* FSM state transitions: 
1 --> 2 
2 --> 3 
3 --> 4 
4 --> 

* FSM state operations: 

State 1 <SV = 0> <Delay = 1.49>
ST_1 : Operation 7 [1/1] (0.00ns)   --->   "%p_0_0_0_0_0524_21083 = alloca i32 1"   --->   Operation 7 'alloca' 'p_0_0_0_0_0524_21083' <Predicate = true> <Delay = 0.00>
ST_1 : Operation 8 [1/1] (0.00ns)   --->   "%p_0_0_0_0_0_21086 = alloca i32 1"   --->   Operation 8 'alloca' 'p_0_0_0_0_0_21086' <Predicate = true> <Delay = 0.00>
ST_1 : Operation 9 [1/1] (0.00ns)   --->   "%x = alloca i32 1"   --->   Operation 9 'alloca' 'x' <Predicate = true> <Delay = 0.00>
ST_1 : Operation 10 [1/1] (0.00ns)   --->   "%pixbuf_y_val_V_5 = alloca i32 1"   --->   Operation 10 'alloca' 'pixbuf_y_val_V_5' <Predicate = true> <Delay = 0.00>
ST_1 : Operation 11 [1/1] (0.00ns)   --->   "%pixbuf_y_val_V_10 = alloca i32 1"   --->   Operation 11 'alloca' 'pixbuf_y_val_V_10' <Predicate = true> <Delay = 0.00>
ST_1 : Operation 12 [1/1] (0.00ns)   --->   "%p_0_1_0_0_01042 = alloca i32 1"   --->   Operation 12 'alloca' 'p_0_1_0_0_01042' <Predicate = true> <Delay = 0.00>
ST_1 : Operation 13 [1/1] (0.00ns)   --->   "%p_0_1_0_0_01046 = alloca i32 1"   --->   Operation 13 'alloca' 'p_0_1_0_0_01046' <Predicate = true> <Delay = 0.00>
ST_1 : Operation 14 [1/1] (0.00ns)   --->   "%pixbuf_y_val_V_7 = alloca i32 1"   --->   Operation 14 'alloca' 'pixbuf_y_val_V_7' <Predicate = true> <Delay = 0.00>
ST_1 : Operation 15 [1/1] (0.00ns)   --->   "%pixbuf_y_val_V_8 = alloca i32 1"   --->   Operation 15 'alloca' 'pixbuf_y_val_V_8' <Predicate = true> <Delay = 0.00>
ST_1 : Operation 16 [1/1] (0.00ns)   --->   "%pixbuf_y_val_V_9 = alloca i32 1"   --->   Operation 16 'alloca' 'pixbuf_y_val_V_9' <Predicate = true> <Delay = 0.00>
ST_1 : Operation 17 [1/1] (0.00ns)   --->   "%p_read_3 = read i1 @_ssdm_op_Read.ap_auto.i1, i1 %p_read"   --->   Operation 17 'read' 'p_read_3' <Predicate = true> <Delay = 0.00>
ST_1 : Operation 18 [1/1] (0.00ns)   --->   "%WidthOut_load_read = read i16 @_ssdm_op_Read.ap_auto.i16, i16 %WidthOut_load"   --->   Operation 18 'read' 'WidthOut_load_read' <Predicate = true> <Delay = 0.00>
ST_1 : Operation 19 [1/1] (0.00ns)   --->   "%select_ln1632_read = read i2 @_ssdm_op_Read.ap_auto.i2, i2 %select_ln1632"   --->   Operation 19 'read' 'select_ln1632_read' <Predicate = true> <Delay = 0.00>
ST_1 : Operation 20 [1/1] (0.00ns)   --->   "%select_ln1634_read = read i1 @_ssdm_op_Read.ap_auto.i1, i1 %select_ln1634"   --->   Operation 20 'read' 'select_ln1634_read' <Predicate = true> <Delay = 0.00>
ST_1 : Operation 21 [1/1] (0.00ns)   --->   "%loopWidth_read = read i15 @_ssdm_op_Read.ap_auto.i15, i15 %loopWidth"   --->   Operation 21 'read' 'loopWidth_read' <Predicate = true> <Delay = 0.00>
ST_1 : Operation 22 [1/1] (0.00ns)   --->   "%p_0_0_0_0_05321037_lcssa1062_read = read i8 @_ssdm_op_Read.ap_auto.i8, i8 %p_0_0_0_0_05321037_lcssa1062"   --->   Operation 22 'read' 'p_0_0_0_0_05321037_lcssa1062_read' <Predicate = true> <Delay = 0.00>
ST_1 : Operation 23 [1/1] (0.00ns)   --->   "%p_0_1_0_0_01039_lcssa1065_read = read i8 @_ssdm_op_Read.ap_auto.i8, i8 %p_0_1_0_0_01039_lcssa1065"   --->   Operation 23 'read' 'p_0_1_0_0_01039_lcssa1065_read' <Predicate = true> <Delay = 0.00>
ST_1 : Operation 24 [1/1] (0.00ns)   --->   "%p_0_1_0_0_01043_lcssa1068_read = read i8 @_ssdm_op_Read.ap_auto.i8, i8 %p_0_1_0_0_01043_lcssa1068"   --->   Operation 24 'read' 'p_0_1_0_0_01043_lcssa1068_read' <Predicate = true> <Delay = 0.00>
ST_1 : Operation 25 [1/1] (0.00ns)   --->   "%p_0_0_0_0_0524_21081_lcssa1107_read = read i8 @_ssdm_op_Read.ap_auto.i8, i8 %p_0_0_0_0_0524_21081_lcssa1107"   --->   Operation 25 'read' 'p_0_0_0_0_0524_21081_lcssa1107_read' <Predicate = true> <Delay = 0.00>
ST_1 : Operation 26 [1/1] (0.00ns)   --->   "%p_0_0_0_0_0_21084_lcssa1110_read = read i8 @_ssdm_op_Read.ap_auto.i8, i8 %p_0_0_0_0_0_21084_lcssa1110"   --->   Operation 26 'read' 'p_0_0_0_0_0_21084_lcssa1110_read' <Predicate = true> <Delay = 0.00>
ST_1 : Operation 27 [1/1] (0.00ns)   --->   "%pixbuf_y_val_V_read = read i8 @_ssdm_op_Read.ap_auto.i8, i8 %pixbuf_y_val_V"   --->   Operation 27 'read' 'pixbuf_y_val_V_read' <Predicate = true> <Delay = 0.00>
ST_1 : Operation 28 [1/1] (0.00ns)   --->   "%pixbuf_y_val_V_2_read = read i8 @_ssdm_op_Read.ap_auto.i8, i8 %pixbuf_y_val_V_2"   --->   Operation 28 'read' 'pixbuf_y_val_V_2_read' <Predicate = true> <Delay = 0.00>
ST_1 : Operation 29 [1/1] (0.00ns)   --->   "%pixbuf_y_val_V_3_read = read i8 @_ssdm_op_Read.ap_auto.i8, i8 %pixbuf_y_val_V_3"   --->   Operation 29 'read' 'pixbuf_y_val_V_3_read' <Predicate = true> <Delay = 0.00>
ST_1 : Operation 30 [1/1] (0.00ns)   --->   "%pixbuf_y_val_V_4_read = read i8 @_ssdm_op_Read.ap_auto.i8, i8 %pixbuf_y_val_V_4"   --->   Operation 30 'read' 'pixbuf_y_val_V_4_read' <Predicate = true> <Delay = 0.00>
ST_1 : Operation 31 [1/1] (0.00ns)   --->   "%select_ln1632_cast = zext i2 %select_ln1632_read"   --->   Operation 31 'zext' 'select_ln1632_cast' <Predicate = true> <Delay = 0.00>
ST_1 : Operation 32 [1/1] (0.20ns)   --->   "%select_ln1634_cast_cast = select i1 %select_ln1634_read, i3 3, i3 0"   --->   Operation 32 'select' 'select_ln1634_cast_cast' <Predicate = true> <Delay = 0.20> <CoreInst = "Sel">   --->   Core 73 'Sel' <Latency = 0> <II = 1> <Delay = 0.17> <FuncUnit> <Opcode : 'select'> <InPorts = 3> <OutPorts = 1>
ST_1 : Operation 33 [1/1] (0.00ns)   --->   "%specinterface_ln0 = specinterface void @_ssdm_op_SpecInterface, i24 %stream_scaled_csc, void @empty_14, i32 0, i32 0, void @empty_25, i32 0, i32 0, void @empty_25, void @empty_25, void @empty_25, i32 0, i32 0, i32 0, i32 0, void @empty_25, void @empty_25, i32 4294967295, i32 0"   --->   Operation 33 'specinterface' 'specinterface_ln0' <Predicate = true> <Delay = 0.00>
ST_1 : Operation 34 [1/1] (0.00ns)   --->   "%specinterface_ln0 = specinterface void @_ssdm_op_SpecInterface, i24 %stream_out_422, void @empty_14, i32 0, i32 0, void @empty_25, i32 0, i32 0, void @empty_25, void @empty_25, void @empty_25, i32 0, i32 0, i32 0, i32 0, void @empty_25, void @empty_25, i32 4294967295, i32 0"   --->   Operation 34 'specinterface' 'specinterface_ln0' <Predicate = true> <Delay = 0.00>
ST_1 : Operation 35 [1/1] (0.42ns)   --->   "%store_ln0 = store i8 %pixbuf_y_val_V_4_read, i8 %pixbuf_y_val_V_9"   --->   Operation 35 'store' 'store_ln0' <Predicate = true> <Delay = 0.42>
ST_1 : Operation 36 [1/1] (0.42ns)   --->   "%store_ln0 = store i8 %pixbuf_y_val_V_3_read, i8 %pixbuf_y_val_V_8"   --->   Operation 36 'store' 'store_ln0' <Predicate = true> <Delay = 0.42>
ST_1 : Operation 37 [1/1] (0.42ns)   --->   "%store_ln0 = store i8 %pixbuf_y_val_V_2_read, i8 %pixbuf_y_val_V_7"   --->   Operation 37 'store' 'store_ln0' <Predicate = true> <Delay = 0.42>
ST_1 : Operation 38 [1/1] (0.42ns)   --->   "%store_ln0 = store i8 %p_0_1_0_0_01043_lcssa1068_read, i8 %p_0_1_0_0_01046"   --->   Operation 38 'store' 'store_ln0' <Predicate = true> <Delay = 0.42>
ST_1 : Operation 39 [1/1] (0.42ns)   --->   "%store_ln0 = store i8 %p_0_1_0_0_01039_lcssa1065_read, i8 %p_0_1_0_0_01042"   --->   Operation 39 'store' 'store_ln0' <Predicate = true> <Delay = 0.42>
ST_1 : Operation 40 [1/1] (0.42ns)   --->   "%store_ln0 = store i8 %p_0_0_0_0_05321037_lcssa1062_read, i8 %pixbuf_y_val_V_10"   --->   Operation 40 'store' 'store_ln0' <Predicate = true> <Delay = 0.42>
ST_1 : Operation 41 [1/1] (0.42ns)   --->   "%store_ln0 = store i8 %pixbuf_y_val_V_read, i8 %pixbuf_y_val_V_5"   --->   Operation 41 'store' 'store_ln0' <Predicate = true> <Delay = 0.42>
ST_1 : Operation 42 [1/1] (0.42ns)   --->   "%store_ln0 = store i15 0, i15 %x"   --->   Operation 42 'store' 'store_ln0' <Predicate = true> <Delay = 0.42>
ST_1 : Operation 43 [1/1] (0.42ns)   --->   "%store_ln0 = store i8 %p_0_0_0_0_0_21084_lcssa1110_read, i8 %p_0_0_0_0_0_21086"   --->   Operation 43 'store' 'store_ln0' <Predicate = true> <Delay = 0.42>
ST_1 : Operation 44 [1/1] (0.42ns)   --->   "%store_ln0 = store i8 %p_0_0_0_0_0524_21081_lcssa1107_read, i8 %p_0_0_0_0_0524_21083"   --->   Operation 44 'store' 'store_ln0' <Predicate = true> <Delay = 0.42>
ST_1 : Operation 45 [1/1] (0.00ns)   --->   "%br_ln0 = br void %for.body37"   --->   Operation 45 'br' 'br_ln0' <Predicate = true> <Delay = 0.00>
ST_1 : Operation 46 [1/1] (0.00ns)   --->   "%x_2 = load i15 %x" [/home/user/Documents/kria-vitis-platforms/kv260/platforms/vivado/kv260_ispMipiRx_vcu_DP/project/kv260_ispMipiRx_vcu_DP.runs/bd_eab1_hsc_0_synth_1/prj/sol/.autopilot/db/v_hscaler.cpp:1636]   --->   Operation 46 'load' 'x_2' <Predicate = true> <Delay = 0.00>
ST_1 : Operation 47 [1/1] (0.00ns)   --->   "%zext_ln1636 = zext i15 %x_2" [/home/user/Documents/kria-vitis-platforms/kv260/platforms/vivado/kv260_ispMipiRx_vcu_DP/project/kv260_ispMipiRx_vcu_DP.runs/bd_eab1_hsc_0_synth_1/prj/sol/.autopilot/db/v_hscaler.cpp:1636]   --->   Operation 47 'zext' 'zext_ln1636' <Predicate = true> <Delay = 0.00>
ST_1 : Operation 48 [1/1] (1.07ns)   --->   "%icmp_ln1636 = icmp_eq  i15 %x_2, i15 %loopWidth_read" [/home/user/Documents/kria-vitis-platforms/kv260/platforms/vivado/kv260_ispMipiRx_vcu_DP/project/kv260_ispMipiRx_vcu_DP.runs/bd_eab1_hsc_0_synth_1/prj/sol/.autopilot/db/v_hscaler.cpp:1636]   --->   Operation 48 'icmp' 'icmp_ln1636' <Predicate = true> <Delay = 1.07> <CoreInst = "Cmp">   --->   Core 9 'Cmp' <Latency = 0> <II = 1> <Delay = 1.07> <FuncUnit> <Opcode : 'icmp'> <InPorts = 2> <OutPorts = 1>
ST_1 : Operation 49 [1/1] (0.84ns)   --->   "%add_ln1636 = add i15 %x_2, i15 1" [/home/user/Documents/kria-vitis-platforms/kv260/platforms/vivado/kv260_ispMipiRx_vcu_DP/project/kv260_ispMipiRx_vcu_DP.runs/bd_eab1_hsc_0_synth_1/prj/sol/.autopilot/db/v_hscaler.cpp:1636]   --->   Operation 49 'add' 'add_ln1636' <Predicate = true> <Delay = 0.84> <CoreInst = "Adder">   --->   Core 1 'Adder' <Latency = 0> <II = 1> <Delay = 0.84> <FuncUnit> <Opcode : 'add' 'sub'> <InPorts = 2> <OutPorts = 1>
ST_1 : Operation 50 [1/1] (0.00ns)   --->   "%br_ln1636 = br i1 %icmp_ln1636, void %for.body37.split, void %for.inc453.loopexit.exitStub" [/home/user/Documents/kria-vitis-platforms/kv260/platforms/vivado/kv260_ispMipiRx_vcu_DP/project/kv260_ispMipiRx_vcu_DP.runs/bd_eab1_hsc_0_synth_1/prj/sol/.autopilot/db/v_hscaler.cpp:1636]   --->   Operation 50 'br' 'br_ln1636' <Predicate = true> <Delay = 0.00>
ST_1 : Operation 51 [1/1] (0.00ns)   --->   "%specpipeline_ln1639 = specpipeline void @_ssdm_op_SpecPipeline, i32 1, i32 0, i32 0, i32 0, void @empty_25" [/home/user/Documents/kria-vitis-platforms/kv260/platforms/vivado/kv260_ispMipiRx_vcu_DP/project/kv260_ispMipiRx_vcu_DP.runs/bd_eab1_hsc_0_synth_1/prj/sol/.autopilot/db/v_hscaler.cpp:1639]   --->   Operation 51 'specpipeline' 'specpipeline_ln1639' <Predicate = (!icmp_ln1636)> <Delay = 0.00>
ST_1 : Operation 52 [1/1] (0.00ns)   --->   "%specloopname_ln1610 = specloopname void @_ssdm_op_SpecLoopName, void @empty_13" [/home/user/Documents/kria-vitis-platforms/kv260/platforms/vivado/kv260_ispMipiRx_vcu_DP/project/kv260_ispMipiRx_vcu_DP.runs/bd_eab1_hsc_0_synth_1/prj/sol/.autopilot/db/v_hscaler.cpp:1610]   --->   Operation 52 'specloopname' 'specloopname_ln1610' <Predicate = (!icmp_ln1636)> <Delay = 0.00>
ST_1 : Operation 53 [1/1] (0.84ns)   --->   "%out_x = sub i16 %zext_ln1636, i16 %select_ln1632_cast" [/home/user/Documents/kria-vitis-platforms/kv260/platforms/vivado/kv260_ispMipiRx_vcu_DP/project/kv260_ispMipiRx_vcu_DP.runs/bd_eab1_hsc_0_synth_1/prj/sol/.autopilot/db/v_hscaler.cpp:1641]   --->   Operation 53 'sub' 'out_x' <Predicate = (!icmp_ln1636)> <Delay = 0.84> <CoreInst = "Adder">   --->   Core 1 'Adder' <Latency = 0> <II = 1> <Delay = 0.85> <FuncUnit> <Opcode : 'add' 'sub'> <InPorts = 2> <OutPorts = 1>
ST_1 : Operation 54 [1/1] (0.00ns)   --->   "%odd_col = trunc i16 %out_x" [/home/user/Documents/kria-vitis-platforms/kv260/platforms/vivado/kv260_ispMipiRx_vcu_DP/project/kv260_ispMipiRx_vcu_DP.runs/bd_eab1_hsc_0_synth_1/prj/sol/.autopilot/db/v_hscaler.cpp:1598]   --->   Operation 54 'trunc' 'odd_col' <Predicate = (!icmp_ln1636)> <Delay = 0.00>
ST_1 : Operation 55 [1/1] (1.10ns)   --->   "%icmp_ln1643 = icmp_ult  i16 %zext_ln1636, i16 %WidthOut_load_read" [/home/user/Documents/kria-vitis-platforms/kv260/platforms/vivado/kv260_ispMipiRx_vcu_DP/project/kv260_ispMipiRx_vcu_DP.runs/bd_eab1_hsc_0_synth_1/prj/sol/.autopilot/db/v_hscaler.cpp:1643]   --->   Operation 55 'icmp' 'icmp_ln1643' <Predicate = (!icmp_ln1636)> <Delay = 1.10> <CoreInst = "Cmp">   --->   Core 9 'Cmp' <Latency = 0> <II = 1> <Delay = 1.10> <FuncUnit> <Opcode : 'icmp'> <InPorts = 2> <OutPorts = 1>
ST_1 : Operation 56 [1/1] (0.00ns)   --->   "%br_ln1643 = br i1 %icmp_ln1643, void %for.body144_ifconv, void %for.body50" [/home/user/Documents/kria-vitis-platforms/kv260/platforms/vivado/kv260_ispMipiRx_vcu_DP/project/kv260_ispMipiRx_vcu_DP.runs/bd_eab1_hsc_0_synth_1/prj/sol/.autopilot/db/v_hscaler.cpp:1643]   --->   Operation 56 'br' 'br_ln1643' <Predicate = (!icmp_ln1636)> <Delay = 0.00>
ST_1 : Operation 57 [1/1] (1.07ns)   --->   "%cmp148 = icmp_eq  i15 %x_2, i15 0" [/home/user/Documents/kria-vitis-platforms/kv260/platforms/vivado/kv260_ispMipiRx_vcu_DP/project/kv260_ispMipiRx_vcu_DP.runs/bd_eab1_hsc_0_synth_1/prj/sol/.autopilot/db/v_hscaler.cpp:1636]   --->   Operation 57 'icmp' 'cmp148' <Predicate = (!icmp_ln1636)> <Delay = 1.07> <CoreInst = "Cmp">   --->   Core 9 'Cmp' <Latency = 0> <II = 1> <Delay = 1.07> <FuncUnit> <Opcode : 'icmp'> <InPorts = 2> <OutPorts = 1>
ST_1 : Operation 58 [1/1] (0.00ns)   --->   "%tmp = bitselect i1 @_ssdm_op_BitSelect.i1.i16.i32, i16 %out_x, i32 15" [/home/user/Documents/kria-vitis-platforms/kv260/platforms/vivado/kv260_ispMipiRx_vcu_DP/project/kv260_ispMipiRx_vcu_DP.runs/bd_eab1_hsc_0_synth_1/prj/sol/.autopilot/db/v_hscaler.cpp:1783]   --->   Operation 58 'bitselect' 'tmp' <Predicate = (!icmp_ln1636)> <Delay = 0.00>
ST_1 : Operation 59 [1/1] (0.00ns)   --->   "%br_ln1783 = br i1 %tmp, void %if.then445, void %for.inc450" [/home/user/Documents/kria-vitis-platforms/kv260/platforms/vivado/kv260_ispMipiRx_vcu_DP/project/kv260_ispMipiRx_vcu_DP.runs/bd_eab1_hsc_0_synth_1/prj/sol/.autopilot/db/v_hscaler.cpp:1783]   --->   Operation 59 'br' 'br_ln1783' <Predicate = (!icmp_ln1636)> <Delay = 0.00>
ST_1 : Operation 60 [1/1] (0.00ns)   --->   "%br_ln1785 = br i1 %p_read_3, void %if.else447, void %if.then446" [/home/user/Documents/kria-vitis-platforms/kv260/platforms/vivado/kv260_ispMipiRx_vcu_DP/project/kv260_ispMipiRx_vcu_DP.runs/bd_eab1_hsc_0_synth_1/prj/sol/.autopilot/db/v_hscaler.cpp:1785]   --->   Operation 60 'br' 'br_ln1785' <Predicate = (!icmp_ln1636 & !tmp)> <Delay = 0.00>
ST_1 : Operation 61 [1/1] (0.00ns)   --->   "%br_ln1789 = br void %for.inc450" [/home/user/Documents/kria-vitis-platforms/kv260/platforms/vivado/kv260_ispMipiRx_vcu_DP/project/kv260_ispMipiRx_vcu_DP.runs/bd_eab1_hsc_0_synth_1/prj/sol/.autopilot/db/v_hscaler.cpp:1789]   --->   Operation 61 'br' 'br_ln1789' <Predicate = (!icmp_ln1636 & !tmp)> <Delay = 0.00>
ST_1 : Operation 62 [1/1] (0.42ns)   --->   "%store_ln1636 = store i15 %add_ln1636, i15 %x" [/home/user/Documents/kria-vitis-platforms/kv260/platforms/vivado/kv260_ispMipiRx_vcu_DP/project/kv260_ispMipiRx_vcu_DP.runs/bd_eab1_hsc_0_synth_1/prj/sol/.autopilot/db/v_hscaler.cpp:1636]   --->   Operation 62 'store' 'store_ln1636' <Predicate = (!icmp_ln1636)> <Delay = 0.42>

State 2 <SV = 1> <Delay = 2.25>
ST_2 : Operation 63 [1/1] (1.82ns)   --->   "%stream_scaled_csc_read = read i24 @_ssdm_op_Read.ap_fifo.volatile.i24P0A, i24 %stream_scaled_csc" [/home/user/Documents/kria-vitis-platforms/kv260/platforms/vivado/kv260_ispMipiRx_vcu_DP/project/kv260_ispMipiRx_vcu_DP.runs/bd_eab1_hsc_0_synth_1/prj/sol/.autopilot/db/v_hscaler.cpp:1645]   --->   Operation 63 'read' 'stream_scaled_csc_read' <Predicate = (!icmp_ln1636 & icmp_ln1643)> <Delay = 1.82> <CoreInst = "FIFO_SRL">   --->   Core 81 'FIFO_SRL' <Latency = 0> <II = 1> <Delay = 2.04> <Storage> <Opcode : 'read' 'write' 'nbread' 'nbwrite'> <Ports = 0> <Width = 24> <Depth = 16> <FIFO>
ST_2 : Operation 64 [1/1] (0.00ns)   --->   "%trunc_ln1645 = trunc i24 %stream_scaled_csc_read" [/home/user/Documents/kria-vitis-platforms/kv260/platforms/vivado/kv260_ispMipiRx_vcu_DP/project/kv260_ispMipiRx_vcu_DP.runs/bd_eab1_hsc_0_synth_1/prj/sol/.autopilot/db/v_hscaler.cpp:1645]   --->   Operation 64 'trunc' 'trunc_ln1645' <Predicate = (!icmp_ln1636 & icmp_ln1643)> <Delay = 0.00>
ST_2 : Operation 65 [1/1] (0.00ns)   --->   "%trunc_ln1645_1 = partselect i8 @_ssdm_op_PartSelect.i8.i24.i32.i32, i24 %stream_scaled_csc_read, i32 8, i32 15" [/home/user/Documents/kria-vitis-platforms/kv260/platforms/vivado/kv260_ispMipiRx_vcu_DP/project/kv260_ispMipiRx_vcu_DP.runs/bd_eab1_hsc_0_synth_1/prj/sol/.autopilot/db/v_hscaler.cpp:1645]   --->   Operation 65 'partselect' 'trunc_ln1645_1' <Predicate = (!icmp_ln1636 & icmp_ln1643)> <Delay = 0.00>
ST_2 : Operation 66 [1/1] (0.00ns)   --->   "%trunc_ln1645_2 = partselect i8 @_ssdm_op_PartSelect.i8.i24.i32.i32, i24 %stream_scaled_csc_read, i32 16, i32 23" [/home/user/Documents/kria-vitis-platforms/kv260/platforms/vivado/kv260_ispMipiRx_vcu_DP/project/kv260_ispMipiRx_vcu_DP.runs/bd_eab1_hsc_0_synth_1/prj/sol/.autopilot/db/v_hscaler.cpp:1645]   --->   Operation 66 'partselect' 'trunc_ln1645_2' <Predicate = (!icmp_ln1636 & icmp_ln1643)> <Delay = 0.00>
ST_2 : Operation 67 [1/1] (0.42ns)   --->   "%store_ln1651 = store i8 %trunc_ln1645_2, i8 %p_0_1_0_0_01046" [/home/user/Documents/kria-vitis-platforms/kv260/platforms/vivado/kv260_ispMipiRx_vcu_DP/project/kv260_ispMipiRx_vcu_DP.runs/bd_eab1_hsc_0_synth_1/prj/sol/.autopilot/db/v_hscaler.cpp:1651]   --->   Operation 67 'store' 'store_ln1651' <Predicate = (!icmp_ln1636 & icmp_ln1643)> <Delay = 0.42>
ST_2 : Operation 68 [1/1] (0.42ns)   --->   "%store_ln1651 = store i8 %trunc_ln1645_1, i8 %p_0_1_0_0_01042" [/home/user/Documents/kria-vitis-platforms/kv260/platforms/vivado/kv260_ispMipiRx_vcu_DP/project/kv260_ispMipiRx_vcu_DP.runs/bd_eab1_hsc_0_synth_1/prj/sol/.autopilot/db/v_hscaler.cpp:1651]   --->   Operation 68 'store' 'store_ln1651' <Predicate = (!icmp_ln1636 & icmp_ln1643)> <Delay = 0.42>
ST_2 : Operation 69 [1/1] (0.42ns)   --->   "%store_ln1651 = store i8 %trunc_ln1645, i8 %pixbuf_y_val_V_10" [/home/user/Documents/kria-vitis-platforms/kv260/platforms/vivado/kv260_ispMipiRx_vcu_DP/project/kv260_ispMipiRx_vcu_DP.runs/bd_eab1_hsc_0_synth_1/prj/sol/.autopilot/db/v_hscaler.cpp:1651]   --->   Operation 69 'store' 'store_ln1651' <Predicate = (!icmp_ln1636 & icmp_ln1643)> <Delay = 0.42>
ST_2 : Operation 70 [1/1] (0.00ns)   --->   "%store_ln1651 = store i8 %trunc_ln1645_2, i8 %p_0_2_0_0_01036_out" [/home/user/Documents/kria-vitis-platforms/kv260/platforms/vivado/kv260_ispMipiRx_vcu_DP/project/kv260_ispMipiRx_vcu_DP.runs/bd_eab1_hsc_0_synth_1/prj/sol/.autopilot/db/v_hscaler.cpp:1651]   --->   Operation 70 'store' 'store_ln1651' <Predicate = (!icmp_ln1636 & icmp_ln1643)> <Delay = 0.00>
ST_2 : Operation 71 [1/1] (0.00ns)   --->   "%store_ln1651 = store i8 %trunc_ln1645_1, i8 %p_0_1_0_0_01034_out" [/home/user/Documents/kria-vitis-platforms/kv260/platforms/vivado/kv260_ispMipiRx_vcu_DP/project/kv260_ispMipiRx_vcu_DP.runs/bd_eab1_hsc_0_synth_1/prj/sol/.autopilot/db/v_hscaler.cpp:1651]   --->   Operation 71 'store' 'store_ln1651' <Predicate = (!icmp_ln1636 & icmp_ln1643)> <Delay = 0.00>
ST_2 : Operation 72 [1/1] (0.00ns)   --->   "%store_ln1651 = store i8 %trunc_ln1645, i8 %p_0_0_0_0_05321032_out" [/home/user/Documents/kria-vitis-platforms/kv260/platforms/vivado/kv260_ispMipiRx_vcu_DP/project/kv260_ispMipiRx_vcu_DP.runs/bd_eab1_hsc_0_synth_1/prj/sol/.autopilot/db/v_hscaler.cpp:1651]   --->   Operation 72 'store' 'store_ln1651' <Predicate = (!icmp_ln1636 & icmp_ln1643)> <Delay = 0.00>
ST_2 : Operation 73 [1/1] (0.00ns)   --->   "%br_ln1651 = br void %for.body144_ifconv" [/home/user/Documents/kria-vitis-platforms/kv260/platforms/vivado/kv260_ispMipiRx_vcu_DP/project/kv260_ispMipiRx_vcu_DP.runs/bd_eab1_hsc_0_synth_1/prj/sol/.autopilot/db/v_hscaler.cpp:1651]   --->   Operation 73 'br' 'br_ln1651' <Predicate = (!icmp_ln1636 & icmp_ln1643)> <Delay = 0.00>

State 3 <SV = 2> <Delay = 2.54>
ST_3 : Operation 74 [1/1] (0.00ns)   --->   "%pixbuf_y_val_V_11 = load i8 %pixbuf_y_val_V_7"   --->   Operation 74 'load' 'pixbuf_y_val_V_11' <Predicate = true> <Delay = 0.00>
ST_3 : Operation 75 [1/1] (0.00ns)   --->   "%pixbuf_y_val_V_12 = load i8 %pixbuf_y_val_V_8"   --->   Operation 75 'load' 'pixbuf_y_val_V_12' <Predicate = true> <Delay = 0.00>
ST_3 : Operation 76 [1/1] (0.00ns)   --->   "%pixbuf_y_val_V_13 = load i8 %pixbuf_y_val_V_9"   --->   Operation 76 'load' 'pixbuf_y_val_V_13' <Predicate = true> <Delay = 0.00>
ST_3 : Operation 77 [1/1] (0.00ns)   --->   "%speclooptripcount_ln0 = speclooptripcount void @_ssdm_op_SpecLoopTripCount, i64 1, i64 32767, i64 0"   --->   Operation 77 'speclooptripcount' 'speclooptripcount_ln0' <Predicate = true> <Delay = 0.00>
ST_3 : Operation 78 [1/1] (0.00ns)   --->   "%filt_res1_1_out_load = load i64 %filt_res1_1_out" [/home/user/Documents/kria-vitis-platforms/kv260/platforms/vivado/kv260_ispMipiRx_vcu_DP/project/kv260_ispMipiRx_vcu_DP.runs/bd_eab1_hsc_0_synth_1/prj/sol/.autopilot/db/v_hscaler.cpp:1636]   --->   Operation 78 'load' 'filt_res1_1_out_load' <Predicate = (!icmp_ln1636)> <Delay = 0.00>
ST_3 : Operation 79 [1/1] (0.00ns)   --->   "%p_out3_load = load i8 %p_out3" [/home/user/Documents/kria-vitis-platforms/kv260/platforms/vivado/kv260_ispMipiRx_vcu_DP/project/kv260_ispMipiRx_vcu_DP.runs/bd_eab1_hsc_0_synth_1/prj/sol/.autopilot/db/v_hscaler.cpp:1722]   --->   Operation 79 'load' 'p_out3_load' <Predicate = (!icmp_ln1636 & !cmp148 & !odd_col)> <Delay = 0.00>
ST_3 : Operation 80 [1/1] (0.00ns)   --->   "%p_out2_load = load i8 %p_out2" [/home/user/Documents/kria-vitis-platforms/kv260/platforms/vivado/kv260_ispMipiRx_vcu_DP/project/kv260_ispMipiRx_vcu_DP.runs/bd_eab1_hsc_0_synth_1/prj/sol/.autopilot/db/v_hscaler.cpp:1722]   --->   Operation 80 'load' 'p_out2_load' <Predicate = (!icmp_ln1636 & !cmp148 & !odd_col)> <Delay = 0.00>
ST_3 : Operation 81 [1/1] (0.00ns)   --->   "%p_out1_load = load i8 %p_out1" [/home/user/Documents/kria-vitis-platforms/kv260/platforms/vivado/kv260_ispMipiRx_vcu_DP/project/kv260_ispMipiRx_vcu_DP.runs/bd_eab1_hsc_0_synth_1/prj/sol/.autopilot/db/v_hscaler.cpp:1722]   --->   Operation 81 'load' 'p_out1_load' <Predicate = (!icmp_ln1636 & !cmp148)> <Delay = 0.00>
ST_3 : Operation 82 [1/1] (0.00ns)   --->   "%p_out_load = load i8 %p_out" [/home/user/Documents/kria-vitis-platforms/kv260/platforms/vivado/kv260_ispMipiRx_vcu_DP/project/kv260_ispMipiRx_vcu_DP.runs/bd_eab1_hsc_0_synth_1/prj/sol/.autopilot/db/v_hscaler.cpp:1722]   --->   Operation 82 'load' 'p_out_load' <Predicate = (!icmp_ln1636 & !cmp148)> <Delay = 0.00>
ST_3 : Operation 83 [1/1] (0.00ns)   --->   "%p_0_0_0_0_0524_21083_load_1 = load i8 %p_0_0_0_0_0524_21083" [/home/user/Documents/kria-vitis-platforms/kv260/platforms/vivado/kv260_ispMipiRx_vcu_DP/project/kv260_ispMipiRx_vcu_DP.runs/bd_eab1_hsc_0_synth_1/prj/sol/.autopilot/db/v_hscaler.cpp:1722]   --->   Operation 83 'load' 'p_0_0_0_0_0524_21083_load_1' <Predicate = (!icmp_ln1636 & !cmp148)> <Delay = 0.00>
ST_3 : Operation 84 [1/1] (0.00ns)   --->   "%p_0_0_0_0_0_21086_load_1 = load i8 %p_0_0_0_0_0_21086" [/home/user/Documents/kria-vitis-platforms/kv260/platforms/vivado/kv260_ispMipiRx_vcu_DP/project/kv260_ispMipiRx_vcu_DP.runs/bd_eab1_hsc_0_synth_1/prj/sol/.autopilot/db/v_hscaler.cpp:1722]   --->   Operation 84 'load' 'p_0_0_0_0_0_21086_load_1' <Predicate = (!icmp_ln1636 & !cmp148)> <Delay = 0.00>
ST_3 : Operation 85 [1/1] (0.00ns)   --->   "%pixbuf_y_val_V_14 = load i8 %pixbuf_y_val_V_10"   --->   Operation 85 'load' 'pixbuf_y_val_V_14' <Predicate = (!icmp_ln1636)> <Delay = 0.00>
ST_3 : Operation 86 [1/1] (0.00ns)   --->   "%p_0_1_0_0_01042_load = load i8 %p_0_1_0_0_01042" [/home/user/Documents/kria-vitis-platforms/kv260/platforms/vivado/kv260_ispMipiRx_vcu_DP/project/kv260_ispMipiRx_vcu_DP.runs/bd_eab1_hsc_0_synth_1/prj/sol/.autopilot/db/v_hscaler.cpp:1722]   --->   Operation 86 'load' 'p_0_1_0_0_01042_load' <Predicate = (!icmp_ln1636)> <Delay = 0.00>
ST_3 : Operation 87 [1/1] (0.00ns)   --->   "%p_0_1_0_0_01046_load = load i8 %p_0_1_0_0_01046" [/home/user/Documents/kria-vitis-platforms/kv260/platforms/vivado/kv260_ispMipiRx_vcu_DP/project/kv260_ispMipiRx_vcu_DP.runs/bd_eab1_hsc_0_synth_1/prj/sol/.autopilot/db/v_hscaler.cpp:1722]   --->   Operation 87 'load' 'p_0_1_0_0_01046_load' <Predicate = (!icmp_ln1636)> <Delay = 0.00>
ST_3 : Operation 88 [1/1] (0.39ns)   --->   "%rhs_V_2 = select i1 %cmp148, i8 %p_0_1_0_0_01046_load, i8 %p_0_0_0_0_0_21086_load_1" [/home/user/Documents/kria-vitis-platforms/kv260/platforms/vivado/kv260_ispMipiRx_vcu_DP/project/kv260_ispMipiRx_vcu_DP.runs/bd_eab1_hsc_0_synth_1/prj/sol/.autopilot/db/v_hscaler.cpp:1722]   --->   Operation 88 'select' 'rhs_V_2' <Predicate = (!icmp_ln1636)> <Delay = 0.39> <CoreInst = "Sel">   --->   Core 73 'Sel' <Latency = 0> <II = 1> <Delay = 0.39> <FuncUnit> <Opcode : 'select'> <InPorts = 3> <OutPorts = 1>
ST_3 : Operation 89 [1/1] (0.39ns)   --->   "%rhs_5 = select i1 %cmp148, i8 %p_0_1_0_0_01042_load, i8 %p_0_0_0_0_0524_21083_load_1" [/home/user/Documents/kria-vitis-platforms/kv260/platforms/vivado/kv260_ispMipiRx_vcu_DP/project/kv260_ispMipiRx_vcu_DP.runs/bd_eab1_hsc_0_synth_1/prj/sol/.autopilot/db/v_hscaler.cpp:1722]   --->   Operation 89 'select' 'rhs_5' <Predicate = (!icmp_ln1636)> <Delay = 0.39> <CoreInst = "Sel">   --->   Core 73 'Sel' <Latency = 0> <II = 1> <Delay = 0.39> <FuncUnit> <Opcode : 'select'> <InPorts = 3> <OutPorts = 1>
ST_3 : Operation 90 [1/1] (0.39ns)   --->   "%lhs_V = select i1 %cmp148, i8 %p_0_1_0_0_01046_load, i8 %p_out2_load" [/home/user/Documents/kria-vitis-platforms/kv260/platforms/vivado/kv260_ispMipiRx_vcu_DP/project/kv260_ispMipiRx_vcu_DP.runs/bd_eab1_hsc_0_synth_1/prj/sol/.autopilot/db/v_hscaler.cpp:1722]   --->   Operation 90 'select' 'lhs_V' <Predicate = (!icmp_ln1636 & !odd_col)> <Delay = 0.39> <CoreInst = "Sel">   --->   Core 73 'Sel' <Latency = 0> <II = 1> <Delay = 0.39> <FuncUnit> <Opcode : 'select'> <InPorts = 3> <OutPorts = 1>
ST_3 : Operation 91 [1/1] (0.39ns)   --->   "%rhs_V = select i1 %cmp148, i8 %p_0_1_0_0_01046_load, i8 %p_out_load" [/home/user/Documents/kria-vitis-platforms/kv260/platforms/vivado/kv260_ispMipiRx_vcu_DP/project/kv260_ispMipiRx_vcu_DP.runs/bd_eab1_hsc_0_synth_1/prj/sol/.autopilot/db/v_hscaler.cpp:1722]   --->   Operation 91 'select' 'rhs_V' <Predicate = (!icmp_ln1636)> <Delay = 0.39> <CoreInst = "Sel">   --->   Core 73 'Sel' <Latency = 0> <II = 1> <Delay = 0.39> <FuncUnit> <Opcode : 'select'> <InPorts = 3> <OutPorts = 1>
ST_3 : Operation 92 [1/1] (0.39ns)   --->   "%lhs = select i1 %cmp148, i8 %p_0_1_0_0_01042_load, i8 %p_out3_load" [/home/user/Documents/kria-vitis-platforms/kv260/platforms/vivado/kv260_ispMipiRx_vcu_DP/project/kv260_ispMipiRx_vcu_DP.runs/bd_eab1_hsc_0_synth_1/prj/sol/.autopilot/db/v_hscaler.cpp:1722]   --->   Operation 92 'select' 'lhs' <Predicate = (!icmp_ln1636 & !odd_col)> <Delay = 0.39> <CoreInst = "Sel">   --->   Core 73 'Sel' <Latency = 0> <II = 1> <Delay = 0.39> <FuncUnit> <Opcode : 'select'> <InPorts = 3> <OutPorts = 1>
ST_3 : Operation 93 [1/1] (0.39ns)   --->   "%rhs = select i1 %cmp148, i8 %p_0_1_0_0_01042_load, i8 %p_out1_load" [/home/user/Documents/kria-vitis-platforms/kv260/platforms/vivado/kv260_ispMipiRx_vcu_DP/project/kv260_ispMipiRx_vcu_DP.runs/bd_eab1_hsc_0_synth_1/prj/sol/.autopilot/db/v_hscaler.cpp:1722]   --->   Operation 93 'select' 'rhs' <Predicate = (!icmp_ln1636)> <Delay = 0.39> <CoreInst = "Sel">   --->   Core 73 'Sel' <Latency = 0> <II = 1> <Delay = 0.39> <FuncUnit> <Opcode : 'select'> <InPorts = 3> <OutPorts = 1>
ST_3 : Operation 94 [1/1] (0.00ns)   --->   "%ret_V = bitconcatenate i9 @_ssdm_op_BitConcatenate.i9.i8.i1, i8 %rhs, i1 0"   --->   Operation 94 'bitconcatenate' 'ret_V' <Predicate = (!icmp_ln1636 & !odd_col)> <Delay = 0.00>
ST_3 : Operation 95 [1/1] (0.00ns)   --->   "%zext_ln1495 = zext i8 %lhs"   --->   Operation 95 'zext' 'zext_ln1495' <Predicate = (!icmp_ln1636 & !odd_col)> <Delay = 0.00>
ST_3 : Operation 96 [1/1] (0.00ns)   --->   "%zext_ln1495_3 = zext i9 %ret_V"   --->   Operation 96 'zext' 'zext_ln1495_3' <Predicate = (!icmp_ln1636 & !odd_col)> <Delay = 0.00>
ST_3 : Operation 97 [1/1] (0.00ns)   --->   "%zext_ln1495_4 = zext i8 %rhs_5"   --->   Operation 97 'zext' 'zext_ln1495_4' <Predicate = (!icmp_ln1636 & !odd_col)> <Delay = 0.00>
ST_3 : Operation 98 [1/1] (0.76ns)   --->   "%ret_V_2 = add i9 %zext_ln1495_4, i9 2"   --->   Operation 98 'add' 'ret_V_2' <Predicate = (!icmp_ln1636 & !odd_col)> <Delay = 0.76> <CoreInst = "Adder">   --->   Core 1 'Adder' <Latency = 0> <II = 1> <Delay = 0.77> <FuncUnit> <Opcode : 'add' 'sub'> <InPorts = 2> <OutPorts = 1>
ST_3 : Operation 99 [1/1] (0.00ns)   --->   "%zext_ln1495_5 = zext i9 %ret_V_2"   --->   Operation 99 'zext' 'zext_ln1495_5' <Predicate = (!icmp_ln1636 & !odd_col)> <Delay = 0.00>
ST_3 : Operation 100 [1/1] (0.00ns) (grouped into TernaryAdder)   --->   "%add_ln1495_3 = add i10 %zext_ln1495_5, i10 %zext_ln1495"   --->   Operation 100 'add' 'add_ln1495_3' <Predicate = (!icmp_ln1636 & !odd_col)> <Delay = 0.00> <CoreInst = "TAddSub">   --->   Core 10 'TAddSub' <Latency = 0> <II = 1> <Delay = 0.48> <IPBlock> <Opcode : 'add' 'sub'> <InPorts = 3> <OutPorts = 1> <Sync> <CReg>
ST_3 : Operation 101 [1/1] (0.96ns) (root node of TernaryAdder)   --->   "%add_ln1495_2 = add i10 %add_ln1495_3, i10 %zext_ln1495_3"   --->   Operation 101 'add' 'add_ln1495_2' <Predicate = (!icmp_ln1636 & !odd_col)> <Delay = 0.96> <CoreInst = "TAddSub">   --->   Core 10 'TAddSub' <Latency = 0> <II = 1> <Delay = 0.48> <IPBlock> <Opcode : 'add' 'sub'> <InPorts = 3> <OutPorts = 1> <Sync> <CReg>
ST_3 : Operation 102 [1/1] (0.00ns)   --->   "%trunc_ln3 = partselect i8 @_ssdm_op_PartSelect.i8.i10.i32.i32, i10 %add_ln1495_2, i32 2, i32 9" [/home/user/Documents/kria-vitis-platforms/kv260/platforms/vivado/kv260_ispMipiRx_vcu_DP/project/kv260_ispMipiRx_vcu_DP.runs/bd_eab1_hsc_0_synth_1/prj/sol/.autopilot/db/v_hscaler.cpp:1603]   --->   Operation 102 'partselect' 'trunc_ln3' <Predicate = (!icmp_ln1636 & !odd_col)> <Delay = 0.00>
ST_3 : Operation 103 [1/1] (0.00ns)   --->   "%ret_V_3 = bitconcatenate i9 @_ssdm_op_BitConcatenate.i9.i8.i1, i8 %rhs_V, i1 0"   --->   Operation 103 'bitconcatenate' 'ret_V_3' <Predicate = (!icmp_ln1636 & !odd_col)> <Delay = 0.00>
ST_3 : Operation 104 [1/1] (0.00ns)   --->   "%zext_ln1495_6 = zext i8 %lhs_V"   --->   Operation 104 'zext' 'zext_ln1495_6' <Predicate = (!icmp_ln1636 & !odd_col)> <Delay = 0.00>
ST_3 : Operation 105 [1/1] (0.00ns)   --->   "%zext_ln1495_7 = zext i9 %ret_V_3"   --->   Operation 105 'zext' 'zext_ln1495_7' <Predicate = (!icmp_ln1636 & !odd_col)> <Delay = 0.00>
ST_3 : Operation 106 [1/1] (0.00ns)   --->   "%zext_ln1495_8 = zext i8 %rhs_V_2"   --->   Operation 106 'zext' 'zext_ln1495_8' <Predicate = (!icmp_ln1636 & !odd_col)> <Delay = 0.00>
ST_3 : Operation 107 [1/1] (0.76ns)   --->   "%ret_V_4 = add i9 %zext_ln1495_8, i9 2"   --->   Operation 107 'add' 'ret_V_4' <Predicate = (!icmp_ln1636 & !odd_col)> <Delay = 0.76> <CoreInst = "Adder">   --->   Core 1 'Adder' <Latency = 0> <II = 1> <Delay = 0.77> <FuncUnit> <Opcode : 'add' 'sub'> <InPorts = 2> <OutPorts = 1>
ST_3 : Operation 108 [1/1] (0.00ns)   --->   "%zext_ln1495_9 = zext i9 %ret_V_4"   --->   Operation 108 'zext' 'zext_ln1495_9' <Predicate = (!icmp_ln1636 & !odd_col)> <Delay = 0.00>
ST_3 : Operation 109 [1/1] (0.00ns) (grouped into TernaryAdder)   --->   "%add_ln1495_6 = add i10 %zext_ln1495_9, i10 %zext_ln1495_6"   --->   Operation 109 'add' 'add_ln1495_6' <Predicate = (!icmp_ln1636 & !odd_col)> <Delay = 0.00> <CoreInst = "TAddSub">   --->   Core 10 'TAddSub' <Latency = 0> <II = 1> <Delay = 0.48> <IPBlock> <Opcode : 'add' 'sub'> <InPorts = 3> <OutPorts = 1> <Sync> <CReg>
ST_3 : Operation 110 [1/1] (0.96ns) (root node of TernaryAdder)   --->   "%add_ln1495_5 = add i10 %add_ln1495_6, i10 %zext_ln1495_7"   --->   Operation 110 'add' 'add_ln1495_5' <Predicate = (!icmp_ln1636 & !odd_col)> <Delay = 0.96> <CoreInst = "TAddSub">   --->   Core 10 'TAddSub' <Latency = 0> <II = 1> <Delay = 0.48> <IPBlock> <Opcode : 'add' 'sub'> <InPorts = 3> <OutPorts = 1> <Sync> <CReg>
ST_3 : Operation 111 [1/1] (0.00ns)   --->   "%filt_res1_4 = partselect i8 @_ssdm_op_PartSelect.i8.i10.i32.i32, i10 %add_ln1495_5, i32 2, i32 9"   --->   Operation 111 'partselect' 'filt_res1_4' <Predicate = (!icmp_ln1636 & !odd_col)> <Delay = 0.00>
ST_3 : Operation 112 [1/1] (0.00ns)   --->   "%zext_ln541 = zext i8 %filt_res1_4"   --->   Operation 112 'zext' 'zext_ln541' <Predicate = (!icmp_ln1636 & !odd_col)> <Delay = 0.00>
ST_3 : Operation 113 [1/1] (0.42ns)   --->   "%filt_res1 = select i1 %odd_col, i64 %filt_res1_1_out_load, i64 %zext_ln541" [/home/user/Documents/kria-vitis-platforms/kv260/platforms/vivado/kv260_ispMipiRx_vcu_DP/project/kv260_ispMipiRx_vcu_DP.runs/bd_eab1_hsc_0_synth_1/prj/sol/.autopilot/db/v_hscaler.cpp:1598]   --->   Operation 113 'select' 'filt_res1' <Predicate = (!icmp_ln1636)> <Delay = 0.42> <CoreInst = "Sel">   --->   Core 73 'Sel' <Latency = 0> <II = 1> <Delay = 0.42> <FuncUnit> <Opcode : 'select'> <InPorts = 3> <OutPorts = 1>
ST_3 : Operation 114 [1/1] (0.00ns)   --->   "%trunc_ln1636 = trunc i64 %filt_res1_1_out_load" [/home/user/Documents/kria-vitis-platforms/kv260/platforms/vivado/kv260_ispMipiRx_vcu_DP/project/kv260_ispMipiRx_vcu_DP.runs/bd_eab1_hsc_0_synth_1/prj/sol/.autopilot/db/v_hscaler.cpp:1636]   --->   Operation 114 'trunc' 'trunc_ln1636' <Predicate = (!icmp_ln1636 & odd_col)> <Delay = 0.00>
ST_3 : Operation 115 [1/1] (0.39ns)   --->   "%select_ln1757 = select i1 %odd_col, i8 %trunc_ln1636, i8 %trunc_ln3" [/home/user/Documents/kria-vitis-platforms/kv260/platforms/vivado/kv260_ispMipiRx_vcu_DP/project/kv260_ispMipiRx_vcu_DP.runs/bd_eab1_hsc_0_synth_1/prj/sol/.autopilot/db/v_hscaler.cpp:1757]   --->   Operation 115 'select' 'select_ln1757' <Predicate = (!icmp_ln1636)> <Delay = 0.39> <CoreInst = "Sel">   --->   Core 73 'Sel' <Latency = 0> <II = 1> <Delay = 0.39> <FuncUnit> <Opcode : 'select'> <InPorts = 3> <OutPorts = 1>
ST_3 : Operation 116 [1/1] (0.00ns)   --->   "%p_0_0_0_0_05321032_out_load = load i8 %p_0_0_0_0_05321032_out" [/home/user/Documents/kria-vitis-platforms/kv260/platforms/vivado/kv260_ispMipiRx_vcu_DP/project/kv260_ispMipiRx_vcu_DP.runs/bd_eab1_hsc_0_synth_1/prj/sol/.autopilot/db/v_hscaler.cpp:1786]   --->   Operation 116 'load' 'p_0_0_0_0_05321032_out_load' <Predicate = (!icmp_ln1636 & !tmp & p_read_3)> <Delay = 0.00>
ST_3 : Operation 117 [1/1] (0.00ns)   --->   "%p_0_1_0_0_01034_out_load = load i8 %p_0_1_0_0_01034_out" [/home/user/Documents/kria-vitis-platforms/kv260/platforms/vivado/kv260_ispMipiRx_vcu_DP/project/kv260_ispMipiRx_vcu_DP.runs/bd_eab1_hsc_0_synth_1/prj/sol/.autopilot/db/v_hscaler.cpp:1786]   --->   Operation 117 'load' 'p_0_1_0_0_01034_out_load' <Predicate = (!icmp_ln1636 & !tmp & p_read_3)> <Delay = 0.00>
ST_3 : Operation 118 [1/1] (0.00ns)   --->   "%p_0_2_0_0_01036_out_load = load i8 %p_0_2_0_0_01036_out" [/home/user/Documents/kria-vitis-platforms/kv260/platforms/vivado/kv260_ispMipiRx_vcu_DP/project/kv260_ispMipiRx_vcu_DP.runs/bd_eab1_hsc_0_synth_1/prj/sol/.autopilot/db/v_hscaler.cpp:1786]   --->   Operation 118 'load' 'p_0_2_0_0_01036_out_load' <Predicate = (!icmp_ln1636 & !tmp & p_read_3)> <Delay = 0.00>
ST_3 : Operation 119 [1/1] (0.00ns)   --->   "%p_0 = bitconcatenate i24 @_ssdm_op_BitConcatenate.i24.i8.i8.i8, i8 %p_0_2_0_0_01036_out_load, i8 %p_0_1_0_0_01034_out_load, i8 %p_0_0_0_0_05321032_out_load" [/home/user/Documents/kria-vitis-platforms/kv260/platforms/vivado/kv260_ispMipiRx_vcu_DP/project/kv260_ispMipiRx_vcu_DP.runs/bd_eab1_hsc_0_synth_1/prj/sol/.autopilot/db/v_hscaler.cpp:1786]   --->   Operation 119 'bitconcatenate' 'p_0' <Predicate = (!icmp_ln1636 & !tmp & p_read_3)> <Delay = 0.00>
ST_3 : Operation 120 [1/1] (1.82ns)   --->   "%write_ln1786 = write void @_ssdm_op_Write.ap_fifo.volatile.i24P0A, i24 %stream_out_422, i24 %p_0" [/home/user/Documents/kria-vitis-platforms/kv260/platforms/vivado/kv260_ispMipiRx_vcu_DP/project/kv260_ispMipiRx_vcu_DP.runs/bd_eab1_hsc_0_synth_1/prj/sol/.autopilot/db/v_hscaler.cpp:1786]   --->   Operation 120 'write' 'write_ln1786' <Predicate = (!icmp_ln1636 & !tmp & p_read_3)> <Delay = 1.82> <CoreInst = "FIFO_SRL">   --->   Core 81 'FIFO_SRL' <Latency = 0> <II = 1> <Delay = 2.04> <Storage> <Opcode : 'read' 'write' 'nbread' 'nbwrite'> <Ports = 0> <Width = 24> <Depth = 16> <FIFO>
ST_3 : Operation 121 [1/1] (0.00ns)   --->   "%br_ln1786 = br void %if.end448" [/home/user/Documents/kria-vitis-platforms/kv260/platforms/vivado/kv260_ispMipiRx_vcu_DP/project/kv260_ispMipiRx_vcu_DP.runs/bd_eab1_hsc_0_synth_1/prj/sol/.autopilot/db/v_hscaler.cpp:1786]   --->   Operation 121 'br' 'br_ln1786' <Predicate = (!icmp_ln1636 & !tmp & p_read_3)> <Delay = 0.00>
ST_3 : Operation 122 [1/1] (0.00ns)   --->   "%pixbuf_y_val_V_5_load = load i8 %pixbuf_y_val_V_5" [/home/user/Documents/kria-vitis-platforms/kv260/platforms/vivado/kv260_ispMipiRx_vcu_DP/project/kv260_ispMipiRx_vcu_DP.runs/bd_eab1_hsc_0_synth_1/prj/sol/.autopilot/db/v_hscaler.cpp:1636]   --->   Operation 122 'load' 'pixbuf_y_val_V_5_load' <Predicate = (!icmp_ln1636)> <Delay = 0.00>
ST_3 : Operation 123 [1/1] (0.42ns)   --->   "%store_ln1636 = store i8 %pixbuf_y_val_V_5_load, i8 %pixbuf_y_val_V_9" [/home/user/Documents/kria-vitis-platforms/kv260/platforms/vivado/kv260_ispMipiRx_vcu_DP/project/kv260_ispMipiRx_vcu_DP.runs/bd_eab1_hsc_0_synth_1/prj/sol/.autopilot/db/v_hscaler.cpp:1636]   --->   Operation 123 'store' 'store_ln1636' <Predicate = (!icmp_ln1636)> <Delay = 0.42>
ST_3 : Operation 124 [1/1] (0.42ns)   --->   "%store_ln1636 = store i8 %pixbuf_y_val_V_13, i8 %pixbuf_y_val_V_8" [/home/user/Documents/kria-vitis-platforms/kv260/platforms/vivado/kv260_ispMipiRx_vcu_DP/project/kv260_ispMipiRx_vcu_DP.runs/bd_eab1_hsc_0_synth_1/prj/sol/.autopilot/db/v_hscaler.cpp:1636]   --->   Operation 124 'store' 'store_ln1636' <Predicate = (!icmp_ln1636)> <Delay = 0.42>
ST_3 : Operation 125 [1/1] (0.42ns)   --->   "%store_ln1636 = store i8 %pixbuf_y_val_V_12, i8 %pixbuf_y_val_V_7" [/home/user/Documents/kria-vitis-platforms/kv260/platforms/vivado/kv260_ispMipiRx_vcu_DP/project/kv260_ispMipiRx_vcu_DP.runs/bd_eab1_hsc_0_synth_1/prj/sol/.autopilot/db/v_hscaler.cpp:1636]   --->   Operation 125 'store' 'store_ln1636' <Predicate = (!icmp_ln1636)> <Delay = 0.42>
ST_3 : Operation 126 [1/1] (0.42ns)   --->   "%store_ln1636 = store i8 %pixbuf_y_val_V_14, i8 %pixbuf_y_val_V_5" [/home/user/Documents/kria-vitis-platforms/kv260/platforms/vivado/kv260_ispMipiRx_vcu_DP/project/kv260_ispMipiRx_vcu_DP.runs/bd_eab1_hsc_0_synth_1/prj/sol/.autopilot/db/v_hscaler.cpp:1636]   --->   Operation 126 'store' 'store_ln1636' <Predicate = (!icmp_ln1636)> <Delay = 0.42>
ST_3 : Operation 127 [1/1] (0.42ns)   --->   "%store_ln1636 = store i8 %p_0_1_0_0_01046_load, i8 %p_0_0_0_0_0_21086" [/home/user/Documents/kria-vitis-platforms/kv260/platforms/vivado/kv260_ispMipiRx_vcu_DP/project/kv260_ispMipiRx_vcu_DP.runs/bd_eab1_hsc_0_synth_1/prj/sol/.autopilot/db/v_hscaler.cpp:1636]   --->   Operation 127 'store' 'store_ln1636' <Predicate = (!icmp_ln1636)> <Delay = 0.42>
ST_3 : Operation 128 [1/1] (0.42ns)   --->   "%store_ln1636 = store i8 %p_0_1_0_0_01042_load, i8 %p_0_0_0_0_0524_21083" [/home/user/Documents/kria-vitis-platforms/kv260/platforms/vivado/kv260_ispMipiRx_vcu_DP/project/kv260_ispMipiRx_vcu_DP.runs/bd_eab1_hsc_0_synth_1/prj/sol/.autopilot/db/v_hscaler.cpp:1636]   --->   Operation 128 'store' 'store_ln1636' <Predicate = (!icmp_ln1636)> <Delay = 0.42>
ST_3 : Operation 129 [1/1] (0.00ns)   --->   "%store_ln1636 = store i8 %rhs_V_2, i8 %p_out" [/home/user/Documents/kria-vitis-platforms/kv260/platforms/vivado/kv260_ispMipiRx_vcu_DP/project/kv260_ispMipiRx_vcu_DP.runs/bd_eab1_hsc_0_synth_1/prj/sol/.autopilot/db/v_hscaler.cpp:1636]   --->   Operation 129 'store' 'store_ln1636' <Predicate = (!icmp_ln1636)> <Delay = 0.00>
ST_3 : Operation 130 [1/1] (0.00ns)   --->   "%store_ln1636 = store i8 %rhs_5, i8 %p_out1" [/home/user/Documents/kria-vitis-platforms/kv260/platforms/vivado/kv260_ispMipiRx_vcu_DP/project/kv260_ispMipiRx_vcu_DP.runs/bd_eab1_hsc_0_synth_1/prj/sol/.autopilot/db/v_hscaler.cpp:1636]   --->   Operation 130 'store' 'store_ln1636' <Predicate = (!icmp_ln1636)> <Delay = 0.00>
ST_3 : Operation 131 [1/1] (0.00ns)   --->   "%store_ln1636 = store i8 %rhs_V, i8 %p_out2" [/home/user/Documents/kria-vitis-platforms/kv260/platforms/vivado/kv260_ispMipiRx_vcu_DP/project/kv260_ispMipiRx_vcu_DP.runs/bd_eab1_hsc_0_synth_1/prj/sol/.autopilot/db/v_hscaler.cpp:1636]   --->   Operation 131 'store' 'store_ln1636' <Predicate = (!icmp_ln1636)> <Delay = 0.00>
ST_3 : Operation 132 [1/1] (0.00ns)   --->   "%store_ln1636 = store i8 %rhs, i8 %p_out3" [/home/user/Documents/kria-vitis-platforms/kv260/platforms/vivado/kv260_ispMipiRx_vcu_DP/project/kv260_ispMipiRx_vcu_DP.runs/bd_eab1_hsc_0_synth_1/prj/sol/.autopilot/db/v_hscaler.cpp:1636]   --->   Operation 132 'store' 'store_ln1636' <Predicate = (!icmp_ln1636)> <Delay = 0.00>
ST_3 : Operation 133 [1/1] (0.00ns)   --->   "%store_ln1636 = store i64 %filt_res1, i64 %filt_res1_1_out" [/home/user/Documents/kria-vitis-platforms/kv260/platforms/vivado/kv260_ispMipiRx_vcu_DP/project/kv260_ispMipiRx_vcu_DP.runs/bd_eab1_hsc_0_synth_1/prj/sol/.autopilot/db/v_hscaler.cpp:1636]   --->   Operation 133 'store' 'store_ln1636' <Predicate = (!icmp_ln1636)> <Delay = 0.00>
ST_3 : Operation 142 [1/1] (0.00ns)   --->   "%p_0_0_0_0_0524_21083_load = load i8 %p_0_0_0_0_0524_21083"   --->   Operation 142 'load' 'p_0_0_0_0_0524_21083_load' <Predicate = (icmp_ln1636)> <Delay = 0.00>
ST_3 : Operation 143 [1/1] (0.00ns)   --->   "%p_0_0_0_0_0_21086_load = load i8 %p_0_0_0_0_0_21086"   --->   Operation 143 'load' 'p_0_0_0_0_0_21086_load' <Predicate = (icmp_ln1636)> <Delay = 0.00>
ST_3 : Operation 144 [1/1] (0.00ns)   --->   "%pixbuf_y_val_V_5_load_1 = load i8 %pixbuf_y_val_V_5"   --->   Operation 144 'load' 'pixbuf_y_val_V_5_load_1' <Predicate = (icmp_ln1636)> <Delay = 0.00>
ST_3 : Operation 145 [1/1] (0.00ns)   --->   "%store_ln0 = store i8 %pixbuf_y_val_V_13, i8 %pixbuf_y_val_V_9_out"   --->   Operation 145 'store' 'store_ln0' <Predicate = (icmp_ln1636)> <Delay = 0.00>
ST_3 : Operation 146 [1/1] (0.00ns)   --->   "%store_ln0 = store i8 %pixbuf_y_val_V_12, i8 %pixbuf_y_val_V_8_out"   --->   Operation 146 'store' 'store_ln0' <Predicate = (icmp_ln1636)> <Delay = 0.00>
ST_3 : Operation 147 [1/1] (0.00ns)   --->   "%store_ln0 = store i8 %pixbuf_y_val_V_11, i8 %pixbuf_y_val_V_7_out"   --->   Operation 147 'store' 'store_ln0' <Predicate = (icmp_ln1636)> <Delay = 0.00>
ST_3 : Operation 148 [1/1] (0.00ns)   --->   "%write_ln0 = write void @_ssdm_op_Write.ap_auto.i8P0A, i8 %pixbuf_y_val_V_5_out, i8 %pixbuf_y_val_V_5_load_1"   --->   Operation 148 'write' 'write_ln0' <Predicate = (icmp_ln1636)> <Delay = 0.00>
ST_3 : Operation 149 [1/1] (0.00ns)   --->   "%write_ln0 = write void @_ssdm_op_Write.ap_auto.i8P0A, i8 %p_0_0_0_0_0_21086_out, i8 %p_0_0_0_0_0_21086_load"   --->   Operation 149 'write' 'write_ln0' <Predicate = (icmp_ln1636)> <Delay = 0.00>
ST_3 : Operation 150 [1/1] (0.00ns)   --->   "%write_ln0 = write void @_ssdm_op_Write.ap_auto.i8P0A, i8 %p_0_0_0_0_0524_21083_out, i8 %p_0_0_0_0_0524_21083_load"   --->   Operation 150 'write' 'write_ln0' <Predicate = (icmp_ln1636)> <Delay = 0.00>
ST_3 : Operation 151 [1/1] (0.00ns)   --->   "%ret_ln0 = ret"   --->   Operation 151 'ret' 'ret_ln0' <Predicate = (icmp_ln1636)> <Delay = 0.00>

State 4 <SV = 3> <Delay = 2.35>
ST_4 : Operation 134 [1/1] (0.00ns)   --->   "%pixbuf_y_val_V_6_out_load = load i8 %pixbuf_y_val_V_6_out" [/home/user/Documents/kria-vitis-platforms/kv260/platforms/vivado/kv260_ispMipiRx_vcu_DP/project/kv260_ispMipiRx_vcu_DP.runs/bd_eab1_hsc_0_synth_1/prj/sol/.autopilot/db/v_hscaler.cpp:1742]   --->   Operation 134 'load' 'pixbuf_y_val_V_6_out_load' <Predicate = true> <Delay = 0.00>
ST_4 : Operation 135 [1/1] (0.52ns)   --->   "%tmp_s = mux i8 @_ssdm_op_Mux.ap_auto.4i8.i3, i8 %pixbuf_y_val_V_6_out_load, i8 %pixbuf_y_val_V_11, i8 %pixbuf_y_val_V_12, i8 %pixbuf_y_val_V_13, i3 %select_ln1634_cast_cast" [/home/user/Documents/kria-vitis-platforms/kv260/platforms/vivado/kv260_ispMipiRx_vcu_DP/project/kv260_ispMipiRx_vcu_DP.runs/bd_eab1_hsc_0_synth_1/prj/sol/.autopilot/db/v_hscaler.cpp:1742]   --->   Operation 135 'mux' 'tmp_s' <Predicate = true> <Delay = 0.52> <CoreInst = "Multiplexer">   --->   Core 76 'Multiplexer' <Latency = 0> <II = 1> <Delay = 0.52> <FuncUnit> <Opcode : 'mux'> <InPorts = 2> <OutPorts = 1>
ST_4 : Operation 136 [1/1] (0.00ns)   --->   "%tmp_2 = bitconcatenate i16 @_ssdm_op_BitConcatenate.i16.i8.i8, i8 %select_ln1757, i8 %tmp_s" [/home/user/Documents/kria-vitis-platforms/kv260/platforms/vivado/kv260_ispMipiRx_vcu_DP/project/kv260_ispMipiRx_vcu_DP.runs/bd_eab1_hsc_0_synth_1/prj/sol/.autopilot/db/v_hscaler.cpp:1788]   --->   Operation 136 'bitconcatenate' 'tmp_2' <Predicate = (!tmp & !p_read_3)> <Delay = 0.00>
ST_4 : Operation 137 [1/1] (0.00ns)   --->   "%zext_ln1788 = zext i16 %tmp_2" [/home/user/Documents/kria-vitis-platforms/kv260/platforms/vivado/kv260_ispMipiRx_vcu_DP/project/kv260_ispMipiRx_vcu_DP.runs/bd_eab1_hsc_0_synth_1/prj/sol/.autopilot/db/v_hscaler.cpp:1788]   --->   Operation 137 'zext' 'zext_ln1788' <Predicate = (!tmp & !p_read_3)> <Delay = 0.00>
ST_4 : Operation 138 [1/1] (1.82ns)   --->   "%write_ln1788 = write void @_ssdm_op_Write.ap_fifo.volatile.i24P0A, i24 %stream_out_422, i24 %zext_ln1788" [/home/user/Documents/kria-vitis-platforms/kv260/platforms/vivado/kv260_ispMipiRx_vcu_DP/project/kv260_ispMipiRx_vcu_DP.runs/bd_eab1_hsc_0_synth_1/prj/sol/.autopilot/db/v_hscaler.cpp:1788]   --->   Operation 138 'write' 'write_ln1788' <Predicate = (!tmp & !p_read_3)> <Delay = 1.82> <CoreInst = "FIFO_SRL">   --->   Core 81 'FIFO_SRL' <Latency = 0> <II = 1> <Delay = 2.04> <Storage> <Opcode : 'read' 'write' 'nbread' 'nbwrite'> <Ports = 0> <Width = 24> <Depth = 16> <FIFO>
ST_4 : Operation 139 [1/1] (0.00ns)   --->   "%br_ln0 = br void %if.end448"   --->   Operation 139 'br' 'br_ln0' <Predicate = (!tmp & !p_read_3)> <Delay = 0.00>
ST_4 : Operation 140 [1/1] (0.00ns)   --->   "%store_ln1636 = store i8 %pixbuf_y_val_V_11, i8 %pixbuf_y_val_V_6_out" [/home/user/Documents/kria-vitis-platforms/kv260/platforms/vivado/kv260_ispMipiRx_vcu_DP/project/kv260_ispMipiRx_vcu_DP.runs/bd_eab1_hsc_0_synth_1/prj/sol/.autopilot/db/v_hscaler.cpp:1636]   --->   Operation 140 'store' 'store_ln1636' <Predicate = true> <Delay = 0.00>
ST_4 : Operation 141 [1/1] (0.00ns)   --->   "%br_ln1636 = br void %for.body37" [/home/user/Documents/kria-vitis-platforms/kv260/platforms/vivado/kv260_ispMipiRx_vcu_DP/project/kv260_ispMipiRx_vcu_DP.runs/bd_eab1_hsc_0_synth_1/prj/sol/.autopilot/db/v_hscaler.cpp:1636]   --->   Operation 141 'br' 'br_ln1636' <Predicate = true> <Delay = 0.00>


============================================================
+ Verbose Summary: Binding
============================================================
STG Binding: 
---------------- STG Properties BEGIN ----------------
- Is combinational: 0
- Is one-state seq: 0
- Is datapath-only: 0
- Is pipelined: 0
- Is top level: 0
Port [ Return ] is wired: 1; IO mode=ap_ctrl_hs:ce=0
Port [ pixbuf_y_val_V_4]:  wired=1; compound=0; hidden=0; nouse=0; global=0; static=0; extern=0; dir=0; type=0; pingpong=0; private_global=0; IO mode=ap_none:ce=0
Port [ pixbuf_y_val_V_3]:  wired=1; compound=0; hidden=0; nouse=0; global=0; static=0; extern=0; dir=0; type=0; pingpong=0; private_global=0; IO mode=ap_none:ce=0
Port [ pixbuf_y_val_V_2]:  wired=1; compound=0; hidden=0; nouse=0; global=0; static=0; extern=0; dir=0; type=0; pingpong=0; private_global=0; IO mode=ap_none:ce=0
Port [ pixbuf_y_val_V]:  wired=1; compound=0; hidden=0; nouse=0; global=0; static=0; extern=0; dir=0; type=0; pingpong=0; private_global=0; IO mode=ap_none:ce=0
Port [ p_0_0_0_0_0_21084_lcssa1110]:  wired=1; compound=0; hidden=0; nouse=0; global=0; static=0; extern=0; dir=0; type=0; pingpong=0; private_global=0; IO mode=ap_none:ce=0
Port [ p_0_0_0_0_0524_21081_lcssa1107]:  wired=1; compound=0; hidden=0; nouse=0; global=0; static=0; extern=0; dir=0; type=0; pingpong=0; private_global=0; IO mode=ap_none:ce=0
Port [ p_0_1_0_0_01043_lcssa1068]:  wired=1; compound=0; hidden=0; nouse=0; global=0; static=0; extern=0; dir=0; type=0; pingpong=0; private_global=0; IO mode=ap_none:ce=0
Port [ p_0_1_0_0_01039_lcssa1065]:  wired=1; compound=0; hidden=0; nouse=0; global=0; static=0; extern=0; dir=0; type=0; pingpong=0; private_global=0; IO mode=ap_none:ce=0
Port [ p_0_0_0_0_05321037_lcssa1062]:  wired=1; compound=0; hidden=0; nouse=0; global=0; static=0; extern=0; dir=0; type=0; pingpong=0; private_global=0; IO mode=ap_none:ce=0
Port [ loopWidth]:  wired=1; compound=0; hidden=0; nouse=0; global=0; static=0; extern=0; dir=0; type=0; pingpong=0; private_global=0; IO mode=ap_none:ce=0
Port [ select_ln1634]:  wired=1; compound=0; hidden=0; nouse=0; global=0; static=0; extern=0; dir=0; type=0; pingpong=0; private_global=0; IO mode=ap_none:ce=0
Port [ select_ln1632]:  wired=1; compound=0; hidden=0; nouse=0; global=0; static=0; extern=0; dir=0; type=0; pingpong=0; private_global=0; IO mode=ap_none:ce=0
Port [ WidthOut_load]:  wired=1; compound=0; hidden=0; nouse=0; global=0; static=0; extern=0; dir=0; type=0; pingpong=0; private_global=0; IO mode=ap_stable:ce=0
Port [ stream_scaled_csc]:  wired=1; compound=1; hidden=0; nouse=0; global=0; static=0; extern=0; dir=0; type=3; pingpong=0; private_global=0; IO mode=ap_fifo:ce=0
Port [ stream_out_422]:  wired=1; compound=1; hidden=0; nouse=0; global=0; static=0; extern=0; dir=1; type=3; pingpong=0; private_global=0; IO mode=ap_fifo:ce=0
Port [ p_read]:  wired=1; compound=0; hidden=0; nouse=0; global=0; static=0; extern=0; dir=0; type=0; pingpong=0; private_global=0; IO mode=ap_none:ce=0
Port [ pixbuf_y_val_V_9_out]:  wired=1; compound=0; hidden=0; nouse=0; global=0; static=0; extern=0; dir=1; type=0; pingpong=0; private_global=0; IO mode=ap_vld:ce=0
Port [ pixbuf_y_val_V_8_out]:  wired=1; compound=0; hidden=0; nouse=0; global=0; static=0; extern=0; dir=1; type=0; pingpong=0; private_global=0; IO mode=ap_vld:ce=0
Port [ pixbuf_y_val_V_7_out]:  wired=1; compound=0; hidden=0; nouse=0; global=0; static=0; extern=0; dir=1; type=0; pingpong=0; private_global=0; IO mode=ap_vld:ce=0
Port [ pixbuf_y_val_V_6_out]:  wired=1; compound=0; hidden=0; nouse=0; global=0; static=0; extern=0; dir=2; type=0; pingpong=0; private_global=0; IO mode=ap_ovld:ce=0
Port [ pixbuf_y_val_V_5_out]:  wired=1; compound=0; hidden=0; nouse=0; global=0; static=0; extern=0; dir=1; type=0; pingpong=0; private_global=0; IO mode=ap_vld:ce=0
Port [ p_0_0_0_0_0_21086_out]:  wired=1; compound=0; hidden=0; nouse=0; global=0; static=0; extern=0; dir=1; type=0; pingpong=0; private_global=0; IO mode=ap_vld:ce=0
Port [ p_0_0_0_0_0524_21083_out]:  wired=1; compound=0; hidden=0; nouse=0; global=0; static=0; extern=0; dir=1; type=0; pingpong=0; private_global=0; IO mode=ap_vld:ce=0
Port [ p_out]:  wired=1; compound=0; hidden=0; nouse=0; global=0; static=0; extern=0; dir=2; type=0; pingpong=0; private_global=0; IO mode=ap_ovld:ce=0
Port [ p_out1]:  wired=1; compound=0; hidden=0; nouse=0; global=0; static=0; extern=0; dir=2; type=0; pingpong=0; private_global=0; IO mode=ap_ovld:ce=0
Port [ p_out2]:  wired=1; compound=0; hidden=0; nouse=0; global=0; static=0; extern=0; dir=2; type=0; pingpong=0; private_global=0; IO mode=ap_ovld:ce=0
Port [ p_out3]:  wired=1; compound=0; hidden=0; nouse=0; global=0; static=0; extern=0; dir=2; type=0; pingpong=0; private_global=0; IO mode=ap_ovld:ce=0
Port [ p_0_2_0_0_01036_out]:  wired=1; compound=0; hidden=0; nouse=0; global=0; static=0; extern=0; dir=2; type=0; pingpong=0; private_global=0; IO mode=ap_ovld:ce=0
Port [ p_0_1_0_0_01034_out]:  wired=1; compound=0; hidden=0; nouse=0; global=0; static=0; extern=0; dir=2; type=0; pingpong=0; private_global=0; IO mode=ap_ovld:ce=0
Port [ p_0_0_0_0_05321032_out]:  wired=1; compound=0; hidden=0; nouse=0; global=0; static=0; extern=0; dir=2; type=0; pingpong=0; private_global=0; IO mode=ap_ovld:ce=0
Port [ filt_res1_1_out]:  wired=1; compound=0; hidden=0; nouse=0; global=0; static=0; extern=0; dir=2; type=0; pingpong=0; private_global=0; IO mode=ap_ovld:ce=0
---------------- STG Properties END ------------------

---------------- Datapath Model BEGIN ----------------

<LifeTime>
<method=bitvector/>
p_0_0_0_0_0524_21083                (alloca           ) [ 01110]
p_0_0_0_0_0_21086                   (alloca           ) [ 01110]
x                                   (alloca           ) [ 01000]
pixbuf_y_val_V_5                    (alloca           ) [ 01110]
pixbuf_y_val_V_10                   (alloca           ) [ 01110]
p_0_1_0_0_01042                     (alloca           ) [ 01110]
p_0_1_0_0_01046                     (alloca           ) [ 01110]
pixbuf_y_val_V_7                    (alloca           ) [ 01110]
pixbuf_y_val_V_8                    (alloca           ) [ 01110]
pixbuf_y_val_V_9                    (alloca           ) [ 01110]
p_read_3                            (read             ) [ 01111]
WidthOut_load_read                  (read             ) [ 00000]
select_ln1632_read                  (read             ) [ 00000]
select_ln1634_read                  (read             ) [ 00000]
loopWidth_read                      (read             ) [ 00000]
p_0_0_0_0_05321037_lcssa1062_read   (read             ) [ 00000]
p_0_1_0_0_01039_lcssa1065_read      (read             ) [ 00000]
p_0_1_0_0_01043_lcssa1068_read      (read             ) [ 00000]
p_0_0_0_0_0524_21081_lcssa1107_read (read             ) [ 00000]
p_0_0_0_0_0_21084_lcssa1110_read    (read             ) [ 00000]
pixbuf_y_val_V_read                 (read             ) [ 00000]
pixbuf_y_val_V_2_read               (read             ) [ 00000]
pixbuf_y_val_V_3_read               (read             ) [ 00000]
pixbuf_y_val_V_4_read               (read             ) [ 00000]
select_ln1632_cast                  (zext             ) [ 00000]
select_ln1634_cast_cast             (select           ) [ 01111]
specinterface_ln0                   (specinterface    ) [ 00000]
specinterface_ln0                   (specinterface    ) [ 00000]
store_ln0                           (store            ) [ 00000]
store_ln0                           (store            ) [ 00000]
store_ln0                           (store            ) [ 00000]
store_ln0                           (store            ) [ 00000]
store_ln0                           (store            ) [ 00000]
store_ln0                           (store            ) [ 00000]
store_ln0                           (store            ) [ 00000]
store_ln0                           (store            ) [ 00000]
store_ln0                           (store            ) [ 00000]
store_ln0                           (store            ) [ 00000]
br_ln0                              (br               ) [ 00000]
x_2                                 (load             ) [ 00000]
zext_ln1636                         (zext             ) [ 00000]
icmp_ln1636                         (icmp             ) [ 01110]
add_ln1636                          (add              ) [ 00000]
br_ln1636                           (br               ) [ 00000]
specpipeline_ln1639                 (specpipeline     ) [ 00000]
specloopname_ln1610                 (specloopname     ) [ 00000]
out_x                               (sub              ) [ 00000]
odd_col                             (trunc            ) [ 01110]
icmp_ln1643                         (icmp             ) [ 01100]
br_ln1643                           (br               ) [ 00000]
cmp148                              (icmp             ) [ 01110]
tmp                                 (bitselect        ) [ 01111]
br_ln1783                           (br               ) [ 00000]
br_ln1785                           (br               ) [ 00000]
br_ln1789                           (br               ) [ 00000]
store_ln1636                        (store            ) [ 00000]
stream_scaled_csc_read              (read             ) [ 00000]
trunc_ln1645                        (trunc            ) [ 00000]
trunc_ln1645_1                      (partselect       ) [ 00000]
trunc_ln1645_2                      (partselect       ) [ 00000]
store_ln1651                        (store            ) [ 00000]
store_ln1651                        (store            ) [ 00000]
store_ln1651                        (store            ) [ 00000]
store_ln1651                        (store            ) [ 00000]
store_ln1651                        (store            ) [ 00000]
store_ln1651                        (store            ) [ 00000]
br_ln1651                           (br               ) [ 00000]
pixbuf_y_val_V_11                   (load             ) [ 01001]
pixbuf_y_val_V_12                   (load             ) [ 01001]
pixbuf_y_val_V_13                   (load             ) [ 01001]
speclooptripcount_ln0               (speclooptripcount) [ 00000]
filt_res1_1_out_load                (load             ) [ 00000]
p_out3_load                         (load             ) [ 00000]
p_out2_load                         (load             ) [ 00000]
p_out1_load                         (load             ) [ 00000]
p_out_load                          (load             ) [ 00000]
p_0_0_0_0_0524_21083_load_1         (load             ) [ 00000]
p_0_0_0_0_0_21086_load_1            (load             ) [ 00000]
pixbuf_y_val_V_14                   (load             ) [ 00000]
p_0_1_0_0_01042_load                (load             ) [ 00000]
p_0_1_0_0_01046_load                (load             ) [ 00000]
rhs_V_2                             (select           ) [ 00000]
rhs_5                               (select           ) [ 00000]
lhs_V                               (select           ) [ 00000]
rhs_V                               (select           ) [ 00000]
lhs                                 (select           ) [ 00000]
rhs                                 (select           ) [ 00000]
ret_V                               (bitconcatenate   ) [ 00000]
zext_ln1495                         (zext             ) [ 00000]
zext_ln1495_3                       (zext             ) [ 00000]
zext_ln1495_4                       (zext             ) [ 00000]
ret_V_2                             (add              ) [ 00000]
zext_ln1495_5                       (zext             ) [ 00000]
add_ln1495_3                        (add              ) [ 00000]
add_ln1495_2                        (add              ) [ 00000]
trunc_ln3                           (partselect       ) [ 00000]
ret_V_3                             (bitconcatenate   ) [ 00000]
zext_ln1495_6                       (zext             ) [ 00000]
zext_ln1495_7                       (zext             ) [ 00000]
zext_ln1495_8                       (zext             ) [ 00000]
ret_V_4                             (add              ) [ 00000]
zext_ln1495_9                       (zext             ) [ 00000]
add_ln1495_6                        (add              ) [ 00000]
add_ln1495_5                        (add              ) [ 00000]
filt_res1_4                         (partselect       ) [ 00000]
zext_ln541                          (zext             ) [ 00000]
filt_res1                           (select           ) [ 00000]
trunc_ln1636                        (trunc            ) [ 00000]
select_ln1757                       (select           ) [ 01001]
p_0_0_0_0_05321032_out_load         (load             ) [ 00000]
p_0_1_0_0_01034_out_load            (load             ) [ 00000]
p_0_2_0_0_01036_out_load            (load             ) [ 00000]
p_0                                 (bitconcatenate   ) [ 00000]
write_ln1786                        (write            ) [ 00000]
br_ln1786                           (br               ) [ 00000]
pixbuf_y_val_V_5_load               (load             ) [ 00000]
store_ln1636                        (store            ) [ 00000]
store_ln1636                        (store            ) [ 00000]
store_ln1636                        (store            ) [ 00000]
store_ln1636                        (store            ) [ 00000]
store_ln1636                        (store            ) [ 00000]
store_ln1636                        (store            ) [ 00000]
store_ln1636                        (store            ) [ 00000]
store_ln1636                        (store            ) [ 00000]
store_ln1636                        (store            ) [ 00000]
store_ln1636                        (store            ) [ 00000]
store_ln1636                        (store            ) [ 00000]
pixbuf_y_val_V_6_out_load           (load             ) [ 00000]
tmp_s                               (mux              ) [ 00000]
tmp_2                               (bitconcatenate   ) [ 00000]
zext_ln1788                         (zext             ) [ 00000]
write_ln1788                        (write            ) [ 00000]
br_ln0                              (br               ) [ 00000]
store_ln1636                        (store            ) [ 00000]
br_ln1636                           (br               ) [ 00000]
p_0_0_0_0_0524_21083_load           (load             ) [ 00000]
p_0_0_0_0_0_21086_load              (load             ) [ 00000]
pixbuf_y_val_V_5_load_1             (load             ) [ 00000]
store_ln0                           (store            ) [ 00000]
store_ln0                           (store            ) [ 00000]
store_ln0                           (store            ) [ 00000]
write_ln0                           (write            ) [ 00000]
write_ln0                           (write            ) [ 00000]
write_ln0                           (write            ) [ 00000]
ret_ln0                             (ret              ) [ 00000]
</LifeTime>

<model>

<comp_list>
<comp id="0" class="1000" name="pixbuf_y_val_V_4">
<pin_list>
<pin id="1" dir="1" index="0" bw="1" slack="0"/>
</pin_list>
<bind>
<StgValue><ssdm name="pixbuf_y_val_V_4"/></StgValue>
</bind>
</comp>

<comp id="2" class="1000" name="pixbuf_y_val_V_3">
<pin_list>
<pin id="3" dir="1" index="0" bw="1" slack="0"/>
</pin_list>
<bind>
<StgValue><ssdm name="pixbuf_y_val_V_3"/></StgValue>
</bind>
</comp>

<comp id="4" class="1000" name="pixbuf_y_val_V_2">
<pin_list>
<pin id="5" dir="1" index="0" bw="1" slack="0"/>
</pin_list>
<bind>
<StgValue><ssdm name="pixbuf_y_val_V_2"/></StgValue>
</bind>
</comp>

<comp id="6" class="1000" name="pixbuf_y_val_V">
<pin_list>
<pin id="7" dir="1" index="0" bw="1" slack="0"/>
</pin_list>
<bind>
<StgValue><ssdm name="pixbuf_y_val_V"/></StgValue>
</bind>
</comp>

<comp id="8" class="1000" name="p_0_0_0_0_0_21084_lcssa1110">
<pin_list>
<pin id="9" dir="1" index="0" bw="1" slack="0"/>
</pin_list>
<bind>
<StgValue><ssdm name="p_0_0_0_0_0_21084_lcssa1110"/></StgValue>
</bind>
</comp>

<comp id="10" class="1000" name="p_0_0_0_0_0524_21081_lcssa1107">
<pin_list>
<pin id="11" dir="1" index="0" bw="1" slack="0"/>
</pin_list>
<bind>
<StgValue><ssdm name="p_0_0_0_0_0524_21081_lcssa1107"/></StgValue>
</bind>
</comp>

<comp id="12" class="1000" name="p_0_1_0_0_01043_lcssa1068">
<pin_list>
<pin id="13" dir="1" index="0" bw="1" slack="0"/>
</pin_list>
<bind>
<StgValue><ssdm name="p_0_1_0_0_01043_lcssa1068"/></StgValue>
</bind>
</comp>

<comp id="14" class="1000" name="p_0_1_0_0_01039_lcssa1065">
<pin_list>
<pin id="15" dir="1" index="0" bw="1" slack="0"/>
</pin_list>
<bind>
<StgValue><ssdm name="p_0_1_0_0_01039_lcssa1065"/></StgValue>
</bind>
</comp>

<comp id="16" class="1000" name="p_0_0_0_0_05321037_lcssa1062">
<pin_list>
<pin id="17" dir="1" index="0" bw="1" slack="0"/>
</pin_list>
<bind>
<StgValue><ssdm name="p_0_0_0_0_05321037_lcssa1062"/></StgValue>
</bind>
</comp>

<comp id="18" class="1000" name="loopWidth">
<pin_list>
<pin id="19" dir="1" index="0" bw="1" slack="0"/>
</pin_list>
<bind>
<StgValue><ssdm name="loopWidth"/></StgValue>
</bind>
</comp>

<comp id="20" class="1000" name="select_ln1634">
<pin_list>
<pin id="21" dir="1" index="0" bw="1" slack="0"/>
</pin_list>
<bind>
<StgValue><ssdm name="select_ln1634"/></StgValue>
</bind>
</comp>

<comp id="22" class="1000" name="select_ln1632">
<pin_list>
<pin id="23" dir="1" index="0" bw="1" slack="0"/>
</pin_list>
<bind>
<StgValue><ssdm name="select_ln1632"/></StgValue>
</bind>
</comp>

<comp id="24" class="1000" name="WidthOut_load">
<pin_list>
<pin id="25" dir="1" index="0" bw="1" slack="0"/>
</pin_list>
<bind>
<StgValue><ssdm name="WidthOut_load"/></StgValue>
</bind>
</comp>

<comp id="26" class="1000" name="stream_scaled_csc">
<pin_list>
<pin id="27" dir="1" index="0" bw="1" slack="0"/>
</pin_list>
<bind>
<StgValue><ssdm name="stream_scaled_csc"/></StgValue>
</bind>
</comp>

<comp id="28" class="1000" name="stream_out_422">
<pin_list>
<pin id="29" dir="1" index="0" bw="1" slack="0"/>
</pin_list>
<bind>
<StgValue><ssdm name="stream_out_422"/></StgValue>
</bind>
</comp>

<comp id="30" class="1000" name="p_read">
<pin_list>
<pin id="31" dir="1" index="0" bw="1" slack="0"/>
</pin_list>
<bind>
<StgValue><ssdm name="p_read"/></StgValue>
</bind>
</comp>

<comp id="32" class="1000" name="pixbuf_y_val_V_9_out">
<pin_list>
<pin id="33" dir="1" index="0" bw="1" slack="0"/>
</pin_list>
<bind>
<StgValue><ssdm name="pixbuf_y_val_V_9_out"/></StgValue>
</bind>
</comp>

<comp id="34" class="1000" name="pixbuf_y_val_V_8_out">
<pin_list>
<pin id="35" dir="1" index="0" bw="1" slack="0"/>
</pin_list>
<bind>
<StgValue><ssdm name="pixbuf_y_val_V_8_out"/></StgValue>
</bind>
</comp>

<comp id="36" class="1000" name="pixbuf_y_val_V_7_out">
<pin_list>
<pin id="37" dir="1" index="0" bw="1" slack="0"/>
</pin_list>
<bind>
<StgValue><ssdm name="pixbuf_y_val_V_7_out"/></StgValue>
</bind>
</comp>

<comp id="38" class="1000" name="pixbuf_y_val_V_6_out">
<pin_list>
<pin id="39" dir="1" index="0" bw="1" slack="0"/>
</pin_list>
<bind>
<StgValue><ssdm name="pixbuf_y_val_V_6_out"/></StgValue>
</bind>
</comp>

<comp id="40" class="1000" name="pixbuf_y_val_V_5_out">
<pin_list>
<pin id="41" dir="1" index="0" bw="1" slack="0"/>
</pin_list>
<bind>
<StgValue><ssdm name="pixbuf_y_val_V_5_out"/></StgValue>
</bind>
</comp>

<comp id="42" class="1000" name="p_0_0_0_0_0_21086_out">
<pin_list>
<pin id="43" dir="1" index="0" bw="1" slack="0"/>
</pin_list>
<bind>
<StgValue><ssdm name="p_0_0_0_0_0_21086_out"/></StgValue>
</bind>
</comp>

<comp id="44" class="1000" name="p_0_0_0_0_0524_21083_out">
<pin_list>
<pin id="45" dir="1" index="0" bw="1" slack="0"/>
</pin_list>
<bind>
<StgValue><ssdm name="p_0_0_0_0_0524_21083_out"/></StgValue>
</bind>
</comp>

<comp id="46" class="1000" name="p_out">
<pin_list>
<pin id="47" dir="1" index="0" bw="1" slack="0"/>
</pin_list>
<bind>
<StgValue><ssdm name="p_out"/></StgValue>
</bind>
</comp>

<comp id="48" class="1000" name="p_out1">
<pin_list>
<pin id="49" dir="1" index="0" bw="1" slack="0"/>
</pin_list>
<bind>
<StgValue><ssdm name="p_out1"/></StgValue>
</bind>
</comp>

<comp id="50" class="1000" name="p_out2">
<pin_list>
<pin id="51" dir="1" index="0" bw="1" slack="0"/>
</pin_list>
<bind>
<StgValue><ssdm name="p_out2"/></StgValue>
</bind>
</comp>

<comp id="52" class="1000" name="p_out3">
<pin_list>
<pin id="53" dir="1" index="0" bw="1" slack="0"/>
</pin_list>
<bind>
<StgValue><ssdm name="p_out3"/></StgValue>
</bind>
</comp>

<comp id="54" class="1000" name="p_0_2_0_0_01036_out">
<pin_list>
<pin id="55" dir="1" index="0" bw="1" slack="0"/>
</pin_list>
<bind>
<StgValue><ssdm name="p_0_2_0_0_01036_out"/></StgValue>
</bind>
</comp>

<comp id="56" class="1000" name="p_0_1_0_0_01034_out">
<pin_list>
<pin id="57" dir="1" index="0" bw="1" slack="0"/>
</pin_list>
<bind>
<StgValue><ssdm name="p_0_1_0_0_01034_out"/></StgValue>
</bind>
</comp>

<comp id="58" class="1000" name="p_0_0_0_0_05321032_out">
<pin_list>
<pin id="59" dir="1" index="0" bw="1" slack="0"/>
</pin_list>
<bind>
<StgValue><ssdm name="p_0_0_0_0_05321032_out"/></StgValue>
</bind>
</comp>

<comp id="60" class="1000" name="filt_res1_1_out">
<pin_list>
<pin id="61" dir="1" index="0" bw="1" slack="0"/>
</pin_list>
<bind>
<StgValue><ssdm name="filt_res1_1_out"/></StgValue>
</bind>
</comp>

<comp id="62" class="1001" name="const_62">
<pin_list>
<pin id="63" dir="1" index="0" bw="1" slack="0"/>
</pin_list>
<bind>
<StgValue><ssdm name=""/></StgValue>
</bind>
</comp>

<comp id="64" class="1001" name="const_64">
<pin_list>
<pin id="65" dir="1" index="0" bw="1" slack="0"/>
</pin_list>
<bind>
<StgValue><ssdm name="_ssdm_op_Read.ap_auto.i1"/></StgValue>
</bind>
</comp>

<comp id="66" class="1001" name="const_66">
<pin_list>
<pin id="67" dir="1" index="0" bw="1" slack="0"/>
</pin_list>
<bind>
<StgValue><ssdm name="_ssdm_op_Read.ap_auto.i16"/></StgValue>
</bind>
</comp>

<comp id="68" class="1001" name="const_68">
<pin_list>
<pin id="69" dir="1" index="0" bw="1" slack="0"/>
</pin_list>
<bind>
<StgValue><ssdm name="_ssdm_op_Read.ap_auto.i2"/></StgValue>
</bind>
</comp>

<comp id="70" class="1001" name="const_70">
<pin_list>
<pin id="71" dir="1" index="0" bw="1" slack="0"/>
</pin_list>
<bind>
<StgValue><ssdm name="_ssdm_op_Read.ap_auto.i15"/></StgValue>
</bind>
</comp>

<comp id="72" class="1001" name="const_72">
<pin_list>
<pin id="73" dir="1" index="0" bw="1" slack="0"/>
</pin_list>
<bind>
<StgValue><ssdm name="_ssdm_op_Read.ap_auto.i8"/></StgValue>
</bind>
</comp>

<comp id="74" class="1001" name="const_74">
<pin_list>
<pin id="75" dir="1" index="0" bw="1" slack="0"/>
</pin_list>
<bind>
<StgValue><ssdm name=""/></StgValue>
</bind>
</comp>

<comp id="76" class="1001" name="const_76">
<pin_list>
<pin id="77" dir="1" index="0" bw="1" slack="0"/>
</pin_list>
<bind>
<StgValue><ssdm name=""/></StgValue>
</bind>
</comp>

<comp id="78" class="1001" name="const_78">
<pin_list>
<pin id="79" dir="1" index="0" bw="1" slack="2147483647"/>
</pin_list>
<bind>
<StgValue><ssdm name="_ssdm_op_SpecInterface"/></StgValue>
</bind>
</comp>

<comp id="80" class="1001" name="const_80">
<pin_list>
<pin id="81" dir="1" index="0" bw="1" slack="2147483647"/>
</pin_list>
<bind>
<StgValue><ssdm name="empty_14"/></StgValue>
</bind>
</comp>

<comp id="82" class="1001" name="const_82">
<pin_list>
<pin id="83" dir="1" index="0" bw="1" slack="2147483647"/>
</pin_list>
<bind>
<StgValue><ssdm name=""/></StgValue>
</bind>
</comp>

<comp id="84" class="1001" name="const_84">
<pin_list>
<pin id="85" dir="1" index="0" bw="1" slack="2147483647"/>
</pin_list>
<bind>
<StgValue><ssdm name="empty_25"/></StgValue>
</bind>
</comp>

<comp id="86" class="1001" name="const_86">
<pin_list>
<pin id="87" dir="1" index="0" bw="1" slack="2147483647"/>
</pin_list>
<bind>
<StgValue><ssdm name=""/></StgValue>
</bind>
</comp>

<comp id="88" class="1001" name="const_88">
<pin_list>
<pin id="89" dir="1" index="0" bw="1" slack="0"/>
</pin_list>
<bind>
<StgValue><ssdm name=""/></StgValue>
</bind>
</comp>

<comp id="90" class="1001" name="const_90">
<pin_list>
<pin id="91" dir="1" index="0" bw="1" slack="0"/>
</pin_list>
<bind>
<StgValue><ssdm name=""/></StgValue>
</bind>
</comp>

<comp id="92" class="1001" name="const_92">
<pin_list>
<pin id="93" dir="1" index="0" bw="1" slack="2147483647"/>
</pin_list>
<bind>
<StgValue><ssdm name="_ssdm_op_SpecPipeline"/></StgValue>
</bind>
</comp>

<comp id="94" class="1001" name="const_94">
<pin_list>
<pin id="95" dir="1" index="0" bw="1" slack="2147483647"/>
</pin_list>
<bind>
<StgValue><ssdm name="_ssdm_op_SpecLoopName"/></StgValue>
</bind>
</comp>

<comp id="96" class="1001" name="const_96">
<pin_list>
<pin id="97" dir="1" index="0" bw="1" slack="2147483647"/>
</pin_list>
<bind>
<StgValue><ssdm name="empty_13"/></StgValue>
</bind>
</comp>

<comp id="98" class="1001" name="const_98">
<pin_list>
<pin id="99" dir="1" index="0" bw="1" slack="0"/>
</pin_list>
<bind>
<StgValue><ssdm name="_ssdm_op_BitSelect.i1.i16.i32"/></StgValue>
</bind>
</comp>

<comp id="100" class="1001" name="const_100">
<pin_list>
<pin id="101" dir="1" index="0" bw="1" slack="0"/>
</pin_list>
<bind>
<StgValue><ssdm name=""/></StgValue>
</bind>
</comp>

<comp id="102" class="1001" name="const_102">
<pin_list>
<pin id="103" dir="1" index="0" bw="1" slack="0"/>
</pin_list>
<bind>
<StgValue><ssdm name="_ssdm_op_Read.ap_fifo.volatile.i24P0A"/></StgValue>
</bind>
</comp>

<comp id="104" class="1001" name="const_104">
<pin_list>
<pin id="105" dir="1" index="0" bw="1" slack="0"/>
</pin_list>
<bind>
<StgValue><ssdm name="_ssdm_op_PartSelect.i8.i24.i32.i32"/></StgValue>
</bind>
</comp>

<comp id="106" class="1001" name="const_106">
<pin_list>
<pin id="107" dir="1" index="0" bw="1" slack="0"/>
</pin_list>
<bind>
<StgValue><ssdm name=""/></StgValue>
</bind>
</comp>

<comp id="108" class="1001" name="const_108">
<pin_list>
<pin id="109" dir="1" index="0" bw="1" slack="0"/>
</pin_list>
<bind>
<StgValue><ssdm name=""/></StgValue>
</bind>
</comp>

<comp id="110" class="1001" name="const_110">
<pin_list>
<pin id="111" dir="1" index="0" bw="1" slack="0"/>
</pin_list>
<bind>
<StgValue><ssdm name=""/></StgValue>
</bind>
</comp>

<comp id="112" class="1001" name="const_112">
<pin_list>
<pin id="113" dir="1" index="0" bw="1" slack="2147483647"/>
</pin_list>
<bind>
<StgValue><ssdm name="_ssdm_op_SpecLoopTripCount"/></StgValue>
</bind>
</comp>

<comp id="114" class="1001" name="const_114">
<pin_list>
<pin id="115" dir="1" index="0" bw="1" slack="2147483647"/>
</pin_list>
<bind>
<StgValue><ssdm name=""/></StgValue>
</bind>
</comp>

<comp id="116" class="1001" name="const_116">
<pin_list>
<pin id="117" dir="1" index="0" bw="1" slack="2147483647"/>
</pin_list>
<bind>
<StgValue><ssdm name=""/></StgValue>
</bind>
</comp>

<comp id="118" class="1001" name="const_118">
<pin_list>
<pin id="119" dir="1" index="0" bw="1" slack="2147483647"/>
</pin_list>
<bind>
<StgValue><ssdm name=""/></StgValue>
</bind>
</comp>

<comp id="120" class="1001" name="const_120">
<pin_list>
<pin id="121" dir="1" index="0" bw="1" slack="0"/>
</pin_list>
<bind>
<StgValue><ssdm name="_ssdm_op_BitConcatenate.i9.i8.i1"/></StgValue>
</bind>
</comp>

<comp id="122" class="1001" name="const_122">
<pin_list>
<pin id="123" dir="1" index="0" bw="1" slack="0"/>
</pin_list>
<bind>
<StgValue><ssdm name=""/></StgValue>
</bind>
</comp>

<comp id="124" class="1001" name="const_124">
<pin_list>
<pin id="125" dir="1" index="0" bw="1" slack="0"/>
</pin_list>
<bind>
<StgValue><ssdm name=""/></StgValue>
</bind>
</comp>

<comp id="126" class="1001" name="const_126">
<pin_list>
<pin id="127" dir="1" index="0" bw="1" slack="0"/>
</pin_list>
<bind>
<StgValue><ssdm name="_ssdm_op_PartSelect.i8.i10.i32.i32"/></StgValue>
</bind>
</comp>

<comp id="128" class="1001" name="const_128">
<pin_list>
<pin id="129" dir="1" index="0" bw="1" slack="0"/>
</pin_list>
<bind>
<StgValue><ssdm name=""/></StgValue>
</bind>
</comp>

<comp id="130" class="1001" name="const_130">
<pin_list>
<pin id="131" dir="1" index="0" bw="1" slack="0"/>
</pin_list>
<bind>
<StgValue><ssdm name=""/></StgValue>
</bind>
</comp>

<comp id="132" class="1001" name="const_132">
<pin_list>
<pin id="133" dir="1" index="0" bw="1" slack="0"/>
</pin_list>
<bind>
<StgValue><ssdm name="_ssdm_op_BitConcatenate.i24.i8.i8.i8"/></StgValue>
</bind>
</comp>

<comp id="134" class="1001" name="const_134">
<pin_list>
<pin id="135" dir="1" index="0" bw="1" slack="0"/>
</pin_list>
<bind>
<StgValue><ssdm name="_ssdm_op_Write.ap_fifo.volatile.i24P0A"/></StgValue>
</bind>
</comp>

<comp id="136" class="1001" name="const_136">
<pin_list>
<pin id="137" dir="1" index="0" bw="1" slack="0"/>
</pin_list>
<bind>
<StgValue><ssdm name="_ssdm_op_Mux.ap_auto.4i8.i3"/></StgValue>
</bind>
</comp>

<comp id="138" class="1001" name="const_138">
<pin_list>
<pin id="139" dir="1" index="0" bw="1" slack="0"/>
</pin_list>
<bind>
<StgValue><ssdm name="_ssdm_op_BitConcatenate.i16.i8.i8"/></StgValue>
</bind>
</comp>

<comp id="140" class="1001" name="const_140">
<pin_list>
<pin id="141" dir="1" index="0" bw="1" slack="0"/>
</pin_list>
<bind>
<StgValue><ssdm name="_ssdm_op_Write.ap_auto.i8P0A"/></StgValue>
</bind>
</comp>

<comp id="142" class="1004" name="p_0_0_0_0_0524_21083_fu_142">
<pin_list>
<pin id="143" dir="0" index="0" bw="1" slack="0"/>
<pin id="144" dir="1" index="1" bw="8" slack="0"/>
</pin_list>
<bind>
<opcode="alloca(26) " fcode="alloca"/>
<opset="p_0_0_0_0_0524_21083/1 "/>
</bind>
</comp>

<comp id="146" class="1004" name="p_0_0_0_0_0_21086_fu_146">
<pin_list>
<pin id="147" dir="0" index="0" bw="1" slack="0"/>
<pin id="148" dir="1" index="1" bw="8" slack="0"/>
</pin_list>
<bind>
<opcode="alloca(26) " fcode="alloca"/>
<opset="p_0_0_0_0_0_21086/1 "/>
</bind>
</comp>

<comp id="150" class="1004" name="x_fu_150">
<pin_list>
<pin id="151" dir="0" index="0" bw="1" slack="0"/>
<pin id="152" dir="1" index="1" bw="15" slack="0"/>
</pin_list>
<bind>
<opcode="alloca(26) " fcode="alloca"/>
<opset="x/1 "/>
</bind>
</comp>

<comp id="154" class="1004" name="pixbuf_y_val_V_5_fu_154">
<pin_list>
<pin id="155" dir="0" index="0" bw="1" slack="0"/>
<pin id="156" dir="1" index="1" bw="8" slack="0"/>
</pin_list>
<bind>
<opcode="alloca(26) " fcode="alloca"/>
<opset="pixbuf_y_val_V_5/1 "/>
</bind>
</comp>

<comp id="158" class="1004" name="pixbuf_y_val_V_10_fu_158">
<pin_list>
<pin id="159" dir="0" index="0" bw="1" slack="0"/>
<pin id="160" dir="1" index="1" bw="8" slack="0"/>
</pin_list>
<bind>
<opcode="alloca(26) " fcode="alloca"/>
<opset="pixbuf_y_val_V_10/1 "/>
</bind>
</comp>

<comp id="162" class="1004" name="p_0_1_0_0_01042_fu_162">
<pin_list>
<pin id="163" dir="0" index="0" bw="1" slack="0"/>
<pin id="164" dir="1" index="1" bw="8" slack="0"/>
</pin_list>
<bind>
<opcode="alloca(26) " fcode="alloca"/>
<opset="p_0_1_0_0_01042/1 "/>
</bind>
</comp>

<comp id="166" class="1004" name="p_0_1_0_0_01046_fu_166">
<pin_list>
<pin id="167" dir="0" index="0" bw="1" slack="0"/>
<pin id="168" dir="1" index="1" bw="8" slack="0"/>
</pin_list>
<bind>
<opcode="alloca(26) " fcode="alloca"/>
<opset="p_0_1_0_0_01046/1 "/>
</bind>
</comp>

<comp id="170" class="1004" name="pixbuf_y_val_V_7_fu_170">
<pin_list>
<pin id="171" dir="0" index="0" bw="1" slack="0"/>
<pin id="172" dir="1" index="1" bw="8" slack="0"/>
</pin_list>
<bind>
<opcode="alloca(26) " fcode="alloca"/>
<opset="pixbuf_y_val_V_7/1 "/>
</bind>
</comp>

<comp id="174" class="1004" name="pixbuf_y_val_V_8_fu_174">
<pin_list>
<pin id="175" dir="0" index="0" bw="1" slack="0"/>
<pin id="176" dir="1" index="1" bw="8" slack="0"/>
</pin_list>
<bind>
<opcode="alloca(26) " fcode="alloca"/>
<opset="pixbuf_y_val_V_8/1 "/>
</bind>
</comp>

<comp id="178" class="1004" name="pixbuf_y_val_V_9_fu_178">
<pin_list>
<pin id="179" dir="0" index="0" bw="1" slack="0"/>
<pin id="180" dir="1" index="1" bw="8" slack="0"/>
</pin_list>
<bind>
<opcode="alloca(26) " fcode="alloca"/>
<opset="pixbuf_y_val_V_9/1 "/>
</bind>
</comp>

<comp id="182" class="1004" name="p_read_3_read_fu_182">
<pin_list>
<pin id="183" dir="0" index="0" bw="1" slack="0"/>
<pin id="184" dir="0" index="1" bw="1" slack="0"/>
<pin id="185" dir="1" index="2" bw="1" slack="2"/>
</pin_list>
<bind>
<opcode="read(1150) " fcode="read"/>
<opset="p_read_3/1 "/>
</bind>
</comp>

<comp id="188" class="1004" name="WidthOut_load_read_read_fu_188">
<pin_list>
<pin id="189" dir="0" index="0" bw="16" slack="0"/>
<pin id="190" dir="0" index="1" bw="16" slack="0"/>
<pin id="191" dir="1" index="2" bw="16" slack="0"/>
</pin_list>
<bind>
<opcode="read(1150) " fcode="read"/>
<opset="WidthOut_load_read/1 "/>
</bind>
</comp>

<comp id="194" class="1004" name="select_ln1632_read_read_fu_194">
<pin_list>
<pin id="195" dir="0" index="0" bw="2" slack="0"/>
<pin id="196" dir="0" index="1" bw="2" slack="0"/>
<pin id="197" dir="1" index="2" bw="2" slack="0"/>
</pin_list>
<bind>
<opcode="read(1150) " fcode="read"/>
<opset="select_ln1632_read/1 "/>
</bind>
</comp>

<comp id="200" class="1004" name="select_ln1634_read_read_fu_200">
<pin_list>
<pin id="201" dir="0" index="0" bw="1" slack="0"/>
<pin id="202" dir="0" index="1" bw="1" slack="0"/>
<pin id="203" dir="1" index="2" bw="1" slack="0"/>
</pin_list>
<bind>
<opcode="read(1150) " fcode="read"/>
<opset="select_ln1634_read/1 "/>
</bind>
</comp>

<comp id="206" class="1004" name="loopWidth_read_read_fu_206">
<pin_list>
<pin id="207" dir="0" index="0" bw="15" slack="0"/>
<pin id="208" dir="0" index="1" bw="15" slack="0"/>
<pin id="209" dir="1" index="2" bw="15" slack="0"/>
</pin_list>
<bind>
<opcode="read(1150) " fcode="read"/>
<opset="loopWidth_read/1 "/>
</bind>
</comp>

<comp id="212" class="1004" name="p_0_0_0_0_05321037_lcssa1062_read_read_fu_212">
<pin_list>
<pin id="213" dir="0" index="0" bw="8" slack="0"/>
<pin id="214" dir="0" index="1" bw="8" slack="0"/>
<pin id="215" dir="1" index="2" bw="8" slack="0"/>
</pin_list>
<bind>
<opcode="read(1150) " fcode="read"/>
<opset="p_0_0_0_0_05321037_lcssa1062_read/1 "/>
</bind>
</comp>

<comp id="218" class="1004" name="p_0_1_0_0_01039_lcssa1065_read_read_fu_218">
<pin_list>
<pin id="219" dir="0" index="0" bw="8" slack="0"/>
<pin id="220" dir="0" index="1" bw="8" slack="0"/>
<pin id="221" dir="1" index="2" bw="8" slack="0"/>
</pin_list>
<bind>
<opcode="read(1150) " fcode="read"/>
<opset="p_0_1_0_0_01039_lcssa1065_read/1 "/>
</bind>
</comp>

<comp id="224" class="1004" name="p_0_1_0_0_01043_lcssa1068_read_read_fu_224">
<pin_list>
<pin id="225" dir="0" index="0" bw="8" slack="0"/>
<pin id="226" dir="0" index="1" bw="8" slack="0"/>
<pin id="227" dir="1" index="2" bw="8" slack="0"/>
</pin_list>
<bind>
<opcode="read(1150) " fcode="read"/>
<opset="p_0_1_0_0_01043_lcssa1068_read/1 "/>
</bind>
</comp>

<comp id="230" class="1004" name="p_0_0_0_0_0524_21081_lcssa1107_read_read_fu_230">
<pin_list>
<pin id="231" dir="0" index="0" bw="8" slack="0"/>
<pin id="232" dir="0" index="1" bw="8" slack="0"/>
<pin id="233" dir="1" index="2" bw="8" slack="0"/>
</pin_list>
<bind>
<opcode="read(1150) " fcode="read"/>
<opset="p_0_0_0_0_0524_21081_lcssa1107_read/1 "/>
</bind>
</comp>

<comp id="236" class="1004" name="p_0_0_0_0_0_21084_lcssa1110_read_read_fu_236">
<pin_list>
<pin id="237" dir="0" index="0" bw="8" slack="0"/>
<pin id="238" dir="0" index="1" bw="8" slack="0"/>
<pin id="239" dir="1" index="2" bw="8" slack="0"/>
</pin_list>
<bind>
<opcode="read(1150) " fcode="read"/>
<opset="p_0_0_0_0_0_21084_lcssa1110_read/1 "/>
</bind>
</comp>

<comp id="242" class="1004" name="pixbuf_y_val_V_read_read_fu_242">
<pin_list>
<pin id="243" dir="0" index="0" bw="8" slack="0"/>
<pin id="244" dir="0" index="1" bw="8" slack="0"/>
<pin id="245" dir="1" index="2" bw="8" slack="0"/>
</pin_list>
<bind>
<opcode="read(1150) " fcode="read"/>
<opset="pixbuf_y_val_V_read/1 "/>
</bind>
</comp>

<comp id="248" class="1004" name="pixbuf_y_val_V_2_read_read_fu_248">
<pin_list>
<pin id="249" dir="0" index="0" bw="8" slack="0"/>
<pin id="250" dir="0" index="1" bw="8" slack="0"/>
<pin id="251" dir="1" index="2" bw="8" slack="0"/>
</pin_list>
<bind>
<opcode="read(1150) " fcode="read"/>
<opset="pixbuf_y_val_V_2_read/1 "/>
</bind>
</comp>

<comp id="254" class="1004" name="pixbuf_y_val_V_3_read_read_fu_254">
<pin_list>
<pin id="255" dir="0" index="0" bw="8" slack="0"/>
<pin id="256" dir="0" index="1" bw="8" slack="0"/>
<pin id="257" dir="1" index="2" bw="8" slack="0"/>
</pin_list>
<bind>
<opcode="read(1150) " fcode="read"/>
<opset="pixbuf_y_val_V_3_read/1 "/>
</bind>
</comp>

<comp id="260" class="1004" name="pixbuf_y_val_V_4_read_read_fu_260">
<pin_list>
<pin id="261" dir="0" index="0" bw="8" slack="0"/>
<pin id="262" dir="0" index="1" bw="8" slack="0"/>
<pin id="263" dir="1" index="2" bw="8" slack="0"/>
</pin_list>
<bind>
<opcode="read(1150) " fcode="read"/>
<opset="pixbuf_y_val_V_4_read/1 "/>
</bind>
</comp>

<comp id="266" class="1004" name="stream_scaled_csc_read_read_fu_266">
<pin_list>
<pin id="267" dir="0" index="0" bw="24" slack="0"/>
<pin id="268" dir="0" index="1" bw="24" slack="0"/>
<pin id="269" dir="1" index="2" bw="24" slack="0"/>
</pin_list>
<bind>
<opcode="read(1150) " fcode="read"/>
<opset="stream_scaled_csc_read/2 "/>
</bind>
</comp>

<comp id="272" class="1004" name="grp_write_fu_272">
<pin_list>
<pin id="273" dir="0" index="0" bw="0" slack="0"/>
<pin id="274" dir="0" index="1" bw="24" slack="0"/>
<pin id="275" dir="0" index="2" bw="24" slack="0"/>
<pin id="276" dir="1" index="3" bw="0" slack="2147483647"/>
</pin_list>
<bind>
<opcode="write(1151) " fcode="write"/>
<opset="write_ln1786/3 write_ln1788/4 "/>
</bind>
</comp>

<comp id="279" class="1004" name="write_ln0_write_fu_279">
<pin_list>
<pin id="280" dir="0" index="0" bw="0" slack="0"/>
<pin id="281" dir="0" index="1" bw="8" slack="0"/>
<pin id="282" dir="0" index="2" bw="8" slack="0"/>
<pin id="283" dir="1" index="3" bw="0" slack="2147483647"/>
</pin_list>
<bind>
<opcode="write(1151) " fcode="write"/>
<opset="write_ln0/3 "/>
</bind>
</comp>

<comp id="286" class="1004" name="write_ln0_write_fu_286">
<pin_list>
<pin id="287" dir="0" index="0" bw="0" slack="0"/>
<pin id="288" dir="0" index="1" bw="8" slack="0"/>
<pin id="289" dir="0" index="2" bw="8" slack="0"/>
<pin id="290" dir="1" index="3" bw="0" slack="2147483647"/>
</pin_list>
<bind>
<opcode="write(1151) " fcode="write"/>
<opset="write_ln0/3 "/>
</bind>
</comp>

<comp id="293" class="1004" name="write_ln0_write_fu_293">
<pin_list>
<pin id="294" dir="0" index="0" bw="0" slack="0"/>
<pin id="295" dir="0" index="1" bw="8" slack="0"/>
<pin id="296" dir="0" index="2" bw="8" slack="0"/>
<pin id="297" dir="1" index="3" bw="0" slack="2147483647"/>
</pin_list>
<bind>
<opcode="write(1151) " fcode="write"/>
<opset="write_ln0/3 "/>
</bind>
</comp>

<comp id="300" class="1004" name="select_ln1632_cast_fu_300">
<pin_list>
<pin id="301" dir="0" index="0" bw="2" slack="0"/>
<pin id="302" dir="1" index="1" bw="16" slack="0"/>
</pin_list>
<bind>
<opcode="zext(34) " fcode="zext"/>
<opset="select_ln1632_cast/1 "/>
</bind>
</comp>

<comp id="304" class="1004" name="select_ln1634_cast_cast_fu_304">
<pin_list>
<pin id="305" dir="0" index="0" bw="1" slack="0"/>
<pin id="306" dir="0" index="1" bw="3" slack="0"/>
<pin id="307" dir="0" index="2" bw="3" slack="0"/>
<pin id="308" dir="1" index="3" bw="3" slack="3"/>
</pin_list>
<bind>
<opcode="select(49) " fcode="select"/>
<opset="select_ln1634_cast_cast/1 "/>
</bind>
</comp>

<comp id="312" class="1004" name="store_ln0_store_fu_312">
<pin_list>
<pin id="313" dir="0" index="0" bw="8" slack="0"/>
<pin id="314" dir="0" index="1" bw="8" slack="0"/>
<pin id="315" dir="1" index="2" bw="0" slack="2147483647"/>
</pin_list>
<bind>
<opcode="store(28) " fcode="store"/>
<opset="store_ln0/1 "/>
</bind>
</comp>

<comp id="317" class="1004" name="store_ln0_store_fu_317">
<pin_list>
<pin id="318" dir="0" index="0" bw="8" slack="0"/>
<pin id="319" dir="0" index="1" bw="8" slack="0"/>
<pin id="320" dir="1" index="2" bw="0" slack="2147483647"/>
</pin_list>
<bind>
<opcode="store(28) " fcode="store"/>
<opset="store_ln0/1 "/>
</bind>
</comp>

<comp id="322" class="1004" name="store_ln0_store_fu_322">
<pin_list>
<pin id="323" dir="0" index="0" bw="8" slack="0"/>
<pin id="324" dir="0" index="1" bw="8" slack="0"/>
<pin id="325" dir="1" index="2" bw="0" slack="2147483647"/>
</pin_list>
<bind>
<opcode="store(28) " fcode="store"/>
<opset="store_ln0/1 "/>
</bind>
</comp>

<comp id="327" class="1004" name="store_ln0_store_fu_327">
<pin_list>
<pin id="328" dir="0" index="0" bw="8" slack="0"/>
<pin id="329" dir="0" index="1" bw="8" slack="0"/>
<pin id="330" dir="1" index="2" bw="0" slack="2147483647"/>
</pin_list>
<bind>
<opcode="store(28) " fcode="store"/>
<opset="store_ln0/1 "/>
</bind>
</comp>

<comp id="332" class="1004" name="store_ln0_store_fu_332">
<pin_list>
<pin id="333" dir="0" index="0" bw="8" slack="0"/>
<pin id="334" dir="0" index="1" bw="8" slack="0"/>
<pin id="335" dir="1" index="2" bw="0" slack="2147483647"/>
</pin_list>
<bind>
<opcode="store(28) " fcode="store"/>
<opset="store_ln0/1 "/>
</bind>
</comp>

<comp id="337" class="1004" name="store_ln0_store_fu_337">
<pin_list>
<pin id="338" dir="0" index="0" bw="8" slack="0"/>
<pin id="339" dir="0" index="1" bw="8" slack="0"/>
<pin id="340" dir="1" index="2" bw="0" slack="2147483647"/>
</pin_list>
<bind>
<opcode="store(28) " fcode="store"/>
<opset="store_ln0/1 "/>
</bind>
</comp>

<comp id="342" class="1004" name="store_ln0_store_fu_342">
<pin_list>
<pin id="343" dir="0" index="0" bw="8" slack="0"/>
<pin id="344" dir="0" index="1" bw="8" slack="0"/>
<pin id="345" dir="1" index="2" bw="0" slack="2147483647"/>
</pin_list>
<bind>
<opcode="store(28) " fcode="store"/>
<opset="store_ln0/1 "/>
</bind>
</comp>

<comp id="347" class="1004" name="store_ln0_store_fu_347">
<pin_list>
<pin id="348" dir="0" index="0" bw="1" slack="0"/>
<pin id="349" dir="0" index="1" bw="15" slack="0"/>
<pin id="350" dir="1" index="2" bw="0" slack="2147483647"/>
</pin_list>
<bind>
<opcode="store(28) " fcode="store"/>
<opset="store_ln0/1 "/>
</bind>
</comp>

<comp id="352" class="1004" name="store_ln0_store_fu_352">
<pin_list>
<pin id="353" dir="0" index="0" bw="8" slack="0"/>
<pin id="354" dir="0" index="1" bw="8" slack="0"/>
<pin id="355" dir="1" index="2" bw="0" slack="2147483647"/>
</pin_list>
<bind>
<opcode="store(28) " fcode="store"/>
<opset="store_ln0/1 "/>
</bind>
</comp>

<comp id="357" class="1004" name="store_ln0_store_fu_357">
<pin_list>
<pin id="358" dir="0" index="0" bw="8" slack="0"/>
<pin id="359" dir="0" index="1" bw="8" slack="0"/>
<pin id="360" dir="1" index="2" bw="0" slack="2147483647"/>
</pin_list>
<bind>
<opcode="store(28) " fcode="store"/>
<opset="store_ln0/1 "/>
</bind>
</comp>

<comp id="362" class="1004" name="x_2_load_fu_362">
<pin_list>
<pin id="363" dir="0" index="0" bw="15" slack="0"/>
<pin id="364" dir="1" index="1" bw="15" slack="0"/>
</pin_list>
<bind>
<opcode="load(27) " fcode="load"/>
<opset="x_2/1 "/>
</bind>
</comp>

<comp id="365" class="1004" name="zext_ln1636_fu_365">
<pin_list>
<pin id="366" dir="0" index="0" bw="15" slack="0"/>
<pin id="367" dir="1" index="1" bw="16" slack="0"/>
</pin_list>
<bind>
<opcode="zext(34) " fcode="zext"/>
<opset="zext_ln1636/1 "/>
</bind>
</comp>

<comp id="369" class="1004" name="icmp_ln1636_fu_369">
<pin_list>
<pin id="370" dir="0" index="0" bw="15" slack="0"/>
<pin id="371" dir="0" index="1" bw="15" slack="0"/>
<pin id="372" dir="1" index="2" bw="1" slack="1"/>
</pin_list>
<bind>
<opcode="icmp(45) " fcode="icmp"/>
<opset="icmp_ln1636/1 "/>
</bind>
</comp>

<comp id="375" class="1004" name="add_ln1636_fu_375">
<pin_list>
<pin id="376" dir="0" index="0" bw="15" slack="0"/>
<pin id="377" dir="0" index="1" bw="1" slack="0"/>
<pin id="378" dir="1" index="2" bw="15" slack="0"/>
</pin_list>
<bind>
<opcode="add(8) " fcode="add"/>
<opset="add_ln1636/1 "/>
</bind>
</comp>

<comp id="381" class="1004" name="out_x_fu_381">
<pin_list>
<pin id="382" dir="0" index="0" bw="15" slack="0"/>
<pin id="383" dir="0" index="1" bw="2" slack="0"/>
<pin id="384" dir="1" index="2" bw="16" slack="0"/>
</pin_list>
<bind>
<opcode="sub(10) " fcode="sub"/>
<opset="out_x/1 "/>
</bind>
</comp>

<comp id="387" class="1004" name="odd_col_fu_387">
<pin_list>
<pin id="388" dir="0" index="0" bw="16" slack="0"/>
<pin id="389" dir="1" index="1" bw="1" slack="2"/>
</pin_list>
<bind>
<opcode="trunc(33) " fcode="trunc"/>
<opset="odd_col/1 "/>
</bind>
</comp>

<comp id="391" class="1004" name="icmp_ln1643_fu_391">
<pin_list>
<pin id="392" dir="0" index="0" bw="16" slack="0"/>
<pin id="393" dir="0" index="1" bw="16" slack="0"/>
<pin id="394" dir="1" index="2" bw="1" slack="1"/>
</pin_list>
<bind>
<opcode="icmp(45) " fcode="icmp"/>
<opset="icmp_ln1643/1 "/>
</bind>
</comp>

<comp id="397" class="1004" name="cmp148_fu_397">
<pin_list>
<pin id="398" dir="0" index="0" bw="15" slack="0"/>
<pin id="399" dir="0" index="1" bw="15" slack="0"/>
<pin id="400" dir="1" index="2" bw="1" slack="2"/>
</pin_list>
<bind>
<opcode="icmp(45) " fcode="icmp"/>
<opset="cmp148/1 "/>
</bind>
</comp>

<comp id="403" class="1004" name="tmp_fu_403">
<pin_list>
<pin id="404" dir="0" index="0" bw="1" slack="0"/>
<pin id="405" dir="0" index="1" bw="16" slack="0"/>
<pin id="406" dir="0" index="2" bw="5" slack="0"/>
<pin id="407" dir="1" index="3" bw="1" slack="2"/>
</pin_list>
<bind>
<opcode="bitselect(1000) " fcode="bitselect"/>
<opset="tmp/1 "/>
</bind>
</comp>

<comp id="411" class="1004" name="store_ln1636_store_fu_411">
<pin_list>
<pin id="412" dir="0" index="0" bw="15" slack="0"/>
<pin id="413" dir="0" index="1" bw="15" slack="0"/>
<pin id="414" dir="1" index="2" bw="0" slack="2147483647"/>
</pin_list>
<bind>
<opcode="store(28) " fcode="store"/>
<opset="store_ln1636/1 "/>
</bind>
</comp>

<comp id="416" class="1004" name="trunc_ln1645_fu_416">
<pin_list>
<pin id="417" dir="0" index="0" bw="24" slack="0"/>
<pin id="418" dir="1" index="1" bw="8" slack="0"/>
</pin_list>
<bind>
<opcode="trunc(33) " fcode="trunc"/>
<opset="trunc_ln1645/2 "/>
</bind>
</comp>

<comp id="420" class="1004" name="trunc_ln1645_1_fu_420">
<pin_list>
<pin id="421" dir="0" index="0" bw="8" slack="0"/>
<pin id="422" dir="0" index="1" bw="24" slack="0"/>
<pin id="423" dir="0" index="2" bw="5" slack="0"/>
<pin id="424" dir="0" index="3" bw="5" slack="0"/>
<pin id="425" dir="1" index="4" bw="8" slack="0"/>
</pin_list>
<bind>
<opcode="partselect(1002) " fcode="partselect"/>
<opset="trunc_ln1645_1/2 "/>
</bind>
</comp>

<comp id="430" class="1004" name="trunc_ln1645_2_fu_430">
<pin_list>
<pin id="431" dir="0" index="0" bw="8" slack="0"/>
<pin id="432" dir="0" index="1" bw="24" slack="0"/>
<pin id="433" dir="0" index="2" bw="6" slack="0"/>
<pin id="434" dir="0" index="3" bw="6" slack="0"/>
<pin id="435" dir="1" index="4" bw="8" slack="0"/>
</pin_list>
<bind>
<opcode="partselect(1002) " fcode="partselect"/>
<opset="trunc_ln1645_2/2 "/>
</bind>
</comp>

<comp id="440" class="1004" name="store_ln1651_store_fu_440">
<pin_list>
<pin id="441" dir="0" index="0" bw="8" slack="0"/>
<pin id="442" dir="0" index="1" bw="8" slack="1"/>
<pin id="443" dir="1" index="2" bw="0" slack="2147483647"/>
</pin_list>
<bind>
<opcode="store(28) " fcode="store"/>
<opset="store_ln1651/2 "/>
</bind>
</comp>

<comp id="445" class="1004" name="store_ln1651_store_fu_445">
<pin_list>
<pin id="446" dir="0" index="0" bw="8" slack="0"/>
<pin id="447" dir="0" index="1" bw="8" slack="1"/>
<pin id="448" dir="1" index="2" bw="0" slack="2147483647"/>
</pin_list>
<bind>
<opcode="store(28) " fcode="store"/>
<opset="store_ln1651/2 "/>
</bind>
</comp>

<comp id="450" class="1004" name="store_ln1651_store_fu_450">
<pin_list>
<pin id="451" dir="0" index="0" bw="8" slack="0"/>
<pin id="452" dir="0" index="1" bw="8" slack="1"/>
<pin id="453" dir="1" index="2" bw="0" slack="2147483647"/>
</pin_list>
<bind>
<opcode="store(28) " fcode="store"/>
<opset="store_ln1651/2 "/>
</bind>
</comp>

<comp id="455" class="1004" name="store_ln1651_store_fu_455">
<pin_list>
<pin id="456" dir="0" index="0" bw="8" slack="0"/>
<pin id="457" dir="0" index="1" bw="8" slack="0"/>
<pin id="458" dir="1" index="2" bw="0" slack="2147483647"/>
</pin_list>
<bind>
<opcode="store(28) " fcode="store"/>
<opset="store_ln1651/2 "/>
</bind>
</comp>

<comp id="461" class="1004" name="store_ln1651_store_fu_461">
<pin_list>
<pin id="462" dir="0" index="0" bw="8" slack="0"/>
<pin id="463" dir="0" index="1" bw="8" slack="0"/>
<pin id="464" dir="1" index="2" bw="0" slack="2147483647"/>
</pin_list>
<bind>
<opcode="store(28) " fcode="store"/>
<opset="store_ln1651/2 "/>
</bind>
</comp>

<comp id="467" class="1004" name="store_ln1651_store_fu_467">
<pin_list>
<pin id="468" dir="0" index="0" bw="8" slack="0"/>
<pin id="469" dir="0" index="1" bw="8" slack="0"/>
<pin id="470" dir="1" index="2" bw="0" slack="2147483647"/>
</pin_list>
<bind>
<opcode="store(28) " fcode="store"/>
<opset="store_ln1651/2 "/>
</bind>
</comp>

<comp id="473" class="1004" name="pixbuf_y_val_V_11_load_fu_473">
<pin_list>
<pin id="474" dir="0" index="0" bw="8" slack="2"/>
<pin id="475" dir="1" index="1" bw="8" slack="0"/>
</pin_list>
<bind>
<opcode="load(27) " fcode="load"/>
<opset="pixbuf_y_val_V_11/3 "/>
</bind>
</comp>

<comp id="476" class="1004" name="pixbuf_y_val_V_12_load_fu_476">
<pin_list>
<pin id="477" dir="0" index="0" bw="8" slack="2"/>
<pin id="478" dir="1" index="1" bw="8" slack="0"/>
</pin_list>
<bind>
<opcode="load(27) " fcode="load"/>
<opset="pixbuf_y_val_V_12/3 "/>
</bind>
</comp>

<comp id="479" class="1004" name="pixbuf_y_val_V_13_load_fu_479">
<pin_list>
<pin id="480" dir="0" index="0" bw="8" slack="2"/>
<pin id="481" dir="1" index="1" bw="8" slack="0"/>
</pin_list>
<bind>
<opcode="load(27) " fcode="load"/>
<opset="pixbuf_y_val_V_13/3 "/>
</bind>
</comp>

<comp id="482" class="1004" name="filt_res1_1_out_load_load_fu_482">
<pin_list>
<pin id="483" dir="0" index="0" bw="64" slack="0"/>
<pin id="484" dir="1" index="1" bw="64" slack="0"/>
</pin_list>
<bind>
<opcode="load(27) " fcode="load"/>
<opset="filt_res1_1_out_load/3 "/>
</bind>
</comp>

<comp id="486" class="1004" name="p_out3_load_load_fu_486">
<pin_list>
<pin id="487" dir="0" index="0" bw="8" slack="0"/>
<pin id="488" dir="1" index="1" bw="8" slack="0"/>
</pin_list>
<bind>
<opcode="load(27) " fcode="load"/>
<opset="p_out3_load/3 "/>
</bind>
</comp>

<comp id="490" class="1004" name="p_out2_load_load_fu_490">
<pin_list>
<pin id="491" dir="0" index="0" bw="8" slack="0"/>
<pin id="492" dir="1" index="1" bw="8" slack="0"/>
</pin_list>
<bind>
<opcode="load(27) " fcode="load"/>
<opset="p_out2_load/3 "/>
</bind>
</comp>

<comp id="494" class="1004" name="p_out1_load_load_fu_494">
<pin_list>
<pin id="495" dir="0" index="0" bw="8" slack="0"/>
<pin id="496" dir="1" index="1" bw="8" slack="0"/>
</pin_list>
<bind>
<opcode="load(27) " fcode="load"/>
<opset="p_out1_load/3 "/>
</bind>
</comp>

<comp id="498" class="1004" name="p_out_load_load_fu_498">
<pin_list>
<pin id="499" dir="0" index="0" bw="8" slack="0"/>
<pin id="500" dir="1" index="1" bw="8" slack="0"/>
</pin_list>
<bind>
<opcode="load(27) " fcode="load"/>
<opset="p_out_load/3 "/>
</bind>
</comp>

<comp id="502" class="1004" name="p_0_0_0_0_0524_21083_load_1_load_fu_502">
<pin_list>
<pin id="503" dir="0" index="0" bw="8" slack="2"/>
<pin id="504" dir="1" index="1" bw="8" slack="0"/>
</pin_list>
<bind>
<opcode="load(27) " fcode="load"/>
<opset="p_0_0_0_0_0524_21083_load_1/3 "/>
</bind>
</comp>

<comp id="505" class="1004" name="p_0_0_0_0_0_21086_load_1_load_fu_505">
<pin_list>
<pin id="506" dir="0" index="0" bw="8" slack="2"/>
<pin id="507" dir="1" index="1" bw="8" slack="0"/>
</pin_list>
<bind>
<opcode="load(27) " fcode="load"/>
<opset="p_0_0_0_0_0_21086_load_1/3 "/>
</bind>
</comp>

<comp id="508" class="1004" name="pixbuf_y_val_V_14_load_fu_508">
<pin_list>
<pin id="509" dir="0" index="0" bw="8" slack="2"/>
<pin id="510" dir="1" index="1" bw="8" slack="0"/>
</pin_list>
<bind>
<opcode="load(27) " fcode="load"/>
<opset="pixbuf_y_val_V_14/3 "/>
</bind>
</comp>

<comp id="511" class="1004" name="p_0_1_0_0_01042_load_load_fu_511">
<pin_list>
<pin id="512" dir="0" index="0" bw="8" slack="2"/>
<pin id="513" dir="1" index="1" bw="8" slack="0"/>
</pin_list>
<bind>
<opcode="load(27) " fcode="load"/>
<opset="p_0_1_0_0_01042_load/3 "/>
</bind>
</comp>

<comp id="514" class="1004" name="p_0_1_0_0_01046_load_load_fu_514">
<pin_list>
<pin id="515" dir="0" index="0" bw="8" slack="2"/>
<pin id="516" dir="1" index="1" bw="8" slack="0"/>
</pin_list>
<bind>
<opcode="load(27) " fcode="load"/>
<opset="p_0_1_0_0_01046_load/3 "/>
</bind>
</comp>

<comp id="517" class="1004" name="rhs_V_2_fu_517">
<pin_list>
<pin id="518" dir="0" index="0" bw="1" slack="2"/>
<pin id="519" dir="0" index="1" bw="8" slack="0"/>
<pin id="520" dir="0" index="2" bw="8" slack="0"/>
<pin id="521" dir="1" index="3" bw="8" slack="0"/>
</pin_list>
<bind>
<opcode="select(49) " fcode="select"/>
<opset="rhs_V_2/3 "/>
</bind>
</comp>

<comp id="524" class="1004" name="rhs_5_fu_524">
<pin_list>
<pin id="525" dir="0" index="0" bw="1" slack="2"/>
<pin id="526" dir="0" index="1" bw="8" slack="0"/>
<pin id="527" dir="0" index="2" bw="8" slack="0"/>
<pin id="528" dir="1" index="3" bw="8" slack="0"/>
</pin_list>
<bind>
<opcode="select(49) " fcode="select"/>
<opset="rhs_5/3 "/>
</bind>
</comp>

<comp id="531" class="1004" name="lhs_V_fu_531">
<pin_list>
<pin id="532" dir="0" index="0" bw="1" slack="2"/>
<pin id="533" dir="0" index="1" bw="8" slack="0"/>
<pin id="534" dir="0" index="2" bw="8" slack="0"/>
<pin id="535" dir="1" index="3" bw="8" slack="0"/>
</pin_list>
<bind>
<opcode="select(49) " fcode="select"/>
<opset="lhs_V/3 "/>
</bind>
</comp>

<comp id="538" class="1004" name="rhs_V_fu_538">
<pin_list>
<pin id="539" dir="0" index="0" bw="1" slack="2"/>
<pin id="540" dir="0" index="1" bw="8" slack="0"/>
<pin id="541" dir="0" index="2" bw="8" slack="0"/>
<pin id="542" dir="1" index="3" bw="8" slack="0"/>
</pin_list>
<bind>
<opcode="select(49) " fcode="select"/>
<opset="rhs_V/3 "/>
</bind>
</comp>

<comp id="545" class="1004" name="lhs_fu_545">
<pin_list>
<pin id="546" dir="0" index="0" bw="1" slack="2"/>
<pin id="547" dir="0" index="1" bw="8" slack="0"/>
<pin id="548" dir="0" index="2" bw="8" slack="0"/>
<pin id="549" dir="1" index="3" bw="8" slack="0"/>
</pin_list>
<bind>
<opcode="select(49) " fcode="select"/>
<opset="lhs/3 "/>
</bind>
</comp>

<comp id="552" class="1004" name="rhs_fu_552">
<pin_list>
<pin id="553" dir="0" index="0" bw="1" slack="2"/>
<pin id="554" dir="0" index="1" bw="8" slack="0"/>
<pin id="555" dir="0" index="2" bw="8" slack="0"/>
<pin id="556" dir="1" index="3" bw="8" slack="0"/>
</pin_list>
<bind>
<opcode="select(49) " fcode="select"/>
<opset="rhs/3 "/>
</bind>
</comp>

<comp id="559" class="1004" name="ret_V_fu_559">
<pin_list>
<pin id="560" dir="0" index="0" bw="9" slack="0"/>
<pin id="561" dir="0" index="1" bw="8" slack="0"/>
<pin id="562" dir="0" index="2" bw="1" slack="0"/>
<pin id="563" dir="1" index="3" bw="9" slack="0"/>
</pin_list>
<bind>
<opcode="bitconcatenate(1004) " fcode="bitconcatenate"/>
<opset="ret_V/3 "/>
</bind>
</comp>

<comp id="567" class="1004" name="zext_ln1495_fu_567">
<pin_list>
<pin id="568" dir="0" index="0" bw="8" slack="0"/>
<pin id="569" dir="1" index="1" bw="10" slack="0"/>
</pin_list>
<bind>
<opcode="zext(34) " fcode="zext"/>
<opset="zext_ln1495/3 "/>
</bind>
</comp>

<comp id="571" class="1004" name="zext_ln1495_3_fu_571">
<pin_list>
<pin id="572" dir="0" index="0" bw="9" slack="0"/>
<pin id="573" dir="1" index="1" bw="10" slack="0"/>
</pin_list>
<bind>
<opcode="zext(34) " fcode="zext"/>
<opset="zext_ln1495_3/3 "/>
</bind>
</comp>

<comp id="575" class="1004" name="zext_ln1495_4_fu_575">
<pin_list>
<pin id="576" dir="0" index="0" bw="8" slack="0"/>
<pin id="577" dir="1" index="1" bw="9" slack="0"/>
</pin_list>
<bind>
<opcode="zext(34) " fcode="zext"/>
<opset="zext_ln1495_4/3 "/>
</bind>
</comp>

<comp id="579" class="1004" name="ret_V_2_fu_579">
<pin_list>
<pin id="580" dir="0" index="0" bw="8" slack="0"/>
<pin id="581" dir="0" index="1" bw="3" slack="0"/>
<pin id="582" dir="1" index="2" bw="9" slack="0"/>
</pin_list>
<bind>
<opcode="add(8) " fcode="add"/>
<opset="ret_V_2/3 "/>
</bind>
</comp>

<comp id="585" class="1004" name="zext_ln1495_5_fu_585">
<pin_list>
<pin id="586" dir="0" index="0" bw="9" slack="0"/>
<pin id="587" dir="1" index="1" bw="10" slack="0"/>
</pin_list>
<bind>
<opcode="zext(34) " fcode="zext"/>
<opset="zext_ln1495_5/3 "/>
</bind>
</comp>

<comp id="589" class="1004" name="add_ln1495_3_fu_589">
<pin_list>
<pin id="590" dir="0" index="0" bw="9" slack="0"/>
<pin id="591" dir="0" index="1" bw="8" slack="0"/>
<pin id="592" dir="1" index="2" bw="10" slack="0"/>
</pin_list>
<bind>
<opcode="add(8) " fcode="add"/>
<opset="add_ln1495_3/3 "/>
</bind>
</comp>

<comp id="595" class="1004" name="add_ln1495_2_fu_595">
<pin_list>
<pin id="596" dir="0" index="0" bw="10" slack="0"/>
<pin id="597" dir="0" index="1" bw="9" slack="0"/>
<pin id="598" dir="1" index="2" bw="10" slack="0"/>
</pin_list>
<bind>
<opcode="add(8) " fcode="add"/>
<opset="add_ln1495_2/3 "/>
</bind>
</comp>

<comp id="601" class="1004" name="trunc_ln3_fu_601">
<pin_list>
<pin id="602" dir="0" index="0" bw="8" slack="0"/>
<pin id="603" dir="0" index="1" bw="10" slack="0"/>
<pin id="604" dir="0" index="2" bw="3" slack="0"/>
<pin id="605" dir="0" index="3" bw="5" slack="0"/>
<pin id="606" dir="1" index="4" bw="8" slack="0"/>
</pin_list>
<bind>
<opcode="partselect(1002) " fcode="partselect"/>
<opset="trunc_ln3/3 "/>
</bind>
</comp>

<comp id="611" class="1004" name="ret_V_3_fu_611">
<pin_list>
<pin id="612" dir="0" index="0" bw="9" slack="0"/>
<pin id="613" dir="0" index="1" bw="8" slack="0"/>
<pin id="614" dir="0" index="2" bw="1" slack="0"/>
<pin id="615" dir="1" index="3" bw="9" slack="0"/>
</pin_list>
<bind>
<opcode="bitconcatenate(1004) " fcode="bitconcatenate"/>
<opset="ret_V_3/3 "/>
</bind>
</comp>

<comp id="619" class="1004" name="zext_ln1495_6_fu_619">
<pin_list>
<pin id="620" dir="0" index="0" bw="8" slack="0"/>
<pin id="621" dir="1" index="1" bw="10" slack="0"/>
</pin_list>
<bind>
<opcode="zext(34) " fcode="zext"/>
<opset="zext_ln1495_6/3 "/>
</bind>
</comp>

<comp id="623" class="1004" name="zext_ln1495_7_fu_623">
<pin_list>
<pin id="624" dir="0" index="0" bw="9" slack="0"/>
<pin id="625" dir="1" index="1" bw="10" slack="0"/>
</pin_list>
<bind>
<opcode="zext(34) " fcode="zext"/>
<opset="zext_ln1495_7/3 "/>
</bind>
</comp>

<comp id="627" class="1004" name="zext_ln1495_8_fu_627">
<pin_list>
<pin id="628" dir="0" index="0" bw="8" slack="0"/>
<pin id="629" dir="1" index="1" bw="9" slack="0"/>
</pin_list>
<bind>
<opcode="zext(34) " fcode="zext"/>
<opset="zext_ln1495_8/3 "/>
</bind>
</comp>

<comp id="631" class="1004" name="ret_V_4_fu_631">
<pin_list>
<pin id="632" dir="0" index="0" bw="8" slack="0"/>
<pin id="633" dir="0" index="1" bw="3" slack="0"/>
<pin id="634" dir="1" index="2" bw="9" slack="0"/>
</pin_list>
<bind>
<opcode="add(8) " fcode="add"/>
<opset="ret_V_4/3 "/>
</bind>
</comp>

<comp id="637" class="1004" name="zext_ln1495_9_fu_637">
<pin_list>
<pin id="638" dir="0" index="0" bw="9" slack="0"/>
<pin id="639" dir="1" index="1" bw="10" slack="0"/>
</pin_list>
<bind>
<opcode="zext(34) " fcode="zext"/>
<opset="zext_ln1495_9/3 "/>
</bind>
</comp>

<comp id="641" class="1004" name="add_ln1495_6_fu_641">
<pin_list>
<pin id="642" dir="0" index="0" bw="9" slack="0"/>
<pin id="643" dir="0" index="1" bw="8" slack="0"/>
<pin id="644" dir="1" index="2" bw="10" slack="0"/>
</pin_list>
<bind>
<opcode="add(8) " fcode="add"/>
<opset="add_ln1495_6/3 "/>
</bind>
</comp>

<comp id="647" class="1004" name="add_ln1495_5_fu_647">
<pin_list>
<pin id="648" dir="0" index="0" bw="10" slack="0"/>
<pin id="649" dir="0" index="1" bw="9" slack="0"/>
<pin id="650" dir="1" index="2" bw="10" slack="0"/>
</pin_list>
<bind>
<opcode="add(8) " fcode="add"/>
<opset="add_ln1495_5/3 "/>
</bind>
</comp>

<comp id="653" class="1004" name="filt_res1_4_fu_653">
<pin_list>
<pin id="654" dir="0" index="0" bw="8" slack="0"/>
<pin id="655" dir="0" index="1" bw="10" slack="0"/>
<pin id="656" dir="0" index="2" bw="3" slack="0"/>
<pin id="657" dir="0" index="3" bw="5" slack="0"/>
<pin id="658" dir="1" index="4" bw="8" slack="0"/>
</pin_list>
<bind>
<opcode="partselect(1002) " fcode="partselect"/>
<opset="filt_res1_4/3 "/>
</bind>
</comp>

<comp id="663" class="1004" name="zext_ln541_fu_663">
<pin_list>
<pin id="664" dir="0" index="0" bw="8" slack="0"/>
<pin id="665" dir="1" index="1" bw="64" slack="0"/>
</pin_list>
<bind>
<opcode="zext(34) " fcode="zext"/>
<opset="zext_ln541/3 "/>
</bind>
</comp>

<comp id="667" class="1004" name="filt_res1_fu_667">
<pin_list>
<pin id="668" dir="0" index="0" bw="1" slack="2"/>
<pin id="669" dir="0" index="1" bw="64" slack="0"/>
<pin id="670" dir="0" index="2" bw="64" slack="0"/>
<pin id="671" dir="1" index="3" bw="64" slack="0"/>
</pin_list>
<bind>
<opcode="select(49) " fcode="select"/>
<opset="filt_res1/3 "/>
</bind>
</comp>

<comp id="674" class="1004" name="trunc_ln1636_fu_674">
<pin_list>
<pin id="675" dir="0" index="0" bw="64" slack="0"/>
<pin id="676" dir="1" index="1" bw="8" slack="0"/>
</pin_list>
<bind>
<opcode="trunc(33) " fcode="trunc"/>
<opset="trunc_ln1636/3 "/>
</bind>
</comp>

<comp id="678" class="1004" name="select_ln1757_fu_678">
<pin_list>
<pin id="679" dir="0" index="0" bw="1" slack="2"/>
<pin id="680" dir="0" index="1" bw="8" slack="0"/>
<pin id="681" dir="0" index="2" bw="8" slack="0"/>
<pin id="682" dir="1" index="3" bw="8" slack="1"/>
</pin_list>
<bind>
<opcode="select(49) " fcode="select"/>
<opset="select_ln1757/3 "/>
</bind>
</comp>

<comp id="685" class="1004" name="p_0_0_0_0_05321032_out_load_load_fu_685">
<pin_list>
<pin id="686" dir="0" index="0" bw="8" slack="0"/>
<pin id="687" dir="1" index="1" bw="8" slack="0"/>
</pin_list>
<bind>
<opcode="load(27) " fcode="load"/>
<opset="p_0_0_0_0_05321032_out_load/3 "/>
</bind>
</comp>

<comp id="689" class="1004" name="p_0_1_0_0_01034_out_load_load_fu_689">
<pin_list>
<pin id="690" dir="0" index="0" bw="8" slack="0"/>
<pin id="691" dir="1" index="1" bw="8" slack="0"/>
</pin_list>
<bind>
<opcode="load(27) " fcode="load"/>
<opset="p_0_1_0_0_01034_out_load/3 "/>
</bind>
</comp>

<comp id="693" class="1004" name="p_0_2_0_0_01036_out_load_load_fu_693">
<pin_list>
<pin id="694" dir="0" index="0" bw="8" slack="0"/>
<pin id="695" dir="1" index="1" bw="8" slack="0"/>
</pin_list>
<bind>
<opcode="load(27) " fcode="load"/>
<opset="p_0_2_0_0_01036_out_load/3 "/>
</bind>
</comp>

<comp id="697" class="1004" name="p_0_fu_697">
<pin_list>
<pin id="698" dir="0" index="0" bw="24" slack="0"/>
<pin id="699" dir="0" index="1" bw="8" slack="0"/>
<pin id="700" dir="0" index="2" bw="8" slack="0"/>
<pin id="701" dir="0" index="3" bw="8" slack="0"/>
<pin id="702" dir="1" index="4" bw="24" slack="0"/>
</pin_list>
<bind>
<opcode="bitconcatenate(1004) " fcode="bitconcatenate"/>
<opset="p_0/3 "/>
</bind>
</comp>

<comp id="708" class="1004" name="pixbuf_y_val_V_5_load_load_fu_708">
<pin_list>
<pin id="709" dir="0" index="0" bw="8" slack="2"/>
<pin id="710" dir="1" index="1" bw="8" slack="0"/>
</pin_list>
<bind>
<opcode="load(27) " fcode="load"/>
<opset="pixbuf_y_val_V_5_load/3 "/>
</bind>
</comp>

<comp id="711" class="1004" name="store_ln1636_store_fu_711">
<pin_list>
<pin id="712" dir="0" index="0" bw="8" slack="0"/>
<pin id="713" dir="0" index="1" bw="8" slack="2"/>
<pin id="714" dir="1" index="2" bw="0" slack="2147483647"/>
</pin_list>
<bind>
<opcode="store(28) " fcode="store"/>
<opset="store_ln1636/3 "/>
</bind>
</comp>

<comp id="716" class="1004" name="store_ln1636_store_fu_716">
<pin_list>
<pin id="717" dir="0" index="0" bw="8" slack="0"/>
<pin id="718" dir="0" index="1" bw="8" slack="2"/>
<pin id="719" dir="1" index="2" bw="0" slack="2147483647"/>
</pin_list>
<bind>
<opcode="store(28) " fcode="store"/>
<opset="store_ln1636/3 "/>
</bind>
</comp>

<comp id="721" class="1004" name="store_ln1636_store_fu_721">
<pin_list>
<pin id="722" dir="0" index="0" bw="8" slack="0"/>
<pin id="723" dir="0" index="1" bw="8" slack="2"/>
<pin id="724" dir="1" index="2" bw="0" slack="2147483647"/>
</pin_list>
<bind>
<opcode="store(28) " fcode="store"/>
<opset="store_ln1636/3 "/>
</bind>
</comp>

<comp id="726" class="1004" name="store_ln1636_store_fu_726">
<pin_list>
<pin id="727" dir="0" index="0" bw="8" slack="0"/>
<pin id="728" dir="0" index="1" bw="8" slack="2"/>
<pin id="729" dir="1" index="2" bw="0" slack="2147483647"/>
</pin_list>
<bind>
<opcode="store(28) " fcode="store"/>
<opset="store_ln1636/3 "/>
</bind>
</comp>

<comp id="731" class="1004" name="store_ln1636_store_fu_731">
<pin_list>
<pin id="732" dir="0" index="0" bw="8" slack="0"/>
<pin id="733" dir="0" index="1" bw="8" slack="2"/>
<pin id="734" dir="1" index="2" bw="0" slack="2147483647"/>
</pin_list>
<bind>
<opcode="store(28) " fcode="store"/>
<opset="store_ln1636/3 "/>
</bind>
</comp>

<comp id="736" class="1004" name="store_ln1636_store_fu_736">
<pin_list>
<pin id="737" dir="0" index="0" bw="8" slack="0"/>
<pin id="738" dir="0" index="1" bw="8" slack="2"/>
<pin id="739" dir="1" index="2" bw="0" slack="2147483647"/>
</pin_list>
<bind>
<opcode="store(28) " fcode="store"/>
<opset="store_ln1636/3 "/>
</bind>
</comp>

<comp id="741" class="1004" name="store_ln1636_store_fu_741">
<pin_list>
<pin id="742" dir="0" index="0" bw="8" slack="0"/>
<pin id="743" dir="0" index="1" bw="8" slack="0"/>
<pin id="744" dir="1" index="2" bw="0" slack="2147483647"/>
</pin_list>
<bind>
<opcode="store(28) " fcode="store"/>
<opset="store_ln1636/3 "/>
</bind>
</comp>

<comp id="747" class="1004" name="store_ln1636_store_fu_747">
<pin_list>
<pin id="748" dir="0" index="0" bw="8" slack="0"/>
<pin id="749" dir="0" index="1" bw="8" slack="0"/>
<pin id="750" dir="1" index="2" bw="0" slack="2147483647"/>
</pin_list>
<bind>
<opcode="store(28) " fcode="store"/>
<opset="store_ln1636/3 "/>
</bind>
</comp>

<comp id="753" class="1004" name="store_ln1636_store_fu_753">
<pin_list>
<pin id="754" dir="0" index="0" bw="8" slack="0"/>
<pin id="755" dir="0" index="1" bw="8" slack="0"/>
<pin id="756" dir="1" index="2" bw="0" slack="2147483647"/>
</pin_list>
<bind>
<opcode="store(28) " fcode="store"/>
<opset="store_ln1636/3 "/>
</bind>
</comp>

<comp id="759" class="1004" name="store_ln1636_store_fu_759">
<pin_list>
<pin id="760" dir="0" index="0" bw="8" slack="0"/>
<pin id="761" dir="0" index="1" bw="8" slack="0"/>
<pin id="762" dir="1" index="2" bw="0" slack="2147483647"/>
</pin_list>
<bind>
<opcode="store(28) " fcode="store"/>
<opset="store_ln1636/3 "/>
</bind>
</comp>

<comp id="765" class="1004" name="store_ln1636_store_fu_765">
<pin_list>
<pin id="766" dir="0" index="0" bw="64" slack="0"/>
<pin id="767" dir="0" index="1" bw="64" slack="0"/>
<pin id="768" dir="1" index="2" bw="0" slack="2147483647"/>
</pin_list>
<bind>
<opcode="store(28) " fcode="store"/>
<opset="store_ln1636/3 "/>
</bind>
</comp>

<comp id="771" class="1004" name="pixbuf_y_val_V_6_out_load_load_fu_771">
<pin_list>
<pin id="772" dir="0" index="0" bw="8" slack="0"/>
<pin id="773" dir="1" index="1" bw="8" slack="0"/>
</pin_list>
<bind>
<opcode="load(27) " fcode="load"/>
<opset="pixbuf_y_val_V_6_out_load/4 "/>
</bind>
</comp>

<comp id="775" class="1004" name="tmp_s_fu_775">
<pin_list>
<pin id="776" dir="0" index="0" bw="8" slack="0"/>
<pin id="777" dir="0" index="1" bw="8" slack="0"/>
<pin id="778" dir="0" index="2" bw="8" slack="1"/>
<pin id="779" dir="0" index="3" bw="8" slack="1"/>
<pin id="780" dir="0" index="4" bw="8" slack="1"/>
<pin id="781" dir="0" index="5" bw="3" slack="3"/>
<pin id="782" dir="1" index="6" bw="8" slack="0"/>
</pin_list>
<bind>
<opcode="mux(1196) " fcode="mux"/>
<opset="tmp_s/4 "/>
</bind>
</comp>

<comp id="785" class="1004" name="tmp_2_fu_785">
<pin_list>
<pin id="786" dir="0" index="0" bw="16" slack="0"/>
<pin id="787" dir="0" index="1" bw="8" slack="1"/>
<pin id="788" dir="0" index="2" bw="8" slack="0"/>
<pin id="789" dir="1" index="3" bw="16" slack="0"/>
</pin_list>
<bind>
<opcode="bitconcatenate(1004) " fcode="bitconcatenate"/>
<opset="tmp_2/4 "/>
</bind>
</comp>

<comp id="792" class="1004" name="zext_ln1788_fu_792">
<pin_list>
<pin id="793" dir="0" index="0" bw="16" slack="0"/>
<pin id="794" dir="1" index="1" bw="24" slack="0"/>
</pin_list>
<bind>
<opcode="zext(34) " fcode="zext"/>
<opset="zext_ln1788/4 "/>
</bind>
</comp>

<comp id="797" class="1004" name="store_ln1636_store_fu_797">
<pin_list>
<pin id="798" dir="0" index="0" bw="8" slack="1"/>
<pin id="799" dir="0" index="1" bw="8" slack="0"/>
<pin id="800" dir="1" index="2" bw="0" slack="2147483647"/>
</pin_list>
<bind>
<opcode="store(28) " fcode="store"/>
<opset="store_ln1636/4 "/>
</bind>
</comp>

<comp id="802" class="1004" name="p_0_0_0_0_0524_21083_load_load_fu_802">
<pin_list>
<pin id="803" dir="0" index="0" bw="8" slack="2"/>
<pin id="804" dir="1" index="1" bw="8" slack="0"/>
</pin_list>
<bind>
<opcode="load(27) " fcode="load"/>
<opset="p_0_0_0_0_0524_21083_load/3 "/>
</bind>
</comp>

<comp id="806" class="1004" name="p_0_0_0_0_0_21086_load_load_fu_806">
<pin_list>
<pin id="807" dir="0" index="0" bw="8" slack="2"/>
<pin id="808" dir="1" index="1" bw="8" slack="0"/>
</pin_list>
<bind>
<opcode="load(27) " fcode="load"/>
<opset="p_0_0_0_0_0_21086_load/3 "/>
</bind>
</comp>

<comp id="810" class="1004" name="pixbuf_y_val_V_5_load_1_load_fu_810">
<pin_list>
<pin id="811" dir="0" index="0" bw="8" slack="2"/>
<pin id="812" dir="1" index="1" bw="8" slack="0"/>
</pin_list>
<bind>
<opcode="load(27) " fcode="load"/>
<opset="pixbuf_y_val_V_5_load_1/3 "/>
</bind>
</comp>

<comp id="814" class="1004" name="store_ln0_store_fu_814">
<pin_list>
<pin id="815" dir="0" index="0" bw="8" slack="0"/>
<pin id="816" dir="0" index="1" bw="8" slack="0"/>
<pin id="817" dir="1" index="2" bw="0" slack="2147483647"/>
</pin_list>
<bind>
<opcode="store(28) " fcode="store"/>
<opset="store_ln0/3 "/>
</bind>
</comp>

<comp id="820" class="1004" name="store_ln0_store_fu_820">
<pin_list>
<pin id="821" dir="0" index="0" bw="8" slack="0"/>
<pin id="822" dir="0" index="1" bw="8" slack="0"/>
<pin id="823" dir="1" index="2" bw="0" slack="2147483647"/>
</pin_list>
<bind>
<opcode="store(28) " fcode="store"/>
<opset="store_ln0/3 "/>
</bind>
</comp>

<comp id="826" class="1004" name="store_ln0_store_fu_826">
<pin_list>
<pin id="827" dir="0" index="0" bw="8" slack="0"/>
<pin id="828" dir="0" index="1" bw="8" slack="0"/>
<pin id="829" dir="1" index="2" bw="0" slack="2147483647"/>
</pin_list>
<bind>
<opcode="store(28) " fcode="store"/>
<opset="store_ln0/3 "/>
</bind>
</comp>

<comp id="832" class="1005" name="p_0_0_0_0_0524_21083_reg_832">
<pin_list>
<pin id="833" dir="0" index="0" bw="8" slack="0"/>
<pin id="834" dir="1" index="1" bw="8" slack="0"/>
</pin_list>
<bind>
<opset="p_0_0_0_0_0524_21083 "/>
</bind>
</comp>

<comp id="840" class="1005" name="p_0_0_0_0_0_21086_reg_840">
<pin_list>
<pin id="841" dir="0" index="0" bw="8" slack="0"/>
<pin id="842" dir="1" index="1" bw="8" slack="0"/>
</pin_list>
<bind>
<opset="p_0_0_0_0_0_21086 "/>
</bind>
</comp>

<comp id="848" class="1005" name="x_reg_848">
<pin_list>
<pin id="849" dir="0" index="0" bw="15" slack="0"/>
<pin id="850" dir="1" index="1" bw="15" slack="0"/>
</pin_list>
<bind>
<opset="x "/>
</bind>
</comp>

<comp id="855" class="1005" name="pixbuf_y_val_V_5_reg_855">
<pin_list>
<pin id="856" dir="0" index="0" bw="8" slack="0"/>
<pin id="857" dir="1" index="1" bw="8" slack="0"/>
</pin_list>
<bind>
<opset="pixbuf_y_val_V_5 "/>
</bind>
</comp>

<comp id="863" class="1005" name="pixbuf_y_val_V_10_reg_863">
<pin_list>
<pin id="864" dir="0" index="0" bw="8" slack="0"/>
<pin id="865" dir="1" index="1" bw="8" slack="0"/>
</pin_list>
<bind>
<opset="pixbuf_y_val_V_10 "/>
</bind>
</comp>

<comp id="870" class="1005" name="p_0_1_0_0_01042_reg_870">
<pin_list>
<pin id="871" dir="0" index="0" bw="8" slack="0"/>
<pin id="872" dir="1" index="1" bw="8" slack="0"/>
</pin_list>
<bind>
<opset="p_0_1_0_0_01042 "/>
</bind>
</comp>

<comp id="877" class="1005" name="p_0_1_0_0_01046_reg_877">
<pin_list>
<pin id="878" dir="0" index="0" bw="8" slack="0"/>
<pin id="879" dir="1" index="1" bw="8" slack="0"/>
</pin_list>
<bind>
<opset="p_0_1_0_0_01046 "/>
</bind>
</comp>

<comp id="884" class="1005" name="pixbuf_y_val_V_7_reg_884">
<pin_list>
<pin id="885" dir="0" index="0" bw="8" slack="0"/>
<pin id="886" dir="1" index="1" bw="8" slack="0"/>
</pin_list>
<bind>
<opset="pixbuf_y_val_V_7 "/>
</bind>
</comp>

<comp id="891" class="1005" name="pixbuf_y_val_V_8_reg_891">
<pin_list>
<pin id="892" dir="0" index="0" bw="8" slack="0"/>
<pin id="893" dir="1" index="1" bw="8" slack="0"/>
</pin_list>
<bind>
<opset="pixbuf_y_val_V_8 "/>
</bind>
</comp>

<comp id="898" class="1005" name="pixbuf_y_val_V_9_reg_898">
<pin_list>
<pin id="899" dir="0" index="0" bw="8" slack="0"/>
<pin id="900" dir="1" index="1" bw="8" slack="0"/>
</pin_list>
<bind>
<opset="pixbuf_y_val_V_9 "/>
</bind>
</comp>

<comp id="905" class="1005" name="p_read_3_reg_905">
<pin_list>
<pin id="906" dir="0" index="0" bw="1" slack="2"/>
<pin id="907" dir="1" index="1" bw="1" slack="2147483647"/>
</pin_list>
<bind>
<opset="p_read_3 "/>
</bind>
</comp>

<comp id="909" class="1005" name="select_ln1634_cast_cast_reg_909">
<pin_list>
<pin id="910" dir="0" index="0" bw="3" slack="3"/>
<pin id="911" dir="1" index="1" bw="3" slack="3"/>
</pin_list>
<bind>
<opset="select_ln1634_cast_cast "/>
</bind>
</comp>

<comp id="914" class="1005" name="icmp_ln1636_reg_914">
<pin_list>
<pin id="915" dir="0" index="0" bw="1" slack="1"/>
<pin id="916" dir="1" index="1" bw="1" slack="2147483647"/>
</pin_list>
<bind>
<opset="icmp_ln1636 "/>
</bind>
</comp>

<comp id="918" class="1005" name="odd_col_reg_918">
<pin_list>
<pin id="919" dir="0" index="0" bw="1" slack="2"/>
<pin id="920" dir="1" index="1" bw="1" slack="2"/>
</pin_list>
<bind>
<opset="odd_col "/>
</bind>
</comp>

<comp id="924" class="1005" name="icmp_ln1643_reg_924">
<pin_list>
<pin id="925" dir="0" index="0" bw="1" slack="1"/>
<pin id="926" dir="1" index="1" bw="1" slack="2147483647"/>
</pin_list>
<bind>
<opset="icmp_ln1643 "/>
</bind>
</comp>

<comp id="928" class="1005" name="cmp148_reg_928">
<pin_list>
<pin id="929" dir="0" index="0" bw="1" slack="2"/>
<pin id="930" dir="1" index="1" bw="1" slack="2"/>
</pin_list>
<bind>
<opset="cmp148 "/>
</bind>
</comp>

<comp id="938" class="1005" name="tmp_reg_938">
<pin_list>
<pin id="939" dir="0" index="0" bw="1" slack="2"/>
<pin id="940" dir="1" index="1" bw="1" slack="2147483647"/>
</pin_list>
<bind>
<opset="tmp "/>
</bind>
</comp>

<comp id="942" class="1005" name="pixbuf_y_val_V_11_reg_942">
<pin_list>
<pin id="943" dir="0" index="0" bw="8" slack="1"/>
<pin id="944" dir="1" index="1" bw="8" slack="1"/>
</pin_list>
<bind>
<opset="pixbuf_y_val_V_11 "/>
</bind>
</comp>

<comp id="948" class="1005" name="pixbuf_y_val_V_12_reg_948">
<pin_list>
<pin id="949" dir="0" index="0" bw="8" slack="1"/>
<pin id="950" dir="1" index="1" bw="8" slack="1"/>
</pin_list>
<bind>
<opset="pixbuf_y_val_V_12 "/>
</bind>
</comp>

<comp id="953" class="1005" name="pixbuf_y_val_V_13_reg_953">
<pin_list>
<pin id="954" dir="0" index="0" bw="8" slack="1"/>
<pin id="955" dir="1" index="1" bw="8" slack="1"/>
</pin_list>
<bind>
<opset="pixbuf_y_val_V_13 "/>
</bind>
</comp>

<comp id="958" class="1005" name="select_ln1757_reg_958">
<pin_list>
<pin id="959" dir="0" index="0" bw="8" slack="1"/>
<pin id="960" dir="1" index="1" bw="8" slack="1"/>
</pin_list>
<bind>
<opset="select_ln1757 "/>
</bind>
</comp>

</comp_list>

<net_list>
<net id="145"><net_src comp="62" pin="0"/><net_sink comp="142" pin=0"/></net>

<net id="149"><net_src comp="62" pin="0"/><net_sink comp="146" pin=0"/></net>

<net id="153"><net_src comp="62" pin="0"/><net_sink comp="150" pin=0"/></net>

<net id="157"><net_src comp="62" pin="0"/><net_sink comp="154" pin=0"/></net>

<net id="161"><net_src comp="62" pin="0"/><net_sink comp="158" pin=0"/></net>

<net id="165"><net_src comp="62" pin="0"/><net_sink comp="162" pin=0"/></net>

<net id="169"><net_src comp="62" pin="0"/><net_sink comp="166" pin=0"/></net>

<net id="173"><net_src comp="62" pin="0"/><net_sink comp="170" pin=0"/></net>

<net id="177"><net_src comp="62" pin="0"/><net_sink comp="174" pin=0"/></net>

<net id="181"><net_src comp="62" pin="0"/><net_sink comp="178" pin=0"/></net>

<net id="186"><net_src comp="64" pin="0"/><net_sink comp="182" pin=0"/></net>

<net id="187"><net_src comp="30" pin="0"/><net_sink comp="182" pin=1"/></net>

<net id="192"><net_src comp="66" pin="0"/><net_sink comp="188" pin=0"/></net>

<net id="193"><net_src comp="24" pin="0"/><net_sink comp="188" pin=1"/></net>

<net id="198"><net_src comp="68" pin="0"/><net_sink comp="194" pin=0"/></net>

<net id="199"><net_src comp="22" pin="0"/><net_sink comp="194" pin=1"/></net>

<net id="204"><net_src comp="64" pin="0"/><net_sink comp="200" pin=0"/></net>

<net id="205"><net_src comp="20" pin="0"/><net_sink comp="200" pin=1"/></net>

<net id="210"><net_src comp="70" pin="0"/><net_sink comp="206" pin=0"/></net>

<net id="211"><net_src comp="18" pin="0"/><net_sink comp="206" pin=1"/></net>

<net id="216"><net_src comp="72" pin="0"/><net_sink comp="212" pin=0"/></net>

<net id="217"><net_src comp="16" pin="0"/><net_sink comp="212" pin=1"/></net>

<net id="222"><net_src comp="72" pin="0"/><net_sink comp="218" pin=0"/></net>

<net id="223"><net_src comp="14" pin="0"/><net_sink comp="218" pin=1"/></net>

<net id="228"><net_src comp="72" pin="0"/><net_sink comp="224" pin=0"/></net>

<net id="229"><net_src comp="12" pin="0"/><net_sink comp="224" pin=1"/></net>

<net id="234"><net_src comp="72" pin="0"/><net_sink comp="230" pin=0"/></net>

<net id="235"><net_src comp="10" pin="0"/><net_sink comp="230" pin=1"/></net>

<net id="240"><net_src comp="72" pin="0"/><net_sink comp="236" pin=0"/></net>

<net id="241"><net_src comp="8" pin="0"/><net_sink comp="236" pin=1"/></net>

<net id="246"><net_src comp="72" pin="0"/><net_sink comp="242" pin=0"/></net>

<net id="247"><net_src comp="6" pin="0"/><net_sink comp="242" pin=1"/></net>

<net id="252"><net_src comp="72" pin="0"/><net_sink comp="248" pin=0"/></net>

<net id="253"><net_src comp="4" pin="0"/><net_sink comp="248" pin=1"/></net>

<net id="258"><net_src comp="72" pin="0"/><net_sink comp="254" pin=0"/></net>

<net id="259"><net_src comp="2" pin="0"/><net_sink comp="254" pin=1"/></net>

<net id="264"><net_src comp="72" pin="0"/><net_sink comp="260" pin=0"/></net>

<net id="265"><net_src comp="0" pin="0"/><net_sink comp="260" pin=1"/></net>

<net id="270"><net_src comp="102" pin="0"/><net_sink comp="266" pin=0"/></net>

<net id="271"><net_src comp="26" pin="0"/><net_sink comp="266" pin=1"/></net>

<net id="277"><net_src comp="134" pin="0"/><net_sink comp="272" pin=0"/></net>

<net id="278"><net_src comp="28" pin="0"/><net_sink comp="272" pin=1"/></net>

<net id="284"><net_src comp="140" pin="0"/><net_sink comp="279" pin=0"/></net>

<net id="285"><net_src comp="40" pin="0"/><net_sink comp="279" pin=1"/></net>

<net id="291"><net_src comp="140" pin="0"/><net_sink comp="286" pin=0"/></net>

<net id="292"><net_src comp="42" pin="0"/><net_sink comp="286" pin=1"/></net>

<net id="298"><net_src comp="140" pin="0"/><net_sink comp="293" pin=0"/></net>

<net id="299"><net_src comp="44" pin="0"/><net_sink comp="293" pin=1"/></net>

<net id="303"><net_src comp="194" pin="2"/><net_sink comp="300" pin=0"/></net>

<net id="309"><net_src comp="200" pin="2"/><net_sink comp="304" pin=0"/></net>

<net id="310"><net_src comp="74" pin="0"/><net_sink comp="304" pin=1"/></net>

<net id="311"><net_src comp="76" pin="0"/><net_sink comp="304" pin=2"/></net>

<net id="316"><net_src comp="260" pin="2"/><net_sink comp="312" pin=0"/></net>

<net id="321"><net_src comp="254" pin="2"/><net_sink comp="317" pin=0"/></net>

<net id="326"><net_src comp="248" pin="2"/><net_sink comp="322" pin=0"/></net>

<net id="331"><net_src comp="224" pin="2"/><net_sink comp="327" pin=0"/></net>

<net id="336"><net_src comp="218" pin="2"/><net_sink comp="332" pin=0"/></net>

<net id="341"><net_src comp="212" pin="2"/><net_sink comp="337" pin=0"/></net>

<net id="346"><net_src comp="242" pin="2"/><net_sink comp="342" pin=0"/></net>

<net id="351"><net_src comp="88" pin="0"/><net_sink comp="347" pin=0"/></net>

<net id="356"><net_src comp="236" pin="2"/><net_sink comp="352" pin=0"/></net>

<net id="361"><net_src comp="230" pin="2"/><net_sink comp="357" pin=0"/></net>

<net id="368"><net_src comp="362" pin="1"/><net_sink comp="365" pin=0"/></net>

<net id="373"><net_src comp="362" pin="1"/><net_sink comp="369" pin=0"/></net>

<net id="374"><net_src comp="206" pin="2"/><net_sink comp="369" pin=1"/></net>

<net id="379"><net_src comp="362" pin="1"/><net_sink comp="375" pin=0"/></net>

<net id="380"><net_src comp="90" pin="0"/><net_sink comp="375" pin=1"/></net>

<net id="385"><net_src comp="365" pin="1"/><net_sink comp="381" pin=0"/></net>

<net id="386"><net_src comp="300" pin="1"/><net_sink comp="381" pin=1"/></net>

<net id="390"><net_src comp="381" pin="2"/><net_sink comp="387" pin=0"/></net>

<net id="395"><net_src comp="365" pin="1"/><net_sink comp="391" pin=0"/></net>

<net id="396"><net_src comp="188" pin="2"/><net_sink comp="391" pin=1"/></net>

<net id="401"><net_src comp="362" pin="1"/><net_sink comp="397" pin=0"/></net>

<net id="402"><net_src comp="88" pin="0"/><net_sink comp="397" pin=1"/></net>

<net id="408"><net_src comp="98" pin="0"/><net_sink comp="403" pin=0"/></net>

<net id="409"><net_src comp="381" pin="2"/><net_sink comp="403" pin=1"/></net>

<net id="410"><net_src comp="100" pin="0"/><net_sink comp="403" pin=2"/></net>

<net id="415"><net_src comp="375" pin="2"/><net_sink comp="411" pin=0"/></net>

<net id="419"><net_src comp="266" pin="2"/><net_sink comp="416" pin=0"/></net>

<net id="426"><net_src comp="104" pin="0"/><net_sink comp="420" pin=0"/></net>

<net id="427"><net_src comp="266" pin="2"/><net_sink comp="420" pin=1"/></net>

<net id="428"><net_src comp="106" pin="0"/><net_sink comp="420" pin=2"/></net>

<net id="429"><net_src comp="100" pin="0"/><net_sink comp="420" pin=3"/></net>

<net id="436"><net_src comp="104" pin="0"/><net_sink comp="430" pin=0"/></net>

<net id="437"><net_src comp="266" pin="2"/><net_sink comp="430" pin=1"/></net>

<net id="438"><net_src comp="108" pin="0"/><net_sink comp="430" pin=2"/></net>

<net id="439"><net_src comp="110" pin="0"/><net_sink comp="430" pin=3"/></net>

<net id="444"><net_src comp="430" pin="4"/><net_sink comp="440" pin=0"/></net>

<net id="449"><net_src comp="420" pin="4"/><net_sink comp="445" pin=0"/></net>

<net id="454"><net_src comp="416" pin="1"/><net_sink comp="450" pin=0"/></net>

<net id="459"><net_src comp="430" pin="4"/><net_sink comp="455" pin=0"/></net>

<net id="460"><net_src comp="54" pin="0"/><net_sink comp="455" pin=1"/></net>

<net id="465"><net_src comp="420" pin="4"/><net_sink comp="461" pin=0"/></net>

<net id="466"><net_src comp="56" pin="0"/><net_sink comp="461" pin=1"/></net>

<net id="471"><net_src comp="416" pin="1"/><net_sink comp="467" pin=0"/></net>

<net id="472"><net_src comp="58" pin="0"/><net_sink comp="467" pin=1"/></net>

<net id="485"><net_src comp="60" pin="0"/><net_sink comp="482" pin=0"/></net>

<net id="489"><net_src comp="52" pin="0"/><net_sink comp="486" pin=0"/></net>

<net id="493"><net_src comp="50" pin="0"/><net_sink comp="490" pin=0"/></net>

<net id="497"><net_src comp="48" pin="0"/><net_sink comp="494" pin=0"/></net>

<net id="501"><net_src comp="46" pin="0"/><net_sink comp="498" pin=0"/></net>

<net id="522"><net_src comp="514" pin="1"/><net_sink comp="517" pin=1"/></net>

<net id="523"><net_src comp="505" pin="1"/><net_sink comp="517" pin=2"/></net>

<net id="529"><net_src comp="511" pin="1"/><net_sink comp="524" pin=1"/></net>

<net id="530"><net_src comp="502" pin="1"/><net_sink comp="524" pin=2"/></net>

<net id="536"><net_src comp="514" pin="1"/><net_sink comp="531" pin=1"/></net>

<net id="537"><net_src comp="490" pin="1"/><net_sink comp="531" pin=2"/></net>

<net id="543"><net_src comp="514" pin="1"/><net_sink comp="538" pin=1"/></net>

<net id="544"><net_src comp="498" pin="1"/><net_sink comp="538" pin=2"/></net>

<net id="550"><net_src comp="511" pin="1"/><net_sink comp="545" pin=1"/></net>

<net id="551"><net_src comp="486" pin="1"/><net_sink comp="545" pin=2"/></net>

<net id="557"><net_src comp="511" pin="1"/><net_sink comp="552" pin=1"/></net>

<net id="558"><net_src comp="494" pin="1"/><net_sink comp="552" pin=2"/></net>

<net id="564"><net_src comp="120" pin="0"/><net_sink comp="559" pin=0"/></net>

<net id="565"><net_src comp="552" pin="3"/><net_sink comp="559" pin=1"/></net>

<net id="566"><net_src comp="122" pin="0"/><net_sink comp="559" pin=2"/></net>

<net id="570"><net_src comp="545" pin="3"/><net_sink comp="567" pin=0"/></net>

<net id="574"><net_src comp="559" pin="3"/><net_sink comp="571" pin=0"/></net>

<net id="578"><net_src comp="524" pin="3"/><net_sink comp="575" pin=0"/></net>

<net id="583"><net_src comp="575" pin="1"/><net_sink comp="579" pin=0"/></net>

<net id="584"><net_src comp="124" pin="0"/><net_sink comp="579" pin=1"/></net>

<net id="588"><net_src comp="579" pin="2"/><net_sink comp="585" pin=0"/></net>

<net id="593"><net_src comp="585" pin="1"/><net_sink comp="589" pin=0"/></net>

<net id="594"><net_src comp="567" pin="1"/><net_sink comp="589" pin=1"/></net>

<net id="599"><net_src comp="589" pin="2"/><net_sink comp="595" pin=0"/></net>

<net id="600"><net_src comp="571" pin="1"/><net_sink comp="595" pin=1"/></net>

<net id="607"><net_src comp="126" pin="0"/><net_sink comp="601" pin=0"/></net>

<net id="608"><net_src comp="595" pin="2"/><net_sink comp="601" pin=1"/></net>

<net id="609"><net_src comp="128" pin="0"/><net_sink comp="601" pin=2"/></net>

<net id="610"><net_src comp="130" pin="0"/><net_sink comp="601" pin=3"/></net>

<net id="616"><net_src comp="120" pin="0"/><net_sink comp="611" pin=0"/></net>

<net id="617"><net_src comp="538" pin="3"/><net_sink comp="611" pin=1"/></net>

<net id="618"><net_src comp="122" pin="0"/><net_sink comp="611" pin=2"/></net>

<net id="622"><net_src comp="531" pin="3"/><net_sink comp="619" pin=0"/></net>

<net id="626"><net_src comp="611" pin="3"/><net_sink comp="623" pin=0"/></net>

<net id="630"><net_src comp="517" pin="3"/><net_sink comp="627" pin=0"/></net>

<net id="635"><net_src comp="627" pin="1"/><net_sink comp="631" pin=0"/></net>

<net id="636"><net_src comp="124" pin="0"/><net_sink comp="631" pin=1"/></net>

<net id="640"><net_src comp="631" pin="2"/><net_sink comp="637" pin=0"/></net>

<net id="645"><net_src comp="637" pin="1"/><net_sink comp="641" pin=0"/></net>

<net id="646"><net_src comp="619" pin="1"/><net_sink comp="641" pin=1"/></net>

<net id="651"><net_src comp="641" pin="2"/><net_sink comp="647" pin=0"/></net>

<net id="652"><net_src comp="623" pin="1"/><net_sink comp="647" pin=1"/></net>

<net id="659"><net_src comp="126" pin="0"/><net_sink comp="653" pin=0"/></net>

<net id="660"><net_src comp="647" pin="2"/><net_sink comp="653" pin=1"/></net>

<net id="661"><net_src comp="128" pin="0"/><net_sink comp="653" pin=2"/></net>

<net id="662"><net_src comp="130" pin="0"/><net_sink comp="653" pin=3"/></net>

<net id="666"><net_src comp="653" pin="4"/><net_sink comp="663" pin=0"/></net>

<net id="672"><net_src comp="482" pin="1"/><net_sink comp="667" pin=1"/></net>

<net id="673"><net_src comp="663" pin="1"/><net_sink comp="667" pin=2"/></net>

<net id="677"><net_src comp="482" pin="1"/><net_sink comp="674" pin=0"/></net>

<net id="683"><net_src comp="674" pin="1"/><net_sink comp="678" pin=1"/></net>

<net id="684"><net_src comp="601" pin="4"/><net_sink comp="678" pin=2"/></net>

<net id="688"><net_src comp="58" pin="0"/><net_sink comp="685" pin=0"/></net>

<net id="692"><net_src comp="56" pin="0"/><net_sink comp="689" pin=0"/></net>

<net id="696"><net_src comp="54" pin="0"/><net_sink comp="693" pin=0"/></net>

<net id="703"><net_src comp="132" pin="0"/><net_sink comp="697" pin=0"/></net>

<net id="704"><net_src comp="693" pin="1"/><net_sink comp="697" pin=1"/></net>

<net id="705"><net_src comp="689" pin="1"/><net_sink comp="697" pin=2"/></net>

<net id="706"><net_src comp="685" pin="1"/><net_sink comp="697" pin=3"/></net>

<net id="707"><net_src comp="697" pin="4"/><net_sink comp="272" pin=2"/></net>

<net id="715"><net_src comp="708" pin="1"/><net_sink comp="711" pin=0"/></net>

<net id="720"><net_src comp="479" pin="1"/><net_sink comp="716" pin=0"/></net>

<net id="725"><net_src comp="476" pin="1"/><net_sink comp="721" pin=0"/></net>

<net id="730"><net_src comp="508" pin="1"/><net_sink comp="726" pin=0"/></net>

<net id="735"><net_src comp="514" pin="1"/><net_sink comp="731" pin=0"/></net>

<net id="740"><net_src comp="511" pin="1"/><net_sink comp="736" pin=0"/></net>

<net id="745"><net_src comp="517" pin="3"/><net_sink comp="741" pin=0"/></net>

<net id="746"><net_src comp="46" pin="0"/><net_sink comp="741" pin=1"/></net>

<net id="751"><net_src comp="524" pin="3"/><net_sink comp="747" pin=0"/></net>

<net id="752"><net_src comp="48" pin="0"/><net_sink comp="747" pin=1"/></net>

<net id="757"><net_src comp="538" pin="3"/><net_sink comp="753" pin=0"/></net>

<net id="758"><net_src comp="50" pin="0"/><net_sink comp="753" pin=1"/></net>

<net id="763"><net_src comp="552" pin="3"/><net_sink comp="759" pin=0"/></net>

<net id="764"><net_src comp="52" pin="0"/><net_sink comp="759" pin=1"/></net>

<net id="769"><net_src comp="667" pin="3"/><net_sink comp="765" pin=0"/></net>

<net id="770"><net_src comp="60" pin="0"/><net_sink comp="765" pin=1"/></net>

<net id="774"><net_src comp="38" pin="0"/><net_sink comp="771" pin=0"/></net>

<net id="783"><net_src comp="136" pin="0"/><net_sink comp="775" pin=0"/></net>

<net id="784"><net_src comp="771" pin="1"/><net_sink comp="775" pin=1"/></net>

<net id="790"><net_src comp="138" pin="0"/><net_sink comp="785" pin=0"/></net>

<net id="791"><net_src comp="775" pin="6"/><net_sink comp="785" pin=2"/></net>

<net id="795"><net_src comp="785" pin="3"/><net_sink comp="792" pin=0"/></net>

<net id="796"><net_src comp="792" pin="1"/><net_sink comp="272" pin=2"/></net>

<net id="801"><net_src comp="38" pin="0"/><net_sink comp="797" pin=1"/></net>

<net id="805"><net_src comp="802" pin="1"/><net_sink comp="293" pin=2"/></net>

<net id="809"><net_src comp="806" pin="1"/><net_sink comp="286" pin=2"/></net>

<net id="813"><net_src comp="810" pin="1"/><net_sink comp="279" pin=2"/></net>

<net id="818"><net_src comp="479" pin="1"/><net_sink comp="814" pin=0"/></net>

<net id="819"><net_src comp="32" pin="0"/><net_sink comp="814" pin=1"/></net>

<net id="824"><net_src comp="476" pin="1"/><net_sink comp="820" pin=0"/></net>

<net id="825"><net_src comp="34" pin="0"/><net_sink comp="820" pin=1"/></net>

<net id="830"><net_src comp="473" pin="1"/><net_sink comp="826" pin=0"/></net>

<net id="831"><net_src comp="36" pin="0"/><net_sink comp="826" pin=1"/></net>

<net id="835"><net_src comp="142" pin="1"/><net_sink comp="832" pin=0"/></net>

<net id="836"><net_src comp="832" pin="1"/><net_sink comp="357" pin=1"/></net>

<net id="837"><net_src comp="832" pin="1"/><net_sink comp="502" pin=0"/></net>

<net id="838"><net_src comp="832" pin="1"/><net_sink comp="736" pin=1"/></net>

<net id="839"><net_src comp="832" pin="1"/><net_sink comp="802" pin=0"/></net>

<net id="843"><net_src comp="146" pin="1"/><net_sink comp="840" pin=0"/></net>

<net id="844"><net_src comp="840" pin="1"/><net_sink comp="352" pin=1"/></net>

<net id="845"><net_src comp="840" pin="1"/><net_sink comp="505" pin=0"/></net>

<net id="846"><net_src comp="840" pin="1"/><net_sink comp="731" pin=1"/></net>

<net id="847"><net_src comp="840" pin="1"/><net_sink comp="806" pin=0"/></net>

<net id="851"><net_src comp="150" pin="1"/><net_sink comp="848" pin=0"/></net>

<net id="852"><net_src comp="848" pin="1"/><net_sink comp="347" pin=1"/></net>

<net id="853"><net_src comp="848" pin="1"/><net_sink comp="362" pin=0"/></net>

<net id="854"><net_src comp="848" pin="1"/><net_sink comp="411" pin=1"/></net>

<net id="858"><net_src comp="154" pin="1"/><net_sink comp="855" pin=0"/></net>

<net id="859"><net_src comp="855" pin="1"/><net_sink comp="342" pin=1"/></net>

<net id="860"><net_src comp="855" pin="1"/><net_sink comp="708" pin=0"/></net>

<net id="861"><net_src comp="855" pin="1"/><net_sink comp="726" pin=1"/></net>

<net id="862"><net_src comp="855" pin="1"/><net_sink comp="810" pin=0"/></net>

<net id="866"><net_src comp="158" pin="1"/><net_sink comp="863" pin=0"/></net>

<net id="867"><net_src comp="863" pin="1"/><net_sink comp="337" pin=1"/></net>

<net id="868"><net_src comp="863" pin="1"/><net_sink comp="450" pin=1"/></net>

<net id="869"><net_src comp="863" pin="1"/><net_sink comp="508" pin=0"/></net>

<net id="873"><net_src comp="162" pin="1"/><net_sink comp="870" pin=0"/></net>

<net id="874"><net_src comp="870" pin="1"/><net_sink comp="332" pin=1"/></net>

<net id="875"><net_src comp="870" pin="1"/><net_sink comp="445" pin=1"/></net>

<net id="876"><net_src comp="870" pin="1"/><net_sink comp="511" pin=0"/></net>

<net id="880"><net_src comp="166" pin="1"/><net_sink comp="877" pin=0"/></net>

<net id="881"><net_src comp="877" pin="1"/><net_sink comp="327" pin=1"/></net>

<net id="882"><net_src comp="877" pin="1"/><net_sink comp="440" pin=1"/></net>

<net id="883"><net_src comp="877" pin="1"/><net_sink comp="514" pin=0"/></net>

<net id="887"><net_src comp="170" pin="1"/><net_sink comp="884" pin=0"/></net>

<net id="888"><net_src comp="884" pin="1"/><net_sink comp="322" pin=1"/></net>

<net id="889"><net_src comp="884" pin="1"/><net_sink comp="473" pin=0"/></net>

<net id="890"><net_src comp="884" pin="1"/><net_sink comp="721" pin=1"/></net>

<net id="894"><net_src comp="174" pin="1"/><net_sink comp="891" pin=0"/></net>

<net id="895"><net_src comp="891" pin="1"/><net_sink comp="317" pin=1"/></net>

<net id="896"><net_src comp="891" pin="1"/><net_sink comp="476" pin=0"/></net>

<net id="897"><net_src comp="891" pin="1"/><net_sink comp="716" pin=1"/></net>

<net id="901"><net_src comp="178" pin="1"/><net_sink comp="898" pin=0"/></net>

<net id="902"><net_src comp="898" pin="1"/><net_sink comp="312" pin=1"/></net>

<net id="903"><net_src comp="898" pin="1"/><net_sink comp="479" pin=0"/></net>

<net id="904"><net_src comp="898" pin="1"/><net_sink comp="711" pin=1"/></net>

<net id="908"><net_src comp="182" pin="2"/><net_sink comp="905" pin=0"/></net>

<net id="912"><net_src comp="304" pin="3"/><net_sink comp="909" pin=0"/></net>

<net id="913"><net_src comp="909" pin="1"/><net_sink comp="775" pin=5"/></net>

<net id="917"><net_src comp="369" pin="2"/><net_sink comp="914" pin=0"/></net>

<net id="921"><net_src comp="387" pin="1"/><net_sink comp="918" pin=0"/></net>

<net id="922"><net_src comp="918" pin="1"/><net_sink comp="667" pin=0"/></net>

<net id="923"><net_src comp="918" pin="1"/><net_sink comp="678" pin=0"/></net>

<net id="927"><net_src comp="391" pin="2"/><net_sink comp="924" pin=0"/></net>

<net id="931"><net_src comp="397" pin="2"/><net_sink comp="928" pin=0"/></net>

<net id="932"><net_src comp="928" pin="1"/><net_sink comp="517" pin=0"/></net>

<net id="933"><net_src comp="928" pin="1"/><net_sink comp="524" pin=0"/></net>

<net id="934"><net_src comp="928" pin="1"/><net_sink comp="531" pin=0"/></net>

<net id="935"><net_src comp="928" pin="1"/><net_sink comp="538" pin=0"/></net>

<net id="936"><net_src comp="928" pin="1"/><net_sink comp="545" pin=0"/></net>

<net id="937"><net_src comp="928" pin="1"/><net_sink comp="552" pin=0"/></net>

<net id="941"><net_src comp="403" pin="3"/><net_sink comp="938" pin=0"/></net>

<net id="945"><net_src comp="473" pin="1"/><net_sink comp="942" pin=0"/></net>

<net id="946"><net_src comp="942" pin="1"/><net_sink comp="775" pin=2"/></net>

<net id="947"><net_src comp="942" pin="1"/><net_sink comp="797" pin=0"/></net>

<net id="951"><net_src comp="476" pin="1"/><net_sink comp="948" pin=0"/></net>

<net id="952"><net_src comp="948" pin="1"/><net_sink comp="775" pin=3"/></net>

<net id="956"><net_src comp="479" pin="1"/><net_sink comp="953" pin=0"/></net>

<net id="957"><net_src comp="953" pin="1"/><net_sink comp="775" pin=4"/></net>

<net id="961"><net_src comp="678" pin="3"/><net_sink comp="958" pin=0"/></net>

<net id="962"><net_src comp="958" pin="1"/><net_sink comp="785" pin=1"/></net>

</net_list>

</model> 
---------------- Datapath Model END ------------------

* FSMD analyzer results:
  - Output states:
	Port: stream_scaled_csc | {}
	Port: stream_out_422 | {3 4 }
	Port: pixbuf_y_val_V_9_out | {3 }
	Port: pixbuf_y_val_V_8_out | {3 }
	Port: pixbuf_y_val_V_7_out | {3 }
	Port: pixbuf_y_val_V_6_out | {4 }
	Port: pixbuf_y_val_V_5_out | {3 }
	Port: p_0_0_0_0_0_21086_out | {3 }
	Port: p_0_0_0_0_0524_21083_out | {3 }
	Port: p_out | {3 }
	Port: p_out1 | {3 }
	Port: p_out2 | {3 }
	Port: p_out3 | {3 }
	Port: p_0_2_0_0_01036_out | {2 }
	Port: p_0_1_0_0_01034_out | {2 }
	Port: p_0_0_0_0_05321032_out | {2 }
	Port: filt_res1_1_out | {3 }
 - Input state : 
	Port: v_hcresampler_core.1_Pipeline_VITIS_LOOP_1636_2 : pixbuf_y_val_V_4 | {1 }
	Port: v_hcresampler_core.1_Pipeline_VITIS_LOOP_1636_2 : pixbuf_y_val_V_3 | {1 }
	Port: v_hcresampler_core.1_Pipeline_VITIS_LOOP_1636_2 : pixbuf_y_val_V_2 | {1 }
	Port: v_hcresampler_core.1_Pipeline_VITIS_LOOP_1636_2 : pixbuf_y_val_V | {1 }
	Port: v_hcresampler_core.1_Pipeline_VITIS_LOOP_1636_2 : p_0_0_0_0_0_21084_lcssa1110 | {1 }
	Port: v_hcresampler_core.1_Pipeline_VITIS_LOOP_1636_2 : p_0_0_0_0_0524_21081_lcssa1107 | {1 }
	Port: v_hcresampler_core.1_Pipeline_VITIS_LOOP_1636_2 : p_0_1_0_0_01043_lcssa1068 | {1 }
	Port: v_hcresampler_core.1_Pipeline_VITIS_LOOP_1636_2 : p_0_1_0_0_01039_lcssa1065 | {1 }
	Port: v_hcresampler_core.1_Pipeline_VITIS_LOOP_1636_2 : p_0_0_0_0_05321037_lcssa1062 | {1 }
	Port: v_hcresampler_core.1_Pipeline_VITIS_LOOP_1636_2 : loopWidth | {1 }
	Port: v_hcresampler_core.1_Pipeline_VITIS_LOOP_1636_2 : select_ln1634 | {1 }
	Port: v_hcresampler_core.1_Pipeline_VITIS_LOOP_1636_2 : select_ln1632 | {1 }
	Port: v_hcresampler_core.1_Pipeline_VITIS_LOOP_1636_2 : WidthOut_load | {1 }
	Port: v_hcresampler_core.1_Pipeline_VITIS_LOOP_1636_2 : stream_scaled_csc | {2 }
	Port: v_hcresampler_core.1_Pipeline_VITIS_LOOP_1636_2 : stream_out_422 | {}
	Port: v_hcresampler_core.1_Pipeline_VITIS_LOOP_1636_2 : p_read | {1 }
	Port: v_hcresampler_core.1_Pipeline_VITIS_LOOP_1636_2 : pixbuf_y_val_V_6_out | {4 }
	Port: v_hcresampler_core.1_Pipeline_VITIS_LOOP_1636_2 : p_out | {3 }
	Port: v_hcresampler_core.1_Pipeline_VITIS_LOOP_1636_2 : p_out1 | {3 }
	Port: v_hcresampler_core.1_Pipeline_VITIS_LOOP_1636_2 : p_out2 | {3 }
	Port: v_hcresampler_core.1_Pipeline_VITIS_LOOP_1636_2 : p_out3 | {3 }
	Port: v_hcresampler_core.1_Pipeline_VITIS_LOOP_1636_2 : p_0_2_0_0_01036_out | {3 }
	Port: v_hcresampler_core.1_Pipeline_VITIS_LOOP_1636_2 : p_0_1_0_0_01034_out | {3 }
	Port: v_hcresampler_core.1_Pipeline_VITIS_LOOP_1636_2 : p_0_0_0_0_05321032_out | {3 }
	Port: v_hcresampler_core.1_Pipeline_VITIS_LOOP_1636_2 : filt_res1_1_out | {3 }
  - Chain level:
	State 1
		store_ln0 : 1
		x_2 : 1
		zext_ln1636 : 2
		icmp_ln1636 : 2
		add_ln1636 : 2
		br_ln1636 : 3
		out_x : 3
		odd_col : 4
		icmp_ln1643 : 3
		br_ln1643 : 4
		cmp148 : 2
		tmp : 4
		br_ln1783 : 5
		store_ln1636 : 3
	State 2
		store_ln1651 : 1
		store_ln1651 : 1
		store_ln1651 : 1
		store_ln1651 : 1
		store_ln1651 : 1
		store_ln1651 : 1
	State 3
		rhs_V_2 : 1
		rhs_5 : 1
		lhs_V : 1
		rhs_V : 1
		lhs : 1
		rhs : 1
		ret_V : 2
		zext_ln1495 : 2
		zext_ln1495_3 : 3
		zext_ln1495_4 : 2
		ret_V_2 : 3
		zext_ln1495_5 : 4
		add_ln1495_3 : 5
		add_ln1495_2 : 6
		trunc_ln3 : 7
		ret_V_3 : 2
		zext_ln1495_6 : 2
		zext_ln1495_7 : 3
		zext_ln1495_8 : 2
		ret_V_4 : 3
		zext_ln1495_9 : 4
		add_ln1495_6 : 5
		add_ln1495_5 : 6
		filt_res1_4 : 7
		zext_ln541 : 8
		filt_res1 : 9
		trunc_ln1636 : 1
		select_ln1757 : 8
		p_0 : 1
		write_ln1786 : 2
		store_ln1636 : 1
		store_ln1636 : 1
		store_ln1636 : 1
		store_ln1636 : 1
		store_ln1636 : 1
		store_ln1636 : 1
		store_ln1636 : 2
		store_ln1636 : 2
		store_ln1636 : 2
		store_ln1636 : 2
		store_ln1636 : 10
		store_ln0 : 1
		store_ln0 : 1
		store_ln0 : 1
		write_ln0 : 1
		write_ln0 : 1
		write_ln0 : 1
	State 4
		tmp_s : 1
		tmp_2 : 2
		zext_ln1788 : 3
		write_ln1788 : 4


============================================================
+ Verbose Summary: Datapath Resource usage 
============================================================

* Functional unit list:
|----------|-------------------------------------------------|---------|---------|
| Operation|                 Functional Unit                 |    FF   |   LUT   |
|----------|-------------------------------------------------|---------|---------|
|          |                add_ln1636_fu_375                |    0    |    22   |
|          |                  ret_V_2_fu_579                 |    0    |    15   |
|          |               add_ln1495_3_fu_589               |    0    |    18   |
|    add   |               add_ln1495_2_fu_595               |    0    |    18   |
|          |                  ret_V_4_fu_631                 |    0    |    15   |
|          |               add_ln1495_6_fu_641               |    0    |    18   |
|          |               add_ln1495_5_fu_647               |    0    |    18   |
|----------|-------------------------------------------------|---------|---------|
|          |          select_ln1634_cast_cast_fu_304         |    0    |    3    |
|          |                  rhs_V_2_fu_517                 |    0    |    8    |
|          |                   rhs_5_fu_524                  |    0    |    8    |
|          |                   lhs_V_fu_531                  |    0    |    8    |
|  select  |                   rhs_V_fu_538                  |    0    |    8    |
|          |                    lhs_fu_545                   |    0    |    8    |
|          |                    rhs_fu_552                   |    0    |    8    |
|          |                 filt_res1_fu_667                |    0    |    64   |
|          |               select_ln1757_fu_678              |    0    |    8    |
|----------|-------------------------------------------------|---------|---------|
|          |                icmp_ln1636_fu_369               |    0    |    12   |
|   icmp   |                icmp_ln1643_fu_391               |    0    |    13   |
|          |                  cmp148_fu_397                  |    0    |    12   |
|----------|-------------------------------------------------|---------|---------|
|    sub   |                   out_x_fu_381                  |    0    |    22   |
|----------|-------------------------------------------------|---------|---------|
|    mux   |                   tmp_s_fu_775                  |    0    |    20   |
|----------|-------------------------------------------------|---------|---------|
|          |               p_read_3_read_fu_182              |    0    |    0    |
|          |          WidthOut_load_read_read_fu_188         |    0    |    0    |
|          |          select_ln1632_read_read_fu_194         |    0    |    0    |
|          |          select_ln1634_read_read_fu_200         |    0    |    0    |
|          |            loopWidth_read_read_fu_206           |    0    |    0    |
|          |  p_0_0_0_0_05321037_lcssa1062_read_read_fu_212  |    0    |    0    |
|          |    p_0_1_0_0_01039_lcssa1065_read_read_fu_218   |    0    |    0    |
|   read   |    p_0_1_0_0_01043_lcssa1068_read_read_fu_224   |    0    |    0    |
|          | p_0_0_0_0_0524_21081_lcssa1107_read_read_fu_230 |    0    |    0    |
|          |   p_0_0_0_0_0_21084_lcssa1110_read_read_fu_236  |    0    |    0    |
|          |         pixbuf_y_val_V_read_read_fu_242         |    0    |    0    |
|          |        pixbuf_y_val_V_2_read_read_fu_248        |    0    |    0    |
|          |        pixbuf_y_val_V_3_read_read_fu_254        |    0    |    0    |
|          |        pixbuf_y_val_V_4_read_read_fu_260        |    0    |    0    |
|          |        stream_scaled_csc_read_read_fu_266       |    0    |    0    |
|----------|-------------------------------------------------|---------|---------|
|          |                 grp_write_fu_272                |    0    |    0    |
|   write  |              write_ln0_write_fu_279             |    0    |    0    |
|          |              write_ln0_write_fu_286             |    0    |    0    |
|          |              write_ln0_write_fu_293             |    0    |    0    |
|----------|-------------------------------------------------|---------|---------|
|          |            select_ln1632_cast_fu_300            |    0    |    0    |
|          |                zext_ln1636_fu_365               |    0    |    0    |
|          |                zext_ln1495_fu_567               |    0    |    0    |
|          |               zext_ln1495_3_fu_571              |    0    |    0    |
|          |               zext_ln1495_4_fu_575              |    0    |    0    |
|   zext   |               zext_ln1495_5_fu_585              |    0    |    0    |
|          |               zext_ln1495_6_fu_619              |    0    |    0    |
|          |               zext_ln1495_7_fu_623              |    0    |    0    |
|          |               zext_ln1495_8_fu_627              |    0    |    0    |
|          |               zext_ln1495_9_fu_637              |    0    |    0    |
|          |                zext_ln541_fu_663                |    0    |    0    |
|          |                zext_ln1788_fu_792               |    0    |    0    |
|----------|-------------------------------------------------|---------|---------|
|          |                  odd_col_fu_387                 |    0    |    0    |
|   trunc  |               trunc_ln1645_fu_416               |    0    |    0    |
|          |               trunc_ln1636_fu_674               |    0    |    0    |
|----------|-------------------------------------------------|---------|---------|
| bitselect|                    tmp_fu_403                   |    0    |    0    |
|----------|-------------------------------------------------|---------|---------|
|          |              trunc_ln1645_1_fu_420              |    0    |    0    |
|partselect|              trunc_ln1645_2_fu_430              |    0    |    0    |
|          |                 trunc_ln3_fu_601                |    0    |    0    |
|          |                filt_res1_4_fu_653               |    0    |    0    |
|----------|-------------------------------------------------|---------|---------|
|          |                   ret_V_fu_559                  |    0    |    0    |
|bitconcatenate|                  ret_V_3_fu_611                 |    0    |    0    |
|          |                    p_0_fu_697                   |    0    |    0    |
|          |                   tmp_2_fu_785                  |    0    |    0    |
|----------|-------------------------------------------------|---------|---------|
|   Total  |                                                 |    0    |   326   |
|----------|-------------------------------------------------|---------|---------|

Memories:
N/A

* Register list:
+-------------------------------+--------+
|                               |   FF   |
+-------------------------------+--------+
|         cmp148_reg_928        |    1   |
|      icmp_ln1636_reg_914      |    1   |
|      icmp_ln1643_reg_924      |    1   |
|        odd_col_reg_918        |    1   |
|  p_0_0_0_0_0524_21083_reg_832 |    8   |
|   p_0_0_0_0_0_21086_reg_840   |    8   |
|    p_0_1_0_0_01042_reg_870    |    8   |
|    p_0_1_0_0_01046_reg_877    |    8   |
|        p_read_3_reg_905       |    1   |
|   pixbuf_y_val_V_10_reg_863   |    8   |
|   pixbuf_y_val_V_11_reg_942   |    8   |
|   pixbuf_y_val_V_12_reg_948   |    8   |
|   pixbuf_y_val_V_13_reg_953   |    8   |
|    pixbuf_y_val_V_5_reg_855   |    8   |
|    pixbuf_y_val_V_7_reg_884   |    8   |
|    pixbuf_y_val_V_8_reg_891   |    8   |
|    pixbuf_y_val_V_9_reg_898   |    8   |
|select_ln1634_cast_cast_reg_909|    3   |
|     select_ln1757_reg_958     |    8   |
|          tmp_reg_938          |    1   |
|           x_reg_848           |   15   |
+-------------------------------+--------+
|             Total             |   128  |
+-------------------------------+--------+

* Multiplexer (MUX) list: 
|------------------|------|------|------|--------||---------||---------|
|       Comp       |  Pin | Size |  BW  | S x BW ||  Delay  ||   LUT   |
|------------------|------|------|------|--------||---------||---------|
| grp_write_fu_272 |  p2  |   2  |  24  |   48   ||    9    |
|------------------|------|------|------|--------||---------||---------|
|       Total      |      |      |      |   48   ||  0.427  ||    9    |
|------------------|------|------|------|--------||---------||---------|



* Summary:
+-----------+--------+--------+--------+
|           |  Delay |   FF   |   LUT  |
+-----------+--------+--------+--------+
|  Function |    -   |    0   |   326  |
|   Memory  |    -   |    -   |    -   |
|Multiplexer|    0   |    -   |    9   |
|  Register |    -   |   128  |    -   |
+-----------+--------+--------+--------+
|   Total   |    0   |   128  |   335  |
+-----------+--------+--------+--------+
