

================================================================
== Vitis HLS Report for 'v_vcresampler_core_Pipeline_VITIS_LOOP_1012_2'
================================================================
* Date:           Fri Mar  6 02:15:19 2026

* Version:        2022.2 (Build 3670227 on Oct 13 2022)
* Project:        prj
* Solution:       sol (Vivado IP Flow Target)
* Product family: zynquplus
* Target device:  xck26-sfvc784-2LV-c


================================================================
== Performance Estimates
================================================================
+ Timing: 
    * Summary: 
    +--------+---------+----------+------------+
    |  Clock |  Target | Estimated| Uncertainty|
    +--------+---------+----------+------------+
    |ap_clk  |  5.00 ns|  3.455 ns|     1.35 ns|
    +--------+---------+----------+------------+

+ Latency: 
    * Summary: 
    +---------+---------+-----------+----------+-----+-------+---------+
    |  Latency (cycles) |  Latency (absolute)  |   Interval  | Pipeline|
    |   min   |   max   |    min    |    max   | min |  max  |   Type  |
    +---------+---------+-----------+----------+-----+-------+---------+
    |        3|    32771|  15.000 ns|  0.164 ms|    3|  32771|       no|
    +---------+---------+-----------+----------+-----+-------+---------+

    + Detail: 
        * Instance: 
        N/A

        * Loop: 
        +---------------------+---------+---------+----------+-----------+-----------+-----------+----------+
        |                     |  Latency (cycles) | Iteration|  Initiation Interval  |    Trip   |          |
        |      Loop Name      |   min   |   max   |  Latency |  achieved |   target  |   Count   | Pipelined|
        +---------------------+---------+---------+----------+-----------+-----------+-----------+----------+
        |- VITIS_LOOP_1012_2  |        1|    32769|         4|          1|          1|  0 ~ 32767|       yes|
        +---------------------+---------+---------+----------+-----------+-----------+-----------+----------+



================================================================
== Utilization Estimates
================================================================
* Summary: 
+-----------------+---------+------+--------+--------+-----+
|       Name      | BRAM_18K|  DSP |   FF   |   LUT  | URAM|
+-----------------+---------+------+--------+--------+-----+
|DSP              |        -|     -|       -|       -|    -|
|Expression       |        -|     -|       0|     205|    -|
|FIFO             |        -|     -|       -|       -|    -|
|Instance         |        -|     -|       -|       -|    -|
|Memory           |        -|     -|       -|       -|    -|
|Multiplexer      |        -|     -|       -|     155|    -|
|Register         |        -|     -|     195|      32|    -|
+-----------------+---------+------+--------+--------+-----+
|Total            |        0|     0|     195|     392|    0|
+-----------------+---------+------+--------+--------+-----+
|Available        |      288|  1248|  234240|  117120|   64|
+-----------------+---------+------+--------+--------+-----+
|Utilization (%)  |        0|     0|      ~0|      ~0|    0|
+-----------------+---------+------+--------+--------+-----+

+ Detail: 
    * Instance: 
    N/A

    * DSP: 
    N/A

    * Memory: 
    N/A

    * FIFO: 
    N/A

    * Expression: 
    +-----------------------------------+----------+----+---+----+------------+------------+
    |           Variable Name           | Operation| DSP| FF| LUT| Bitwidth P0| Bitwidth P1|
    +-----------------------------------+----------+----+---+----+------------+------------+
    |add_ln1012_fu_309_p2               |         +|   0|  0|  18|          11|           1|
    |add_ln1495_1_fu_476_p2             |         +|   0|  0|  18|          10|          10|
    |add_ln1495_2_fu_470_p2             |         +|   0|  0|  18|          10|          10|
    |add_ln1495_3_fu_492_p2             |         +|   0|  0|  18|           9|           1|
    |ret_V_21_fu_420_p2                 |         +|   0|  0|  16|           9|           2|
    |ret_V_fu_498_p2                    |         +|   0|  0|  18|           9|           9|
    |ap_block_pp0                       |       and|   0|  0|   2|           1|           1|
    |ap_block_state2_pp0_stage0_iter1   |       and|   0|  0|   2|           1|           1|
    |ap_block_state3_pp0_stage0_iter2   |       and|   0|  0|   2|           1|           1|
    |ap_block_state4_pp0_stage0_iter3   |       and|   0|  0|   2|           1|           1|
    |ap_enable_state2_pp0_iter1_stage0  |       and|   0|  0|   2|           1|           1|
    |ap_enable_state3_pp0_iter2_stage0  |       and|   0|  0|   2|           1|           1|
    |ap_enable_state4_pp0_iter3_stage0  |       and|   0|  0|   2|           1|           1|
    |ap_predicate_op103_write_state4    |       and|   0|  0|   2|           1|           1|
    |ap_predicate_op36_read_state2      |       and|   0|  0|   2|           1|           1|
    |ap_predicate_op59_load_state3      |       and|   0|  0|   2|           1|           1|
    |ap_predicate_op67_store_state3     |       and|   0|  0|   2|           1|           1|
    |ap_predicate_op71_store_state3     |       and|   0|  0|   2|           1|           1|
    |ap_predicate_op82_write_state3     |       and|   0|  0|   2|           1|           1|
    |ap_predicate_op84_load_state4      |       and|   0|  0|   2|           1|           1|
    |icmp_ln1012_fu_303_p2              |      icmp|   0|  0|  11|          11|          11|
    |ap_block_pp0_stage0_01001          |        or|   0|  0|   2|           1|           1|
    |linebuf_c_val_V_1_d0               |    select|   0|  0|   8|           1|           8|
    |linebuf_y_val_V_1_d0               |    select|   0|  0|   8|           1|           8|
    |p_0_0_0_0_0406889894_fu_526_p3     |    select|   0|  0|   8|           1|           1|
    |ret_4_fu_533_p3                    |    select|   0|  0|   8|           1|           8|
    |rhs_fu_401_p3                      |    select|   0|  0|   8|           1|           8|
    |sel_tmp2_fu_513_p3                 |    select|   0|  0|   8|           1|           8|
    |sel_tmp5_fu_519_p3                 |    select|   0|  0|   8|           1|           8|
    |ap_enable_pp0                      |       xor|   0|  0|   2|           1|           2|
    +-----------------------------------+----------+----+---+----+------------+------------+
    |Total                              |          |   0|  0| 205|          92|         110|
    +-----------------------------------+----------+----+---+----+------------+------------+

    * Multiplexer: 
    +--------------------------------------------+----+-----------+-----+-----------+
    |                    Name                    | LUT| Input Size| Bits| Total Bits|
    +--------------------------------------------+----+-----------+-----+-----------+
    |SrcYUV422_blk_n                             |   9|          2|    1|          2|
    |SrcYUV422_din                               |  14|          3|   24|         72|
    |SrcYUV_blk_n                                |   9|          2|    1|          2|
    |ap_done_int                                 |   9|          2|    1|          2|
    |ap_enable_reg_pp0_iter2                     |   9|          2|    1|          2|
    |ap_phi_mux_p_0_0_0_0_0404883_phi_fu_268_p4  |  14|          3|    8|         24|
    |ap_phi_mux_rhs_2_phi_fu_278_p4              |  14|          3|    8|         24|
    |ap_phi_reg_pp0_iter3_lhs_reg_286            |  14|          3|    8|         24|
    |ap_sig_allocacmp_out_x                      |   9|          2|   11|         22|
    |p_0_0_0_0_0423870_out_o                     |   9|          2|    8|         16|
    |p_0_0_0_0_0423876_out_o                     |   9|          2|    8|         16|
    |p_0_1_0_0_0872_out_o                        |   9|          2|    8|         16|
    |p_0_1_0_0_0878_out_o                        |   9|          2|    8|         16|
    |p_0_2_0_0_0874_out_o                        |   9|          2|    8|         16|
    |x_fu_112                                    |   9|          2|   11|         22|
    +--------------------------------------------+----+-----------+-----+-----------+
    |Total                                       | 155|         34|  114|        276|
    +--------------------------------------------+----+-----------+-----+-----------+

    * Register: 
    +----------------------------------+----+----+-----+-----------+
    |               Name               | FF | LUT| Bits| Const Bits|
    +----------------------------------+----+----+-----+-----------+
    |LineBufVal_V_14_reg_639           |   8|   0|    8|          0|
    |ap_CS_fsm                         |   1|   0|    1|          0|
    |ap_done_reg                       |   1|   0|    1|          0|
    |ap_enable_reg_pp0_iter1           |   1|   0|    1|          0|
    |ap_enable_reg_pp0_iter2           |   1|   0|    1|          0|
    |ap_enable_reg_pp0_iter3           |   1|   0|    1|          0|
    |ap_loop_exit_ready_pp0_iter1_reg  |   1|   0|    1|          0|
    |ap_loop_exit_ready_pp0_iter2_reg  |   1|   0|    1|          0|
    |ap_phi_reg_pp0_iter1_lhs_reg_286  |   8|   0|    8|          0|
    |ap_phi_reg_pp0_iter2_lhs_reg_286  |   8|   0|    8|          0|
    |ap_phi_reg_pp0_iter3_lhs_reg_286  |   8|   0|    8|          0|
    |icmp_ln1012_reg_607               |   1|   0|    1|          0|
    |linebuf_c_val_V_1_addr_reg_628    |  11|   0|   11|          0|
    |linebuf_c_val_V_addr_reg_622      |  11|   0|   11|          0|
    |linebuf_y_val_V_1_addr_reg_617    |  11|   0|   11|          0|
    |linebuf_y_val_V_addr_reg_611      |  11|   0|   11|          0|
    |out_x_reg_602                     |  11|   0|   11|          0|
    |ret_V_21_reg_666                  |   9|   0|    9|          0|
    |rhs_reg_649                       |   8|   0|    8|          0|
    |x_fu_112                          |  11|   0|   11|          0|
    |zext_ln1495_2_reg_661             |   8|   0|    9|          1|
    |icmp_ln1012_reg_607               |  64|  32|    1|          0|
    +----------------------------------+----+----+-----+-----------+
    |Total                             | 195|  32|  133|          1|
    +----------------------------------+----+----+-----+-----------+



================================================================
== Interface
================================================================
* Summary: 
+--------------------------------+-----+-----+------------+-----------------------------------------------+--------------+
|            RTL Ports           | Dir | Bits|  Protocol  |                 Source Object                 |    C Type    |
+--------------------------------+-----+-----+------------+-----------------------------------------------+--------------+
|ap_clk                          |   in|    1|  ap_ctrl_hs|  v_vcresampler_core_Pipeline_VITIS_LOOP_1012_2|  return value|
|ap_rst                          |   in|    1|  ap_ctrl_hs|  v_vcresampler_core_Pipeline_VITIS_LOOP_1012_2|  return value|
|ap_start                        |   in|    1|  ap_ctrl_hs|  v_vcresampler_core_Pipeline_VITIS_LOOP_1012_2|  return value|
|ap_done                         |  out|    1|  ap_ctrl_hs|  v_vcresampler_core_Pipeline_VITIS_LOOP_1012_2|  return value|
|ap_idle                         |  out|    1|  ap_ctrl_hs|  v_vcresampler_core_Pipeline_VITIS_LOOP_1012_2|  return value|
|ap_ready                        |  out|    1|  ap_ctrl_hs|  v_vcresampler_core_Pipeline_VITIS_LOOP_1012_2|  return value|
|SrcYUV_dout                     |   in|   24|     ap_fifo|                                         SrcYUV|       pointer|
|SrcYUV_num_data_valid           |   in|    5|     ap_fifo|                                         SrcYUV|       pointer|
|SrcYUV_fifo_cap                 |   in|    5|     ap_fifo|                                         SrcYUV|       pointer|
|SrcYUV_empty_n                  |   in|    1|     ap_fifo|                                         SrcYUV|       pointer|
|SrcYUV_read                     |  out|    1|     ap_fifo|                                         SrcYUV|       pointer|
|SrcYUV422_din                   |  out|   24|     ap_fifo|                                      SrcYUV422|       pointer|
|SrcYUV422_num_data_valid        |   in|    5|     ap_fifo|                                      SrcYUV422|       pointer|
|SrcYUV422_fifo_cap              |   in|    5|     ap_fifo|                                      SrcYUV422|       pointer|
|SrcYUV422_full_n                |   in|    1|     ap_fifo|                                      SrcYUV422|       pointer|
|SrcYUV422_write                 |  out|    1|     ap_fifo|                                      SrcYUV422|       pointer|
|loopWidth                       |   in|   11|     ap_none|                                      loopWidth|        scalar|
|sel_tmp1                        |   in|    1|     ap_none|                                       sel_tmp1|        scalar|
|sel_tmp4                        |   in|    1|     ap_none|                                       sel_tmp4|        scalar|
|sel_tmp6                        |   in|    1|     ap_none|                                       sel_tmp6|        scalar|
|cmp287                          |   in|    1|     ap_none|                                         cmp287|        scalar|
|cmp391                          |   in|    1|     ap_none|                                         cmp391|        scalar|
|cmp104                          |   in|    1|     ap_none|                                         cmp104|        scalar|
|cmp36                           |   in|    1|     ap_none|                                          cmp36|        scalar|
|linebuf_y_val_V_address0        |  out|   11|   ap_memory|                                linebuf_y_val_V|         array|
|linebuf_y_val_V_ce0             |  out|    1|   ap_memory|                                linebuf_y_val_V|         array|
|linebuf_y_val_V_we0             |  out|    1|   ap_memory|                                linebuf_y_val_V|         array|
|linebuf_y_val_V_d0              |  out|    8|   ap_memory|                                linebuf_y_val_V|         array|
|linebuf_y_val_V_address1        |  out|   11|   ap_memory|                                linebuf_y_val_V|         array|
|linebuf_y_val_V_ce1             |  out|    1|   ap_memory|                                linebuf_y_val_V|         array|
|linebuf_y_val_V_q1              |   in|    8|   ap_memory|                                linebuf_y_val_V|         array|
|linebuf_y_val_V_1_address0      |  out|   11|   ap_memory|                              linebuf_y_val_V_1|         array|
|linebuf_y_val_V_1_ce0           |  out|    1|   ap_memory|                              linebuf_y_val_V_1|         array|
|linebuf_y_val_V_1_we0           |  out|    1|   ap_memory|                              linebuf_y_val_V_1|         array|
|linebuf_y_val_V_1_d0            |  out|    8|   ap_memory|                              linebuf_y_val_V_1|         array|
|linebuf_y_val_V_1_q0            |   in|    8|   ap_memory|                              linebuf_y_val_V_1|         array|
|linebuf_c_val_V_address0        |  out|   11|   ap_memory|                                linebuf_c_val_V|         array|
|linebuf_c_val_V_ce0             |  out|    1|   ap_memory|                                linebuf_c_val_V|         array|
|linebuf_c_val_V_we0             |  out|    1|   ap_memory|                                linebuf_c_val_V|         array|
|linebuf_c_val_V_d0              |  out|    8|   ap_memory|                                linebuf_c_val_V|         array|
|linebuf_c_val_V_address1        |  out|   11|   ap_memory|                                linebuf_c_val_V|         array|
|linebuf_c_val_V_ce1             |  out|    1|   ap_memory|                                linebuf_c_val_V|         array|
|linebuf_c_val_V_q1              |   in|    8|   ap_memory|                                linebuf_c_val_V|         array|
|linebuf_c_val_V_1_address0      |  out|   11|   ap_memory|                              linebuf_c_val_V_1|         array|
|linebuf_c_val_V_1_ce0           |  out|    1|   ap_memory|                              linebuf_c_val_V_1|         array|
|linebuf_c_val_V_1_we0           |  out|    1|   ap_memory|                              linebuf_c_val_V_1|         array|
|linebuf_c_val_V_1_d0            |  out|    8|   ap_memory|                              linebuf_c_val_V_1|         array|
|linebuf_c_val_V_1_address1      |  out|   11|   ap_memory|                              linebuf_c_val_V_1|         array|
|linebuf_c_val_V_1_ce1           |  out|    1|   ap_memory|                              linebuf_c_val_V_1|         array|
|linebuf_c_val_V_1_q1            |   in|    8|   ap_memory|                              linebuf_c_val_V_1|         array|
|spec_select                     |   in|    1|     ap_none|                                    spec_select|        scalar|
|linebuf_c_val_V_2_address0      |  out|   11|   ap_memory|                              linebuf_c_val_V_2|         array|
|linebuf_c_val_V_2_ce0           |  out|    1|   ap_memory|                              linebuf_c_val_V_2|         array|
|linebuf_c_val_V_2_q0            |   in|    8|   ap_memory|                              linebuf_c_val_V_2|         array|
|icmp_ln995                      |   in|    1|     ap_none|                                     icmp_ln995|        scalar|
|p_0_1_0_0_0878_out_i            |   in|    8|     ap_ovld|                             p_0_1_0_0_0878_out|       pointer|
|p_0_1_0_0_0878_out_o            |  out|    8|     ap_ovld|                             p_0_1_0_0_0878_out|       pointer|
|p_0_1_0_0_0878_out_o_ap_vld     |  out|    1|     ap_ovld|                             p_0_1_0_0_0878_out|       pointer|
|p_0_0_0_0_0423876_out_i         |   in|    8|     ap_ovld|                          p_0_0_0_0_0423876_out|       pointer|
|p_0_0_0_0_0423876_out_o         |  out|    8|     ap_ovld|                          p_0_0_0_0_0423876_out|       pointer|
|p_0_0_0_0_0423876_out_o_ap_vld  |  out|    1|     ap_ovld|                          p_0_0_0_0_0423876_out|       pointer|
|p_0_2_0_0_0874_out_i            |   in|    8|     ap_ovld|                             p_0_2_0_0_0874_out|       pointer|
|p_0_2_0_0_0874_out_o            |  out|    8|     ap_ovld|                             p_0_2_0_0_0874_out|       pointer|
|p_0_2_0_0_0874_out_o_ap_vld     |  out|    1|     ap_ovld|                             p_0_2_0_0_0874_out|       pointer|
|p_0_1_0_0_0872_out_i            |   in|    8|     ap_ovld|                             p_0_1_0_0_0872_out|       pointer|
|p_0_1_0_0_0872_out_o            |  out|    8|     ap_ovld|                             p_0_1_0_0_0872_out|       pointer|
|p_0_1_0_0_0872_out_o_ap_vld     |  out|    1|     ap_ovld|                             p_0_1_0_0_0872_out|       pointer|
|p_0_0_0_0_0423870_out_i         |   in|    8|     ap_ovld|                          p_0_0_0_0_0423870_out|       pointer|
|p_0_0_0_0_0423870_out_o         |  out|    8|     ap_ovld|                          p_0_0_0_0_0423870_out|       pointer|
|p_0_0_0_0_0423870_out_o_ap_vld  |  out|    1|     ap_ovld|                          p_0_0_0_0_0423870_out|       pointer|
+--------------------------------+-----+-----+------------+-----------------------------------------------+--------------+

============================================================
+ Verbose Summary: Synthesis Manager
============================================================
InlineROM: 1
ExposeGlobal: 0
============================================================
+ Verbose Summary: CDFG Model
============================================================
IsTopModel: 0
ResetActiveHigh: 1
IsCombinational: 2
IsDatapathOnly: 2
HasWiredReturn: 1
HasMFsm: 2
HasVarLatency: 1
IsPipeline: 0
IsRtlPipelined: 0
IsInstanceOverlapped: 0
IsDontTouch: 0
HasImplIP: 0
IsGatedGlobalClock: 0

+ Individual pipeline summary: 
  * Pipeline-0: initiation interval (II) = 1, depth = 4


============================================================
+ Verbose Summary: Schedule
============================================================
* Number of FSM states : 4
* Pipeline : 1
  Pipeline-0 : II = 1, D = 4, States = { 1 2 3 4 }
* Dataflow Pipeline: 0

* FSM state transitions: 
1 --> 2 
2 --> 3 
3 --> 4 
4 --> 

* FSM state operations: 

State 1 <SV = 0> <Delay = 1.37>
ST_1 : Operation 7 [1/1] (0.00ns)   --->   "%x = alloca i32 1"   --->   Operation 7 'alloca' 'x' <Predicate = true> <Delay = 0.00>
ST_1 : Operation 8 [1/1] (0.00ns)   --->   "%specinterface_ln0 = specinterface void @_ssdm_op_SpecInterface, i24 %SrcYUV, void @empty_7, i32 0, i32 0, void @empty_0, i32 0, i32 0, void @empty_0, void @empty_0, void @empty_0, i32 0, i32 0, i32 0, i32 0, void @empty_0, void @empty_0, i32 4294967295, i32 0"   --->   Operation 8 'specinterface' 'specinterface_ln0' <Predicate = true> <Delay = 0.00>
ST_1 : Operation 9 [1/1] (0.00ns)   --->   "%specinterface_ln0 = specinterface void @_ssdm_op_SpecInterface, i24 %SrcYUV422, void @empty_7, i32 0, i32 0, void @empty_0, i32 0, i32 0, void @empty_0, void @empty_0, void @empty_0, i32 0, i32 0, i32 0, i32 0, void @empty_0, void @empty_0, i32 4294967295, i32 0"   --->   Operation 9 'specinterface' 'specinterface_ln0' <Predicate = true> <Delay = 0.00>
ST_1 : Operation 10 [1/1] (0.00ns)   --->   "%icmp_ln995_read = read i1 @_ssdm_op_Read.ap_auto.i1, i1 %icmp_ln995"   --->   Operation 10 'read' 'icmp_ln995_read' <Predicate = true> <Delay = 0.00>
ST_1 : Operation 11 [1/1] (0.00ns)   --->   "%spec_select_read = read i1 @_ssdm_op_Read.ap_auto.i1, i1 %spec_select"   --->   Operation 11 'read' 'spec_select_read' <Predicate = true> <Delay = 0.00>
ST_1 : Operation 12 [1/1] (0.00ns)   --->   "%cmp36_read = read i1 @_ssdm_op_Read.ap_auto.i1, i1 %cmp36"   --->   Operation 12 'read' 'cmp36_read' <Predicate = true> <Delay = 0.00>
ST_1 : Operation 13 [1/1] (0.00ns)   --->   "%cmp104_read = read i1 @_ssdm_op_Read.ap_auto.i1, i1 %cmp104"   --->   Operation 13 'read' 'cmp104_read' <Predicate = true> <Delay = 0.00>
ST_1 : Operation 14 [1/1] (0.00ns)   --->   "%cmp391_read = read i1 @_ssdm_op_Read.ap_auto.i1, i1 %cmp391"   --->   Operation 14 'read' 'cmp391_read' <Predicate = true> <Delay = 0.00>
ST_1 : Operation 15 [1/1] (0.00ns)   --->   "%cmp287_read = read i1 @_ssdm_op_Read.ap_auto.i1, i1 %cmp287"   --->   Operation 15 'read' 'cmp287_read' <Predicate = true> <Delay = 0.00>
ST_1 : Operation 16 [1/1] (0.00ns)   --->   "%sel_tmp6_read = read i1 @_ssdm_op_Read.ap_auto.i1, i1 %sel_tmp6"   --->   Operation 16 'read' 'sel_tmp6_read' <Predicate = true> <Delay = 0.00>
ST_1 : Operation 17 [1/1] (0.00ns)   --->   "%sel_tmp4_read = read i1 @_ssdm_op_Read.ap_auto.i1, i1 %sel_tmp4"   --->   Operation 17 'read' 'sel_tmp4_read' <Predicate = true> <Delay = 0.00>
ST_1 : Operation 18 [1/1] (0.00ns)   --->   "%sel_tmp1_read = read i1 @_ssdm_op_Read.ap_auto.i1, i1 %sel_tmp1"   --->   Operation 18 'read' 'sel_tmp1_read' <Predicate = true> <Delay = 0.00>
ST_1 : Operation 19 [1/1] (0.00ns)   --->   "%loopWidth_read = read i11 @_ssdm_op_Read.ap_auto.i11, i11 %loopWidth"   --->   Operation 19 'read' 'loopWidth_read' <Predicate = true> <Delay = 0.00>
ST_1 : Operation 20 [1/1] (0.42ns)   --->   "%store_ln0 = store i11 0, i11 %x"   --->   Operation 20 'store' 'store_ln0' <Predicate = true> <Delay = 0.42>
ST_1 : Operation 21 [1/1] (0.00ns)   --->   "%br_ln0 = br void %for.body30"   --->   Operation 21 'br' 'br_ln0' <Predicate = true> <Delay = 0.00>
ST_1 : Operation 22 [1/1] (0.00ns)   --->   "%out_x = load i11 %x" [/home/user/Documents/kria-vitis-platforms/kv260/platforms/vivado/kv260_ispMipiRx_vcu_DP/project/kv260_ispMipiRx_vcu_DP.runs/bd_eab1_vsc_0_synth_1/prj/sol/.autopilot/db/v_vscaler.cpp:1012]   --->   Operation 22 'load' 'out_x' <Predicate = true> <Delay = 0.00>
ST_1 : Operation 23 [1/1] (0.94ns)   --->   "%icmp_ln1012 = icmp_eq  i11 %out_x, i11 %loopWidth_read" [/home/user/Documents/kria-vitis-platforms/kv260/platforms/vivado/kv260_ispMipiRx_vcu_DP/project/kv260_ispMipiRx_vcu_DP.runs/bd_eab1_vsc_0_synth_1/prj/sol/.autopilot/db/v_vscaler.cpp:1012]   --->   Operation 23 'icmp' 'icmp_ln1012' <Predicate = true> <Delay = 0.94> <CoreInst = "Cmp">   --->   Core 9 'Cmp' <Latency = 0> <II = 1> <Delay = 0.94> <FuncUnit> <Opcode : 'icmp'> <InPorts = 2> <OutPorts = 1>
ST_1 : Operation 24 [1/1] (0.79ns)   --->   "%add_ln1012 = add i11 %out_x, i11 1" [/home/user/Documents/kria-vitis-platforms/kv260/platforms/vivado/kv260_ispMipiRx_vcu_DP/project/kv260_ispMipiRx_vcu_DP.runs/bd_eab1_vsc_0_synth_1/prj/sol/.autopilot/db/v_vscaler.cpp:1012]   --->   Operation 24 'add' 'add_ln1012' <Predicate = true> <Delay = 0.79> <CoreInst = "Adder">   --->   Core 1 'Adder' <Latency = 0> <II = 1> <Delay = 0.79> <FuncUnit> <Opcode : 'add' 'sub'> <InPorts = 2> <OutPorts = 1>
ST_1 : Operation 25 [1/1] (0.00ns)   --->   "%br_ln1012 = br i1 %icmp_ln1012, void %for.body30.split, void %for.inc405.loopexit.exitStub" [/home/user/Documents/kria-vitis-platforms/kv260/platforms/vivado/kv260_ispMipiRx_vcu_DP/project/kv260_ispMipiRx_vcu_DP.runs/bd_eab1_vsc_0_synth_1/prj/sol/.autopilot/db/v_vscaler.cpp:1012]   --->   Operation 25 'br' 'br_ln1012' <Predicate = true> <Delay = 0.00>
ST_1 : Operation 26 [1/1] (0.00ns)   --->   "%specpipeline_ln1015 = specpipeline void @_ssdm_op_SpecPipeline, i32 1, i32 0, i32 0, i32 0, void @empty_0" [/home/user/Documents/kria-vitis-platforms/kv260/platforms/vivado/kv260_ispMipiRx_vcu_DP/project/kv260_ispMipiRx_vcu_DP.runs/bd_eab1_vsc_0_synth_1/prj/sol/.autopilot/db/v_vscaler.cpp:1015]   --->   Operation 26 'specpipeline' 'specpipeline_ln1015' <Predicate = (!icmp_ln1012)> <Delay = 0.00>
ST_1 : Operation 27 [1/1] (0.00ns)   --->   "%specloopname_ln970 = specloopname void @_ssdm_op_SpecLoopName, void @empty_1" [/home/user/Documents/kria-vitis-platforms/kv260/platforms/vivado/kv260_ispMipiRx_vcu_DP/project/kv260_ispMipiRx_vcu_DP.runs/bd_eab1_vsc_0_synth_1/prj/sol/.autopilot/db/v_vscaler.cpp:970]   --->   Operation 27 'specloopname' 'specloopname_ln970' <Predicate = (!icmp_ln1012)> <Delay = 0.00>
ST_1 : Operation 28 [1/1] (0.00ns)   --->   "%br_ln1020 = br i1 %cmp36_read, void %for.body60, void %for.inc" [/home/user/Documents/kria-vitis-platforms/kv260/platforms/vivado/kv260_ispMipiRx_vcu_DP/project/kv260_ispMipiRx_vcu_DP.runs/bd_eab1_vsc_0_synth_1/prj/sol/.autopilot/db/v_vscaler.cpp:1020]   --->   Operation 28 'br' 'br_ln1020' <Predicate = (!icmp_ln1012)> <Delay = 0.00>
ST_1 : Operation 29 [1/1] (0.00ns)   --->   "%br_ln1179 = br i1 %cmp391_read, void %for.inc402, void %if.then394" [/home/user/Documents/kria-vitis-platforms/kv260/platforms/vivado/kv260_ispMipiRx_vcu_DP/project/kv260_ispMipiRx_vcu_DP.runs/bd_eab1_vsc_0_synth_1/prj/sol/.autopilot/db/v_vscaler.cpp:1179]   --->   Operation 29 'br' 'br_ln1179' <Predicate = (!icmp_ln1012)> <Delay = 0.00>
ST_1 : Operation 30 [1/1] (0.00ns)   --->   "%br_ln1181 = br i1 %icmp_ln995_read, void %if.else399, void %if.then398" [/home/user/Documents/kria-vitis-platforms/kv260/platforms/vivado/kv260_ispMipiRx_vcu_DP/project/kv260_ispMipiRx_vcu_DP.runs/bd_eab1_vsc_0_synth_1/prj/sol/.autopilot/db/v_vscaler.cpp:1181]   --->   Operation 30 'br' 'br_ln1181' <Predicate = (!icmp_ln1012 & cmp391_read)> <Delay = 0.00>
ST_1 : Operation 31 [1/1] (0.00ns)   --->   "%br_ln1185 = br void %for.inc402" [/home/user/Documents/kria-vitis-platforms/kv260/platforms/vivado/kv260_ispMipiRx_vcu_DP/project/kv260_ispMipiRx_vcu_DP.runs/bd_eab1_vsc_0_synth_1/prj/sol/.autopilot/db/v_vscaler.cpp:1185]   --->   Operation 31 'br' 'br_ln1185' <Predicate = (!icmp_ln1012 & cmp391_read)> <Delay = 0.00>
ST_1 : Operation 32 [1/1] (0.42ns)   --->   "%store_ln1012 = store i11 %add_ln1012, i11 %x" [/home/user/Documents/kria-vitis-platforms/kv260/platforms/vivado/kv260_ispMipiRx_vcu_DP/project/kv260_ispMipiRx_vcu_DP.runs/bd_eab1_vsc_0_synth_1/prj/sol/.autopilot/db/v_vscaler.cpp:1012]   --->   Operation 32 'store' 'store_ln1012' <Predicate = (!icmp_ln1012)> <Delay = 0.42>
ST_1 : Operation 33 [1/1] (0.00ns)   --->   "%br_ln1012 = br void %for.body30" [/home/user/Documents/kria-vitis-platforms/kv260/platforms/vivado/kv260_ispMipiRx_vcu_DP/project/kv260_ispMipiRx_vcu_DP.runs/bd_eab1_vsc_0_synth_1/prj/sol/.autopilot/db/v_vscaler.cpp:1012]   --->   Operation 33 'br' 'br_ln1012' <Predicate = (!icmp_ln1012)> <Delay = 0.00>

State 2 <SV = 1> <Delay = 1.82>
ST_2 : Operation 34 [1/1] (0.00ns)   --->   "%zext_ln1012 = zext i11 %out_x" [/home/user/Documents/kria-vitis-platforms/kv260/platforms/vivado/kv260_ispMipiRx_vcu_DP/project/kv260_ispMipiRx_vcu_DP.runs/bd_eab1_vsc_0_synth_1/prj/sol/.autopilot/db/v_vscaler.cpp:1012]   --->   Operation 34 'zext' 'zext_ln1012' <Predicate = true> <Delay = 0.00>
ST_2 : Operation 35 [1/1] (0.00ns)   --->   "%speclooptripcount_ln0 = speclooptripcount void @_ssdm_op_SpecLoopTripCount, i64 0, i64 32767, i64 0"   --->   Operation 35 'speclooptripcount' 'speclooptripcount_ln0' <Predicate = true> <Delay = 0.00>
ST_2 : Operation 36 [1/1] (1.82ns)   --->   "%SrcYUV_read = read i24 @_ssdm_op_Read.ap_fifo.volatile.i24P0A, i24 %SrcYUV" [/home/user/Documents/kria-vitis-platforms/kv260/platforms/vivado/kv260_ispMipiRx_vcu_DP/project/kv260_ispMipiRx_vcu_DP.runs/bd_eab1_vsc_0_synth_1/prj/sol/.autopilot/db/v_vscaler.cpp:1022]   --->   Operation 36 'read' 'SrcYUV_read' <Predicate = (!icmp_ln1012 & cmp36_read)> <Delay = 1.82> <CoreInst = "FIFO_SRL">   --->   Core 81 'FIFO_SRL' <Latency = 0> <II = 1> <Delay = 2.04> <Storage> <Opcode : 'read' 'write' 'nbread' 'nbwrite'> <Ports = 0> <Width = 24> <Depth = 16> <FIFO>
ST_2 : Operation 37 [1/1] (0.00ns)   --->   "%trunc_ln1022 = trunc i24 %SrcYUV_read" [/home/user/Documents/kria-vitis-platforms/kv260/platforms/vivado/kv260_ispMipiRx_vcu_DP/project/kv260_ispMipiRx_vcu_DP.runs/bd_eab1_vsc_0_synth_1/prj/sol/.autopilot/db/v_vscaler.cpp:1022]   --->   Operation 37 'trunc' 'trunc_ln1022' <Predicate = (!icmp_ln1012 & cmp36_read)> <Delay = 0.00>
ST_2 : Operation 38 [1/1] (0.00ns)   --->   "%trunc_ln1022_1 = partselect i8 @_ssdm_op_PartSelect.i8.i24.i32.i32, i24 %SrcYUV_read, i32 8, i32 15" [/home/user/Documents/kria-vitis-platforms/kv260/platforms/vivado/kv260_ispMipiRx_vcu_DP/project/kv260_ispMipiRx_vcu_DP.runs/bd_eab1_vsc_0_synth_1/prj/sol/.autopilot/db/v_vscaler.cpp:1022]   --->   Operation 38 'partselect' 'trunc_ln1022_1' <Predicate = (!icmp_ln1012 & cmp36_read)> <Delay = 0.00>
ST_2 : Operation 39 [1/1] (0.00ns)   --->   "%trunc_ln1022_2 = partselect i8 @_ssdm_op_PartSelect.i8.i24.i32.i32, i24 %SrcYUV_read, i32 16, i32 23" [/home/user/Documents/kria-vitis-platforms/kv260/platforms/vivado/kv260_ispMipiRx_vcu_DP/project/kv260_ispMipiRx_vcu_DP.runs/bd_eab1_vsc_0_synth_1/prj/sol/.autopilot/db/v_vscaler.cpp:1022]   --->   Operation 39 'partselect' 'trunc_ln1022_2' <Predicate = (!icmp_ln1012 & cmp36_read)> <Delay = 0.00>
ST_2 : Operation 40 [1/1] (0.00ns)   --->   "%store_ln1029 = store i8 %trunc_ln1022_1, i8 %p_0_1_0_0_0878_out" [/home/user/Documents/kria-vitis-platforms/kv260/platforms/vivado/kv260_ispMipiRx_vcu_DP/project/kv260_ispMipiRx_vcu_DP.runs/bd_eab1_vsc_0_synth_1/prj/sol/.autopilot/db/v_vscaler.cpp:1029]   --->   Operation 40 'store' 'store_ln1029' <Predicate = (!icmp_ln1012 & cmp36_read)> <Delay = 0.00>
ST_2 : Operation 41 [1/1] (0.00ns)   --->   "%store_ln1029 = store i8 %trunc_ln1022, i8 %p_0_0_0_0_0423876_out" [/home/user/Documents/kria-vitis-platforms/kv260/platforms/vivado/kv260_ispMipiRx_vcu_DP/project/kv260_ispMipiRx_vcu_DP.runs/bd_eab1_vsc_0_synth_1/prj/sol/.autopilot/db/v_vscaler.cpp:1029]   --->   Operation 41 'store' 'store_ln1029' <Predicate = (!icmp_ln1012 & cmp36_read)> <Delay = 0.00>
ST_2 : Operation 42 [1/1] (0.00ns)   --->   "%store_ln1029 = store i8 %trunc_ln1022_2, i8 %p_0_2_0_0_0874_out" [/home/user/Documents/kria-vitis-platforms/kv260/platforms/vivado/kv260_ispMipiRx_vcu_DP/project/kv260_ispMipiRx_vcu_DP.runs/bd_eab1_vsc_0_synth_1/prj/sol/.autopilot/db/v_vscaler.cpp:1029]   --->   Operation 42 'store' 'store_ln1029' <Predicate = (!icmp_ln1012 & cmp36_read)> <Delay = 0.00>
ST_2 : Operation 43 [1/1] (0.00ns)   --->   "%store_ln1029 = store i8 %trunc_ln1022_1, i8 %p_0_1_0_0_0872_out" [/home/user/Documents/kria-vitis-platforms/kv260/platforms/vivado/kv260_ispMipiRx_vcu_DP/project/kv260_ispMipiRx_vcu_DP.runs/bd_eab1_vsc_0_synth_1/prj/sol/.autopilot/db/v_vscaler.cpp:1029]   --->   Operation 43 'store' 'store_ln1029' <Predicate = (!icmp_ln1012 & cmp36_read)> <Delay = 0.00>
ST_2 : Operation 44 [1/1] (0.00ns)   --->   "%store_ln1029 = store i8 %trunc_ln1022, i8 %p_0_0_0_0_0423870_out" [/home/user/Documents/kria-vitis-platforms/kv260/platforms/vivado/kv260_ispMipiRx_vcu_DP/project/kv260_ispMipiRx_vcu_DP.runs/bd_eab1_vsc_0_synth_1/prj/sol/.autopilot/db/v_vscaler.cpp:1029]   --->   Operation 44 'store' 'store_ln1029' <Predicate = (!icmp_ln1012 & cmp36_read)> <Delay = 0.00>
ST_2 : Operation 45 [1/1] (0.00ns)   --->   "%br_ln1029 = br void %for.body60" [/home/user/Documents/kria-vitis-platforms/kv260/platforms/vivado/kv260_ispMipiRx_vcu_DP/project/kv260_ispMipiRx_vcu_DP.runs/bd_eab1_vsc_0_synth_1/prj/sol/.autopilot/db/v_vscaler.cpp:1029]   --->   Operation 45 'br' 'br_ln1029' <Predicate = (!icmp_ln1012 & cmp36_read)> <Delay = 0.00>
ST_2 : Operation 46 [1/1] (0.00ns)   --->   "%linebuf_y_val_V_addr = getelementptr i8 %linebuf_y_val_V, i64 0, i64 %zext_ln1012" [/home/user/Documents/kria-vitis-platforms/kv260/platforms/vivado/kv260_ispMipiRx_vcu_DP/project/kv260_ispMipiRx_vcu_DP.gen/sources_1/bd/kv260_ispMipiRx_vcu_DP/ip/kv260_ispMipiRx_vcu_DP_v_proc_ss_0_0/bd_0/ip/ip_1/src/hls/hls_video_mem.h:836]   --->   Operation 46 'getelementptr' 'linebuf_y_val_V_addr' <Predicate = (!icmp_ln1012)> <Delay = 0.00>
ST_2 : Operation 47 [2/2] (1.23ns)   --->   "%LineBufVal_V_14 = load i11 %linebuf_y_val_V_addr" [/home/user/Documents/kria-vitis-platforms/kv260/platforms/vivado/kv260_ispMipiRx_vcu_DP/project/kv260_ispMipiRx_vcu_DP.runs/bd_eab1_vsc_0_synth_1/prj/sol/.autopilot/db/v_vscaler.cpp:1036]   --->   Operation 47 'load' 'LineBufVal_V_14' <Predicate = (!icmp_ln1012)> <Delay = 1.23> <CoreInst = "RAM">   --->   Core 83 'RAM' <Latency = 1> <II = 1> <Delay = 1.23> <Storage> <Opcode : 'load' 'store'> <Ports = 2> <Width = 8> <Depth = 1920> <RAM>
ST_2 : Operation 48 [1/1] (0.00ns)   --->   "%linebuf_y_val_V_1_addr = getelementptr i8 %linebuf_y_val_V_1, i64 0, i64 %zext_ln1012" [/home/user/Documents/kria-vitis-platforms/kv260/platforms/vivado/kv260_ispMipiRx_vcu_DP/project/kv260_ispMipiRx_vcu_DP.gen/sources_1/bd/kv260_ispMipiRx_vcu_DP/ip/kv260_ispMipiRx_vcu_DP_v_proc_ss_0_0/bd_0/ip/ip_1/src/hls/hls_video_mem.h:836]   --->   Operation 48 'getelementptr' 'linebuf_y_val_V_1_addr' <Predicate = (!icmp_ln1012)> <Delay = 0.00>
ST_2 : Operation 49 [1/1] (0.00ns)   --->   "%linebuf_c_val_V_addr = getelementptr i8 %linebuf_c_val_V, i64 0, i64 %zext_ln1012" [/home/user/Documents/kria-vitis-platforms/kv260/platforms/vivado/kv260_ispMipiRx_vcu_DP/project/kv260_ispMipiRx_vcu_DP.gen/sources_1/bd/kv260_ispMipiRx_vcu_DP/ip/kv260_ispMipiRx_vcu_DP_v_proc_ss_0_0/bd_0/ip/ip_1/src/hls/hls_video_mem.h:836]   --->   Operation 49 'getelementptr' 'linebuf_c_val_V_addr' <Predicate = (!icmp_ln1012)> <Delay = 0.00>
ST_2 : Operation 50 [2/2] (1.23ns)   --->   "%LineBufVal_V = load i11 %linebuf_c_val_V_addr" [/home/user/Documents/kria-vitis-platforms/kv260/platforms/vivado/kv260_ispMipiRx_vcu_DP/project/kv260_ispMipiRx_vcu_DP.runs/bd_eab1_vsc_0_synth_1/prj/sol/.autopilot/db/v_vscaler.cpp:1074]   --->   Operation 50 'load' 'LineBufVal_V' <Predicate = (!icmp_ln1012)> <Delay = 1.23> <CoreInst = "RAM">   --->   Core 83 'RAM' <Latency = 1> <II = 1> <Delay = 1.23> <Storage> <Opcode : 'load' 'store'> <Ports = 2> <Width = 8> <Depth = 1920> <RAM>
ST_2 : Operation 51 [1/1] (0.00ns)   --->   "%linebuf_c_val_V_1_addr = getelementptr i8 %linebuf_c_val_V_1, i64 0, i64 %zext_ln1012" [/home/user/Documents/kria-vitis-platforms/kv260/platforms/vivado/kv260_ispMipiRx_vcu_DP/project/kv260_ispMipiRx_vcu_DP.gen/sources_1/bd/kv260_ispMipiRx_vcu_DP/ip/kv260_ispMipiRx_vcu_DP_v_proc_ss_0_0/bd_0/ip/ip_1/src/hls/hls_video_mem.h:836]   --->   Operation 51 'getelementptr' 'linebuf_c_val_V_1_addr' <Predicate = (!icmp_ln1012)> <Delay = 0.00>
ST_2 : Operation 52 [2/2] (1.23ns)   --->   "%LineBufVal_V_16 = load i11 %linebuf_c_val_V_1_addr" [/home/user/Documents/kria-vitis-platforms/kv260/platforms/vivado/kv260_ispMipiRx_vcu_DP/project/kv260_ispMipiRx_vcu_DP.runs/bd_eab1_vsc_0_synth_1/prj/sol/.autopilot/db/v_vscaler.cpp:1074]   --->   Operation 52 'load' 'LineBufVal_V_16' <Predicate = (!icmp_ln1012)> <Delay = 1.23> <CoreInst = "RAM">   --->   Core 83 'RAM' <Latency = 1> <II = 1> <Delay = 1.23> <Storage> <Opcode : 'load' 'store'> <Ports = 2> <Width = 8> <Depth = 1920> <RAM>
ST_2 : Operation 53 [1/1] (0.00ns)   --->   "%br_ln1090 = br i1 %spec_select_read, void %if.then187, void %if.else260" [/home/user/Documents/kria-vitis-platforms/kv260/platforms/vivado/kv260_ispMipiRx_vcu_DP/project/kv260_ispMipiRx_vcu_DP.runs/bd_eab1_vsc_0_synth_1/prj/sol/.autopilot/db/v_vscaler.cpp:1090]   --->   Operation 53 'br' 'br_ln1090' <Predicate = (!icmp_ln1012)> <Delay = 0.00>
ST_2 : Operation 54 [1/1] (0.00ns)   --->   "%linebuf_c_val_V_2_addr = getelementptr i8 %linebuf_c_val_V_2, i64 0, i64 %zext_ln1012" [/home/user/Documents/kria-vitis-platforms/kv260/platforms/vivado/kv260_ispMipiRx_vcu_DP/project/kv260_ispMipiRx_vcu_DP.gen/sources_1/bd/kv260_ispMipiRx_vcu_DP/ip/kv260_ispMipiRx_vcu_DP_v_proc_ss_0_0/bd_0/ip/ip_1/src/hls/hls_video_mem.h:836]   --->   Operation 54 'getelementptr' 'linebuf_c_val_V_2_addr' <Predicate = (!icmp_ln1012 & spec_select_read & !sel_tmp6_read & sel_tmp4_read)> <Delay = 0.00>
ST_2 : Operation 55 [2/2] (1.23ns)   --->   "%LineBufCVal_V = load i11 %linebuf_c_val_V_2_addr" [/home/user/Documents/kria-vitis-platforms/kv260/platforms/vivado/kv260_ispMipiRx_vcu_DP/project/kv260_ispMipiRx_vcu_DP.runs/bd_eab1_vsc_0_synth_1/prj/sol/.autopilot/db/v_vscaler.cpp:1126]   --->   Operation 55 'load' 'LineBufCVal_V' <Predicate = (!icmp_ln1012 & spec_select_read & !sel_tmp6_read & sel_tmp4_read)> <Delay = 1.23> <CoreInst = "RAM">   --->   Core 83 'RAM' <Latency = 1> <II = 1> <Delay = 1.23> <Storage> <Opcode : 'load' 'store'> <Ports = 2> <Width = 8> <Depth = 1920> <RAM>

State 3 <SV = 2> <Delay = 3.29>
ST_3 : Operation 56 [1/1] (0.00ns)   --->   "%InYPix_V = load i8 %p_0_0_0_0_0423876_out" [/home/user/Documents/kria-vitis-platforms/kv260/platforms/vivado/kv260_ispMipiRx_vcu_DP/project/kv260_ispMipiRx_vcu_DP.runs/bd_eab1_vsc_0_synth_1/prj/sol/.autopilot/db/v_vscaler.cpp:1055]   --->   Operation 56 'load' 'InYPix_V' <Predicate = (!icmp_ln1012)> <Delay = 0.00>
ST_3 : Operation 57 [1/1] (0.00ns)   --->   "%InCPix_V = load i8 %p_0_1_0_0_0878_out"   --->   Operation 57 'load' 'InCPix_V' <Predicate = (!icmp_ln1012)> <Delay = 0.00>
ST_3 : Operation 58 [1/2] (1.23ns)   --->   "%LineBufVal_V_14 = load i11 %linebuf_y_val_V_addr" [/home/user/Documents/kria-vitis-platforms/kv260/platforms/vivado/kv260_ispMipiRx_vcu_DP/project/kv260_ispMipiRx_vcu_DP.runs/bd_eab1_vsc_0_synth_1/prj/sol/.autopilot/db/v_vscaler.cpp:1036]   --->   Operation 58 'load' 'LineBufVal_V_14' <Predicate = (!icmp_ln1012)> <Delay = 1.23> <CoreInst = "RAM">   --->   Core 83 'RAM' <Latency = 1> <II = 1> <Delay = 1.23> <Storage> <Opcode : 'load' 'store'> <Ports = 2> <Width = 8> <Depth = 1920> <RAM>
ST_3 : Operation 59 [2/2] (1.23ns)   --->   "%LineBufVal_V_15 = load i11 %linebuf_y_val_V_1_addr" [/home/user/Documents/kria-vitis-platforms/kv260/platforms/vivado/kv260_ispMipiRx_vcu_DP/project/kv260_ispMipiRx_vcu_DP.runs/bd_eab1_vsc_0_synth_1/prj/sol/.autopilot/db/v_vscaler.cpp:1036]   --->   Operation 59 'load' 'LineBufVal_V_15' <Predicate = (!icmp_ln1012 & !cmp287_read)> <Delay = 1.23> <CoreInst = "RAM">   --->   Core 83 'RAM' <Latency = 1> <II = 1> <Delay = 1.23> <Storage> <Opcode : 'load' 'store'> <Ports = 2> <Width = 8> <Depth = 1920> <RAM>
ST_3 : Operation 60 [1/1] (1.23ns)   --->   "%store_ln798 = store i8 %InYPix_V, i11 %linebuf_y_val_V_addr" [/home/user/Documents/kria-vitis-platforms/kv260/platforms/vivado/kv260_ispMipiRx_vcu_DP/project/kv260_ispMipiRx_vcu_DP.gen/sources_1/bd/kv260_ispMipiRx_vcu_DP/ip/kv260_ispMipiRx_vcu_DP_v_proc_ss_0_0/bd_0/ip/ip_1/src/hls/hls_video_mem.h:798]   --->   Operation 60 'store' 'store_ln798' <Predicate = (!icmp_ln1012)> <Delay = 1.23> <CoreInst = "RAM">   --->   Core 83 'RAM' <Latency = 1> <II = 1> <Delay = 1.23> <Storage> <Opcode : 'load' 'store'> <Ports = 2> <Width = 8> <Depth = 1920> <RAM>
ST_3 : Operation 61 [1/1] (0.39ns)   --->   "%PixBufVal_val_V_3 = select i1 %cmp104_read, i8 %LineBufVal_V_14, i8 %InYPix_V" [/home/user/Documents/kria-vitis-platforms/kv260/platforms/vivado/kv260_ispMipiRx_vcu_DP/project/kv260_ispMipiRx_vcu_DP.runs/bd_eab1_vsc_0_synth_1/prj/sol/.autopilot/db/v_vscaler.cpp:1055]   --->   Operation 61 'select' 'PixBufVal_val_V_3' <Predicate = (!icmp_ln1012)> <Delay = 0.39> <CoreInst = "Sel">   --->   Core 73 'Sel' <Latency = 0> <II = 1> <Delay = 0.39> <FuncUnit> <Opcode : 'select'> <InPorts = 3> <OutPorts = 1>
ST_3 : Operation 62 [1/1] (1.23ns)   --->   "%store_ln1064 = store i8 %PixBufVal_val_V_3, i11 %linebuf_y_val_V_1_addr" [/home/user/Documents/kria-vitis-platforms/kv260/platforms/vivado/kv260_ispMipiRx_vcu_DP/project/kv260_ispMipiRx_vcu_DP.runs/bd_eab1_vsc_0_synth_1/prj/sol/.autopilot/db/v_vscaler.cpp:1064]   --->   Operation 62 'store' 'store_ln1064' <Predicate = (!icmp_ln1012)> <Delay = 1.23> <CoreInst = "RAM">   --->   Core 83 'RAM' <Latency = 1> <II = 1> <Delay = 1.23> <Storage> <Opcode : 'load' 'store'> <Ports = 2> <Width = 8> <Depth = 1920> <RAM>
ST_3 : Operation 63 [1/2] (1.23ns)   --->   "%LineBufVal_V = load i11 %linebuf_c_val_V_addr" [/home/user/Documents/kria-vitis-platforms/kv260/platforms/vivado/kv260_ispMipiRx_vcu_DP/project/kv260_ispMipiRx_vcu_DP.runs/bd_eab1_vsc_0_synth_1/prj/sol/.autopilot/db/v_vscaler.cpp:1074]   --->   Operation 63 'load' 'LineBufVal_V' <Predicate = (!icmp_ln1012)> <Delay = 1.23> <CoreInst = "RAM">   --->   Core 83 'RAM' <Latency = 1> <II = 1> <Delay = 1.23> <Storage> <Opcode : 'load' 'store'> <Ports = 2> <Width = 8> <Depth = 1920> <RAM>
ST_3 : Operation 64 [1/2] (1.23ns)   --->   "%LineBufVal_V_16 = load i11 %linebuf_c_val_V_1_addr" [/home/user/Documents/kria-vitis-platforms/kv260/platforms/vivado/kv260_ispMipiRx_vcu_DP/project/kv260_ispMipiRx_vcu_DP.runs/bd_eab1_vsc_0_synth_1/prj/sol/.autopilot/db/v_vscaler.cpp:1074]   --->   Operation 64 'load' 'LineBufVal_V_16' <Predicate = (!icmp_ln1012)> <Delay = 1.23> <CoreInst = "RAM">   --->   Core 83 'RAM' <Latency = 1> <II = 1> <Delay = 1.23> <Storage> <Opcode : 'load' 'store'> <Ports = 2> <Width = 8> <Depth = 1920> <RAM>
ST_3 : Operation 65 [1/1] (0.39ns)   --->   "%rhs = select i1 %spec_select_read, i8 %LineBufVal_V_16, i8 %LineBufVal_V" [/home/user/Documents/kria-vitis-platforms/kv260/platforms/vivado/kv260_ispMipiRx_vcu_DP/project/kv260_ispMipiRx_vcu_DP.runs/bd_eab1_vsc_0_synth_1/prj/sol/.autopilot/db/v_vscaler.cpp:1080]   --->   Operation 65 'select' 'rhs' <Predicate = (!icmp_ln1012)> <Delay = 0.39> <CoreInst = "Sel">   --->   Core 73 'Sel' <Latency = 0> <II = 1> <Delay = 0.39> <FuncUnit> <Opcode : 'select'> <InPorts = 3> <OutPorts = 1>
ST_3 : Operation 66 [1/1] (0.42ns)   --->   "%br_ln1092 = br i1 %cmp36_read, void %arrayctor.loop.i178, void %for.inc207" [/home/user/Documents/kria-vitis-platforms/kv260/platforms/vivado/kv260_ispMipiRx_vcu_DP/project/kv260_ispMipiRx_vcu_DP.runs/bd_eab1_vsc_0_synth_1/prj/sol/.autopilot/db/v_vscaler.cpp:1092]   --->   Operation 66 'br' 'br_ln1092' <Predicate = (!icmp_ln1012 & !spec_select_read)> <Delay = 0.42>
ST_3 : Operation 67 [1/1] (1.23ns)   --->   "%store_ln798 = store i8 %InCPix_V, i11 %linebuf_c_val_V_addr" [/home/user/Documents/kria-vitis-platforms/kv260/platforms/vivado/kv260_ispMipiRx_vcu_DP/project/kv260_ispMipiRx_vcu_DP.gen/sources_1/bd/kv260_ispMipiRx_vcu_DP/ip/kv260_ispMipiRx_vcu_DP_v_proc_ss_0_0/bd_0/ip/ip_1/src/hls/hls_video_mem.h:798]   --->   Operation 67 'store' 'store_ln798' <Predicate = (!icmp_ln1012 & cmp36_read & !spec_select_read)> <Delay = 1.23> <CoreInst = "RAM">   --->   Core 83 'RAM' <Latency = 1> <II = 1> <Delay = 1.23> <Storage> <Opcode : 'load' 'store'> <Ports = 2> <Width = 8> <Depth = 1920> <RAM>
ST_3 : Operation 68 [1/1] (0.42ns)   --->   "%br_ln1101 = br void %arrayctor.loop.i178" [/home/user/Documents/kria-vitis-platforms/kv260/platforms/vivado/kv260_ispMipiRx_vcu_DP/project/kv260_ispMipiRx_vcu_DP.runs/bd_eab1_vsc_0_synth_1/prj/sol/.autopilot/db/v_vscaler.cpp:1101]   --->   Operation 68 'br' 'br_ln1101' <Predicate = (!icmp_ln1012 & cmp36_read & !spec_select_read)> <Delay = 0.42>
ST_3 : Operation 69 [1/1] (0.00ns)   --->   "%p_0_0_0_0_0404883 = phi i8 %InCPix_V, void %for.inc207, i8 %LineBufVal_V, void %if.then187"   --->   Operation 69 'phi' 'p_0_0_0_0_0404883' <Predicate = (!icmp_ln1012 & !spec_select_read)> <Delay = 0.00>
ST_3 : Operation 70 [1/1] (0.39ns)   --->   "%PixBufVal_val_V = select i1 %cmp104_read, i8 %rhs, i8 %p_0_0_0_0_0404883" [/home/user/Documents/kria-vitis-platforms/kv260/platforms/vivado/kv260_ispMipiRx_vcu_DP/project/kv260_ispMipiRx_vcu_DP.runs/bd_eab1_vsc_0_synth_1/prj/sol/.autopilot/db/v_vscaler.cpp:1112]   --->   Operation 70 'select' 'PixBufVal_val_V' <Predicate = (!icmp_ln1012 & !spec_select_read)> <Delay = 0.39> <CoreInst = "Sel">   --->   Core 73 'Sel' <Latency = 0> <II = 1> <Delay = 0.39> <FuncUnit> <Opcode : 'select'> <InPorts = 3> <OutPorts = 1>
ST_3 : Operation 71 [1/1] (1.23ns)   --->   "%store_ln1121 = store i8 %PixBufVal_val_V, i11 %linebuf_c_val_V_1_addr" [/home/user/Documents/kria-vitis-platforms/kv260/platforms/vivado/kv260_ispMipiRx_vcu_DP/project/kv260_ispMipiRx_vcu_DP.runs/bd_eab1_vsc_0_synth_1/prj/sol/.autopilot/db/v_vscaler.cpp:1121]   --->   Operation 71 'store' 'store_ln1121' <Predicate = (!icmp_ln1012 & !spec_select_read)> <Delay = 1.23> <CoreInst = "RAM">   --->   Core 83 'RAM' <Latency = 1> <II = 1> <Delay = 1.23> <Storage> <Opcode : 'load' 'store'> <Ports = 2> <Width = 8> <Depth = 1920> <RAM>
ST_3 : Operation 72 [1/1] (0.42ns)   --->   "%br_ln1123 = br void %for.body285_ifconv" [/home/user/Documents/kria-vitis-platforms/kv260/platforms/vivado/kv260_ispMipiRx_vcu_DP/project/kv260_ispMipiRx_vcu_DP.runs/bd_eab1_vsc_0_synth_1/prj/sol/.autopilot/db/v_vscaler.cpp:1123]   --->   Operation 72 'br' 'br_ln1123' <Predicate = (!icmp_ln1012 & !spec_select_read)> <Delay = 0.42>
ST_3 : Operation 73 [1/2] (1.23ns)   --->   "%LineBufCVal_V = load i11 %linebuf_c_val_V_2_addr" [/home/user/Documents/kria-vitis-platforms/kv260/platforms/vivado/kv260_ispMipiRx_vcu_DP/project/kv260_ispMipiRx_vcu_DP.runs/bd_eab1_vsc_0_synth_1/prj/sol/.autopilot/db/v_vscaler.cpp:1126]   --->   Operation 73 'load' 'LineBufCVal_V' <Predicate = (!icmp_ln1012 & spec_select_read & !sel_tmp6_read & sel_tmp4_read)> <Delay = 1.23> <CoreInst = "RAM">   --->   Core 83 'RAM' <Latency = 1> <II = 1> <Delay = 1.23> <Storage> <Opcode : 'load' 'store'> <Ports = 2> <Width = 8> <Depth = 1920> <RAM>
ST_3 : Operation 74 [1/1] (0.42ns)   --->   "%br_ln0 = br void %for.body285_ifconv"   --->   Operation 74 'br' 'br_ln0' <Predicate = (!icmp_ln1012 & spec_select_read)> <Delay = 0.42>
ST_3 : Operation 75 [1/1] (0.00ns)   --->   "%rhs_2 = phi i8 %p_0_0_0_0_0404883, void %arrayctor.loop.i178, i8 %LineBufVal_V, void %if.else260"   --->   Operation 75 'phi' 'rhs_2' <Predicate = (!sel_tmp6_read)> <Delay = 0.00>
ST_3 : Operation 76 [1/1] (0.00ns)   --->   "%zext_ln1495_2 = zext i8 %rhs_2"   --->   Operation 76 'zext' 'zext_ln1495_2' <Predicate = (!sel_tmp6_read)> <Delay = 0.00>
ST_3 : Operation 77 [1/1] (0.76ns)   --->   "%ret_V_21 = add i9 %zext_ln1495_2, i9 2"   --->   Operation 77 'add' 'ret_V_21' <Predicate = (!sel_tmp6_read & sel_tmp4_read)> <Delay = 0.76> <CoreInst = "Adder">   --->   Core 1 'Adder' <Latency = 0> <II = 1> <Delay = 0.77> <FuncUnit> <Opcode : 'add' 'sub'> <InPorts = 2> <OutPorts = 1>
ST_3 : Operation 78 [1/1] (0.00ns)   --->   "%p_0_0_0_0_0423870_out_load = load i8 %p_0_0_0_0_0423870_out" [/home/user/Documents/kria-vitis-platforms/kv260/platforms/vivado/kv260_ispMipiRx_vcu_DP/project/kv260_ispMipiRx_vcu_DP.runs/bd_eab1_vsc_0_synth_1/prj/sol/.autopilot/db/v_vscaler.cpp:1182]   --->   Operation 78 'load' 'p_0_0_0_0_0423870_out_load' <Predicate = (cmp391_read & icmp_ln995_read)> <Delay = 0.00>
ST_3 : Operation 79 [1/1] (0.00ns)   --->   "%p_0_1_0_0_0872_out_load = load i8 %p_0_1_0_0_0872_out" [/home/user/Documents/kria-vitis-platforms/kv260/platforms/vivado/kv260_ispMipiRx_vcu_DP/project/kv260_ispMipiRx_vcu_DP.runs/bd_eab1_vsc_0_synth_1/prj/sol/.autopilot/db/v_vscaler.cpp:1182]   --->   Operation 79 'load' 'p_0_1_0_0_0872_out_load' <Predicate = (cmp391_read & icmp_ln995_read)> <Delay = 0.00>
ST_3 : Operation 80 [1/1] (0.00ns)   --->   "%p_0_2_0_0_0874_out_load = load i8 %p_0_2_0_0_0874_out" [/home/user/Documents/kria-vitis-platforms/kv260/platforms/vivado/kv260_ispMipiRx_vcu_DP/project/kv260_ispMipiRx_vcu_DP.runs/bd_eab1_vsc_0_synth_1/prj/sol/.autopilot/db/v_vscaler.cpp:1182]   --->   Operation 80 'load' 'p_0_2_0_0_0874_out_load' <Predicate = (cmp391_read & icmp_ln995_read)> <Delay = 0.00>
ST_3 : Operation 81 [1/1] (0.00ns)   --->   "%p_0 = bitconcatenate i24 @_ssdm_op_BitConcatenate.i24.i8.i8.i8, i8 %p_0_2_0_0_0874_out_load, i8 %p_0_1_0_0_0872_out_load, i8 %p_0_0_0_0_0423870_out_load" [/home/user/Documents/kria-vitis-platforms/kv260/platforms/vivado/kv260_ispMipiRx_vcu_DP/project/kv260_ispMipiRx_vcu_DP.runs/bd_eab1_vsc_0_synth_1/prj/sol/.autopilot/db/v_vscaler.cpp:1182]   --->   Operation 81 'bitconcatenate' 'p_0' <Predicate = (cmp391_read & icmp_ln995_read)> <Delay = 0.00>
ST_3 : Operation 82 [1/1] (1.82ns)   --->   "%write_ln1182 = write void @_ssdm_op_Write.ap_fifo.volatile.i24P0A, i24 %SrcYUV422, i24 %p_0" [/home/user/Documents/kria-vitis-platforms/kv260/platforms/vivado/kv260_ispMipiRx_vcu_DP/project/kv260_ispMipiRx_vcu_DP.runs/bd_eab1_vsc_0_synth_1/prj/sol/.autopilot/db/v_vscaler.cpp:1182]   --->   Operation 82 'write' 'write_ln1182' <Predicate = (cmp391_read & icmp_ln995_read)> <Delay = 1.82> <CoreInst = "FIFO_SRL">   --->   Core 81 'FIFO_SRL' <Latency = 0> <II = 1> <Delay = 2.04> <Storage> <Opcode : 'read' 'write' 'nbread' 'nbwrite'> <Ports = 0> <Width = 24> <Depth = 16> <FIFO>
ST_3 : Operation 83 [1/1] (0.00ns)   --->   "%br_ln1182 = br void %if.end400" [/home/user/Documents/kria-vitis-platforms/kv260/platforms/vivado/kv260_ispMipiRx_vcu_DP/project/kv260_ispMipiRx_vcu_DP.runs/bd_eab1_vsc_0_synth_1/prj/sol/.autopilot/db/v_vscaler.cpp:1182]   --->   Operation 83 'br' 'br_ln1182' <Predicate = (cmp391_read & icmp_ln995_read)> <Delay = 0.00>
ST_3 : Operation 105 [1/1] (0.00ns)   --->   "%ret_ln0 = ret"   --->   Operation 105 'ret' 'ret_ln0' <Predicate = (icmp_ln1012)> <Delay = 0.00>

State 4 <SV = 3> <Delay = 3.45>
ST_4 : Operation 84 [1/2] (1.23ns)   --->   "%LineBufVal_V_15 = load i11 %linebuf_y_val_V_1_addr" [/home/user/Documents/kria-vitis-platforms/kv260/platforms/vivado/kv260_ispMipiRx_vcu_DP/project/kv260_ispMipiRx_vcu_DP.runs/bd_eab1_vsc_0_synth_1/prj/sol/.autopilot/db/v_vscaler.cpp:1036]   --->   Operation 84 'load' 'LineBufVal_V_15' <Predicate = (!icmp_ln1012 & !cmp287_read)> <Delay = 1.23> <CoreInst = "RAM">   --->   Core 83 'RAM' <Latency = 1> <II = 1> <Delay = 1.23> <Storage> <Opcode : 'load' 'store'> <Ports = 2> <Width = 8> <Depth = 1920> <RAM>
ST_4 : Operation 85 [1/1] (0.00ns)   --->   "%lhs = phi i8 %LineBufVal_V_16, void %arrayctor.loop.i178, i8 %LineBufCVal_V, void %if.else260"   --->   Operation 85 'phi' 'lhs' <Predicate = (!sel_tmp6_read & sel_tmp4_read)> <Delay = 0.00>
ST_4 : Operation 86 [1/1] (0.00ns)   --->   "%zext_ln1494 = zext i8 %rhs"   --->   Operation 86 'zext' 'zext_ln1494' <Predicate = (!sel_tmp6_read & !sel_tmp4_read & sel_tmp1_read)> <Delay = 0.00>
ST_4 : Operation 87 [1/1] (0.00ns)   --->   "%ret_V_20 = bitconcatenate i9 @_ssdm_op_BitConcatenate.i9.i8.i1, i8 %rhs, i1 0"   --->   Operation 87 'bitconcatenate' 'ret_V_20' <Predicate = (!sel_tmp6_read & sel_tmp4_read)> <Delay = 0.00>
ST_4 : Operation 88 [1/1] (0.00ns)   --->   "%zext_ln1495 = zext i8 %lhs"   --->   Operation 88 'zext' 'zext_ln1495' <Predicate = (!sel_tmp6_read & sel_tmp4_read)> <Delay = 0.00>
ST_4 : Operation 89 [1/1] (0.00ns)   --->   "%zext_ln1495_1 = zext i9 %ret_V_20"   --->   Operation 89 'zext' 'zext_ln1495_1' <Predicate = (!sel_tmp6_read & sel_tmp4_read)> <Delay = 0.00>
ST_4 : Operation 90 [1/1] (0.00ns)   --->   "%zext_ln1495_3 = zext i9 %ret_V_21"   --->   Operation 90 'zext' 'zext_ln1495_3' <Predicate = (!sel_tmp6_read & sel_tmp4_read)> <Delay = 0.00>
ST_4 : Operation 91 [1/1] (0.00ns) (grouped into TernaryAdder)   --->   "%add_ln1495_2 = add i10 %zext_ln1495_3, i10 %zext_ln1495"   --->   Operation 91 'add' 'add_ln1495_2' <Predicate = (!sel_tmp6_read & sel_tmp4_read)> <Delay = 0.00> <CoreInst = "TAddSub">   --->   Core 10 'TAddSub' <Latency = 0> <II = 1> <Delay = 0.50> <IPBlock> <Opcode : 'add' 'sub'> <InPorts = 3> <OutPorts = 1> <Sync> <CReg>
ST_4 : Operation 92 [1/1] (0.96ns) (root node of TernaryAdder)   --->   "%add_ln1495_1 = add i10 %add_ln1495_2, i10 %zext_ln1495_1"   --->   Operation 92 'add' 'add_ln1495_1' <Predicate = (!sel_tmp6_read & sel_tmp4_read)> <Delay = 0.96> <CoreInst = "TAddSub">   --->   Core 10 'TAddSub' <Latency = 0> <II = 1> <Delay = 0.50> <IPBlock> <Opcode : 'add' 'sub'> <InPorts = 3> <OutPorts = 1> <Sync> <CReg>
ST_4 : Operation 93 [1/1] (0.00ns) (grouped into LUT with out node p_0_0_0_0_0406889894)   --->   "%trunc_ln3 = partselect i8 @_ssdm_op_PartSelect.i8.i10.i32.i32, i10 %add_ln1495_1, i32 2, i32 9"   --->   Operation 93 'partselect' 'trunc_ln3' <Predicate = (!sel_tmp6_read & sel_tmp4_read)> <Delay = 0.00>
ST_4 : Operation 94 [1/1] (0.00ns) (grouped into TernaryAdder)   --->   "%add_ln1495_3 = add i9 %zext_ln1494, i9 1"   --->   Operation 94 'add' 'add_ln1495_3' <Predicate = (!sel_tmp6_read & !sel_tmp4_read & sel_tmp1_read)> <Delay = 0.00> <CoreInst = "TAddSub">   --->   Core 10 'TAddSub' <Latency = 0> <II = 1> <Delay = 0.50> <IPBlock> <Opcode : 'add' 'sub'> <InPorts = 3> <OutPorts = 1> <Sync> <CReg>
ST_4 : Operation 95 [1/1] (1.00ns) (root node of TernaryAdder)   --->   "%ret_V = add i9 %add_ln1495_3, i9 %zext_ln1495_2"   --->   Operation 95 'add' 'ret_V' <Predicate = (!sel_tmp6_read & !sel_tmp4_read & sel_tmp1_read)> <Delay = 1.00> <CoreInst = "TAddSub">   --->   Core 10 'TAddSub' <Latency = 0> <II = 1> <Delay = 0.50> <IPBlock> <Opcode : 'add' 'sub'> <InPorts = 3> <OutPorts = 1> <Sync> <CReg>
ST_4 : Operation 96 [1/1] (0.00ns) (grouped into LUT with out node p_0_0_0_0_0406889894)   --->   "%trunc_ln186_1 = partselect i8 @_ssdm_op_PartSelect.i8.i9.i32.i32, i9 %ret_V, i32 1, i32 8"   --->   Operation 96 'partselect' 'trunc_ln186_1' <Predicate = (!sel_tmp6_read & !sel_tmp4_read & sel_tmp1_read)> <Delay = 0.00>
ST_4 : Operation 97 [1/1] (0.00ns) (grouped into LUT with out node p_0_0_0_0_0406889894)   --->   "%sel_tmp2 = select i1 %sel_tmp1_read, i8 %trunc_ln186_1, i8 %rhs"   --->   Operation 97 'select' 'sel_tmp2' <Predicate = (!sel_tmp6_read & !sel_tmp4_read)> <Delay = 0.00> <CoreInst = "Sel">   --->   Core 73 'Sel' <Latency = 0> <II = 1> <Delay = 0.39> <FuncUnit> <Opcode : 'select'> <InPorts = 3> <OutPorts = 1>
ST_4 : Operation 98 [1/1] (0.00ns) (grouped into LUT with out node p_0_0_0_0_0406889894)   --->   "%sel_tmp5 = select i1 %sel_tmp4_read, i8 %trunc_ln3, i8 %sel_tmp2"   --->   Operation 98 'select' 'sel_tmp5' <Predicate = (!sel_tmp6_read)> <Delay = 0.00> <CoreInst = "Sel">   --->   Core 73 'Sel' <Latency = 0> <II = 1> <Delay = 0.39> <FuncUnit> <Opcode : 'select'> <InPorts = 3> <OutPorts = 1>
ST_4 : Operation 99 [1/1] (0.39ns) (out node of the LUT)   --->   "%p_0_0_0_0_0406889894 = select i1 %sel_tmp6_read, i8 0, i8 %sel_tmp5"   --->   Operation 99 'select' 'p_0_0_0_0_0406889894' <Predicate = true> <Delay = 0.39> <CoreInst = "Sel">   --->   Core 73 'Sel' <Latency = 0> <II = 1> <Delay = 0.39> <FuncUnit> <Opcode : 'select'> <InPorts = 3> <OutPorts = 1>
ST_4 : Operation 100 [1/1] (0.39ns)   --->   "%ret_4 = select i1 %cmp287_read, i8 %LineBufVal_V_14, i8 %LineBufVal_V_15" [/home/user/Documents/kria-vitis-platforms/kv260/platforms/vivado/kv260_ispMipiRx_vcu_DP/project/kv260_ispMipiRx_vcu_DP.runs/bd_eab1_vsc_0_synth_1/prj/sol/.autopilot/db/v_vscaler.cpp:1036]   --->   Operation 100 'select' 'ret_4' <Predicate = true> <Delay = 0.39> <CoreInst = "Sel">   --->   Core 73 'Sel' <Latency = 0> <II = 1> <Delay = 0.39> <FuncUnit> <Opcode : 'select'> <InPorts = 3> <OutPorts = 1>
ST_4 : Operation 101 [1/1] (0.00ns)   --->   "%tmp_1 = bitconcatenate i16 @_ssdm_op_BitConcatenate.i16.i8.i8, i8 %p_0_0_0_0_0406889894, i8 %ret_4" [/home/user/Documents/kria-vitis-platforms/kv260/platforms/vivado/kv260_ispMipiRx_vcu_DP/project/kv260_ispMipiRx_vcu_DP.runs/bd_eab1_vsc_0_synth_1/prj/sol/.autopilot/db/v_vscaler.cpp:1184]   --->   Operation 101 'bitconcatenate' 'tmp_1' <Predicate = (cmp391_read & !icmp_ln995_read)> <Delay = 0.00>
ST_4 : Operation 102 [1/1] (0.00ns)   --->   "%zext_ln1184 = zext i16 %tmp_1" [/home/user/Documents/kria-vitis-platforms/kv260/platforms/vivado/kv260_ispMipiRx_vcu_DP/project/kv260_ispMipiRx_vcu_DP.runs/bd_eab1_vsc_0_synth_1/prj/sol/.autopilot/db/v_vscaler.cpp:1184]   --->   Operation 102 'zext' 'zext_ln1184' <Predicate = (cmp391_read & !icmp_ln995_read)> <Delay = 0.00>
ST_4 : Operation 103 [1/1] (1.82ns)   --->   "%write_ln1184 = write void @_ssdm_op_Write.ap_fifo.volatile.i24P0A, i24 %SrcYUV422, i24 %zext_ln1184" [/home/user/Documents/kria-vitis-platforms/kv260/platforms/vivado/kv260_ispMipiRx_vcu_DP/project/kv260_ispMipiRx_vcu_DP.runs/bd_eab1_vsc_0_synth_1/prj/sol/.autopilot/db/v_vscaler.cpp:1184]   --->   Operation 103 'write' 'write_ln1184' <Predicate = (cmp391_read & !icmp_ln995_read)> <Delay = 1.82> <CoreInst = "FIFO_SRL">   --->   Core 81 'FIFO_SRL' <Latency = 0> <II = 1> <Delay = 2.04> <Storage> <Opcode : 'read' 'write' 'nbread' 'nbwrite'> <Ports = 0> <Width = 24> <Depth = 16> <FIFO>
ST_4 : Operation 104 [1/1] (0.00ns)   --->   "%br_ln0 = br void %if.end400"   --->   Operation 104 'br' 'br_ln0' <Predicate = (cmp391_read & !icmp_ln995_read)> <Delay = 0.00>


============================================================
+ Verbose Summary: Binding
============================================================
STG Binding: 
---------------- STG Properties BEGIN ----------------
- Is combinational: 0
- Is one-state seq: 0
- Is datapath-only: 0
- Is pipelined: 0
- Is top level: 0
Port [ Return ] is wired: 1; IO mode=ap_ctrl_hs:ce=0
Port [ loopWidth]:  wired=1; compound=0; hidden=0; nouse=0; global=0; static=0; extern=0; dir=0; type=0; pingpong=0; private_global=0; IO mode=ap_none:ce=0
Port [ sel_tmp1]:  wired=1; compound=0; hidden=0; nouse=0; global=0; static=0; extern=0; dir=0; type=0; pingpong=0; private_global=0; IO mode=ap_none:ce=0
Port [ sel_tmp4]:  wired=1; compound=0; hidden=0; nouse=0; global=0; static=0; extern=0; dir=0; type=0; pingpong=0; private_global=0; IO mode=ap_none:ce=0
Port [ sel_tmp6]:  wired=1; compound=0; hidden=0; nouse=0; global=0; static=0; extern=0; dir=0; type=0; pingpong=0; private_global=0; IO mode=ap_none:ce=0
Port [ cmp287]:  wired=1; compound=0; hidden=0; nouse=0; global=0; static=0; extern=0; dir=0; type=0; pingpong=0; private_global=0; IO mode=ap_none:ce=0
Port [ cmp391]:  wired=1; compound=0; hidden=0; nouse=0; global=0; static=0; extern=0; dir=0; type=0; pingpong=0; private_global=0; IO mode=ap_none:ce=0
Port [ cmp104]:  wired=1; compound=0; hidden=0; nouse=0; global=0; static=0; extern=0; dir=0; type=0; pingpong=0; private_global=0; IO mode=ap_none:ce=0
Port [ cmp36]:  wired=1; compound=0; hidden=0; nouse=0; global=0; static=0; extern=0; dir=0; type=0; pingpong=0; private_global=0; IO mode=ap_none:ce=0
Port [ linebuf_y_val_V]:  wired=1; compound=1; hidden=0; nouse=0; global=0; static=0; extern=0; dir=2; type=1; pingpong=0; private_global=0; MemPort=[01]; IO mode=ap_memory:ce=0
Port [ linebuf_y_val_V_1]:  wired=1; compound=1; hidden=0; nouse=0; global=0; static=0; extern=0; dir=2; type=1; pingpong=0; private_global=0; MemPort=[23]; IO mode=ap_memory:ce=0
Port [ linebuf_c_val_V]:  wired=1; compound=1; hidden=0; nouse=0; global=0; static=0; extern=0; dir=2; type=1; pingpong=0; private_global=0; MemPort=[01]; IO mode=ap_memory:ce=0
Port [ linebuf_c_val_V_1]:  wired=1; compound=1; hidden=0; nouse=0; global=0; static=0; extern=0; dir=2; type=1; pingpong=0; private_global=0; MemPort=[01]; IO mode=ap_memory:ce=0
Port [ spec_select]:  wired=1; compound=0; hidden=0; nouse=0; global=0; static=0; extern=0; dir=0; type=0; pingpong=0; private_global=0; IO mode=ap_none:ce=0
Port [ SrcYUV]:  wired=1; compound=1; hidden=0; nouse=0; global=0; static=0; extern=0; dir=0; type=3; pingpong=0; private_global=0; IO mode=ap_fifo:ce=0
Port [ linebuf_c_val_V_2]:  wired=1; compound=1; hidden=0; nouse=0; global=0; static=0; extern=0; dir=0; type=1; pingpong=0; private_global=0; MemPort=[13]; IO mode=ap_memory:ce=0
Port [ SrcYUV422]:  wired=1; compound=1; hidden=0; nouse=0; global=0; static=0; extern=0; dir=1; type=3; pingpong=0; private_global=0; IO mode=ap_fifo:ce=0
Port [ icmp_ln995]:  wired=1; compound=0; hidden=0; nouse=0; global=0; static=0; extern=0; dir=0; type=0; pingpong=0; private_global=0; IO mode=ap_none:ce=0
Port [ p_0_1_0_0_0878_out]:  wired=1; compound=0; hidden=0; nouse=0; global=0; static=0; extern=0; dir=2; type=0; pingpong=0; private_global=0; IO mode=ap_ovld:ce=0
Port [ p_0_0_0_0_0423876_out]:  wired=1; compound=0; hidden=0; nouse=0; global=0; static=0; extern=0; dir=2; type=0; pingpong=0; private_global=0; IO mode=ap_ovld:ce=0
Port [ p_0_2_0_0_0874_out]:  wired=1; compound=0; hidden=0; nouse=0; global=0; static=0; extern=0; dir=2; type=0; pingpong=0; private_global=0; IO mode=ap_ovld:ce=0
Port [ p_0_1_0_0_0872_out]:  wired=1; compound=0; hidden=0; nouse=0; global=0; static=0; extern=0; dir=2; type=0; pingpong=0; private_global=0; IO mode=ap_ovld:ce=0
Port [ p_0_0_0_0_0423870_out]:  wired=1; compound=0; hidden=0; nouse=0; global=0; static=0; extern=0; dir=2; type=0; pingpong=0; private_global=0; IO mode=ap_ovld:ce=0
---------------- STG Properties END ------------------

---------------- Datapath Model BEGIN ----------------

<LifeTime>
<method=bitvector/>
x                          (alloca           ) [ 01000]
specinterface_ln0          (specinterface    ) [ 00000]
specinterface_ln0          (specinterface    ) [ 00000]
icmp_ln995_read            (read             ) [ 01111]
spec_select_read           (read             ) [ 01111]
cmp36_read                 (read             ) [ 01111]
cmp104_read                (read             ) [ 01110]
cmp391_read                (read             ) [ 01111]
cmp287_read                (read             ) [ 01111]
sel_tmp6_read              (read             ) [ 01111]
sel_tmp4_read              (read             ) [ 01111]
sel_tmp1_read              (read             ) [ 01111]
loopWidth_read             (read             ) [ 00000]
store_ln0                  (store            ) [ 00000]
br_ln0                     (br               ) [ 00000]
out_x                      (load             ) [ 01100]
icmp_ln1012                (icmp             ) [ 01111]
add_ln1012                 (add              ) [ 00000]
br_ln1012                  (br               ) [ 00000]
specpipeline_ln1015        (specpipeline     ) [ 00000]
specloopname_ln970         (specloopname     ) [ 00000]
br_ln1020                  (br               ) [ 00000]
br_ln1179                  (br               ) [ 00000]
br_ln1181                  (br               ) [ 00000]
br_ln1185                  (br               ) [ 00000]
store_ln1012               (store            ) [ 00000]
br_ln1012                  (br               ) [ 00000]
zext_ln1012                (zext             ) [ 00000]
speclooptripcount_ln0      (speclooptripcount) [ 00000]
SrcYUV_read                (read             ) [ 00000]
trunc_ln1022               (trunc            ) [ 00000]
trunc_ln1022_1             (partselect       ) [ 00000]
trunc_ln1022_2             (partselect       ) [ 00000]
store_ln1029               (store            ) [ 00000]
store_ln1029               (store            ) [ 00000]
store_ln1029               (store            ) [ 00000]
store_ln1029               (store            ) [ 00000]
store_ln1029               (store            ) [ 00000]
br_ln1029                  (br               ) [ 00000]
linebuf_y_val_V_addr       (getelementptr    ) [ 01010]
linebuf_y_val_V_1_addr     (getelementptr    ) [ 01011]
linebuf_c_val_V_addr       (getelementptr    ) [ 01010]
linebuf_c_val_V_1_addr     (getelementptr    ) [ 01010]
br_ln1090                  (br               ) [ 00000]
linebuf_c_val_V_2_addr     (getelementptr    ) [ 01010]
InYPix_V                   (load             ) [ 00000]
InCPix_V                   (load             ) [ 00000]
LineBufVal_V_14            (load             ) [ 01001]
store_ln798                (store            ) [ 00000]
PixBufVal_val_V_3          (select           ) [ 00000]
store_ln1064               (store            ) [ 00000]
LineBufVal_V               (load             ) [ 00000]
LineBufVal_V_16            (load             ) [ 01011]
rhs                        (select           ) [ 01001]
br_ln1092                  (br               ) [ 00000]
store_ln798                (store            ) [ 00000]
br_ln1101                  (br               ) [ 00000]
p_0_0_0_0_0404883          (phi              ) [ 00000]
PixBufVal_val_V            (select           ) [ 00000]
store_ln1121               (store            ) [ 00000]
br_ln1123                  (br               ) [ 01011]
LineBufCVal_V              (load             ) [ 01011]
br_ln0                     (br               ) [ 01011]
rhs_2                      (phi              ) [ 00000]
zext_ln1495_2              (zext             ) [ 01001]
ret_V_21                   (add              ) [ 01001]
p_0_0_0_0_0423870_out_load (load             ) [ 00000]
p_0_1_0_0_0872_out_load    (load             ) [ 00000]
p_0_2_0_0_0874_out_load    (load             ) [ 00000]
p_0                        (bitconcatenate   ) [ 00000]
write_ln1182               (write            ) [ 00000]
br_ln1182                  (br               ) [ 00000]
LineBufVal_V_15            (load             ) [ 00000]
lhs                        (phi              ) [ 01001]
zext_ln1494                (zext             ) [ 00000]
ret_V_20                   (bitconcatenate   ) [ 00000]
zext_ln1495                (zext             ) [ 00000]
zext_ln1495_1              (zext             ) [ 00000]
zext_ln1495_3              (zext             ) [ 00000]
add_ln1495_2               (add              ) [ 00000]
add_ln1495_1               (add              ) [ 00000]
trunc_ln3                  (partselect       ) [ 00000]
add_ln1495_3               (add              ) [ 00000]
ret_V                      (add              ) [ 00000]
trunc_ln186_1              (partselect       ) [ 00000]
sel_tmp2                   (select           ) [ 00000]
sel_tmp5                   (select           ) [ 00000]
p_0_0_0_0_0406889894       (select           ) [ 00000]
ret_4                      (select           ) [ 00000]
tmp_1                      (bitconcatenate   ) [ 00000]
zext_ln1184                (zext             ) [ 00000]
write_ln1184               (write            ) [ 00000]
br_ln0                     (br               ) [ 00000]
ret_ln0                    (ret              ) [ 00000]
</LifeTime>

<model>

<comp_list>
<comp id="0" class="1000" name="loopWidth">
<pin_list>
<pin id="1" dir="1" index="0" bw="1" slack="0"/>
</pin_list>
<bind>
<StgValue><ssdm name="loopWidth"/></StgValue>
</bind>
</comp>

<comp id="2" class="1000" name="sel_tmp1">
<pin_list>
<pin id="3" dir="1" index="0" bw="1" slack="0"/>
</pin_list>
<bind>
<StgValue><ssdm name="sel_tmp1"/></StgValue>
</bind>
</comp>

<comp id="4" class="1000" name="sel_tmp4">
<pin_list>
<pin id="5" dir="1" index="0" bw="1" slack="0"/>
</pin_list>
<bind>
<StgValue><ssdm name="sel_tmp4"/></StgValue>
</bind>
</comp>

<comp id="6" class="1000" name="sel_tmp6">
<pin_list>
<pin id="7" dir="1" index="0" bw="1" slack="0"/>
</pin_list>
<bind>
<StgValue><ssdm name="sel_tmp6"/></StgValue>
</bind>
</comp>

<comp id="8" class="1000" name="cmp287">
<pin_list>
<pin id="9" dir="1" index="0" bw="1" slack="0"/>
</pin_list>
<bind>
<StgValue><ssdm name="cmp287"/></StgValue>
</bind>
</comp>

<comp id="10" class="1000" name="cmp391">
<pin_list>
<pin id="11" dir="1" index="0" bw="1" slack="0"/>
</pin_list>
<bind>
<StgValue><ssdm name="cmp391"/></StgValue>
</bind>
</comp>

<comp id="12" class="1000" name="cmp104">
<pin_list>
<pin id="13" dir="1" index="0" bw="1" slack="0"/>
</pin_list>
<bind>
<StgValue><ssdm name="cmp104"/></StgValue>
</bind>
</comp>

<comp id="14" class="1000" name="cmp36">
<pin_list>
<pin id="15" dir="1" index="0" bw="1" slack="0"/>
</pin_list>
<bind>
<StgValue><ssdm name="cmp36"/></StgValue>
</bind>
</comp>

<comp id="16" class="1000" name="linebuf_y_val_V">
<pin_list>
<pin id="17" dir="1" index="0" bw="1" slack="0"/>
</pin_list>
<bind>
<StgValue><ssdm name="linebuf_y_val_V"/><MemPortTyVec>0 1 </MemPortTyVec>
</StgValue>
</bind>
</comp>

<comp id="18" class="1000" name="linebuf_y_val_V_1">
<pin_list>
<pin id="19" dir="1" index="0" bw="1" slack="0"/>
</pin_list>
<bind>
<StgValue><ssdm name="linebuf_y_val_V_1"/><MemPortTyVec>2 3 </MemPortTyVec>
</StgValue>
</bind>
</comp>

<comp id="20" class="1000" name="linebuf_c_val_V">
<pin_list>
<pin id="21" dir="1" index="0" bw="1" slack="0"/>
</pin_list>
<bind>
<StgValue><ssdm name="linebuf_c_val_V"/><MemPortTyVec>0 1 </MemPortTyVec>
</StgValue>
</bind>
</comp>

<comp id="22" class="1000" name="linebuf_c_val_V_1">
<pin_list>
<pin id="23" dir="1" index="0" bw="1" slack="0"/>
</pin_list>
<bind>
<StgValue><ssdm name="linebuf_c_val_V_1"/><MemPortTyVec>0 1 </MemPortTyVec>
</StgValue>
</bind>
</comp>

<comp id="24" class="1000" name="spec_select">
<pin_list>
<pin id="25" dir="1" index="0" bw="1" slack="0"/>
</pin_list>
<bind>
<StgValue><ssdm name="spec_select"/></StgValue>
</bind>
</comp>

<comp id="26" class="1000" name="SrcYUV">
<pin_list>
<pin id="27" dir="1" index="0" bw="1" slack="0"/>
</pin_list>
<bind>
<StgValue><ssdm name="SrcYUV"/></StgValue>
</bind>
</comp>

<comp id="28" class="1000" name="linebuf_c_val_V_2">
<pin_list>
<pin id="29" dir="1" index="0" bw="1" slack="0"/>
</pin_list>
<bind>
<StgValue><ssdm name="linebuf_c_val_V_2"/><MemPortTyVec>1 3 </MemPortTyVec>
</StgValue>
</bind>
</comp>

<comp id="30" class="1000" name="SrcYUV422">
<pin_list>
<pin id="31" dir="1" index="0" bw="1" slack="0"/>
</pin_list>
<bind>
<StgValue><ssdm name="SrcYUV422"/></StgValue>
</bind>
</comp>

<comp id="32" class="1000" name="icmp_ln995">
<pin_list>
<pin id="33" dir="1" index="0" bw="1" slack="0"/>
</pin_list>
<bind>
<StgValue><ssdm name="icmp_ln995"/></StgValue>
</bind>
</comp>

<comp id="34" class="1000" name="p_0_1_0_0_0878_out">
<pin_list>
<pin id="35" dir="1" index="0" bw="1" slack="0"/>
</pin_list>
<bind>
<StgValue><ssdm name="p_0_1_0_0_0878_out"/></StgValue>
</bind>
</comp>

<comp id="36" class="1000" name="p_0_0_0_0_0423876_out">
<pin_list>
<pin id="37" dir="1" index="0" bw="1" slack="0"/>
</pin_list>
<bind>
<StgValue><ssdm name="p_0_0_0_0_0423876_out"/></StgValue>
</bind>
</comp>

<comp id="38" class="1000" name="p_0_2_0_0_0874_out">
<pin_list>
<pin id="39" dir="1" index="0" bw="1" slack="0"/>
</pin_list>
<bind>
<StgValue><ssdm name="p_0_2_0_0_0874_out"/></StgValue>
</bind>
</comp>

<comp id="40" class="1000" name="p_0_1_0_0_0872_out">
<pin_list>
<pin id="41" dir="1" index="0" bw="1" slack="0"/>
</pin_list>
<bind>
<StgValue><ssdm name="p_0_1_0_0_0872_out"/></StgValue>
</bind>
</comp>

<comp id="42" class="1000" name="p_0_0_0_0_0423870_out">
<pin_list>
<pin id="43" dir="1" index="0" bw="1" slack="0"/>
</pin_list>
<bind>
<StgValue><ssdm name="p_0_0_0_0_0423870_out"/></StgValue>
</bind>
</comp>

<comp id="44" class="1001" name="const_44">
<pin_list>
<pin id="45" dir="1" index="0" bw="1" slack="0"/>
</pin_list>
<bind>
<StgValue><ssdm name=""/></StgValue>
</bind>
</comp>

<comp id="46" class="1001" name="const_46">
<pin_list>
<pin id="47" dir="1" index="0" bw="1" slack="2147483647"/>
</pin_list>
<bind>
<StgValue><ssdm name="_ssdm_op_SpecInterface"/></StgValue>
</bind>
</comp>

<comp id="48" class="1001" name="const_48">
<pin_list>
<pin id="49" dir="1" index="0" bw="1" slack="2147483647"/>
</pin_list>
<bind>
<StgValue><ssdm name="empty_7"/></StgValue>
</bind>
</comp>

<comp id="50" class="1001" name="const_50">
<pin_list>
<pin id="51" dir="1" index="0" bw="1" slack="2147483647"/>
</pin_list>
<bind>
<StgValue><ssdm name=""/></StgValue>
</bind>
</comp>

<comp id="52" class="1001" name="const_52">
<pin_list>
<pin id="53" dir="1" index="0" bw="1" slack="2147483647"/>
</pin_list>
<bind>
<StgValue><ssdm name="empty_0"/></StgValue>
</bind>
</comp>

<comp id="54" class="1001" name="const_54">
<pin_list>
<pin id="55" dir="1" index="0" bw="1" slack="2147483647"/>
</pin_list>
<bind>
<StgValue><ssdm name=""/></StgValue>
</bind>
</comp>

<comp id="56" class="1001" name="const_56">
<pin_list>
<pin id="57" dir="1" index="0" bw="1" slack="0"/>
</pin_list>
<bind>
<StgValue><ssdm name="_ssdm_op_Read.ap_auto.i1"/></StgValue>
</bind>
</comp>

<comp id="58" class="1001" name="const_58">
<pin_list>
<pin id="59" dir="1" index="0" bw="1" slack="0"/>
</pin_list>
<bind>
<StgValue><ssdm name="_ssdm_op_Read.ap_auto.i11"/></StgValue>
</bind>
</comp>

<comp id="60" class="1001" name="const_60">
<pin_list>
<pin id="61" dir="1" index="0" bw="1" slack="0"/>
</pin_list>
<bind>
<StgValue><ssdm name=""/></StgValue>
</bind>
</comp>

<comp id="62" class="1001" name="const_62">
<pin_list>
<pin id="63" dir="1" index="0" bw="1" slack="0"/>
</pin_list>
<bind>
<StgValue><ssdm name=""/></StgValue>
</bind>
</comp>

<comp id="64" class="1001" name="const_64">
<pin_list>
<pin id="65" dir="1" index="0" bw="1" slack="2147483647"/>
</pin_list>
<bind>
<StgValue><ssdm name="_ssdm_op_SpecPipeline"/></StgValue>
</bind>
</comp>

<comp id="66" class="1001" name="const_66">
<pin_list>
<pin id="67" dir="1" index="0" bw="1" slack="2147483647"/>
</pin_list>
<bind>
<StgValue><ssdm name="_ssdm_op_SpecLoopName"/></StgValue>
</bind>
</comp>

<comp id="68" class="1001" name="const_68">
<pin_list>
<pin id="69" dir="1" index="0" bw="1" slack="2147483647"/>
</pin_list>
<bind>
<StgValue><ssdm name="empty_1"/></StgValue>
</bind>
</comp>

<comp id="70" class="1001" name="const_70">
<pin_list>
<pin id="71" dir="1" index="0" bw="1" slack="2147483647"/>
</pin_list>
<bind>
<StgValue><ssdm name="_ssdm_op_SpecLoopTripCount"/></StgValue>
</bind>
</comp>

<comp id="72" class="1001" name="const_72">
<pin_list>
<pin id="73" dir="1" index="0" bw="1" slack="0"/>
</pin_list>
<bind>
<StgValue><ssdm name=""/></StgValue>
</bind>
</comp>

<comp id="74" class="1001" name="const_74">
<pin_list>
<pin id="75" dir="1" index="0" bw="1" slack="2147483647"/>
</pin_list>
<bind>
<StgValue><ssdm name=""/></StgValue>
</bind>
</comp>

<comp id="76" class="1001" name="const_76">
<pin_list>
<pin id="77" dir="1" index="0" bw="1" slack="0"/>
</pin_list>
<bind>
<StgValue><ssdm name="_ssdm_op_Read.ap_fifo.volatile.i24P0A"/></StgValue>
</bind>
</comp>

<comp id="78" class="1001" name="const_78">
<pin_list>
<pin id="79" dir="1" index="0" bw="1" slack="0"/>
</pin_list>
<bind>
<StgValue><ssdm name="_ssdm_op_PartSelect.i8.i24.i32.i32"/></StgValue>
</bind>
</comp>

<comp id="80" class="1001" name="const_80">
<pin_list>
<pin id="81" dir="1" index="0" bw="1" slack="0"/>
</pin_list>
<bind>
<StgValue><ssdm name=""/></StgValue>
</bind>
</comp>

<comp id="82" class="1001" name="const_82">
<pin_list>
<pin id="83" dir="1" index="0" bw="1" slack="0"/>
</pin_list>
<bind>
<StgValue><ssdm name=""/></StgValue>
</bind>
</comp>

<comp id="84" class="1001" name="const_84">
<pin_list>
<pin id="85" dir="1" index="0" bw="1" slack="0"/>
</pin_list>
<bind>
<StgValue><ssdm name=""/></StgValue>
</bind>
</comp>

<comp id="86" class="1001" name="const_86">
<pin_list>
<pin id="87" dir="1" index="0" bw="1" slack="0"/>
</pin_list>
<bind>
<StgValue><ssdm name=""/></StgValue>
</bind>
</comp>

<comp id="88" class="1001" name="const_88">
<pin_list>
<pin id="89" dir="1" index="0" bw="1" slack="0"/>
</pin_list>
<bind>
<StgValue><ssdm name=""/></StgValue>
</bind>
</comp>

<comp id="90" class="1001" name="const_90">
<pin_list>
<pin id="91" dir="1" index="0" bw="1" slack="0"/>
</pin_list>
<bind>
<StgValue><ssdm name="_ssdm_op_BitConcatenate.i24.i8.i8.i8"/></StgValue>
</bind>
</comp>

<comp id="92" class="1001" name="const_92">
<pin_list>
<pin id="93" dir="1" index="0" bw="1" slack="0"/>
</pin_list>
<bind>
<StgValue><ssdm name="_ssdm_op_Write.ap_fifo.volatile.i24P0A"/></StgValue>
</bind>
</comp>

<comp id="94" class="1001" name="const_94">
<pin_list>
<pin id="95" dir="1" index="0" bw="1" slack="0"/>
</pin_list>
<bind>
<StgValue><ssdm name="_ssdm_op_BitConcatenate.i9.i8.i1"/></StgValue>
</bind>
</comp>

<comp id="96" class="1001" name="const_96">
<pin_list>
<pin id="97" dir="1" index="0" bw="1" slack="0"/>
</pin_list>
<bind>
<StgValue><ssdm name=""/></StgValue>
</bind>
</comp>

<comp id="98" class="1001" name="const_98">
<pin_list>
<pin id="99" dir="1" index="0" bw="1" slack="0"/>
</pin_list>
<bind>
<StgValue><ssdm name="_ssdm_op_PartSelect.i8.i10.i32.i32"/></StgValue>
</bind>
</comp>

<comp id="100" class="1001" name="const_100">
<pin_list>
<pin id="101" dir="1" index="0" bw="1" slack="0"/>
</pin_list>
<bind>
<StgValue><ssdm name=""/></StgValue>
</bind>
</comp>

<comp id="102" class="1001" name="const_102">
<pin_list>
<pin id="103" dir="1" index="0" bw="1" slack="0"/>
</pin_list>
<bind>
<StgValue><ssdm name=""/></StgValue>
</bind>
</comp>

<comp id="104" class="1001" name="const_104">
<pin_list>
<pin id="105" dir="1" index="0" bw="1" slack="0"/>
</pin_list>
<bind>
<StgValue><ssdm name=""/></StgValue>
</bind>
</comp>

<comp id="106" class="1001" name="const_106">
<pin_list>
<pin id="107" dir="1" index="0" bw="1" slack="0"/>
</pin_list>
<bind>
<StgValue><ssdm name="_ssdm_op_PartSelect.i8.i9.i32.i32"/></StgValue>
</bind>
</comp>

<comp id="108" class="1001" name="const_108">
<pin_list>
<pin id="109" dir="1" index="0" bw="1" slack="0"/>
</pin_list>
<bind>
<StgValue><ssdm name=""/></StgValue>
</bind>
</comp>

<comp id="110" class="1001" name="const_110">
<pin_list>
<pin id="111" dir="1" index="0" bw="1" slack="0"/>
</pin_list>
<bind>
<StgValue><ssdm name="_ssdm_op_BitConcatenate.i16.i8.i8"/></StgValue>
</bind>
</comp>

<comp id="112" class="1004" name="x_fu_112">
<pin_list>
<pin id="113" dir="0" index="0" bw="1" slack="0"/>
<pin id="114" dir="1" index="1" bw="11" slack="0"/>
</pin_list>
<bind>
<opcode="alloca(26) " fcode="alloca"/>
<opset="x/1 "/>
</bind>
</comp>

<comp id="116" class="1004" name="icmp_ln995_read_read_fu_116">
<pin_list>
<pin id="117" dir="0" index="0" bw="1" slack="0"/>
<pin id="118" dir="0" index="1" bw="1" slack="0"/>
<pin id="119" dir="1" index="2" bw="1" slack="2"/>
</pin_list>
<bind>
<opcode="read(1150) " fcode="read"/>
<opset="icmp_ln995_read/1 "/>
</bind>
</comp>

<comp id="122" class="1004" name="spec_select_read_read_fu_122">
<pin_list>
<pin id="123" dir="0" index="0" bw="1" slack="0"/>
<pin id="124" dir="0" index="1" bw="1" slack="0"/>
<pin id="125" dir="1" index="2" bw="1" slack="1"/>
</pin_list>
<bind>
<opcode="read(1150) " fcode="read"/>
<opset="spec_select_read/1 "/>
</bind>
</comp>

<comp id="128" class="1004" name="cmp36_read_read_fu_128">
<pin_list>
<pin id="129" dir="0" index="0" bw="1" slack="0"/>
<pin id="130" dir="0" index="1" bw="1" slack="0"/>
<pin id="131" dir="1" index="2" bw="1" slack="1"/>
</pin_list>
<bind>
<opcode="read(1150) " fcode="read"/>
<opset="cmp36_read/1 "/>
</bind>
</comp>

<comp id="134" class="1004" name="cmp104_read_read_fu_134">
<pin_list>
<pin id="135" dir="0" index="0" bw="1" slack="0"/>
<pin id="136" dir="0" index="1" bw="1" slack="0"/>
<pin id="137" dir="1" index="2" bw="1" slack="2"/>
</pin_list>
<bind>
<opcode="read(1150) " fcode="read"/>
<opset="cmp104_read/1 "/>
</bind>
</comp>

<comp id="140" class="1004" name="cmp391_read_read_fu_140">
<pin_list>
<pin id="141" dir="0" index="0" bw="1" slack="0"/>
<pin id="142" dir="0" index="1" bw="1" slack="0"/>
<pin id="143" dir="1" index="2" bw="1" slack="2"/>
</pin_list>
<bind>
<opcode="read(1150) " fcode="read"/>
<opset="cmp391_read/1 "/>
</bind>
</comp>

<comp id="146" class="1004" name="cmp287_read_read_fu_146">
<pin_list>
<pin id="147" dir="0" index="0" bw="1" slack="0"/>
<pin id="148" dir="0" index="1" bw="1" slack="0"/>
<pin id="149" dir="1" index="2" bw="1" slack="2"/>
</pin_list>
<bind>
<opcode="read(1150) " fcode="read"/>
<opset="cmp287_read/1 "/>
</bind>
</comp>

<comp id="152" class="1004" name="sel_tmp6_read_read_fu_152">
<pin_list>
<pin id="153" dir="0" index="0" bw="1" slack="0"/>
<pin id="154" dir="0" index="1" bw="1" slack="0"/>
<pin id="155" dir="1" index="2" bw="1" slack="1"/>
</pin_list>
<bind>
<opcode="read(1150) " fcode="read"/>
<opset="sel_tmp6_read/1 "/>
</bind>
</comp>

<comp id="158" class="1004" name="sel_tmp4_read_read_fu_158">
<pin_list>
<pin id="159" dir="0" index="0" bw="1" slack="0"/>
<pin id="160" dir="0" index="1" bw="1" slack="0"/>
<pin id="161" dir="1" index="2" bw="1" slack="1"/>
</pin_list>
<bind>
<opcode="read(1150) " fcode="read"/>
<opset="sel_tmp4_read/1 "/>
</bind>
</comp>

<comp id="164" class="1004" name="sel_tmp1_read_read_fu_164">
<pin_list>
<pin id="165" dir="0" index="0" bw="1" slack="0"/>
<pin id="166" dir="0" index="1" bw="1" slack="0"/>
<pin id="167" dir="1" index="2" bw="1" slack="3"/>
</pin_list>
<bind>
<opcode="read(1150) " fcode="read"/>
<opset="sel_tmp1_read/1 "/>
</bind>
</comp>

<comp id="170" class="1004" name="loopWidth_read_read_fu_170">
<pin_list>
<pin id="171" dir="0" index="0" bw="11" slack="0"/>
<pin id="172" dir="0" index="1" bw="11" slack="0"/>
<pin id="173" dir="1" index="2" bw="11" slack="0"/>
</pin_list>
<bind>
<opcode="read(1150) " fcode="read"/>
<opset="loopWidth_read/1 "/>
</bind>
</comp>

<comp id="176" class="1004" name="SrcYUV_read_read_fu_176">
<pin_list>
<pin id="177" dir="0" index="0" bw="24" slack="0"/>
<pin id="178" dir="0" index="1" bw="24" slack="0"/>
<pin id="179" dir="1" index="2" bw="24" slack="0"/>
</pin_list>
<bind>
<opcode="read(1150) " fcode="read"/>
<opset="SrcYUV_read/2 "/>
</bind>
</comp>

<comp id="182" class="1004" name="grp_write_fu_182">
<pin_list>
<pin id="183" dir="0" index="0" bw="0" slack="0"/>
<pin id="184" dir="0" index="1" bw="24" slack="0"/>
<pin id="185" dir="0" index="2" bw="24" slack="0"/>
<pin id="186" dir="1" index="3" bw="0" slack="2147483647"/>
</pin_list>
<bind>
<opcode="write(1151) " fcode="write"/>
<opset="write_ln1182/3 write_ln1184/4 "/>
</bind>
</comp>

<comp id="189" class="1004" name="linebuf_y_val_V_addr_gep_fu_189">
<pin_list>
<pin id="190" dir="0" index="0" bw="8" slack="0"/>
<pin id="191" dir="0" index="1" bw="1" slack="0"/>
<pin id="192" dir="0" index="2" bw="11" slack="0"/>
<pin id="193" dir="1" index="3" bw="11" slack="0"/>
</pin_list>
<bind>
<opcode="getelementptr(29) " fcode="getelementptr"/>
<opset="linebuf_y_val_V_addr/2 "/>
</bind>
</comp>

<comp id="196" class="1004" name="grp_access_fu_196">
<pin_list>
<pin id="197" dir="0" index="0" bw="11" slack="1"/>
<pin id="198" dir="0" index="1" bw="8" slack="0"/>
<pin id="199" dir="0" index="2" bw="0" slack="0"/>
<pin id="201" dir="0" index="4" bw="11" slack="2147483647"/>
<pin id="202" dir="0" index="5" bw="8" slack="2147483647"/>
<pin id="203" dir="0" index="6" bw="0" slack="2147483647"/>
<pin id="200" dir="1" index="3" bw="8" slack="2147483647"/>
<pin id="204" dir="1" index="7" bw="8" slack="0"/>
</pin_list>
<bind>
<opcode="load(27) store(28) " fcode="store"/>
<opset="LineBufVal_V_14/2 store_ln798/3 "/>
</bind>
</comp>

<comp id="206" class="1004" name="linebuf_y_val_V_1_addr_gep_fu_206">
<pin_list>
<pin id="207" dir="0" index="0" bw="8" slack="0"/>
<pin id="208" dir="0" index="1" bw="1" slack="0"/>
<pin id="209" dir="0" index="2" bw="11" slack="0"/>
<pin id="210" dir="1" index="3" bw="11" slack="1"/>
</pin_list>
<bind>
<opcode="getelementptr(29) " fcode="getelementptr"/>
<opset="linebuf_y_val_V_1_addr/2 "/>
</bind>
</comp>

<comp id="213" class="1004" name="linebuf_c_val_V_addr_gep_fu_213">
<pin_list>
<pin id="214" dir="0" index="0" bw="8" slack="0"/>
<pin id="215" dir="0" index="1" bw="1" slack="0"/>
<pin id="216" dir="0" index="2" bw="11" slack="0"/>
<pin id="217" dir="1" index="3" bw="11" slack="0"/>
</pin_list>
<bind>
<opcode="getelementptr(29) " fcode="getelementptr"/>
<opset="linebuf_c_val_V_addr/2 "/>
</bind>
</comp>

<comp id="220" class="1004" name="grp_access_fu_220">
<pin_list>
<pin id="221" dir="0" index="0" bw="11" slack="1"/>
<pin id="222" dir="0" index="1" bw="8" slack="0"/>
<pin id="223" dir="0" index="2" bw="0" slack="0"/>
<pin id="225" dir="0" index="4" bw="11" slack="2147483647"/>
<pin id="226" dir="0" index="5" bw="8" slack="2147483647"/>
<pin id="227" dir="0" index="6" bw="0" slack="2147483647"/>
<pin id="224" dir="1" index="3" bw="8" slack="2147483647"/>
<pin id="228" dir="1" index="7" bw="8" slack="0"/>
</pin_list>
<bind>
<opcode="load(27) store(28) " fcode="store"/>
<opset="LineBufVal_V/2 store_ln798/3 "/>
</bind>
</comp>

<comp id="230" class="1004" name="linebuf_c_val_V_1_addr_gep_fu_230">
<pin_list>
<pin id="231" dir="0" index="0" bw="8" slack="0"/>
<pin id="232" dir="0" index="1" bw="1" slack="0"/>
<pin id="233" dir="0" index="2" bw="11" slack="0"/>
<pin id="234" dir="1" index="3" bw="11" slack="0"/>
</pin_list>
<bind>
<opcode="getelementptr(29) " fcode="getelementptr"/>
<opset="linebuf_c_val_V_1_addr/2 "/>
</bind>
</comp>

<comp id="237" class="1004" name="grp_access_fu_237">
<pin_list>
<pin id="238" dir="0" index="0" bw="11" slack="1"/>
<pin id="239" dir="0" index="1" bw="8" slack="0"/>
<pin id="240" dir="0" index="2" bw="0" slack="0"/>
<pin id="242" dir="0" index="4" bw="11" slack="2147483647"/>
<pin id="243" dir="0" index="5" bw="8" slack="2147483647"/>
<pin id="244" dir="0" index="6" bw="0" slack="2147483647"/>
<pin id="241" dir="1" index="3" bw="8" slack="2147483647"/>
<pin id="245" dir="1" index="7" bw="8" slack="0"/>
</pin_list>
<bind>
<opcode="load(27) store(28) " fcode="store"/>
<opset="LineBufVal_V_16/2 store_ln1121/3 "/>
</bind>
</comp>

<comp id="247" class="1004" name="linebuf_c_val_V_2_addr_gep_fu_247">
<pin_list>
<pin id="248" dir="0" index="0" bw="8" slack="0"/>
<pin id="249" dir="0" index="1" bw="1" slack="0"/>
<pin id="250" dir="0" index="2" bw="11" slack="0"/>
<pin id="251" dir="1" index="3" bw="11" slack="0"/>
</pin_list>
<bind>
<opcode="getelementptr(29) " fcode="getelementptr"/>
<opset="linebuf_c_val_V_2_addr/2 "/>
</bind>
</comp>

<comp id="254" class="1004" name="grp_access_fu_254">
<pin_list>
<pin id="255" dir="0" index="0" bw="11" slack="0"/>
<pin id="256" dir="0" index="1" bw="8" slack="2147483647"/>
<pin id="257" dir="0" index="2" bw="0" slack="2147483647"/>
<pin id="258" dir="1" index="3" bw="8" slack="1"/>
</pin_list>
<bind>
<opcode="load(27) " fcode="load"/>
<opset="LineBufCVal_V/2 "/>
</bind>
</comp>

<comp id="260" class="1004" name="grp_access_fu_260">
<pin_list>
<pin id="261" dir="0" index="0" bw="11" slack="1"/>
<pin id="262" dir="0" index="1" bw="8" slack="0"/>
<pin id="263" dir="0" index="2" bw="0" slack="2147483647"/>
<pin id="264" dir="1" index="3" bw="8" slack="0"/>
</pin_list>
<bind>
<opcode="load(27) store(28) " fcode="store"/>
<opset="LineBufVal_V_15/3 store_ln1064/3 "/>
</bind>
</comp>

<comp id="265" class="1005" name="p_0_0_0_0_0404883_reg_265">
<pin_list>
<pin id="266" dir="0" index="0" bw="8" slack="2147483647"/>
<pin id="267" dir="1" index="1" bw="8" slack="2147483647"/>
</pin_list>
<bind>
<opset="p_0_0_0_0_0404883 (phireg) "/>
</bind>
</comp>

<comp id="268" class="1004" name="p_0_0_0_0_0404883_phi_fu_268">
<pin_list>
<pin id="269" dir="0" index="0" bw="8" slack="0"/>
<pin id="270" dir="0" index="1" bw="0" slack="2147483647"/>
<pin id="271" dir="0" index="2" bw="8" slack="0"/>
<pin id="272" dir="0" index="3" bw="0" slack="2147483647"/>
<pin id="273" dir="1" index="4" bw="8" slack="0"/>
</pin_list>
<bind>
<opcode="phi(47) " fcode="phi"/>
<opset="p_0_0_0_0_0404883/3 "/>
</bind>
</comp>

<comp id="275" class="1005" name="rhs_2_reg_275">
<pin_list>
<pin id="276" dir="0" index="0" bw="8" slack="2147483647"/>
<pin id="277" dir="1" index="1" bw="8" slack="2147483647"/>
</pin_list>
<bind>
<opset="rhs_2 (phireg) "/>
</bind>
</comp>

<comp id="278" class="1004" name="rhs_2_phi_fu_278">
<pin_list>
<pin id="279" dir="0" index="0" bw="8" slack="0"/>
<pin id="280" dir="0" index="1" bw="0" slack="2147483647"/>
<pin id="281" dir="0" index="2" bw="8" slack="0"/>
<pin id="282" dir="0" index="3" bw="0" slack="2147483647"/>
<pin id="283" dir="1" index="4" bw="8" slack="0"/>
</pin_list>
<bind>
<opcode="phi(47) " fcode="phi"/>
<opset="rhs_2/3 "/>
</bind>
</comp>

<comp id="286" class="1005" name="lhs_reg_286">
<pin_list>
<pin id="287" dir="0" index="0" bw="8" slack="2147483647"/>
<pin id="288" dir="1" index="1" bw="8" slack="2147483647"/>
</pin_list>
<bind>
<opset="lhs (phireg) "/>
</bind>
</comp>

<comp id="289" class="1004" name="lhs_phi_fu_289">
<pin_list>
<pin id="290" dir="0" index="0" bw="8" slack="1"/>
<pin id="291" dir="0" index="1" bw="0" slack="2147483647"/>
<pin id="292" dir="0" index="2" bw="8" slack="1"/>
<pin id="293" dir="0" index="3" bw="0" slack="2147483647"/>
<pin id="294" dir="1" index="4" bw="8" slack="0"/>
</pin_list>
<bind>
<opcode="phi(47) " fcode="phi"/>
<opset="lhs/4 "/>
</bind>
</comp>

<comp id="295" class="1004" name="store_ln0_store_fu_295">
<pin_list>
<pin id="296" dir="0" index="0" bw="1" slack="0"/>
<pin id="297" dir="0" index="1" bw="11" slack="0"/>
<pin id="298" dir="1" index="2" bw="0" slack="2147483647"/>
</pin_list>
<bind>
<opcode="store(28) " fcode="store"/>
<opset="store_ln0/1 "/>
</bind>
</comp>

<comp id="300" class="1004" name="out_x_load_fu_300">
<pin_list>
<pin id="301" dir="0" index="0" bw="11" slack="0"/>
<pin id="302" dir="1" index="1" bw="11" slack="0"/>
</pin_list>
<bind>
<opcode="load(27) " fcode="load"/>
<opset="out_x/1 "/>
</bind>
</comp>

<comp id="303" class="1004" name="icmp_ln1012_fu_303">
<pin_list>
<pin id="304" dir="0" index="0" bw="11" slack="0"/>
<pin id="305" dir="0" index="1" bw="11" slack="0"/>
<pin id="306" dir="1" index="2" bw="1" slack="1"/>
</pin_list>
<bind>
<opcode="icmp(45) " fcode="icmp"/>
<opset="icmp_ln1012/1 "/>
</bind>
</comp>

<comp id="309" class="1004" name="add_ln1012_fu_309">
<pin_list>
<pin id="310" dir="0" index="0" bw="11" slack="0"/>
<pin id="311" dir="0" index="1" bw="1" slack="0"/>
<pin id="312" dir="1" index="2" bw="11" slack="0"/>
</pin_list>
<bind>
<opcode="add(8) " fcode="add"/>
<opset="add_ln1012/1 "/>
</bind>
</comp>

<comp id="315" class="1004" name="store_ln1012_store_fu_315">
<pin_list>
<pin id="316" dir="0" index="0" bw="11" slack="0"/>
<pin id="317" dir="0" index="1" bw="11" slack="0"/>
<pin id="318" dir="1" index="2" bw="0" slack="2147483647"/>
</pin_list>
<bind>
<opcode="store(28) " fcode="store"/>
<opset="store_ln1012/1 "/>
</bind>
</comp>

<comp id="320" class="1004" name="zext_ln1012_fu_320">
<pin_list>
<pin id="321" dir="0" index="0" bw="11" slack="1"/>
<pin id="322" dir="1" index="1" bw="64" slack="0"/>
</pin_list>
<bind>
<opcode="zext(34) " fcode="zext"/>
<opset="zext_ln1012/2 "/>
</bind>
</comp>

<comp id="328" class="1004" name="trunc_ln1022_fu_328">
<pin_list>
<pin id="329" dir="0" index="0" bw="24" slack="0"/>
<pin id="330" dir="1" index="1" bw="8" slack="0"/>
</pin_list>
<bind>
<opcode="trunc(33) " fcode="trunc"/>
<opset="trunc_ln1022/2 "/>
</bind>
</comp>

<comp id="332" class="1004" name="trunc_ln1022_1_fu_332">
<pin_list>
<pin id="333" dir="0" index="0" bw="8" slack="0"/>
<pin id="334" dir="0" index="1" bw="24" slack="0"/>
<pin id="335" dir="0" index="2" bw="5" slack="0"/>
<pin id="336" dir="0" index="3" bw="5" slack="0"/>
<pin id="337" dir="1" index="4" bw="8" slack="0"/>
</pin_list>
<bind>
<opcode="partselect(1002) " fcode="partselect"/>
<opset="trunc_ln1022_1/2 "/>
</bind>
</comp>

<comp id="342" class="1004" name="trunc_ln1022_2_fu_342">
<pin_list>
<pin id="343" dir="0" index="0" bw="8" slack="0"/>
<pin id="344" dir="0" index="1" bw="24" slack="0"/>
<pin id="345" dir="0" index="2" bw="6" slack="0"/>
<pin id="346" dir="0" index="3" bw="6" slack="0"/>
<pin id="347" dir="1" index="4" bw="8" slack="0"/>
</pin_list>
<bind>
<opcode="partselect(1002) " fcode="partselect"/>
<opset="trunc_ln1022_2/2 "/>
</bind>
</comp>

<comp id="352" class="1004" name="store_ln1029_store_fu_352">
<pin_list>
<pin id="353" dir="0" index="0" bw="8" slack="0"/>
<pin id="354" dir="0" index="1" bw="8" slack="0"/>
<pin id="355" dir="1" index="2" bw="0" slack="2147483647"/>
</pin_list>
<bind>
<opcode="store(28) " fcode="store"/>
<opset="store_ln1029/2 "/>
</bind>
</comp>

<comp id="358" class="1004" name="store_ln1029_store_fu_358">
<pin_list>
<pin id="359" dir="0" index="0" bw="8" slack="0"/>
<pin id="360" dir="0" index="1" bw="8" slack="0"/>
<pin id="361" dir="1" index="2" bw="0" slack="2147483647"/>
</pin_list>
<bind>
<opcode="store(28) " fcode="store"/>
<opset="store_ln1029/2 "/>
</bind>
</comp>

<comp id="364" class="1004" name="store_ln1029_store_fu_364">
<pin_list>
<pin id="365" dir="0" index="0" bw="8" slack="0"/>
<pin id="366" dir="0" index="1" bw="8" slack="0"/>
<pin id="367" dir="1" index="2" bw="0" slack="2147483647"/>
</pin_list>
<bind>
<opcode="store(28) " fcode="store"/>
<opset="store_ln1029/2 "/>
</bind>
</comp>

<comp id="370" class="1004" name="store_ln1029_store_fu_370">
<pin_list>
<pin id="371" dir="0" index="0" bw="8" slack="0"/>
<pin id="372" dir="0" index="1" bw="8" slack="0"/>
<pin id="373" dir="1" index="2" bw="0" slack="2147483647"/>
</pin_list>
<bind>
<opcode="store(28) " fcode="store"/>
<opset="store_ln1029/2 "/>
</bind>
</comp>

<comp id="376" class="1004" name="store_ln1029_store_fu_376">
<pin_list>
<pin id="377" dir="0" index="0" bw="8" slack="0"/>
<pin id="378" dir="0" index="1" bw="8" slack="0"/>
<pin id="379" dir="1" index="2" bw="0" slack="2147483647"/>
</pin_list>
<bind>
<opcode="store(28) " fcode="store"/>
<opset="store_ln1029/2 "/>
</bind>
</comp>

<comp id="382" class="1004" name="InYPix_V_load_fu_382">
<pin_list>
<pin id="383" dir="0" index="0" bw="8" slack="0"/>
<pin id="384" dir="1" index="1" bw="8" slack="0"/>
</pin_list>
<bind>
<opcode="load(27) " fcode="load"/>
<opset="InYPix_V/3 "/>
</bind>
</comp>

<comp id="387" class="1004" name="InCPix_V_load_fu_387">
<pin_list>
<pin id="388" dir="0" index="0" bw="8" slack="0"/>
<pin id="389" dir="1" index="1" bw="8" slack="0"/>
</pin_list>
<bind>
<opcode="load(27) " fcode="load"/>
<opset="InCPix_V/3 "/>
</bind>
</comp>

<comp id="393" class="1004" name="PixBufVal_val_V_3_fu_393">
<pin_list>
<pin id="394" dir="0" index="0" bw="1" slack="2"/>
<pin id="395" dir="0" index="1" bw="8" slack="0"/>
<pin id="396" dir="0" index="2" bw="8" slack="0"/>
<pin id="397" dir="1" index="3" bw="8" slack="0"/>
</pin_list>
<bind>
<opcode="select(49) " fcode="select"/>
<opset="PixBufVal_val_V_3/3 "/>
</bind>
</comp>

<comp id="401" class="1004" name="rhs_fu_401">
<pin_list>
<pin id="402" dir="0" index="0" bw="1" slack="2"/>
<pin id="403" dir="0" index="1" bw="8" slack="0"/>
<pin id="404" dir="0" index="2" bw="8" slack="0"/>
<pin id="405" dir="1" index="3" bw="8" slack="0"/>
</pin_list>
<bind>
<opcode="select(49) " fcode="select"/>
<opset="rhs/3 "/>
</bind>
</comp>

<comp id="408" class="1004" name="PixBufVal_val_V_fu_408">
<pin_list>
<pin id="409" dir="0" index="0" bw="1" slack="2"/>
<pin id="410" dir="0" index="1" bw="8" slack="0"/>
<pin id="411" dir="0" index="2" bw="8" slack="0"/>
<pin id="412" dir="1" index="3" bw="8" slack="0"/>
</pin_list>
<bind>
<opcode="select(49) " fcode="select"/>
<opset="PixBufVal_val_V/3 "/>
</bind>
</comp>

<comp id="416" class="1004" name="zext_ln1495_2_fu_416">
<pin_list>
<pin id="417" dir="0" index="0" bw="8" slack="0"/>
<pin id="418" dir="1" index="1" bw="9" slack="0"/>
</pin_list>
<bind>
<opcode="zext(34) " fcode="zext"/>
<opset="zext_ln1495_2/3 "/>
</bind>
</comp>

<comp id="420" class="1004" name="ret_V_21_fu_420">
<pin_list>
<pin id="421" dir="0" index="0" bw="8" slack="0"/>
<pin id="422" dir="0" index="1" bw="3" slack="0"/>
<pin id="423" dir="1" index="2" bw="9" slack="1"/>
</pin_list>
<bind>
<opcode="add(8) " fcode="add"/>
<opset="ret_V_21/3 "/>
</bind>
</comp>

<comp id="426" class="1004" name="p_0_0_0_0_0423870_out_load_load_fu_426">
<pin_list>
<pin id="427" dir="0" index="0" bw="8" slack="0"/>
<pin id="428" dir="1" index="1" bw="8" slack="0"/>
</pin_list>
<bind>
<opcode="load(27) " fcode="load"/>
<opset="p_0_0_0_0_0423870_out_load/3 "/>
</bind>
</comp>

<comp id="430" class="1004" name="p_0_1_0_0_0872_out_load_load_fu_430">
<pin_list>
<pin id="431" dir="0" index="0" bw="8" slack="0"/>
<pin id="432" dir="1" index="1" bw="8" slack="0"/>
</pin_list>
<bind>
<opcode="load(27) " fcode="load"/>
<opset="p_0_1_0_0_0872_out_load/3 "/>
</bind>
</comp>

<comp id="434" class="1004" name="p_0_2_0_0_0874_out_load_load_fu_434">
<pin_list>
<pin id="435" dir="0" index="0" bw="8" slack="0"/>
<pin id="436" dir="1" index="1" bw="8" slack="0"/>
</pin_list>
<bind>
<opcode="load(27) " fcode="load"/>
<opset="p_0_2_0_0_0874_out_load/3 "/>
</bind>
</comp>

<comp id="438" class="1004" name="p_0_fu_438">
<pin_list>
<pin id="439" dir="0" index="0" bw="24" slack="0"/>
<pin id="440" dir="0" index="1" bw="8" slack="0"/>
<pin id="441" dir="0" index="2" bw="8" slack="0"/>
<pin id="442" dir="0" index="3" bw="8" slack="0"/>
<pin id="443" dir="1" index="4" bw="24" slack="0"/>
</pin_list>
<bind>
<opcode="bitconcatenate(1004) " fcode="bitconcatenate"/>
<opset="p_0/3 "/>
</bind>
</comp>

<comp id="449" class="1004" name="zext_ln1494_fu_449">
<pin_list>
<pin id="450" dir="0" index="0" bw="8" slack="1"/>
<pin id="451" dir="1" index="1" bw="9" slack="0"/>
</pin_list>
<bind>
<opcode="zext(34) " fcode="zext"/>
<opset="zext_ln1494/4 "/>
</bind>
</comp>

<comp id="452" class="1004" name="ret_V_20_fu_452">
<pin_list>
<pin id="453" dir="0" index="0" bw="9" slack="0"/>
<pin id="454" dir="0" index="1" bw="8" slack="1"/>
<pin id="455" dir="0" index="2" bw="1" slack="0"/>
<pin id="456" dir="1" index="3" bw="9" slack="0"/>
</pin_list>
<bind>
<opcode="bitconcatenate(1004) " fcode="bitconcatenate"/>
<opset="ret_V_20/4 "/>
</bind>
</comp>

<comp id="459" class="1004" name="zext_ln1495_fu_459">
<pin_list>
<pin id="460" dir="0" index="0" bw="8" slack="0"/>
<pin id="461" dir="1" index="1" bw="10" slack="0"/>
</pin_list>
<bind>
<opcode="zext(34) " fcode="zext"/>
<opset="zext_ln1495/4 "/>
</bind>
</comp>

<comp id="463" class="1004" name="zext_ln1495_1_fu_463">
<pin_list>
<pin id="464" dir="0" index="0" bw="9" slack="0"/>
<pin id="465" dir="1" index="1" bw="10" slack="0"/>
</pin_list>
<bind>
<opcode="zext(34) " fcode="zext"/>
<opset="zext_ln1495_1/4 "/>
</bind>
</comp>

<comp id="467" class="1004" name="zext_ln1495_3_fu_467">
<pin_list>
<pin id="468" dir="0" index="0" bw="9" slack="1"/>
<pin id="469" dir="1" index="1" bw="10" slack="0"/>
</pin_list>
<bind>
<opcode="zext(34) " fcode="zext"/>
<opset="zext_ln1495_3/4 "/>
</bind>
</comp>

<comp id="470" class="1004" name="add_ln1495_2_fu_470">
<pin_list>
<pin id="471" dir="0" index="0" bw="9" slack="0"/>
<pin id="472" dir="0" index="1" bw="8" slack="0"/>
<pin id="473" dir="1" index="2" bw="10" slack="0"/>
</pin_list>
<bind>
<opcode="add(8) " fcode="add"/>
<opset="add_ln1495_2/4 "/>
</bind>
</comp>

<comp id="476" class="1004" name="add_ln1495_1_fu_476">
<pin_list>
<pin id="477" dir="0" index="0" bw="10" slack="0"/>
<pin id="478" dir="0" index="1" bw="9" slack="0"/>
<pin id="479" dir="1" index="2" bw="10" slack="0"/>
</pin_list>
<bind>
<opcode="add(8) " fcode="add"/>
<opset="add_ln1495_1/4 "/>
</bind>
</comp>

<comp id="482" class="1004" name="trunc_ln3_fu_482">
<pin_list>
<pin id="483" dir="0" index="0" bw="8" slack="0"/>
<pin id="484" dir="0" index="1" bw="10" slack="0"/>
<pin id="485" dir="0" index="2" bw="3" slack="0"/>
<pin id="486" dir="0" index="3" bw="5" slack="0"/>
<pin id="487" dir="1" index="4" bw="8" slack="0"/>
</pin_list>
<bind>
<opcode="partselect(1002) " fcode="partselect"/>
<opset="trunc_ln3/4 "/>
</bind>
</comp>

<comp id="492" class="1004" name="add_ln1495_3_fu_492">
<pin_list>
<pin id="493" dir="0" index="0" bw="8" slack="0"/>
<pin id="494" dir="0" index="1" bw="1" slack="0"/>
<pin id="495" dir="1" index="2" bw="9" slack="0"/>
</pin_list>
<bind>
<opcode="add(8) " fcode="add"/>
<opset="add_ln1495_3/4 "/>
</bind>
</comp>

<comp id="498" class="1004" name="ret_V_fu_498">
<pin_list>
<pin id="499" dir="0" index="0" bw="9" slack="0"/>
<pin id="500" dir="0" index="1" bw="8" slack="1"/>
<pin id="501" dir="1" index="2" bw="9" slack="0"/>
</pin_list>
<bind>
<opcode="add(8) " fcode="add"/>
<opset="ret_V/4 "/>
</bind>
</comp>

<comp id="503" class="1004" name="trunc_ln186_1_fu_503">
<pin_list>
<pin id="504" dir="0" index="0" bw="8" slack="0"/>
<pin id="505" dir="0" index="1" bw="9" slack="0"/>
<pin id="506" dir="0" index="2" bw="1" slack="0"/>
<pin id="507" dir="0" index="3" bw="5" slack="0"/>
<pin id="508" dir="1" index="4" bw="8" slack="0"/>
</pin_list>
<bind>
<opcode="partselect(1002) " fcode="partselect"/>
<opset="trunc_ln186_1/4 "/>
</bind>
</comp>

<comp id="513" class="1004" name="sel_tmp2_fu_513">
<pin_list>
<pin id="514" dir="0" index="0" bw="1" slack="3"/>
<pin id="515" dir="0" index="1" bw="8" slack="0"/>
<pin id="516" dir="0" index="2" bw="8" slack="1"/>
<pin id="517" dir="1" index="3" bw="8" slack="0"/>
</pin_list>
<bind>
<opcode="select(49) " fcode="select"/>
<opset="sel_tmp2/4 "/>
</bind>
</comp>

<comp id="519" class="1004" name="sel_tmp5_fu_519">
<pin_list>
<pin id="520" dir="0" index="0" bw="1" slack="3"/>
<pin id="521" dir="0" index="1" bw="8" slack="0"/>
<pin id="522" dir="0" index="2" bw="8" slack="0"/>
<pin id="523" dir="1" index="3" bw="8" slack="0"/>
</pin_list>
<bind>
<opcode="select(49) " fcode="select"/>
<opset="sel_tmp5/4 "/>
</bind>
</comp>

<comp id="526" class="1004" name="p_0_0_0_0_0406889894_fu_526">
<pin_list>
<pin id="527" dir="0" index="0" bw="1" slack="3"/>
<pin id="528" dir="0" index="1" bw="8" slack="0"/>
<pin id="529" dir="0" index="2" bw="8" slack="0"/>
<pin id="530" dir="1" index="3" bw="8" slack="0"/>
</pin_list>
<bind>
<opcode="select(49) " fcode="select"/>
<opset="p_0_0_0_0_0406889894/4 "/>
</bind>
</comp>

<comp id="533" class="1004" name="ret_4_fu_533">
<pin_list>
<pin id="534" dir="0" index="0" bw="1" slack="3"/>
<pin id="535" dir="0" index="1" bw="8" slack="1"/>
<pin id="536" dir="0" index="2" bw="8" slack="0"/>
<pin id="537" dir="1" index="3" bw="8" slack="0"/>
</pin_list>
<bind>
<opcode="select(49) " fcode="select"/>
<opset="ret_4/4 "/>
</bind>
</comp>

<comp id="539" class="1004" name="tmp_1_fu_539">
<pin_list>
<pin id="540" dir="0" index="0" bw="16" slack="0"/>
<pin id="541" dir="0" index="1" bw="8" slack="0"/>
<pin id="542" dir="0" index="2" bw="8" slack="0"/>
<pin id="543" dir="1" index="3" bw="16" slack="0"/>
</pin_list>
<bind>
<opcode="bitconcatenate(1004) " fcode="bitconcatenate"/>
<opset="tmp_1/4 "/>
</bind>
</comp>

<comp id="547" class="1004" name="zext_ln1184_fu_547">
<pin_list>
<pin id="548" dir="0" index="0" bw="16" slack="0"/>
<pin id="549" dir="1" index="1" bw="24" slack="0"/>
</pin_list>
<bind>
<opcode="zext(34) " fcode="zext"/>
<opset="zext_ln1184/4 "/>
</bind>
</comp>

<comp id="552" class="1005" name="x_reg_552">
<pin_list>
<pin id="553" dir="0" index="0" bw="11" slack="0"/>
<pin id="554" dir="1" index="1" bw="11" slack="0"/>
</pin_list>
<bind>
<opset="x "/>
</bind>
</comp>

<comp id="559" class="1005" name="icmp_ln995_read_reg_559">
<pin_list>
<pin id="560" dir="0" index="0" bw="1" slack="2"/>
<pin id="561" dir="1" index="1" bw="1" slack="2147483647"/>
</pin_list>
<bind>
<opset="icmp_ln995_read "/>
</bind>
</comp>

<comp id="563" class="1005" name="spec_select_read_reg_563">
<pin_list>
<pin id="564" dir="0" index="0" bw="1" slack="1"/>
<pin id="565" dir="1" index="1" bw="1" slack="2"/>
</pin_list>
<bind>
<opset="spec_select_read "/>
</bind>
</comp>

<comp id="568" class="1005" name="cmp36_read_reg_568">
<pin_list>
<pin id="569" dir="0" index="0" bw="1" slack="1"/>
<pin id="570" dir="1" index="1" bw="1" slack="2147483647"/>
</pin_list>
<bind>
<opset="cmp36_read "/>
</bind>
</comp>

<comp id="572" class="1005" name="cmp104_read_reg_572">
<pin_list>
<pin id="573" dir="0" index="0" bw="1" slack="2"/>
<pin id="574" dir="1" index="1" bw="1" slack="2"/>
</pin_list>
<bind>
<opset="cmp104_read "/>
</bind>
</comp>

<comp id="578" class="1005" name="cmp391_read_reg_578">
<pin_list>
<pin id="579" dir="0" index="0" bw="1" slack="2"/>
<pin id="580" dir="1" index="1" bw="1" slack="2147483647"/>
</pin_list>
<bind>
<opset="cmp391_read "/>
</bind>
</comp>

<comp id="582" class="1005" name="cmp287_read_reg_582">
<pin_list>
<pin id="583" dir="0" index="0" bw="1" slack="2"/>
<pin id="584" dir="1" index="1" bw="1" slack="3"/>
</pin_list>
<bind>
<opset="cmp287_read "/>
</bind>
</comp>

<comp id="587" class="1005" name="sel_tmp6_read_reg_587">
<pin_list>
<pin id="588" dir="0" index="0" bw="1" slack="1"/>
<pin id="589" dir="1" index="1" bw="1" slack="3"/>
</pin_list>
<bind>
<opset="sel_tmp6_read "/>
</bind>
</comp>

<comp id="592" class="1005" name="sel_tmp4_read_reg_592">
<pin_list>
<pin id="593" dir="0" index="0" bw="1" slack="1"/>
<pin id="594" dir="1" index="1" bw="1" slack="3"/>
</pin_list>
<bind>
<opset="sel_tmp4_read "/>
</bind>
</comp>

<comp id="597" class="1005" name="sel_tmp1_read_reg_597">
<pin_list>
<pin id="598" dir="0" index="0" bw="1" slack="3"/>
<pin id="599" dir="1" index="1" bw="1" slack="3"/>
</pin_list>
<bind>
<opset="sel_tmp1_read "/>
</bind>
</comp>

<comp id="602" class="1005" name="out_x_reg_602">
<pin_list>
<pin id="603" dir="0" index="0" bw="11" slack="1"/>
<pin id="604" dir="1" index="1" bw="11" slack="1"/>
</pin_list>
<bind>
<opset="out_x "/>
</bind>
</comp>

<comp id="607" class="1005" name="icmp_ln1012_reg_607">
<pin_list>
<pin id="608" dir="0" index="0" bw="1" slack="1"/>
<pin id="609" dir="1" index="1" bw="1" slack="2147483647"/>
</pin_list>
<bind>
<opset="icmp_ln1012 "/>
</bind>
</comp>

<comp id="611" class="1005" name="linebuf_y_val_V_addr_reg_611">
<pin_list>
<pin id="612" dir="0" index="0" bw="11" slack="1"/>
<pin id="613" dir="1" index="1" bw="11" slack="1"/>
</pin_list>
<bind>
<opset="linebuf_y_val_V_addr "/>
</bind>
</comp>

<comp id="617" class="1005" name="linebuf_y_val_V_1_addr_reg_617">
<pin_list>
<pin id="618" dir="0" index="0" bw="11" slack="1"/>
<pin id="619" dir="1" index="1" bw="11" slack="1"/>
</pin_list>
<bind>
<opset="linebuf_y_val_V_1_addr "/>
</bind>
</comp>

<comp id="622" class="1005" name="linebuf_c_val_V_addr_reg_622">
<pin_list>
<pin id="623" dir="0" index="0" bw="11" slack="1"/>
<pin id="624" dir="1" index="1" bw="11" slack="1"/>
</pin_list>
<bind>
<opset="linebuf_c_val_V_addr "/>
</bind>
</comp>

<comp id="628" class="1005" name="linebuf_c_val_V_1_addr_reg_628">
<pin_list>
<pin id="629" dir="0" index="0" bw="11" slack="1"/>
<pin id="630" dir="1" index="1" bw="11" slack="1"/>
</pin_list>
<bind>
<opset="linebuf_c_val_V_1_addr "/>
</bind>
</comp>

<comp id="634" class="1005" name="linebuf_c_val_V_2_addr_reg_634">
<pin_list>
<pin id="635" dir="0" index="0" bw="11" slack="1"/>
<pin id="636" dir="1" index="1" bw="11" slack="1"/>
</pin_list>
<bind>
<opset="linebuf_c_val_V_2_addr "/>
</bind>
</comp>

<comp id="639" class="1005" name="LineBufVal_V_14_reg_639">
<pin_list>
<pin id="640" dir="0" index="0" bw="8" slack="1"/>
<pin id="641" dir="1" index="1" bw="8" slack="1"/>
</pin_list>
<bind>
<opset="LineBufVal_V_14 "/>
</bind>
</comp>

<comp id="644" class="1005" name="LineBufVal_V_16_reg_644">
<pin_list>
<pin id="645" dir="0" index="0" bw="8" slack="1"/>
<pin id="646" dir="1" index="1" bw="8" slack="1"/>
</pin_list>
<bind>
<opset="LineBufVal_V_16 "/>
</bind>
</comp>

<comp id="649" class="1005" name="rhs_reg_649">
<pin_list>
<pin id="650" dir="0" index="0" bw="8" slack="1"/>
<pin id="651" dir="1" index="1" bw="8" slack="1"/>
</pin_list>
<bind>
<opset="rhs "/>
</bind>
</comp>

<comp id="656" class="1005" name="LineBufCVal_V_reg_656">
<pin_list>
<pin id="657" dir="0" index="0" bw="8" slack="1"/>
<pin id="658" dir="1" index="1" bw="8" slack="1"/>
</pin_list>
<bind>
<opset="LineBufCVal_V "/>
</bind>
</comp>

<comp id="661" class="1005" name="zext_ln1495_2_reg_661">
<pin_list>
<pin id="662" dir="0" index="0" bw="9" slack="1"/>
<pin id="663" dir="1" index="1" bw="9" slack="1"/>
</pin_list>
<bind>
<opset="zext_ln1495_2 "/>
</bind>
</comp>

<comp id="666" class="1005" name="ret_V_21_reg_666">
<pin_list>
<pin id="667" dir="0" index="0" bw="9" slack="1"/>
<pin id="668" dir="1" index="1" bw="9" slack="1"/>
</pin_list>
<bind>
<opset="ret_V_21 "/>
</bind>
</comp>

</comp_list>

<net_list>
<net id="115"><net_src comp="44" pin="0"/><net_sink comp="112" pin=0"/></net>

<net id="120"><net_src comp="56" pin="0"/><net_sink comp="116" pin=0"/></net>

<net id="121"><net_src comp="32" pin="0"/><net_sink comp="116" pin=1"/></net>

<net id="126"><net_src comp="56" pin="0"/><net_sink comp="122" pin=0"/></net>

<net id="127"><net_src comp="24" pin="0"/><net_sink comp="122" pin=1"/></net>

<net id="132"><net_src comp="56" pin="0"/><net_sink comp="128" pin=0"/></net>

<net id="133"><net_src comp="14" pin="0"/><net_sink comp="128" pin=1"/></net>

<net id="138"><net_src comp="56" pin="0"/><net_sink comp="134" pin=0"/></net>

<net id="139"><net_src comp="12" pin="0"/><net_sink comp="134" pin=1"/></net>

<net id="144"><net_src comp="56" pin="0"/><net_sink comp="140" pin=0"/></net>

<net id="145"><net_src comp="10" pin="0"/><net_sink comp="140" pin=1"/></net>

<net id="150"><net_src comp="56" pin="0"/><net_sink comp="146" pin=0"/></net>

<net id="151"><net_src comp="8" pin="0"/><net_sink comp="146" pin=1"/></net>

<net id="156"><net_src comp="56" pin="0"/><net_sink comp="152" pin=0"/></net>

<net id="157"><net_src comp="6" pin="0"/><net_sink comp="152" pin=1"/></net>

<net id="162"><net_src comp="56" pin="0"/><net_sink comp="158" pin=0"/></net>

<net id="163"><net_src comp="4" pin="0"/><net_sink comp="158" pin=1"/></net>

<net id="168"><net_src comp="56" pin="0"/><net_sink comp="164" pin=0"/></net>

<net id="169"><net_src comp="2" pin="0"/><net_sink comp="164" pin=1"/></net>

<net id="174"><net_src comp="58" pin="0"/><net_sink comp="170" pin=0"/></net>

<net id="175"><net_src comp="0" pin="0"/><net_sink comp="170" pin=1"/></net>

<net id="180"><net_src comp="76" pin="0"/><net_sink comp="176" pin=0"/></net>

<net id="181"><net_src comp="26" pin="0"/><net_sink comp="176" pin=1"/></net>

<net id="187"><net_src comp="92" pin="0"/><net_sink comp="182" pin=0"/></net>

<net id="188"><net_src comp="30" pin="0"/><net_sink comp="182" pin=1"/></net>

<net id="194"><net_src comp="16" pin="0"/><net_sink comp="189" pin=0"/></net>

<net id="195"><net_src comp="72" pin="0"/><net_sink comp="189" pin=1"/></net>

<net id="205"><net_src comp="189" pin="3"/><net_sink comp="196" pin=2"/></net>

<net id="211"><net_src comp="18" pin="0"/><net_sink comp="206" pin=0"/></net>

<net id="212"><net_src comp="72" pin="0"/><net_sink comp="206" pin=1"/></net>

<net id="218"><net_src comp="20" pin="0"/><net_sink comp="213" pin=0"/></net>

<net id="219"><net_src comp="72" pin="0"/><net_sink comp="213" pin=1"/></net>

<net id="229"><net_src comp="213" pin="3"/><net_sink comp="220" pin=2"/></net>

<net id="235"><net_src comp="22" pin="0"/><net_sink comp="230" pin=0"/></net>

<net id="236"><net_src comp="72" pin="0"/><net_sink comp="230" pin=1"/></net>

<net id="246"><net_src comp="230" pin="3"/><net_sink comp="237" pin=2"/></net>

<net id="252"><net_src comp="28" pin="0"/><net_sink comp="247" pin=0"/></net>

<net id="253"><net_src comp="72" pin="0"/><net_sink comp="247" pin=1"/></net>

<net id="259"><net_src comp="247" pin="3"/><net_sink comp="254" pin=0"/></net>

<net id="274"><net_src comp="220" pin="7"/><net_sink comp="268" pin=2"/></net>

<net id="284"><net_src comp="268" pin="4"/><net_sink comp="278" pin=0"/></net>

<net id="285"><net_src comp="220" pin="7"/><net_sink comp="278" pin=2"/></net>

<net id="299"><net_src comp="60" pin="0"/><net_sink comp="295" pin=0"/></net>

<net id="307"><net_src comp="300" pin="1"/><net_sink comp="303" pin=0"/></net>

<net id="308"><net_src comp="170" pin="2"/><net_sink comp="303" pin=1"/></net>

<net id="313"><net_src comp="300" pin="1"/><net_sink comp="309" pin=0"/></net>

<net id="314"><net_src comp="62" pin="0"/><net_sink comp="309" pin=1"/></net>

<net id="319"><net_src comp="309" pin="2"/><net_sink comp="315" pin=0"/></net>

<net id="323"><net_src comp="320" pin="1"/><net_sink comp="189" pin=2"/></net>

<net id="324"><net_src comp="320" pin="1"/><net_sink comp="206" pin=2"/></net>

<net id="325"><net_src comp="320" pin="1"/><net_sink comp="213" pin=2"/></net>

<net id="326"><net_src comp="320" pin="1"/><net_sink comp="230" pin=2"/></net>

<net id="327"><net_src comp="320" pin="1"/><net_sink comp="247" pin=2"/></net>

<net id="331"><net_src comp="176" pin="2"/><net_sink comp="328" pin=0"/></net>

<net id="338"><net_src comp="78" pin="0"/><net_sink comp="332" pin=0"/></net>

<net id="339"><net_src comp="176" pin="2"/><net_sink comp="332" pin=1"/></net>

<net id="340"><net_src comp="80" pin="0"/><net_sink comp="332" pin=2"/></net>

<net id="341"><net_src comp="82" pin="0"/><net_sink comp="332" pin=3"/></net>

<net id="348"><net_src comp="78" pin="0"/><net_sink comp="342" pin=0"/></net>

<net id="349"><net_src comp="176" pin="2"/><net_sink comp="342" pin=1"/></net>

<net id="350"><net_src comp="84" pin="0"/><net_sink comp="342" pin=2"/></net>

<net id="351"><net_src comp="86" pin="0"/><net_sink comp="342" pin=3"/></net>

<net id="356"><net_src comp="332" pin="4"/><net_sink comp="352" pin=0"/></net>

<net id="357"><net_src comp="34" pin="0"/><net_sink comp="352" pin=1"/></net>

<net id="362"><net_src comp="328" pin="1"/><net_sink comp="358" pin=0"/></net>

<net id="363"><net_src comp="36" pin="0"/><net_sink comp="358" pin=1"/></net>

<net id="368"><net_src comp="342" pin="4"/><net_sink comp="364" pin=0"/></net>

<net id="369"><net_src comp="38" pin="0"/><net_sink comp="364" pin=1"/></net>

<net id="374"><net_src comp="332" pin="4"/><net_sink comp="370" pin=0"/></net>

<net id="375"><net_src comp="40" pin="0"/><net_sink comp="370" pin=1"/></net>

<net id="380"><net_src comp="328" pin="1"/><net_sink comp="376" pin=0"/></net>

<net id="381"><net_src comp="42" pin="0"/><net_sink comp="376" pin=1"/></net>

<net id="385"><net_src comp="36" pin="0"/><net_sink comp="382" pin=0"/></net>

<net id="386"><net_src comp="382" pin="1"/><net_sink comp="196" pin=1"/></net>

<net id="390"><net_src comp="34" pin="0"/><net_sink comp="387" pin=0"/></net>

<net id="391"><net_src comp="387" pin="1"/><net_sink comp="220" pin=1"/></net>

<net id="392"><net_src comp="387" pin="1"/><net_sink comp="268" pin=0"/></net>

<net id="398"><net_src comp="196" pin="7"/><net_sink comp="393" pin=1"/></net>

<net id="399"><net_src comp="382" pin="1"/><net_sink comp="393" pin=2"/></net>

<net id="400"><net_src comp="393" pin="3"/><net_sink comp="260" pin=1"/></net>

<net id="406"><net_src comp="237" pin="7"/><net_sink comp="401" pin=1"/></net>

<net id="407"><net_src comp="220" pin="7"/><net_sink comp="401" pin=2"/></net>

<net id="413"><net_src comp="401" pin="3"/><net_sink comp="408" pin=1"/></net>

<net id="414"><net_src comp="268" pin="4"/><net_sink comp="408" pin=2"/></net>

<net id="415"><net_src comp="408" pin="3"/><net_sink comp="237" pin=1"/></net>

<net id="419"><net_src comp="278" pin="4"/><net_sink comp="416" pin=0"/></net>

<net id="424"><net_src comp="416" pin="1"/><net_sink comp="420" pin=0"/></net>

<net id="425"><net_src comp="88" pin="0"/><net_sink comp="420" pin=1"/></net>

<net id="429"><net_src comp="42" pin="0"/><net_sink comp="426" pin=0"/></net>

<net id="433"><net_src comp="40" pin="0"/><net_sink comp="430" pin=0"/></net>

<net id="437"><net_src comp="38" pin="0"/><net_sink comp="434" pin=0"/></net>

<net id="444"><net_src comp="90" pin="0"/><net_sink comp="438" pin=0"/></net>

<net id="445"><net_src comp="434" pin="1"/><net_sink comp="438" pin=1"/></net>

<net id="446"><net_src comp="430" pin="1"/><net_sink comp="438" pin=2"/></net>

<net id="447"><net_src comp="426" pin="1"/><net_sink comp="438" pin=3"/></net>

<net id="448"><net_src comp="438" pin="4"/><net_sink comp="182" pin=2"/></net>

<net id="457"><net_src comp="94" pin="0"/><net_sink comp="452" pin=0"/></net>

<net id="458"><net_src comp="96" pin="0"/><net_sink comp="452" pin=2"/></net>

<net id="462"><net_src comp="289" pin="4"/><net_sink comp="459" pin=0"/></net>

<net id="466"><net_src comp="452" pin="3"/><net_sink comp="463" pin=0"/></net>

<net id="474"><net_src comp="467" pin="1"/><net_sink comp="470" pin=0"/></net>

<net id="475"><net_src comp="459" pin="1"/><net_sink comp="470" pin=1"/></net>

<net id="480"><net_src comp="470" pin="2"/><net_sink comp="476" pin=0"/></net>

<net id="481"><net_src comp="463" pin="1"/><net_sink comp="476" pin=1"/></net>

<net id="488"><net_src comp="98" pin="0"/><net_sink comp="482" pin=0"/></net>

<net id="489"><net_src comp="476" pin="2"/><net_sink comp="482" pin=1"/></net>

<net id="490"><net_src comp="100" pin="0"/><net_sink comp="482" pin=2"/></net>

<net id="491"><net_src comp="102" pin="0"/><net_sink comp="482" pin=3"/></net>

<net id="496"><net_src comp="449" pin="1"/><net_sink comp="492" pin=0"/></net>

<net id="497"><net_src comp="104" pin="0"/><net_sink comp="492" pin=1"/></net>

<net id="502"><net_src comp="492" pin="2"/><net_sink comp="498" pin=0"/></net>

<net id="509"><net_src comp="106" pin="0"/><net_sink comp="503" pin=0"/></net>

<net id="510"><net_src comp="498" pin="2"/><net_sink comp="503" pin=1"/></net>

<net id="511"><net_src comp="44" pin="0"/><net_sink comp="503" pin=2"/></net>

<net id="512"><net_src comp="80" pin="0"/><net_sink comp="503" pin=3"/></net>

<net id="518"><net_src comp="503" pin="4"/><net_sink comp="513" pin=1"/></net>

<net id="524"><net_src comp="482" pin="4"/><net_sink comp="519" pin=1"/></net>

<net id="525"><net_src comp="513" pin="3"/><net_sink comp="519" pin=2"/></net>

<net id="531"><net_src comp="108" pin="0"/><net_sink comp="526" pin=1"/></net>

<net id="532"><net_src comp="519" pin="3"/><net_sink comp="526" pin=2"/></net>

<net id="538"><net_src comp="260" pin="3"/><net_sink comp="533" pin=2"/></net>

<net id="544"><net_src comp="110" pin="0"/><net_sink comp="539" pin=0"/></net>

<net id="545"><net_src comp="526" pin="3"/><net_sink comp="539" pin=1"/></net>

<net id="546"><net_src comp="533" pin="3"/><net_sink comp="539" pin=2"/></net>

<net id="550"><net_src comp="539" pin="3"/><net_sink comp="547" pin=0"/></net>

<net id="551"><net_src comp="547" pin="1"/><net_sink comp="182" pin=2"/></net>

<net id="555"><net_src comp="112" pin="1"/><net_sink comp="552" pin=0"/></net>

<net id="556"><net_src comp="552" pin="1"/><net_sink comp="295" pin=1"/></net>

<net id="557"><net_src comp="552" pin="1"/><net_sink comp="300" pin=0"/></net>

<net id="558"><net_src comp="552" pin="1"/><net_sink comp="315" pin=1"/></net>

<net id="562"><net_src comp="116" pin="2"/><net_sink comp="559" pin=0"/></net>

<net id="566"><net_src comp="122" pin="2"/><net_sink comp="563" pin=0"/></net>

<net id="567"><net_src comp="563" pin="1"/><net_sink comp="401" pin=0"/></net>

<net id="571"><net_src comp="128" pin="2"/><net_sink comp="568" pin=0"/></net>

<net id="575"><net_src comp="134" pin="2"/><net_sink comp="572" pin=0"/></net>

<net id="576"><net_src comp="572" pin="1"/><net_sink comp="393" pin=0"/></net>

<net id="577"><net_src comp="572" pin="1"/><net_sink comp="408" pin=0"/></net>

<net id="581"><net_src comp="140" pin="2"/><net_sink comp="578" pin=0"/></net>

<net id="585"><net_src comp="146" pin="2"/><net_sink comp="582" pin=0"/></net>

<net id="586"><net_src comp="582" pin="1"/><net_sink comp="533" pin=0"/></net>

<net id="590"><net_src comp="152" pin="2"/><net_sink comp="587" pin=0"/></net>

<net id="591"><net_src comp="587" pin="1"/><net_sink comp="526" pin=0"/></net>

<net id="595"><net_src comp="158" pin="2"/><net_sink comp="592" pin=0"/></net>

<net id="596"><net_src comp="592" pin="1"/><net_sink comp="519" pin=0"/></net>

<net id="600"><net_src comp="164" pin="2"/><net_sink comp="597" pin=0"/></net>

<net id="601"><net_src comp="597" pin="1"/><net_sink comp="513" pin=0"/></net>

<net id="605"><net_src comp="300" pin="1"/><net_sink comp="602" pin=0"/></net>

<net id="606"><net_src comp="602" pin="1"/><net_sink comp="320" pin=0"/></net>

<net id="610"><net_src comp="303" pin="2"/><net_sink comp="607" pin=0"/></net>

<net id="614"><net_src comp="189" pin="3"/><net_sink comp="611" pin=0"/></net>

<net id="615"><net_src comp="611" pin="1"/><net_sink comp="196" pin=2"/></net>

<net id="616"><net_src comp="611" pin="1"/><net_sink comp="196" pin=0"/></net>

<net id="620"><net_src comp="206" pin="3"/><net_sink comp="617" pin=0"/></net>

<net id="621"><net_src comp="617" pin="1"/><net_sink comp="260" pin=0"/></net>

<net id="625"><net_src comp="213" pin="3"/><net_sink comp="622" pin=0"/></net>

<net id="626"><net_src comp="622" pin="1"/><net_sink comp="220" pin=2"/></net>

<net id="627"><net_src comp="622" pin="1"/><net_sink comp="220" pin=0"/></net>

<net id="631"><net_src comp="230" pin="3"/><net_sink comp="628" pin=0"/></net>

<net id="632"><net_src comp="628" pin="1"/><net_sink comp="237" pin=2"/></net>

<net id="633"><net_src comp="628" pin="1"/><net_sink comp="237" pin=0"/></net>

<net id="637"><net_src comp="247" pin="3"/><net_sink comp="634" pin=0"/></net>

<net id="638"><net_src comp="634" pin="1"/><net_sink comp="254" pin=0"/></net>

<net id="642"><net_src comp="196" pin="7"/><net_sink comp="639" pin=0"/></net>

<net id="643"><net_src comp="639" pin="1"/><net_sink comp="533" pin=1"/></net>

<net id="647"><net_src comp="237" pin="7"/><net_sink comp="644" pin=0"/></net>

<net id="648"><net_src comp="644" pin="1"/><net_sink comp="289" pin=0"/></net>

<net id="652"><net_src comp="401" pin="3"/><net_sink comp="649" pin=0"/></net>

<net id="653"><net_src comp="649" pin="1"/><net_sink comp="449" pin=0"/></net>

<net id="654"><net_src comp="649" pin="1"/><net_sink comp="452" pin=1"/></net>

<net id="655"><net_src comp="649" pin="1"/><net_sink comp="513" pin=2"/></net>

<net id="659"><net_src comp="254" pin="3"/><net_sink comp="656" pin=0"/></net>

<net id="660"><net_src comp="656" pin="1"/><net_sink comp="289" pin=2"/></net>

<net id="664"><net_src comp="416" pin="1"/><net_sink comp="661" pin=0"/></net>

<net id="665"><net_src comp="661" pin="1"/><net_sink comp="498" pin=1"/></net>

<net id="669"><net_src comp="420" pin="2"/><net_sink comp="666" pin=0"/></net>

<net id="670"><net_src comp="666" pin="1"/><net_sink comp="467" pin=0"/></net>

</net_list>

</model> 
---------------- Datapath Model END ------------------

* FSMD analyzer results:
  - Output states:
	Port: linebuf_y_val_V | {3 }
	Port: linebuf_y_val_V_1 | {3 }
	Port: linebuf_c_val_V | {3 }
	Port: linebuf_c_val_V_1 | {3 }
	Port: SrcYUV | {}
	Port: SrcYUV422 | {3 4 }
	Port: p_0_1_0_0_0878_out | {2 }
	Port: p_0_0_0_0_0423876_out | {2 }
	Port: p_0_2_0_0_0874_out | {2 }
	Port: p_0_1_0_0_0872_out | {2 }
	Port: p_0_0_0_0_0423870_out | {2 }
 - Input state : 
	Port: v_vcresampler_core_Pipeline_VITIS_LOOP_1012_2 : loopWidth | {1 }
	Port: v_vcresampler_core_Pipeline_VITIS_LOOP_1012_2 : sel_tmp1 | {1 }
	Port: v_vcresampler_core_Pipeline_VITIS_LOOP_1012_2 : sel_tmp4 | {1 }
	Port: v_vcresampler_core_Pipeline_VITIS_LOOP_1012_2 : sel_tmp6 | {1 }
	Port: v_vcresampler_core_Pipeline_VITIS_LOOP_1012_2 : cmp287 | {1 }
	Port: v_vcresampler_core_Pipeline_VITIS_LOOP_1012_2 : cmp391 | {1 }
	Port: v_vcresampler_core_Pipeline_VITIS_LOOP_1012_2 : cmp104 | {1 }
	Port: v_vcresampler_core_Pipeline_VITIS_LOOP_1012_2 : cmp36 | {1 }
	Port: v_vcresampler_core_Pipeline_VITIS_LOOP_1012_2 : linebuf_y_val_V | {2 3 }
	Port: v_vcresampler_core_Pipeline_VITIS_LOOP_1012_2 : linebuf_y_val_V_1 | {3 4 }
	Port: v_vcresampler_core_Pipeline_VITIS_LOOP_1012_2 : linebuf_c_val_V | {2 3 }
	Port: v_vcresampler_core_Pipeline_VITIS_LOOP_1012_2 : linebuf_c_val_V_1 | {2 3 }
	Port: v_vcresampler_core_Pipeline_VITIS_LOOP_1012_2 : spec_select | {1 }
	Port: v_vcresampler_core_Pipeline_VITIS_LOOP_1012_2 : SrcYUV | {2 }
	Port: v_vcresampler_core_Pipeline_VITIS_LOOP_1012_2 : linebuf_c_val_V_2 | {2 3 }
	Port: v_vcresampler_core_Pipeline_VITIS_LOOP_1012_2 : SrcYUV422 | {}
	Port: v_vcresampler_core_Pipeline_VITIS_LOOP_1012_2 : icmp_ln995 | {1 }
	Port: v_vcresampler_core_Pipeline_VITIS_LOOP_1012_2 : p_0_1_0_0_0878_out | {3 }
	Port: v_vcresampler_core_Pipeline_VITIS_LOOP_1012_2 : p_0_0_0_0_0423876_out | {3 }
	Port: v_vcresampler_core_Pipeline_VITIS_LOOP_1012_2 : p_0_2_0_0_0874_out | {3 }
	Port: v_vcresampler_core_Pipeline_VITIS_LOOP_1012_2 : p_0_1_0_0_0872_out | {3 }
	Port: v_vcresampler_core_Pipeline_VITIS_LOOP_1012_2 : p_0_0_0_0_0423870_out | {3 }
  - Chain level:
	State 1
		store_ln0 : 1
		out_x : 1
		icmp_ln1012 : 2
		add_ln1012 : 2
		br_ln1012 : 3
		store_ln1012 : 3
	State 2
		store_ln1029 : 1
		store_ln1029 : 1
		store_ln1029 : 1
		store_ln1029 : 1
		store_ln1029 : 1
		linebuf_y_val_V_addr : 1
		LineBufVal_V_14 : 2
		linebuf_y_val_V_1_addr : 1
		linebuf_c_val_V_addr : 1
		LineBufVal_V : 2
		linebuf_c_val_V_1_addr : 1
		LineBufVal_V_16 : 2
		linebuf_c_val_V_2_addr : 1
		LineBufCVal_V : 2
	State 3
		store_ln798 : 1
		PixBufVal_val_V_3 : 1
		store_ln1064 : 2
		rhs : 1
		store_ln798 : 1
		p_0_0_0_0_0404883 : 1
		PixBufVal_val_V : 2
		store_ln1121 : 3
		rhs_2 : 2
		zext_ln1495_2 : 3
		ret_V_21 : 4
		p_0 : 1
		write_ln1182 : 2
	State 4
		zext_ln1495 : 1
		zext_ln1495_1 : 1
		add_ln1495_2 : 2
		add_ln1495_1 : 3
		trunc_ln3 : 4
		add_ln1495_3 : 1
		ret_V : 2
		trunc_ln186_1 : 3
		sel_tmp2 : 4
		sel_tmp5 : 5
		p_0_0_0_0_0406889894 : 6
		ret_4 : 1
		tmp_1 : 7
		zext_ln1184 : 8
		write_ln1184 : 9


============================================================
+ Verbose Summary: Datapath Resource usage 
============================================================

* Functional unit list:
|----------|------------------------------|---------|---------|
| Operation|        Functional Unit       |    FF   |   LUT   |
|----------|------------------------------|---------|---------|
|          |       add_ln1012_fu_309      |    0    |    18   |
|          |        ret_V_21_fu_420       |    0    |    15   |
|    add   |      add_ln1495_2_fu_470     |    0    |    18   |
|          |      add_ln1495_1_fu_476     |    0    |    18   |
|          |      add_ln1495_3_fu_492     |    0    |    19   |
|          |         ret_V_fu_498         |    0    |    18   |
|----------|------------------------------|---------|---------|
|          |   PixBufVal_val_V_3_fu_393   |    0    |    8    |
|          |          rhs_fu_401          |    0    |    8    |
|          |    PixBufVal_val_V_fu_408    |    0    |    8    |
|  select  |        sel_tmp2_fu_513       |    0    |    8    |
|          |        sel_tmp5_fu_519       |    0    |    8    |
|          |  p_0_0_0_0_0406889894_fu_526 |    0    |    8    |
|          |         ret_4_fu_533         |    0    |    8    |
|----------|------------------------------|---------|---------|
|   icmp   |      icmp_ln1012_fu_303      |    0    |    11   |
|----------|------------------------------|---------|---------|
|          |  icmp_ln995_read_read_fu_116 |    0    |    0    |
|          | spec_select_read_read_fu_122 |    0    |    0    |
|          |    cmp36_read_read_fu_128    |    0    |    0    |
|          |    cmp104_read_read_fu_134   |    0    |    0    |
|          |    cmp391_read_read_fu_140   |    0    |    0    |
|   read   |    cmp287_read_read_fu_146   |    0    |    0    |
|          |   sel_tmp6_read_read_fu_152  |    0    |    0    |
|          |   sel_tmp4_read_read_fu_158  |    0    |    0    |
|          |   sel_tmp1_read_read_fu_164  |    0    |    0    |
|          |  loopWidth_read_read_fu_170  |    0    |    0    |
|          |    SrcYUV_read_read_fu_176   |    0    |    0    |
|----------|------------------------------|---------|---------|
|   write  |       grp_write_fu_182       |    0    |    0    |
|----------|------------------------------|---------|---------|
|          |      zext_ln1012_fu_320      |    0    |    0    |
|          |     zext_ln1495_2_fu_416     |    0    |    0    |
|          |      zext_ln1494_fu_449      |    0    |    0    |
|   zext   |      zext_ln1495_fu_459      |    0    |    0    |
|          |     zext_ln1495_1_fu_463     |    0    |    0    |
|          |     zext_ln1495_3_fu_467     |    0    |    0    |
|          |      zext_ln1184_fu_547      |    0    |    0    |
|----------|------------------------------|---------|---------|
|   trunc  |      trunc_ln1022_fu_328     |    0    |    0    |
|----------|------------------------------|---------|---------|
|          |     trunc_ln1022_1_fu_332    |    0    |    0    |
|partselect|     trunc_ln1022_2_fu_342    |    0    |    0    |
|          |       trunc_ln3_fu_482       |    0    |    0    |
|          |     trunc_ln186_1_fu_503     |    0    |    0    |
|----------|------------------------------|---------|---------|
|          |          p_0_fu_438          |    0    |    0    |
|bitconcatenate|        ret_V_20_fu_452       |    0    |    0    |
|          |         tmp_1_fu_539         |    0    |    0    |
|----------|------------------------------|---------|---------|
|   Total  |                              |    0    |   173   |
|----------|------------------------------|---------|---------|

Memories:
N/A

* Register list:
+------------------------------+--------+
|                              |   FF   |
+------------------------------+--------+
|     LineBufCVal_V_reg_656    |    8   |
|    LineBufVal_V_14_reg_639   |    8   |
|    LineBufVal_V_16_reg_644   |    8   |
|      cmp104_read_reg_572     |    1   |
|      cmp287_read_reg_582     |    1   |
|      cmp36_read_reg_568      |    1   |
|      cmp391_read_reg_578     |    1   |
|      icmp_ln1012_reg_607     |    1   |
|    icmp_ln995_read_reg_559   |    1   |
|          lhs_reg_286         |    8   |
|linebuf_c_val_V_1_addr_reg_628|   11   |
|linebuf_c_val_V_2_addr_reg_634|   11   |
| linebuf_c_val_V_addr_reg_622 |   11   |
|linebuf_y_val_V_1_addr_reg_617|   11   |
| linebuf_y_val_V_addr_reg_611 |   11   |
|         out_x_reg_602        |   11   |
|   p_0_0_0_0_0404883_reg_265  |    8   |
|       ret_V_21_reg_666       |    9   |
|         rhs_2_reg_275        |    8   |
|          rhs_reg_649         |    8   |
|     sel_tmp1_read_reg_597    |    1   |
|     sel_tmp4_read_reg_592    |    1   |
|     sel_tmp6_read_reg_587    |    1   |
|   spec_select_read_reg_563   |    1   |
|           x_reg_552          |   11   |
|     zext_ln1495_2_reg_661    |    9   |
+------------------------------+--------+
|             Total            |   161  |
+------------------------------+--------+

* Multiplexer (MUX) list: 
|-------------------|------|------|------|--------||---------||---------|
|        Comp       |  Pin | Size |  BW  | S x BW ||  Delay  ||   LUT   |
|-------------------|------|------|------|--------||---------||---------|
|  grp_write_fu_182 |  p2  |   2  |  24  |   48   ||    9    |
| grp_access_fu_196 |  p2  |   2  |   0  |    0   ||    9    |
| grp_access_fu_220 |  p2  |   2  |   0  |    0   ||    9    |
| grp_access_fu_237 |  p2  |   2  |   0  |    0   ||    9    |
| grp_access_fu_254 |  p0  |   2  |  11  |   22   ||    9    |
|-------------------|------|------|------|--------||---------||---------|
|       Total       |      |      |      |   70   ||  2.135  ||    45   |
|-------------------|------|------|------|--------||---------||---------|



* Summary:
+-----------+--------+--------+--------+
|           |  Delay |   FF   |   LUT  |
+-----------+--------+--------+--------+
|  Function |    -   |    0   |   173  |
|   Memory  |    -   |    -   |    -   |
|Multiplexer|    2   |    -   |   45   |
|  Register |    -   |   161  |    -   |
+-----------+--------+--------+--------+
|   Total   |    2   |   161  |   218  |
+-----------+--------+--------+--------+
