/home/user/Documents/kria-vitis-platforms/kv260/platforms/vivado/kv260_ispMipiRx_vcu_DP/project/kv260_ispMipiRx_vcu_DP.runs/bd_eab1_vsc_0_synth_1/prj/sol/.autopilot/db/v_vscaler.pp.0.cpp:1443:7: warning: Added loop label VITIS_LOOP_1211_1:   [xilinx-label-all-loops]
      for (i = 0; i < __N - 1; ++i) {
      ^~~
      VITIS_LOOP_1211_1: 
/home/user/Documents/kria-vitis-platforms/kv260/platforms/vivado/kv260_ispMipiRx_vcu_DP/project/kv260_ispMipiRx_vcu_DP.runs/bd_eab1_vsc_0_synth_1/prj/sol/.autopilot/db/v_vscaler.pp.0.cpp:1443:7: note: FIX-IT applied suggested code changes
/home/user/Documents/kria-vitis-platforms/kv260/platforms/vivado/kv260_ispMipiRx_vcu_DP/project/kv260_ispMipiRx_vcu_DP.runs/bd_eab1_vsc_0_synth_1/prj/sol/.autopilot/db/v_vscaler.pp.0.cpp:2417:5: warning: Added loop label VITIS_LOOP_676_1:   [xilinx-label-all-loops]
    for (unsigned i = low; i != high; ++i) {
    ^~~
    VITIS_LOOP_676_1: 
/home/user/Documents/kria-vitis-platforms/kv260/platforms/vivado/kv260_ispMipiRx_vcu_DP/project/kv260_ispMipiRx_vcu_DP.runs/bd_eab1_vsc_0_synth_1/prj/sol/.autopilot/db/v_vscaler.pp.0.cpp:2417:5: note: FIX-IT applied suggested code changes
/home/user/Documents/kria-vitis-platforms/kv260/platforms/vivado/kv260_ispMipiRx_vcu_DP/project/kv260_ispMipiRx_vcu_DP.runs/bd_eab1_vsc_0_synth_1/prj/sol/.autopilot/db/v_vscaler.pp.0.cpp:2431:5: warning: Added loop label VITIS_LOOP_690_1:   [xilinx-label-all-loops]
    for (unsigned i = low; i != high; ++i) {
    ^~~
    VITIS_LOOP_690_1: 
/home/user/Documents/kria-vitis-platforms/kv260/platforms/vivado/kv260_ispMipiRx_vcu_DP/project/kv260_ispMipiRx_vcu_DP.runs/bd_eab1_vsc_0_synth_1/prj/sol/.autopilot/db/v_vscaler.pp.0.cpp:2431:5: note: FIX-IT applied suggested code changes
/home/user/Documents/kria-vitis-platforms/kv260/platforms/vivado/kv260_ispMipiRx_vcu_DP/project/kv260_ispMipiRx_vcu_DP.runs/bd_eab1_vsc_0_synth_1/prj/sol/.autopilot/db/v_vscaler.pp.0.cpp:2445:5: warning: Added loop label VITIS_LOOP_704_1:   [xilinx-label-all-loops]
    for (unsigned i = low; i != high; ++i) {
    ^~~
    VITIS_LOOP_704_1: 
/home/user/Documents/kria-vitis-platforms/kv260/platforms/vivado/kv260_ispMipiRx_vcu_DP/project/kv260_ispMipiRx_vcu_DP.runs/bd_eab1_vsc_0_synth_1/prj/sol/.autopilot/db/v_vscaler.pp.0.cpp:2445:5: note: FIX-IT applied suggested code changes
/home/user/Documents/kria-vitis-platforms/kv260/platforms/vivado/kv260_ispMipiRx_vcu_DP/project/kv260_ispMipiRx_vcu_DP.runs/bd_eab1_vsc_0_synth_1/prj/sol/.autopilot/db/v_vscaler.pp.0.cpp:4056:7: warning: Added loop label VITIS_LOOP_1245_1:   [xilinx-label-all-loops]
      for (i = 0; i < __N - 1; ++i) {
      ^~~
      VITIS_LOOP_1245_1: 
/home/user/Documents/kria-vitis-platforms/kv260/platforms/vivado/kv260_ispMipiRx_vcu_DP/project/kv260_ispMipiRx_vcu_DP.runs/bd_eab1_vsc_0_synth_1/prj/sol/.autopilot/db/v_vscaler.pp.0.cpp:4056:7: note: FIX-IT applied suggested code changes
/home/user/Documents/kria-vitis-platforms/kv260/platforms/vivado/kv260_ispMipiRx_vcu_DP/project/kv260_ispMipiRx_vcu_DP.runs/bd_eab1_vsc_0_synth_1/prj/sol/.autopilot/db/v_vscaler.pp.0.cpp:15958:72: error: Invalid Directive: for current device, ROM_1P + LUTRAM is invalid combination for BIND_STORAGE's option 'type + impl' [clang-diagnostic-error]
#pragma HLS BIND_STORAGE variable=fourth_order_double::sin_cos_K0 type=ROM_1P impl=LUTRAM
                                                                       ^
/home/user/Documents/kria-vitis-platforms/kv260/platforms/vivado/kv260_ispMipiRx_vcu_DP/project/kv260_ispMipiRx_vcu_DP.runs/bd_eab1_vsc_0_synth_1/prj/sol/.autopilot/db/v_vscaler.pp.0.cpp:15959:72: error: Invalid Directive: for current device, ROM_1P + LUTRAM is invalid combination for BIND_STORAGE's option 'type + impl' [clang-diagnostic-error]
#pragma HLS BIND_STORAGE variable=fourth_order_double::sin_cos_K1 type=ROM_1P impl=LUTRAM
                                                                       ^
/home/user/Documents/kria-vitis-platforms/kv260/platforms/vivado/kv260_ispMipiRx_vcu_DP/project/kv260_ispMipiRx_vcu_DP.runs/bd_eab1_vsc_0_synth_1/prj/sol/.autopilot/db/v_vscaler.pp.0.cpp:15960:72: error: Invalid Directive: for current device, ROM_1P + LUTRAM is invalid combination for BIND_STORAGE's option 'type + impl' [clang-diagnostic-error]
#pragma HLS BIND_STORAGE variable=fourth_order_double::sin_cos_K2 type=ROM_1P impl=LUTRAM
                                                                       ^
/home/user/Documents/kria-vitis-platforms/kv260/platforms/vivado/kv260_ispMipiRx_vcu_DP/project/kv260_ispMipiRx_vcu_DP.runs/bd_eab1_vsc_0_synth_1/prj/sol/.autopilot/db/v_vscaler.pp.0.cpp:15961:72: error: Invalid Directive: for current device, ROM_1P + LUTRAM is invalid combination for BIND_STORAGE's option 'type + impl' [clang-diagnostic-error]
#pragma HLS BIND_STORAGE variable=fourth_order_double::sin_cos_K3 type=ROM_1P impl=LUTRAM
                                                                       ^
/home/user/Documents/kria-vitis-platforms/kv260/platforms/vivado/kv260_ispMipiRx_vcu_DP/project/kv260_ispMipiRx_vcu_DP.runs/bd_eab1_vsc_0_synth_1/prj/sol/.autopilot/db/v_vscaler.pp.0.cpp:15962:72: error: Invalid Directive: for current device, ROM_1P + LUTRAM is invalid combination for BIND_STORAGE's option 'type + impl' [clang-diagnostic-error]
#pragma HLS BIND_STORAGE variable=fourth_order_double::sin_cos_K4 type=ROM_1P impl=LUTRAM
                                                                       ^
/home/user/Documents/kria-vitis-platforms/kv260/platforms/vivado/kv260_ispMipiRx_vcu_DP/project/kv260_ispMipiRx_vcu_DP.runs/bd_eab1_vsc_0_synth_1/prj/sol/.autopilot/db/v_vscaler.pp.0.cpp:15992:68: error: Invalid Directive: for current device, ROM_1P + LUTRAM is invalid combination for BIND_STORAGE's option 'type + impl' [clang-diagnostic-error]
#pragma HLS BIND_STORAGE variable=fourth_order_double::cos_K0 type=ROM_1P impl=LUTRAM
                                                                   ^
/home/user/Documents/kria-vitis-platforms/kv260/platforms/vivado/kv260_ispMipiRx_vcu_DP/project/kv260_ispMipiRx_vcu_DP.runs/bd_eab1_vsc_0_synth_1/prj/sol/.autopilot/db/v_vscaler.pp.0.cpp:15993:68: error: Invalid Directive: for current device, ROM_1P + LUTRAM is invalid combination for BIND_STORAGE's option 'type + impl' [clang-diagnostic-error]
#pragma HLS BIND_STORAGE variable=fourth_order_double::cos_K1 type=ROM_1P impl=LUTRAM
                                                                   ^
/home/user/Documents/kria-vitis-platforms/kv260/platforms/vivado/kv260_ispMipiRx_vcu_DP/project/kv260_ispMipiRx_vcu_DP.runs/bd_eab1_vsc_0_synth_1/prj/sol/.autopilot/db/v_vscaler.pp.0.cpp:15994:68: error: Invalid Directive: for current device, ROM_1P + LUTRAM is invalid combination for BIND_STORAGE's option 'type + impl' [clang-diagnostic-error]
#pragma HLS BIND_STORAGE variable=fourth_order_double::cos_K2 type=ROM_1P impl=LUTRAM
                                                                   ^
/home/user/Documents/kria-vitis-platforms/kv260/platforms/vivado/kv260_ispMipiRx_vcu_DP/project/kv260_ispMipiRx_vcu_DP.runs/bd_eab1_vsc_0_synth_1/prj/sol/.autopilot/db/v_vscaler.pp.0.cpp:15995:68: error: Invalid Directive: for current device, ROM_1P + LUTRAM is invalid combination for BIND_STORAGE's option 'type + impl' [clang-diagnostic-error]
#pragma HLS BIND_STORAGE variable=fourth_order_double::cos_K3 type=ROM_1P impl=LUTRAM
                                                                   ^
/home/user/Documents/kria-vitis-platforms/kv260/platforms/vivado/kv260_ispMipiRx_vcu_DP/project/kv260_ispMipiRx_vcu_DP.runs/bd_eab1_vsc_0_synth_1/prj/sol/.autopilot/db/v_vscaler.pp.0.cpp:15996:68: error: Invalid Directive: for current device, ROM_1P + LUTRAM is invalid combination for BIND_STORAGE's option 'type + impl' [clang-diagnostic-error]
#pragma HLS BIND_STORAGE variable=fourth_order_double::cos_K4 type=ROM_1P impl=LUTRAM
                                                                   ^
/home/user/Documents/kria-vitis-platforms/kv260/platforms/vivado/kv260_ispMipiRx_vcu_DP/project/kv260_ispMipiRx_vcu_DP.runs/bd_eab1_vsc_0_synth_1/prj/sol/.autopilot/db/v_vscaler.pp.0.cpp:15997:68: error: Invalid Directive: for current device, ROM_1P + LUTRAM is invalid combination for BIND_STORAGE's option 'type + impl' [clang-diagnostic-error]
#pragma HLS BIND_STORAGE variable=fourth_order_double::sin_K0 type=ROM_1P impl=LUTRAM
                                                                   ^
/home/user/Documents/kria-vitis-platforms/kv260/platforms/vivado/kv260_ispMipiRx_vcu_DP/project/kv260_ispMipiRx_vcu_DP.runs/bd_eab1_vsc_0_synth_1/prj/sol/.autopilot/db/v_vscaler.pp.0.cpp:15998:68: error: Invalid Directive: for current device, ROM_1P + LUTRAM is invalid combination for BIND_STORAGE's option 'type + impl' [clang-diagnostic-error]
#pragma HLS BIND_STORAGE variable=fourth_order_double::sin_K1 type=ROM_1P impl=LUTRAM
                                                                   ^
/home/user/Documents/kria-vitis-platforms/kv260/platforms/vivado/kv260_ispMipiRx_vcu_DP/project/kv260_ispMipiRx_vcu_DP.runs/bd_eab1_vsc_0_synth_1/prj/sol/.autopilot/db/v_vscaler.pp.0.cpp:15999:68: error: Invalid Directive: for current device, ROM_1P + LUTRAM is invalid combination for BIND_STORAGE's option 'type + impl' [clang-diagnostic-error]
#pragma HLS BIND_STORAGE variable=fourth_order_double::sin_K2 type=ROM_1P impl=LUTRAM
                                                                   ^
/home/user/Documents/kria-vitis-platforms/kv260/platforms/vivado/kv260_ispMipiRx_vcu_DP/project/kv260_ispMipiRx_vcu_DP.runs/bd_eab1_vsc_0_synth_1/prj/sol/.autopilot/db/v_vscaler.pp.0.cpp:16000:68: error: Invalid Directive: for current device, ROM_1P + LUTRAM is invalid combination for BIND_STORAGE's option 'type + impl' [clang-diagnostic-error]
#pragma HLS BIND_STORAGE variable=fourth_order_double::sin_K3 type=ROM_1P impl=LUTRAM
                                                                   ^
/home/user/Documents/kria-vitis-platforms/kv260/platforms/vivado/kv260_ispMipiRx_vcu_DP/project/kv260_ispMipiRx_vcu_DP.runs/bd_eab1_vsc_0_synth_1/prj/sol/.autopilot/db/v_vscaler.pp.0.cpp:16001:68: error: Invalid Directive: for current device, ROM_1P + LUTRAM is invalid combination for BIND_STORAGE's option 'type + impl' [clang-diagnostic-error]
#pragma HLS BIND_STORAGE variable=fourth_order_double::sin_K4 type=ROM_1P impl=LUTRAM
                                                                   ^
/home/user/Documents/kria-vitis-platforms/kv260/platforms/vivado/kv260_ispMipiRx_vcu_DP/project/kv260_ispMipiRx_vcu_DP.runs/bd_eab1_vsc_0_synth_1/prj/sol/.autopilot/db/v_vscaler.pp.0.cpp:16051:71: error: Invalid Directive: for current device, ROM_1P + LUTRAM is invalid combination for BIND_STORAGE's option 'type + impl' [clang-diagnostic-error]
#pragma HLS BIND_STORAGE variable=second_order_float::sin_cos_K0 type=ROM_1P impl=LUTRAM
                                                                      ^
/home/user/Documents/kria-vitis-platforms/kv260/platforms/vivado/kv260_ispMipiRx_vcu_DP/project/kv260_ispMipiRx_vcu_DP.runs/bd_eab1_vsc_0_synth_1/prj/sol/.autopilot/db/v_vscaler.pp.0.cpp:16052:71: error: Invalid Directive: for current device, ROM_1P + LUTRAM is invalid combination for BIND_STORAGE's option 'type + impl' [clang-diagnostic-error]
#pragma HLS BIND_STORAGE variable=second_order_float::sin_cos_K1 type=ROM_1P impl=LUTRAM
                                                                      ^
/home/user/Documents/kria-vitis-platforms/kv260/platforms/vivado/kv260_ispMipiRx_vcu_DP/project/kv260_ispMipiRx_vcu_DP.runs/bd_eab1_vsc_0_synth_1/prj/sol/.autopilot/db/v_vscaler.pp.0.cpp:16053:71: error: Invalid Directive: for current device, ROM_1P + LUTRAM is invalid combination for BIND_STORAGE's option 'type + impl' [clang-diagnostic-error]
#pragma HLS BIND_STORAGE variable=second_order_float::sin_cos_K2 type=ROM_1P impl=LUTRAM
                                                                      ^
/home/user/Documents/kria-vitis-platforms/kv260/platforms/vivado/kv260_ispMipiRx_vcu_DP/project/kv260_ispMipiRx_vcu_DP.runs/bd_eab1_vsc_0_synth_1/prj/sol/.autopilot/db/v_vscaler.pp.0.cpp:16080:67: error: Invalid Directive: for current device, ROM_1P + LUTRAM is invalid combination for BIND_STORAGE's option 'type + impl' [clang-diagnostic-error]
#pragma HLS BIND_STORAGE variable=second_order_float::cos_K0 type=ROM_1P impl=LUTRAM
                                                                  ^
/home/user/Documents/kria-vitis-platforms/kv260/platforms/vivado/kv260_ispMipiRx_vcu_DP/project/kv260_ispMipiRx_vcu_DP.runs/bd_eab1_vsc_0_synth_1/prj/sol/.autopilot/db/v_vscaler.pp.0.cpp:16081:67: error: Invalid Directive: for current device, ROM_1P + LUTRAM is invalid combination for BIND_STORAGE's option 'type + impl' [clang-diagnostic-error]
#pragma HLS BIND_STORAGE variable=second_order_float::cos_K1 type=ROM_1P impl=LUTRAM
                                                                  ^
/home/user/Documents/kria-vitis-platforms/kv260/platforms/vivado/kv260_ispMipiRx_vcu_DP/project/kv260_ispMipiRx_vcu_DP.runs/bd_eab1_vsc_0_synth_1/prj/sol/.autopilot/db/v_vscaler.pp.0.cpp:16082:67: error: Invalid Directive: for current device, ROM_1P + LUTRAM is invalid combination for BIND_STORAGE's option 'type + impl' [clang-diagnostic-error]
#pragma HLS BIND_STORAGE variable=second_order_float::cos_K2 type=ROM_1P impl=LUTRAM
                                                                  ^
/home/user/Documents/kria-vitis-platforms/kv260/platforms/vivado/kv260_ispMipiRx_vcu_DP/project/kv260_ispMipiRx_vcu_DP.runs/bd_eab1_vsc_0_synth_1/prj/sol/.autopilot/db/v_vscaler.pp.0.cpp:16083:67: error: Invalid Directive: for current device, ROM_1P + LUTRAM is invalid combination for BIND_STORAGE's option 'type + impl' [clang-diagnostic-error]
#pragma HLS BIND_STORAGE variable=second_order_float::sin_K0 type=ROM_1P impl=LUTRAM
                                                                  ^
/home/user/Documents/kria-vitis-platforms/kv260/platforms/vivado/kv260_ispMipiRx_vcu_DP/project/kv260_ispMipiRx_vcu_DP.runs/bd_eab1_vsc_0_synth_1/prj/sol/.autopilot/db/v_vscaler.pp.0.cpp:16084:67: error: Invalid Directive: for current device, ROM_1P + LUTRAM is invalid combination for BIND_STORAGE's option 'type + impl' [clang-diagnostic-error]
#pragma HLS BIND_STORAGE variable=second_order_float::sin_K1 type=ROM_1P impl=LUTRAM
                                                                  ^
/home/user/Documents/kria-vitis-platforms/kv260/platforms/vivado/kv260_ispMipiRx_vcu_DP/project/kv260_ispMipiRx_vcu_DP.runs/bd_eab1_vsc_0_synth_1/prj/sol/.autopilot/db/v_vscaler.pp.0.cpp:16085:67: error: Invalid Directive: for current device, ROM_1P + LUTRAM is invalid combination for BIND_STORAGE's option 'type + impl' [clang-diagnostic-error]
#pragma HLS BIND_STORAGE variable=second_order_float::sin_K2 type=ROM_1P impl=LUTRAM
                                                                  ^
/home/user/Documents/kria-vitis-platforms/kv260/platforms/vivado/kv260_ispMipiRx_vcu_DP/project/kv260_ispMipiRx_vcu_DP.runs/bd_eab1_vsc_0_synth_1/prj/sol/.autopilot/db/v_vscaler.pp.0.cpp:16121:73: error: Invalid Directive: for current device, ROM_1P + LUTRAM is invalid combination for BIND_STORAGE's option 'type + impl' [clang-diagnostic-error]
#pragma HLS BIND_STORAGE variable=first_order_fixed_16::sin_cos_K0 type=ROM_1P impl=LUTRAM
                                                                        ^
/home/user/Documents/kria-vitis-platforms/kv260/platforms/vivado/kv260_ispMipiRx_vcu_DP/project/kv260_ispMipiRx_vcu_DP.runs/bd_eab1_vsc_0_synth_1/prj/sol/.autopilot/db/v_vscaler.pp.0.cpp:16122:73: error: Invalid Directive: for current device, ROM_1P + LUTRAM is invalid combination for BIND_STORAGE's option 'type + impl' [clang-diagnostic-error]
#pragma HLS BIND_STORAGE variable=first_order_fixed_16::sin_cos_K1 type=ROM_1P impl=LUTRAM
                                                                        ^
/home/user/Documents/kria-vitis-platforms/kv260/platforms/vivado/kv260_ispMipiRx_vcu_DP/project/kv260_ispMipiRx_vcu_DP.runs/bd_eab1_vsc_0_synth_1/prj/sol/.autopilot/db/v_vscaler.pp.0.cpp:16396:5: warning: Added loop label VITIS_LOOP_87_1:   [xilinx-label-all-loops]
    for (int n=0; n<Nmax; n++){
    ^~~
    VITIS_LOOP_87_1: 
/home/user/Documents/kria-vitis-platforms/kv260/platforms/vivado/kv260_ispMipiRx_vcu_DP/project/kv260_ispMipiRx_vcu_DP.runs/bd_eab1_vsc_0_synth_1/prj/sol/.autopilot/db/v_vscaler.pp.0.cpp:16396:5: note: FIX-IT applied suggested code changes
/home/user/Documents/kria-vitis-platforms/kv260/platforms/vivado/kv260_ispMipiRx_vcu_DP/project/kv260_ispMipiRx_vcu_DP.runs/bd_eab1_vsc_0_synth_1/prj/sol/.autopilot/db/v_vscaler.pp.0.cpp:16442:5: warning: Added loop label VITIS_LOOP_143_1:   [xilinx-label-all-loops]
    for (int n=0; n<Nmax; n++){
    ^~~
    VITIS_LOOP_143_1: 
/home/user/Documents/kria-vitis-platforms/kv260/platforms/vivado/kv260_ispMipiRx_vcu_DP/project/kv260_ispMipiRx_vcu_DP.runs/bd_eab1_vsc_0_synth_1/prj/sol/.autopilot/db/v_vscaler.pp.0.cpp:16442:5: note: FIX-IT applied suggested code changes
/home/user/Documents/kria-vitis-platforms/kv260/platforms/vivado/kv260_ispMipiRx_vcu_DP/project/kv260_ispMipiRx_vcu_DP.runs/bd_eab1_vsc_0_synth_1/prj/sol/.autopilot/db/v_vscaler.pp.0.cpp:16605:9: warning: Added loop label VITIS_LOOP_315_1:   [xilinx-label-all-loops]
        for(int i=0;i<W-1;i++){
        ^~~
        VITIS_LOOP_315_1: 
/home/user/Documents/kria-vitis-platforms/kv260/platforms/vivado/kv260_ispMipiRx_vcu_DP/project/kv260_ispMipiRx_vcu_DP.runs/bd_eab1_vsc_0_synth_1/prj/sol/.autopilot/db/v_vscaler.pp.0.cpp:16605:9: note: FIX-IT applied suggested code changes
/home/user/Documents/kria-vitis-platforms/kv260/platforms/vivado/kv260_ispMipiRx_vcu_DP/project/kv260_ispMipiRx_vcu_DP.runs/bd_eab1_vsc_0_synth_1/prj/sol/.autopilot/db/v_vscaler.pp.0.cpp:16757:9: warning: Added loop label VITIS_LOOP_475_1:   [xilinx-label-all-loops]
        for(int i=0;i<W-1;i++){
        ^~~
        VITIS_LOOP_475_1: 
/home/user/Documents/kria-vitis-platforms/kv260/platforms/vivado/kv260_ispMipiRx_vcu_DP/project/kv260_ispMipiRx_vcu_DP.runs/bd_eab1_vsc_0_synth_1/prj/sol/.autopilot/db/v_vscaler.pp.0.cpp:16757:9: note: FIX-IT applied suggested code changes
/home/user/Documents/kria-vitis-platforms/kv260/platforms/vivado/kv260_ispMipiRx_vcu_DP/project/kv260_ispMipiRx_vcu_DP.runs/bd_eab1_vsc_0_synth_1/prj/sol/.autopilot/db/v_vscaler.pp.0.cpp:16937:5: warning: Added loop label VITIS_LOOP_655_1:   [xilinx-label-all-loops]
    for(int i=0;i<W+1;i++){
    ^~~
    VITIS_LOOP_655_1: 
/home/user/Documents/kria-vitis-platforms/kv260/platforms/vivado/kv260_ispMipiRx_vcu_DP/project/kv260_ispMipiRx_vcu_DP.runs/bd_eab1_vsc_0_synth_1/prj/sol/.autopilot/db/v_vscaler.pp.0.cpp:16937:5: note: FIX-IT applied suggested code changes
/home/user/Documents/kria-vitis-platforms/kv260/platforms/vivado/kv260_ispMipiRx_vcu_DP/project/kv260_ispMipiRx_vcu_DP.runs/bd_eab1_vsc_0_synth_1/prj/sol/.autopilot/db/v_vscaler.pp.0.cpp:16941:5: warning: Added loop label VITIS_LOOP_659_2:   [xilinx-label-all-loops]
    for(int i=0;i<W+1;i++){
    ^~~
    VITIS_LOOP_659_2: 
/home/user/Documents/kria-vitis-platforms/kv260/platforms/vivado/kv260_ispMipiRx_vcu_DP/project/kv260_ispMipiRx_vcu_DP.runs/bd_eab1_vsc_0_synth_1/prj/sol/.autopilot/db/v_vscaler.pp.0.cpp:16941:5: note: FIX-IT applied suggested code changes
/home/user/Documents/kria-vitis-platforms/kv260/platforms/vivado/kv260_ispMipiRx_vcu_DP/project/kv260_ispMipiRx_vcu_DP.runs/bd_eab1_vsc_0_synth_1/prj/sol/.autopilot/db/v_vscaler.pp.0.cpp:17051:5: warning: Added loop label VITIS_LOOP_769_1:   [xilinx-label-all-loops]
    for (int n=0; n<Nmax; n++){
    ^~~
    VITIS_LOOP_769_1: 
/home/user/Documents/kria-vitis-platforms/kv260/platforms/vivado/kv260_ispMipiRx_vcu_DP/project/kv260_ispMipiRx_vcu_DP.runs/bd_eab1_vsc_0_synth_1/prj/sol/.autopilot/db/v_vscaler.pp.0.cpp:17051:5: note: FIX-IT applied suggested code changes
/home/user/Documents/kria-vitis-platforms/kv260/platforms/vivado/kv260_ispMipiRx_vcu_DP/project/kv260_ispMipiRx_vcu_DP.runs/bd_eab1_vsc_0_synth_1/prj/sol/.autopilot/db/v_vscaler.pp.0.cpp:17141:7: warning: Added loop label VITIS_LOOP_866_1:   [xilinx-label-all-loops]
      for(int i=0;i<W-1;i++){
      ^~~
      VITIS_LOOP_866_1: 
/home/user/Documents/kria-vitis-platforms/kv260/platforms/vivado/kv260_ispMipiRx_vcu_DP/project/kv260_ispMipiRx_vcu_DP.runs/bd_eab1_vsc_0_synth_1/prj/sol/.autopilot/db/v_vscaler.pp.0.cpp:17141:7: note: FIX-IT applied suggested code changes
/home/user/Documents/kria-vitis-platforms/kv260/platforms/vivado/kv260_ispMipiRx_vcu_DP/project/kv260_ispMipiRx_vcu_DP.runs/bd_eab1_vsc_0_synth_1/prj/sol/.autopilot/db/v_vscaler.pp.0.cpp:17160:7: warning: Added loop label VITIS_LOOP_885_2:   [xilinx-label-all-loops]
      for(int i=0;i<W-1;i++){
      ^~~
      VITIS_LOOP_885_2: 
/home/user/Documents/kria-vitis-platforms/kv260/platforms/vivado/kv260_ispMipiRx_vcu_DP/project/kv260_ispMipiRx_vcu_DP.runs/bd_eab1_vsc_0_synth_1/prj/sol/.autopilot/db/v_vscaler.pp.0.cpp:17160:7: note: FIX-IT applied suggested code changes
/home/user/Documents/kria-vitis-platforms/kv260/platforms/vivado/kv260_ispMipiRx_vcu_DP/project/kv260_ispMipiRx_vcu_DP.runs/bd_eab1_vsc_0_synth_1/prj/sol/.autopilot/db/v_vscaler.pp.0.cpp:17450:5: warning: Added loop label VITIS_LOOP_1199_1:   [xilinx-label-all-loops]
    for(int i=0; i<Nmax; i++) {
    ^~~
    VITIS_LOOP_1199_1: 
/home/user/Documents/kria-vitis-platforms/kv260/platforms/vivado/kv260_ispMipiRx_vcu_DP/project/kv260_ispMipiRx_vcu_DP.runs/bd_eab1_vsc_0_synth_1/prj/sol/.autopilot/db/v_vscaler.pp.0.cpp:17450:5: note: FIX-IT applied suggested code changes
/home/user/Documents/kria-vitis-platforms/kv260/platforms/vivado/kv260_ispMipiRx_vcu_DP/project/kv260_ispMipiRx_vcu_DP.runs/bd_eab1_vsc_0_synth_1/prj/sol/.autopilot/db/v_vscaler.pp.0.cpp:17533:5: warning: Added loop label VITIS_LOOP_1282_1:   [xilinx-label-all-loops]
    for(int i=0; i<Nmax; i++) {
    ^~~
    VITIS_LOOP_1282_1: 
/home/user/Documents/kria-vitis-platforms/kv260/platforms/vivado/kv260_ispMipiRx_vcu_DP/project/kv260_ispMipiRx_vcu_DP.runs/bd_eab1_vsc_0_synth_1/prj/sol/.autopilot/db/v_vscaler.pp.0.cpp:17533:5: note: FIX-IT applied suggested code changes
/home/user/Documents/kria-vitis-platforms/kv260/platforms/vivado/kv260_ispMipiRx_vcu_DP/project/kv260_ispMipiRx_vcu_DP.runs/bd_eab1_vsc_0_synth_1/prj/sol/.autopilot/db/v_vscaler.pp.0.cpp:17939:13: warning: Added loop label VITIS_LOOP_94_1:   [xilinx-label-all-loops]
            for (int j = 3; j >= I_+1; j--) {
            ^~~
            VITIS_LOOP_94_1: 
/home/user/Documents/kria-vitis-platforms/kv260/platforms/vivado/kv260_ispMipiRx_vcu_DP/project/kv260_ispMipiRx_vcu_DP.runs/bd_eab1_vsc_0_synth_1/prj/sol/.autopilot/db/v_vscaler.pp.0.cpp:17939:13: note: FIX-IT applied suggested code changes
/home/user/Documents/kria-vitis-platforms/kv260/platforms/vivado/kv260_ispMipiRx_vcu_DP/project/kv260_ispMipiRx_vcu_DP.runs/bd_eab1_vsc_0_synth_1/prj/sol/.autopilot/db/v_vscaler.pp.0.cpp:17945:17: warning: Added loop label VITIS_LOOP_100_2:   [xilinx-label-all-loops]
                for (int j = 3; j >= I_+1; j--){
                ^~~
                VITIS_LOOP_100_2: 
/home/user/Documents/kria-vitis-platforms/kv260/platforms/vivado/kv260_ispMipiRx_vcu_DP/project/kv260_ispMipiRx_vcu_DP.runs/bd_eab1_vsc_0_synth_1/prj/sol/.autopilot/db/v_vscaler.pp.0.cpp:17945:17: note: FIX-IT applied suggested code changes
/home/user/Documents/kria-vitis-platforms/kv260/platforms/vivado/kv260_ispMipiRx_vcu_DP/project/kv260_ispMipiRx_vcu_DP.runs/bd_eab1_vsc_0_synth_1/prj/sol/.autopilot/db/v_vscaler.pp.0.cpp:17949:17: warning: Added loop label VITIS_LOOP_104_3:   [xilinx-label-all-loops]
                for (int j = I_; j >= 0; j--){
                ^~~
                VITIS_LOOP_104_3: 
/home/user/Documents/kria-vitis-platforms/kv260/platforms/vivado/kv260_ispMipiRx_vcu_DP/project/kv260_ispMipiRx_vcu_DP.runs/bd_eab1_vsc_0_synth_1/prj/sol/.autopilot/db/v_vscaler.pp.0.cpp:17949:17: note: FIX-IT applied suggested code changes
/home/user/Documents/kria-vitis-platforms/kv260/platforms/vivado/kv260_ispMipiRx_vcu_DP/project/kv260_ispMipiRx_vcu_DP.runs/bd_eab1_vsc_0_synth_1/prj/sol/.autopilot/db/v_vscaler.pp.0.cpp:17997:13: warning: Added loop label VITIS_LOOP_171_4:   [xilinx-label-all-loops]
            for (int j = 9; j >= I_+4; j--) {
            ^~~
            VITIS_LOOP_171_4: 
/home/user/Documents/kria-vitis-platforms/kv260/platforms/vivado/kv260_ispMipiRx_vcu_DP/project/kv260_ispMipiRx_vcu_DP.runs/bd_eab1_vsc_0_synth_1/prj/sol/.autopilot/db/v_vscaler.pp.0.cpp:17997:13: note: FIX-IT applied suggested code changes
/home/user/Documents/kria-vitis-platforms/kv260/platforms/vivado/kv260_ispMipiRx_vcu_DP/project/kv260_ispMipiRx_vcu_DP.runs/bd_eab1_vsc_0_synth_1/prj/sol/.autopilot/db/v_vscaler.pp.0.cpp:18003:17: warning: Added loop label VITIS_LOOP_177_5:   [xilinx-label-all-loops]
                for (int j = 9; j >= I_+4; j--){
                ^~~
                VITIS_LOOP_177_5: 
/home/user/Documents/kria-vitis-platforms/kv260/platforms/vivado/kv260_ispMipiRx_vcu_DP/project/kv260_ispMipiRx_vcu_DP.runs/bd_eab1_vsc_0_synth_1/prj/sol/.autopilot/db/v_vscaler.pp.0.cpp:18003:17: note: FIX-IT applied suggested code changes
/home/user/Documents/kria-vitis-platforms/kv260/platforms/vivado/kv260_ispMipiRx_vcu_DP/project/kv260_ispMipiRx_vcu_DP.runs/bd_eab1_vsc_0_synth_1/prj/sol/.autopilot/db/v_vscaler.pp.0.cpp:18007:17: warning: Added loop label VITIS_LOOP_181_6:   [xilinx-label-all-loops]
                for (int j = I_+3; j >= 0; j--){
                ^~~
                VITIS_LOOP_181_6: 
/home/user/Documents/kria-vitis-platforms/kv260/platforms/vivado/kv260_ispMipiRx_vcu_DP/project/kv260_ispMipiRx_vcu_DP.runs/bd_eab1_vsc_0_synth_1/prj/sol/.autopilot/db/v_vscaler.pp.0.cpp:18007:17: note: FIX-IT applied suggested code changes
/home/user/Documents/kria-vitis-platforms/kv260/platforms/vivado/kv260_ispMipiRx_vcu_DP/project/kv260_ispMipiRx_vcu_DP.runs/bd_eab1_vsc_0_synth_1/prj/sol/.autopilot/db/v_vscaler.pp.0.cpp:18022:9: warning: Added loop label VITIS_LOOP_196_7:   [xilinx-label-all-loops]
        for (int j = 14; j < 22; j++){
        ^~~
        VITIS_LOOP_196_7: 
/home/user/Documents/kria-vitis-platforms/kv260/platforms/vivado/kv260_ispMipiRx_vcu_DP/project/kv260_ispMipiRx_vcu_DP.runs/bd_eab1_vsc_0_synth_1/prj/sol/.autopilot/db/v_vscaler.pp.0.cpp:18022:9: note: FIX-IT applied suggested code changes
/home/user/Documents/kria-vitis-platforms/kv260/platforms/vivado/kv260_ispMipiRx_vcu_DP/project/kv260_ispMipiRx_vcu_DP.runs/bd_eab1_vsc_0_synth_1/prj/sol/.autopilot/db/v_vscaler.pp.0.cpp:18030:17: warning: Added loop label VITIS_LOOP_204_8:   [xilinx-label-all-loops]
                for (int j = 0; j < 22; j++){
                ^~~
                VITIS_LOOP_204_8: 
/home/user/Documents/kria-vitis-platforms/kv260/platforms/vivado/kv260_ispMipiRx_vcu_DP/project/kv260_ispMipiRx_vcu_DP.runs/bd_eab1_vsc_0_synth_1/prj/sol/.autopilot/db/v_vscaler.pp.0.cpp:18030:17: note: FIX-IT applied suggested code changes
/home/user/Documents/kria-vitis-platforms/kv260/platforms/vivado/kv260_ispMipiRx_vcu_DP/project/kv260_ispMipiRx_vcu_DP.runs/bd_eab1_vsc_0_synth_1/prj/sol/.autopilot/db/v_vscaler.pp.0.cpp:18095:13: warning: Added loop label VITIS_LOOP_269_9:   [xilinx-label-all-loops]
            for (int j = 21; j >= I_+10; j--) {
            ^~~
            VITIS_LOOP_269_9: 
/home/user/Documents/kria-vitis-platforms/kv260/platforms/vivado/kv260_ispMipiRx_vcu_DP/project/kv260_ispMipiRx_vcu_DP.runs/bd_eab1_vsc_0_synth_1/prj/sol/.autopilot/db/v_vscaler.pp.0.cpp:18095:13: note: FIX-IT applied suggested code changes
/home/user/Documents/kria-vitis-platforms/kv260/platforms/vivado/kv260_ispMipiRx_vcu_DP/project/kv260_ispMipiRx_vcu_DP.runs/bd_eab1_vsc_0_synth_1/prj/sol/.autopilot/db/v_vscaler.pp.0.cpp:18101:17: warning: Added loop label VITIS_LOOP_275_10:   [xilinx-label-all-loops]
                for (int j = 21; j >= I_+10; j--) {
                ^~~
                VITIS_LOOP_275_10: 
/home/user/Documents/kria-vitis-platforms/kv260/platforms/vivado/kv260_ispMipiRx_vcu_DP/project/kv260_ispMipiRx_vcu_DP.runs/bd_eab1_vsc_0_synth_1/prj/sol/.autopilot/db/v_vscaler.pp.0.cpp:18101:17: note: FIX-IT applied suggested code changes
/home/user/Documents/kria-vitis-platforms/kv260/platforms/vivado/kv260_ispMipiRx_vcu_DP/project/kv260_ispMipiRx_vcu_DP.runs/bd_eab1_vsc_0_synth_1/prj/sol/.autopilot/db/v_vscaler.pp.0.cpp:18105:17: warning: Added loop label VITIS_LOOP_279_11:   [xilinx-label-all-loops]
                for (int j = I_+9; j >= 0; j--) {
                ^~~
                VITIS_LOOP_279_11: 
/home/user/Documents/kria-vitis-platforms/kv260/platforms/vivado/kv260_ispMipiRx_vcu_DP/project/kv260_ispMipiRx_vcu_DP.runs/bd_eab1_vsc_0_synth_1/prj/sol/.autopilot/db/v_vscaler.pp.0.cpp:18105:17: note: FIX-IT applied suggested code changes
/home/user/Documents/kria-vitis-platforms/kv260/platforms/vivado/kv260_ispMipiRx_vcu_DP/project/kv260_ispMipiRx_vcu_DP.runs/bd_eab1_vsc_0_synth_1/prj/sol/.autopilot/db/v_vscaler.pp.0.cpp:18120:9: warning: Added loop label VITIS_LOOP_294_12:   [xilinx-label-all-loops]
        for (int j = 27; j < 46; j++){
        ^~~
        VITIS_LOOP_294_12: 
/home/user/Documents/kria-vitis-platforms/kv260/platforms/vivado/kv260_ispMipiRx_vcu_DP/project/kv260_ispMipiRx_vcu_DP.runs/bd_eab1_vsc_0_synth_1/prj/sol/.autopilot/db/v_vscaler.pp.0.cpp:18120:9: note: FIX-IT applied suggested code changes
/home/user/Documents/kria-vitis-platforms/kv260/platforms/vivado/kv260_ispMipiRx_vcu_DP/project/kv260_ispMipiRx_vcu_DP.runs/bd_eab1_vsc_0_synth_1/prj/sol/.autopilot/db/v_vscaler.pp.0.cpp:18128:17: warning: Added loop label VITIS_LOOP_302_13:   [xilinx-label-all-loops]
                for (int j = 0; j < 46; j++) {
                ^~~
                VITIS_LOOP_302_13: 
/home/user/Documents/kria-vitis-platforms/kv260/platforms/vivado/kv260_ispMipiRx_vcu_DP/project/kv260_ispMipiRx_vcu_DP.runs/bd_eab1_vsc_0_synth_1/prj/sol/.autopilot/db/v_vscaler.pp.0.cpp:18128:17: note: FIX-IT applied suggested code changes
/home/user/Documents/kria-vitis-platforms/kv260/platforms/vivado/kv260_ispMipiRx_vcu_DP/project/kv260_ispMipiRx_vcu_DP.runs/bd_eab1_vsc_0_synth_1/prj/sol/.autopilot/db/v_vscaler.pp.0.cpp:18357:13: warning: Added loop label VITIS_LOOP_531_14:   [xilinx-label-all-loops]
            for (int j = 45; j >= I_+22; j--) {
            ^~~
            VITIS_LOOP_531_14: 
/home/user/Documents/kria-vitis-platforms/kv260/platforms/vivado/kv260_ispMipiRx_vcu_DP/project/kv260_ispMipiRx_vcu_DP.runs/bd_eab1_vsc_0_synth_1/prj/sol/.autopilot/db/v_vscaler.pp.0.cpp:18357:13: note: FIX-IT applied suggested code changes
/home/user/Documents/kria-vitis-platforms/kv260/platforms/vivado/kv260_ispMipiRx_vcu_DP/project/kv260_ispMipiRx_vcu_DP.runs/bd_eab1_vsc_0_synth_1/prj/sol/.autopilot/db/v_vscaler.pp.0.cpp:18363:17: warning: Added loop label VITIS_LOOP_537_15:   [xilinx-label-all-loops]
                for (int j = 45; j >= I_+22; j--){
                ^~~
                VITIS_LOOP_537_15: 
/home/user/Documents/kria-vitis-platforms/kv260/platforms/vivado/kv260_ispMipiRx_vcu_DP/project/kv260_ispMipiRx_vcu_DP.runs/bd_eab1_vsc_0_synth_1/prj/sol/.autopilot/db/v_vscaler.pp.0.cpp:18363:17: note: FIX-IT applied suggested code changes
/home/user/Documents/kria-vitis-platforms/kv260/platforms/vivado/kv260_ispMipiRx_vcu_DP/project/kv260_ispMipiRx_vcu_DP.runs/bd_eab1_vsc_0_synth_1/prj/sol/.autopilot/db/v_vscaler.pp.0.cpp:18367:17: warning: Added loop label VITIS_LOOP_541_16:   [xilinx-label-all-loops]
                for (int j = I_+21; j >= 0; j--) {
                ^~~
                VITIS_LOOP_541_16: 
/home/user/Documents/kria-vitis-platforms/kv260/platforms/vivado/kv260_ispMipiRx_vcu_DP/project/kv260_ispMipiRx_vcu_DP.runs/bd_eab1_vsc_0_synth_1/prj/sol/.autopilot/db/v_vscaler.pp.0.cpp:18367:17: note: FIX-IT applied suggested code changes
/home/user/Documents/kria-vitis-platforms/kv260/platforms/vivado/kv260_ispMipiRx_vcu_DP/project/kv260_ispMipiRx_vcu_DP.runs/bd_eab1_vsc_0_synth_1/prj/sol/.autopilot/db/v_vscaler.pp.0.cpp:18377:9: warning: Added loop label VITIS_LOOP_551_17:   [xilinx-label-all-loops]
        for (int j = 32-F_; j < 32+I_; j++){
        ^~~
        VITIS_LOOP_551_17: 
/home/user/Documents/kria-vitis-platforms/kv260/platforms/vivado/kv260_ispMipiRx_vcu_DP/project/kv260_ispMipiRx_vcu_DP.runs/bd_eab1_vsc_0_synth_1/prj/sol/.autopilot/db/v_vscaler.pp.0.cpp:18377:9: note: FIX-IT applied suggested code changes
/home/user/Documents/kria-vitis-platforms/kv260/platforms/vivado/kv260_ispMipiRx_vcu_DP/project/kv260_ispMipiRx_vcu_DP.runs/bd_eab1_vsc_0_synth_1/prj/sol/.autopilot/db/v_vscaler.pp.0.cpp:18381:9: warning: Added loop label VITIS_LOOP_555_18:   [xilinx-label-all-loops]
        for (int j = 32+I_; j <= 64; j++){
        ^~~
        VITIS_LOOP_555_18: 
/home/user/Documents/kria-vitis-platforms/kv260/platforms/vivado/kv260_ispMipiRx_vcu_DP/project/kv260_ispMipiRx_vcu_DP.runs/bd_eab1_vsc_0_synth_1/prj/sol/.autopilot/db/v_vscaler.pp.0.cpp:18381:9: note: FIX-IT applied suggested code changes
/home/user/Documents/kria-vitis-platforms/kv260/platforms/vivado/kv260_ispMipiRx_vcu_DP/project/kv260_ispMipiRx_vcu_DP.runs/bd_eab1_vsc_0_synth_1/prj/sol/.autopilot/db/v_vscaler.pp.0.cpp:18391:9: warning: Added loop label VITIS_LOOP_565_19:   [xilinx-label-all-loops]
        for (int j = 37; j < 64; j++) {
        ^~~
        VITIS_LOOP_565_19: 
/home/user/Documents/kria-vitis-platforms/kv260/platforms/vivado/kv260_ispMipiRx_vcu_DP/project/kv260_ispMipiRx_vcu_DP.runs/bd_eab1_vsc_0_synth_1/prj/sol/.autopilot/db/v_vscaler.pp.0.cpp:18391:9: note: FIX-IT applied suggested code changes
/home/user/Documents/kria-vitis-platforms/kv260/platforms/vivado/kv260_ispMipiRx_vcu_DP/project/kv260_ispMipiRx_vcu_DP.runs/bd_eab1_vsc_0_synth_1/prj/sol/.autopilot/db/v_vscaler.pp.0.cpp:18399:17: warning: Added loop label VITIS_LOOP_573_20:   [xilinx-label-all-loops]
                for (int j = 0; j < 64; j++){
                ^~~
                VITIS_LOOP_573_20: 
/home/user/Documents/kria-vitis-platforms/kv260/platforms/vivado/kv260_ispMipiRx_vcu_DP/project/kv260_ispMipiRx_vcu_DP.runs/bd_eab1_vsc_0_synth_1/prj/sol/.autopilot/db/v_vscaler.pp.0.cpp:18399:17: note: FIX-IT applied suggested code changes
/home/user/Documents/kria-vitis-platforms/kv260/platforms/vivado/kv260_ispMipiRx_vcu_DP/project/kv260_ispMipiRx_vcu_DP.runs/bd_eab1_vsc_0_synth_1/prj/sol/.autopilot/db/v_vscaler.pp.0.cpp:18760:13: warning: Added loop label VITIS_LOOP_934_21:   [xilinx-label-all-loops]
            for (int j = 63; j >= I_+31; j--) {
            ^~~
            VITIS_LOOP_934_21: 
/home/user/Documents/kria-vitis-platforms/kv260/platforms/vivado/kv260_ispMipiRx_vcu_DP/project/kv260_ispMipiRx_vcu_DP.runs/bd_eab1_vsc_0_synth_1/prj/sol/.autopilot/db/v_vscaler.pp.0.cpp:18760:13: note: FIX-IT applied suggested code changes
/home/user/Documents/kria-vitis-platforms/kv260/platforms/vivado/kv260_ispMipiRx_vcu_DP/project/kv260_ispMipiRx_vcu_DP.runs/bd_eab1_vsc_0_synth_1/prj/sol/.autopilot/db/v_vscaler.pp.0.cpp:18766:17: warning: Added loop label VITIS_LOOP_940_22:   [xilinx-label-all-loops]
                for (int j = 63; j >= I_+31; j--) {
                ^~~
                VITIS_LOOP_940_22: 
/home/user/Documents/kria-vitis-platforms/kv260/platforms/vivado/kv260_ispMipiRx_vcu_DP/project/kv260_ispMipiRx_vcu_DP.runs/bd_eab1_vsc_0_synth_1/prj/sol/.autopilot/db/v_vscaler.pp.0.cpp:18766:17: note: FIX-IT applied suggested code changes
/home/user/Documents/kria-vitis-platforms/kv260/platforms/vivado/kv260_ispMipiRx_vcu_DP/project/kv260_ispMipiRx_vcu_DP.runs/bd_eab1_vsc_0_synth_1/prj/sol/.autopilot/db/v_vscaler.pp.0.cpp:18770:17: warning: Added loop label VITIS_LOOP_944_23:   [xilinx-label-all-loops]
                for (int j = I_+30; j >= 0; j--) {
                ^~~
                VITIS_LOOP_944_23: 
/home/user/Documents/kria-vitis-platforms/kv260/platforms/vivado/kv260_ispMipiRx_vcu_DP/project/kv260_ispMipiRx_vcu_DP.runs/bd_eab1_vsc_0_synth_1/prj/sol/.autopilot/db/v_vscaler.pp.0.cpp:18770:17: note: FIX-IT applied suggested code changes
/home/user/Documents/kria-vitis-platforms/kv260/platforms/vivado/kv260_ispMipiRx_vcu_DP/project/kv260_ispMipiRx_vcu_DP.runs/bd_eab1_vsc_0_synth_1/prj/sol/.autopilot/db/v_vscaler.pp.0.cpp:18886:13: warning: Added loop label VITIS_LOOP_1060_1:   [xilinx-label-all-loops]
            for (int j = 4; j >= I_+1; j--) {
            ^~~
            VITIS_LOOP_1060_1: 
/home/user/Documents/kria-vitis-platforms/kv260/platforms/vivado/kv260_ispMipiRx_vcu_DP/project/kv260_ispMipiRx_vcu_DP.runs/bd_eab1_vsc_0_synth_1/prj/sol/.autopilot/db/v_vscaler.pp.0.cpp:18886:13: note: FIX-IT applied suggested code changes
/home/user/Documents/kria-vitis-platforms/kv260/platforms/vivado/kv260_ispMipiRx_vcu_DP/project/kv260_ispMipiRx_vcu_DP.runs/bd_eab1_vsc_0_synth_1/prj/sol/.autopilot/db/v_vscaler.pp.0.cpp:18892:17: warning: Added loop label VITIS_LOOP_1066_2:   [xilinx-label-all-loops]
                for (int j = 4; j >= I_+1; j--) {
                ^~~
                VITIS_LOOP_1066_2: 
/home/user/Documents/kria-vitis-platforms/kv260/platforms/vivado/kv260_ispMipiRx_vcu_DP/project/kv260_ispMipiRx_vcu_DP.runs/bd_eab1_vsc_0_synth_1/prj/sol/.autopilot/db/v_vscaler.pp.0.cpp:18892:17: note: FIX-IT applied suggested code changes
/home/user/Documents/kria-vitis-platforms/kv260/platforms/vivado/kv260_ispMipiRx_vcu_DP/project/kv260_ispMipiRx_vcu_DP.runs/bd_eab1_vsc_0_synth_1/prj/sol/.autopilot/db/v_vscaler.pp.0.cpp:18896:17: warning: Added loop label VITIS_LOOP_1070_3:   [xilinx-label-all-loops]
                for (int j = I_; j >= 0; j--) {
                ^~~
                VITIS_LOOP_1070_3: 
/home/user/Documents/kria-vitis-platforms/kv260/platforms/vivado/kv260_ispMipiRx_vcu_DP/project/kv260_ispMipiRx_vcu_DP.runs/bd_eab1_vsc_0_synth_1/prj/sol/.autopilot/db/v_vscaler.pp.0.cpp:18896:17: note: FIX-IT applied suggested code changes
/home/user/Documents/kria-vitis-platforms/kv260/platforms/vivado/kv260_ispMipiRx_vcu_DP/project/kv260_ispMipiRx_vcu_DP.runs/bd_eab1_vsc_0_synth_1/prj/sol/.autopilot/db/v_vscaler.pp.0.cpp:18983:13: warning: Added loop label VITIS_LOOP_1157_4:   [xilinx-label-all-loops]
            for (int j = 10; j >= I_+4; j--) {
            ^~~
            VITIS_LOOP_1157_4: 
/home/user/Documents/kria-vitis-platforms/kv260/platforms/vivado/kv260_ispMipiRx_vcu_DP/project/kv260_ispMipiRx_vcu_DP.runs/bd_eab1_vsc_0_synth_1/prj/sol/.autopilot/db/v_vscaler.pp.0.cpp:18983:13: note: FIX-IT applied suggested code changes
/home/user/Documents/kria-vitis-platforms/kv260/platforms/vivado/kv260_ispMipiRx_vcu_DP/project/kv260_ispMipiRx_vcu_DP.runs/bd_eab1_vsc_0_synth_1/prj/sol/.autopilot/db/v_vscaler.pp.0.cpp:18989:17: warning: Added loop label VITIS_LOOP_1163_5:   [xilinx-label-all-loops]
                for (int j = 10; j >= I_+4; j--) {
                ^~~
                VITIS_LOOP_1163_5: 
/home/user/Documents/kria-vitis-platforms/kv260/platforms/vivado/kv260_ispMipiRx_vcu_DP/project/kv260_ispMipiRx_vcu_DP.runs/bd_eab1_vsc_0_synth_1/prj/sol/.autopilot/db/v_vscaler.pp.0.cpp:18989:17: note: FIX-IT applied suggested code changes
/home/user/Documents/kria-vitis-platforms/kv260/platforms/vivado/kv260_ispMipiRx_vcu_DP/project/kv260_ispMipiRx_vcu_DP.runs/bd_eab1_vsc_0_synth_1/prj/sol/.autopilot/db/v_vscaler.pp.0.cpp:18993:17: warning: Added loop label VITIS_LOOP_1167_6:   [xilinx-label-all-loops]
                for (int j = I_+3; j >= 0; j--) {
                ^~~
                VITIS_LOOP_1167_6: 
/home/user/Documents/kria-vitis-platforms/kv260/platforms/vivado/kv260_ispMipiRx_vcu_DP/project/kv260_ispMipiRx_vcu_DP.runs/bd_eab1_vsc_0_synth_1/prj/sol/.autopilot/db/v_vscaler.pp.0.cpp:18993:17: note: FIX-IT applied suggested code changes
/home/user/Documents/kria-vitis-platforms/kv260/platforms/vivado/kv260_ispMipiRx_vcu_DP/project/kv260_ispMipiRx_vcu_DP.runs/bd_eab1_vsc_0_synth_1/prj/sol/.autopilot/db/v_vscaler.pp.0.cpp:19012:9: warning: Added loop label VITIS_LOOP_1186_7:   [xilinx-label-all-loops]
        for (int j = wf+3; j < w-1; j++) {
        ^~~
        VITIS_LOOP_1186_7: 
/home/user/Documents/kria-vitis-platforms/kv260/platforms/vivado/kv260_ispMipiRx_vcu_DP/project/kv260_ispMipiRx_vcu_DP.runs/bd_eab1_vsc_0_synth_1/prj/sol/.autopilot/db/v_vscaler.pp.0.cpp:19012:9: note: FIX-IT applied suggested code changes
/home/user/Documents/kria-vitis-platforms/kv260/platforms/vivado/kv260_ispMipiRx_vcu_DP/project/kv260_ispMipiRx_vcu_DP.runs/bd_eab1_vsc_0_synth_1/prj/sol/.autopilot/db/v_vscaler.pp.0.cpp:19019:17: warning: Added loop label VITIS_LOOP_1193_8:   [xilinx-label-all-loops]
                for (int j = 0; j < 22; j++) {
                ^~~
                VITIS_LOOP_1193_8: 
/home/user/Documents/kria-vitis-platforms/kv260/platforms/vivado/kv260_ispMipiRx_vcu_DP/project/kv260_ispMipiRx_vcu_DP.runs/bd_eab1_vsc_0_synth_1/prj/sol/.autopilot/db/v_vscaler.pp.0.cpp:19019:17: note: FIX-IT applied suggested code changes
/home/user/Documents/kria-vitis-platforms/kv260/platforms/vivado/kv260_ispMipiRx_vcu_DP/project/kv260_ispMipiRx_vcu_DP.runs/bd_eab1_vsc_0_synth_1/prj/sol/.autopilot/db/v_vscaler.pp.0.cpp:19135:13: warning: Added loop label VITIS_LOOP_1309_9:   [xilinx-label-all-loops]
            for (int j = 22; j >= I_+10; j--) {
            ^~~
            VITIS_LOOP_1309_9: 
/home/user/Documents/kria-vitis-platforms/kv260/platforms/vivado/kv260_ispMipiRx_vcu_DP/project/kv260_ispMipiRx_vcu_DP.runs/bd_eab1_vsc_0_synth_1/prj/sol/.autopilot/db/v_vscaler.pp.0.cpp:19135:13: note: FIX-IT applied suggested code changes
/home/user/Documents/kria-vitis-platforms/kv260/platforms/vivado/kv260_ispMipiRx_vcu_DP/project/kv260_ispMipiRx_vcu_DP.runs/bd_eab1_vsc_0_synth_1/prj/sol/.autopilot/db/v_vscaler.pp.0.cpp:19141:17: warning: Added loop label VITIS_LOOP_1315_10:   [xilinx-label-all-loops]
                for (int j = 22; j >= I_+10; j--){
                ^~~
                VITIS_LOOP_1315_10: 
/home/user/Documents/kria-vitis-platforms/kv260/platforms/vivado/kv260_ispMipiRx_vcu_DP/project/kv260_ispMipiRx_vcu_DP.runs/bd_eab1_vsc_0_synth_1/prj/sol/.autopilot/db/v_vscaler.pp.0.cpp:19141:17: note: FIX-IT applied suggested code changes
/home/user/Documents/kria-vitis-platforms/kv260/platforms/vivado/kv260_ispMipiRx_vcu_DP/project/kv260_ispMipiRx_vcu_DP.runs/bd_eab1_vsc_0_synth_1/prj/sol/.autopilot/db/v_vscaler.pp.0.cpp:19145:17: warning: Added loop label VITIS_LOOP_1319_11:   [xilinx-label-all-loops]
                for (int j = I_+9; j >= 0; j--) {
                ^~~
                VITIS_LOOP_1319_11: 
/home/user/Documents/kria-vitis-platforms/kv260/platforms/vivado/kv260_ispMipiRx_vcu_DP/project/kv260_ispMipiRx_vcu_DP.runs/bd_eab1_vsc_0_synth_1/prj/sol/.autopilot/db/v_vscaler.pp.0.cpp:19145:17: note: FIX-IT applied suggested code changes
/home/user/Documents/kria-vitis-platforms/kv260/platforms/vivado/kv260_ispMipiRx_vcu_DP/project/kv260_ispMipiRx_vcu_DP.runs/bd_eab1_vsc_0_synth_1/prj/sol/.autopilot/db/v_vscaler.pp.0.cpp:19165:9: warning: Added loop label VITIS_LOOP_1339_12:   [xilinx-label-all-loops]
        for (int j = wf+4; j < w-1; j++){
        ^~~
        VITIS_LOOP_1339_12: 
/home/user/Documents/kria-vitis-platforms/kv260/platforms/vivado/kv260_ispMipiRx_vcu_DP/project/kv260_ispMipiRx_vcu_DP.runs/bd_eab1_vsc_0_synth_1/prj/sol/.autopilot/db/v_vscaler.pp.0.cpp:19165:9: note: FIX-IT applied suggested code changes
/home/user/Documents/kria-vitis-platforms/kv260/platforms/vivado/kv260_ispMipiRx_vcu_DP/project/kv260_ispMipiRx_vcu_DP.runs/bd_eab1_vsc_0_synth_1/prj/sol/.autopilot/db/v_vscaler.pp.0.cpp:19172:17: warning: Added loop label VITIS_LOOP_1346_13:   [xilinx-label-all-loops]
                for (int j = 0; j < 46; j++) {
                ^~~
                VITIS_LOOP_1346_13: 
/home/user/Documents/kria-vitis-platforms/kv260/platforms/vivado/kv260_ispMipiRx_vcu_DP/project/kv260_ispMipiRx_vcu_DP.runs/bd_eab1_vsc_0_synth_1/prj/sol/.autopilot/db/v_vscaler.pp.0.cpp:19172:17: note: FIX-IT applied suggested code changes
/home/user/Documents/kria-vitis-platforms/kv260/platforms/vivado/kv260_ispMipiRx_vcu_DP/project/kv260_ispMipiRx_vcu_DP.runs/bd_eab1_vsc_0_synth_1/prj/sol/.autopilot/db/v_vscaler.pp.0.cpp:19434:13: warning: Added loop label VITIS_LOOP_1608_14:   [xilinx-label-all-loops]
            for (int j = 46; j >= I_+22; j--) {
            ^~~
            VITIS_LOOP_1608_14: 
/home/user/Documents/kria-vitis-platforms/kv260/platforms/vivado/kv260_ispMipiRx_vcu_DP/project/kv260_ispMipiRx_vcu_DP.runs/bd_eab1_vsc_0_synth_1/prj/sol/.autopilot/db/v_vscaler.pp.0.cpp:19434:13: note: FIX-IT applied suggested code changes
/home/user/Documents/kria-vitis-platforms/kv260/platforms/vivado/kv260_ispMipiRx_vcu_DP/project/kv260_ispMipiRx_vcu_DP.runs/bd_eab1_vsc_0_synth_1/prj/sol/.autopilot/db/v_vscaler.pp.0.cpp:19440:17: warning: Added loop label VITIS_LOOP_1614_15:   [xilinx-label-all-loops]
                for (int j = 46; j >= I_+22; j--) {
                ^~~
                VITIS_LOOP_1614_15: 
/home/user/Documents/kria-vitis-platforms/kv260/platforms/vivado/kv260_ispMipiRx_vcu_DP/project/kv260_ispMipiRx_vcu_DP.runs/bd_eab1_vsc_0_synth_1/prj/sol/.autopilot/db/v_vscaler.pp.0.cpp:19440:17: note: FIX-IT applied suggested code changes
/home/user/Documents/kria-vitis-platforms/kv260/platforms/vivado/kv260_ispMipiRx_vcu_DP/project/kv260_ispMipiRx_vcu_DP.runs/bd_eab1_vsc_0_synth_1/prj/sol/.autopilot/db/v_vscaler.pp.0.cpp:19444:17: warning: Added loop label VITIS_LOOP_1618_16:   [xilinx-label-all-loops]
                for (int j = I_+21; j >= 0; j--) {
                ^~~
                VITIS_LOOP_1618_16: 
/home/user/Documents/kria-vitis-platforms/kv260/platforms/vivado/kv260_ispMipiRx_vcu_DP/project/kv260_ispMipiRx_vcu_DP.runs/bd_eab1_vsc_0_synth_1/prj/sol/.autopilot/db/v_vscaler.pp.0.cpp:19444:17: note: FIX-IT applied suggested code changes
/home/user/Documents/kria-vitis-platforms/kv260/platforms/vivado/kv260_ispMipiRx_vcu_DP/project/kv260_ispMipiRx_vcu_DP.runs/bd_eab1_vsc_0_synth_1/prj/sol/.autopilot/db/v_vscaler.pp.0.cpp:19468:9: warning: Added loop label VITIS_LOOP_1642_17:   [xilinx-label-all-loops]
        for (int j = wf+5; j < w-1; j++){
        ^~~
        VITIS_LOOP_1642_17: 
/home/user/Documents/kria-vitis-platforms/kv260/platforms/vivado/kv260_ispMipiRx_vcu_DP/project/kv260_ispMipiRx_vcu_DP.runs/bd_eab1_vsc_0_synth_1/prj/sol/.autopilot/db/v_vscaler.pp.0.cpp:19468:9: note: FIX-IT applied suggested code changes
/home/user/Documents/kria-vitis-platforms/kv260/platforms/vivado/kv260_ispMipiRx_vcu_DP/project/kv260_ispMipiRx_vcu_DP.runs/bd_eab1_vsc_0_synth_1/prj/sol/.autopilot/db/v_vscaler.pp.0.cpp:19475:17: warning: Added loop label VITIS_LOOP_1649_18:   [xilinx-label-all-loops]
                for (int j = 0; j < 64; j++) {
                ^~~
                VITIS_LOOP_1649_18: 
/home/user/Documents/kria-vitis-platforms/kv260/platforms/vivado/kv260_ispMipiRx_vcu_DP/project/kv260_ispMipiRx_vcu_DP.runs/bd_eab1_vsc_0_synth_1/prj/sol/.autopilot/db/v_vscaler.pp.0.cpp:19475:17: note: FIX-IT applied suggested code changes
/home/user/Documents/kria-vitis-platforms/kv260/platforms/vivado/kv260_ispMipiRx_vcu_DP/project/kv260_ispMipiRx_vcu_DP.runs/bd_eab1_vsc_0_synth_1/prj/sol/.autopilot/db/v_vscaler.pp.0.cpp:19905:13: warning: Added loop label VITIS_LOOP_2079_19:   [xilinx-label-all-loops]
            for (int j = 64; j >= I_+31; j--) {
            ^~~
            VITIS_LOOP_2079_19: 
/home/user/Documents/kria-vitis-platforms/kv260/platforms/vivado/kv260_ispMipiRx_vcu_DP/project/kv260_ispMipiRx_vcu_DP.runs/bd_eab1_vsc_0_synth_1/prj/sol/.autopilot/db/v_vscaler.pp.0.cpp:19905:13: note: FIX-IT applied suggested code changes
/home/user/Documents/kria-vitis-platforms/kv260/platforms/vivado/kv260_ispMipiRx_vcu_DP/project/kv260_ispMipiRx_vcu_DP.runs/bd_eab1_vsc_0_synth_1/prj/sol/.autopilot/db/v_vscaler.pp.0.cpp:19911:17: warning: Added loop label VITIS_LOOP_2085_20:   [xilinx-label-all-loops]
                for (int j = 64; j >= I_+31; j--) {
                ^~~
                VITIS_LOOP_2085_20: 
/home/user/Documents/kria-vitis-platforms/kv260/platforms/vivado/kv260_ispMipiRx_vcu_DP/project/kv260_ispMipiRx_vcu_DP.runs/bd_eab1_vsc_0_synth_1/prj/sol/.autopilot/db/v_vscaler.pp.0.cpp:19911:17: note: FIX-IT applied suggested code changes
/home/user/Documents/kria-vitis-platforms/kv260/platforms/vivado/kv260_ispMipiRx_vcu_DP/project/kv260_ispMipiRx_vcu_DP.runs/bd_eab1_vsc_0_synth_1/prj/sol/.autopilot/db/v_vscaler.pp.0.cpp:19915:17: warning: Added loop label VITIS_LOOP_2089_21:   [xilinx-label-all-loops]
                for (int j = I_+30; j >= 0; j--) {
                ^~~
                VITIS_LOOP_2089_21: 
/home/user/Documents/kria-vitis-platforms/kv260/platforms/vivado/kv260_ispMipiRx_vcu_DP/project/kv260_ispMipiRx_vcu_DP.runs/bd_eab1_vsc_0_synth_1/prj/sol/.autopilot/db/v_vscaler.pp.0.cpp:19915:17: note: FIX-IT applied suggested code changes
/home/user/Documents/kria-vitis-platforms/kv260/platforms/vivado/kv260_ispMipiRx_vcu_DP/project/kv260_ispMipiRx_vcu_DP.runs/bd_eab1_vsc_0_synth_1/prj/sol/.autopilot/db/v_vscaler.pp.0.cpp:20045:13: warning: Added loop label VITIS_LOOP_2219_1:   [xilinx-label-all-loops]
            for(int j=3; j>=I+1; j--) {
            ^~~
            VITIS_LOOP_2219_1: 
/home/user/Documents/kria-vitis-platforms/kv260/platforms/vivado/kv260_ispMipiRx_vcu_DP/project/kv260_ispMipiRx_vcu_DP.runs/bd_eab1_vsc_0_synth_1/prj/sol/.autopilot/db/v_vscaler.pp.0.cpp:20045:13: note: FIX-IT applied suggested code changes
/home/user/Documents/kria-vitis-platforms/kv260/platforms/vivado/kv260_ispMipiRx_vcu_DP/project/kv260_ispMipiRx_vcu_DP.runs/bd_eab1_vsc_0_synth_1/prj/sol/.autopilot/db/v_vscaler.pp.0.cpp:20052:17: warning: Added loop label VITIS_LOOP_2226_2:   [xilinx-label-all-loops]
                for(int j=3; j>=I+1; j--) {
                ^~~
                VITIS_LOOP_2226_2: 
/home/user/Documents/kria-vitis-platforms/kv260/platforms/vivado/kv260_ispMipiRx_vcu_DP/project/kv260_ispMipiRx_vcu_DP.runs/bd_eab1_vsc_0_synth_1/prj/sol/.autopilot/db/v_vscaler.pp.0.cpp:20052:17: note: FIX-IT applied suggested code changes
/home/user/Documents/kria-vitis-platforms/kv260/platforms/vivado/kv260_ispMipiRx_vcu_DP/project/kv260_ispMipiRx_vcu_DP.runs/bd_eab1_vsc_0_synth_1/prj/sol/.autopilot/db/v_vscaler.pp.0.cpp:20056:17: warning: Added loop label VITIS_LOOP_2230_3:   [xilinx-label-all-loops]
                for(int j=I; j>=0; j--) {
                ^~~
                VITIS_LOOP_2230_3: 
/home/user/Documents/kria-vitis-platforms/kv260/platforms/vivado/kv260_ispMipiRx_vcu_DP/project/kv260_ispMipiRx_vcu_DP.runs/bd_eab1_vsc_0_synth_1/prj/sol/.autopilot/db/v_vscaler.pp.0.cpp:20056:17: note: FIX-IT applied suggested code changes
/home/user/Documents/kria-vitis-platforms/kv260/platforms/vivado/kv260_ispMipiRx_vcu_DP/project/kv260_ispMipiRx_vcu_DP.runs/bd_eab1_vsc_0_synth_1/prj/sol/.autopilot/db/v_vscaler.pp.0.cpp:20103:13: warning: Added loop label VITIS_LOOP_2277_4:   [xilinx-label-all-loops]
            for(int j=7; j>=3+I; j--) {
            ^~~
            VITIS_LOOP_2277_4: 
/home/user/Documents/kria-vitis-platforms/kv260/platforms/vivado/kv260_ispMipiRx_vcu_DP/project/kv260_ispMipiRx_vcu_DP.runs/bd_eab1_vsc_0_synth_1/prj/sol/.autopilot/db/v_vscaler.pp.0.cpp:20103:13: note: FIX-IT applied suggested code changes
/home/user/Documents/kria-vitis-platforms/kv260/platforms/vivado/kv260_ispMipiRx_vcu_DP/project/kv260_ispMipiRx_vcu_DP.runs/bd_eab1_vsc_0_synth_1/prj/sol/.autopilot/db/v_vscaler.pp.0.cpp:20110:17: warning: Added loop label VITIS_LOOP_2284_5:   [xilinx-label-all-loops]
                for(int j=7; j>=3+I; j--) {
                ^~~
                VITIS_LOOP_2284_5: 
/home/user/Documents/kria-vitis-platforms/kv260/platforms/vivado/kv260_ispMipiRx_vcu_DP/project/kv260_ispMipiRx_vcu_DP.runs/bd_eab1_vsc_0_synth_1/prj/sol/.autopilot/db/v_vscaler.pp.0.cpp:20110:17: note: FIX-IT applied suggested code changes
/home/user/Documents/kria-vitis-platforms/kv260/platforms/vivado/kv260_ispMipiRx_vcu_DP/project/kv260_ispMipiRx_vcu_DP.runs/bd_eab1_vsc_0_synth_1/prj/sol/.autopilot/db/v_vscaler.pp.0.cpp:20114:17: warning: Added loop label VITIS_LOOP_2288_6:   [xilinx-label-all-loops]
                for(int j=I+2; j>=0; j--) {
                ^~~
                VITIS_LOOP_2288_6: 
/home/user/Documents/kria-vitis-platforms/kv260/platforms/vivado/kv260_ispMipiRx_vcu_DP/project/kv260_ispMipiRx_vcu_DP.runs/bd_eab1_vsc_0_synth_1/prj/sol/.autopilot/db/v_vscaler.pp.0.cpp:20114:17: note: FIX-IT applied suggested code changes
/home/user/Documents/kria-vitis-platforms/kv260/platforms/vivado/kv260_ispMipiRx_vcu_DP/project/kv260_ispMipiRx_vcu_DP.runs/bd_eab1_vsc_0_synth_1/prj/sol/.autopilot/db/v_vscaler.pp.0.cpp:20132:9: warning: Added loop label VITIS_LOOP_2306_7:   [xilinx-label-all-loops]
        for(int j=11; j<16; j++) {
        ^~~
        VITIS_LOOP_2306_7: 
/home/user/Documents/kria-vitis-platforms/kv260/platforms/vivado/kv260_ispMipiRx_vcu_DP/project/kv260_ispMipiRx_vcu_DP.runs/bd_eab1_vsc_0_synth_1/prj/sol/.autopilot/db/v_vscaler.pp.0.cpp:20132:9: note: FIX-IT applied suggested code changes
/home/user/Documents/kria-vitis-platforms/kv260/platforms/vivado/kv260_ispMipiRx_vcu_DP/project/kv260_ispMipiRx_vcu_DP.runs/bd_eab1_vsc_0_synth_1/prj/sol/.autopilot/db/v_vscaler.pp.0.cpp:20187:13: warning: Added loop label VITIS_LOOP_2361_8:   [xilinx-label-all-loops]
            for(int j=15; j>=7+I; j--) {
            ^~~
            VITIS_LOOP_2361_8: 
/home/user/Documents/kria-vitis-platforms/kv260/platforms/vivado/kv260_ispMipiRx_vcu_DP/project/kv260_ispMipiRx_vcu_DP.runs/bd_eab1_vsc_0_synth_1/prj/sol/.autopilot/db/v_vscaler.pp.0.cpp:20187:13: note: FIX-IT applied suggested code changes
/home/user/Documents/kria-vitis-platforms/kv260/platforms/vivado/kv260_ispMipiRx_vcu_DP/project/kv260_ispMipiRx_vcu_DP.runs/bd_eab1_vsc_0_synth_1/prj/sol/.autopilot/db/v_vscaler.pp.0.cpp:20194:17: warning: Added loop label VITIS_LOOP_2368_9:   [xilinx-label-all-loops]
                for(int j=15; j>=7+I; j--) {
                ^~~
                VITIS_LOOP_2368_9: 
/home/user/Documents/kria-vitis-platforms/kv260/platforms/vivado/kv260_ispMipiRx_vcu_DP/project/kv260_ispMipiRx_vcu_DP.runs/bd_eab1_vsc_0_synth_1/prj/sol/.autopilot/db/v_vscaler.pp.0.cpp:20194:17: note: FIX-IT applied suggested code changes
/home/user/Documents/kria-vitis-platforms/kv260/platforms/vivado/kv260_ispMipiRx_vcu_DP/project/kv260_ispMipiRx_vcu_DP.runs/bd_eab1_vsc_0_synth_1/prj/sol/.autopilot/db/v_vscaler.pp.0.cpp:20198:17: warning: Added loop label VITIS_LOOP_2372_10:   [xilinx-label-all-loops]
                for(int j=6+I; j>=0; j--) {
                ^~~
                VITIS_LOOP_2372_10: 
/home/user/Documents/kria-vitis-platforms/kv260/platforms/vivado/kv260_ispMipiRx_vcu_DP/project/kv260_ispMipiRx_vcu_DP.runs/bd_eab1_vsc_0_synth_1/prj/sol/.autopilot/db/v_vscaler.pp.0.cpp:20198:17: note: FIX-IT applied suggested code changes
/home/user/Documents/kria-vitis-platforms/kv260/platforms/vivado/kv260_ispMipiRx_vcu_DP/project/kv260_ispMipiRx_vcu_DP.runs/bd_eab1_vsc_0_synth_1/prj/sol/.autopilot/db/v_vscaler.pp.0.cpp:20216:9: warning: Added loop label VITIS_LOOP_2390_11:   [xilinx-label-all-loops]
        for(int j=20; j<32; j++) {
        ^~~
        VITIS_LOOP_2390_11: 
/home/user/Documents/kria-vitis-platforms/kv260/platforms/vivado/kv260_ispMipiRx_vcu_DP/project/kv260_ispMipiRx_vcu_DP.runs/bd_eab1_vsc_0_synth_1/prj/sol/.autopilot/db/v_vscaler.pp.0.cpp:20216:9: note: FIX-IT applied suggested code changes
/home/user/Documents/kria-vitis-platforms/kv260/platforms/vivado/kv260_ispMipiRx_vcu_DP/project/kv260_ispMipiRx_vcu_DP.runs/bd_eab1_vsc_0_synth_1/prj/sol/.autopilot/db/v_vscaler.pp.0.cpp:20305:13: warning: Added loop label VITIS_LOOP_2479_12:   [xilinx-label-all-loops]
            for(int j=31; j>=I+15; j--) {
            ^~~
            VITIS_LOOP_2479_12: 
/home/user/Documents/kria-vitis-platforms/kv260/platforms/vivado/kv260_ispMipiRx_vcu_DP/project/kv260_ispMipiRx_vcu_DP.runs/bd_eab1_vsc_0_synth_1/prj/sol/.autopilot/db/v_vscaler.pp.0.cpp:20305:13: note: FIX-IT applied suggested code changes
/home/user/Documents/kria-vitis-platforms/kv260/platforms/vivado/kv260_ispMipiRx_vcu_DP/project/kv260_ispMipiRx_vcu_DP.runs/bd_eab1_vsc_0_synth_1/prj/sol/.autopilot/db/v_vscaler.pp.0.cpp:20312:17: warning: Added loop label VITIS_LOOP_2486_13:   [xilinx-label-all-loops]
                for(int j=31; j>=I+15; j--) {
                ^~~
                VITIS_LOOP_2486_13: 
/home/user/Documents/kria-vitis-platforms/kv260/platforms/vivado/kv260_ispMipiRx_vcu_DP/project/kv260_ispMipiRx_vcu_DP.runs/bd_eab1_vsc_0_synth_1/prj/sol/.autopilot/db/v_vscaler.pp.0.cpp:20312:17: note: FIX-IT applied suggested code changes
/home/user/Documents/kria-vitis-platforms/kv260/platforms/vivado/kv260_ispMipiRx_vcu_DP/project/kv260_ispMipiRx_vcu_DP.runs/bd_eab1_vsc_0_synth_1/prj/sol/.autopilot/db/v_vscaler.pp.0.cpp:20316:17: warning: Added loop label VITIS_LOOP_2490_14:   [xilinx-label-all-loops]
                for(int j=I+14; j>=0; j--) {
                ^~~
                VITIS_LOOP_2490_14: 
/home/user/Documents/kria-vitis-platforms/kv260/platforms/vivado/kv260_ispMipiRx_vcu_DP/project/kv260_ispMipiRx_vcu_DP.runs/bd_eab1_vsc_0_synth_1/prj/sol/.autopilot/db/v_vscaler.pp.0.cpp:20316:17: note: FIX-IT applied suggested code changes
/home/user/Documents/kria-vitis-platforms/kv260/platforms/vivado/kv260_ispMipiRx_vcu_DP/project/kv260_ispMipiRx_vcu_DP.runs/bd_eab1_vsc_0_synth_1/prj/sol/.autopilot/db/v_vscaler.pp.0.cpp:20326:9: warning: Added loop label VITIS_LOOP_2500_15:   [xilinx-label-all-loops]
        for(int j=32-F; j<32+I; j++) {
        ^~~
        VITIS_LOOP_2500_15: 
/home/user/Documents/kria-vitis-platforms/kv260/platforms/vivado/kv260_ispMipiRx_vcu_DP/project/kv260_ispMipiRx_vcu_DP.runs/bd_eab1_vsc_0_synth_1/prj/sol/.autopilot/db/v_vscaler.pp.0.cpp:20326:9: note: FIX-IT applied suggested code changes
/home/user/Documents/kria-vitis-platforms/kv260/platforms/vivado/kv260_ispMipiRx_vcu_DP/project/kv260_ispMipiRx_vcu_DP.runs/bd_eab1_vsc_0_synth_1/prj/sol/.autopilot/db/v_vscaler.pp.0.cpp:20330:9: warning: Added loop label VITIS_LOOP_2504_16:   [xilinx-label-all-loops]
        for(int j=32+I; j<=64; j++) {
        ^~~
        VITIS_LOOP_2504_16: 
/home/user/Documents/kria-vitis-platforms/kv260/platforms/vivado/kv260_ispMipiRx_vcu_DP/project/kv260_ispMipiRx_vcu_DP.runs/bd_eab1_vsc_0_synth_1/prj/sol/.autopilot/db/v_vscaler.pp.0.cpp:20330:9: note: FIX-IT applied suggested code changes
/home/user/Documents/kria-vitis-platforms/kv260/platforms/vivado/kv260_ispMipiRx_vcu_DP/project/kv260_ispMipiRx_vcu_DP.runs/bd_eab1_vsc_0_synth_1/prj/sol/.autopilot/db/v_vscaler.pp.0.cpp:20341:9: warning: Added loop label VITIS_LOOP_2515_17:   [xilinx-label-all-loops]
        for(int j=37; j<64; j++) {
        ^~~
        VITIS_LOOP_2515_17: 
/home/user/Documents/kria-vitis-platforms/kv260/platforms/vivado/kv260_ispMipiRx_vcu_DP/project/kv260_ispMipiRx_vcu_DP.runs/bd_eab1_vsc_0_synth_1/prj/sol/.autopilot/db/v_vscaler.pp.0.cpp:20341:9: note: FIX-IT applied suggested code changes
/home/user/Documents/kria-vitis-platforms/kv260/platforms/vivado/kv260_ispMipiRx_vcu_DP/project/kv260_ispMipiRx_vcu_DP.runs/bd_eab1_vsc_0_synth_1/prj/sol/.autopilot/db/v_vscaler.pp.0.cpp:20349:17: warning: Added loop label VITIS_LOOP_2523_18:   [xilinx-label-all-loops]
                for(int j=0; j<64; j++) {
                ^~~
                VITIS_LOOP_2523_18: 
/home/user/Documents/kria-vitis-platforms/kv260/platforms/vivado/kv260_ispMipiRx_vcu_DP/project/kv260_ispMipiRx_vcu_DP.runs/bd_eab1_vsc_0_synth_1/prj/sol/.autopilot/db/v_vscaler.pp.0.cpp:20349:17: note: FIX-IT applied suggested code changes
/home/user/Documents/kria-vitis-platforms/kv260/platforms/vivado/kv260_ispMipiRx_vcu_DP/project/kv260_ispMipiRx_vcu_DP.runs/bd_eab1_vsc_0_synth_1/prj/sol/.autopilot/db/v_vscaler.pp.0.cpp:20674:13: warning: Added loop label VITIS_LOOP_2848_19:   [xilinx-label-all-loops]
            for(int j=63; j>=I+31; j--) {
            ^~~
            VITIS_LOOP_2848_19: 
/home/user/Documents/kria-vitis-platforms/kv260/platforms/vivado/kv260_ispMipiRx_vcu_DP/project/kv260_ispMipiRx_vcu_DP.runs/bd_eab1_vsc_0_synth_1/prj/sol/.autopilot/db/v_vscaler.pp.0.cpp:20674:13: note: FIX-IT applied suggested code changes
/home/user/Documents/kria-vitis-platforms/kv260/platforms/vivado/kv260_ispMipiRx_vcu_DP/project/kv260_ispMipiRx_vcu_DP.runs/bd_eab1_vsc_0_synth_1/prj/sol/.autopilot/db/v_vscaler.pp.0.cpp:20681:17: warning: Added loop label VITIS_LOOP_2855_20:   [xilinx-label-all-loops]
                for(int j=63; j>=I+31; j--) {
                ^~~
                VITIS_LOOP_2855_20: 
/home/user/Documents/kria-vitis-platforms/kv260/platforms/vivado/kv260_ispMipiRx_vcu_DP/project/kv260_ispMipiRx_vcu_DP.runs/bd_eab1_vsc_0_synth_1/prj/sol/.autopilot/db/v_vscaler.pp.0.cpp:20681:17: note: FIX-IT applied suggested code changes
/home/user/Documents/kria-vitis-platforms/kv260/platforms/vivado/kv260_ispMipiRx_vcu_DP/project/kv260_ispMipiRx_vcu_DP.runs/bd_eab1_vsc_0_synth_1/prj/sol/.autopilot/db/v_vscaler.pp.0.cpp:20685:17: warning: Added loop label VITIS_LOOP_2859_21:   [xilinx-label-all-loops]
                for(int j=I+30; j>=0; j--) {
                ^~~
                VITIS_LOOP_2859_21: 
/home/user/Documents/kria-vitis-platforms/kv260/platforms/vivado/kv260_ispMipiRx_vcu_DP/project/kv260_ispMipiRx_vcu_DP.runs/bd_eab1_vsc_0_synth_1/prj/sol/.autopilot/db/v_vscaler.pp.0.cpp:20685:17: note: FIX-IT applied suggested code changes
/home/user/Documents/kria-vitis-platforms/kv260/platforms/vivado/kv260_ispMipiRx_vcu_DP/project/kv260_ispMipiRx_vcu_DP.runs/bd_eab1_vsc_0_synth_1/prj/sol/.autopilot/db/v_vscaler.pp.0.cpp:20773:4: warning: Added loop label VITIS_LOOP_2947_1:   [xilinx-label-all-loops]
   for(int j = 5; j>=I_+2; j--) {
   ^~~
   VITIS_LOOP_2947_1: 
/home/user/Documents/kria-vitis-platforms/kv260/platforms/vivado/kv260_ispMipiRx_vcu_DP/project/kv260_ispMipiRx_vcu_DP.runs/bd_eab1_vsc_0_synth_1/prj/sol/.autopilot/db/v_vscaler.pp.0.cpp:20773:4: note: FIX-IT applied suggested code changes
/home/user/Documents/kria-vitis-platforms/kv260/platforms/vivado/kv260_ispMipiRx_vcu_DP/project/kv260_ispMipiRx_vcu_DP.runs/bd_eab1_vsc_0_synth_1/prj/sol/.autopilot/db/v_vscaler.pp.0.cpp:20780:5: warning: Added loop label VITIS_LOOP_2954_2:   [xilinx-label-all-loops]
    for(int j = 5; j>=I_+2; j--) {
    ^~~
    VITIS_LOOP_2954_2: 
/home/user/Documents/kria-vitis-platforms/kv260/platforms/vivado/kv260_ispMipiRx_vcu_DP/project/kv260_ispMipiRx_vcu_DP.runs/bd_eab1_vsc_0_synth_1/prj/sol/.autopilot/db/v_vscaler.pp.0.cpp:20780:5: note: FIX-IT applied suggested code changes
/home/user/Documents/kria-vitis-platforms/kv260/platforms/vivado/kv260_ispMipiRx_vcu_DP/project/kv260_ispMipiRx_vcu_DP.runs/bd_eab1_vsc_0_synth_1/prj/sol/.autopilot/db/v_vscaler.pp.0.cpp:20784:5: warning: Added loop label VITIS_LOOP_2958_3:   [xilinx-label-all-loops]
    for(int j = I_+1; j>=0; j--) {
    ^~~
    VITIS_LOOP_2958_3: 
/home/user/Documents/kria-vitis-platforms/kv260/platforms/vivado/kv260_ispMipiRx_vcu_DP/project/kv260_ispMipiRx_vcu_DP.runs/bd_eab1_vsc_0_synth_1/prj/sol/.autopilot/db/v_vscaler.pp.0.cpp:20784:5: note: FIX-IT applied suggested code changes
/home/user/Documents/kria-vitis-platforms/kv260/platforms/vivado/kv260_ispMipiRx_vcu_DP/project/kv260_ispMipiRx_vcu_DP.runs/bd_eab1_vsc_0_synth_1/prj/sol/.autopilot/db/v_vscaler.pp.0.cpp:20799:3: warning: Added loop label VITIS_LOOP_2973_4:   [xilinx-label-all-loops]
  for(int j = 11; j >=7; j--) {
  ^~~
  VITIS_LOOP_2973_4: 
/home/user/Documents/kria-vitis-platforms/kv260/platforms/vivado/kv260_ispMipiRx_vcu_DP/project/kv260_ispMipiRx_vcu_DP.runs/bd_eab1_vsc_0_synth_1/prj/sol/.autopilot/db/v_vscaler.pp.0.cpp:20799:3: note: FIX-IT applied suggested code changes
/home/user/Documents/kria-vitis-platforms/kv260/platforms/vivado/kv260_ispMipiRx_vcu_DP/project/kv260_ispMipiRx_vcu_DP.runs/bd_eab1_vsc_0_synth_1/prj/sol/.autopilot/db/v_vscaler.pp.0.cpp:20831:4: warning: Added loop label VITIS_LOOP_3005_5:   [xilinx-label-all-loops]
   for(int j = 11; j >= I_+5; j--) {
   ^~~
   VITIS_LOOP_3005_5: 
/home/user/Documents/kria-vitis-platforms/kv260/platforms/vivado/kv260_ispMipiRx_vcu_DP/project/kv260_ispMipiRx_vcu_DP.runs/bd_eab1_vsc_0_synth_1/prj/sol/.autopilot/db/v_vscaler.pp.0.cpp:20831:4: note: FIX-IT applied suggested code changes
/home/user/Documents/kria-vitis-platforms/kv260/platforms/vivado/kv260_ispMipiRx_vcu_DP/project/kv260_ispMipiRx_vcu_DP.runs/bd_eab1_vsc_0_synth_1/prj/sol/.autopilot/db/v_vscaler.pp.0.cpp:20838:5: warning: Added loop label VITIS_LOOP_3012_6:   [xilinx-label-all-loops]
    for(int j = 11; j>= I_+5; j--) {
    ^~~
    VITIS_LOOP_3012_6: 
/home/user/Documents/kria-vitis-platforms/kv260/platforms/vivado/kv260_ispMipiRx_vcu_DP/project/kv260_ispMipiRx_vcu_DP.runs/bd_eab1_vsc_0_synth_1/prj/sol/.autopilot/db/v_vscaler.pp.0.cpp:20838:5: note: FIX-IT applied suggested code changes
/home/user/Documents/kria-vitis-platforms/kv260/platforms/vivado/kv260_ispMipiRx_vcu_DP/project/kv260_ispMipiRx_vcu_DP.runs/bd_eab1_vsc_0_synth_1/prj/sol/.autopilot/db/v_vscaler.pp.0.cpp:20842:5: warning: Added loop label VITIS_LOOP_3016_7:   [xilinx-label-all-loops]
    for(int j = I_+4; j>=0; j--) {
    ^~~
    VITIS_LOOP_3016_7: 
/home/user/Documents/kria-vitis-platforms/kv260/platforms/vivado/kv260_ispMipiRx_vcu_DP/project/kv260_ispMipiRx_vcu_DP.runs/bd_eab1_vsc_0_synth_1/prj/sol/.autopilot/db/v_vscaler.pp.0.cpp:20842:5: note: FIX-IT applied suggested code changes
/home/user/Documents/kria-vitis-platforms/kv260/platforms/vivado/kv260_ispMipiRx_vcu_DP/project/kv260_ispMipiRx_vcu_DP.runs/bd_eab1_vsc_0_synth_1/prj/sol/.autopilot/db/v_vscaler.pp.0.cpp:20857:3: warning: Added loop label VITIS_LOOP_3031_8:   [xilinx-label-all-loops]
  for(int j = 25; j>=15; j--) {
  ^~~
  VITIS_LOOP_3031_8: 
/home/user/Documents/kria-vitis-platforms/kv260/platforms/vivado/kv260_ispMipiRx_vcu_DP/project/kv260_ispMipiRx_vcu_DP.runs/bd_eab1_vsc_0_synth_1/prj/sol/.autopilot/db/v_vscaler.pp.0.cpp:20857:3: note: FIX-IT applied suggested code changes
/home/user/Documents/kria-vitis-platforms/kv260/platforms/vivado/kv260_ispMipiRx_vcu_DP/project/kv260_ispMipiRx_vcu_DP.runs/bd_eab1_vsc_0_synth_1/prj/sol/.autopilot/db/v_vscaler.pp.0.cpp:20907:4: warning: Added loop label VITIS_LOOP_3081_9:   [xilinx-label-all-loops]
   for(int j = 25; j>= I_+12; j--) {
   ^~~
   VITIS_LOOP_3081_9: 
/home/user/Documents/kria-vitis-platforms/kv260/platforms/vivado/kv260_ispMipiRx_vcu_DP/project/kv260_ispMipiRx_vcu_DP.runs/bd_eab1_vsc_0_synth_1/prj/sol/.autopilot/db/v_vscaler.pp.0.cpp:20907:4: note: FIX-IT applied suggested code changes
/home/user/Documents/kria-vitis-platforms/kv260/platforms/vivado/kv260_ispMipiRx_vcu_DP/project/kv260_ispMipiRx_vcu_DP.runs/bd_eab1_vsc_0_synth_1/prj/sol/.autopilot/db/v_vscaler.pp.0.cpp:20914:5: warning: Added loop label VITIS_LOOP_3088_10:   [xilinx-label-all-loops]
    for(int j = 25; j>=I_+12; j--) {
    ^~~
    VITIS_LOOP_3088_10: 
/home/user/Documents/kria-vitis-platforms/kv260/platforms/vivado/kv260_ispMipiRx_vcu_DP/project/kv260_ispMipiRx_vcu_DP.runs/bd_eab1_vsc_0_synth_1/prj/sol/.autopilot/db/v_vscaler.pp.0.cpp:20914:5: note: FIX-IT applied suggested code changes
/home/user/Documents/kria-vitis-platforms/kv260/platforms/vivado/kv260_ispMipiRx_vcu_DP/project/kv260_ispMipiRx_vcu_DP.runs/bd_eab1_vsc_0_synth_1/prj/sol/.autopilot/db/v_vscaler.pp.0.cpp:20918:5: warning: Added loop label VITIS_LOOP_3092_11:   [xilinx-label-all-loops]
    for(int j = I_+11; j>=0; j--) {
    ^~~
    VITIS_LOOP_3092_11: 
/home/user/Documents/kria-vitis-platforms/kv260/platforms/vivado/kv260_ispMipiRx_vcu_DP/project/kv260_ispMipiRx_vcu_DP.runs/bd_eab1_vsc_0_synth_1/prj/sol/.autopilot/db/v_vscaler.pp.0.cpp:20918:5: note: FIX-IT applied suggested code changes
/home/user/Documents/kria-vitis-platforms/kv260/platforms/vivado/kv260_ispMipiRx_vcu_DP/project/kv260_ispMipiRx_vcu_DP.runs/bd_eab1_vsc_0_synth_1/prj/sol/.autopilot/db/v_vscaler.pp.0.cpp:20933:3: warning: Added loop label VITIS_LOOP_3107_12:   [xilinx-label-all-loops]
  for(int j = 51; j >= 29; j--) {
  ^~~
  VITIS_LOOP_3107_12: 
/home/user/Documents/kria-vitis-platforms/kv260/platforms/vivado/kv260_ispMipiRx_vcu_DP/project/kv260_ispMipiRx_vcu_DP.runs/bd_eab1_vsc_0_synth_1/prj/sol/.autopilot/db/v_vscaler.pp.0.cpp:20933:3: note: FIX-IT applied suggested code changes
/home/user/Documents/kria-vitis-platforms/kv260/platforms/vivado/kv260_ispMipiRx_vcu_DP/project/kv260_ispMipiRx_vcu_DP.runs/bd_eab1_vsc_0_synth_1/prj/sol/.autopilot/db/v_vscaler.pp.0.cpp:21070:4: warning: Added loop label VITIS_LOOP_3244_13:   [xilinx-label-all-loops]
   for(int j = 51; j >= 25 + I_; j--) {
   ^~~
   VITIS_LOOP_3244_13: 
/home/user/Documents/kria-vitis-platforms/kv260/platforms/vivado/kv260_ispMipiRx_vcu_DP/project/kv260_ispMipiRx_vcu_DP.runs/bd_eab1_vsc_0_synth_1/prj/sol/.autopilot/db/v_vscaler.pp.0.cpp:21070:4: note: FIX-IT applied suggested code changes
/home/user/Documents/kria-vitis-platforms/kv260/platforms/vivado/kv260_ispMipiRx_vcu_DP/project/kv260_ispMipiRx_vcu_DP.runs/bd_eab1_vsc_0_synth_1/prj/sol/.autopilot/db/v_vscaler.pp.0.cpp:21077:5: warning: Added loop label VITIS_LOOP_3251_14:   [xilinx-label-all-loops]
    for(int j = 51; j>=25 + I_; j--) {
    ^~~
    VITIS_LOOP_3251_14: 
/home/user/Documents/kria-vitis-platforms/kv260/platforms/vivado/kv260_ispMipiRx_vcu_DP/project/kv260_ispMipiRx_vcu_DP.runs/bd_eab1_vsc_0_synth_1/prj/sol/.autopilot/db/v_vscaler.pp.0.cpp:21077:5: note: FIX-IT applied suggested code changes
/home/user/Documents/kria-vitis-platforms/kv260/platforms/vivado/kv260_ispMipiRx_vcu_DP/project/kv260_ispMipiRx_vcu_DP.runs/bd_eab1_vsc_0_synth_1/prj/sol/.autopilot/db/v_vscaler.pp.0.cpp:21081:5: warning: Added loop label VITIS_LOOP_3255_15:   [xilinx-label-all-loops]
    for(int j = 24 + I_; j >= 0; j--) {
    ^~~
    VITIS_LOOP_3255_15: 
/home/user/Documents/kria-vitis-platforms/kv260/platforms/vivado/kv260_ispMipiRx_vcu_DP/project/kv260_ispMipiRx_vcu_DP.runs/bd_eab1_vsc_0_synth_1/prj/sol/.autopilot/db/v_vscaler.pp.0.cpp:21081:5: note: FIX-IT applied suggested code changes
/home/user/Documents/kria-vitis-platforms/kv260/platforms/vivado/kv260_ispMipiRx_vcu_DP/project/kv260_ispMipiRx_vcu_DP.runs/bd_eab1_vsc_0_synth_1/prj/sol/.autopilot/db/v_vscaler.pp.0.cpp:21096:3: warning: Added loop label VITIS_LOOP_3270_16:   [xilinx-label-all-loops]
  for(int j = 63; j >= 36; j--) {
  ^~~
  VITIS_LOOP_3270_16: 
/home/user/Documents/kria-vitis-platforms/kv260/platforms/vivado/kv260_ispMipiRx_vcu_DP/project/kv260_ispMipiRx_vcu_DP.runs/bd_eab1_vsc_0_synth_1/prj/sol/.autopilot/db/v_vscaler.pp.0.cpp:21096:3: note: FIX-IT applied suggested code changes
/home/user/Documents/kria-vitis-platforms/kv260/platforms/vivado/kv260_ispMipiRx_vcu_DP/project/kv260_ispMipiRx_vcu_DP.runs/bd_eab1_vsc_0_synth_1/prj/sol/.autopilot/db/v_vscaler.pp.0.cpp:21256:4: warning: Added loop label VITIS_LOOP_3430_17:   [xilinx-label-all-loops]
   for(int j = 63; j >= 31 + I_; j--) {
   ^~~
   VITIS_LOOP_3430_17: 
/home/user/Documents/kria-vitis-platforms/kv260/platforms/vivado/kv260_ispMipiRx_vcu_DP/project/kv260_ispMipiRx_vcu_DP.runs/bd_eab1_vsc_0_synth_1/prj/sol/.autopilot/db/v_vscaler.pp.0.cpp:21256:4: note: FIX-IT applied suggested code changes
/home/user/Documents/kria-vitis-platforms/kv260/platforms/vivado/kv260_ispMipiRx_vcu_DP/project/kv260_ispMipiRx_vcu_DP.runs/bd_eab1_vsc_0_synth_1/prj/sol/.autopilot/db/v_vscaler.pp.0.cpp:21263:5: warning: Added loop label VITIS_LOOP_3437_18:   [xilinx-label-all-loops]
    for(int j = 63; j >= 31 + I_; j--) {
    ^~~
    VITIS_LOOP_3437_18: 
/home/user/Documents/kria-vitis-platforms/kv260/platforms/vivado/kv260_ispMipiRx_vcu_DP/project/kv260_ispMipiRx_vcu_DP.runs/bd_eab1_vsc_0_synth_1/prj/sol/.autopilot/db/v_vscaler.pp.0.cpp:21263:5: note: FIX-IT applied suggested code changes
/home/user/Documents/kria-vitis-platforms/kv260/platforms/vivado/kv260_ispMipiRx_vcu_DP/project/kv260_ispMipiRx_vcu_DP.runs/bd_eab1_vsc_0_synth_1/prj/sol/.autopilot/db/v_vscaler.pp.0.cpp:21267:5: warning: Added loop label VITIS_LOOP_3441_19:   [xilinx-label-all-loops]
    for(int j = 30 + I_; j >= 0; j--) {
    ^~~
    VITIS_LOOP_3441_19: 
/home/user/Documents/kria-vitis-platforms/kv260/platforms/vivado/kv260_ispMipiRx_vcu_DP/project/kv260_ispMipiRx_vcu_DP.runs/bd_eab1_vsc_0_synth_1/prj/sol/.autopilot/db/v_vscaler.pp.0.cpp:21267:5: note: FIX-IT applied suggested code changes
/home/user/Documents/kria-vitis-platforms/kv260/platforms/vivado/kv260_ispMipiRx_vcu_DP/project/kv260_ispMipiRx_vcu_DP.runs/bd_eab1_vsc_0_synth_1/prj/sol/.autopilot/db/v_vscaler.pp.0.cpp:21982:13: warning: Added loop label VITIS_LOOP_729_1:   [xilinx-label-all-loops]
            for (b_exp = I_-1; b_exp >= -F_; b_exp--) {
            ^~~
            VITIS_LOOP_729_1: 
/home/user/Documents/kria-vitis-platforms/kv260/platforms/vivado/kv260_ispMipiRx_vcu_DP/project/kv260_ispMipiRx_vcu_DP.runs/bd_eab1_vsc_0_synth_1/prj/sol/.autopilot/db/v_vscaler.pp.0.cpp:21982:13: note: FIX-IT applied suggested code changes
/home/user/Documents/kria-vitis-platforms/kv260/platforms/vivado/kv260_ispMipiRx_vcu_DP/project/kv260_ispMipiRx_vcu_DP.runs/bd_eab1_vsc_0_synth_1/prj/sol/.autopilot/db/v_vscaler.pp.0.cpp:22200:13: warning: Added loop label VITIS_LOOP_947_1:   [xilinx-label-all-loops]
            for (b_exp = I_-1; b_exp >= -F_; b_exp--) {
            ^~~
            VITIS_LOOP_947_1: 
/home/user/Documents/kria-vitis-platforms/kv260/platforms/vivado/kv260_ispMipiRx_vcu_DP/project/kv260_ispMipiRx_vcu_DP.runs/bd_eab1_vsc_0_synth_1/prj/sol/.autopilot/db/v_vscaler.pp.0.cpp:22200:13: note: FIX-IT applied suggested code changes
/home/user/Documents/kria-vitis-platforms/kv260/platforms/vivado/kv260_ispMipiRx_vcu_DP/project/kv260_ispMipiRx_vcu_DP.runs/bd_eab1_vsc_0_synth_1/prj/sol/.autopilot/db/v_vscaler.pp.0.cpp:22617:13: warning: Added loop label VITIS_LOOP_1371_1:   [xilinx-label-all-loops]
            for (b_exp = I_-1; b_exp >= -F_; b_exp--) {
            ^~~
            VITIS_LOOP_1371_1: 
/home/user/Documents/kria-vitis-platforms/kv260/platforms/vivado/kv260_ispMipiRx_vcu_DP/project/kv260_ispMipiRx_vcu_DP.runs/bd_eab1_vsc_0_synth_1/prj/sol/.autopilot/db/v_vscaler.pp.0.cpp:22617:13: note: FIX-IT applied suggested code changes
/home/user/Documents/kria-vitis-platforms/kv260/platforms/vivado/kv260_ispMipiRx_vcu_DP/project/kv260_ispMipiRx_vcu_DP.runs/bd_eab1_vsc_0_synth_1/prj/sol/.autopilot/db/v_vscaler.pp.0.cpp:22931:9: warning: Added loop label VITIS_LOOP_266_1:   [xilinx-label-all-loops]
        for ( int pos = msbr-1; pos >= 0; pos-- ) {
        ^~~
        VITIS_LOOP_266_1: 
/home/user/Documents/kria-vitis-platforms/kv260/platforms/vivado/kv260_ispMipiRx_vcu_DP/project/kv260_ispMipiRx_vcu_DP.runs/bd_eab1_vsc_0_synth_1/prj/sol/.autopilot/db/v_vscaler.pp.0.cpp:22931:9: note: FIX-IT applied suggested code changes
/home/user/Documents/kria-vitis-platforms/kv260/platforms/vivado/kv260_ispMipiRx_vcu_DP/project/kv260_ispMipiRx_vcu_DP.runs/bd_eab1_vsc_0_synth_1/prj/sol/.autopilot/db/v_vscaler.pp.0.cpp:22959:9: warning: Added loop label VITIS_LOOP_294_2:   [xilinx-label-all-loops]
        for ( int pos = -1; pos >= -F_-1; pos-- ) {
        ^~~
        VITIS_LOOP_294_2: 
/home/user/Documents/kria-vitis-platforms/kv260/platforms/vivado/kv260_ispMipiRx_vcu_DP/project/kv260_ispMipiRx_vcu_DP.runs/bd_eab1_vsc_0_synth_1/prj/sol/.autopilot/db/v_vscaler.pp.0.cpp:22959:9: note: FIX-IT applied suggested code changes
/home/user/Documents/kria-vitis-platforms/kv260/platforms/vivado/kv260_ispMipiRx_vcu_DP/project/kv260_ispMipiRx_vcu_DP.runs/bd_eab1_vsc_0_synth_1/prj/sol/.autopilot/db/v_vscaler.pp.0.cpp:23654:13: warning: Added loop label VITIS_LOOP_74_1:   [xilinx-label-all-loops]
            for (int j = 0; j < W_-1; j++){
            ^~~
            VITIS_LOOP_74_1: 
/home/user/Documents/kria-vitis-platforms/kv260/platforms/vivado/kv260_ispMipiRx_vcu_DP/project/kv260_ispMipiRx_vcu_DP.runs/bd_eab1_vsc_0_synth_1/prj/sol/.autopilot/db/v_vscaler.pp.0.cpp:23654:13: note: FIX-IT applied suggested code changes
/home/user/Documents/kria-vitis-platforms/kv260/platforms/vivado/kv260_ispMipiRx_vcu_DP/project/kv260_ispMipiRx_vcu_DP.runs/bd_eab1_vsc_0_synth_1/prj/sol/.autopilot/db/v_vscaler.pp.0.cpp:23707:5: warning: Added loop label VITIS_LOOP_135_2:   [xilinx-label-all-loops]
    for (int j = F_l+F_+I_m-1; j < F_l+W_+5; j++){
    ^~~
    VITIS_LOOP_135_2: 
/home/user/Documents/kria-vitis-platforms/kv260/platforms/vivado/kv260_ispMipiRx_vcu_DP/project/kv260_ispMipiRx_vcu_DP.runs/bd_eab1_vsc_0_synth_1/prj/sol/.autopilot/db/v_vscaler.pp.0.cpp:23707:5: note: FIX-IT applied suggested code changes
/home/user/Documents/kria-vitis-platforms/kv260/platforms/vivado/kv260_ispMipiRx_vcu_DP/project/kv260_ispMipiRx_vcu_DP.runs/bd_eab1_vsc_0_synth_1/prj/sol/.autopilot/db/v_vscaler.pp.0.cpp:23721:13: warning: Added loop label VITIS_LOOP_149_3:   [xilinx-label-all-loops]
            for (int j = WO_m-1; j >= W_-1; j--) {
            ^~~
            VITIS_LOOP_149_3: 
/home/user/Documents/kria-vitis-platforms/kv260/platforms/vivado/kv260_ispMipiRx_vcu_DP/project/kv260_ispMipiRx_vcu_DP.runs/bd_eab1_vsc_0_synth_1/prj/sol/.autopilot/db/v_vscaler.pp.0.cpp:23721:13: note: FIX-IT applied suggested code changes
/home/user/Documents/kria-vitis-platforms/kv260/platforms/vivado/kv260_ispMipiRx_vcu_DP/project/kv260_ispMipiRx_vcu_DP.runs/bd_eab1_vsc_0_synth_1/prj/sol/.autopilot/db/v_vscaler.pp.0.cpp:23751:13: warning: Added loop label VITIS_LOOP_179_4:   [xilinx-label-all-loops]
            for (int j = W_-2; j >= 0; j--){
            ^~~
            VITIS_LOOP_179_4: 
/home/user/Documents/kria-vitis-platforms/kv260/platforms/vivado/kv260_ispMipiRx_vcu_DP/project/kv260_ispMipiRx_vcu_DP.runs/bd_eab1_vsc_0_synth_1/prj/sol/.autopilot/db/v_vscaler.pp.0.cpp:23751:13: note: FIX-IT applied suggested code changes
/home/user/Documents/kria-vitis-platforms/kv260/platforms/vivado/kv260_ispMipiRx_vcu_DP/project/kv260_ispMipiRx_vcu_DP.runs/bd_eab1_vsc_0_synth_1/prj/sol/.autopilot/db/v_vscaler.pp.0.cpp:23836:12: warning: Added loop label VITIS_LOOP_307_1:   [xilinx-label-all-loops]
           for(int i = wf_log+we_log-2; i > WI_e - 2; --i) {
           ^~~
           VITIS_LOOP_307_1: 
/home/user/Documents/kria-vitis-platforms/kv260/platforms/vivado/kv260_ispMipiRx_vcu_DP/project/kv260_ispMipiRx_vcu_DP.runs/bd_eab1_vsc_0_synth_1/prj/sol/.autopilot/db/v_vscaler.pp.0.cpp:23836:12: note: FIX-IT applied suggested code changes
/home/user/Documents/kria-vitis-platforms/kv260/platforms/vivado/kv260_ispMipiRx_vcu_DP/project/kv260_ispMipiRx_vcu_DP.runs/bd_eab1_vsc_0_synth_1/prj/sol/.autopilot/db/v_vscaler.pp.0.cpp:23856:16: warning: Added loop label VITIS_LOOP_327_2:   [xilinx-label-all-loops]
               for (int j = WO_e-1; j >= W_-1; j--) {
               ^~~
               VITIS_LOOP_327_2: 
/home/user/Documents/kria-vitis-platforms/kv260/platforms/vivado/kv260_ispMipiRx_vcu_DP/project/kv260_ispMipiRx_vcu_DP.runs/bd_eab1_vsc_0_synth_1/prj/sol/.autopilot/db/v_vscaler.pp.0.cpp:23856:16: note: FIX-IT applied suggested code changes
/home/user/Documents/kria-vitis-platforms/kv260/platforms/vivado/kv260_ispMipiRx_vcu_DP/project/kv260_ispMipiRx_vcu_DP.runs/bd_eab1_vsc_0_synth_1/prj/sol/.autopilot/db/v_vscaler.pp.0.cpp:23870:20: warning: Added loop label VITIS_LOOP_341_3:   [xilinx-label-all-loops]
                   for(int i = 0; i < W_-1; ++i) {
                   ^~~
                   VITIS_LOOP_341_3: 
/home/user/Documents/kria-vitis-platforms/kv260/platforms/vivado/kv260_ispMipiRx_vcu_DP/project/kv260_ispMipiRx_vcu_DP.runs/bd_eab1_vsc_0_synth_1/prj/sol/.autopilot/db/v_vscaler.pp.0.cpp:23870:20: note: FIX-IT applied suggested code changes
/home/user/Documents/kria-vitis-platforms/kv260/platforms/vivado/kv260_ispMipiRx_vcu_DP/project/kv260_ispMipiRx_vcu_DP.runs/bd_eab1_vsc_0_synth_1/prj/sol/.autopilot/db/v_vscaler.pp.0.cpp:23963:12: warning: Added loop label VITIS_LOOP_459_1:   [xilinx-label-all-loops]
           for (int j =WO_d-1; j >= W_-1; j--) {
           ^~~
           VITIS_LOOP_459_1: 
/home/user/Documents/kria-vitis-platforms/kv260/platforms/vivado/kv260_ispMipiRx_vcu_DP/project/kv260_ispMipiRx_vcu_DP.runs/bd_eab1_vsc_0_synth_1/prj/sol/.autopilot/db/v_vscaler.pp.0.cpp:23963:12: note: FIX-IT applied suggested code changes
/home/user/Documents/kria-vitis-platforms/kv260/platforms/vivado/kv260_ispMipiRx_vcu_DP/project/kv260_ispMipiRx_vcu_DP.runs/bd_eab1_vsc_0_synth_1/prj/sol/.autopilot/db/v_vscaler.pp.0.cpp:23977:15: warning: Added loop label VITIS_LOOP_473_2:   [xilinx-label-all-loops]
              for(int i = 0; i < W_-1; ++i) {
              ^~~
              VITIS_LOOP_473_2: 
/home/user/Documents/kria-vitis-platforms/kv260/platforms/vivado/kv260_ispMipiRx_vcu_DP/project/kv260_ispMipiRx_vcu_DP.runs/bd_eab1_vsc_0_synth_1/prj/sol/.autopilot/db/v_vscaler.pp.0.cpp:23977:15: note: FIX-IT applied suggested code changes
/home/user/Documents/kria-vitis-platforms/kv260/platforms/vivado/kv260_ispMipiRx_vcu_DP/project/kv260_ispMipiRx_vcu_DP.runs/bd_eab1_vsc_0_synth_1/prj/sol/.autopilot/db/v_vscaler.pp.0.cpp:24090:13: warning: Added loop label VITIS_LOOP_59_1:   [xilinx-label-all-loops]
            for (int i = 0; i < W_-1; i++){
            ^~~
            VITIS_LOOP_59_1: 
/home/user/Documents/kria-vitis-platforms/kv260/platforms/vivado/kv260_ispMipiRx_vcu_DP/project/kv260_ispMipiRx_vcu_DP.runs/bd_eab1_vsc_0_synth_1/prj/sol/.autopilot/db/v_vscaler.pp.0.cpp:24090:13: note: FIX-IT applied suggested code changes
/home/user/Documents/kria-vitis-platforms/kv260/platforms/vivado/kv260_ispMipiRx_vcu_DP/project/kv260_ispMipiRx_vcu_DP.runs/bd_eab1_vsc_0_synth_1/prj/sol/.autopilot/db/v_vscaler.pp.0.cpp:24214:13: warning: Added loop label VITIS_LOOP_209_1:   [xilinx-label-all-loops]
            for (int i = 0; i < W_-1; i++){
            ^~~
            VITIS_LOOP_209_1: 
/home/user/Documents/kria-vitis-platforms/kv260/platforms/vivado/kv260_ispMipiRx_vcu_DP/project/kv260_ispMipiRx_vcu_DP.runs/bd_eab1_vsc_0_synth_1/prj/sol/.autopilot/db/v_vscaler.pp.0.cpp:24214:13: note: FIX-IT applied suggested code changes
/home/user/Documents/kria-vitis-platforms/kv260/platforms/vivado/kv260_ispMipiRx_vcu_DP/project/kv260_ispMipiRx_vcu_DP.runs/bd_eab1_vsc_0_synth_1/prj/sol/.autopilot/db/v_vscaler.pp.0.cpp:24269:13: warning: Added loop label VITIS_LOOP_274_1:   [xilinx-label-all-loops]
            for (int i = 0; i < W_-1; i++){
            ^~~
            VITIS_LOOP_274_1: 
/home/user/Documents/kria-vitis-platforms/kv260/platforms/vivado/kv260_ispMipiRx_vcu_DP/project/kv260_ispMipiRx_vcu_DP.runs/bd_eab1_vsc_0_synth_1/prj/sol/.autopilot/db/v_vscaler.pp.0.cpp:24269:13: note: FIX-IT applied suggested code changes
/home/user/Documents/kria-vitis-platforms/kv260/platforms/vivado/kv260_ispMipiRx_vcu_DP/project/kv260_ispMipiRx_vcu_DP.runs/bd_eab1_vsc_0_synth_1/prj/sol/.autopilot/db/v_vscaler.pp.0.cpp:24774:2: warning: Added loop label VITIS_LOOP_42_1:   [xilinx-label-all-loops]
 for (int i=0; i<W_;i++)
 ^~~
 VITIS_LOOP_42_1: 
/home/user/Documents/kria-vitis-platforms/kv260/platforms/vivado/kv260_ispMipiRx_vcu_DP/project/kv260_ispMipiRx_vcu_DP.runs/bd_eab1_vsc_0_synth_1/prj/sol/.autopilot/db/v_vscaler.pp.0.cpp:24774:2: note: FIX-IT applied suggested code changes
/home/user/Documents/kria-vitis-platforms/kv260/platforms/vivado/kv260_ispMipiRx_vcu_DP/project/kv260_ispMipiRx_vcu_DP.runs/bd_eab1_vsc_0_synth_1/prj/sol/.autopilot/db/v_vscaler.pp.0.cpp:24785:2: warning: Added loop label VITIS_LOOP_53_1:   [xilinx-label-all-loops]
 for (int i=0; i<W_;i++)
 ^~~
 VITIS_LOOP_53_1: 
/home/user/Documents/kria-vitis-platforms/kv260/platforms/vivado/kv260_ispMipiRx_vcu_DP/project/kv260_ispMipiRx_vcu_DP.runs/bd_eab1_vsc_0_synth_1/prj/sol/.autopilot/db/v_vscaler.pp.0.cpp:24785:2: note: FIX-IT applied suggested code changes
/home/user/Documents/kria-vitis-platforms/kv260/platforms/vivado/kv260_ispMipiRx_vcu_DP/project/kv260_ispMipiRx_vcu_DP.runs/bd_eab1_vsc_0_synth_1/prj/sol/.autopilot/db/v_vscaler.pp.0.cpp:24796:2: warning: Added loop label VITIS_LOOP_64_1:   [xilinx-label-all-loops]
 for (int i=0; i<I_;i++)
 ^~~
 VITIS_LOOP_64_1: 
/home/user/Documents/kria-vitis-platforms/kv260/platforms/vivado/kv260_ispMipiRx_vcu_DP/project/kv260_ispMipiRx_vcu_DP.runs/bd_eab1_vsc_0_synth_1/prj/sol/.autopilot/db/v_vscaler.pp.0.cpp:24796:2: note: FIX-IT applied suggested code changes
/home/user/Documents/kria-vitis-platforms/kv260/platforms/vivado/kv260_ispMipiRx_vcu_DP/project/kv260_ispMipiRx_vcu_DP.runs/bd_eab1_vsc_0_synth_1/prj/sol/.autopilot/db/v_vscaler.pp.0.cpp:24807:2: warning: Added loop label VITIS_LOOP_75_1:   [xilinx-label-all-loops]
 for (int i=0; i<I_;i++)
 ^~~
 VITIS_LOOP_75_1: 
/home/user/Documents/kria-vitis-platforms/kv260/platforms/vivado/kv260_ispMipiRx_vcu_DP/project/kv260_ispMipiRx_vcu_DP.runs/bd_eab1_vsc_0_synth_1/prj/sol/.autopilot/db/v_vscaler.pp.0.cpp:24807:2: note: FIX-IT applied suggested code changes
/home/user/Documents/kria-vitis-platforms/kv260/platforms/vivado/kv260_ispMipiRx_vcu_DP/project/kv260_ispMipiRx_vcu_DP.runs/bd_eab1_vsc_0_synth_1/prj/sol/.autopilot/db/v_vscaler.pp.0.cpp:24818:2: warning: Added loop label VITIS_LOOP_86_1:   [xilinx-label-all-loops]
 for (int i=0; i<W_;i++)
 ^~~
 VITIS_LOOP_86_1: 
/home/user/Documents/kria-vitis-platforms/kv260/platforms/vivado/kv260_ispMipiRx_vcu_DP/project/kv260_ispMipiRx_vcu_DP.runs/bd_eab1_vsc_0_synth_1/prj/sol/.autopilot/db/v_vscaler.pp.0.cpp:24818:2: note: FIX-IT applied suggested code changes
/home/user/Documents/kria-vitis-platforms/kv260/platforms/vivado/kv260_ispMipiRx_vcu_DP/project/kv260_ispMipiRx_vcu_DP.runs/bd_eab1_vsc_0_synth_1/prj/sol/.autopilot/db/v_vscaler.pp.0.cpp:24829:2: warning: Added loop label VITIS_LOOP_97_1:   [xilinx-label-all-loops]
 for (int i=0; i<W_;i++)
 ^~~
 VITIS_LOOP_97_1: 
/home/user/Documents/kria-vitis-platforms/kv260/platforms/vivado/kv260_ispMipiRx_vcu_DP/project/kv260_ispMipiRx_vcu_DP.runs/bd_eab1_vsc_0_synth_1/prj/sol/.autopilot/db/v_vscaler.pp.0.cpp:24829:2: note: FIX-IT applied suggested code changes
/home/user/Documents/kria-vitis-platforms/kv260/platforms/vivado/kv260_ispMipiRx_vcu_DP/project/kv260_ispMipiRx_vcu_DP.runs/bd_eab1_vsc_0_synth_1/prj/sol/.autopilot/db/v_vscaler.pp.0.cpp:24840:2: warning: Added loop label VITIS_LOOP_108_1:   [xilinx-label-all-loops]
 for (int i=0; i<I_;i++)
 ^~~
 VITIS_LOOP_108_1: 
/home/user/Documents/kria-vitis-platforms/kv260/platforms/vivado/kv260_ispMipiRx_vcu_DP/project/kv260_ispMipiRx_vcu_DP.runs/bd_eab1_vsc_0_synth_1/prj/sol/.autopilot/db/v_vscaler.pp.0.cpp:24840:2: note: FIX-IT applied suggested code changes
/home/user/Documents/kria-vitis-platforms/kv260/platforms/vivado/kv260_ispMipiRx_vcu_DP/project/kv260_ispMipiRx_vcu_DP.runs/bd_eab1_vsc_0_synth_1/prj/sol/.autopilot/db/v_vscaler.pp.0.cpp:24851:2: warning: Added loop label VITIS_LOOP_119_1:   [xilinx-label-all-loops]
 for (int i=0; i<I_;i++)
 ^~~
 VITIS_LOOP_119_1: 
/home/user/Documents/kria-vitis-platforms/kv260/platforms/vivado/kv260_ispMipiRx_vcu_DP/project/kv260_ispMipiRx_vcu_DP.runs/bd_eab1_vsc_0_synth_1/prj/sol/.autopilot/db/v_vscaler.pp.0.cpp:24851:2: note: FIX-IT applied suggested code changes
/home/user/Documents/kria-vitis-platforms/kv260/platforms/vivado/kv260_ispMipiRx_vcu_DP/project/kv260_ispMipiRx_vcu_DP.runs/bd_eab1_vsc_0_synth_1/prj/sol/.autopilot/db/v_vscaler.pp.0.cpp:27152:12: warning: Added loop label VITIS_LOOP_23_1:   [xilinx-label-all-loops]
           for(int i = 0; i < W_-1; ++i) {
           ^~~
           VITIS_LOOP_23_1: 
/home/user/Documents/kria-vitis-platforms/kv260/platforms/vivado/kv260_ispMipiRx_vcu_DP/project/kv260_ispMipiRx_vcu_DP.runs/bd_eab1_vsc_0_synth_1/prj/sol/.autopilot/db/v_vscaler.pp.0.cpp:27152:12: note: FIX-IT applied suggested code changes
/home/user/Documents/kria-vitis-platforms/kv260/platforms/vivado/kv260_ispMipiRx_vcu_DP/project/kv260_ispMipiRx_vcu_DP.runs/bd_eab1_vsc_0_synth_1/prj/sol/.autopilot/db/v_vscaler.pp.0.cpp:27216:7: warning: Added loop label VITIS_LOOP_66_1:   [xilinx-label-all-loops]
      for(int pos = msbr - 1 ; pos >= -F-1; pos--) {
      ^~~
      VITIS_LOOP_66_1: 
/home/user/Documents/kria-vitis-platforms/kv260/platforms/vivado/kv260_ispMipiRx_vcu_DP/project/kv260_ispMipiRx_vcu_DP.runs/bd_eab1_vsc_0_synth_1/prj/sol/.autopilot/db/v_vscaler.pp.0.cpp:27216:7: note: FIX-IT applied suggested code changes
/home/user/Documents/kria-vitis-platforms/kv260/platforms/vivado/kv260_ispMipiRx_vcu_DP/project/kv260_ispMipiRx_vcu_DP.runs/bd_eab1_vsc_0_synth_1/prj/sol/.autopilot/db/v_vscaler.pp.0.cpp:27333:9: warning: Added loop label VITIS_LOOP_75_1:   [xilinx-label-all-loops]
        for(int pos = msbr - 1; pos >= 0; pos--) {
        ^~~
        VITIS_LOOP_75_1: 
/home/user/Documents/kria-vitis-platforms/kv260/platforms/vivado/kv260_ispMipiRx_vcu_DP/project/kv260_ispMipiRx_vcu_DP.runs/bd_eab1_vsc_0_synth_1/prj/sol/.autopilot/db/v_vscaler.pp.0.cpp:27333:9: note: FIX-IT applied suggested code changes
/home/user/Documents/kria-vitis-platforms/kv260/platforms/vivado/kv260_ispMipiRx_vcu_DP/project/kv260_ispMipiRx_vcu_DP.runs/bd_eab1_vsc_0_synth_1/prj/sol/.autopilot/db/v_vscaler.pp.0.cpp:27358:5: warning: Added loop label VITIS_LOOP_107_2:   [xilinx-label-all-loops]
    for(int pos = -1; pos >= -F-1; pos--) {
    ^~~
    VITIS_LOOP_107_2: 
/home/user/Documents/kria-vitis-platforms/kv260/platforms/vivado/kv260_ispMipiRx_vcu_DP/project/kv260_ispMipiRx_vcu_DP.runs/bd_eab1_vsc_0_synth_1/prj/sol/.autopilot/db/v_vscaler.pp.0.cpp:27358:5: note: FIX-IT applied suggested code changes
/home/user/Documents/kria-vitis-platforms/kv260/platforms/vivado/kv260_ispMipiRx_vcu_DP/project/kv260_ispMipiRx_vcu_DP.runs/bd_eab1_vsc_0_synth_1/prj/sol/.autopilot/db/v_vscaler.pp.0.cpp:27428:8: warning: Added loop label VITIS_LOOP_195_3:   [xilinx-label-all-loops]
       for(int i = 0; i < W - 1; ++i) {
       ^~~
       VITIS_LOOP_195_3: 
/home/user/Documents/kria-vitis-platforms/kv260/platforms/vivado/kv260_ispMipiRx_vcu_DP/project/kv260_ispMipiRx_vcu_DP.runs/bd_eab1_vsc_0_synth_1/prj/sol/.autopilot/db/v_vscaler.pp.0.cpp:27428:8: note: FIX-IT applied suggested code changes
/home/user/Documents/kria-vitis-platforms/kv260/platforms/vivado/kv260_ispMipiRx_vcu_DP/project/kv260_ispMipiRx_vcu_DP.runs/bd_eab1_vsc_0_synth_1/prj/sol/.autopilot/db/v_vscaler.pp.0.cpp:30093:5: warning: Added loop label VITIS_LOOP_123_1:   [xilinx-label-all-loops]
    for(i = 0; i < ROWS; i++) {
    ^~~
    VITIS_LOOP_123_1: 
/home/user/Documents/kria-vitis-platforms/kv260/platforms/vivado/kv260_ispMipiRx_vcu_DP/project/kv260_ispMipiRx_vcu_DP.runs/bd_eab1_vsc_0_synth_1/prj/sol/.autopilot/db/v_vscaler.pp.0.cpp:30093:5: note: FIX-IT applied suggested code changes
/home/user/Documents/kria-vitis-platforms/kv260/platforms/vivado/kv260_ispMipiRx_vcu_DP/project/kv260_ispMipiRx_vcu_DP.runs/bd_eab1_vsc_0_synth_1/prj/sol/.autopilot/db/v_vscaler.pp.0.cpp:30095:2: warning: Added loop label VITIS_LOOP_125_2:   [xilinx-label-all-loops]
 for(j = 0; j < COLS-1; j++) {
 ^~~
 VITIS_LOOP_125_2: 
/home/user/Documents/kria-vitis-platforms/kv260/platforms/vivado/kv260_ispMipiRx_vcu_DP/project/kv260_ispMipiRx_vcu_DP.runs/bd_eab1_vsc_0_synth_1/prj/sol/.autopilot/db/v_vscaler.pp.0.cpp:30095:2: note: FIX-IT applied suggested code changes
/home/user/Documents/kria-vitis-platforms/kv260/platforms/vivado/kv260_ispMipiRx_vcu_DP/project/kv260_ispMipiRx_vcu_DP.runs/bd_eab1_vsc_0_synth_1/prj/sol/.autopilot/db/v_vscaler.pp.0.cpp:30117:5: warning: Added loop label VITIS_LOOP_161_1:   [xilinx-label-all-loops]
    for(i = 0; i < ROWS; i++) {
    ^~~
    VITIS_LOOP_161_1: 
/home/user/Documents/kria-vitis-platforms/kv260/platforms/vivado/kv260_ispMipiRx_vcu_DP/project/kv260_ispMipiRx_vcu_DP.runs/bd_eab1_vsc_0_synth_1/prj/sol/.autopilot/db/v_vscaler.pp.0.cpp:30117:5: note: FIX-IT applied suggested code changes
/home/user/Documents/kria-vitis-platforms/kv260/platforms/vivado/kv260_ispMipiRx_vcu_DP/project/kv260_ispMipiRx_vcu_DP.runs/bd_eab1_vsc_0_synth_1/prj/sol/.autopilot/db/v_vscaler.pp.0.cpp:30119:2: warning: Added loop label VITIS_LOOP_163_2:   [xilinx-label-all-loops]
 for(j = COLS-1; j > 0; j--) {
 ^~~
 VITIS_LOOP_163_2: 
/home/user/Documents/kria-vitis-platforms/kv260/platforms/vivado/kv260_ispMipiRx_vcu_DP/project/kv260_ispMipiRx_vcu_DP.runs/bd_eab1_vsc_0_synth_1/prj/sol/.autopilot/db/v_vscaler.pp.0.cpp:30119:2: note: FIX-IT applied suggested code changes
/home/user/Documents/kria-vitis-platforms/kv260/platforms/vivado/kv260_ispMipiRx_vcu_DP/project/kv260_ispMipiRx_vcu_DP.runs/bd_eab1_vsc_0_synth_1/prj/sol/.autopilot/db/v_vscaler.pp.0.cpp:30141:5: warning: Added loop label VITIS_LOOP_199_1:   [xilinx-label-all-loops]
    for(i = 0; i < ROWS-1; i++) {
    ^~~
    VITIS_LOOP_199_1: 
/home/user/Documents/kria-vitis-platforms/kv260/platforms/vivado/kv260_ispMipiRx_vcu_DP/project/kv260_ispMipiRx_vcu_DP.runs/bd_eab1_vsc_0_synth_1/prj/sol/.autopilot/db/v_vscaler.pp.0.cpp:30141:5: note: FIX-IT applied suggested code changes
/home/user/Documents/kria-vitis-platforms/kv260/platforms/vivado/kv260_ispMipiRx_vcu_DP/project/kv260_ispMipiRx_vcu_DP.runs/bd_eab1_vsc_0_synth_1/prj/sol/.autopilot/db/v_vscaler.pp.0.cpp:30143:2: warning: Added loop label VITIS_LOOP_201_2:   [xilinx-label-all-loops]
 for(j = 0; j < COLS; j++) {
 ^~~
 VITIS_LOOP_201_2: 
/home/user/Documents/kria-vitis-platforms/kv260/platforms/vivado/kv260_ispMipiRx_vcu_DP/project/kv260_ispMipiRx_vcu_DP.runs/bd_eab1_vsc_0_synth_1/prj/sol/.autopilot/db/v_vscaler.pp.0.cpp:30143:2: note: FIX-IT applied suggested code changes
/home/user/Documents/kria-vitis-platforms/kv260/platforms/vivado/kv260_ispMipiRx_vcu_DP/project/kv260_ispMipiRx_vcu_DP.runs/bd_eab1_vsc_0_synth_1/prj/sol/.autopilot/db/v_vscaler.pp.0.cpp:30165:5: warning: Added loop label VITIS_LOOP_237_1:   [xilinx-label-all-loops]
    for(i = ROWS-1; i > 0; i--) {
    ^~~
    VITIS_LOOP_237_1: 
/home/user/Documents/kria-vitis-platforms/kv260/platforms/vivado/kv260_ispMipiRx_vcu_DP/project/kv260_ispMipiRx_vcu_DP.runs/bd_eab1_vsc_0_synth_1/prj/sol/.autopilot/db/v_vscaler.pp.0.cpp:30165:5: note: FIX-IT applied suggested code changes
/home/user/Documents/kria-vitis-platforms/kv260/platforms/vivado/kv260_ispMipiRx_vcu_DP/project/kv260_ispMipiRx_vcu_DP.runs/bd_eab1_vsc_0_synth_1/prj/sol/.autopilot/db/v_vscaler.pp.0.cpp:30167:2: warning: Added loop label VITIS_LOOP_239_2:   [xilinx-label-all-loops]
 for(j = 0; j < COLS; j++) {
 ^~~
 VITIS_LOOP_239_2: 
/home/user/Documents/kria-vitis-platforms/kv260/platforms/vivado/kv260_ispMipiRx_vcu_DP/project/kv260_ispMipiRx_vcu_DP.runs/bd_eab1_vsc_0_synth_1/prj/sol/.autopilot/db/v_vscaler.pp.0.cpp:30167:2: note: FIX-IT applied suggested code changes
/home/user/Documents/kria-vitis-platforms/kv260/platforms/vivado/kv260_ispMipiRx_vcu_DP/project/kv260_ispMipiRx_vcu_DP.runs/bd_eab1_vsc_0_synth_1/prj/sol/.autopilot/db/v_vscaler.pp.0.cpp:30205:5: warning: Added loop label VITIS_LOOP_306_1:   [xilinx-label-all-loops]
    for(j = 0; j < COLS; j++) {
    ^~~
    VITIS_LOOP_306_1: 
/home/user/Documents/kria-vitis-platforms/kv260/platforms/vivado/kv260_ispMipiRx_vcu_DP/project/kv260_ispMipiRx_vcu_DP.runs/bd_eab1_vsc_0_synth_1/prj/sol/.autopilot/db/v_vscaler.pp.0.cpp:30205:5: note: FIX-IT applied suggested code changes
/home/user/Documents/kria-vitis-platforms/kv260/platforms/vivado/kv260_ispMipiRx_vcu_DP/project/kv260_ispMipiRx_vcu_DP.runs/bd_eab1_vsc_0_synth_1/prj/sol/.autopilot/db/v_vscaler.pp.0.cpp:30257:5: warning: Added loop label VITIS_LOOP_403_1:   [xilinx-label-all-loops]
    for(i = 0; i < ROWS; i++) {
    ^~~
    VITIS_LOOP_403_1: 
/home/user/Documents/kria-vitis-platforms/kv260/platforms/vivado/kv260_ispMipiRx_vcu_DP/project/kv260_ispMipiRx_vcu_DP.runs/bd_eab1_vsc_0_synth_1/prj/sol/.autopilot/db/v_vscaler.pp.0.cpp:30257:5: note: FIX-IT applied suggested code changes
/home/user/Documents/kria-vitis-platforms/kv260/platforms/vivado/kv260_ispMipiRx_vcu_DP/project/kv260_ispMipiRx_vcu_DP.runs/bd_eab1_vsc_0_synth_1/prj/sol/.autopilot/db/v_vscaler.pp.0.cpp:30447:5: warning: Added loop label VITIS_LOOP_688_1:   [xilinx-label-all-loops]
    for(i = ROWS-1; i > 0; i--) {
    ^~~
    VITIS_LOOP_688_1: 
/home/user/Documents/kria-vitis-platforms/kv260/platforms/vivado/kv260_ispMipiRx_vcu_DP/project/kv260_ispMipiRx_vcu_DP.runs/bd_eab1_vsc_0_synth_1/prj/sol/.autopilot/db/v_vscaler.pp.0.cpp:30447:5: note: FIX-IT applied suggested code changes
/home/user/Documents/kria-vitis-platforms/kv260/platforms/vivado/kv260_ispMipiRx_vcu_DP/project/kv260_ispMipiRx_vcu_DP.runs/bd_eab1_vsc_0_synth_1/prj/sol/.autopilot/db/v_vscaler.pp.0.cpp:30469:5: warning: Added loop label VITIS_LOOP_728_1:   [xilinx-label-all-loops]
    for(i = 0; i < ROWS-1; i++) {
    ^~~
    VITIS_LOOP_728_1: 
/home/user/Documents/kria-vitis-platforms/kv260/platforms/vivado/kv260_ispMipiRx_vcu_DP/project/kv260_ispMipiRx_vcu_DP.runs/bd_eab1_vsc_0_synth_1/prj/sol/.autopilot/db/v_vscaler.pp.0.cpp:30469:5: note: FIX-IT applied suggested code changes
/home/user/Documents/kria-vitis-platforms/kv260/platforms/vivado/kv260_ispMipiRx_vcu_DP/project/kv260_ispMipiRx_vcu_DP.runs/bd_eab1_vsc_0_synth_1/prj/sol/.autopilot/db/v_vscaler.pp.0.cpp:30517:5: warning: Added loop label VITIS_LOOP_824_1:   [xilinx-label-all-loops]
    for(i = 0; i < ROWS; i++) {
    ^~~
    VITIS_LOOP_824_1: 
/home/user/Documents/kria-vitis-platforms/kv260/platforms/vivado/kv260_ispMipiRx_vcu_DP/project/kv260_ispMipiRx_vcu_DP.runs/bd_eab1_vsc_0_synth_1/prj/sol/.autopilot/db/v_vscaler.pp.0.cpp:30517:5: note: FIX-IT applied suggested code changes
/home/user/Documents/kria-vitis-platforms/kv260/platforms/vivado/kv260_ispMipiRx_vcu_DP/project/kv260_ispMipiRx_vcu_DP.runs/bd_eab1_vsc_0_synth_1/prj/sol/.autopilot/db/v_vscaler.pp.0.cpp:30624:5: warning: Added loop label VITIS_LOOP_976_1:   [xilinx-label-all-loops]
    for(i = ROWS-1; i > 0; i--) {
    ^~~
    VITIS_LOOP_976_1: 
/home/user/Documents/kria-vitis-platforms/kv260/platforms/vivado/kv260_ispMipiRx_vcu_DP/project/kv260_ispMipiRx_vcu_DP.runs/bd_eab1_vsc_0_synth_1/prj/sol/.autopilot/db/v_vscaler.pp.0.cpp:30624:5: note: FIX-IT applied suggested code changes
/home/user/Documents/kria-vitis-platforms/kv260/platforms/vivado/kv260_ispMipiRx_vcu_DP/project/kv260_ispMipiRx_vcu_DP.runs/bd_eab1_vsc_0_synth_1/prj/sol/.autopilot/db/v_vscaler.pp.0.cpp:30646:5: warning: Added loop label VITIS_LOOP_1016_1:   [xilinx-label-all-loops]
    for(i = 0; i < ROWS-1; i++) {
    ^~~
    VITIS_LOOP_1016_1: 
/home/user/Documents/kria-vitis-platforms/kv260/platforms/vivado/kv260_ispMipiRx_vcu_DP/project/kv260_ispMipiRx_vcu_DP.runs/bd_eab1_vsc_0_synth_1/prj/sol/.autopilot/db/v_vscaler.pp.0.cpp:30646:5: note: FIX-IT applied suggested code changes
/home/user/Documents/kria-vitis-platforms/kv260/platforms/vivado/kv260_ispMipiRx_vcu_DP/project/kv260_ispMipiRx_vcu_DP.runs/bd_eab1_vsc_0_synth_1/prj/sol/.autopilot/db/v_vscaler.pp.0.cpp:30694:5: warning: Added loop label VITIS_LOOP_1112_1:   [xilinx-label-all-loops]
    for(i = 0; i < ROWS; i++) {
    ^~~
    VITIS_LOOP_1112_1: 
/home/user/Documents/kria-vitis-platforms/kv260/platforms/vivado/kv260_ispMipiRx_vcu_DP/project/kv260_ispMipiRx_vcu_DP.runs/bd_eab1_vsc_0_synth_1/prj/sol/.autopilot/db/v_vscaler.pp.0.cpp:30694:5: note: FIX-IT applied suggested code changes
/home/user/Documents/kria-vitis-platforms/kv260/platforms/vivado/kv260_ispMipiRx_vcu_DP/project/kv260_ispMipiRx_vcu_DP.runs/bd_eab1_vsc_0_synth_1/prj/sol/.autopilot/db/v_vscaler.pp.0.cpp:30895:2: warning: Added loop label VITIS_LOOP_218_1:   [xilinx-label-all-loops]
 for (int k = 0; k < N; k++) {
 ^~~
 VITIS_LOOP_218_1: 
/home/user/Documents/kria-vitis-platforms/kv260/platforms/vivado/kv260_ispMipiRx_vcu_DP/project/kv260_ispMipiRx_vcu_DP.runs/bd_eab1_vsc_0_synth_1/prj/sol/.autopilot/db/v_vscaler.pp.0.cpp:30895:2: note: FIX-IT applied suggested code changes
/home/user/Documents/kria-vitis-platforms/kv260/platforms/vivado/kv260_ispMipiRx_vcu_DP/project/kv260_ispMipiRx_vcu_DP.runs/bd_eab1_vsc_0_synth_1/prj/sol/.autopilot/db/v_vscaler.pp.0.cpp:30916:2: warning: Added loop label VITIS_LOOP_239_1:   [xilinx-label-all-loops]
 for (int k = 0; k < N; k++) {
 ^~~
 VITIS_LOOP_239_1: 
/home/user/Documents/kria-vitis-platforms/kv260/platforms/vivado/kv260_ispMipiRx_vcu_DP/project/kv260_ispMipiRx_vcu_DP.runs/bd_eab1_vsc_0_synth_1/prj/sol/.autopilot/db/v_vscaler.pp.0.cpp:30916:2: note: FIX-IT applied suggested code changes
/home/user/Documents/kria-vitis-platforms/kv260/platforms/vivado/kv260_ispMipiRx_vcu_DP/project/kv260_ispMipiRx_vcu_DP.runs/bd_eab1_vsc_0_synth_1/prj/sol/.autopilot/db/v_vscaler.pp.0.cpp:30926:5: warning: Added loop label VITIS_LOOP_249_1:   [xilinx-label-all-loops]
    for (int k = 0; k < N; k++) {
    ^~~
    VITIS_LOOP_249_1: 
/home/user/Documents/kria-vitis-platforms/kv260/platforms/vivado/kv260_ispMipiRx_vcu_DP/project/kv260_ispMipiRx_vcu_DP.runs/bd_eab1_vsc_0_synth_1/prj/sol/.autopilot/db/v_vscaler.pp.0.cpp:30926:5: note: FIX-IT applied suggested code changes
/home/user/Documents/kria-vitis-platforms/kv260/platforms/vivado/kv260_ispMipiRx_vcu_DP/project/kv260_ispMipiRx_vcu_DP.runs/bd_eab1_vsc_0_synth_1/prj/sol/.autopilot/db/v_vscaler.pp.0.cpp:30937:5: warning: Added loop label VITIS_LOOP_260_1:   [xilinx-label-all-loops]
    for (int k = 0; k < N; k++) {
    ^~~
    VITIS_LOOP_260_1: 
/home/user/Documents/kria-vitis-platforms/kv260/platforms/vivado/kv260_ispMipiRx_vcu_DP/project/kv260_ispMipiRx_vcu_DP.runs/bd_eab1_vsc_0_synth_1/prj/sol/.autopilot/db/v_vscaler.pp.0.cpp:30937:5: note: FIX-IT applied suggested code changes
/home/user/Documents/kria-vitis-platforms/kv260/platforms/vivado/kv260_ispMipiRx_vcu_DP/project/kv260_ispMipiRx_vcu_DP.runs/bd_eab1_vsc_0_synth_1/prj/sol/.autopilot/db/v_vscaler.pp.0.cpp:30948:5: warning: Added loop label VITIS_LOOP_271_1:   [xilinx-label-all-loops]
    for (int k = 0; k < N; k++) {
    ^~~
    VITIS_LOOP_271_1: 
/home/user/Documents/kria-vitis-platforms/kv260/platforms/vivado/kv260_ispMipiRx_vcu_DP/project/kv260_ispMipiRx_vcu_DP.runs/bd_eab1_vsc_0_synth_1/prj/sol/.autopilot/db/v_vscaler.pp.0.cpp:30948:5: note: FIX-IT applied suggested code changes
/home/user/Documents/kria-vitis-platforms/kv260/platforms/vivado/kv260_ispMipiRx_vcu_DP/project/kv260_ispMipiRx_vcu_DP.runs/bd_eab1_vsc_0_synth_1/prj/sol/.autopilot/db/v_vscaler.pp.0.cpp:30959:5: warning: Added loop label VITIS_LOOP_282_1:   [xilinx-label-all-loops]
    for (int k = 0; k < N; k++) {
    ^~~
    VITIS_LOOP_282_1: 
/home/user/Documents/kria-vitis-platforms/kv260/platforms/vivado/kv260_ispMipiRx_vcu_DP/project/kv260_ispMipiRx_vcu_DP.runs/bd_eab1_vsc_0_synth_1/prj/sol/.autopilot/db/v_vscaler.pp.0.cpp:30959:5: note: FIX-IT applied suggested code changes
/home/user/Documents/kria-vitis-platforms/kv260/platforms/vivado/kv260_ispMipiRx_vcu_DP/project/kv260_ispMipiRx_vcu_DP.runs/bd_eab1_vsc_0_synth_1/prj/sol/.autopilot/db/v_vscaler.pp.0.cpp:30971:5: warning: Added loop label VITIS_LOOP_294_1:   [xilinx-label-all-loops]
    for (int k = 0; k < N; k++) {
    ^~~
    VITIS_LOOP_294_1: 
/home/user/Documents/kria-vitis-platforms/kv260/platforms/vivado/kv260_ispMipiRx_vcu_DP/project/kv260_ispMipiRx_vcu_DP.runs/bd_eab1_vsc_0_synth_1/prj/sol/.autopilot/db/v_vscaler.pp.0.cpp:30971:5: note: FIX-IT applied suggested code changes
/home/user/Documents/kria-vitis-platforms/kv260/platforms/vivado/kv260_ispMipiRx_vcu_DP/project/kv260_ispMipiRx_vcu_DP.runs/bd_eab1_vsc_0_synth_1/prj/sol/.autopilot/db/v_vscaler.pp.0.cpp:30982:5: warning: Added loop label VITIS_LOOP_305_1:   [xilinx-label-all-loops]
    for (int k = 0; k < N; k++) {
    ^~~
    VITIS_LOOP_305_1: 
/home/user/Documents/kria-vitis-platforms/kv260/platforms/vivado/kv260_ispMipiRx_vcu_DP/project/kv260_ispMipiRx_vcu_DP.runs/bd_eab1_vsc_0_synth_1/prj/sol/.autopilot/db/v_vscaler.pp.0.cpp:30982:5: note: FIX-IT applied suggested code changes
/home/user/Documents/kria-vitis-platforms/kv260/platforms/vivado/kv260_ispMipiRx_vcu_DP/project/kv260_ispMipiRx_vcu_DP.runs/bd_eab1_vsc_0_synth_1/prj/sol/.autopilot/db/v_vscaler.pp.0.cpp:30994:5: warning: Added loop label VITIS_LOOP_317_1:   [xilinx-label-all-loops]
    for (int k = 0; k < N; k++) {
    ^~~
    VITIS_LOOP_317_1: 
/home/user/Documents/kria-vitis-platforms/kv260/platforms/vivado/kv260_ispMipiRx_vcu_DP/project/kv260_ispMipiRx_vcu_DP.runs/bd_eab1_vsc_0_synth_1/prj/sol/.autopilot/db/v_vscaler.pp.0.cpp:30994:5: note: FIX-IT applied suggested code changes
/home/user/Documents/kria-vitis-platforms/kv260/platforms/vivado/kv260_ispMipiRx_vcu_DP/project/kv260_ispMipiRx_vcu_DP.runs/bd_eab1_vsc_0_synth_1/prj/sol/.autopilot/db/v_vscaler.pp.0.cpp:31005:5: warning: Added loop label VITIS_LOOP_328_1:   [xilinx-label-all-loops]
    for (int k = 0; k < N; k++) {
    ^~~
    VITIS_LOOP_328_1: 
/home/user/Documents/kria-vitis-platforms/kv260/platforms/vivado/kv260_ispMipiRx_vcu_DP/project/kv260_ispMipiRx_vcu_DP.runs/bd_eab1_vsc_0_synth_1/prj/sol/.autopilot/db/v_vscaler.pp.0.cpp:31005:5: note: FIX-IT applied suggested code changes
/home/user/Documents/kria-vitis-platforms/kv260/platforms/vivado/kv260_ispMipiRx_vcu_DP/project/kv260_ispMipiRx_vcu_DP.runs/bd_eab1_vsc_0_synth_1/prj/sol/.autopilot/db/v_vscaler.pp.0.cpp:31282:2: warning: Added loop label VITIS_LOOP_605_1:   [xilinx-label-all-loops]
 for (i = 0; i < ((((T) & ((512 - 1) << 11)) >> 11) + 1); i++) {
 ^~~
 VITIS_LOOP_605_1: 
/home/user/Documents/kria-vitis-platforms/kv260/platforms/vivado/kv260_ispMipiRx_vcu_DP/project/kv260_ispMipiRx_vcu_DP.runs/bd_eab1_vsc_0_synth_1/prj/sol/.autopilot/db/v_vscaler.pp.0.cpp:31282:2: note: FIX-IT applied suggested code changes
/home/user/Documents/kria-vitis-platforms/kv260/platforms/vivado/kv260_ispMipiRx_vcu_DP/project/kv260_ispMipiRx_vcu_DP.runs/bd_eab1_vsc_0_synth_1/prj/sol/.autopilot/db/v_vscaler.pp.0.cpp:31359:2: warning: Added loop label VITIS_LOOP_682_1:   [xilinx-label-all-loops]
 for (i = 0; i < ((((T) & ((512 - 1) << 11)) >> 11) + 1); i++) {
 ^~~
 VITIS_LOOP_682_1: 
/home/user/Documents/kria-vitis-platforms/kv260/platforms/vivado/kv260_ispMipiRx_vcu_DP/project/kv260_ispMipiRx_vcu_DP.runs/bd_eab1_vsc_0_synth_1/prj/sol/.autopilot/db/v_vscaler.pp.0.cpp:31359:2: note: FIX-IT applied suggested code changes
/home/user/Documents/kria-vitis-platforms/kv260/platforms/vivado/kv260_ispMipiRx_vcu_DP/project/kv260_ispMipiRx_vcu_DP.runs/bd_eab1_vsc_0_synth_1/prj/sol/.autopilot/db/v_vscaler.pp.0.cpp:31383:2: warning: Added loop label VITIS_LOOP_706_1:   [xilinx-label-all-loops]
 for (i = 0; i < ((((T) & ((512 - 1) << 11)) >> 11) + 1); i++) {
 ^~~
 VITIS_LOOP_706_1: 
/home/user/Documents/kria-vitis-platforms/kv260/platforms/vivado/kv260_ispMipiRx_vcu_DP/project/kv260_ispMipiRx_vcu_DP.runs/bd_eab1_vsc_0_synth_1/prj/sol/.autopilot/db/v_vscaler.pp.0.cpp:31383:2: note: FIX-IT applied suggested code changes
/home/user/Documents/kria-vitis-platforms/kv260/platforms/vivado/kv260_ispMipiRx_vcu_DP/project/kv260_ispMipiRx_vcu_DP.runs/bd_eab1_vsc_0_synth_1/prj/sol/.autopilot/db/v_vscaler.pp.0.cpp:31406:5: warning: Added loop label VITIS_LOOP_729_1:   [xilinx-label-all-loops]
    for (HLS_CHANNEL_T i = 0; i < ((((T) & ((512 - 1) << 11)) >> 11) + 1); i++) {
    ^~~
    VITIS_LOOP_729_1: 
/home/user/Documents/kria-vitis-platforms/kv260/platforms/vivado/kv260_ispMipiRx_vcu_DP/project/kv260_ispMipiRx_vcu_DP.runs/bd_eab1_vsc_0_synth_1/prj/sol/.autopilot/db/v_vscaler.pp.0.cpp:31406:5: note: FIX-IT applied suggested code changes
/home/user/Documents/kria-vitis-platforms/kv260/platforms/vivado/kv260_ispMipiRx_vcu_DP/project/kv260_ispMipiRx_vcu_DP.runs/bd_eab1_vsc_0_synth_1/prj/sol/.autopilot/db/v_vscaler.pp.0.cpp:31536:25: warning: Added loop label VITIS_LOOP_194_1:   [xilinx-label-all-loops]
                        for(int k=0;k<num;k++)
                        ^~~
                        VITIS_LOOP_194_1: 
/home/user/Documents/kria-vitis-platforms/kv260/platforms/vivado/kv260_ispMipiRx_vcu_DP/project/kv260_ispMipiRx_vcu_DP.runs/bd_eab1_vsc_0_synth_1/prj/sol/.autopilot/db/v_vscaler.pp.0.cpp:31536:25: note: FIX-IT applied suggested code changes
/home/user/Documents/kria-vitis-platforms/kv260/platforms/vivado/kv260_ispMipiRx_vcu_DP/project/kv260_ispMipiRx_vcu_DP.runs/bd_eab1_vsc_0_synth_1/prj/sol/.autopilot/db/v_vscaler.pp.0.cpp:31672:9: warning: Added loop label VITIS_LOOP_175_1:   [xilinx-label-all-loops]
        for (HLS_SIZE_T col = 0; col < cols; col++) {
        ^~~
        VITIS_LOOP_175_1: 
/home/user/Documents/kria-vitis-platforms/kv260/platforms/vivado/kv260_ispMipiRx_vcu_DP/project/kv260_ispMipiRx_vcu_DP.runs/bd_eab1_vsc_0_synth_1/prj/sol/.autopilot/db/v_vscaler.pp.0.cpp:31672:9: note: FIX-IT applied suggested code changes
/home/user/Documents/kria-vitis-platforms/kv260/platforms/vivado/kv260_ispMipiRx_vcu_DP/project/kv260_ispMipiRx_vcu_DP.runs/bd_eab1_vsc_0_synth_1/prj/sol/.autopilot/db/v_vscaler.pp.0.cpp:31738:9: warning: Added loop label VITIS_LOOP_241_1:   [xilinx-label-all-loops]
        for (HLS_SIZE_T col = 0; col < cols; col++) {
        ^~~
        VITIS_LOOP_241_1: 
/home/user/Documents/kria-vitis-platforms/kv260/platforms/vivado/kv260_ispMipiRx_vcu_DP/project/kv260_ispMipiRx_vcu_DP.runs/bd_eab1_vsc_0_synth_1/prj/sol/.autopilot/db/v_vscaler.pp.0.cpp:31738:9: note: FIX-IT applied suggested code changes
/home/user/Documents/kria-vitis-platforms/kv260/platforms/vivado/kv260_ispMipiRx_vcu_DP/project/kv260_ispMipiRx_vcu_DP.runs/bd_eab1_vsc_0_synth_1/prj/sol/.autopilot/db/v_vscaler.pp.0.cpp:32642:5: warning: Added loop label VITIS_LOOP_1011_1:   [xilinx-label-all-loops]
    for (HLS_CHANNEL_T k = 0; k < ((((SRC_T) & ((512 - 1) << 11)) >> 11) + 1); k++) {
    ^~~
    VITIS_LOOP_1011_1: 
/home/user/Documents/kria-vitis-platforms/kv260/platforms/vivado/kv260_ispMipiRx_vcu_DP/project/kv260_ispMipiRx_vcu_DP.runs/bd_eab1_vsc_0_synth_1/prj/sol/.autopilot/db/v_vscaler.pp.0.cpp:32642:5: note: FIX-IT applied suggested code changes
/home/user/Documents/kria-vitis-platforms/kv260/platforms/vivado/kv260_ispMipiRx_vcu_DP/project/kv260_ispMipiRx_vcu_DP.runs/bd_eab1_vsc_0_synth_1/prj/sol/.autopilot/db/v_vscaler.pp.0.cpp:32701:13: warning: Added loop label VITIS_LOOP_1091_1:   [xilinx-label-all-loops]
            for (HLS_CHANNEL_T k = 0; k < ((((DST_T) & ((512 - 1) << 11)) >> 11) + 1); k++) {
            ^~~
            VITIS_LOOP_1091_1: 
/home/user/Documents/kria-vitis-platforms/kv260/platforms/vivado/kv260_ispMipiRx_vcu_DP/project/kv260_ispMipiRx_vcu_DP.runs/bd_eab1_vsc_0_synth_1/prj/sol/.autopilot/db/v_vscaler.pp.0.cpp:32701:13: note: FIX-IT applied suggested code changes
/home/user/Documents/kria-vitis-platforms/kv260/platforms/vivado/kv260_ispMipiRx_vcu_DP/project/kv260_ispMipiRx_vcu_DP.runs/bd_eab1_vsc_0_synth_1/prj/sol/.autopilot/db/v_vscaler.pp.0.cpp:32717:5: warning: Added loop label VITIS_LOOP_1107_1:   [xilinx-label-all-loops]
    for (HLS_CHANNEL_T k = 0; k < ((((SRC_T) & ((512 - 1) << 11)) >> 11) + 1); k++) {
    ^~~
    VITIS_LOOP_1107_1: 
/home/user/Documents/kria-vitis-platforms/kv260/platforms/vivado/kv260_ispMipiRx_vcu_DP/project/kv260_ispMipiRx_vcu_DP.runs/bd_eab1_vsc_0_synth_1/prj/sol/.autopilot/db/v_vscaler.pp.0.cpp:32717:5: note: FIX-IT applied suggested code changes
/home/user/Documents/kria-vitis-platforms/kv260/platforms/vivado/kv260_ispMipiRx_vcu_DP/project/kv260_ispMipiRx_vcu_DP.runs/bd_eab1_vsc_0_synth_1/prj/sol/.autopilot/db/v_vscaler.pp.0.cpp:32733:5: warning: Added loop label VITIS_LOOP_1123_1:   [xilinx-label-all-loops]
    for (HLS_CHANNEL_T k = 0; k < ((((SRC_T) & ((512 - 1) << 11)) >> 11) + 1); k++) {
    ^~~
    VITIS_LOOP_1123_1: 
/home/user/Documents/kria-vitis-platforms/kv260/platforms/vivado/kv260_ispMipiRx_vcu_DP/project/kv260_ispMipiRx_vcu_DP.runs/bd_eab1_vsc_0_synth_1/prj/sol/.autopilot/db/v_vscaler.pp.0.cpp:32733:5: note: FIX-IT applied suggested code changes
/home/user/Documents/kria-vitis-platforms/kv260/platforms/vivado/kv260_ispMipiRx_vcu_DP/project/kv260_ispMipiRx_vcu_DP.runs/bd_eab1_vsc_0_synth_1/prj/sol/.autopilot/db/v_vscaler.pp.0.cpp:32751:5: warning: Added loop label VITIS_LOOP_1141_1:   [xilinx-label-all-loops]
    for (HLS_CHANNEL_T k = 0; k < ((((SRC_T) & ((512 - 1) << 11)) >> 11) + 1); k++) {
    ^~~
    VITIS_LOOP_1141_1: 
/home/user/Documents/kria-vitis-platforms/kv260/platforms/vivado/kv260_ispMipiRx_vcu_DP/project/kv260_ispMipiRx_vcu_DP.runs/bd_eab1_vsc_0_synth_1/prj/sol/.autopilot/db/v_vscaler.pp.0.cpp:32751:5: note: FIX-IT applied suggested code changes
/home/user/Documents/kria-vitis-platforms/kv260/platforms/vivado/kv260_ispMipiRx_vcu_DP/project/kv260_ispMipiRx_vcu_DP.runs/bd_eab1_vsc_0_synth_1/prj/sol/.autopilot/db/v_vscaler.pp.0.cpp:32789:5: warning: Added loop label VITIS_LOOP_1179_1:   [xilinx-label-all-loops]
    for (HLS_CHANNEL_T k = 0; k < ((((SRC_T) & ((512 - 1) << 11)) >> 11) + 1); k++) {
    ^~~
    VITIS_LOOP_1179_1: 
/home/user/Documents/kria-vitis-platforms/kv260/platforms/vivado/kv260_ispMipiRx_vcu_DP/project/kv260_ispMipiRx_vcu_DP.runs/bd_eab1_vsc_0_synth_1/prj/sol/.autopilot/db/v_vscaler.pp.0.cpp:32789:5: note: FIX-IT applied suggested code changes
/home/user/Documents/kria-vitis-platforms/kv260/platforms/vivado/kv260_ispMipiRx_vcu_DP/project/kv260_ispMipiRx_vcu_DP.runs/bd_eab1_vsc_0_synth_1/prj/sol/.autopilot/db/v_vscaler.pp.0.cpp:32809:5: warning: Added loop label VITIS_LOOP_1199_1:   [xilinx-label-all-loops]
    for (HLS_CHANNEL_T k = 0; k < ((((SRC_T) & ((512 - 1) << 11)) >> 11) + 1); k++) {
    ^~~
    VITIS_LOOP_1199_1: 
/home/user/Documents/kria-vitis-platforms/kv260/platforms/vivado/kv260_ispMipiRx_vcu_DP/project/kv260_ispMipiRx_vcu_DP.runs/bd_eab1_vsc_0_synth_1/prj/sol/.autopilot/db/v_vscaler.pp.0.cpp:32809:5: note: FIX-IT applied suggested code changes
/home/user/Documents/kria-vitis-platforms/kv260/platforms/vivado/kv260_ispMipiRx_vcu_DP/project/kv260_ispMipiRx_vcu_DP.runs/bd_eab1_vsc_0_synth_1/prj/sol/.autopilot/db/v_vscaler.pp.0.cpp:33097:13: warning: Added loop label VITIS_LOOP_1494_1:   [xilinx-label-all-loops]
            for (HLS_CHANNEL_T k = 0; k < ((((SRC_T) & ((512 - 1) << 11)) >> 11) + 1); k++) {
            ^~~
            VITIS_LOOP_1494_1: 
/home/user/Documents/kria-vitis-platforms/kv260/platforms/vivado/kv260_ispMipiRx_vcu_DP/project/kv260_ispMipiRx_vcu_DP.runs/bd_eab1_vsc_0_synth_1/prj/sol/.autopilot/db/v_vscaler.pp.0.cpp:33097:13: note: FIX-IT applied suggested code changes
/home/user/Documents/kria-vitis-platforms/kv260/platforms/vivado/kv260_ispMipiRx_vcu_DP/project/kv260_ispMipiRx_vcu_DP.runs/bd_eab1_vsc_0_synth_1/prj/sol/.autopilot/db/v_vscaler.pp.0.cpp:33646:21: warning: Added loop label VITIS_LOOP_457_1:   [xilinx-label-all-loops]
                    for(int buf_row=0; buf_row<K_HEIGHT; buf_row++) {
                    ^~~
                    VITIS_LOOP_457_1: 
/home/user/Documents/kria-vitis-platforms/kv260/platforms/vivado/kv260_ispMipiRx_vcu_DP/project/kv260_ispMipiRx_vcu_DP.runs/bd_eab1_vsc_0_synth_1/prj/sol/.autopilot/db/v_vscaler.pp.0.cpp:33646:21: note: FIX-IT applied suggested code changes
/home/user/Documents/kria-vitis-platforms/kv260/platforms/vivado/kv260_ispMipiRx_vcu_DP/project/kv260_ispMipiRx_vcu_DP.runs/bd_eab1_vsc_0_synth_1/prj/sol/.autopilot/db/v_vscaler.pp.0.cpp:33659:29: warning: Added loop label VITIS_LOOP_470_2:   [xilinx-label-all-loops]
                            for(int buf_row=2*K_HEIGHT-1; buf_row>=0; buf_row--) {
                            ^~~
                            VITIS_LOOP_470_2: 
/home/user/Documents/kria-vitis-platforms/kv260/platforms/vivado/kv260_ispMipiRx_vcu_DP/project/kv260_ispMipiRx_vcu_DP.runs/bd_eab1_vsc_0_synth_1/prj/sol/.autopilot/db/v_vscaler.pp.0.cpp:33659:29: note: FIX-IT applied suggested code changes
/home/user/Documents/kria-vitis-platforms/kv260/platforms/vivado/kv260_ispMipiRx_vcu_DP/project/kv260_ispMipiRx_vcu_DP.runs/bd_eab1_vsc_0_synth_1/prj/sol/.autopilot/db/v_vscaler.pp.0.cpp:33668:29: warning: Added loop label VITIS_LOOP_479_3:   [xilinx-label-all-loops]
                            for(int buf_row=0; buf_row<K_HEIGHT; buf_row++) {
                            ^~~
                            VITIS_LOOP_479_3: 
/home/user/Documents/kria-vitis-platforms/kv260/platforms/vivado/kv260_ispMipiRx_vcu_DP/project/kv260_ispMipiRx_vcu_DP.runs/bd_eab1_vsc_0_synth_1/prj/sol/.autopilot/db/v_vscaler.pp.0.cpp:33668:29: note: FIX-IT applied suggested code changes
/home/user/Documents/kria-vitis-platforms/kv260/platforms/vivado/kv260_ispMipiRx_vcu_DP/project/kv260_ispMipiRx_vcu_DP.runs/bd_eab1_vsc_0_synth_1/prj/sol/.autopilot/db/v_vscaler.pp.0.cpp:33669:33: warning: Added loop label VITIS_LOOP_480_4:   [xilinx-label-all-loops]
                                for(int buf_col=K_WIDTH-1; buf_col>0; buf_col--) {
                                ^~~
                                VITIS_LOOP_480_4: 
/home/user/Documents/kria-vitis-platforms/kv260/platforms/vivado/kv260_ispMipiRx_vcu_DP/project/kv260_ispMipiRx_vcu_DP.runs/bd_eab1_vsc_0_synth_1/prj/sol/.autopilot/db/v_vscaler.pp.0.cpp:33669:33: note: FIX-IT applied suggested code changes
/home/user/Documents/kria-vitis-platforms/kv260/platforms/vivado/kv260_ispMipiRx_vcu_DP/project/kv260_ispMipiRx_vcu_DP.runs/bd_eab1_vsc_0_synth_1/prj/sol/.autopilot/db/v_vscaler.pp.0.cpp:33677:29: warning: Added loop label VITIS_LOOP_488_5:   [xilinx-label-all-loops]
                            for(int buf_row=2*K_HEIGHT-1; buf_row>0; buf_row--) {
                            ^~~
                            VITIS_LOOP_488_5: 
/home/user/Documents/kria-vitis-platforms/kv260/platforms/vivado/kv260_ispMipiRx_vcu_DP/project/kv260_ispMipiRx_vcu_DP.runs/bd_eab1_vsc_0_synth_1/prj/sol/.autopilot/db/v_vscaler.pp.0.cpp:33677:29: note: FIX-IT applied suggested code changes
/home/user/Documents/kria-vitis-platforms/kv260/platforms/vivado/kv260_ispMipiRx_vcu_DP/project/kv260_ispMipiRx_vcu_DP.runs/bd_eab1_vsc_0_synth_1/prj/sol/.autopilot/db/v_vscaler.pp.0.cpp:33691:21: warning: Added loop label VITIS_LOOP_502_6:   [xilinx-label-all-loops]
                    for(int buf_row=0; buf_row<K_HEIGHT; buf_row++){
                    ^~~
                    VITIS_LOOP_502_6: 
/home/user/Documents/kria-vitis-platforms/kv260/platforms/vivado/kv260_ispMipiRx_vcu_DP/project/kv260_ispMipiRx_vcu_DP.runs/bd_eab1_vsc_0_synth_1/prj/sol/.autopilot/db/v_vscaler.pp.0.cpp:33691:21: note: FIX-IT applied suggested code changes
/home/user/Documents/kria-vitis-platforms/kv260/platforms/vivado/kv260_ispMipiRx_vcu_DP/project/kv260_ispMipiRx_vcu_DP.runs/bd_eab1_vsc_0_synth_1/prj/sol/.autopilot/db/v_vscaler.pp.0.cpp:33827:25: warning: Added loop label VITIS_LOOP_638_1:   [xilinx-label-all-loops]
                        for(int buf_row=K_HEIGHT-1; buf_row>0; buf_row--) {
                        ^~~
                        VITIS_LOOP_638_1: 
/home/user/Documents/kria-vitis-platforms/kv260/platforms/vivado/kv260_ispMipiRx_vcu_DP/project/kv260_ispMipiRx_vcu_DP.runs/bd_eab1_vsc_0_synth_1/prj/sol/.autopilot/db/v_vscaler.pp.0.cpp:33827:25: note: FIX-IT applied suggested code changes
/home/user/Documents/kria-vitis-platforms/kv260/platforms/vivado/kv260_ispMipiRx_vcu_DP/project/kv260_ispMipiRx_vcu_DP.runs/bd_eab1_vsc_0_synth_1/prj/sol/.autopilot/db/v_vscaler.pp.0.cpp:33831:25: warning: Added loop label VITIS_LOOP_642_2:   [xilinx-label-all-loops]
                        for(int buf_row=K_HEIGHT-1; buf_row>=0; buf_row--) {
                        ^~~
                        VITIS_LOOP_642_2: 
/home/user/Documents/kria-vitis-platforms/kv260/platforms/vivado/kv260_ispMipiRx_vcu_DP/project/kv260_ispMipiRx_vcu_DP.runs/bd_eab1_vsc_0_synth_1/prj/sol/.autopilot/db/v_vscaler.pp.0.cpp:33831:25: note: FIX-IT applied suggested code changes
/home/user/Documents/kria-vitis-platforms/kv260/platforms/vivado/kv260_ispMipiRx_vcu_DP/project/kv260_ispMipiRx_vcu_DP.runs/bd_eab1_vsc_0_synth_1/prj/sol/.autopilot/db/v_vscaler.pp.0.cpp:33838:29: warning: Added loop label VITIS_LOOP_649_3:   [xilinx-label-all-loops]
                            for(int buf_row=K_HEIGHT-1; buf_row>0; buf_row--) {
                            ^~~
                            VITIS_LOOP_649_3: 
/home/user/Documents/kria-vitis-platforms/kv260/platforms/vivado/kv260_ispMipiRx_vcu_DP/project/kv260_ispMipiRx_vcu_DP.runs/bd_eab1_vsc_0_synth_1/prj/sol/.autopilot/db/v_vscaler.pp.0.cpp:33838:29: note: FIX-IT applied suggested code changes
/home/user/Documents/kria-vitis-platforms/kv260/platforms/vivado/kv260_ispMipiRx_vcu_DP/project/kv260_ispMipiRx_vcu_DP.runs/bd_eab1_vsc_0_synth_1/prj/sol/.autopilot/db/v_vscaler.pp.0.cpp:33855:25: warning: Added loop label VITIS_LOOP_666_4:   [xilinx-label-all-loops]
                        for(int buf_row=K_HEIGHT-1; buf_row>=0; buf_row--) {
                        ^~~
                        VITIS_LOOP_666_4: 
/home/user/Documents/kria-vitis-platforms/kv260/platforms/vivado/kv260_ispMipiRx_vcu_DP/project/kv260_ispMipiRx_vcu_DP.runs/bd_eab1_vsc_0_synth_1/prj/sol/.autopilot/db/v_vscaler.pp.0.cpp:33855:25: note: FIX-IT applied suggested code changes
/home/user/Documents/kria-vitis-platforms/kv260/platforms/vivado/kv260_ispMipiRx_vcu_DP/project/kv260_ispMipiRx_vcu_DP.runs/bd_eab1_vsc_0_synth_1/prj/sol/.autopilot/db/v_vscaler.pp.0.cpp:33856:29: warning: Added loop label VITIS_LOOP_667_5:   [xilinx-label-all-loops]
                            for(int buf_col=K_WIDTH-1; buf_col>0; buf_col--) {
                            ^~~
                            VITIS_LOOP_667_5: 
/home/user/Documents/kria-vitis-platforms/kv260/platforms/vivado/kv260_ispMipiRx_vcu_DP/project/kv260_ispMipiRx_vcu_DP.runs/bd_eab1_vsc_0_synth_1/prj/sol/.autopilot/db/v_vscaler.pp.0.cpp:33856:29: note: FIX-IT applied suggested code changes
/home/user/Documents/kria-vitis-platforms/kv260/platforms/vivado/kv260_ispMipiRx_vcu_DP/project/kv260_ispMipiRx_vcu_DP.runs/bd_eab1_vsc_0_synth_1/prj/sol/.autopilot/db/v_vscaler.pp.0.cpp:33958:17: warning: Added loop label VITIS_LOOP_769_1:   [xilinx-label-all-loops]
                for(int buf_row=0; buf_row<K_HEIGHT; buf_row++) {
                ^~~
                VITIS_LOOP_769_1: 
/home/user/Documents/kria-vitis-platforms/kv260/platforms/vivado/kv260_ispMipiRx_vcu_DP/project/kv260_ispMipiRx_vcu_DP.runs/bd_eab1_vsc_0_synth_1/prj/sol/.autopilot/db/v_vscaler.pp.0.cpp:33958:17: note: FIX-IT applied suggested code changes
/home/user/Documents/kria-vitis-platforms/kv260/platforms/vivado/kv260_ispMipiRx_vcu_DP/project/kv260_ispMipiRx_vcu_DP.runs/bd_eab1_vsc_0_synth_1/prj/sol/.autopilot/db/v_vscaler.pp.0.cpp:33968:21: warning: Added loop label VITIS_LOOP_779_2:   [xilinx-label-all-loops]
                    for(int buf_row=2*K_HEIGHT-1; buf_row>=0; buf_row--) {
                    ^~~
                    VITIS_LOOP_779_2: 
/home/user/Documents/kria-vitis-platforms/kv260/platforms/vivado/kv260_ispMipiRx_vcu_DP/project/kv260_ispMipiRx_vcu_DP.runs/bd_eab1_vsc_0_synth_1/prj/sol/.autopilot/db/v_vscaler.pp.0.cpp:33968:21: note: FIX-IT applied suggested code changes
/home/user/Documents/kria-vitis-platforms/kv260/platforms/vivado/kv260_ispMipiRx_vcu_DP/project/kv260_ispMipiRx_vcu_DP.runs/bd_eab1_vsc_0_synth_1/prj/sol/.autopilot/db/v_vscaler.pp.0.cpp:33975:21: warning: Added loop label VITIS_LOOP_786_3:   [xilinx-label-all-loops]
                    for(int buf_row=2*K_HEIGHT-1; buf_row>0; buf_row--) {
                    ^~~
                    VITIS_LOOP_786_3: 
/home/user/Documents/kria-vitis-platforms/kv260/platforms/vivado/kv260_ispMipiRx_vcu_DP/project/kv260_ispMipiRx_vcu_DP.runs/bd_eab1_vsc_0_synth_1/prj/sol/.autopilot/db/v_vscaler.pp.0.cpp:33975:21: note: FIX-IT applied suggested code changes
/home/user/Documents/kria-vitis-platforms/kv260/platforms/vivado/kv260_ispMipiRx_vcu_DP/project/kv260_ispMipiRx_vcu_DP.runs/bd_eab1_vsc_0_synth_1/prj/sol/.autopilot/db/v_vscaler.pp.0.cpp:33985:17: warning: Added loop label VITIS_LOOP_796_4:   [xilinx-label-all-loops]
                for(int buf_row=0; buf_row<K_HEIGHT; buf_row++){
                ^~~
                VITIS_LOOP_796_4: 
/home/user/Documents/kria-vitis-platforms/kv260/platforms/vivado/kv260_ispMipiRx_vcu_DP/project/kv260_ispMipiRx_vcu_DP.runs/bd_eab1_vsc_0_synth_1/prj/sol/.autopilot/db/v_vscaler.pp.0.cpp:33985:17: note: FIX-IT applied suggested code changes
/home/user/Documents/kria-vitis-platforms/kv260/platforms/vivado/kv260_ispMipiRx_vcu_DP/project/kv260_ispMipiRx_vcu_DP.runs/bd_eab1_vsc_0_synth_1/prj/sol/.autopilot/db/v_vscaler.pp.0.cpp:34111:17: warning: Added loop label VITIS_LOOP_922_1:   [xilinx-label-all-loops]
                for (int buf_col=K_WIDTH-1; buf_col>0; buf_col--) {
                ^~~
                VITIS_LOOP_922_1: 
/home/user/Documents/kria-vitis-platforms/kv260/platforms/vivado/kv260_ispMipiRx_vcu_DP/project/kv260_ispMipiRx_vcu_DP.runs/bd_eab1_vsc_0_synth_1/prj/sol/.autopilot/db/v_vscaler.pp.0.cpp:34111:17: note: FIX-IT applied suggested code changes
/home/user/Documents/kria-vitis-platforms/kv260/platforms/vivado/kv260_ispMipiRx_vcu_DP/project/kv260_ispMipiRx_vcu_DP.runs/bd_eab1_vsc_0_synth_1/prj/sol/.autopilot/db/v_vscaler.pp.0.cpp:34133:17: warning: Added loop label VITIS_LOOP_944_2:   [xilinx-label-all-loops]
                for (int buf_col=0; buf_col<2*K_WIDTH; buf_col++) {
                ^~~
                VITIS_LOOP_944_2: 
/home/user/Documents/kria-vitis-platforms/kv260/platforms/vivado/kv260_ispMipiRx_vcu_DP/project/kv260_ispMipiRx_vcu_DP.runs/bd_eab1_vsc_0_synth_1/prj/sol/.autopilot/db/v_vscaler.pp.0.cpp:34133:17: note: FIX-IT applied suggested code changes
/home/user/Documents/kria-vitis-platforms/kv260/platforms/vivado/kv260_ispMipiRx_vcu_DP/project/kv260_ispMipiRx_vcu_DP.runs/bd_eab1_vsc_0_synth_1/prj/sol/.autopilot/db/v_vscaler.pp.0.cpp:34139:17: warning: Added loop label VITIS_LOOP_950_3:   [xilinx-label-all-loops]
                for (int buf_col=0; buf_col<K_WIDTH; buf_col++) {
                ^~~
                VITIS_LOOP_950_3: 
/home/user/Documents/kria-vitis-platforms/kv260/platforms/vivado/kv260_ispMipiRx_vcu_DP/project/kv260_ispMipiRx_vcu_DP.runs/bd_eab1_vsc_0_synth_1/prj/sol/.autopilot/db/v_vscaler.pp.0.cpp:34139:17: note: FIX-IT applied suggested code changes
/home/user/Documents/kria-vitis-platforms/kv260/platforms/vivado/kv260_ispMipiRx_vcu_DP/project/kv260_ispMipiRx_vcu_DP.runs/bd_eab1_vsc_0_synth_1/prj/sol/.autopilot/db/v_vscaler.pp.0.cpp:34259:17: warning: Added loop label VITIS_LOOP_1070_1:   [xilinx-label-all-loops]
                for(int buf_col=K_WIDTH-1; buf_col>=1; buf_col--) {
                ^~~
                VITIS_LOOP_1070_1: 
/home/user/Documents/kria-vitis-platforms/kv260/platforms/vivado/kv260_ispMipiRx_vcu_DP/project/kv260_ispMipiRx_vcu_DP.runs/bd_eab1_vsc_0_synth_1/prj/sol/.autopilot/db/v_vscaler.pp.0.cpp:34259:17: note: FIX-IT applied suggested code changes
/home/user/Documents/kria-vitis-platforms/kv260/platforms/vivado/kv260_ispMipiRx_vcu_DP/project/kv260_ispMipiRx_vcu_DP.runs/bd_eab1_vsc_0_synth_1/prj/sol/.autopilot/db/v_vscaler.pp.0.cpp:34264:21: warning: Added loop label VITIS_LOOP_1075_2:   [xilinx-label-all-loops]
                    for(int buf_row= K_HEIGHT-1;buf_row >= 1;buf_row--) {
                    ^~~
                    VITIS_LOOP_1075_2: 
/home/user/Documents/kria-vitis-platforms/kv260/platforms/vivado/kv260_ispMipiRx_vcu_DP/project/kv260_ispMipiRx_vcu_DP.runs/bd_eab1_vsc_0_synth_1/prj/sol/.autopilot/db/v_vscaler.pp.0.cpp:34264:21: note: FIX-IT applied suggested code changes
/home/user/Documents/kria-vitis-platforms/kv260/platforms/vivado/kv260_ispMipiRx_vcu_DP/project/kv260_ispMipiRx_vcu_DP.runs/bd_eab1_vsc_0_synth_1/prj/sol/.autopilot/db/v_vscaler.pp.0.cpp:34292:17: warning: Added loop label VITIS_LOOP_1103_3:   [xilinx-label-all-loops]
                for (int buf_col=0; buf_col<K_WIDTH; buf_col++) {
                ^~~
                VITIS_LOOP_1103_3: 
/home/user/Documents/kria-vitis-platforms/kv260/platforms/vivado/kv260_ispMipiRx_vcu_DP/project/kv260_ispMipiRx_vcu_DP.runs/bd_eab1_vsc_0_synth_1/prj/sol/.autopilot/db/v_vscaler.pp.0.cpp:34292:17: note: FIX-IT applied suggested code changes
/home/user/Documents/kria-vitis-platforms/kv260/platforms/vivado/kv260_ispMipiRx_vcu_DP/project/kv260_ispMipiRx_vcu_DP.runs/bd_eab1_vsc_0_synth_1/prj/sol/.autopilot/db/v_vscaler.pp.0.cpp:34700:2: warning: Added loop label VITIS_LOOP_1511_1:   [xilinx-label-all-loops]
 for(int i=0; i<CN1; i++) {
 ^~~
 VITIS_LOOP_1511_1: 
/home/user/Documents/kria-vitis-platforms/kv260/platforms/vivado/kv260_ispMipiRx_vcu_DP/project/kv260_ispMipiRx_vcu_DP.runs/bd_eab1_vsc_0_synth_1/prj/sol/.autopilot/db/v_vscaler.pp.0.cpp:34700:2: note: FIX-IT applied suggested code changes
/home/user/Documents/kria-vitis-platforms/kv260/platforms/vivado/kv260_ispMipiRx_vcu_DP/project/kv260_ispMipiRx_vcu_DP.runs/bd_eab1_vsc_0_synth_1/prj/sol/.autopilot/db/v_vscaler.pp.0.cpp:34709:2: warning: Added loop label VITIS_LOOP_1520_1:   [xilinx-label-all-loops]
 for(int i=0; i<CN1; i++) {
 ^~~
 VITIS_LOOP_1520_1: 
/home/user/Documents/kria-vitis-platforms/kv260/platforms/vivado/kv260_ispMipiRx_vcu_DP/project/kv260_ispMipiRx_vcu_DP.runs/bd_eab1_vsc_0_synth_1/prj/sol/.autopilot/db/v_vscaler.pp.0.cpp:34709:2: note: FIX-IT applied suggested code changes
/home/user/Documents/kria-vitis-platforms/kv260/platforms/vivado/kv260_ispMipiRx_vcu_DP/project/kv260_ispMipiRx_vcu_DP.runs/bd_eab1_vsc_0_synth_1/prj/sol/.autopilot/db/v_vscaler.pp.0.cpp:35270:5: warning: Added loop label VITIS_LOOP_2081_1:   [xilinx-label-all-loops]
    for (i=0; i<NPHASES; i++) {
    ^~~
    VITIS_LOOP_2081_1: 
/home/user/Documents/kria-vitis-platforms/kv260/platforms/vivado/kv260_ispMipiRx_vcu_DP/project/kv260_ispMipiRx_vcu_DP.runs/bd_eab1_vsc_0_synth_1/prj/sol/.autopilot/db/v_vscaler.pp.0.cpp:35270:5: note: FIX-IT applied suggested code changes
/home/user/Documents/kria-vitis-platforms/kv260/platforms/vivado/kv260_ispMipiRx_vcu_DP/project/kv260_ispMipiRx_vcu_DP.runs/bd_eab1_vsc_0_synth_1/prj/sol/.autopilot/db/v_vscaler.pp.0.cpp:35277:5: warning: Added loop label VITIS_LOOP_2088_2:   [xilinx-label-all-loops]
    for (i = 0; i < NPHASES; i++) {
    ^~~
    VITIS_LOOP_2088_2: 
/home/user/Documents/kria-vitis-platforms/kv260/platforms/vivado/kv260_ispMipiRx_vcu_DP/project/kv260_ispMipiRx_vcu_DP.runs/bd_eab1_vsc_0_synth_1/prj/sol/.autopilot/db/v_vscaler.pp.0.cpp:35277:5: note: FIX-IT applied suggested code changes
/home/user/Documents/kria-vitis-platforms/kv260/platforms/vivado/kv260_ispMipiRx_vcu_DP/project/kv260_ispMipiRx_vcu_DP.runs/bd_eab1_vsc_0_synth_1/prj/sol/.autopilot/db/v_vscaler.pp.0.cpp:35278:9: warning: Added loop label VITIS_LOOP_2089_3:   [xilinx-label-all-loops]
        for (j = 0; j < NTAPS; j++) {
        ^~~
        VITIS_LOOP_2089_3: 
/home/user/Documents/kria-vitis-platforms/kv260/platforms/vivado/kv260_ispMipiRx_vcu_DP/project/kv260_ispMipiRx_vcu_DP.runs/bd_eab1_vsc_0_synth_1/prj/sol/.autopilot/db/v_vscaler.pp.0.cpp:35278:9: note: FIX-IT applied suggested code changes
/home/user/Documents/kria-vitis-platforms/kv260/platforms/vivado/kv260_ispMipiRx_vcu_DP/project/kv260_ispMipiRx_vcu_DP.runs/bd_eab1_vsc_0_synth_1/prj/sol/.autopilot/db/v_vscaler.pp.0.cpp:35421:27: warning: Added loop label VITIS_LOOP_2232_1:   [xilinx-label-all-loops]
                          for (int m = 0; m < ((((T) & ((512 - 1) << 11)) >> 11) + 1); m++)
                          ^~~
                          VITIS_LOOP_2232_1: 
/home/user/Documents/kria-vitis-platforms/kv260/platforms/vivado/kv260_ispMipiRx_vcu_DP/project/kv260_ispMipiRx_vcu_DP.runs/bd_eab1_vsc_0_synth_1/prj/sol/.autopilot/db/v_vscaler.pp.0.cpp:35421:27: note: FIX-IT applied suggested code changes
/home/user/Documents/kria-vitis-platforms/kv260/platforms/vivado/kv260_ispMipiRx_vcu_DP/project/kv260_ispMipiRx_vcu_DP.runs/bd_eab1_vsc_0_synth_1/prj/sol/.autopilot/db/v_vscaler.pp.0.cpp:35428:15: warning: Added loop label VITIS_LOOP_2239_2:   [xilinx-label-all-loops]
              for (int i = 0; i < NTAPS; i++) {
              ^~~
              VITIS_LOOP_2239_2: 
/home/user/Documents/kria-vitis-platforms/kv260/platforms/vivado/kv260_ispMipiRx_vcu_DP/project/kv260_ispMipiRx_vcu_DP.runs/bd_eab1_vsc_0_synth_1/prj/sol/.autopilot/db/v_vscaler.pp.0.cpp:35428:15: note: FIX-IT applied suggested code changes
/home/user/Documents/kria-vitis-platforms/kv260/platforms/vivado/kv260_ispMipiRx_vcu_DP/project/kv260_ispMipiRx_vcu_DP.runs/bd_eab1_vsc_0_synth_1/prj/sol/.autopilot/db/v_vscaler.pp.0.cpp:35434:23: warning: Added loop label VITIS_LOOP_2245_3:   [xilinx-label-all-loops]
                      for (int i = NTAPS - 1; i > 0; i--) {
                      ^~~
                      VITIS_LOOP_2245_3: 
/home/user/Documents/kria-vitis-platforms/kv260/platforms/vivado/kv260_ispMipiRx_vcu_DP/project/kv260_ispMipiRx_vcu_DP.runs/bd_eab1_vsc_0_synth_1/prj/sol/.autopilot/db/v_vscaler.pp.0.cpp:35434:23: note: FIX-IT applied suggested code changes
/home/user/Documents/kria-vitis-platforms/kv260/platforms/vivado/kv260_ispMipiRx_vcu_DP/project/kv260_ispMipiRx_vcu_DP.runs/bd_eab1_vsc_0_synth_1/prj/sol/.autopilot/db/v_vscaler.pp.0.cpp:35448:23: warning: Added loop label VITIS_LOOP_2259_4:   [xilinx-label-all-loops]
                      for (int i = NTAPS - 1; i >= 0; i--) {
                      ^~~
                      VITIS_LOOP_2259_4: 
/home/user/Documents/kria-vitis-platforms/kv260/platforms/vivado/kv260_ispMipiRx_vcu_DP/project/kv260_ispMipiRx_vcu_DP.runs/bd_eab1_vsc_0_synth_1/prj/sol/.autopilot/db/v_vscaler.pp.0.cpp:35448:23: note: FIX-IT applied suggested code changes
/home/user/Documents/kria-vitis-platforms/kv260/platforms/vivado/kv260_ispMipiRx_vcu_DP/project/kv260_ispMipiRx_vcu_DP.runs/bd_eab1_vsc_0_synth_1/prj/sol/.autopilot/db/v_vscaler.pp.0.cpp:35459:15: warning: Added loop label VITIS_LOOP_2270_5:   [xilinx-label-all-loops]
              for (int i = 0; i < NTAPS; i++) {
              ^~~
              VITIS_LOOP_2270_5: 
/home/user/Documents/kria-vitis-platforms/kv260/platforms/vivado/kv260_ispMipiRx_vcu_DP/project/kv260_ispMipiRx_vcu_DP.runs/bd_eab1_vsc_0_synth_1/prj/sol/.autopilot/db/v_vscaler.pp.0.cpp:35459:15: note: FIX-IT applied suggested code changes
/home/user/Documents/kria-vitis-platforms/kv260/platforms/vivado/kv260_ispMipiRx_vcu_DP/project/kv260_ispMipiRx_vcu_DP.runs/bd_eab1_vsc_0_synth_1/prj/sol/.autopilot/db/v_vscaler.pp.0.cpp:35504:5: warning: Added loop label VITIS_LOOP_2315_1:   [xilinx-label-all-loops]
    for(short i= 0;i<rows;i++) {
    ^~~
    VITIS_LOOP_2315_1: 
/home/user/Documents/kria-vitis-platforms/kv260/platforms/vivado/kv260_ispMipiRx_vcu_DP/project/kv260_ispMipiRx_vcu_DP.runs/bd_eab1_vsc_0_synth_1/prj/sol/.autopilot/db/v_vscaler.pp.0.cpp:35504:5: note: FIX-IT applied suggested code changes
/home/user/Documents/kria-vitis-platforms/kv260/platforms/vivado/kv260_ispMipiRx_vcu_DP/project/kv260_ispMipiRx_vcu_DP.runs/bd_eab1_vsc_0_synth_1/prj/sol/.autopilot/db/v_vscaler.pp.0.cpp:35505:9: warning: Added loop label VITIS_LOOP_2316_2:   [xilinx-label-all-loops]
        for(short j= 0;j<cols;j++) {
        ^~~
        VITIS_LOOP_2316_2: 
/home/user/Documents/kria-vitis-platforms/kv260/platforms/vivado/kv260_ispMipiRx_vcu_DP/project/kv260_ispMipiRx_vcu_DP.runs/bd_eab1_vsc_0_synth_1/prj/sol/.autopilot/db/v_vscaler.pp.0.cpp:35505:9: note: FIX-IT applied suggested code changes
/home/user/Documents/kria-vitis-platforms/kv260/platforms/vivado/kv260_ispMipiRx_vcu_DP/project/kv260_ispMipiRx_vcu_DP.runs/bd_eab1_vsc_0_synth_1/prj/sol/.autopilot/db/v_vscaler.pp.0.cpp:35585:17: warning: Added loop label VITIS_LOOP_2396_3:   [xilinx-label-all-loops]
                for(int r= 0;r<2;r++)
                ^~~
                VITIS_LOOP_2396_3: 
/home/user/Documents/kria-vitis-platforms/kv260/platforms/vivado/kv260_ispMipiRx_vcu_DP/project/kv260_ispMipiRx_vcu_DP.runs/bd_eab1_vsc_0_synth_1/prj/sol/.autopilot/db/v_vscaler.pp.0.cpp:35585:17: note: FIX-IT applied suggested code changes
/home/user/Documents/kria-vitis-platforms/kv260/platforms/vivado/kv260_ispMipiRx_vcu_DP/project/kv260_ispMipiRx_vcu_DP.runs/bd_eab1_vsc_0_synth_1/prj/sol/.autopilot/db/v_vscaler.pp.0.cpp:35609:21: warning: Added loop label VITIS_LOOP_2420_4:   [xilinx-label-all-loops]
                    for(int r= 0;r<2;r++)
                    ^~~
                    VITIS_LOOP_2420_4: 
/home/user/Documents/kria-vitis-platforms/kv260/platforms/vivado/kv260_ispMipiRx_vcu_DP/project/kv260_ispMipiRx_vcu_DP.runs/bd_eab1_vsc_0_synth_1/prj/sol/.autopilot/db/v_vscaler.pp.0.cpp:35609:21: note: FIX-IT applied suggested code changes
/home/user/Documents/kria-vitis-platforms/kv260/platforms/vivado/kv260_ispMipiRx_vcu_DP/project/kv260_ispMipiRx_vcu_DP.runs/bd_eab1_vsc_0_synth_1/prj/sol/.autopilot/db/v_vscaler.pp.0.cpp:35619:17: warning: Added loop label VITIS_LOOP_2430_5:   [xilinx-label-all-loops]
                for(int k=0;k<((((SRC_T) & ((512 - 1) << 11)) >> 11) + 1);k++)
                ^~~
                VITIS_LOOP_2430_5: 
/home/user/Documents/kria-vitis-platforms/kv260/platforms/vivado/kv260_ispMipiRx_vcu_DP/project/kv260_ispMipiRx_vcu_DP.runs/bd_eab1_vsc_0_synth_1/prj/sol/.autopilot/db/v_vscaler.pp.0.cpp:35619:17: note: FIX-IT applied suggested code changes
/home/user/Documents/kria-vitis-platforms/kv260/platforms/vivado/kv260_ispMipiRx_vcu_DP/project/kv260_ispMipiRx_vcu_DP.runs/bd_eab1_vsc_0_synth_1/prj/sol/.autopilot/db/v_vscaler.pp.0.cpp:35737:5: warning: Added loop label VITIS_LOOP_2548_1:   [xilinx-label-all-loops]
    for(int k=0; k<2; k++)
    ^~~
    VITIS_LOOP_2548_1: 
/home/user/Documents/kria-vitis-platforms/kv260/platforms/vivado/kv260_ispMipiRx_vcu_DP/project/kv260_ispMipiRx_vcu_DP.runs/bd_eab1_vsc_0_synth_1/prj/sol/.autopilot/db/v_vscaler.pp.0.cpp:35737:5: note: FIX-IT applied suggested code changes
/home/user/Documents/kria-vitis-platforms/kv260/platforms/vivado/kv260_ispMipiRx_vcu_DP/project/kv260_ispMipiRx_vcu_DP.runs/bd_eab1_vsc_0_synth_1/prj/sol/.autopilot/db/v_vscaler.pp.0.cpp:35754:13: warning: Added loop label VITIS_LOOP_2565_2:   [xilinx-label-all-loops]
            for(int i=0; i<SIZE; i++)
            ^~~
            VITIS_LOOP_2565_2: 
/home/user/Documents/kria-vitis-platforms/kv260/platforms/vivado/kv260_ispMipiRx_vcu_DP/project/kv260_ispMipiRx_vcu_DP.runs/bd_eab1_vsc_0_synth_1/prj/sol/.autopilot/db/v_vscaler.pp.0.cpp:35754:13: note: FIX-IT applied suggested code changes
/home/user/Documents/kria-vitis-platforms/kv260/platforms/vivado/kv260_ispMipiRx_vcu_DP/project/kv260_ispMipiRx_vcu_DP.runs/bd_eab1_vsc_0_synth_1/prj/sol/.autopilot/db/v_vscaler.pp.0.cpp:35757:13: warning: Added loop label VITIS_LOOP_2568_3:   [xilinx-label-all-loops]
            for(int i=0; i<SIZE-order-1; i++)
            ^~~
            VITIS_LOOP_2568_3: 
/home/user/Documents/kria-vitis-platforms/kv260/platforms/vivado/kv260_ispMipiRx_vcu_DP/project/kv260_ispMipiRx_vcu_DP.runs/bd_eab1_vsc_0_synth_1/prj/sol/.autopilot/db/v_vscaler.pp.0.cpp:35757:13: note: FIX-IT applied suggested code changes
/home/user/Documents/kria-vitis-platforms/kv260/platforms/vivado/kv260_ispMipiRx_vcu_DP/project/kv260_ispMipiRx_vcu_DP.runs/bd_eab1_vsc_0_synth_1/prj/sol/.autopilot/db/v_vscaler.pp.0.cpp:35760:17: warning: Added loop label VITIS_LOOP_2571_4:   [xilinx-label-all-loops]
                for(int j = 1; j <= SIZE; j++ )
                ^~~
                VITIS_LOOP_2571_4: 
/home/user/Documents/kria-vitis-platforms/kv260/platforms/vivado/kv260_ispMipiRx_vcu_DP/project/kv260_ispMipiRx_vcu_DP.runs/bd_eab1_vsc_0_synth_1/prj/sol/.autopilot/db/v_vscaler.pp.0.cpp:35760:17: note: FIX-IT applied suggested code changes
/home/user/Documents/kria-vitis-platforms/kv260/platforms/vivado/kv260_ispMipiRx_vcu_DP/project/kv260_ispMipiRx_vcu_DP.runs/bd_eab1_vsc_0_synth_1/prj/sol/.autopilot/db/v_vscaler.pp.0.cpp:35768:13: warning: Added loop label VITIS_LOOP_2579_5:   [xilinx-label-all-loops]
            for(int i = 0; i < order; i++ )
            ^~~
            VITIS_LOOP_2579_5: 
/home/user/Documents/kria-vitis-platforms/kv260/platforms/vivado/kv260_ispMipiRx_vcu_DP/project/kv260_ispMipiRx_vcu_DP.runs/bd_eab1_vsc_0_synth_1/prj/sol/.autopilot/db/v_vscaler.pp.0.cpp:35768:13: note: FIX-IT applied suggested code changes
/home/user/Documents/kria-vitis-platforms/kv260/platforms/vivado/kv260_ispMipiRx_vcu_DP/project/kv260_ispMipiRx_vcu_DP.runs/bd_eab1_vsc_0_synth_1/prj/sol/.autopilot/db/v_vscaler.pp.0.cpp:35771:17: warning: Added loop label VITIS_LOOP_2582_6:   [xilinx-label-all-loops]
                for(int j = 1; j <= SIZE; j++ )
                ^~~
                VITIS_LOOP_2582_6: 
/home/user/Documents/kria-vitis-platforms/kv260/platforms/vivado/kv260_ispMipiRx_vcu_DP/project/kv260_ispMipiRx_vcu_DP.runs/bd_eab1_vsc_0_synth_1/prj/sol/.autopilot/db/v_vscaler.pp.0.cpp:35771:17: note: FIX-IT applied suggested code changes
/home/user/Documents/kria-vitis-platforms/kv260/platforms/vivado/kv260_ispMipiRx_vcu_DP/project/kv260_ispMipiRx_vcu_DP.runs/bd_eab1_vsc_0_synth_1/prj/sol/.autopilot/db/v_vscaler.pp.0.cpp:35780:9: warning: Added loop label VITIS_LOOP_2591_7:   [xilinx-label-all-loops]
        for(int i=0; i<SIZE; i++) {
        ^~~
        VITIS_LOOP_2591_7: 
/home/user/Documents/kria-vitis-platforms/kv260/platforms/vivado/kv260_ispMipiRx_vcu_DP/project/kv260_ispMipiRx_vcu_DP.runs/bd_eab1_vsc_0_synth_1/prj/sol/.autopilot/db/v_vscaler.pp.0.cpp:35780:9: note: FIX-IT applied suggested code changes
/home/user/Documents/kria-vitis-platforms/kv260/platforms/vivado/kv260_ispMipiRx_vcu_DP/project/kv260_ispMipiRx_vcu_DP.runs/bd_eab1_vsc_0_synth_1/prj/sol/.autopilot/db/v_vscaler.pp.0.cpp:35788:5: warning: Added loop label VITIS_LOOP_2599_8:   [xilinx-label-all-loops]
    for(int i=0; i<SIZE; i++) {
    ^~~
    VITIS_LOOP_2599_8: 
/home/user/Documents/kria-vitis-platforms/kv260/platforms/vivado/kv260_ispMipiRx_vcu_DP/project/kv260_ispMipiRx_vcu_DP.runs/bd_eab1_vsc_0_synth_1/prj/sol/.autopilot/db/v_vscaler.pp.0.cpp:35788:5: note: FIX-IT applied suggested code changes
/home/user/Documents/kria-vitis-platforms/kv260/platforms/vivado/kv260_ispMipiRx_vcu_DP/project/kv260_ispMipiRx_vcu_DP.runs/bd_eab1_vsc_0_synth_1/prj/sol/.autopilot/db/v_vscaler.pp.0.cpp:35789:9: warning: Added loop label VITIS_LOOP_2600_9:   [xilinx-label-all-loops]
        for(int j=0; j<SIZE; j++) {
        ^~~
        VITIS_LOOP_2600_9: 
/home/user/Documents/kria-vitis-platforms/kv260/platforms/vivado/kv260_ispMipiRx_vcu_DP/project/kv260_ispMipiRx_vcu_DP.runs/bd_eab1_vsc_0_synth_1/prj/sol/.autopilot/db/v_vscaler.pp.0.cpp:35789:9: note: FIX-IT applied suggested code changes
/home/user/Documents/kria-vitis-platforms/kv260/platforms/vivado/kv260_ispMipiRx_vcu_DP/project/kv260_ispMipiRx_vcu_DP.runs/bd_eab1_vsc_0_synth_1/prj/sol/.autopilot/db/v_vscaler.pp.0.cpp:35839:6: warning: Added loop label VITIS_LOOP_2650_1:   [xilinx-label-all-loops]
     for (int i = 0; i < KH; i++) {
     ^~~
     VITIS_LOOP_2650_1: 
/home/user/Documents/kria-vitis-platforms/kv260/platforms/vivado/kv260_ispMipiRx_vcu_DP/project/kv260_ispMipiRx_vcu_DP.runs/bd_eab1_vsc_0_synth_1/prj/sol/.autopilot/db/v_vscaler.pp.0.cpp:35839:6: note: FIX-IT applied suggested code changes
/home/user/Documents/kria-vitis-platforms/kv260/platforms/vivado/kv260_ispMipiRx_vcu_DP/project/kv260_ispMipiRx_vcu_DP.runs/bd_eab1_vsc_0_synth_1/prj/sol/.autopilot/db/v_vscaler.pp.0.cpp:35840:13: warning: Added loop label VITIS_LOOP_2651_2:   [xilinx-label-all-loops]
            for (int j = 0; j < KW; j++) {
            ^~~
            VITIS_LOOP_2651_2: 
/home/user/Documents/kria-vitis-platforms/kv260/platforms/vivado/kv260_ispMipiRx_vcu_DP/project/kv260_ispMipiRx_vcu_DP.runs/bd_eab1_vsc_0_synth_1/prj/sol/.autopilot/db/v_vscaler.pp.0.cpp:35840:13: note: FIX-IT applied suggested code changes
/home/user/Documents/kria-vitis-platforms/kv260/platforms/vivado/kv260_ispMipiRx_vcu_DP/project/kv260_ispMipiRx_vcu_DP.runs/bd_eab1_vsc_0_synth_1/prj/sol/.autopilot/db/v_vscaler.pp.0.cpp:35848:6: warning: Added loop label VITIS_LOOP_2659_3:   [xilinx-label-all-loops]
     for (int i = 0; i < KH; i++) {
     ^~~
     VITIS_LOOP_2659_3: 
/home/user/Documents/kria-vitis-platforms/kv260/platforms/vivado/kv260_ispMipiRx_vcu_DP/project/kv260_ispMipiRx_vcu_DP.runs/bd_eab1_vsc_0_synth_1/prj/sol/.autopilot/db/v_vscaler.pp.0.cpp:35848:6: note: FIX-IT applied suggested code changes
/home/user/Documents/kria-vitis-platforms/kv260/platforms/vivado/kv260_ispMipiRx_vcu_DP/project/kv260_ispMipiRx_vcu_DP.runs/bd_eab1_vsc_0_synth_1/prj/sol/.autopilot/db/v_vscaler.pp.0.cpp:35849:10: warning: Added loop label VITIS_LOOP_2660_4:   [xilinx-label-all-loops]
         for (int j = 0; j < KW; j++) {
         ^~~
         VITIS_LOOP_2660_4: 
/home/user/Documents/kria-vitis-platforms/kv260/platforms/vivado/kv260_ispMipiRx_vcu_DP/project/kv260_ispMipiRx_vcu_DP.runs/bd_eab1_vsc_0_synth_1/prj/sol/.autopilot/db/v_vscaler.pp.0.cpp:35849:10: note: FIX-IT applied suggested code changes
/home/user/Documents/kria-vitis-platforms/kv260/platforms/vivado/kv260_ispMipiRx_vcu_DP/project/kv260_ispMipiRx_vcu_DP.runs/bd_eab1_vsc_0_synth_1/prj/sol/.autopilot/db/v_vscaler.pp.0.cpp:35891:5: warning: Added loop label VITIS_LOOP_2702_1:   [xilinx-label-all-loops]
    for (int i = 0; i < KW; i++) {
    ^~~
    VITIS_LOOP_2702_1: 
/home/user/Documents/kria-vitis-platforms/kv260/platforms/vivado/kv260_ispMipiRx_vcu_DP/project/kv260_ispMipiRx_vcu_DP.runs/bd_eab1_vsc_0_synth_1/prj/sol/.autopilot/db/v_vscaler.pp.0.cpp:35891:5: note: FIX-IT applied suggested code changes
/home/user/Documents/kria-vitis-platforms/kv260/platforms/vivado/kv260_ispMipiRx_vcu_DP/project/kv260_ispMipiRx_vcu_DP.runs/bd_eab1_vsc_0_synth_1/prj/sol/.autopilot/db/v_vscaler.pp.0.cpp:35895:5: warning: Added loop label VITIS_LOOP_2706_2:   [xilinx-label-all-loops]
    for (int i = 0; i < KH; i++) {
    ^~~
    VITIS_LOOP_2706_2: 
/home/user/Documents/kria-vitis-platforms/kv260/platforms/vivado/kv260_ispMipiRx_vcu_DP/project/kv260_ispMipiRx_vcu_DP.runs/bd_eab1_vsc_0_synth_1/prj/sol/.autopilot/db/v_vscaler.pp.0.cpp:35895:5: note: FIX-IT applied suggested code changes
/home/user/Documents/kria-vitis-platforms/kv260/platforms/vivado/kv260_ispMipiRx_vcu_DP/project/kv260_ispMipiRx_vcu_DP.runs/bd_eab1_vsc_0_synth_1/prj/sol/.autopilot/db/v_vscaler.pp.0.cpp:35949:5: warning: Added loop label VITIS_LOOP_2760_1:   [xilinx-label-all-loops]
    for(int i=0; i<5; i++)
    ^~~
    VITIS_LOOP_2760_1: 
/home/user/Documents/kria-vitis-platforms/kv260/platforms/vivado/kv260_ispMipiRx_vcu_DP/project/kv260_ispMipiRx_vcu_DP.runs/bd_eab1_vsc_0_synth_1/prj/sol/.autopilot/db/v_vscaler.pp.0.cpp:35949:5: note: FIX-IT applied suggested code changes
/home/user/Documents/kria-vitis-platforms/kv260/platforms/vivado/kv260_ispMipiRx_vcu_DP/project/kv260_ispMipiRx_vcu_DP.runs/bd_eab1_vsc_0_synth_1/prj/sol/.autopilot/db/v_vscaler.pp.0.cpp:35950:9: warning: Added loop label VITIS_LOOP_2761_2:   [xilinx-label-all-loops]
        for(int j=0; j<5; j++)
        ^~~
        VITIS_LOOP_2761_2: 
/home/user/Documents/kria-vitis-platforms/kv260/platforms/vivado/kv260_ispMipiRx_vcu_DP/project/kv260_ispMipiRx_vcu_DP.runs/bd_eab1_vsc_0_synth_1/prj/sol/.autopilot/db/v_vscaler.pp.0.cpp:35950:9: note: FIX-IT applied suggested code changes
/home/user/Documents/kria-vitis-platforms/kv260/platforms/vivado/kv260_ispMipiRx_vcu_DP/project/kv260_ispMipiRx_vcu_DP.runs/bd_eab1_vsc_0_synth_1/prj/sol/.autopilot/db/v_vscaler.pp.0.cpp:36009:25: warning: Added loop label VITIS_LOOP_2820_1:   [xilinx-label-all-loops]
                        for(int row= 0;row<K_HEIGHT;row++)
                        ^~~
                        VITIS_LOOP_2820_1: 
/home/user/Documents/kria-vitis-platforms/kv260/platforms/vivado/kv260_ispMipiRx_vcu_DP/project/kv260_ispMipiRx_vcu_DP.runs/bd_eab1_vsc_0_synth_1/prj/sol/.autopilot/db/v_vscaler.pp.0.cpp:36009:25: note: FIX-IT applied suggested code changes
/home/user/Documents/kria-vitis-platforms/kv260/platforms/vivado/kv260_ispMipiRx_vcu_DP/project/kv260_ispMipiRx_vcu_DP.runs/bd_eab1_vsc_0_synth_1/prj/sol/.autopilot/db/v_vscaler.pp.0.cpp:36010:29: warning: Added loop label VITIS_LOOP_2821_2:   [xilinx-label-all-loops]
                            for(int col= K_WIDTH-1;col>=1;col--)
                            ^~~
                            VITIS_LOOP_2821_2: 
/home/user/Documents/kria-vitis-platforms/kv260/platforms/vivado/kv260_ispMipiRx_vcu_DP/project/kv260_ispMipiRx_vcu_DP.runs/bd_eab1_vsc_0_synth_1/prj/sol/.autopilot/db/v_vscaler.pp.0.cpp:36010:29: note: FIX-IT applied suggested code changes
/home/user/Documents/kria-vitis-platforms/kv260/platforms/vivado/kv260_ispMipiRx_vcu_DP/project/kv260_ispMipiRx_vcu_DP.runs/bd_eab1_vsc_0_synth_1/prj/sol/.autopilot/db/v_vscaler.pp.0.cpp:36013:25: warning: Added loop label VITIS_LOOP_2824_3:   [xilinx-label-all-loops]
                        for(int buf_row = 0; buf_row < K_HEIGHT; buf_row++)
                        ^~~
                        VITIS_LOOP_2824_3: 
/home/user/Documents/kria-vitis-platforms/kv260/platforms/vivado/kv260_ispMipiRx_vcu_DP/project/kv260_ispMipiRx_vcu_DP.runs/bd_eab1_vsc_0_synth_1/prj/sol/.autopilot/db/v_vscaler.pp.0.cpp:36013:25: note: FIX-IT applied suggested code changes
/home/user/Documents/kria-vitis-platforms/kv260/platforms/vivado/kv260_ispMipiRx_vcu_DP/project/kv260_ispMipiRx_vcu_DP.runs/bd_eab1_vsc_0_synth_1/prj/sol/.autopilot/db/v_vscaler.pp.0.cpp:36025:33: warning: Added loop label VITIS_LOOP_2836_4:   [xilinx-label-all-loops]
                                for(int buf_row= K_HEIGHT-1;buf_row >= 1;buf_row--)
                                ^~~
                                VITIS_LOOP_2836_4: 
/home/user/Documents/kria-vitis-platforms/kv260/platforms/vivado/kv260_ispMipiRx_vcu_DP/project/kv260_ispMipiRx_vcu_DP.runs/bd_eab1_vsc_0_synth_1/prj/sol/.autopilot/db/v_vscaler.pp.0.cpp:36025:33: note: FIX-IT applied suggested code changes
/home/user/Documents/kria-vitis-platforms/kv260/platforms/vivado/kv260_ispMipiRx_vcu_DP/project/kv260_ispMipiRx_vcu_DP.runs/bd_eab1_vsc_0_synth_1/prj/sol/.autopilot/db/v_vscaler.pp.0.cpp:36036:37: warning: Added loop label VITIS_LOOP_2847_5:   [xilinx-label-all-loops]
                                    for(int buf_row= K_HEIGHT-1;buf_row >= 1;buf_row--)
                                    ^~~
                                    VITIS_LOOP_2847_5: 
/home/user/Documents/kria-vitis-platforms/kv260/platforms/vivado/kv260_ispMipiRx_vcu_DP/project/kv260_ispMipiRx_vcu_DP.runs/bd_eab1_vsc_0_synth_1/prj/sol/.autopilot/db/v_vscaler.pp.0.cpp:36036:37: note: FIX-IT applied suggested code changes
/home/user/Documents/kria-vitis-platforms/kv260/platforms/vivado/kv260_ispMipiRx_vcu_DP/project/kv260_ispMipiRx_vcu_DP.runs/bd_eab1_vsc_0_synth_1/prj/sol/.autopilot/db/v_vscaler.pp.0.cpp:36052:33: warning: Added loop label VITIS_LOOP_2863_6:   [xilinx-label-all-loops]
                                for(int buf_row = 0;buf_row < K_HEIGHT; buf_row++)
                                ^~~
                                VITIS_LOOP_2863_6: 
/home/user/Documents/kria-vitis-platforms/kv260/platforms/vivado/kv260_ispMipiRx_vcu_DP/project/kv260_ispMipiRx_vcu_DP.runs/bd_eab1_vsc_0_synth_1/prj/sol/.autopilot/db/v_vscaler.pp.0.cpp:36052:33: note: FIX-IT applied suggested code changes
/home/user/Documents/kria-vitis-platforms/kv260/platforms/vivado/kv260_ispMipiRx_vcu_DP/project/kv260_ispMipiRx_vcu_DP.runs/bd_eab1_vsc_0_synth_1/prj/sol/.autopilot/db/v_vscaler.pp.0.cpp:36058:33: warning: Added loop label VITIS_LOOP_2869_7:   [xilinx-label-all-loops]
                                for(int buf_row= 0;buf_row < K_HEIGHT; buf_row++)
                                ^~~
                                VITIS_LOOP_2869_7: 
/home/user/Documents/kria-vitis-platforms/kv260/platforms/vivado/kv260_ispMipiRx_vcu_DP/project/kv260_ispMipiRx_vcu_DP.runs/bd_eab1_vsc_0_synth_1/prj/sol/.autopilot/db/v_vscaler.pp.0.cpp:36058:33: note: FIX-IT applied suggested code changes
/home/user/Documents/kria-vitis-platforms/kv260/platforms/vivado/kv260_ispMipiRx_vcu_DP/project/kv260_ispMipiRx_vcu_DP.runs/bd_eab1_vsc_0_synth_1/prj/sol/.autopilot/db/v_vscaler.pp.0.cpp:36064:36: warning: Added loop label VITIS_LOOP_2875_8:   [xilinx-label-all-loops]
                                   for(int buf_row= K_HEIGHT-1;buf_row>0;buf_row--)
                                   ^~~
                                   VITIS_LOOP_2875_8: 
/home/user/Documents/kria-vitis-platforms/kv260/platforms/vivado/kv260_ispMipiRx_vcu_DP/project/kv260_ispMipiRx_vcu_DP.runs/bd_eab1_vsc_0_synth_1/prj/sol/.autopilot/db/v_vscaler.pp.0.cpp:36064:36: note: FIX-IT applied suggested code changes
/home/user/Documents/kria-vitis-platforms/kv260/platforms/vivado/kv260_ispMipiRx_vcu_DP/project/kv260_ispMipiRx_vcu_DP.runs/bd_eab1_vsc_0_synth_1/prj/sol/.autopilot/db/v_vscaler.pp.0.cpp:36076:29: warning: Added loop label VITIS_LOOP_2887_9:   [xilinx-label-all-loops]
                            for(int buf_row= 0;buf_row<K_HEIGHT;buf_row++)
                            ^~~
                            VITIS_LOOP_2887_9: 
/home/user/Documents/kria-vitis-platforms/kv260/platforms/vivado/kv260_ispMipiRx_vcu_DP/project/kv260_ispMipiRx_vcu_DP.runs/bd_eab1_vsc_0_synth_1/prj/sol/.autopilot/db/v_vscaler.pp.0.cpp:36076:29: note: FIX-IT applied suggested code changes
/home/user/Documents/kria-vitis-platforms/kv260/platforms/vivado/kv260_ispMipiRx_vcu_DP/project/kv260_ispMipiRx_vcu_DP.runs/bd_eab1_vsc_0_synth_1/prj/sol/.autopilot/db/v_vscaler.pp.0.cpp:36090:33: warning: Added loop label VITIS_LOOP_2901_10:   [xilinx-label-all-loops]
                                for(int buf_row= K_HEIGHT-1;buf_row>0;buf_row--)
                                ^~~
                                VITIS_LOOP_2901_10: 
/home/user/Documents/kria-vitis-platforms/kv260/platforms/vivado/kv260_ispMipiRx_vcu_DP/project/kv260_ispMipiRx_vcu_DP.runs/bd_eab1_vsc_0_synth_1/prj/sol/.autopilot/db/v_vscaler.pp.0.cpp:36090:33: note: FIX-IT applied suggested code changes
/home/user/Documents/kria-vitis-platforms/kv260/platforms/vivado/kv260_ispMipiRx_vcu_DP/project/kv260_ispMipiRx_vcu_DP.runs/bd_eab1_vsc_0_synth_1/prj/sol/.autopilot/db/v_vscaler.pp.0.cpp:36104:33: warning: Added loop label VITIS_LOOP_2915_11:   [xilinx-label-all-loops]
                                for(int m=0; m<K_HEIGHT; m++)
                                ^~~
                                VITIS_LOOP_2915_11: 
/home/user/Documents/kria-vitis-platforms/kv260/platforms/vivado/kv260_ispMipiRx_vcu_DP/project/kv260_ispMipiRx_vcu_DP.runs/bd_eab1_vsc_0_synth_1/prj/sol/.autopilot/db/v_vscaler.pp.0.cpp:36104:33: note: FIX-IT applied suggested code changes
/home/user/Documents/kria-vitis-platforms/kv260/platforms/vivado/kv260_ispMipiRx_vcu_DP/project/kv260_ispMipiRx_vcu_DP.runs/bd_eab1_vsc_0_synth_1/prj/sol/.autopilot/db/v_vscaler.pp.0.cpp:36105:37: warning: Added loop label VITIS_LOOP_2916_12:   [xilinx-label-all-loops]
                                    for(int n=0; n<K_WIDTH; n++)
                                    ^~~
                                    VITIS_LOOP_2916_12: 
/home/user/Documents/kria-vitis-platforms/kv260/platforms/vivado/kv260_ispMipiRx_vcu_DP/project/kv260_ispMipiRx_vcu_DP.runs/bd_eab1_vsc_0_synth_1/prj/sol/.autopilot/db/v_vscaler.pp.0.cpp:36105:37: note: FIX-IT applied suggested code changes
/home/user/Documents/kria-vitis-platforms/kv260/platforms/vivado/kv260_ispMipiRx_vcu_DP/project/kv260_ispMipiRx_vcu_DP.runs/bd_eab1_vsc_0_synth_1/prj/sol/.autopilot/db/v_vscaler.pp.0.cpp:36110:33: warning: Added loop label VITIS_LOOP_2921_13:   [xilinx-label-all-loops]
                                for(int m=0; m<K_HEIGHT; m++)
                                ^~~
                                VITIS_LOOP_2921_13: 
/home/user/Documents/kria-vitis-platforms/kv260/platforms/vivado/kv260_ispMipiRx_vcu_DP/project/kv260_ispMipiRx_vcu_DP.runs/bd_eab1_vsc_0_synth_1/prj/sol/.autopilot/db/v_vscaler.pp.0.cpp:36110:33: note: FIX-IT applied suggested code changes
/home/user/Documents/kria-vitis-platforms/kv260/platforms/vivado/kv260_ispMipiRx_vcu_DP/project/kv260_ispMipiRx_vcu_DP.runs/bd_eab1_vsc_0_synth_1/prj/sol/.autopilot/db/v_vscaler.pp.0.cpp:36111:37: warning: Added loop label VITIS_LOOP_2922_14:   [xilinx-label-all-loops]
                                    for(int n=1; n<K_WIDTH; n++)
                                    ^~~
                                    VITIS_LOOP_2922_14: 
/home/user/Documents/kria-vitis-platforms/kv260/platforms/vivado/kv260_ispMipiRx_vcu_DP/project/kv260_ispMipiRx_vcu_DP.runs/bd_eab1_vsc_0_synth_1/prj/sol/.autopilot/db/v_vscaler.pp.0.cpp:36111:37: note: FIX-IT applied suggested code changes
/home/user/Documents/kria-vitis-platforms/kv260/platforms/vivado/kv260_ispMipiRx_vcu_DP/project/kv260_ispMipiRx_vcu_DP.runs/bd_eab1_vsc_0_synth_1/prj/sol/.autopilot/db/v_vscaler.pp.0.cpp:36118:33: warning: Added loop label VITIS_LOOP_2929_15:   [xilinx-label-all-loops]
                                for(int m=0; m<K_HEIGHT-1; m++)
                                ^~~
                                VITIS_LOOP_2929_15: 
/home/user/Documents/kria-vitis-platforms/kv260/platforms/vivado/kv260_ispMipiRx_vcu_DP/project/kv260_ispMipiRx_vcu_DP.runs/bd_eab1_vsc_0_synth_1/prj/sol/.autopilot/db/v_vscaler.pp.0.cpp:36118:33: note: FIX-IT applied suggested code changes
/home/user/Documents/kria-vitis-platforms/kv260/platforms/vivado/kv260_ispMipiRx_vcu_DP/project/kv260_ispMipiRx_vcu_DP.runs/bd_eab1_vsc_0_synth_1/prj/sol/.autopilot/db/v_vscaler.pp.0.cpp:36119:37: warning: Added loop label VITIS_LOOP_2930_16:   [xilinx-label-all-loops]
                                    for(int n=0; n<K_WIDTH; n++)
                                    ^~~
                                    VITIS_LOOP_2930_16: 
/home/user/Documents/kria-vitis-platforms/kv260/platforms/vivado/kv260_ispMipiRx_vcu_DP/project/kv260_ispMipiRx_vcu_DP.runs/bd_eab1_vsc_0_synth_1/prj/sol/.autopilot/db/v_vscaler.pp.0.cpp:36119:37: note: FIX-IT applied suggested code changes
/home/user/Documents/kria-vitis-platforms/kv260/platforms/vivado/kv260_ispMipiRx_vcu_DP/project/kv260_ispMipiRx_vcu_DP.runs/bd_eab1_vsc_0_synth_1/prj/sol/.autopilot/db/v_vscaler.pp.0.cpp:36125:33: warning: Added loop label VITIS_LOOP_2936_17:   [xilinx-label-all-loops]
                                for(int m=0; m<K_HEIGHT-1; m++)
                                ^~~
                                VITIS_LOOP_2936_17: 
/home/user/Documents/kria-vitis-platforms/kv260/platforms/vivado/kv260_ispMipiRx_vcu_DP/project/kv260_ispMipiRx_vcu_DP.runs/bd_eab1_vsc_0_synth_1/prj/sol/.autopilot/db/v_vscaler.pp.0.cpp:36125:33: note: FIX-IT applied suggested code changes
/home/user/Documents/kria-vitis-platforms/kv260/platforms/vivado/kv260_ispMipiRx_vcu_DP/project/kv260_ispMipiRx_vcu_DP.runs/bd_eab1_vsc_0_synth_1/prj/sol/.autopilot/db/v_vscaler.pp.0.cpp:36126:37: warning: Added loop label VITIS_LOOP_2937_18:   [xilinx-label-all-loops]
                                    for(int n=1; n<K_WIDTH; n++)
                                    ^~~
                                    VITIS_LOOP_2937_18: 
/home/user/Documents/kria-vitis-platforms/kv260/platforms/vivado/kv260_ispMipiRx_vcu_DP/project/kv260_ispMipiRx_vcu_DP.runs/bd_eab1_vsc_0_synth_1/prj/sol/.autopilot/db/v_vscaler.pp.0.cpp:36126:37: note: FIX-IT applied suggested code changes
/home/user/Documents/kria-vitis-platforms/kv260/platforms/vivado/kv260_ispMipiRx_vcu_DP/project/kv260_ispMipiRx_vcu_DP.runs/bd_eab1_vsc_0_synth_1/prj/sol/.autopilot/db/v_vscaler.pp.0.cpp:36209:21: warning: Added loop label VITIS_LOOP_3020_1:   [xilinx-label-all-loops]
                    for(int row= 0;row<K_HEIGHT;row++)
                    ^~~
                    VITIS_LOOP_3020_1: 
/home/user/Documents/kria-vitis-platforms/kv260/platforms/vivado/kv260_ispMipiRx_vcu_DP/project/kv260_ispMipiRx_vcu_DP.runs/bd_eab1_vsc_0_synth_1/prj/sol/.autopilot/db/v_vscaler.pp.0.cpp:36209:21: note: FIX-IT applied suggested code changes
/home/user/Documents/kria-vitis-platforms/kv260/platforms/vivado/kv260_ispMipiRx_vcu_DP/project/kv260_ispMipiRx_vcu_DP.runs/bd_eab1_vsc_0_synth_1/prj/sol/.autopilot/db/v_vscaler.pp.0.cpp:36210:25: warning: Added loop label VITIS_LOOP_3021_2:   [xilinx-label-all-loops]
                        for(int col= K_WIDTH-1;col>=1;col--)
                        ^~~
                        VITIS_LOOP_3021_2: 
/home/user/Documents/kria-vitis-platforms/kv260/platforms/vivado/kv260_ispMipiRx_vcu_DP/project/kv260_ispMipiRx_vcu_DP.runs/bd_eab1_vsc_0_synth_1/prj/sol/.autopilot/db/v_vscaler.pp.0.cpp:36210:25: note: FIX-IT applied suggested code changes
/home/user/Documents/kria-vitis-platforms/kv260/platforms/vivado/kv260_ispMipiRx_vcu_DP/project/kv260_ispMipiRx_vcu_DP.runs/bd_eab1_vsc_0_synth_1/prj/sol/.autopilot/db/v_vscaler.pp.0.cpp:36213:21: warning: Added loop label VITIS_LOOP_3024_3:   [xilinx-label-all-loops]
                    for(int buf_row = 0; buf_row < K_HEIGHT; buf_row++)
                    ^~~
                    VITIS_LOOP_3024_3: 
/home/user/Documents/kria-vitis-platforms/kv260/platforms/vivado/kv260_ispMipiRx_vcu_DP/project/kv260_ispMipiRx_vcu_DP.runs/bd_eab1_vsc_0_synth_1/prj/sol/.autopilot/db/v_vscaler.pp.0.cpp:36213:21: note: FIX-IT applied suggested code changes
/home/user/Documents/kria-vitis-platforms/kv260/platforms/vivado/kv260_ispMipiRx_vcu_DP/project/kv260_ispMipiRx_vcu_DP.runs/bd_eab1_vsc_0_synth_1/prj/sol/.autopilot/db/v_vscaler.pp.0.cpp:36230:29: warning: Added loop label VITIS_LOOP_3041_4:   [xilinx-label-all-loops]
                            for(int buf_row= K_HEIGHT-1;buf_row >= 1;buf_row--)
                            ^~~
                            VITIS_LOOP_3041_4: 
/home/user/Documents/kria-vitis-platforms/kv260/platforms/vivado/kv260_ispMipiRx_vcu_DP/project/kv260_ispMipiRx_vcu_DP.runs/bd_eab1_vsc_0_synth_1/prj/sol/.autopilot/db/v_vscaler.pp.0.cpp:36230:29: note: FIX-IT applied suggested code changes
/home/user/Documents/kria-vitis-platforms/kv260/platforms/vivado/kv260_ispMipiRx_vcu_DP/project/kv260_ispMipiRx_vcu_DP.runs/bd_eab1_vsc_0_synth_1/prj/sol/.autopilot/db/v_vscaler.pp.0.cpp:36246:29: warning: Added loop label VITIS_LOOP_3057_5:   [xilinx-label-all-loops]
                            for(int buf_row = 0;buf_row < K_HEIGHT; buf_row++)
                            ^~~
                            VITIS_LOOP_3057_5: 
/home/user/Documents/kria-vitis-platforms/kv260/platforms/vivado/kv260_ispMipiRx_vcu_DP/project/kv260_ispMipiRx_vcu_DP.runs/bd_eab1_vsc_0_synth_1/prj/sol/.autopilot/db/v_vscaler.pp.0.cpp:36246:29: note: FIX-IT applied suggested code changes
/home/user/Documents/kria-vitis-platforms/kv260/platforms/vivado/kv260_ispMipiRx_vcu_DP/project/kv260_ispMipiRx_vcu_DP.runs/bd_eab1_vsc_0_synth_1/prj/sol/.autopilot/db/v_vscaler.pp.0.cpp:36253:29: warning: Added loop label VITIS_LOOP_3064_6:   [xilinx-label-all-loops]
                            for(int buf_row= 0;buf_row < K_HEIGHT; buf_row++)
                            ^~~
                            VITIS_LOOP_3064_6: 
/home/user/Documents/kria-vitis-platforms/kv260/platforms/vivado/kv260_ispMipiRx_vcu_DP/project/kv260_ispMipiRx_vcu_DP.runs/bd_eab1_vsc_0_synth_1/prj/sol/.autopilot/db/v_vscaler.pp.0.cpp:36253:29: note: FIX-IT applied suggested code changes
/home/user/Documents/kria-vitis-platforms/kv260/platforms/vivado/kv260_ispMipiRx_vcu_DP/project/kv260_ispMipiRx_vcu_DP.runs/bd_eab1_vsc_0_synth_1/prj/sol/.autopilot/db/v_vscaler.pp.0.cpp:36265:25: warning: Added loop label VITIS_LOOP_3076_7:   [xilinx-label-all-loops]
                        for(int buf_row= 0;buf_row<K_HEIGHT;buf_row++)
                        ^~~
                        VITIS_LOOP_3076_7: 
/home/user/Documents/kria-vitis-platforms/kv260/platforms/vivado/kv260_ispMipiRx_vcu_DP/project/kv260_ispMipiRx_vcu_DP.runs/bd_eab1_vsc_0_synth_1/prj/sol/.autopilot/db/v_vscaler.pp.0.cpp:36265:25: note: FIX-IT applied suggested code changes
/home/user/Documents/kria-vitis-platforms/kv260/platforms/vivado/kv260_ispMipiRx_vcu_DP/project/kv260_ispMipiRx_vcu_DP.runs/bd_eab1_vsc_0_synth_1/prj/sol/.autopilot/db/v_vscaler.pp.0.cpp:36284:29: warning: Added loop label VITIS_LOOP_3095_8:   [xilinx-label-all-loops]
                            for(int m=0; m<K_HEIGHT; m++)
                            ^~~
                            VITIS_LOOP_3095_8: 
/home/user/Documents/kria-vitis-platforms/kv260/platforms/vivado/kv260_ispMipiRx_vcu_DP/project/kv260_ispMipiRx_vcu_DP.runs/bd_eab1_vsc_0_synth_1/prj/sol/.autopilot/db/v_vscaler.pp.0.cpp:36284:29: note: FIX-IT applied suggested code changes
/home/user/Documents/kria-vitis-platforms/kv260/platforms/vivado/kv260_ispMipiRx_vcu_DP/project/kv260_ispMipiRx_vcu_DP.runs/bd_eab1_vsc_0_synth_1/prj/sol/.autopilot/db/v_vscaler.pp.0.cpp:36285:33: warning: Added loop label VITIS_LOOP_3096_9:   [xilinx-label-all-loops]
                                for(int n=0; n<K_WIDTH; n++)
                                ^~~
                                VITIS_LOOP_3096_9: 
/home/user/Documents/kria-vitis-platforms/kv260/platforms/vivado/kv260_ispMipiRx_vcu_DP/project/kv260_ispMipiRx_vcu_DP.runs/bd_eab1_vsc_0_synth_1/prj/sol/.autopilot/db/v_vscaler.pp.0.cpp:36285:33: note: FIX-IT applied suggested code changes
/home/user/Documents/kria-vitis-platforms/kv260/platforms/vivado/kv260_ispMipiRx_vcu_DP/project/kv260_ispMipiRx_vcu_DP.runs/bd_eab1_vsc_0_synth_1/prj/sol/.autopilot/db/v_vscaler.pp.0.cpp:36333:5: warning: Added loop label VITIS_LOOP_63_1:   [xilinx-label-all-loops]
    for(int i=0;i<NUM_STATES;i++) {
    ^~~
    VITIS_LOOP_63_1: 
/home/user/Documents/kria-vitis-platforms/kv260/platforms/vivado/kv260_ispMipiRx_vcu_DP/project/kv260_ispMipiRx_vcu_DP.runs/bd_eab1_vsc_0_synth_1/prj/sol/.autopilot/db/v_vscaler.pp.0.cpp:36333:5: note: FIX-IT applied suggested code changes
/home/user/Documents/kria-vitis-platforms/kv260/platforms/vivado/kv260_ispMipiRx_vcu_DP/project/kv260_ispMipiRx_vcu_DP.runs/bd_eab1_vsc_0_synth_1/prj/sol/.autopilot/db/v_vscaler.pp.0.cpp:36339:5: warning: Added loop label VITIS_LOOP_69_2:   [xilinx-label-all-loops]
    for(int i=0;i<N;i++)
    ^~~
    VITIS_LOOP_69_2: 
/home/user/Documents/kria-vitis-platforms/kv260/platforms/vivado/kv260_ispMipiRx_vcu_DP/project/kv260_ispMipiRx_vcu_DP.runs/bd_eab1_vsc_0_synth_1/prj/sol/.autopilot/db/v_vscaler.pp.0.cpp:36339:5: note: FIX-IT applied suggested code changes
/home/user/Documents/kria-vitis-platforms/kv260/platforms/vivado/kv260_ispMipiRx_vcu_DP/project/kv260_ispMipiRx_vcu_DP.runs/bd_eab1_vsc_0_synth_1/prj/sol/.autopilot/db/v_vscaler.pp.0.cpp:36360:13: warning: Added loop label VITIS_LOOP_90_3:   [xilinx-label-all-loops]
            for (int m=0; m<NUM_STATES; m++) {
            ^~~
            VITIS_LOOP_90_3: 
/home/user/Documents/kria-vitis-platforms/kv260/platforms/vivado/kv260_ispMipiRx_vcu_DP/project/kv260_ispMipiRx_vcu_DP.runs/bd_eab1_vsc_0_synth_1/prj/sol/.autopilot/db/v_vscaler.pp.0.cpp:36360:13: note: FIX-IT applied suggested code changes
/home/user/Documents/kria-vitis-platforms/kv260/platforms/vivado/kv260_ispMipiRx_vcu_DP/project/kv260_ispMipiRx_vcu_DP.runs/bd_eab1_vsc_0_synth_1/prj/sol/.autopilot/db/v_vscaler.pp.0.cpp:36372:13: warning: Added loop label VITIS_LOOP_102_4:   [xilinx-label-all-loops]
            for (int m=NUM_STATES-1; m>0; m--) {
            ^~~
            VITIS_LOOP_102_4: 
/home/user/Documents/kria-vitis-platforms/kv260/platforms/vivado/kv260_ispMipiRx_vcu_DP/project/kv260_ispMipiRx_vcu_DP.runs/bd_eab1_vsc_0_synth_1/prj/sol/.autopilot/db/v_vscaler.pp.0.cpp:36372:13: note: FIX-IT applied suggested code changes
/home/user/Documents/kria-vitis-platforms/kv260/platforms/vivado/kv260_ispMipiRx_vcu_DP/project/kv260_ispMipiRx_vcu_DP.runs/bd_eab1_vsc_0_synth_1/prj/sol/.autopilot/db/v_vscaler.pp.0.cpp:36412:5: warning: Added loop label VITIS_LOOP_142_5:   [xilinx-label-all-loops]
    for (int m=0; m<NUM_STATES/2; m++) {
    ^~~
    VITIS_LOOP_142_5: 
/home/user/Documents/kria-vitis-platforms/kv260/platforms/vivado/kv260_ispMipiRx_vcu_DP/project/kv260_ispMipiRx_vcu_DP.runs/bd_eab1_vsc_0_synth_1/prj/sol/.autopilot/db/v_vscaler.pp.0.cpp:36412:5: note: FIX-IT applied suggested code changes
/home/user/Documents/kria-vitis-platforms/kv260/platforms/vivado/kv260_ispMipiRx_vcu_DP/project/kv260_ispMipiRx_vcu_DP.runs/bd_eab1_vsc_0_synth_1/prj/sol/.autopilot/db/v_vscaler.pp.0.cpp:36471:5: warning: Added loop label VITIS_LOOP_55_1:   [xilinx-label-all-loops]
    for(int index=0;index<K;index++) {
    ^~~
    VITIS_LOOP_55_1: 
/home/user/Documents/kria-vitis-platforms/kv260/platforms/vivado/kv260_ispMipiRx_vcu_DP/project/kv260_ispMipiRx_vcu_DP.runs/bd_eab1_vsc_0_synth_1/prj/sol/.autopilot/db/v_vscaler.pp.0.cpp:36471:5: note: FIX-IT applied suggested code changes
/home/user/Documents/kria-vitis-platforms/kv260/platforms/vivado/kv260_ispMipiRx_vcu_DP/project/kv260_ispMipiRx_vcu_DP.runs/bd_eab1_vsc_0_synth_1/prj/sol/.autopilot/db/v_vscaler.pp.0.cpp:36520:9: warning: Added loop label VITIS_LOOP_104_1:   [xilinx-label-all-loops]
        for(int i=0;i<NUM-1;i++) {
        ^~~
        VITIS_LOOP_104_1: 
/home/user/Documents/kria-vitis-platforms/kv260/platforms/vivado/kv260_ispMipiRx_vcu_DP/project/kv260_ispMipiRx_vcu_DP.runs/bd_eab1_vsc_0_synth_1/prj/sol/.autopilot/db/v_vscaler.pp.0.cpp:36520:9: note: FIX-IT applied suggested code changes
/home/user/Documents/kria-vitis-platforms/kv260/platforms/vivado/kv260_ispMipiRx_vcu_DP/project/kv260_ispMipiRx_vcu_DP.runs/bd_eab1_vsc_0_synth_1/prj/sol/.autopilot/db/v_vscaler.pp.0.cpp:36524:9: warning: Added loop label VITIS_LOOP_108_2:   [xilinx-label-all-loops]
        for(int i=0;i<NUM-3;i++) {
        ^~~
        VITIS_LOOP_108_2: 
/home/user/Documents/kria-vitis-platforms/kv260/platforms/vivado/kv260_ispMipiRx_vcu_DP/project/kv260_ispMipiRx_vcu_DP.runs/bd_eab1_vsc_0_synth_1/prj/sol/.autopilot/db/v_vscaler.pp.0.cpp:36524:9: note: FIX-IT applied suggested code changes
/home/user/Documents/kria-vitis-platforms/kv260/platforms/vivado/kv260_ispMipiRx_vcu_DP/project/kv260_ispMipiRx_vcu_DP.runs/bd_eab1_vsc_0_synth_1/prj/sol/.autopilot/db/v_vscaler.pp.0.cpp:36529:9: warning: Added loop label VITIS_LOOP_113_3:   [xilinx-label-all-loops]
        for(int i=0;i<NUM-7;i++) {
        ^~~
        VITIS_LOOP_113_3: 
/home/user/Documents/kria-vitis-platforms/kv260/platforms/vivado/kv260_ispMipiRx_vcu_DP/project/kv260_ispMipiRx_vcu_DP.runs/bd_eab1_vsc_0_synth_1/prj/sol/.autopilot/db/v_vscaler.pp.0.cpp:36529:9: note: FIX-IT applied suggested code changes
/home/user/Documents/kria-vitis-platforms/kv260/platforms/vivado/kv260_ispMipiRx_vcu_DP/project/kv260_ispMipiRx_vcu_DP.runs/bd_eab1_vsc_0_synth_1/prj/sol/.autopilot/db/v_vscaler.pp.0.cpp:36540:5: warning: Added loop label VITIS_LOOP_124_4:   [xilinx-label-all-loops]
    for(int i=0;i<PSize;i+=2) {
    ^~~
    VITIS_LOOP_124_4: 
/home/user/Documents/kria-vitis-platforms/kv260/platforms/vivado/kv260_ispMipiRx_vcu_DP/project/kv260_ispMipiRx_vcu_DP.runs/bd_eab1_vsc_0_synth_1/prj/sol/.autopilot/db/v_vscaler.pp.0.cpp:36540:5: note: FIX-IT applied suggested code changes
/home/user/Documents/kria-vitis-platforms/kv260/platforms/vivado/kv260_ispMipiRx_vcu_DP/project/kv260_ispMipiRx_vcu_DP.runs/bd_eab1_vsc_0_synth_1/prj/sol/.autopilot/db/v_vscaler.pp.0.cpp:36545:13: warning: Added loop label VITIS_LOOP_129_5:   [xilinx-label-all-loops]
            for(int j=1;j<PSize/2+1;j++) {
            ^~~
            VITIS_LOOP_129_5: 
/home/user/Documents/kria-vitis-platforms/kv260/platforms/vivado/kv260_ispMipiRx_vcu_DP/project/kv260_ispMipiRx_vcu_DP.runs/bd_eab1_vsc_0_synth_1/prj/sol/.autopilot/db/v_vscaler.pp.0.cpp:36545:13: note: FIX-IT applied suggested code changes
/home/user/Documents/kria-vitis-platforms/kv260/platforms/vivado/kv260_ispMipiRx_vcu_DP/project/kv260_ispMipiRx_vcu_DP.runs/bd_eab1_vsc_0_synth_1/prj/sol/.autopilot/db/v_vscaler.pp.0.cpp:36553:5: warning: Added loop label VITIS_LOOP_137_6:   [xilinx-label-all-loops]
    for(int i=0;i<PSize;i+=2) {
    ^~~
    VITIS_LOOP_137_6: 
/home/user/Documents/kria-vitis-platforms/kv260/platforms/vivado/kv260_ispMipiRx_vcu_DP/project/kv260_ispMipiRx_vcu_DP.runs/bd_eab1_vsc_0_synth_1/prj/sol/.autopilot/db/v_vscaler.pp.0.cpp:36553:5: note: FIX-IT applied suggested code changes
/home/user/Documents/kria-vitis-platforms/kv260/platforms/vivado/kv260_ispMipiRx_vcu_DP/project/kv260_ispMipiRx_vcu_DP.runs/bd_eab1_vsc_0_synth_1/prj/sol/.autopilot/db/v_vscaler.pp.0.cpp:36558:13: warning: Added loop label VITIS_LOOP_142_7:   [xilinx-label-all-loops]
            for(int j=1;j<PSize/2+1;j++) {
            ^~~
            VITIS_LOOP_142_7: 
/home/user/Documents/kria-vitis-platforms/kv260/platforms/vivado/kv260_ispMipiRx_vcu_DP/project/kv260_ispMipiRx_vcu_DP.runs/bd_eab1_vsc_0_synth_1/prj/sol/.autopilot/db/v_vscaler.pp.0.cpp:36558:13: note: FIX-IT applied suggested code changes
/home/user/Documents/kria-vitis-platforms/kv260/platforms/vivado/kv260_ispMipiRx_vcu_DP/project/kv260_ispMipiRx_vcu_DP.runs/bd_eab1_vsc_0_synth_1/prj/sol/.autopilot/db/v_vscaler.pp.0.cpp:36584:5: warning: Added loop label VITIS_LOOP_168_1:   [xilinx-label-all-loops]
    for(int c=1;c<PSize+PSize/2+1;c++)
    ^~~
    VITIS_LOOP_168_1: 
/home/user/Documents/kria-vitis-platforms/kv260/platforms/vivado/kv260_ispMipiRx_vcu_DP/project/kv260_ispMipiRx_vcu_DP.runs/bd_eab1_vsc_0_synth_1/prj/sol/.autopilot/db/v_vscaler.pp.0.cpp:36584:5: note: FIX-IT applied suggested code changes
/home/user/Documents/kria-vitis-platforms/kv260/platforms/vivado/kv260_ispMipiRx_vcu_DP/project/kv260_ispMipiRx_vcu_DP.runs/bd_eab1_vsc_0_synth_1/prj/sol/.autopilot/db/v_vscaler.pp.0.cpp:36611:5: warning: Added loop label VITIS_LOOP_195_1:   [xilinx-label-all-loops]
    for(int k=0;k<3;k++) {
    ^~~
    VITIS_LOOP_195_1: 
/home/user/Documents/kria-vitis-platforms/kv260/platforms/vivado/kv260_ispMipiRx_vcu_DP/project/kv260_ispMipiRx_vcu_DP.runs/bd_eab1_vsc_0_synth_1/prj/sol/.autopilot/db/v_vscaler.pp.0.cpp:36611:5: note: FIX-IT applied suggested code changes
/home/user/Documents/kria-vitis-platforms/kv260/platforms/vivado/kv260_ispMipiRx_vcu_DP/project/kv260_ispMipiRx_vcu_DP.runs/bd_eab1_vsc_0_synth_1/prj/sol/.autopilot/db/v_vscaler.pp.0.cpp:36617:5: warning: Added loop label VITIS_LOOP_201_2:   [xilinx-label-all-loops]
    for(int k=0;k<3;k++) {
    ^~~
    VITIS_LOOP_201_2: 
/home/user/Documents/kria-vitis-platforms/kv260/platforms/vivado/kv260_ispMipiRx_vcu_DP/project/kv260_ispMipiRx_vcu_DP.runs/bd_eab1_vsc_0_synth_1/prj/sol/.autopilot/db/v_vscaler.pp.0.cpp:36617:5: note: FIX-IT applied suggested code changes
/home/user/Documents/kria-vitis-platforms/kv260/platforms/vivado/kv260_ispMipiRx_vcu_DP/project/kv260_ispMipiRx_vcu_DP.runs/bd_eab1_vsc_0_synth_1/prj/sol/.autopilot/db/v_vscaler.pp.0.cpp:36666:17: warning: Added loop label VITIS_LOOP_250_1:   [xilinx-label-all-loops]
                for(int r= 0;r<KERNEL_SIZE;r++) {
                ^~~
                VITIS_LOOP_250_1: 
/home/user/Documents/kria-vitis-platforms/kv260/platforms/vivado/kv260_ispMipiRx_vcu_DP/project/kv260_ispMipiRx_vcu_DP.runs/bd_eab1_vsc_0_synth_1/prj/sol/.autopilot/db/v_vscaler.pp.0.cpp:36666:17: note: FIX-IT applied suggested code changes
/home/user/Documents/kria-vitis-platforms/kv260/platforms/vivado/kv260_ispMipiRx_vcu_DP/project/kv260_ispMipiRx_vcu_DP.runs/bd_eab1_vsc_0_synth_1/prj/sol/.autopilot/db/v_vscaler.pp.0.cpp:36667:21: warning: Added loop label VITIS_LOOP_251_2:   [xilinx-label-all-loops]
                    for(int c=0;c<KERNEL_SIZE-1;c++) {
                    ^~~
                    VITIS_LOOP_251_2: 
/home/user/Documents/kria-vitis-platforms/kv260/platforms/vivado/kv260_ispMipiRx_vcu_DP/project/kv260_ispMipiRx_vcu_DP.runs/bd_eab1_vsc_0_synth_1/prj/sol/.autopilot/db/v_vscaler.pp.0.cpp:36667:21: note: FIX-IT applied suggested code changes
/home/user/Documents/kria-vitis-platforms/kv260/platforms/vivado/kv260_ispMipiRx_vcu_DP/project/kv260_ispMipiRx_vcu_DP.runs/bd_eab1_vsc_0_synth_1/prj/sol/.autopilot/db/v_vscaler.pp.0.cpp:36672:17: warning: Added loop label VITIS_LOOP_256_3:   [xilinx-label-all-loops]
                for(int buf_row= 1;buf_row< KERNEL_SIZE-1;buf_row++) {
                ^~~
                VITIS_LOOP_256_3: 
/home/user/Documents/kria-vitis-platforms/kv260/platforms/vivado/kv260_ispMipiRx_vcu_DP/project/kv260_ispMipiRx_vcu_DP.runs/bd_eab1_vsc_0_synth_1/prj/sol/.autopilot/db/v_vscaler.pp.0.cpp:36672:17: note: FIX-IT applied suggested code changes
/home/user/Documents/kria-vitis-platforms/kv260/platforms/vivado/kv260_ispMipiRx_vcu_DP/project/kv260_ispMipiRx_vcu_DP.runs/bd_eab1_vsc_0_synth_1/prj/sol/.autopilot/db/v_vscaler.pp.0.cpp:36682:13: warning: Added loop label VITIS_LOOP_266_4:   [xilinx-label-all-loops]
            for(int r= 0;r<3;r++)
            ^~~
            VITIS_LOOP_266_4: 
/home/user/Documents/kria-vitis-platforms/kv260/platforms/vivado/kv260_ispMipiRx_vcu_DP/project/kv260_ispMipiRx_vcu_DP.runs/bd_eab1_vsc_0_synth_1/prj/sol/.autopilot/db/v_vscaler.pp.0.cpp:36682:13: note: FIX-IT applied suggested code changes
/home/user/Documents/kria-vitis-platforms/kv260/platforms/vivado/kv260_ispMipiRx_vcu_DP/project/kv260_ispMipiRx_vcu_DP.runs/bd_eab1_vsc_0_synth_1/prj/sol/.autopilot/db/v_vscaler.pp.0.cpp:36684:17: warning: Added loop label VITIS_LOOP_268_5:   [xilinx-label-all-loops]
                for(int c=0;c<3-1;c++)
                ^~~
                VITIS_LOOP_268_5: 
/home/user/Documents/kria-vitis-platforms/kv260/platforms/vivado/kv260_ispMipiRx_vcu_DP/project/kv260_ispMipiRx_vcu_DP.runs/bd_eab1_vsc_0_synth_1/prj/sol/.autopilot/db/v_vscaler.pp.0.cpp:36684:17: note: FIX-IT applied suggested code changes
/home/user/Documents/kria-vitis-platforms/kv260/platforms/vivado/kv260_ispMipiRx_vcu_DP/project/kv260_ispMipiRx_vcu_DP.runs/bd_eab1_vsc_0_synth_1/prj/sol/.autopilot/db/v_vscaler.pp.0.cpp:36690:13: warning: Added loop label VITIS_LOOP_274_6:   [xilinx-label-all-loops]
            for(int buf_row= 1;buf_row< 3-1;buf_row++)
            ^~~
            VITIS_LOOP_274_6: 
/home/user/Documents/kria-vitis-platforms/kv260/platforms/vivado/kv260_ispMipiRx_vcu_DP/project/kv260_ispMipiRx_vcu_DP.runs/bd_eab1_vsc_0_synth_1/prj/sol/.autopilot/db/v_vscaler.pp.0.cpp:36690:13: note: FIX-IT applied suggested code changes
/home/user/Documents/kria-vitis-platforms/kv260/platforms/vivado/kv260_ispMipiRx_vcu_DP/project/kv260_ispMipiRx_vcu_DP.runs/bd_eab1_vsc_0_synth_1/prj/sol/.autopilot/db/v_vscaler.pp.0.cpp:36782:17: warning: Added loop label VITIS_LOOP_366_1:   [xilinx-label-all-loops]
                for(int r= 0;r<KERNEL_SIZE;r++) {
                ^~~
                VITIS_LOOP_366_1: 
/home/user/Documents/kria-vitis-platforms/kv260/platforms/vivado/kv260_ispMipiRx_vcu_DP/project/kv260_ispMipiRx_vcu_DP.runs/bd_eab1_vsc_0_synth_1/prj/sol/.autopilot/db/v_vscaler.pp.0.cpp:36782:17: note: FIX-IT applied suggested code changes
/home/user/Documents/kria-vitis-platforms/kv260/platforms/vivado/kv260_ispMipiRx_vcu_DP/project/kv260_ispMipiRx_vcu_DP.runs/bd_eab1_vsc_0_synth_1/prj/sol/.autopilot/db/v_vscaler.pp.0.cpp:36783:21: warning: Added loop label VITIS_LOOP_367_2:   [xilinx-label-all-loops]
                    for(int c=0;c<KERNEL_SIZE-1;c++) {
                    ^~~
                    VITIS_LOOP_367_2: 
/home/user/Documents/kria-vitis-platforms/kv260/platforms/vivado/kv260_ispMipiRx_vcu_DP/project/kv260_ispMipiRx_vcu_DP.runs/bd_eab1_vsc_0_synth_1/prj/sol/.autopilot/db/v_vscaler.pp.0.cpp:36783:21: note: FIX-IT applied suggested code changes
/home/user/Documents/kria-vitis-platforms/kv260/platforms/vivado/kv260_ispMipiRx_vcu_DP/project/kv260_ispMipiRx_vcu_DP.runs/bd_eab1_vsc_0_synth_1/prj/sol/.autopilot/db/v_vscaler.pp.0.cpp:36788:17: warning: Added loop label VITIS_LOOP_372_3:   [xilinx-label-all-loops]
                for(int buf_row= 1;buf_row< KERNEL_SIZE-1;buf_row++) {
                ^~~
                VITIS_LOOP_372_3: 
/home/user/Documents/kria-vitis-platforms/kv260/platforms/vivado/kv260_ispMipiRx_vcu_DP/project/kv260_ispMipiRx_vcu_DP.runs/bd_eab1_vsc_0_synth_1/prj/sol/.autopilot/db/v_vscaler.pp.0.cpp:36788:17: note: FIX-IT applied suggested code changes
/home/user/Documents/kria-vitis-platforms/kv260/platforms/vivado/kv260_ispMipiRx_vcu_DP/project/kv260_ispMipiRx_vcu_DP.runs/bd_eab1_vsc_0_synth_1/prj/sol/.autopilot/db/v_vscaler.pp.0.cpp:36798:13: warning: Added loop label VITIS_LOOP_382_4:   [xilinx-label-all-loops]
            for(int r= 0;r<3;r++)
            ^~~
            VITIS_LOOP_382_4: 
/home/user/Documents/kria-vitis-platforms/kv260/platforms/vivado/kv260_ispMipiRx_vcu_DP/project/kv260_ispMipiRx_vcu_DP.runs/bd_eab1_vsc_0_synth_1/prj/sol/.autopilot/db/v_vscaler.pp.0.cpp:36798:13: note: FIX-IT applied suggested code changes
/home/user/Documents/kria-vitis-platforms/kv260/platforms/vivado/kv260_ispMipiRx_vcu_DP/project/kv260_ispMipiRx_vcu_DP.runs/bd_eab1_vsc_0_synth_1/prj/sol/.autopilot/db/v_vscaler.pp.0.cpp:36800:17: warning: Added loop label VITIS_LOOP_384_5:   [xilinx-label-all-loops]
                for(int c=0;c<3-1;c++)
                ^~~
                VITIS_LOOP_384_5: 
/home/user/Documents/kria-vitis-platforms/kv260/platforms/vivado/kv260_ispMipiRx_vcu_DP/project/kv260_ispMipiRx_vcu_DP.runs/bd_eab1_vsc_0_synth_1/prj/sol/.autopilot/db/v_vscaler.pp.0.cpp:36800:17: note: FIX-IT applied suggested code changes
/home/user/Documents/kria-vitis-platforms/kv260/platforms/vivado/kv260_ispMipiRx_vcu_DP/project/kv260_ispMipiRx_vcu_DP.runs/bd_eab1_vsc_0_synth_1/prj/sol/.autopilot/db/v_vscaler.pp.0.cpp:36806:13: warning: Added loop label VITIS_LOOP_390_6:   [xilinx-label-all-loops]
            for(int buf_row= 1;buf_row< 3-1;buf_row++)
            ^~~
            VITIS_LOOP_390_6: 
/home/user/Documents/kria-vitis-platforms/kv260/platforms/vivado/kv260_ispMipiRx_vcu_DP/project/kv260_ispMipiRx_vcu_DP.runs/bd_eab1_vsc_0_synth_1/prj/sol/.autopilot/db/v_vscaler.pp.0.cpp:36806:13: note: FIX-IT applied suggested code changes
/home/user/Documents/kria-vitis-platforms/kv260/platforms/vivado/kv260_ispMipiRx_vcu_DP/project/kv260_ispMipiRx_vcu_DP.runs/bd_eab1_vsc_0_synth_1/prj/sol/.autopilot/db/v_vscaler.pp.0.cpp:36917:5: warning: Added loop label VITIS_LOOP_90_1:   [xilinx-label-all-loops]
    for (int i = 0; i < N; i++)
    ^~~
    VITIS_LOOP_90_1: 
/home/user/Documents/kria-vitis-platforms/kv260/platforms/vivado/kv260_ispMipiRx_vcu_DP/project/kv260_ispMipiRx_vcu_DP.runs/bd_eab1_vsc_0_synth_1/prj/sol/.autopilot/db/v_vscaler.pp.0.cpp:36917:5: note: FIX-IT applied suggested code changes
/home/user/Documents/kria-vitis-platforms/kv260/platforms/vivado/kv260_ispMipiRx_vcu_DP/project/kv260_ispMipiRx_vcu_DP.runs/bd_eab1_vsc_0_synth_1/prj/sol/.autopilot/db/v_vscaler.pp.0.cpp:36921:5: warning: Added loop label VITIS_LOOP_94_2:   [xilinx-label-all-loops]
    for (int i = 0; i < N; i++) {
    ^~~
    VITIS_LOOP_94_2: 
/home/user/Documents/kria-vitis-platforms/kv260/platforms/vivado/kv260_ispMipiRx_vcu_DP/project/kv260_ispMipiRx_vcu_DP.runs/bd_eab1_vsc_0_synth_1/prj/sol/.autopilot/db/v_vscaler.pp.0.cpp:36921:5: note: FIX-IT applied suggested code changes
/home/user/Documents/kria-vitis-platforms/kv260/platforms/vivado/kv260_ispMipiRx_vcu_DP/project/kv260_ispMipiRx_vcu_DP.runs/bd_eab1_vsc_0_synth_1/prj/sol/.autopilot/db/v_vscaler.pp.0.cpp:36923:9: warning: Added loop label VITIS_LOOP_96_3:   [xilinx-label-all-loops]
        for (int j = 0; j < N; j++) {
        ^~~
        VITIS_LOOP_96_3: 
/home/user/Documents/kria-vitis-platforms/kv260/platforms/vivado/kv260_ispMipiRx_vcu_DP/project/kv260_ispMipiRx_vcu_DP.runs/bd_eab1_vsc_0_synth_1/prj/sol/.autopilot/db/v_vscaler.pp.0.cpp:36923:9: note: FIX-IT applied suggested code changes
/home/user/Documents/kria-vitis-platforms/kv260/platforms/vivado/kv260_ispMipiRx_vcu_DP/project/kv260_ispMipiRx_vcu_DP.runs/bd_eab1_vsc_0_synth_1/prj/sol/.autopilot/db/v_vscaler.pp.0.cpp:36929:5: warning: Added loop label VITIS_LOOP_102_4:   [xilinx-label-all-loops]
    for (int j = 0; j < N; j++) {
    ^~~
    VITIS_LOOP_102_4: 
/home/user/Documents/kria-vitis-platforms/kv260/platforms/vivado/kv260_ispMipiRx_vcu_DP/project/kv260_ispMipiRx_vcu_DP.runs/bd_eab1_vsc_0_synth_1/prj/sol/.autopilot/db/v_vscaler.pp.0.cpp:36929:5: note: FIX-IT applied suggested code changes
/home/user/Documents/kria-vitis-platforms/kv260/platforms/vivado/kv260_ispMipiRx_vcu_DP/project/kv260_ispMipiRx_vcu_DP.runs/bd_eab1_vsc_0_synth_1/prj/sol/.autopilot/db/v_vscaler.pp.0.cpp:36930:9: warning: Added loop label VITIS_LOOP_103_5:   [xilinx-label-all-loops]
        for (int i = 0; i < j; i++) {
        ^~~
        VITIS_LOOP_103_5: 
/home/user/Documents/kria-vitis-platforms/kv260/platforms/vivado/kv260_ispMipiRx_vcu_DP/project/kv260_ispMipiRx_vcu_DP.runs/bd_eab1_vsc_0_synth_1/prj/sol/.autopilot/db/v_vscaler.pp.0.cpp:36930:9: note: FIX-IT applied suggested code changes
/home/user/Documents/kria-vitis-platforms/kv260/platforms/vivado/kv260_ispMipiRx_vcu_DP/project/kv260_ispMipiRx_vcu_DP.runs/bd_eab1_vsc_0_synth_1/prj/sol/.autopilot/db/v_vscaler.pp.0.cpp:36932:13: warning: Added loop label VITIS_LOOP_105_6:   [xilinx-label-all-loops]
            for (int k = 0; k < i; k++) sum -= A[i][k] * A[k][j];
            ^~~
            VITIS_LOOP_105_6: 
/home/user/Documents/kria-vitis-platforms/kv260/platforms/vivado/kv260_ispMipiRx_vcu_DP/project/kv260_ispMipiRx_vcu_DP.runs/bd_eab1_vsc_0_synth_1/prj/sol/.autopilot/db/v_vscaler.pp.0.cpp:36932:13: note: FIX-IT applied suggested code changes
/home/user/Documents/kria-vitis-platforms/kv260/platforms/vivado/kv260_ispMipiRx_vcu_DP/project/kv260_ispMipiRx_vcu_DP.runs/bd_eab1_vsc_0_synth_1/prj/sol/.autopilot/db/v_vscaler.pp.0.cpp:36936:9: warning: Added loop label VITIS_LOOP_109_7:   [xilinx-label-all-loops]
        for (int i = j; i < N; i++) {
        ^~~
        VITIS_LOOP_109_7: 
/home/user/Documents/kria-vitis-platforms/kv260/platforms/vivado/kv260_ispMipiRx_vcu_DP/project/kv260_ispMipiRx_vcu_DP.runs/bd_eab1_vsc_0_synth_1/prj/sol/.autopilot/db/v_vscaler.pp.0.cpp:36936:9: note: FIX-IT applied suggested code changes
/home/user/Documents/kria-vitis-platforms/kv260/platforms/vivado/kv260_ispMipiRx_vcu_DP/project/kv260_ispMipiRx_vcu_DP.runs/bd_eab1_vsc_0_synth_1/prj/sol/.autopilot/db/v_vscaler.pp.0.cpp:36938:13: warning: Added loop label VITIS_LOOP_111_8:   [xilinx-label-all-loops]
            for (int k = 0; k < j; k++) sum -= A[i][k] * A[k][j];
            ^~~
            VITIS_LOOP_111_8: 
/home/user/Documents/kria-vitis-platforms/kv260/platforms/vivado/kv260_ispMipiRx_vcu_DP/project/kv260_ispMipiRx_vcu_DP.runs/bd_eab1_vsc_0_synth_1/prj/sol/.autopilot/db/v_vscaler.pp.0.cpp:36938:13: note: FIX-IT applied suggested code changes
/home/user/Documents/kria-vitis-platforms/kv260/platforms/vivado/kv260_ispMipiRx_vcu_DP/project/kv260_ispMipiRx_vcu_DP.runs/bd_eab1_vsc_0_synth_1/prj/sol/.autopilot/db/v_vscaler.pp.0.cpp:36947:13: warning: Added loop label VITIS_LOOP_120_9:   [xilinx-label-all-loops]
            for (int i = 0; i < N; i++) {
            ^~~
            VITIS_LOOP_120_9: 
/home/user/Documents/kria-vitis-platforms/kv260/platforms/vivado/kv260_ispMipiRx_vcu_DP/project/kv260_ispMipiRx_vcu_DP.runs/bd_eab1_vsc_0_synth_1/prj/sol/.autopilot/db/v_vscaler.pp.0.cpp:36947:13: note: FIX-IT applied suggested code changes
/home/user/Documents/kria-vitis-platforms/kv260/platforms/vivado/kv260_ispMipiRx_vcu_DP/project/kv260_ispMipiRx_vcu_DP.runs/bd_eab1_vsc_0_synth_1/prj/sol/.autopilot/db/v_vscaler.pp.0.cpp:36959:13: warning: Added loop label VITIS_LOOP_132_10:   [xilinx-label-all-loops]
            for (int i = j + 1; i < N; i++) A[i][j] *= dum;
            ^~~
            VITIS_LOOP_132_10: 
/home/user/Documents/kria-vitis-platforms/kv260/platforms/vivado/kv260_ispMipiRx_vcu_DP/project/kv260_ispMipiRx_vcu_DP.runs/bd_eab1_vsc_0_synth_1/prj/sol/.autopilot/db/v_vscaler.pp.0.cpp:36959:13: note: FIX-IT applied suggested code changes
/home/user/Documents/kria-vitis-platforms/kv260/platforms/vivado/kv260_ispMipiRx_vcu_DP/project/kv260_ispMipiRx_vcu_DP.runs/bd_eab1_vsc_0_synth_1/prj/sol/.autopilot/db/v_vscaler.pp.0.cpp:36967:5: warning: Added loop label VITIS_LOOP_140_1:   [xilinx-label-all-loops]
    for (int i = 0; i < N; i++) {
    ^~~
    VITIS_LOOP_140_1: 
/home/user/Documents/kria-vitis-platforms/kv260/platforms/vivado/kv260_ispMipiRx_vcu_DP/project/kv260_ispMipiRx_vcu_DP.runs/bd_eab1_vsc_0_synth_1/prj/sol/.autopilot/db/v_vscaler.pp.0.cpp:36967:5: note: FIX-IT applied suggested code changes
/home/user/Documents/kria-vitis-platforms/kv260/platforms/vivado/kv260_ispMipiRx_vcu_DP/project/kv260_ispMipiRx_vcu_DP.runs/bd_eab1_vsc_0_synth_1/prj/sol/.autopilot/db/v_vscaler.pp.0.cpp:36976:13: warning: Added loop label VITIS_LOOP_149_2:   [xilinx-label-all-loops]
            for (int j = ii - 1; j < i; j++) sum -= A[i][j] * b[j];
            ^~~
            VITIS_LOOP_149_2: 
/home/user/Documents/kria-vitis-platforms/kv260/platforms/vivado/kv260_ispMipiRx_vcu_DP/project/kv260_ispMipiRx_vcu_DP.runs/bd_eab1_vsc_0_synth_1/prj/sol/.autopilot/db/v_vscaler.pp.0.cpp:36976:13: note: FIX-IT applied suggested code changes
/home/user/Documents/kria-vitis-platforms/kv260/platforms/vivado/kv260_ispMipiRx_vcu_DP/project/kv260_ispMipiRx_vcu_DP.runs/bd_eab1_vsc_0_synth_1/prj/sol/.autopilot/db/v_vscaler.pp.0.cpp:36981:5: warning: Added loop label VITIS_LOOP_154_3:   [xilinx-label-all-loops]
    for (int i = N - 1; i >= 0; i--) {
    ^~~
    VITIS_LOOP_154_3: 
/home/user/Documents/kria-vitis-platforms/kv260/platforms/vivado/kv260_ispMipiRx_vcu_DP/project/kv260_ispMipiRx_vcu_DP.runs/bd_eab1_vsc_0_synth_1/prj/sol/.autopilot/db/v_vscaler.pp.0.cpp:36981:5: note: FIX-IT applied suggested code changes
/home/user/Documents/kria-vitis-platforms/kv260/platforms/vivado/kv260_ispMipiRx_vcu_DP/project/kv260_ispMipiRx_vcu_DP.runs/bd_eab1_vsc_0_synth_1/prj/sol/.autopilot/db/v_vscaler.pp.0.cpp:36983:9: warning: Added loop label VITIS_LOOP_156_4:   [xilinx-label-all-loops]
        for (int j = i + 1; j < N; j++) sum -= A[i][j]*b[j];
        ^~~
        VITIS_LOOP_156_4: 
/home/user/Documents/kria-vitis-platforms/kv260/platforms/vivado/kv260_ispMipiRx_vcu_DP/project/kv260_ispMipiRx_vcu_DP.runs/bd_eab1_vsc_0_synth_1/prj/sol/.autopilot/db/v_vscaler.pp.0.cpp:36983:9: note: FIX-IT applied suggested code changes
/home/user/Documents/kria-vitis-platforms/kv260/platforms/vivado/kv260_ispMipiRx_vcu_DP/project/kv260_ispMipiRx_vcu_DP.runs/bd_eab1_vsc_0_synth_1/prj/sol/.autopilot/db/v_vscaler.pp.0.cpp:36994:5: warning: Added loop label VITIS_LOOP_167_1:   [xilinx-label-all-loops]
    for (int i = 0; i < N; i++) {
    ^~~
    VITIS_LOOP_167_1: 
/home/user/Documents/kria-vitis-platforms/kv260/platforms/vivado/kv260_ispMipiRx_vcu_DP/project/kv260_ispMipiRx_vcu_DP.runs/bd_eab1_vsc_0_synth_1/prj/sol/.autopilot/db/v_vscaler.pp.0.cpp:36994:5: note: FIX-IT applied suggested code changes
/home/user/Documents/kria-vitis-platforms/kv260/platforms/vivado/kv260_ispMipiRx_vcu_DP/project/kv260_ispMipiRx_vcu_DP.runs/bd_eab1_vsc_0_synth_1/prj/sol/.autopilot/db/v_vscaler.pp.0.cpp:36999:5: warning: Added loop label VITIS_LOOP_172_2:   [xilinx-label-all-loops]
    for (int i = 0; i < N; i++) {
    ^~~
    VITIS_LOOP_172_2: 
/home/user/Documents/kria-vitis-platforms/kv260/platforms/vivado/kv260_ispMipiRx_vcu_DP/project/kv260_ispMipiRx_vcu_DP.runs/bd_eab1_vsc_0_synth_1/prj/sol/.autopilot/db/v_vscaler.pp.0.cpp:36999:5: note: FIX-IT applied suggested code changes
/home/user/Documents/kria-vitis-platforms/kv260/platforms/vivado/kv260_ispMipiRx_vcu_DP/project/kv260_ispMipiRx_vcu_DP.runs/bd_eab1_vsc_0_synth_1/prj/sol/.autopilot/db/v_vscaler.pp.0.cpp:37000:9: warning: Added loop label VITIS_LOOP_173_3:   [xilinx-label-all-loops]
        for (int j = 0; j < N; j++) b[j] = 0;
        ^~~
        VITIS_LOOP_173_3: 
/home/user/Documents/kria-vitis-platforms/kv260/platforms/vivado/kv260_ispMipiRx_vcu_DP/project/kv260_ispMipiRx_vcu_DP.runs/bd_eab1_vsc_0_synth_1/prj/sol/.autopilot/db/v_vscaler.pp.0.cpp:37000:9: note: FIX-IT applied suggested code changes
/home/user/Documents/kria-vitis-platforms/kv260/platforms/vivado/kv260_ispMipiRx_vcu_DP/project/kv260_ispMipiRx_vcu_DP.runs/bd_eab1_vsc_0_synth_1/prj/sol/.autopilot/db/v_vscaler.pp.0.cpp:37003:9: warning: Added loop label VITIS_LOOP_176_4:   [xilinx-label-all-loops]
        for (int j = 0; j < N; j++) Ar[j][i] = b[j];
        ^~~
        VITIS_LOOP_176_4: 
/home/user/Documents/kria-vitis-platforms/kv260/platforms/vivado/kv260_ispMipiRx_vcu_DP/project/kv260_ispMipiRx_vcu_DP.runs/bd_eab1_vsc_0_synth_1/prj/sol/.autopilot/db/v_vscaler.pp.0.cpp:37003:9: note: FIX-IT applied suggested code changes
/home/user/Documents/kria-vitis-platforms/kv260/platforms/vivado/kv260_ispMipiRx_vcu_DP/project/kv260_ispMipiRx_vcu_DP.runs/bd_eab1_vsc_0_synth_1/prj/sol/.autopilot/db/v_vscaler.pp.0.cpp:37079:21: warning: Added loop label VITIS_LOOP_252_1:   [xilinx-label-all-loops]
                    for(int k=0;k<((((SRC_T) & ((512 - 1) << 11)) >> 11) + 1);k++) {
                    ^~~
                    VITIS_LOOP_252_1: 
/home/user/Documents/kria-vitis-platforms/kv260/platforms/vivado/kv260_ispMipiRx_vcu_DP/project/kv260_ispMipiRx_vcu_DP.runs/bd_eab1_vsc_0_synth_1/prj/sol/.autopilot/db/v_vscaler.pp.0.cpp:37079:21: note: FIX-IT applied suggested code changes
/home/user/Documents/kria-vitis-platforms/kv260/platforms/vivado/kv260_ispMipiRx_vcu_DP/project/kv260_ispMipiRx_vcu_DP.runs/bd_eab1_vsc_0_synth_1/prj/sol/.autopilot/db/v_vscaler.pp.0.cpp:37199:17: warning: Added loop label VITIS_LOOP_384_1:   [xilinx-label-all-loops]
                for(int k = 0; k < ((((DST_T) & ((512 - 1) << 11)) >> 11) + 1); k++) {
                ^~~
                VITIS_LOOP_384_1: 
/home/user/Documents/kria-vitis-platforms/kv260/platforms/vivado/kv260_ispMipiRx_vcu_DP/project/kv260_ispMipiRx_vcu_DP.runs/bd_eab1_vsc_0_synth_1/prj/sol/.autopilot/db/v_vscaler.pp.0.cpp:37199:17: note: FIX-IT applied suggested code changes
/home/user/Documents/kria-vitis-platforms/kv260/platforms/vivado/kv260_ispMipiRx_vcu_DP/project/kv260_ispMipiRx_vcu_DP.runs/bd_eab1_vsc_0_synth_1/prj/sol/.autopilot/db/v_vscaler.pp.0.cpp:37617:2: warning: Added loop label VITIS_LOOP_201_1:   [xilinx-label-all-loops]
 for(int row=2;row>=0;row--)
 ^~~
 VITIS_LOOP_201_1: 
/home/user/Documents/kria-vitis-platforms/kv260/platforms/vivado/kv260_ispMipiRx_vcu_DP/project/kv260_ispMipiRx_vcu_DP.runs/bd_eab1_vsc_0_synth_1/prj/sol/.autopilot/db/v_vscaler.pp.0.cpp:37617:2: note: FIX-IT applied suggested code changes
/home/user/Documents/kria-vitis-platforms/kv260/platforms/vivado/kv260_ispMipiRx_vcu_DP/project/kv260_ispMipiRx_vcu_DP.runs/bd_eab1_vsc_0_synth_1/prj/sol/.autopilot/db/v_vscaler.pp.0.cpp:37619:17: warning: Added loop label VITIS_LOOP_203_2:   [xilinx-label-all-loops]
                for(int col=2;col>=1;col--)
                ^~~
                VITIS_LOOP_203_2: 
/home/user/Documents/kria-vitis-platforms/kv260/platforms/vivado/kv260_ispMipiRx_vcu_DP/project/kv260_ispMipiRx_vcu_DP.runs/bd_eab1_vsc_0_synth_1/prj/sol/.autopilot/db/v_vscaler.pp.0.cpp:37619:17: note: FIX-IT applied suggested code changes
/home/user/Documents/kria-vitis-platforms/kv260/platforms/vivado/kv260_ispMipiRx_vcu_DP/project/kv260_ispMipiRx_vcu_DP.runs/bd_eab1_vsc_0_synth_1/prj/sol/.autopilot/db/v_vscaler.pp.0.cpp:37752:5: warning: Added loop label VITIS_LOOP_90_1:   [xilinx-label-all-loops]
    for(int i=0;i<KH;i++) {
    ^~~
    VITIS_LOOP_90_1: 
/home/user/Documents/kria-vitis-platforms/kv260/platforms/vivado/kv260_ispMipiRx_vcu_DP/project/kv260_ispMipiRx_vcu_DP.runs/bd_eab1_vsc_0_synth_1/prj/sol/.autopilot/db/v_vscaler.pp.0.cpp:37752:5: note: FIX-IT applied suggested code changes
/home/user/Documents/kria-vitis-platforms/kv260/platforms/vivado/kv260_ispMipiRx_vcu_DP/project/kv260_ispMipiRx_vcu_DP.runs/bd_eab1_vsc_0_synth_1/prj/sol/.autopilot/db/v_vscaler.pp.0.cpp:37753:9: warning: Added loop label VITIS_LOOP_91_2:   [xilinx-label-all-loops]
        for(int j=0;j<KW;j++) {
        ^~~
        VITIS_LOOP_91_2: 
/home/user/Documents/kria-vitis-platforms/kv260/platforms/vivado/kv260_ispMipiRx_vcu_DP/project/kv260_ispMipiRx_vcu_DP.runs/bd_eab1_vsc_0_synth_1/prj/sol/.autopilot/db/v_vscaler.pp.0.cpp:37753:9: note: FIX-IT applied suggested code changes
/home/user/Documents/kria-vitis-platforms/kv260/platforms/vivado/kv260_ispMipiRx_vcu_DP/project/kv260_ispMipiRx_vcu_DP.runs/bd_eab1_vsc_0_synth_1/prj/sol/.autopilot/db/v_vscaler.pp.0.cpp:37775:5: warning: Added loop label VITIS_LOOP_113_1:   [xilinx-label-all-loops]
    for(HLS_SIZE_T i=0;i<rows+ioffset;i++)
    ^~~
    VITIS_LOOP_113_1: 
/home/user/Documents/kria-vitis-platforms/kv260/platforms/vivado/kv260_ispMipiRx_vcu_DP/project/kv260_ispMipiRx_vcu_DP.runs/bd_eab1_vsc_0_synth_1/prj/sol/.autopilot/db/v_vscaler.pp.0.cpp:37775:5: note: FIX-IT applied suggested code changes
/home/user/Documents/kria-vitis-platforms/kv260/platforms/vivado/kv260_ispMipiRx_vcu_DP/project/kv260_ispMipiRx_vcu_DP.runs/bd_eab1_vsc_0_synth_1/prj/sol/.autopilot/db/v_vscaler.pp.0.cpp:37778:2: warning: Added loop label VITIS_LOOP_116_2:   [xilinx-label-all-loops]
 for(HLS_SIZE_T j=0;j<cols+joffset;j++)
 ^~~
 VITIS_LOOP_116_2: 
/home/user/Documents/kria-vitis-platforms/kv260/platforms/vivado/kv260_ispMipiRx_vcu_DP/project/kv260_ispMipiRx_vcu_DP.runs/bd_eab1_vsc_0_synth_1/prj/sol/.autopilot/db/v_vscaler.pp.0.cpp:37778:2: note: FIX-IT applied suggested code changes
/home/user/Documents/kria-vitis-platforms/kv260/platforms/vivado/kv260_ispMipiRx_vcu_DP/project/kv260_ispMipiRx_vcu_DP.runs/bd_eab1_vsc_0_synth_1/prj/sol/.autopilot/db/v_vscaler.pp.0.cpp:37785:13: warning: Added loop label VITIS_LOOP_123_3:   [xilinx-label-all-loops]
            for(int r= 0;r<KH;r++)
            ^~~
            VITIS_LOOP_123_3: 
/home/user/Documents/kria-vitis-platforms/kv260/platforms/vivado/kv260_ispMipiRx_vcu_DP/project/kv260_ispMipiRx_vcu_DP.runs/bd_eab1_vsc_0_synth_1/prj/sol/.autopilot/db/v_vscaler.pp.0.cpp:37785:13: note: FIX-IT applied suggested code changes
/home/user/Documents/kria-vitis-platforms/kv260/platforms/vivado/kv260_ispMipiRx_vcu_DP/project/kv260_ispMipiRx_vcu_DP.runs/bd_eab1_vsc_0_synth_1/prj/sol/.autopilot/db/v_vscaler.pp.0.cpp:37787:17: warning: Added loop label VITIS_LOOP_125_4:   [xilinx-label-all-loops]
                for(int c=0;c<KW-1;c++)
                ^~~
                VITIS_LOOP_125_4: 
/home/user/Documents/kria-vitis-platforms/kv260/platforms/vivado/kv260_ispMipiRx_vcu_DP/project/kv260_ispMipiRx_vcu_DP.runs/bd_eab1_vsc_0_synth_1/prj/sol/.autopilot/db/v_vscaler.pp.0.cpp:37787:17: note: FIX-IT applied suggested code changes
/home/user/Documents/kria-vitis-platforms/kv260/platforms/vivado/kv260_ispMipiRx_vcu_DP/project/kv260_ispMipiRx_vcu_DP.runs/bd_eab1_vsc_0_synth_1/prj/sol/.autopilot/db/v_vscaler.pp.0.cpp:37795:17: warning: Added loop label VITIS_LOOP_133_5:   [xilinx-label-all-loops]
                for(int buf_row= 1;buf_row< KH-1;buf_row++)
                ^~~
                VITIS_LOOP_133_5: 
/home/user/Documents/kria-vitis-platforms/kv260/platforms/vivado/kv260_ispMipiRx_vcu_DP/project/kv260_ispMipiRx_vcu_DP.runs/bd_eab1_vsc_0_synth_1/prj/sol/.autopilot/db/v_vscaler.pp.0.cpp:37795:17: note: FIX-IT applied suggested code changes
/home/user/Documents/kria-vitis-platforms/kv260/platforms/vivado/kv260_ispMipiRx_vcu_DP/project/kv260_ispMipiRx_vcu_DP.runs/bd_eab1_vsc_0_synth_1/prj/sol/.autopilot/db/v_vscaler.pp.0.cpp:37808:17: warning: Added loop label VITIS_LOOP_146_6:   [xilinx-label-all-loops]
                for(int i= 1;i< KW;i++)
                ^~~
                VITIS_LOOP_146_6: 
/home/user/Documents/kria-vitis-platforms/kv260/platforms/vivado/kv260_ispMipiRx_vcu_DP/project/kv260_ispMipiRx_vcu_DP.runs/bd_eab1_vsc_0_synth_1/prj/sol/.autopilot/db/v_vscaler.pp.0.cpp:37808:17: note: FIX-IT applied suggested code changes
/home/user/Documents/kria-vitis-platforms/kv260/platforms/vivado/kv260_ispMipiRx_vcu_DP/project/kv260_ispMipiRx_vcu_DP.runs/bd_eab1_vsc_0_synth_1/prj/sol/.autopilot/db/v_vscaler.pp.0.cpp:37844:5: warning: Added loop label VITIS_LOOP_182_1:   [xilinx-label-all-loops]
    for(HLS_SIZE_T i=0;i<rows;i++)
    ^~~
    VITIS_LOOP_182_1: 
/home/user/Documents/kria-vitis-platforms/kv260/platforms/vivado/kv260_ispMipiRx_vcu_DP/project/kv260_ispMipiRx_vcu_DP.runs/bd_eab1_vsc_0_synth_1/prj/sol/.autopilot/db/v_vscaler.pp.0.cpp:37844:5: note: FIX-IT applied suggested code changes
/home/user/Documents/kria-vitis-platforms/kv260/platforms/vivado/kv260_ispMipiRx_vcu_DP/project/kv260_ispMipiRx_vcu_DP.runs/bd_eab1_vsc_0_synth_1/prj/sol/.autopilot/db/v_vscaler.pp.0.cpp:37847:2: warning: Added loop label VITIS_LOOP_185_2:   [xilinx-label-all-loops]
 for(HLS_SIZE_T j=0;j<cols;j++)
 ^~~
 VITIS_LOOP_185_2: 
/home/user/Documents/kria-vitis-platforms/kv260/platforms/vivado/kv260_ispMipiRx_vcu_DP/project/kv260_ispMipiRx_vcu_DP.runs/bd_eab1_vsc_0_synth_1/prj/sol/.autopilot/db/v_vscaler.pp.0.cpp:37847:2: note: FIX-IT applied suggested code changes
/home/user/Documents/kria-vitis-platforms/kv260/platforms/vivado/kv260_ispMipiRx_vcu_DP/project/kv260_ispMipiRx_vcu_DP.runs/bd_eab1_vsc_0_synth_1/prj/sol/.autopilot/db/v_vscaler.pp.0.cpp:38076:9: warning: Added loop label VITIS_LOOP_134_1:   [xilinx-label-all-loops]
        for(int i=0;i<STAGE;i++)
        ^~~
        VITIS_LOOP_134_1: 
/home/user/Documents/kria-vitis-platforms/kv260/platforms/vivado/kv260_ispMipiRx_vcu_DP/project/kv260_ispMipiRx_vcu_DP.runs/bd_eab1_vsc_0_synth_1/prj/sol/.autopilot/db/v_vscaler.pp.0.cpp:38076:9: note: FIX-IT applied suggested code changes
/home/user/Documents/kria-vitis-platforms/kv260/platforms/vivado/kv260_ispMipiRx_vcu_DP/project/kv260_ispMipiRx_vcu_DP.runs/bd_eab1_vsc_0_synth_1/prj/sol/.autopilot/db/v_vscaler.pp.0.cpp:38084:9: warning: Added loop label VITIS_LOOP_142_2:   [xilinx-label-all-loops]
        for(int i=0;i<CLASSIFIER_ALL;i++)
        ^~~
        VITIS_LOOP_142_2: 
/home/user/Documents/kria-vitis-platforms/kv260/platforms/vivado/kv260_ispMipiRx_vcu_DP/project/kv260_ispMipiRx_vcu_DP.runs/bd_eab1_vsc_0_synth_1/prj/sol/.autopilot/db/v_vscaler.pp.0.cpp:38084:9: note: FIX-IT applied suggested code changes
/home/user/Documents/kria-vitis-platforms/kv260/platforms/vivado/kv260_ispMipiRx_vcu_DP/project/kv260_ispMipiRx_vcu_DP.runs/bd_eab1_vsc_0_synth_1/prj/sol/.autopilot/db/v_vscaler.pp.0.cpp:38087:16: warning: Added loop label VITIS_LOOP_145_3:   [xilinx-label-all-loops]
               for(int j=0;j<FEATURE_MAX;j++)
               ^~~
               VITIS_LOOP_145_3: 
/home/user/Documents/kria-vitis-platforms/kv260/platforms/vivado/kv260_ispMipiRx_vcu_DP/project/kv260_ispMipiRx_vcu_DP.runs/bd_eab1_vsc_0_synth_1/prj/sol/.autopilot/db/v_vscaler.pp.0.cpp:38087:16: note: FIX-IT applied suggested code changes
/home/user/Documents/kria-vitis-platforms/kv260/platforms/vivado/kv260_ispMipiRx_vcu_DP/project/kv260_ispMipiRx_vcu_DP.runs/bd_eab1_vsc_0_synth_1/prj/sol/.autopilot/db/v_vscaler.pp.0.cpp:38095:23: warning: Added loop label VITIS_LOOP_153_4:   [xilinx-label-all-loops]
                      for(int n=0;n<3;n++)
                      ^~~
                      VITIS_LOOP_153_4: 
/home/user/Documents/kria-vitis-platforms/kv260/platforms/vivado/kv260_ispMipiRx_vcu_DP/project/kv260_ispMipiRx_vcu_DP.runs/bd_eab1_vsc_0_synth_1/prj/sol/.autopilot/db/v_vscaler.pp.0.cpp:38095:23: note: FIX-IT applied suggested code changes
/home/user/Documents/kria-vitis-platforms/kv260/platforms/vivado/kv260_ispMipiRx_vcu_DP/project/kv260_ispMipiRx_vcu_DP.runs/bd_eab1_vsc_0_synth_1/prj/sol/.autopilot/db/v_vscaler.pp.0.cpp:38118:5: warning: Added loop label VITIS_LOOP_176_1:   [xilinx-label-all-loops]
    for(int j=0;j<COLS;j++)
    ^~~
    VITIS_LOOP_176_1: 
/home/user/Documents/kria-vitis-platforms/kv260/platforms/vivado/kv260_ispMipiRx_vcu_DP/project/kv260_ispMipiRx_vcu_DP.runs/bd_eab1_vsc_0_synth_1/prj/sol/.autopilot/db/v_vscaler.pp.0.cpp:38118:5: note: FIX-IT applied suggested code changes
/home/user/Documents/kria-vitis-platforms/kv260/platforms/vivado/kv260_ispMipiRx_vcu_DP/project/kv260_ispMipiRx_vcu_DP.runs/bd_eab1_vsc_0_synth_1/prj/sol/.autopilot/db/v_vscaler.pp.0.cpp:38121:9: warning: Added loop label VITIS_LOOP_179_2:   [xilinx-label-all-loops]
        for(int i=0;i<ROWS;i++)
        ^~~
        VITIS_LOOP_179_2: 
/home/user/Documents/kria-vitis-platforms/kv260/platforms/vivado/kv260_ispMipiRx_vcu_DP/project/kv260_ispMipiRx_vcu_DP.runs/bd_eab1_vsc_0_synth_1/prj/sol/.autopilot/db/v_vscaler.pp.0.cpp:38121:9: note: FIX-IT applied suggested code changes
/home/user/Documents/kria-vitis-platforms/kv260/platforms/vivado/kv260_ispMipiRx_vcu_DP/project/kv260_ispMipiRx_vcu_DP.runs/bd_eab1_vsc_0_synth_1/prj/sol/.autopilot/db/v_vscaler.pp.0.cpp:38138:5: warning: Added loop label VITIS_LOOP_196_1:   [xilinx-label-all-loops]
    for(m=0;m<FEATURE_MAX;m++)
    ^~~
    VITIS_LOOP_196_1: 
/home/user/Documents/kria-vitis-platforms/kv260/platforms/vivado/kv260_ispMipiRx_vcu_DP/project/kv260_ispMipiRx_vcu_DP.runs/bd_eab1_vsc_0_synth_1/prj/sol/.autopilot/db/v_vscaler.pp.0.cpp:38138:5: note: FIX-IT applied suggested code changes
/home/user/Documents/kria-vitis-platforms/kv260/platforms/vivado/kv260_ispMipiRx_vcu_DP/project/kv260_ispMipiRx_vcu_DP.runs/bd_eab1_vsc_0_synth_1/prj/sol/.autopilot/db/v_vscaler.pp.0.cpp:38145:13: warning: Added loop label VITIS_LOOP_203_2:   [xilinx-label-all-loops]
            for(int j=1;j<3;j++)
            ^~~
            VITIS_LOOP_203_2: 
/home/user/Documents/kria-vitis-platforms/kv260/platforms/vivado/kv260_ispMipiRx_vcu_DP/project/kv260_ispMipiRx_vcu_DP.runs/bd_eab1_vsc_0_synth_1/prj/sol/.autopilot/db/v_vscaler.pp.0.cpp:38145:13: note: FIX-IT applied suggested code changes
/home/user/Documents/kria-vitis-platforms/kv260/platforms/vivado/kv260_ispMipiRx_vcu_DP/project/kv260_ispMipiRx_vcu_DP.runs/bd_eab1_vsc_0_synth_1/prj/sol/.autopilot/db/v_vscaler.pp.0.cpp:38174:5: warning: Added loop label VITIS_LOOP_232_1:   [xilinx-label-all-loops]
    for (int i=0;i<CLASSIFIER_ALL;i++)
    ^~~
    VITIS_LOOP_232_1: 
/home/user/Documents/kria-vitis-platforms/kv260/platforms/vivado/kv260_ispMipiRx_vcu_DP/project/kv260_ispMipiRx_vcu_DP.runs/bd_eab1_vsc_0_synth_1/prj/sol/.autopilot/db/v_vscaler.pp.0.cpp:38174:5: note: FIX-IT applied suggested code changes
/home/user/Documents/kria-vitis-platforms/kv260/platforms/vivado/kv260_ispMipiRx_vcu_DP/project/kv260_ispMipiRx_vcu_DP.runs/bd_eab1_vsc_0_synth_1/prj/sol/.autopilot/db/v_vscaler.pp.0.cpp:38222:5: warning: Added loop label VITIS_LOOP_280_1:   [xilinx-label-all-loops]
    for(int i=0;i<rows;i++)
    ^~~
    VITIS_LOOP_280_1: 
/home/user/Documents/kria-vitis-platforms/kv260/platforms/vivado/kv260_ispMipiRx_vcu_DP/project/kv260_ispMipiRx_vcu_DP.runs/bd_eab1_vsc_0_synth_1/prj/sol/.autopilot/db/v_vscaler.pp.0.cpp:38222:5: note: FIX-IT applied suggested code changes
/home/user/Documents/kria-vitis-platforms/kv260/platforms/vivado/kv260_ispMipiRx_vcu_DP/project/kv260_ispMipiRx_vcu_DP.runs/bd_eab1_vsc_0_synth_1/prj/sol/.autopilot/db/v_vscaler.pp.0.cpp:38224:9: warning: Added loop label VITIS_LOOP_282_2:   [xilinx-label-all-loops]
        for(int j=0;j<cols;j++)
        ^~~
        VITIS_LOOP_282_2: 
/home/user/Documents/kria-vitis-platforms/kv260/platforms/vivado/kv260_ispMipiRx_vcu_DP/project/kv260_ispMipiRx_vcu_DP.runs/bd_eab1_vsc_0_synth_1/prj/sol/.autopilot/db/v_vscaler.pp.0.cpp:38224:9: note: FIX-IT applied suggested code changes
/home/user/Documents/kria-vitis-platforms/kv260/platforms/vivado/kv260_ispMipiRx_vcu_DP/project/kv260_ispMipiRx_vcu_DP.runs/bd_eab1_vsc_0_synth_1/prj/sol/.autopilot/db/v_vscaler.pp.0.cpp:38237:13: warning: Added loop label VITIS_LOOP_295_3:   [xilinx-label-all-loops]
            for(int buf_row= 1;buf_row<K_H;buf_row++)
            ^~~
            VITIS_LOOP_295_3: 
/home/user/Documents/kria-vitis-platforms/kv260/platforms/vivado/kv260_ispMipiRx_vcu_DP/project/kv260_ispMipiRx_vcu_DP.runs/bd_eab1_vsc_0_synth_1/prj/sol/.autopilot/db/v_vscaler.pp.0.cpp:38237:13: note: FIX-IT applied suggested code changes
/home/user/Documents/kria-vitis-platforms/kv260/platforms/vivado/kv260_ispMipiRx_vcu_DP/project/kv260_ispMipiRx_vcu_DP.runs/bd_eab1_vsc_0_synth_1/prj/sol/.autopilot/db/v_vscaler.pp.0.cpp:38337:9: warning: Added loop label VITIS_LOOP_416_1:   [xilinx-label-all-loops]
        for(int i=0;i<m;i++)
        ^~~
        VITIS_LOOP_416_1: 
/home/user/Documents/kria-vitis-platforms/kv260/platforms/vivado/kv260_ispMipiRx_vcu_DP/project/kv260_ispMipiRx_vcu_DP.runs/bd_eab1_vsc_0_synth_1/prj/sol/.autopilot/db/v_vscaler.pp.0.cpp:38337:9: note: FIX-IT applied suggested code changes
/home/user/Documents/kria-vitis-platforms/kv260/platforms/vivado/kv260_ispMipiRx_vcu_DP/project/kv260_ispMipiRx_vcu_DP.runs/bd_eab1_vsc_0_synth_1/prj/sol/.autopilot/db/v_vscaler.pp.0.cpp:38339:17: warning: Added loop label VITIS_LOOP_418_2:   [xilinx-label-all-loops]
                for(int j=0;j<num;j++)
                ^~~
                VITIS_LOOP_418_2: 
/home/user/Documents/kria-vitis-platforms/kv260/platforms/vivado/kv260_ispMipiRx_vcu_DP/project/kv260_ispMipiRx_vcu_DP.runs/bd_eab1_vsc_0_synth_1/prj/sol/.autopilot/db/v_vscaler.pp.0.cpp:38339:17: note: FIX-IT applied suggested code changes
/home/user/Documents/kria-vitis-platforms/kv260/platforms/vivado/kv260_ispMipiRx_vcu_DP/project/kv260_ispMipiRx_vcu_DP.runs/bd_eab1_vsc_0_synth_1/prj/sol/.autopilot/db/v_vscaler.pp.0.cpp:38347:9: warning: Added loop label VITIS_LOOP_426_3:   [xilinx-label-all-loops]
        for(int i=0;i<num;i++)
        ^~~
        VITIS_LOOP_426_3: 
/home/user/Documents/kria-vitis-platforms/kv260/platforms/vivado/kv260_ispMipiRx_vcu_DP/project/kv260_ispMipiRx_vcu_DP.runs/bd_eab1_vsc_0_synth_1/prj/sol/.autopilot/db/v_vscaler.pp.0.cpp:38347:9: note: FIX-IT applied suggested code changes
/home/user/Documents/kria-vitis-platforms/kv260/platforms/vivado/kv260_ispMipiRx_vcu_DP/project/kv260_ispMipiRx_vcu_DP.runs/bd_eab1_vsc_0_synth_1/prj/sol/.autopilot/db/v_vscaler.pp.0.cpp:38376:5: warning: Added loop label VITIS_LOOP_455_1:   [xilinx-label-all-loops]
    for(int i=0;i<rows;i++)
    ^~~
    VITIS_LOOP_455_1: 
/home/user/Documents/kria-vitis-platforms/kv260/platforms/vivado/kv260_ispMipiRx_vcu_DP/project/kv260_ispMipiRx_vcu_DP.runs/bd_eab1_vsc_0_synth_1/prj/sol/.autopilot/db/v_vscaler.pp.0.cpp:38376:5: note: FIX-IT applied suggested code changes
/home/user/Documents/kria-vitis-platforms/kv260/platforms/vivado/kv260_ispMipiRx_vcu_DP/project/kv260_ispMipiRx_vcu_DP.runs/bd_eab1_vsc_0_synth_1/prj/sol/.autopilot/db/v_vscaler.pp.0.cpp:38381:9: warning: Added loop label VITIS_LOOP_460_2:   [xilinx-label-all-loops]
        for(int j=0;j<cols;j++)
        ^~~
        VITIS_LOOP_460_2: 
/home/user/Documents/kria-vitis-platforms/kv260/platforms/vivado/kv260_ispMipiRx_vcu_DP/project/kv260_ispMipiRx_vcu_DP.runs/bd_eab1_vsc_0_synth_1/prj/sol/.autopilot/db/v_vscaler.pp.0.cpp:38381:9: note: FIX-IT applied suggested code changes
/home/user/Documents/kria-vitis-platforms/kv260/platforms/vivado/kv260_ispMipiRx_vcu_DP/project/kv260_ispMipiRx_vcu_DP.runs/bd_eab1_vsc_0_synth_1/prj/sol/.autopilot/db/v_vscaler.pp.0.cpp:38543:13: warning: Added loop label VITIS_LOOP_186_1:   [xilinx-label-all-loops]
            for (int i = 0; i< PWSIZE; i++) {
            ^~~
            VITIS_LOOP_186_1: 
/home/user/Documents/kria-vitis-platforms/kv260/platforms/vivado/kv260_ispMipiRx_vcu_DP/project/kv260_ispMipiRx_vcu_DP.runs/bd_eab1_vsc_0_synth_1/prj/sol/.autopilot/db/v_vscaler.pp.0.cpp:38543:13: note: FIX-IT applied suggested code changes
/home/user/Documents/kria-vitis-platforms/kv260/platforms/vivado/kv260_ispMipiRx_vcu_DP/project/kv260_ispMipiRx_vcu_DP.runs/bd_eab1_vsc_0_synth_1/prj/sol/.autopilot/db/v_vscaler.pp.0.cpp:38549:13: warning: Added loop label VITIS_LOOP_192_2:   [xilinx-label-all-loops]
            for (int i = 0; i < PWSIZE; i++) {
            ^~~
            VITIS_LOOP_192_2: 
/home/user/Documents/kria-vitis-platforms/kv260/platforms/vivado/kv260_ispMipiRx_vcu_DP/project/kv260_ispMipiRx_vcu_DP.runs/bd_eab1_vsc_0_synth_1/prj/sol/.autopilot/db/v_vscaler.pp.0.cpp:38549:13: note: FIX-IT applied suggested code changes
/home/user/Documents/kria-vitis-platforms/kv260/platforms/vivado/kv260_ispMipiRx_vcu_DP/project/kv260_ispMipiRx_vcu_DP.runs/bd_eab1_vsc_0_synth_1/prj/sol/.autopilot/db/v_vscaler.pp.0.cpp:38553:13: warning: Added loop label VITIS_LOOP_196_3:   [xilinx-label-all-loops]
            for (int j = PWSIZE-1; j > 0; j--) {
            ^~~
            VITIS_LOOP_196_3: 
/home/user/Documents/kria-vitis-platforms/kv260/platforms/vivado/kv260_ispMipiRx_vcu_DP/project/kv260_ispMipiRx_vcu_DP.runs/bd_eab1_vsc_0_synth_1/prj/sol/.autopilot/db/v_vscaler.pp.0.cpp:38553:13: note: FIX-IT applied suggested code changes
/home/user/Documents/kria-vitis-platforms/kv260/platforms/vivado/kv260_ispMipiRx_vcu_DP/project/kv260_ispMipiRx_vcu_DP.runs/bd_eab1_vsc_0_synth_1/prj/sol/.autopilot/db/v_vscaler.pp.0.cpp:38584:5: warning: Added loop label VITIS_LOOP_227_1:   [xilinx-label-all-loops]
    for (HLS_SIZE_T i = 0; i < rows; i++) {
    ^~~
    VITIS_LOOP_227_1: 
/home/user/Documents/kria-vitis-platforms/kv260/platforms/vivado/kv260_ispMipiRx_vcu_DP/project/kv260_ispMipiRx_vcu_DP.runs/bd_eab1_vsc_0_synth_1/prj/sol/.autopilot/db/v_vscaler.pp.0.cpp:38584:5: note: FIX-IT applied suggested code changes
/home/user/Documents/kria-vitis-platforms/kv260/platforms/vivado/kv260_ispMipiRx_vcu_DP/project/kv260_ispMipiRx_vcu_DP.runs/bd_eab1_vsc_0_synth_1/prj/sol/.autopilot/db/v_vscaler.pp.0.cpp:38585:9: warning: Added loop label VITIS_LOOP_228_2:   [xilinx-label-all-loops]
        for (HLS_SIZE_T j = 0; j < cols; j++) {
        ^~~
        VITIS_LOOP_228_2: 
/home/user/Documents/kria-vitis-platforms/kv260/platforms/vivado/kv260_ispMipiRx_vcu_DP/project/kv260_ispMipiRx_vcu_DP.runs/bd_eab1_vsc_0_synth_1/prj/sol/.autopilot/db/v_vscaler.pp.0.cpp:38585:9: note: FIX-IT applied suggested code changes
/home/user/Documents/kria-vitis-platforms/kv260/platforms/vivado/kv260_ispMipiRx_vcu_DP/project/kv260_ispMipiRx_vcu_DP.runs/bd_eab1_vsc_0_synth_1/prj/sol/.autopilot/db/v_vscaler.pp.0.cpp:38588:13: warning: Added loop label VITIS_LOOP_231_3:   [xilinx-label-all-loops]
            for (HLS_SIZE_T k = 0; k < ((((SRC_T) & ((512 - 1) << 11)) >> 11) + 1); k++) {
            ^~~
            VITIS_LOOP_231_3: 
/home/user/Documents/kria-vitis-platforms/kv260/platforms/vivado/kv260_ispMipiRx_vcu_DP/project/kv260_ispMipiRx_vcu_DP.runs/bd_eab1_vsc_0_synth_1/prj/sol/.autopilot/db/v_vscaler.pp.0.cpp:38588:13: note: FIX-IT applied suggested code changes
/home/user/Documents/kria-vitis-platforms/kv260/platforms/vivado/kv260_ispMipiRx_vcu_DP/project/kv260_ispMipiRx_vcu_DP.runs/bd_eab1_vsc_0_synth_1/prj/sol/.autopilot/db/v_vscaler.pp.0.cpp:38624:5: warning: Added loop label VITIS_LOOP_267_1:   [xilinx-label-all-loops]
    for (int i = 0; i < WSIZE; i++) {
    ^~~
    VITIS_LOOP_267_1: 
/home/user/Documents/kria-vitis-platforms/kv260/platforms/vivado/kv260_ispMipiRx_vcu_DP/project/kv260_ispMipiRx_vcu_DP.runs/bd_eab1_vsc_0_synth_1/prj/sol/.autopilot/db/v_vscaler.pp.0.cpp:38624:5: note: FIX-IT applied suggested code changes
/home/user/Documents/kria-vitis-platforms/kv260/platforms/vivado/kv260_ispMipiRx_vcu_DP/project/kv260_ispMipiRx_vcu_DP.runs/bd_eab1_vsc_0_synth_1/prj/sol/.autopilot/db/v_vscaler.pp.0.cpp:38642:5: warning: Added loop label VITIS_LOOP_285_1:   [xilinx-label-all-loops]
    for (int i = 0; i < WSIZE; i++) {
    ^~~
    VITIS_LOOP_285_1: 
/home/user/Documents/kria-vitis-platforms/kv260/platforms/vivado/kv260_ispMipiRx_vcu_DP/project/kv260_ispMipiRx_vcu_DP.runs/bd_eab1_vsc_0_synth_1/prj/sol/.autopilot/db/v_vscaler.pp.0.cpp:38642:5: note: FIX-IT applied suggested code changes
/home/user/Documents/kria-vitis-platforms/kv260/platforms/vivado/kv260_ispMipiRx_vcu_DP/project/kv260_ispMipiRx_vcu_DP.runs/bd_eab1_vsc_0_synth_1/prj/sol/.autopilot/db/v_vscaler.pp.0.cpp:38650:5: warning: Added loop label VITIS_LOOP_293_2:   [xilinx-label-all-loops]
    for (int j = WSIZE-1; j > 0; j--) {
    ^~~
    VITIS_LOOP_293_2: 
/home/user/Documents/kria-vitis-platforms/kv260/platforms/vivado/kv260_ispMipiRx_vcu_DP/project/kv260_ispMipiRx_vcu_DP.runs/bd_eab1_vsc_0_synth_1/prj/sol/.autopilot/db/v_vscaler.pp.0.cpp:38650:5: note: FIX-IT applied suggested code changes
/home/user/Documents/kria-vitis-platforms/kv260/platforms/vivado/kv260_ispMipiRx_vcu_DP/project/kv260_ispMipiRx_vcu_DP.runs/bd_eab1_vsc_0_synth_1/prj/sol/.autopilot/db/v_vscaler.pp.0.cpp:38668:9: warning: Added loop label VITIS_LOOP_311_1:   [xilinx-label-all-loops]
        for(int i = 0; i < SIZE/2; i++) {
        ^~~
        VITIS_LOOP_311_1: 
/home/user/Documents/kria-vitis-platforms/kv260/platforms/vivado/kv260_ispMipiRx_vcu_DP/project/kv260_ispMipiRx_vcu_DP.runs/bd_eab1_vsc_0_synth_1/prj/sol/.autopilot/db/v_vscaler.pp.0.cpp:38668:9: note: FIX-IT applied suggested code changes
/home/user/Documents/kria-vitis-platforms/kv260/platforms/vivado/kv260_ispMipiRx_vcu_DP/project/kv260_ispMipiRx_vcu_DP.runs/bd_eab1_vsc_0_synth_1/prj/sol/.autopilot/db/v_vscaler.pp.0.cpp:38671:9: warning: Added loop label VITIS_LOOP_314_2:   [xilinx-label-all-loops]
        for(int i = 0; i < SIZE-SIZE/2; i++) {
        ^~~
        VITIS_LOOP_314_2: 
/home/user/Documents/kria-vitis-platforms/kv260/platforms/vivado/kv260_ispMipiRx_vcu_DP/project/kv260_ispMipiRx_vcu_DP.runs/bd_eab1_vsc_0_synth_1/prj/sol/.autopilot/db/v_vscaler.pp.0.cpp:38671:9: note: FIX-IT applied suggested code changes
/home/user/Documents/kria-vitis-platforms/kv260/platforms/vivado/kv260_ispMipiRx_vcu_DP/project/kv260_ispMipiRx_vcu_DP.runs/bd_eab1_vsc_0_synth_1/prj/sol/.autopilot/db/v_vscaler.pp.0.cpp:38775:25: warning: Added loop label VITIS_LOOP_418_1:   [xilinx-label-all-loops]
                        for (int i = 0; i < WSIZE; i++) {
                        ^~~
                        VITIS_LOOP_418_1: 
/home/user/Documents/kria-vitis-platforms/kv260/platforms/vivado/kv260_ispMipiRx_vcu_DP/project/kv260_ispMipiRx_vcu_DP.runs/bd_eab1_vsc_0_synth_1/prj/sol/.autopilot/db/v_vscaler.pp.0.cpp:38775:25: note: FIX-IT applied suggested code changes
/home/user/Documents/kria-vitis-platforms/kv260/platforms/vivado/kv260_ispMipiRx_vcu_DP/project/kv260_ispMipiRx_vcu_DP.runs/bd_eab1_vsc_0_synth_1/prj/sol/.autopilot/db/v_vscaler.pp.0.cpp:39057:50: error: Invalid Directive: for current device, RAM_1P + BRAM is invalid combination for BIND_STORAGE's option 'type + impl' [clang-diagnostic-error]
#pragma HLS bind_storage variable=vfltCoeff type=RAM_1P impl=BRAM
                                                 ^
/home/user/Documents/kria-vitis-platforms/kv260/platforms/vivado/kv260_ispMipiRx_vcu_DP/project/kv260_ispMipiRx_vcu_DP.runs/bd_eab1_vsc_0_synth_1/prj/sol/.autopilot/db/v_vscaler.pp.0.cpp:39122:50: error: Invalid Directive: for current device, RAM_1P + LUTRAM is invalid combination for BIND_STORAGE's option 'type + impl' [clang-diagnostic-error]
#pragma HLS bind_storage variable=FiltCoeff type=RAM_1P impl=LUTRAM
                                                 ^
/home/user/Documents/kria-vitis-platforms/kv260/platforms/vivado/kv260_ispMipiRx_vcu_DP/project/kv260_ispMipiRx_vcu_DP.runs/bd_eab1_vsc_0_synth_1/prj/sol/.autopilot/db/v_vscaler.pp.0.cpp:39209:2: warning: Added loop label VITIS_LOOP_262_1:   [xilinx-label-all-loops]
 for (I16 i = 0; i < 6; i++)
 ^~~
 VITIS_LOOP_262_1: 
/home/user/Documents/kria-vitis-platforms/kv260/platforms/vivado/kv260_ispMipiRx_vcu_DP/project/kv260_ispMipiRx_vcu_DP.runs/bd_eab1_vsc_0_synth_1/prj/sol/.autopilot/db/v_vscaler.pp.0.cpp:39209:2: note: FIX-IT applied suggested code changes
/home/user/Documents/kria-vitis-platforms/kv260/platforms/vivado/kv260_ispMipiRx_vcu_DP/project/kv260_ispMipiRx_vcu_DP.runs/bd_eab1_vsc_0_synth_1/prj/sol/.autopilot/db/v_vscaler.pp.0.cpp:39212:5: warning: Added loop label VITIS_LOOP_265_2:   [xilinx-label-all-loops]
    for (int l = 0; l < 1; l++)
    ^~~
    VITIS_LOOP_265_2: 
/home/user/Documents/kria-vitis-platforms/kv260/platforms/vivado/kv260_ispMipiRx_vcu_DP/project/kv260_ispMipiRx_vcu_DP.runs/bd_eab1_vsc_0_synth_1/prj/sol/.autopilot/db/v_vscaler.pp.0.cpp:39212:5: note: FIX-IT applied suggested code changes
/home/user/Documents/kria-vitis-platforms/kv260/platforms/vivado/kv260_ispMipiRx_vcu_DP/project/kv260_ispMipiRx_vcu_DP.runs/bd_eab1_vsc_0_synth_1/prj/sol/.autopilot/db/v_vscaler.pp.0.cpp:39214:6: warning: Added loop label VITIS_LOOP_267_3:   [xilinx-label-all-loops]
     for (int k = 0; k < 3; k++)
     ^~~
     VITIS_LOOP_267_3: 
/home/user/Documents/kria-vitis-platforms/kv260/platforms/vivado/kv260_ispMipiRx_vcu_DP/project/kv260_ispMipiRx_vcu_DP.runs/bd_eab1_vsc_0_synth_1/prj/sol/.autopilot/db/v_vscaler.pp.0.cpp:39214:6: note: FIX-IT applied suggested code changes
/home/user/Documents/kria-vitis-platforms/kv260/platforms/vivado/kv260_ispMipiRx_vcu_DP/project/kv260_ispMipiRx_vcu_DP.runs/bd_eab1_vsc_0_synth_1/prj/sol/.autopilot/db/v_vscaler.pp.0.cpp:39225:5: warning: Added loop label VITIS_LOOP_278_4:   [xilinx-label-all-loops]
    for (I16 i = 0; i < (6 - 1); i++)
    ^~~
    VITIS_LOOP_278_4: 
/home/user/Documents/kria-vitis-platforms/kv260/platforms/vivado/kv260_ispMipiRx_vcu_DP/project/kv260_ispMipiRx_vcu_DP.runs/bd_eab1_vsc_0_synth_1/prj/sol/.autopilot/db/v_vscaler.pp.0.cpp:39225:5: note: FIX-IT applied suggested code changes
/home/user/Documents/kria-vitis-platforms/kv260/platforms/vivado/kv260_ispMipiRx_vcu_DP/project/kv260_ispMipiRx_vcu_DP.runs/bd_eab1_vsc_0_synth_1/prj/sol/.autopilot/db/v_vscaler.pp.0.cpp:39232:6: warning: Added loop label VITIS_LOOP_285_5:   [xilinx-label-all-loops]
     for (int l = 0; l < 1; l++)
     ^~~
     VITIS_LOOP_285_5: 
/home/user/Documents/kria-vitis-platforms/kv260/platforms/vivado/kv260_ispMipiRx_vcu_DP/project/kv260_ispMipiRx_vcu_DP.runs/bd_eab1_vsc_0_synth_1/prj/sol/.autopilot/db/v_vscaler.pp.0.cpp:39232:6: note: FIX-IT applied suggested code changes
/home/user/Documents/kria-vitis-platforms/kv260/platforms/vivado/kv260_ispMipiRx_vcu_DP/project/kv260_ispMipiRx_vcu_DP.runs/bd_eab1_vsc_0_synth_1/prj/sol/.autopilot/db/v_vscaler.pp.0.cpp:39234:7: warning: Added loop label VITIS_LOOP_287_6:   [xilinx-label-all-loops]
      for (int k = 0; k < 3; k++)
      ^~~
      VITIS_LOOP_287_6: 
/home/user/Documents/kria-vitis-platforms/kv260/platforms/vivado/kv260_ispMipiRx_vcu_DP/project/kv260_ispMipiRx_vcu_DP.runs/bd_eab1_vsc_0_synth_1/prj/sol/.autopilot/db/v_vscaler.pp.0.cpp:39234:7: note: FIX-IT applied suggested code changes
/home/user/Documents/kria-vitis-platforms/kv260/platforms/vivado/kv260_ispMipiRx_vcu_DP/project/kv260_ispMipiRx_vcu_DP.runs/bd_eab1_vsc_0_synth_1/prj/sol/.autopilot/db/v_vscaler.pp.0.cpp:39245:5: warning: Added loop label VITIS_LOOP_298_7:   [xilinx-label-all-loops]
    for (int i = (6 - 1); i > 0; i--)
    ^~~
    VITIS_LOOP_298_7: 
/home/user/Documents/kria-vitis-platforms/kv260/platforms/vivado/kv260_ispMipiRx_vcu_DP/project/kv260_ispMipiRx_vcu_DP.runs/bd_eab1_vsc_0_synth_1/prj/sol/.autopilot/db/v_vscaler.pp.0.cpp:39245:5: note: FIX-IT applied suggested code changes
/home/user/Documents/kria-vitis-platforms/kv260/platforms/vivado/kv260_ispMipiRx_vcu_DP/project/kv260_ispMipiRx_vcu_DP.runs/bd_eab1_vsc_0_synth_1/prj/sol/.autopilot/db/v_vscaler.pp.0.cpp:39253:6: warning: Added loop label VITIS_LOOP_306_8:   [xilinx-label-all-loops]
     for (int l = 0; l < 1; l++)
     ^~~
     VITIS_LOOP_306_8: 
/home/user/Documents/kria-vitis-platforms/kv260/platforms/vivado/kv260_ispMipiRx_vcu_DP/project/kv260_ispMipiRx_vcu_DP.runs/bd_eab1_vsc_0_synth_1/prj/sol/.autopilot/db/v_vscaler.pp.0.cpp:39253:6: note: FIX-IT applied suggested code changes
/home/user/Documents/kria-vitis-platforms/kv260/platforms/vivado/kv260_ispMipiRx_vcu_DP/project/kv260_ispMipiRx_vcu_DP.runs/bd_eab1_vsc_0_synth_1/prj/sol/.autopilot/db/v_vscaler.pp.0.cpp:39255:7: warning: Added loop label VITIS_LOOP_308_9:   [xilinx-label-all-loops]
      for (int k = 0; k < 3; k++)
      ^~~
      VITIS_LOOP_308_9: 
/home/user/Documents/kria-vitis-platforms/kv260/platforms/vivado/kv260_ispMipiRx_vcu_DP/project/kv260_ispMipiRx_vcu_DP.runs/bd_eab1_vsc_0_synth_1/prj/sol/.autopilot/db/v_vscaler.pp.0.cpp:39255:7: note: FIX-IT applied suggested code changes
/home/user/Documents/kria-vitis-platforms/kv260/platforms/vivado/kv260_ispMipiRx_vcu_DP/project/kv260_ispMipiRx_vcu_DP.runs/bd_eab1_vsc_0_synth_1/prj/sol/.autopilot/db/v_vscaler.pp.0.cpp:39285:2: warning: Added loop label VITIS_LOOP_338_1:   [xilinx-label-all-loops]
 for (int s = 0; s < 1; s++)
 ^~~
 VITIS_LOOP_338_1: 
/home/user/Documents/kria-vitis-platforms/kv260/platforms/vivado/kv260_ispMipiRx_vcu_DP/project/kv260_ispMipiRx_vcu_DP.runs/bd_eab1_vsc_0_synth_1/prj/sol/.autopilot/db/v_vscaler.pp.0.cpp:39285:2: note: FIX-IT applied suggested code changes
/home/user/Documents/kria-vitis-platforms/kv260/platforms/vivado/kv260_ispMipiRx_vcu_DP/project/kv260_ispMipiRx_vcu_DP.runs/bd_eab1_vsc_0_synth_1/prj/sol/.autopilot/db/v_vscaler.pp.0.cpp:39287:3: warning: Added loop label VITIS_LOOP_340_2:   [xilinx-label-all-loops]
  for (int c = 0; c < 3; c++)
  ^~~
  VITIS_LOOP_340_2: 
/home/user/Documents/kria-vitis-platforms/kv260/platforms/vivado/kv260_ispMipiRx_vcu_DP/project/kv260_ispMipiRx_vcu_DP.runs/bd_eab1_vsc_0_synth_1/prj/sol/.autopilot/db/v_vscaler.pp.0.cpp:39287:3: note: FIX-IT applied suggested code changes
/home/user/Documents/kria-vitis-platforms/kv260/platforms/vivado/kv260_ispMipiRx_vcu_DP/project/kv260_ispMipiRx_vcu_DP.runs/bd_eab1_vsc_0_synth_1/prj/sol/.autopilot/db/v_vscaler.pp.0.cpp:39294:4: warning: Added loop label VITIS_LOOP_347_3:   [xilinx-label-all-loops]
   for (int t = 0; t < 6; t++)
   ^~~
   VITIS_LOOP_347_3: 
/home/user/Documents/kria-vitis-platforms/kv260/platforms/vivado/kv260_ispMipiRx_vcu_DP/project/kv260_ispMipiRx_vcu_DP.runs/bd_eab1_vsc_0_synth_1/prj/sol/.autopilot/db/v_vscaler.pp.0.cpp:39294:4: note: FIX-IT applied suggested code changes
/home/user/Documents/kria-vitis-platforms/kv260/platforms/vivado/kv260_ispMipiRx_vcu_DP/project/kv260_ispMipiRx_vcu_DP.runs/bd_eab1_vsc_0_synth_1/prj/sol/.autopilot/db/v_vscaler.pp.0.cpp:39352:4: warning: Added loop label VITIS_LOOP_789_1:   [xilinx-label-all-loops]
   for (int l = 0; l < 1; l++)
   ^~~
   VITIS_LOOP_789_1: 
/home/user/Documents/kria-vitis-platforms/kv260/platforms/vivado/kv260_ispMipiRx_vcu_DP/project/kv260_ispMipiRx_vcu_DP.runs/bd_eab1_vsc_0_synth_1/prj/sol/.autopilot/db/v_vscaler.pp.0.cpp:39352:4: note: FIX-IT applied suggested code changes
/home/user/Documents/kria-vitis-platforms/kv260/platforms/vivado/kv260_ispMipiRx_vcu_DP/project/kv260_ispMipiRx_vcu_DP.runs/bd_eab1_vsc_0_synth_1/prj/sol/.autopilot/db/v_vscaler.pp.0.cpp:39354:5: warning: Added loop label VITIS_LOOP_791_2:   [xilinx-label-all-loops]
    for (HLS_CHANNEL_T k = 0; k < 3; k++)
    ^~~
    VITIS_LOOP_791_2: 
/home/user/Documents/kria-vitis-platforms/kv260/platforms/vivado/kv260_ispMipiRx_vcu_DP/project/kv260_ispMipiRx_vcu_DP.runs/bd_eab1_vsc_0_synth_1/prj/sol/.autopilot/db/v_vscaler.pp.0.cpp:39354:5: note: FIX-IT applied suggested code changes
/home/user/Documents/kria-vitis-platforms/kv260/platforms/vivado/kv260_ispMipiRx_vcu_DP/project/kv260_ispMipiRx_vcu_DP.runs/bd_eab1_vsc_0_synth_1/prj/sol/.autopilot/db/v_vscaler.pp.0.cpp:39416:2: warning: Added loop label VITIS_LOOP_893_1:   [xilinx-label-all-loops]
 for (int i = 0; i < rows; i++)
 ^~~
 VITIS_LOOP_893_1: 
/home/user/Documents/kria-vitis-platforms/kv260/platforms/vivado/kv260_ispMipiRx_vcu_DP/project/kv260_ispMipiRx_vcu_DP.runs/bd_eab1_vsc_0_synth_1/prj/sol/.autopilot/db/v_vscaler.pp.0.cpp:39416:2: note: FIX-IT applied suggested code changes
/home/user/Documents/kria-vitis-platforms/kv260/platforms/vivado/kv260_ispMipiRx_vcu_DP/project/kv260_ispMipiRx_vcu_DP.runs/bd_eab1_vsc_0_synth_1/prj/sol/.autopilot/db/v_vscaler.pp.0.cpp:39418:3: warning: Added loop label VITIS_LOOP_895_2:   [xilinx-label-all-loops]
  for (int j = 0; j < cols / 1; j++)
  ^~~
  VITIS_LOOP_895_2: 
/home/user/Documents/kria-vitis-platforms/kv260/platforms/vivado/kv260_ispMipiRx_vcu_DP/project/kv260_ispMipiRx_vcu_DP.runs/bd_eab1_vsc_0_synth_1/prj/sol/.autopilot/db/v_vscaler.pp.0.cpp:39418:3: note: FIX-IT applied suggested code changes
/home/user/Documents/kria-vitis-platforms/kv260/platforms/vivado/kv260_ispMipiRx_vcu_DP/project/kv260_ispMipiRx_vcu_DP.runs/bd_eab1_vsc_0_synth_1/prj/sol/.autopilot/db/v_vscaler.pp.0.cpp:39442:4: warning: Added loop label VITIS_LOOP_919_3:   [xilinx-label-all-loops]
   for (int l = 0; l < 1; l++)
   ^~~
   VITIS_LOOP_919_3: 
/home/user/Documents/kria-vitis-platforms/kv260/platforms/vivado/kv260_ispMipiRx_vcu_DP/project/kv260_ispMipiRx_vcu_DP.runs/bd_eab1_vsc_0_synth_1/prj/sol/.autopilot/db/v_vscaler.pp.0.cpp:39442:4: note: FIX-IT applied suggested code changes
/home/user/Documents/kria-vitis-platforms/kv260/platforms/vivado/kv260_ispMipiRx_vcu_DP/project/kv260_ispMipiRx_vcu_DP.runs/bd_eab1_vsc_0_synth_1/prj/sol/.autopilot/db/v_vscaler.pp.0.cpp:39444:5: warning: Added loop label VITIS_LOOP_921_4:   [xilinx-label-all-loops]
    for (int k = 0; k < 3; k++)
    ^~~
    VITIS_LOOP_921_4: 
/home/user/Documents/kria-vitis-platforms/kv260/platforms/vivado/kv260_ispMipiRx_vcu_DP/project/kv260_ispMipiRx_vcu_DP.runs/bd_eab1_vsc_0_synth_1/prj/sol/.autopilot/db/v_vscaler.pp.0.cpp:39444:5: note: FIX-IT applied suggested code changes
/home/user/Documents/kria-vitis-platforms/kv260/platforms/vivado/kv260_ispMipiRx_vcu_DP/project/kv260_ispMipiRx_vcu_DP.runs/bd_eab1_vsc_0_synth_1/prj/sol/.autopilot/db/v_vscaler.pp.0.cpp:39526:2: warning: Added loop label VITIS_LOOP_1010_1:   [xilinx-label-all-loops]
 for (y = 0; y < loopHeight; ++y)
 ^~~
 VITIS_LOOP_1010_1: 
/home/user/Documents/kria-vitis-platforms/kv260/platforms/vivado/kv260_ispMipiRx_vcu_DP/project/kv260_ispMipiRx_vcu_DP.runs/bd_eab1_vsc_0_synth_1/prj/sol/.autopilot/db/v_vscaler.pp.0.cpp:39526:2: note: FIX-IT applied suggested code changes
/home/user/Documents/kria-vitis-platforms/kv260/platforms/vivado/kv260_ispMipiRx_vcu_DP/project/kv260_ispMipiRx_vcu_DP.runs/bd_eab1_vsc_0_synth_1/prj/sol/.autopilot/db/v_vscaler.pp.0.cpp:39528:3: warning: Added loop label VITIS_LOOP_1012_2:   [xilinx-label-all-loops]
  for (x = 0; x < loopWidth; ++x)
  ^~~
  VITIS_LOOP_1012_2: 
/home/user/Documents/kria-vitis-platforms/kv260/platforms/vivado/kv260_ispMipiRx_vcu_DP/project/kv260_ispMipiRx_vcu_DP.runs/bd_eab1_vsc_0_synth_1/prj/sol/.autopilot/db/v_vscaler.pp.0.cpp:39528:3: note: FIX-IT applied suggested code changes
/home/user/Documents/kria-vitis-platforms/kv260/platforms/vivado/kv260_ispMipiRx_vcu_DP/project/kv260_ispMipiRx_vcu_DP.runs/bd_eab1_vsc_0_synth_1/prj/sol/.autopilot/db/v_vscaler.pp.0.cpp:39540:5: warning: Added loop label VITIS_LOOP_1024_3:   [xilinx-label-all-loops]
    for (I16 s = 0; s < 1; ++s)
    ^~~
    VITIS_LOOP_1024_3: 
/home/user/Documents/kria-vitis-platforms/kv260/platforms/vivado/kv260_ispMipiRx_vcu_DP/project/kv260_ispMipiRx_vcu_DP.runs/bd_eab1_vsc_0_synth_1/prj/sol/.autopilot/db/v_vscaler.pp.0.cpp:39540:5: note: FIX-IT applied suggested code changes
/home/user/Documents/kria-vitis-platforms/kv260/platforms/vivado/kv260_ispMipiRx_vcu_DP/project/kv260_ispMipiRx_vcu_DP.runs/bd_eab1_vsc_0_synth_1/prj/sol/.autopilot/db/v_vscaler.pp.0.cpp:39550:2: warning: Added loop label VITIS_LOOP_1034_4:   [xilinx-label-all-loops]
 for (I16 i = 0; i < 2; i++)
 ^~~
 VITIS_LOOP_1034_4: 
/home/user/Documents/kria-vitis-platforms/kv260/platforms/vivado/kv260_ispMipiRx_vcu_DP/project/kv260_ispMipiRx_vcu_DP.runs/bd_eab1_vsc_0_synth_1/prj/sol/.autopilot/db/v_vscaler.pp.0.cpp:39550:2: note: FIX-IT applied suggested code changes
/home/user/Documents/kria-vitis-platforms/kv260/platforms/vivado/kv260_ispMipiRx_vcu_DP/project/kv260_ispMipiRx_vcu_DP.runs/bd_eab1_vsc_0_synth_1/prj/sol/.autopilot/db/v_vscaler.pp.0.cpp:39553:5: warning: Added loop label VITIS_LOOP_1037_5:   [xilinx-label-all-loops]
    for (int l = 0; l < 1; l++)
    ^~~
    VITIS_LOOP_1037_5: 
/home/user/Documents/kria-vitis-platforms/kv260/platforms/vivado/kv260_ispMipiRx_vcu_DP/project/kv260_ispMipiRx_vcu_DP.runs/bd_eab1_vsc_0_synth_1/prj/sol/.autopilot/db/v_vscaler.pp.0.cpp:39553:5: note: FIX-IT applied suggested code changes
/home/user/Documents/kria-vitis-platforms/kv260/platforms/vivado/kv260_ispMipiRx_vcu_DP/project/kv260_ispMipiRx_vcu_DP.runs/bd_eab1_vsc_0_synth_1/prj/sol/.autopilot/db/v_vscaler.pp.0.cpp:39566:4: warning: Added loop label VITIS_LOOP_1050_6:   [xilinx-label-all-loops]
   for (I16 i = 2 - 1; i > 0; i--)
   ^~~
   VITIS_LOOP_1050_6: 
/home/user/Documents/kria-vitis-platforms/kv260/platforms/vivado/kv260_ispMipiRx_vcu_DP/project/kv260_ispMipiRx_vcu_DP.runs/bd_eab1_vsc_0_synth_1/prj/sol/.autopilot/db/v_vscaler.pp.0.cpp:39566:4: note: FIX-IT applied suggested code changes
/home/user/Documents/kria-vitis-platforms/kv260/platforms/vivado/kv260_ispMipiRx_vcu_DP/project/kv260_ispMipiRx_vcu_DP.runs/bd_eab1_vsc_0_synth_1/prj/sol/.autopilot/db/v_vscaler.pp.0.cpp:39575:5: warning: Added loop label VITIS_LOOP_1059_7:   [xilinx-label-all-loops]
    for (int l = 0; l < 1; l++)
    ^~~
    VITIS_LOOP_1059_7: 
/home/user/Documents/kria-vitis-platforms/kv260/platforms/vivado/kv260_ispMipiRx_vcu_DP/project/kv260_ispMipiRx_vcu_DP.runs/bd_eab1_vsc_0_synth_1/prj/sol/.autopilot/db/v_vscaler.pp.0.cpp:39575:5: note: FIX-IT applied suggested code changes
/home/user/Documents/kria-vitis-platforms/kv260/platforms/vivado/kv260_ispMipiRx_vcu_DP/project/kv260_ispMipiRx_vcu_DP.runs/bd_eab1_vsc_0_synth_1/prj/sol/.autopilot/db/v_vscaler.pp.0.cpp:39587:4: warning: Added loop label VITIS_LOOP_1071_8:   [xilinx-label-all-loops]
   for (I16 i = 0; i < 3 - 1; i++)
   ^~~
   VITIS_LOOP_1071_8: 
/home/user/Documents/kria-vitis-platforms/kv260/platforms/vivado/kv260_ispMipiRx_vcu_DP/project/kv260_ispMipiRx_vcu_DP.runs/bd_eab1_vsc_0_synth_1/prj/sol/.autopilot/db/v_vscaler.pp.0.cpp:39587:4: note: FIX-IT applied suggested code changes
/home/user/Documents/kria-vitis-platforms/kv260/platforms/vivado/kv260_ispMipiRx_vcu_DP/project/kv260_ispMipiRx_vcu_DP.runs/bd_eab1_vsc_0_synth_1/prj/sol/.autopilot/db/v_vscaler.pp.0.cpp:39591:5: warning: Added loop label VITIS_LOOP_1075_9:   [xilinx-label-all-loops]
    for (int l = 0; l < 1; l++)
    ^~~
    VITIS_LOOP_1075_9: 
/home/user/Documents/kria-vitis-platforms/kv260/platforms/vivado/kv260_ispMipiRx_vcu_DP/project/kv260_ispMipiRx_vcu_DP.runs/bd_eab1_vsc_0_synth_1/prj/sol/.autopilot/db/v_vscaler.pp.0.cpp:39591:5: note: FIX-IT applied suggested code changes
/home/user/Documents/kria-vitis-platforms/kv260/platforms/vivado/kv260_ispMipiRx_vcu_DP/project/kv260_ispMipiRx_vcu_DP.runs/bd_eab1_vsc_0_synth_1/prj/sol/.autopilot/db/v_vscaler.pp.0.cpp:39611:6: warning: Added loop label VITIS_LOOP_1095_10:   [xilinx-label-all-loops]
     for (int l = 0; l < 1; l++)
     ^~~
     VITIS_LOOP_1095_10: 
/home/user/Documents/kria-vitis-platforms/kv260/platforms/vivado/kv260_ispMipiRx_vcu_DP/project/kv260_ispMipiRx_vcu_DP.runs/bd_eab1_vsc_0_synth_1/prj/sol/.autopilot/db/v_vscaler.pp.0.cpp:39611:6: note: FIX-IT applied suggested code changes
/home/user/Documents/kria-vitis-platforms/kv260/platforms/vivado/kv260_ispMipiRx_vcu_DP/project/kv260_ispMipiRx_vcu_DP.runs/bd_eab1_vsc_0_synth_1/prj/sol/.autopilot/db/v_vscaler.pp.0.cpp:39623:5: warning: Added loop label VITIS_LOOP_1107_11:   [xilinx-label-all-loops]
    for (I16 i = 3 - 2; i > 0; i--)
    ^~~
    VITIS_LOOP_1107_11: 
/home/user/Documents/kria-vitis-platforms/kv260/platforms/vivado/kv260_ispMipiRx_vcu_DP/project/kv260_ispMipiRx_vcu_DP.runs/bd_eab1_vsc_0_synth_1/prj/sol/.autopilot/db/v_vscaler.pp.0.cpp:39623:5: note: FIX-IT applied suggested code changes
/home/user/Documents/kria-vitis-platforms/kv260/platforms/vivado/kv260_ispMipiRx_vcu_DP/project/kv260_ispMipiRx_vcu_DP.runs/bd_eab1_vsc_0_synth_1/prj/sol/.autopilot/db/v_vscaler.pp.0.cpp:39632:6: warning: Added loop label VITIS_LOOP_1116_12:   [xilinx-label-all-loops]
     for (int l = 0; l < 1; l++)
     ^~~
     VITIS_LOOP_1116_12: 
/home/user/Documents/kria-vitis-platforms/kv260/platforms/vivado/kv260_ispMipiRx_vcu_DP/project/kv260_ispMipiRx_vcu_DP.runs/bd_eab1_vsc_0_synth_1/prj/sol/.autopilot/db/v_vscaler.pp.0.cpp:39632:6: note: FIX-IT applied suggested code changes
/home/user/Documents/kria-vitis-platforms/kv260/platforms/vivado/kv260_ispMipiRx_vcu_DP/project/kv260_ispMipiRx_vcu_DP.runs/bd_eab1_vsc_0_synth_1/prj/sol/.autopilot/db/v_vscaler.pp.0.cpp:39643:5: warning: Added loop label VITIS_LOOP_1127_13:   [xilinx-label-all-loops]
    for (int l = 0; l < 1; l++)
    ^~~
    VITIS_LOOP_1127_13: 
/home/user/Documents/kria-vitis-platforms/kv260/platforms/vivado/kv260_ispMipiRx_vcu_DP/project/kv260_ispMipiRx_vcu_DP.runs/bd_eab1_vsc_0_synth_1/prj/sol/.autopilot/db/v_vscaler.pp.0.cpp:39643:5: note: FIX-IT applied suggested code changes
/home/user/Documents/kria-vitis-platforms/kv260/platforms/vivado/kv260_ispMipiRx_vcu_DP/project/kv260_ispMipiRx_vcu_DP.runs/bd_eab1_vsc_0_synth_1/prj/sol/.autopilot/db/v_vscaler.pp.0.cpp:39650:4: warning: Added loop label VITIS_LOOP_1134_14:   [xilinx-label-all-loops]
   for (k = 0; k < 1; ++k)
   ^~~
   VITIS_LOOP_1134_14: 
/home/user/Documents/kria-vitis-platforms/kv260/platforms/vivado/kv260_ispMipiRx_vcu_DP/project/kv260_ispMipiRx_vcu_DP.runs/bd_eab1_vsc_0_synth_1/prj/sol/.autopilot/db/v_vscaler.pp.0.cpp:39650:4: note: FIX-IT applied suggested code changes
