

================================================================
== Vitis HLS Report for 'vscale_core_polyphase_Pipeline_loop_width_for_procpix'
================================================================
* Date:           Fri Mar  6 02:15:20 2026

* Version:        2022.2 (Build 3670227 on Oct 13 2022)
* Project:        prj
* Solution:       sol (Vivado IP Flow Target)
* Product family: zynquplus
* Target device:  xck26-sfvc784-2LV-c


================================================================
== Performance Estimates
================================================================
+ Timing: 
    * Summary: 
    +--------+---------+----------+------------+
    |  Clock |  Target | Estimated| Uncertainty|
    +--------+---------+----------+------------+
    |ap_clk  |  5.00 ns|  3.294 ns|     1.35 ns|
    +--------+---------+----------+------------+

+ Latency: 
    * Summary: 
    +---------+---------+-----------+----------+-----+------+---------+
    |  Latency (cycles) |  Latency (absolute)  |  Interval  | Pipeline|
    |   min   |   max   |    min    |    max   | min |  max |   Type  |
    +---------+---------+-----------+----------+-----+------+---------+
    |        8|     1932|  40.000 ns|  9.660 us|    8|  1932|       no|
    +---------+---------+-----------+----------+-----+------+---------+

    + Detail: 
        * Instance: 
        N/A

        * Loop: 
        +--------------------------+---------+---------+----------+-----------+-----------+----------+----------+
        |                          |  Latency (cycles) | Iteration|  Initiation Interval  |   Trip   |          |
        |         Loop Name        |   min   |   max   |  Latency |  achieved |   target  |   Count  | Pipelined|
        +--------------------------+---------+---------+----------+-----------+-----------+----------+----------+
        |- loop_width_for_procpix  |        6|     1930|        12|          1|          1|  0 ~ 1920|       yes|
        +--------------------------+---------+---------+----------+-----------+-----------+----------+----------+



================================================================
== Utilization Estimates
================================================================
* Summary: 
+-----------------+---------+------+--------+--------+-----+
|       Name      | BRAM_18K|  DSP |   FF   |   LUT  | URAM|
+-----------------+---------+------+--------+--------+-----+
|DSP              |        -|    18|       -|       -|    -|
|Expression       |        -|     -|       0|     241|    -|
|FIFO             |        -|     -|       -|       -|    -|
|Instance         |        -|     -|       -|       -|    -|
|Memory           |        -|     -|       -|       -|    -|
|Multiplexer      |        -|     -|       -|     360|    -|
|Register         |        -|     -|    1107|     224|    -|
+-----------------+---------+------+--------+--------+-----+
|Total            |        0|    18|    1107|     825|    0|
+-----------------+---------+------+--------+--------+-----+
|Available        |      288|  1248|  234240|  117120|   64|
+-----------------+---------+------+--------+--------+-----+
|Utilization (%)  |        0|     1|      ~0|      ~0|    0|
+-----------------+---------+------+--------+--------+-----+

+ Detail: 
    * Instance: 
    N/A

    * DSP: 
    +-------------------------------------+--------------------------------+--------------+
    |               Instance              |             Module             |  Expression  |
    +-------------------------------------+--------------------------------+--------------+
    |mac_muladd_16s_8ns_12ns_24_4_1_U112  |mac_muladd_16s_8ns_12ns_24_4_1  |  i0 * i1 + i2|
    |mac_muladd_16s_8ns_12ns_24_4_1_U113  |mac_muladd_16s_8ns_12ns_24_4_1  |  i0 * i1 + i2|
    |mac_muladd_16s_8ns_12ns_24_4_1_U114  |mac_muladd_16s_8ns_12ns_24_4_1  |  i0 * i1 + i2|
    |mac_muladd_16s_8ns_24s_25_4_1_U115   |mac_muladd_16s_8ns_24s_25_4_1   |  i0 + i1 * i2|
    |mac_muladd_16s_8ns_24s_25_4_1_U116   |mac_muladd_16s_8ns_24s_25_4_1   |  i0 + i1 * i2|
    |mac_muladd_16s_8ns_24s_25_4_1_U117   |mac_muladd_16s_8ns_24s_25_4_1   |  i0 + i1 * i2|
    |mac_muladd_16s_8ns_25s_26_4_1_U118   |mac_muladd_16s_8ns_25s_26_4_1   |  i0 + i1 * i2|
    |mac_muladd_16s_8ns_25s_26_4_1_U119   |mac_muladd_16s_8ns_25s_26_4_1   |  i0 + i1 * i2|
    |mac_muladd_16s_8ns_25s_26_4_1_U120   |mac_muladd_16s_8ns_25s_26_4_1   |  i0 + i1 * i2|
    |mac_muladd_16s_8ns_26s_26_4_1_U121   |mac_muladd_16s_8ns_26s_26_4_1   |  i0 + i1 * i2|
    |mac_muladd_16s_8ns_26s_26_4_1_U122   |mac_muladd_16s_8ns_26s_26_4_1   |  i0 + i1 * i2|
    |mac_muladd_16s_8ns_26s_26_4_1_U123   |mac_muladd_16s_8ns_26s_26_4_1   |  i0 + i1 * i2|
    |mac_muladd_16s_8ns_26s_27_4_1_U124   |mac_muladd_16s_8ns_26s_27_4_1   |  i0 + i1 * i2|
    |mac_muladd_16s_8ns_26s_27_4_1_U125   |mac_muladd_16s_8ns_26s_27_4_1   |  i0 + i1 * i2|
    |mac_muladd_16s_8ns_26s_27_4_1_U126   |mac_muladd_16s_8ns_26s_27_4_1   |  i0 + i1 * i2|
    |mac_muladd_16s_8ns_27s_27_4_1_U127   |mac_muladd_16s_8ns_27s_27_4_1   |  i0 + i1 * i2|
    |mac_muladd_16s_8ns_27s_27_4_1_U128   |mac_muladd_16s_8ns_27s_27_4_1   |  i0 + i1 * i2|
    |mac_muladd_16s_8ns_27s_27_4_1_U129   |mac_muladd_16s_8ns_27s_27_4_1   |  i0 + i1 * i2|
    +-------------------------------------+--------------------------------+--------------+

    * Memory: 
    N/A

    * FIFO: 
    N/A

    * Expression: 
    +------------------------------------+----------+----+---+----+------------+------------+
    |            Variable Name           | Operation| DSP| FF| LUT| Bitwidth P0| Bitwidth P1|
    +------------------------------------+----------+----+---+----+------------+------------+
    |add_ln252_fu_577_p2                 |         +|   0|  0|  18|          11|           1|
    |ap_block_pp0                        |       and|   0|  0|   2|           1|           1|
    |ap_block_state12_pp0_stage0_iter11  |       and|   0|  0|   2|           1|           1|
    |ap_block_state2_pp0_stage0_iter1    |       and|   0|  0|   2|           1|           1|
    |ap_condition_529                    |       and|   0|  0|   2|           1|           1|
    |ap_condition_76                     |       and|   0|  0|   2|           1|           1|
    |ap_enable_state2_pp0_iter1_stage0   |       and|   0|  0|   2|           1|           1|
    |ap_enable_state3_pp0_iter2_stage0   |       and|   0|  0|   2|           1|           1|
    |ap_predicate_op102_store_state3     |       and|   0|  0|   2|           1|           1|
    |icmp_ln252_fu_571_p2                |      icmp|   0|  0|  11|          11|          11|
    |icmp_ln352_1_fu_1132_p2             |      icmp|   0|  0|  10|           7|           1|
    |icmp_ln352_2_fu_1191_p2             |      icmp|   0|  0|  10|           7|           1|
    |icmp_ln352_fu_1073_p2               |      icmp|   0|  0|  10|           7|           1|
    |ap_block_pp0_stage0_01001           |        or|   0|  0|   2|           1|           1|
    |or_ln214_1_fu_1161_p2               |        or|   0|  0|   2|           1|           1|
    |or_ln214_2_fu_1220_p2               |        or|   0|  0|   2|           1|           1|
    |or_ln214_fu_1102_p2                 |        or|   0|  0|   2|           1|           1|
    |PixArrayVal_val_V_10_fu_813_p3      |    select|   0|  0|   8|           1|           8|
    |PixArrayVal_val_V_11_fu_806_p3      |    select|   0|  0|   8|           1|           8|
    |PixArrayVal_val_V_15_fu_852_p3      |    select|   0|  0|   8|           1|           8|
    |PixArrayVal_val_V_16_fu_845_p3      |    select|   0|  0|   8|           1|           8|
    |PixArrayVal_val_V_17_fu_838_p3      |    select|   0|  0|   8|           1|           8|
    |PixArrayVal_val_V_21_fu_884_p3      |    select|   0|  0|   8|           1|           8|
    |PixArrayVal_val_V_22_fu_877_p3      |    select|   0|  0|   8|           1|           8|
    |PixArrayVal_val_V_23_fu_870_p3      |    select|   0|  0|   8|           1|           8|
    |PixArrayVal_val_V_27_fu_916_p3      |    select|   0|  0|   8|           1|           8|
    |PixArrayVal_val_V_28_fu_909_p3      |    select|   0|  0|   8|           1|           8|
    |PixArrayVal_val_V_29_fu_902_p3      |    select|   0|  0|   8|           1|           8|
    |PixArrayVal_val_V_3_fu_788_p3       |    select|   0|  0|   8|           1|           8|
    |PixArrayVal_val_V_4_fu_781_p3       |    select|   0|  0|   8|           1|           8|
    |PixArrayVal_val_V_5_fu_774_p3       |    select|   0|  0|   8|           1|           8|
    |PixArrayVal_val_V_9_fu_820_p3       |    select|   0|  0|   8|           1|           8|
    |select_ln214_1_fu_1167_p3           |    select|   0|  0|   8|           1|           8|
    |select_ln214_2_fu_1226_p3           |    select|   0|  0|   8|           1|           8|
    |select_ln214_3_fu_1094_p3           |    select|   0|  0|   2|           1|           2|
    |select_ln214_4_fu_1153_p3           |    select|   0|  0|   2|           1|           2|
    |select_ln214_5_fu_1212_p3           |    select|   0|  0|   2|           1|           2|
    |select_ln214_fu_1108_p3             |    select|   0|  0|   8|           1|           8|
    |ap_enable_pp0                       |       xor|   0|  0|   2|           1|           2|
    |xor_ln214_1_fu_1147_p2              |       xor|   0|  0|   2|           1|           2|
    |xor_ln214_2_fu_1206_p2              |       xor|   0|  0|   2|           1|           2|
    |xor_ln214_fu_1088_p2                |       xor|   0|  0|   2|           1|           2|
    +------------------------------------+----------+----+---+----+------------+------------+
    |Total                               |          |   0|  0| 241|          80|         185|
    +------------------------------------+----------+----+---+----+------------+------------+

    * Multiplexer: 
    +------------------------------------------------+----+-----------+-----+-----------+
    |                      Name                      | LUT| Input Size| Bits| Total Bits|
    +------------------------------------------------+----+-----------+-----+-----------+
    |OutYUV_blk_n                                    |   9|          2|    1|          2|
    |SrcYUV422_blk_n                                 |   9|          2|    1|          2|
    |ap_done_int                                     |   9|          2|    1|          2|
    |ap_enable_reg_pp0_iter7                         |   9|          2|    1|          2|
    |ap_phi_mux_PixArray_val_V_21_phi_fu_375_p4      |   9|          2|    8|         16|
    |ap_phi_mux_PixArray_val_V_22_phi_fu_365_p4      |   9|          2|    8|         16|
    |ap_phi_mux_PixArray_val_V_23_phi_fu_355_p4      |   9|          2|    8|         16|
    |ap_phi_mux_PixArray_val_V_24_phi_fu_394_p4      |  14|          3|    8|         24|
    |ap_phi_mux_PixArray_val_V_25_phi_fu_385_p4      |  14|          3|    8|         24|
    |ap_phi_mux_PixArray_val_V_phi_fu_403_p4         |  14|          3|    8|         24|
    |ap_phi_reg_pp0_iter2_PixArray_val_V_21_reg_372  |   9|          2|    8|         16|
    |ap_phi_reg_pp0_iter2_PixArray_val_V_22_reg_362  |   9|          2|    8|         16|
    |ap_phi_reg_pp0_iter2_PixArray_val_V_23_reg_352  |   9|          2|    8|         16|
    |ap_phi_reg_pp0_iter3_PixArray_val_V_27_reg_541  |  14|          3|    8|         24|
    |ap_phi_reg_pp0_iter3_PixArray_val_V_28_reg_532  |  14|          3|    8|         24|
    |ap_phi_reg_pp0_iter3_PixArray_val_V_30_reg_512  |  14|          3|    8|         24|
    |ap_phi_reg_pp0_iter3_PixArray_val_V_31_reg_502  |  14|          3|    8|         24|
    |ap_phi_reg_pp0_iter3_PixArray_val_V_33_reg_482  |  14|          3|    8|         24|
    |ap_phi_reg_pp0_iter3_PixArray_val_V_34_reg_472  |  14|          3|    8|         24|
    |ap_phi_reg_pp0_iter3_PixArray_val_V_36_reg_452  |  14|          3|    8|         24|
    |ap_phi_reg_pp0_iter3_PixArray_val_V_37_reg_442  |  14|          3|    8|         24|
    |ap_phi_reg_pp0_iter3_PixArray_val_V_39_reg_420  |  14|          3|    8|         24|
    |ap_phi_reg_pp0_iter3_PixArray_val_V_40_reg_409  |  14|          3|    8|         24|
    |ap_phi_reg_pp0_iter3_PixArray_val_V_41_reg_550  |  14|          3|    8|         24|
    |ap_phi_reg_pp0_iter3_PixArray_val_V_42_reg_522  |  14|          3|    8|         24|
    |ap_phi_reg_pp0_iter3_PixArray_val_V_43_reg_492  |  14|          3|    8|         24|
    |ap_phi_reg_pp0_iter3_PixArray_val_V_44_reg_462  |  14|          3|    8|         24|
    |ap_phi_reg_pp0_iter3_PixArray_val_V_45_reg_431  |  14|          3|    8|         24|
    |ap_sig_allocacmp_x_1                            |   9|          2|   11|         22|
    |x_fu_122                                        |   9|          2|   11|         22|
    +------------------------------------------------+----+-----------+-----+-----------+
    |Total                                           | 360|         78|  218|        580|
    +------------------------------------------------+----+-----------+-----+-----------+

    * Register: 
    +------------------------------------------------+----+----+-----+-----------+
    |                      Name                      | FF | LUT| Bits| Const Bits|
    +------------------------------------------------+----+----+-----+-----------+
    |LineBuf_val_V_1_addr_reg_1471                   |  11|   0|   11|          0|
    |LineBuf_val_V_2_addr_reg_1477                   |  11|   0|   11|          0|
    |LineBuf_val_V_3_addr_reg_1483                   |  11|   0|   11|          0|
    |LineBuf_val_V_4_addr_reg_1489                   |  11|   0|   11|          0|
    |LineBuf_val_V_5_addr_reg_1495                   |  11|   0|   11|          0|
    |PixArray_val_V_30_reg_512                       |   8|   0|    8|          0|
    |PixArray_val_V_31_reg_502                       |   8|   0|    8|          0|
    |PixArray_val_V_33_reg_482                       |   8|   0|    8|          0|
    |PixArray_val_V_33_reg_482_pp0_iter4_reg         |   8|   0|    8|          0|
    |PixArray_val_V_34_reg_472                       |   8|   0|    8|          0|
    |PixArray_val_V_34_reg_472_pp0_iter4_reg         |   8|   0|    8|          0|
    |PixArray_val_V_36_reg_452                       |   8|   0|    8|          0|
    |PixArray_val_V_37_reg_442                       |   8|   0|    8|          0|
    |PixArray_val_V_39_reg_420                       |   8|   0|    8|          0|
    |PixArray_val_V_40_reg_409                       |   8|   0|    8|          0|
    |PixArray_val_V_42_reg_522                       |   8|   0|    8|          0|
    |PixArray_val_V_43_reg_492                       |   8|   0|    8|          0|
    |PixArray_val_V_43_reg_492_pp0_iter4_reg         |   8|   0|    8|          0|
    |PixArray_val_V_44_reg_462                       |   8|   0|    8|          0|
    |PixArray_val_V_45_reg_431                       |   8|   0|    8|          0|
    |ap_CS_fsm                                       |   1|   0|    1|          0|
    |ap_done_reg                                     |   1|   0|    1|          0|
    |ap_enable_reg_pp0_iter1                         |   1|   0|    1|          0|
    |ap_enable_reg_pp0_iter10                        |   1|   0|    1|          0|
    |ap_enable_reg_pp0_iter11                        |   1|   0|    1|          0|
    |ap_enable_reg_pp0_iter2                         |   1|   0|    1|          0|
    |ap_enable_reg_pp0_iter3                         |   1|   0|    1|          0|
    |ap_enable_reg_pp0_iter4                         |   1|   0|    1|          0|
    |ap_enable_reg_pp0_iter5                         |   1|   0|    1|          0|
    |ap_enable_reg_pp0_iter6                         |   1|   0|    1|          0|
    |ap_enable_reg_pp0_iter7                         |   1|   0|    1|          0|
    |ap_enable_reg_pp0_iter8                         |   1|   0|    1|          0|
    |ap_enable_reg_pp0_iter9                         |   1|   0|    1|          0|
    |ap_loop_exit_ready_pp0_iter10_reg               |   1|   0|    1|          0|
    |ap_loop_exit_ready_pp0_iter1_reg                |   1|   0|    1|          0|
    |ap_loop_exit_ready_pp0_iter2_reg                |   1|   0|    1|          0|
    |ap_loop_exit_ready_pp0_iter3_reg                |   1|   0|    1|          0|
    |ap_loop_exit_ready_pp0_iter4_reg                |   1|   0|    1|          0|
    |ap_loop_exit_ready_pp0_iter5_reg                |   1|   0|    1|          0|
    |ap_loop_exit_ready_pp0_iter6_reg                |   1|   0|    1|          0|
    |ap_loop_exit_ready_pp0_iter7_reg                |   1|   0|    1|          0|
    |ap_loop_exit_ready_pp0_iter8_reg                |   1|   0|    1|          0|
    |ap_loop_exit_ready_pp0_iter9_reg                |   1|   0|    1|          0|
    |ap_phi_reg_pp0_iter1_PixArray_val_V_21_reg_372  |   8|   0|    8|          0|
    |ap_phi_reg_pp0_iter1_PixArray_val_V_22_reg_362  |   8|   0|    8|          0|
    |ap_phi_reg_pp0_iter1_PixArray_val_V_23_reg_352  |   8|   0|    8|          0|
    |ap_phi_reg_pp0_iter1_PixArray_val_V_27_reg_541  |   8|   0|    8|          0|
    |ap_phi_reg_pp0_iter1_PixArray_val_V_28_reg_532  |   8|   0|    8|          0|
    |ap_phi_reg_pp0_iter1_PixArray_val_V_30_reg_512  |   8|   0|    8|          0|
    |ap_phi_reg_pp0_iter1_PixArray_val_V_31_reg_502  |   8|   0|    8|          0|
    |ap_phi_reg_pp0_iter1_PixArray_val_V_33_reg_482  |   8|   0|    8|          0|
    |ap_phi_reg_pp0_iter1_PixArray_val_V_34_reg_472  |   8|   0|    8|          0|
    |ap_phi_reg_pp0_iter1_PixArray_val_V_36_reg_452  |   8|   0|    8|          0|
    |ap_phi_reg_pp0_iter1_PixArray_val_V_37_reg_442  |   8|   0|    8|          0|
    |ap_phi_reg_pp0_iter1_PixArray_val_V_39_reg_420  |   8|   0|    8|          0|
    |ap_phi_reg_pp0_iter1_PixArray_val_V_40_reg_409  |   8|   0|    8|          0|
    |ap_phi_reg_pp0_iter1_PixArray_val_V_41_reg_550  |   8|   0|    8|          0|
    |ap_phi_reg_pp0_iter1_PixArray_val_V_42_reg_522  |   8|   0|    8|          0|
    |ap_phi_reg_pp0_iter1_PixArray_val_V_43_reg_492  |   8|   0|    8|          0|
    |ap_phi_reg_pp0_iter1_PixArray_val_V_44_reg_462  |   8|   0|    8|          0|
    |ap_phi_reg_pp0_iter1_PixArray_val_V_45_reg_431  |   8|   0|    8|          0|
    |ap_phi_reg_pp0_iter2_PixArray_val_V_21_reg_372  |   8|   0|    8|          0|
    |ap_phi_reg_pp0_iter2_PixArray_val_V_22_reg_362  |   8|   0|    8|          0|
    |ap_phi_reg_pp0_iter2_PixArray_val_V_23_reg_352  |   8|   0|    8|          0|
    |ap_phi_reg_pp0_iter2_PixArray_val_V_27_reg_541  |   8|   0|    8|          0|
    |ap_phi_reg_pp0_iter2_PixArray_val_V_28_reg_532  |   8|   0|    8|          0|
    |ap_phi_reg_pp0_iter2_PixArray_val_V_30_reg_512  |   8|   0|    8|          0|
    |ap_phi_reg_pp0_iter2_PixArray_val_V_31_reg_502  |   8|   0|    8|          0|
    |ap_phi_reg_pp0_iter2_PixArray_val_V_33_reg_482  |   8|   0|    8|          0|
    |ap_phi_reg_pp0_iter2_PixArray_val_V_34_reg_472  |   8|   0|    8|          0|
    |ap_phi_reg_pp0_iter2_PixArray_val_V_36_reg_452  |   8|   0|    8|          0|
    |ap_phi_reg_pp0_iter2_PixArray_val_V_37_reg_442  |   8|   0|    8|          0|
    |ap_phi_reg_pp0_iter2_PixArray_val_V_39_reg_420  |   8|   0|    8|          0|
    |ap_phi_reg_pp0_iter2_PixArray_val_V_40_reg_409  |   8|   0|    8|          0|
    |ap_phi_reg_pp0_iter2_PixArray_val_V_41_reg_550  |   8|   0|    8|          0|
    |ap_phi_reg_pp0_iter2_PixArray_val_V_42_reg_522  |   8|   0|    8|          0|
    |ap_phi_reg_pp0_iter2_PixArray_val_V_43_reg_492  |   8|   0|    8|          0|
    |ap_phi_reg_pp0_iter2_PixArray_val_V_44_reg_462  |   8|   0|    8|          0|
    |ap_phi_reg_pp0_iter2_PixArray_val_V_45_reg_431  |   8|   0|    8|          0|
    |ap_phi_reg_pp0_iter3_PixArray_val_V_27_reg_541  |   8|   0|    8|          0|
    |ap_phi_reg_pp0_iter3_PixArray_val_V_28_reg_532  |   8|   0|    8|          0|
    |ap_phi_reg_pp0_iter3_PixArray_val_V_30_reg_512  |   8|   0|    8|          0|
    |ap_phi_reg_pp0_iter3_PixArray_val_V_31_reg_502  |   8|   0|    8|          0|
    |ap_phi_reg_pp0_iter3_PixArray_val_V_33_reg_482  |   8|   0|    8|          0|
    |ap_phi_reg_pp0_iter3_PixArray_val_V_34_reg_472  |   8|   0|    8|          0|
    |ap_phi_reg_pp0_iter3_PixArray_val_V_36_reg_452  |   8|   0|    8|          0|
    |ap_phi_reg_pp0_iter3_PixArray_val_V_37_reg_442  |   8|   0|    8|          0|
    |ap_phi_reg_pp0_iter3_PixArray_val_V_39_reg_420  |   8|   0|    8|          0|
    |ap_phi_reg_pp0_iter3_PixArray_val_V_40_reg_409  |   8|   0|    8|          0|
    |ap_phi_reg_pp0_iter3_PixArray_val_V_41_reg_550  |   8|   0|    8|          0|
    |ap_phi_reg_pp0_iter3_PixArray_val_V_42_reg_522  |   8|   0|    8|          0|
    |ap_phi_reg_pp0_iter3_PixArray_val_V_43_reg_492  |   8|   0|    8|          0|
    |ap_phi_reg_pp0_iter3_PixArray_val_V_44_reg_462  |   8|   0|    8|          0|
    |ap_phi_reg_pp0_iter3_PixArray_val_V_45_reg_431  |   8|   0|    8|          0|
    |icmp_ln252_reg_1457                             |   1|   0|    1|          0|
    |idxprom11_i_cast_reg_1442                       |   6|   0|   64|         58|
    |select_ln214_1_reg_1840                         |   8|   0|    8|          0|
    |select_ln214_2_reg_1845                         |   8|   0|    8|          0|
    |select_ln214_reg_1835                           |   8|   0|    8|          0|
    |x_1_reg_1452                                    |  11|   0|   11|          0|
    |x_fu_122                                        |  11|   0|   11|          0|
    |PixArray_val_V_36_reg_452                       |  64|  32|    8|          0|
    |PixArray_val_V_37_reg_442                       |  64|  32|    8|          0|
    |PixArray_val_V_39_reg_420                       |  64|  32|    8|          0|
    |PixArray_val_V_40_reg_409                       |  64|  32|    8|          0|
    |PixArray_val_V_44_reg_462                       |  64|  32|    8|          0|
    |PixArray_val_V_45_reg_431                       |  64|  32|    8|          0|
    |icmp_ln252_reg_1457                             |  64|  32|    1|          0|
    +------------------------------------------------+----+----+-----+-----------+
    |Total                                           |1107| 224|  766|         58|
    +------------------------------------------------+----+----+-----+-----------+



================================================================
== Interface
================================================================
* Summary: 
+--------------------------+-----+-----+------------+-------------------------------------------------------+--------------+
|         RTL Ports        | Dir | Bits|  Protocol  |                     Source Object                     |    C Type    |
+--------------------------+-----+-----+------------+-------------------------------------------------------+--------------+
|ap_clk                    |   in|    1|  ap_ctrl_hs|  vscale_core_polyphase_Pipeline_loop_width_for_procpix|  return value|
|ap_rst                    |   in|    1|  ap_ctrl_hs|  vscale_core_polyphase_Pipeline_loop_width_for_procpix|  return value|
|ap_start                  |   in|    1|  ap_ctrl_hs|  vscale_core_polyphase_Pipeline_loop_width_for_procpix|  return value|
|ap_done                   |  out|    1|  ap_ctrl_hs|  vscale_core_polyphase_Pipeline_loop_width_for_procpix|  return value|
|ap_idle                   |  out|    1|  ap_ctrl_hs|  vscale_core_polyphase_Pipeline_loop_width_for_procpix|  return value|
|ap_ready                  |  out|    1|  ap_ctrl_hs|  vscale_core_polyphase_Pipeline_loop_width_for_procpix|  return value|
|SrcYUV422_dout            |   in|   24|     ap_fifo|                                              SrcYUV422|       pointer|
|SrcYUV422_num_data_valid  |   in|    5|     ap_fifo|                                              SrcYUV422|       pointer|
|SrcYUV422_fifo_cap        |   in|    5|     ap_fifo|                                              SrcYUV422|       pointer|
|SrcYUV422_empty_n         |   in|    1|     ap_fifo|                                              SrcYUV422|       pointer|
|SrcYUV422_read            |  out|    1|     ap_fifo|                                              SrcYUV422|       pointer|
|OutYUV_din                |  out|   24|     ap_fifo|                                                 OutYUV|       pointer|
|OutYUV_num_data_valid     |   in|    5|     ap_fifo|                                                 OutYUV|       pointer|
|OutYUV_fifo_cap           |   in|    5|     ap_fifo|                                                 OutYUV|       pointer|
|OutYUV_full_n             |   in|    1|     ap_fifo|                                                 OutYUV|       pointer|
|OutYUV_write              |  out|    1|     ap_fifo|                                                 OutYUV|       pointer|
|FiltCoeff_5_address0      |  out|    6|   ap_memory|                                            FiltCoeff_5|         array|
|FiltCoeff_5_ce0           |  out|    1|   ap_memory|                                            FiltCoeff_5|         array|
|FiltCoeff_5_q0            |   in|   16|   ap_memory|                                            FiltCoeff_5|         array|
|idxprom11_i               |   in|    6|     ap_none|                                            idxprom11_i|        scalar|
|FiltCoeff_4_address0      |  out|    6|   ap_memory|                                            FiltCoeff_4|         array|
|FiltCoeff_4_ce0           |  out|    1|   ap_memory|                                            FiltCoeff_4|         array|
|FiltCoeff_4_q0            |   in|   16|   ap_memory|                                            FiltCoeff_4|         array|
|FiltCoeff_3_address0      |  out|    6|   ap_memory|                                            FiltCoeff_3|         array|
|FiltCoeff_3_ce0           |  out|    1|   ap_memory|                                            FiltCoeff_3|         array|
|FiltCoeff_3_q0            |   in|   16|   ap_memory|                                            FiltCoeff_3|         array|
|FiltCoeff_2_address0      |  out|    6|   ap_memory|                                            FiltCoeff_2|         array|
|FiltCoeff_2_ce0           |  out|    1|   ap_memory|                                            FiltCoeff_2|         array|
|FiltCoeff_2_q0            |   in|   16|   ap_memory|                                            FiltCoeff_2|         array|
|FiltCoeff_1_address0      |  out|    6|   ap_memory|                                            FiltCoeff_1|         array|
|FiltCoeff_1_ce0           |  out|    1|   ap_memory|                                            FiltCoeff_1|         array|
|FiltCoeff_1_q0            |   in|   16|   ap_memory|                                            FiltCoeff_1|         array|
|FiltCoeff_address0        |  out|    6|   ap_memory|                                              FiltCoeff|         array|
|FiltCoeff_ce0             |  out|    1|   ap_memory|                                              FiltCoeff|         array|
|FiltCoeff_q0              |   in|   16|   ap_memory|                                              FiltCoeff|         array|
|InPixels                  |   in|   11|     ap_none|                                               InPixels|        scalar|
|OutputWriteEn_1           |   in|    1|     ap_none|                                        OutputWriteEn_1|        scalar|
|LineBuf_val_V_5_address0  |  out|   11|   ap_memory|                                        LineBuf_val_V_5|         array|
|LineBuf_val_V_5_ce0       |  out|    1|   ap_memory|                                        LineBuf_val_V_5|         array|
|LineBuf_val_V_5_we0       |  out|    1|   ap_memory|                                        LineBuf_val_V_5|         array|
|LineBuf_val_V_5_d0        |  out|   24|   ap_memory|                                        LineBuf_val_V_5|         array|
|LineBuf_val_V_5_address1  |  out|   11|   ap_memory|                                        LineBuf_val_V_5|         array|
|LineBuf_val_V_5_ce1       |  out|    1|   ap_memory|                                        LineBuf_val_V_5|         array|
|LineBuf_val_V_5_q1        |   in|   24|   ap_memory|                                        LineBuf_val_V_5|         array|
|LineBuf_val_V_4_address0  |  out|   11|   ap_memory|                                        LineBuf_val_V_4|         array|
|LineBuf_val_V_4_ce0       |  out|    1|   ap_memory|                                        LineBuf_val_V_4|         array|
|LineBuf_val_V_4_we0       |  out|    1|   ap_memory|                                        LineBuf_val_V_4|         array|
|LineBuf_val_V_4_d0        |  out|   24|   ap_memory|                                        LineBuf_val_V_4|         array|
|LineBuf_val_V_4_address1  |  out|   11|   ap_memory|                                        LineBuf_val_V_4|         array|
|LineBuf_val_V_4_ce1       |  out|    1|   ap_memory|                                        LineBuf_val_V_4|         array|
|LineBuf_val_V_4_q1        |   in|   24|   ap_memory|                                        LineBuf_val_V_4|         array|
|LineBuf_val_V_3_address0  |  out|   11|   ap_memory|                                        LineBuf_val_V_3|         array|
|LineBuf_val_V_3_ce0       |  out|    1|   ap_memory|                                        LineBuf_val_V_3|         array|
|LineBuf_val_V_3_we0       |  out|    1|   ap_memory|                                        LineBuf_val_V_3|         array|
|LineBuf_val_V_3_d0        |  out|   24|   ap_memory|                                        LineBuf_val_V_3|         array|
|LineBuf_val_V_3_address1  |  out|   11|   ap_memory|                                        LineBuf_val_V_3|         array|
|LineBuf_val_V_3_ce1       |  out|    1|   ap_memory|                                        LineBuf_val_V_3|         array|
|LineBuf_val_V_3_q1        |   in|   24|   ap_memory|                                        LineBuf_val_V_3|         array|
|LineBuf_val_V_2_address0  |  out|   11|   ap_memory|                                        LineBuf_val_V_2|         array|
|LineBuf_val_V_2_ce0       |  out|    1|   ap_memory|                                        LineBuf_val_V_2|         array|
|LineBuf_val_V_2_we0       |  out|    1|   ap_memory|                                        LineBuf_val_V_2|         array|
|LineBuf_val_V_2_d0        |  out|   24|   ap_memory|                                        LineBuf_val_V_2|         array|
|LineBuf_val_V_2_address1  |  out|   11|   ap_memory|                                        LineBuf_val_V_2|         array|
|LineBuf_val_V_2_ce1       |  out|    1|   ap_memory|                                        LineBuf_val_V_2|         array|
|LineBuf_val_V_2_q1        |   in|   24|   ap_memory|                                        LineBuf_val_V_2|         array|
|LineBuf_val_V_1_address0  |  out|   11|   ap_memory|                                        LineBuf_val_V_1|         array|
|LineBuf_val_V_1_ce0       |  out|    1|   ap_memory|                                        LineBuf_val_V_1|         array|
|LineBuf_val_V_1_we0       |  out|    1|   ap_memory|                                        LineBuf_val_V_1|         array|
|LineBuf_val_V_1_d0        |  out|   24|   ap_memory|                                        LineBuf_val_V_1|         array|
|LineBuf_val_V_1_address1  |  out|   11|   ap_memory|                                        LineBuf_val_V_1|         array|
|LineBuf_val_V_1_ce1       |  out|    1|   ap_memory|                                        LineBuf_val_V_1|         array|
|LineBuf_val_V_1_q1        |   in|   24|   ap_memory|                                        LineBuf_val_V_1|         array|
|LineBuf_val_V_address0    |  out|   11|   ap_memory|                                          LineBuf_val_V|         array|
|LineBuf_val_V_ce0         |  out|    1|   ap_memory|                                          LineBuf_val_V|         array|
|LineBuf_val_V_we0         |  out|    1|   ap_memory|                                          LineBuf_val_V|         array|
|LineBuf_val_V_d0          |  out|   24|   ap_memory|                                          LineBuf_val_V|         array|
|LineBuf_val_V_q0          |   in|   24|   ap_memory|                                          LineBuf_val_V|         array|
|brmerge                   |   in|    1|     ap_none|                                                brmerge|        scalar|
|cmp159                    |   in|    1|     ap_none|                                                 cmp159|        scalar|
|cmp119                    |   in|    1|     ap_none|                                                 cmp119|        scalar|
+--------------------------+-----+-----+------------+-------------------------------------------------------+--------------+

============================================================
+ Verbose Summary: Synthesis Manager
============================================================
InlineROM: 1
ExposeGlobal: 0
============================================================
+ Verbose Summary: CDFG Model
============================================================
IsTopModel: 0
ResetActiveHigh: 1
IsCombinational: 2
IsDatapathOnly: 2
HasWiredReturn: 1
HasMFsm: 2
HasVarLatency: 1
IsPipeline: 0
IsRtlPipelined: 0
IsInstanceOverlapped: 0
IsDontTouch: 0
HasImplIP: 0
IsGatedGlobalClock: 0

+ Individual pipeline summary: 
  * Pipeline-0: initiation interval (II) = 1, depth = 12


============================================================
+ Verbose Summary: Schedule
============================================================
* Number of FSM states : 12
* Pipeline : 1
  Pipeline-0 : II = 1, D = 12, States = { 1 2 3 4 5 6 7 8 9 10 11 12 }
* Dataflow Pipeline: 0

* FSM state transitions: 
1 --> 2 
2 --> 3 
3 --> 4 
4 --> 5 
5 --> 6 
6 --> 7 
7 --> 8 
8 --> 9 
9 --> 10 
10 --> 11 
11 --> 12 
12 --> 

* FSM state operations: 

State 1 <SV = 0> <Delay = 1.37>
ST_1 : Operation 15 [1/1] (0.00ns)   --->   "%x = alloca i32 1"   --->   Operation 15 'alloca' 'x' <Predicate = true> <Delay = 0.00>
ST_1 : Operation 16 [1/1] (0.00ns)   --->   "%cmp119_read = read i1 @_ssdm_op_Read.ap_auto.i1, i1 %cmp119"   --->   Operation 16 'read' 'cmp119_read' <Predicate = true> <Delay = 0.00>
ST_1 : Operation 17 [1/1] (0.00ns)   --->   "%cmp159_read = read i1 @_ssdm_op_Read.ap_auto.i1, i1 %cmp159"   --->   Operation 17 'read' 'cmp159_read' <Predicate = true> <Delay = 0.00>
ST_1 : Operation 18 [1/1] (0.00ns)   --->   "%brmerge_read = read i1 @_ssdm_op_Read.ap_auto.i1, i1 %brmerge"   --->   Operation 18 'read' 'brmerge_read' <Predicate = true> <Delay = 0.00>
ST_1 : Operation 19 [1/1] (0.00ns)   --->   "%OutputWriteEn_1_read = read i1 @_ssdm_op_Read.ap_auto.i1, i1 %OutputWriteEn_1"   --->   Operation 19 'read' 'OutputWriteEn_1_read' <Predicate = true> <Delay = 0.00>
ST_1 : Operation 20 [1/1] (0.00ns)   --->   "%InPixels_read = read i11 @_ssdm_op_Read.ap_auto.i11, i11 %InPixels"   --->   Operation 20 'read' 'InPixels_read' <Predicate = true> <Delay = 0.00>
ST_1 : Operation 21 [1/1] (0.00ns)   --->   "%idxprom11_i_read = read i6 @_ssdm_op_Read.ap_auto.i6, i6 %idxprom11_i"   --->   Operation 21 'read' 'idxprom11_i_read' <Predicate = true> <Delay = 0.00>
ST_1 : Operation 22 [1/1] (0.00ns)   --->   "%idxprom11_i_cast = zext i6 %idxprom11_i_read"   --->   Operation 22 'zext' 'idxprom11_i_cast' <Predicate = true> <Delay = 0.00>
ST_1 : Operation 23 [1/1] (0.00ns)   --->   "%specmemcore_ln0 = specmemcore void @_ssdm_op_SpecMemCore, i16 %FiltCoeff, i64 666, i64 19, i64 18446744073709551615"   --->   Operation 23 'specmemcore' 'specmemcore_ln0' <Predicate = true> <Delay = 0.00>
ST_1 : Operation 24 [1/1] (0.00ns)   --->   "%specmemcore_ln0 = specmemcore void @_ssdm_op_SpecMemCore, i16 %FiltCoeff_1, i64 666, i64 19, i64 18446744073709551615"   --->   Operation 24 'specmemcore' 'specmemcore_ln0' <Predicate = true> <Delay = 0.00>
ST_1 : Operation 25 [1/1] (0.00ns)   --->   "%specmemcore_ln0 = specmemcore void @_ssdm_op_SpecMemCore, i16 %FiltCoeff_2, i64 666, i64 19, i64 18446744073709551615"   --->   Operation 25 'specmemcore' 'specmemcore_ln0' <Predicate = true> <Delay = 0.00>
ST_1 : Operation 26 [1/1] (0.00ns)   --->   "%specmemcore_ln0 = specmemcore void @_ssdm_op_SpecMemCore, i16 %FiltCoeff_3, i64 666, i64 19, i64 18446744073709551615"   --->   Operation 26 'specmemcore' 'specmemcore_ln0' <Predicate = true> <Delay = 0.00>
ST_1 : Operation 27 [1/1] (0.00ns)   --->   "%specmemcore_ln0 = specmemcore void @_ssdm_op_SpecMemCore, i16 %FiltCoeff_4, i64 666, i64 19, i64 18446744073709551615"   --->   Operation 27 'specmemcore' 'specmemcore_ln0' <Predicate = true> <Delay = 0.00>
ST_1 : Operation 28 [1/1] (0.00ns)   --->   "%specmemcore_ln0 = specmemcore void @_ssdm_op_SpecMemCore, i16 %FiltCoeff_5, i64 666, i64 19, i64 18446744073709551615"   --->   Operation 28 'specmemcore' 'specmemcore_ln0' <Predicate = true> <Delay = 0.00>
ST_1 : Operation 29 [1/1] (0.00ns)   --->   "%specinterface_ln0 = specinterface void @_ssdm_op_SpecInterface, i24 %SrcYUV422, void @empty_7, i32 0, i32 0, void @empty_0, i32 0, i32 0, void @empty_0, void @empty_0, void @empty_0, i32 0, i32 0, i32 0, i32 0, void @empty_0, void @empty_0, i32 4294967295, i32 0"   --->   Operation 29 'specinterface' 'specinterface_ln0' <Predicate = true> <Delay = 0.00>
ST_1 : Operation 30 [1/1] (0.00ns)   --->   "%specinterface_ln0 = specinterface void @_ssdm_op_SpecInterface, i24 %OutYUV, void @empty_7, i32 0, i32 0, void @empty_0, i32 0, i32 0, void @empty_0, void @empty_0, void @empty_0, i32 0, i32 0, i32 0, i32 0, void @empty_0, void @empty_0, i32 4294967295, i32 0"   --->   Operation 30 'specinterface' 'specinterface_ln0' <Predicate = true> <Delay = 0.00>
ST_1 : Operation 31 [1/1] (0.42ns)   --->   "%store_ln0 = store i11 0, i11 %x"   --->   Operation 31 'store' 'store_ln0' <Predicate = true> <Delay = 0.42>
ST_1 : Operation 32 [1/1] (0.00ns)   --->   "%br_ln0 = br void %for.body63"   --->   Operation 32 'br' 'br_ln0' <Predicate = true> <Delay = 0.00>
ST_1 : Operation 33 [1/1] (0.00ns)   --->   "%x_1 = load i11 %x" [/home/user/Documents/kria-vitis-platforms/kv260/platforms/vivado/kv260_ispMipiRx_vcu_DP/project/kv260_ispMipiRx_vcu_DP.runs/bd_eab1_vsc_0_synth_1/prj/sol/.autopilot/db/v_vscaler.cpp:252]   --->   Operation 33 'load' 'x_1' <Predicate = true> <Delay = 0.00>
ST_1 : Operation 34 [1/1] (0.94ns)   --->   "%icmp_ln252 = icmp_eq  i11 %x_1, i11 %InPixels_read" [/home/user/Documents/kria-vitis-platforms/kv260/platforms/vivado/kv260_ispMipiRx_vcu_DP/project/kv260_ispMipiRx_vcu_DP.runs/bd_eab1_vsc_0_synth_1/prj/sol/.autopilot/db/v_vscaler.cpp:252]   --->   Operation 34 'icmp' 'icmp_ln252' <Predicate = true> <Delay = 0.94> <CoreInst = "Cmp">   --->   Core 9 'Cmp' <Latency = 0> <II = 1> <Delay = 0.94> <FuncUnit> <Opcode : 'icmp'> <InPorts = 2> <OutPorts = 1>
ST_1 : Operation 35 [1/1] (0.79ns)   --->   "%add_ln252 = add i11 %x_1, i11 1" [/home/user/Documents/kria-vitis-platforms/kv260/platforms/vivado/kv260_ispMipiRx_vcu_DP/project/kv260_ispMipiRx_vcu_DP.runs/bd_eab1_vsc_0_synth_1/prj/sol/.autopilot/db/v_vscaler.cpp:252]   --->   Operation 35 'add' 'add_ln252' <Predicate = true> <Delay = 0.79> <CoreInst = "Adder">   --->   Core 1 'Adder' <Latency = 0> <II = 1> <Delay = 0.79> <FuncUnit> <Opcode : 'add' 'sub'> <InPorts = 2> <OutPorts = 1>
ST_1 : Operation 36 [1/1] (0.00ns)   --->   "%br_ln252 = br i1 %icmp_ln252, void %for.body63.split, void %for.inc209.loopexit.exitStub" [/home/user/Documents/kria-vitis-platforms/kv260/platforms/vivado/kv260_ispMipiRx_vcu_DP/project/kv260_ispMipiRx_vcu_DP.runs/bd_eab1_vsc_0_synth_1/prj/sol/.autopilot/db/v_vscaler.cpp:252]   --->   Operation 36 'br' 'br_ln252' <Predicate = true> <Delay = 0.00>
ST_1 : Operation 37 [1/1] (0.00ns)   --->   "%br_ln324 = br i1 %OutputWriteEn_1_read, void %for.inc206, void %for.body8.i" [/home/user/Documents/kria-vitis-platforms/kv260/platforms/vivado/kv260_ispMipiRx_vcu_DP/project/kv260_ispMipiRx_vcu_DP.runs/bd_eab1_vsc_0_synth_1/prj/sol/.autopilot/db/v_vscaler.cpp:324]   --->   Operation 37 'br' 'br_ln324' <Predicate = (!icmp_ln252)> <Delay = 0.00>
ST_1 : Operation 38 [1/1] (0.42ns)   --->   "%store_ln252 = store i11 %add_ln252, i11 %x" [/home/user/Documents/kria-vitis-platforms/kv260/platforms/vivado/kv260_ispMipiRx_vcu_DP/project/kv260_ispMipiRx_vcu_DP.runs/bd_eab1_vsc_0_synth_1/prj/sol/.autopilot/db/v_vscaler.cpp:252]   --->   Operation 38 'store' 'store_ln252' <Predicate = (!icmp_ln252)> <Delay = 0.42>
ST_1 : Operation 39 [1/1] (0.00ns)   --->   "%br_ln252 = br void %for.body63" [/home/user/Documents/kria-vitis-platforms/kv260/platforms/vivado/kv260_ispMipiRx_vcu_DP/project/kv260_ispMipiRx_vcu_DP.runs/bd_eab1_vsc_0_synth_1/prj/sol/.autopilot/db/v_vscaler.cpp:252]   --->   Operation 39 'br' 'br_ln252' <Predicate = (!icmp_ln252)> <Delay = 0.00>

State 2 <SV = 1> <Delay = 3.06>
ST_2 : Operation 40 [1/1] (0.00ns)   --->   "%FiltCoeff_addr = getelementptr i16 %FiltCoeff, i64 0, i64 %idxprom11_i_cast"   --->   Operation 40 'getelementptr' 'FiltCoeff_addr' <Predicate = true> <Delay = 0.00>
ST_2 : Operation 41 [1/1] (0.00ns)   --->   "%zext_ln252 = zext i11 %x_1" [/home/user/Documents/kria-vitis-platforms/kv260/platforms/vivado/kv260_ispMipiRx_vcu_DP/project/kv260_ispMipiRx_vcu_DP.runs/bd_eab1_vsc_0_synth_1/prj/sol/.autopilot/db/v_vscaler.cpp:252]   --->   Operation 41 'zext' 'zext_ln252' <Predicate = true> <Delay = 0.00>
ST_2 : Operation 42 [1/1] (0.00ns)   --->   "%LineBuf_val_V_addr = getelementptr i24 %LineBuf_val_V, i64 0, i64 %zext_ln252" [/home/user/Documents/kria-vitis-platforms/kv260/platforms/vivado/kv260_ispMipiRx_vcu_DP/project/kv260_ispMipiRx_vcu_DP.gen/sources_1/bd/kv260_ispMipiRx_vcu_DP/ip/kv260_ispMipiRx_vcu_DP_v_proc_ss_0_0/bd_0/ip/ip_1/src/hls/hls_video_mem.h:836]   --->   Operation 42 'getelementptr' 'LineBuf_val_V_addr' <Predicate = (!icmp_ln252)> <Delay = 0.00>
ST_2 : Operation 43 [2/2] (1.23ns)   --->   "%LineBufVal_V_5 = load i11 %LineBuf_val_V_addr" [/home/user/Documents/kria-vitis-platforms/kv260/platforms/vivado/kv260_ispMipiRx_vcu_DP/project/kv260_ispMipiRx_vcu_DP.runs/bd_eab1_vsc_0_synth_1/prj/sol/.autopilot/db/v_vscaler.cpp:264]   --->   Operation 43 'load' 'LineBufVal_V_5' <Predicate = (!icmp_ln252)> <Delay = 1.23> <CoreInst = "RAM">   --->   Core 83 'RAM' <Latency = 1> <II = 1> <Delay = 1.23> <Storage> <Opcode : 'load' 'store'> <Ports = 2> <Width = 24> <Depth = 1920> <RAM>
ST_2 : Operation 44 [1/1] (0.00ns)   --->   "%LineBuf_val_V_1_addr = getelementptr i24 %LineBuf_val_V_1, i64 0, i64 %zext_ln252" [/home/user/Documents/kria-vitis-platforms/kv260/platforms/vivado/kv260_ispMipiRx_vcu_DP/project/kv260_ispMipiRx_vcu_DP.gen/sources_1/bd/kv260_ispMipiRx_vcu_DP/ip/kv260_ispMipiRx_vcu_DP_v_proc_ss_0_0/bd_0/ip/ip_1/src/hls/hls_video_mem.h:836]   --->   Operation 44 'getelementptr' 'LineBuf_val_V_1_addr' <Predicate = (!icmp_ln252)> <Delay = 0.00>
ST_2 : Operation 45 [2/2] (1.23ns)   --->   "%LineBufVal_V_6 = load i11 %LineBuf_val_V_1_addr" [/home/user/Documents/kria-vitis-platforms/kv260/platforms/vivado/kv260_ispMipiRx_vcu_DP/project/kv260_ispMipiRx_vcu_DP.runs/bd_eab1_vsc_0_synth_1/prj/sol/.autopilot/db/v_vscaler.cpp:264]   --->   Operation 45 'load' 'LineBufVal_V_6' <Predicate = (!icmp_ln252)> <Delay = 1.23> <CoreInst = "RAM">   --->   Core 83 'RAM' <Latency = 1> <II = 1> <Delay = 1.23> <Storage> <Opcode : 'load' 'store'> <Ports = 2> <Width = 24> <Depth = 1920> <RAM>
ST_2 : Operation 46 [1/1] (0.00ns)   --->   "%LineBuf_val_V_2_addr = getelementptr i24 %LineBuf_val_V_2, i64 0, i64 %zext_ln252" [/home/user/Documents/kria-vitis-platforms/kv260/platforms/vivado/kv260_ispMipiRx_vcu_DP/project/kv260_ispMipiRx_vcu_DP.gen/sources_1/bd/kv260_ispMipiRx_vcu_DP/ip/kv260_ispMipiRx_vcu_DP_v_proc_ss_0_0/bd_0/ip/ip_1/src/hls/hls_video_mem.h:836]   --->   Operation 46 'getelementptr' 'LineBuf_val_V_2_addr' <Predicate = (!icmp_ln252)> <Delay = 0.00>
ST_2 : Operation 47 [2/2] (1.23ns)   --->   "%LineBufVal_V_7 = load i11 %LineBuf_val_V_2_addr" [/home/user/Documents/kria-vitis-platforms/kv260/platforms/vivado/kv260_ispMipiRx_vcu_DP/project/kv260_ispMipiRx_vcu_DP.runs/bd_eab1_vsc_0_synth_1/prj/sol/.autopilot/db/v_vscaler.cpp:264]   --->   Operation 47 'load' 'LineBufVal_V_7' <Predicate = (!icmp_ln252)> <Delay = 1.23> <CoreInst = "RAM">   --->   Core 83 'RAM' <Latency = 1> <II = 1> <Delay = 1.23> <Storage> <Opcode : 'load' 'store'> <Ports = 2> <Width = 24> <Depth = 1920> <RAM>
ST_2 : Operation 48 [1/1] (0.00ns)   --->   "%LineBuf_val_V_3_addr = getelementptr i24 %LineBuf_val_V_3, i64 0, i64 %zext_ln252" [/home/user/Documents/kria-vitis-platforms/kv260/platforms/vivado/kv260_ispMipiRx_vcu_DP/project/kv260_ispMipiRx_vcu_DP.gen/sources_1/bd/kv260_ispMipiRx_vcu_DP/ip/kv260_ispMipiRx_vcu_DP_v_proc_ss_0_0/bd_0/ip/ip_1/src/hls/hls_video_mem.h:836]   --->   Operation 48 'getelementptr' 'LineBuf_val_V_3_addr' <Predicate = (!icmp_ln252)> <Delay = 0.00>
ST_2 : Operation 49 [2/2] (1.23ns)   --->   "%LineBufVal_V_8 = load i11 %LineBuf_val_V_3_addr" [/home/user/Documents/kria-vitis-platforms/kv260/platforms/vivado/kv260_ispMipiRx_vcu_DP/project/kv260_ispMipiRx_vcu_DP.runs/bd_eab1_vsc_0_synth_1/prj/sol/.autopilot/db/v_vscaler.cpp:264]   --->   Operation 49 'load' 'LineBufVal_V_8' <Predicate = (!icmp_ln252)> <Delay = 1.23> <CoreInst = "RAM">   --->   Core 83 'RAM' <Latency = 1> <II = 1> <Delay = 1.23> <Storage> <Opcode : 'load' 'store'> <Ports = 2> <Width = 24> <Depth = 1920> <RAM>
ST_2 : Operation 50 [1/1] (0.00ns)   --->   "%LineBuf_val_V_4_addr = getelementptr i24 %LineBuf_val_V_4, i64 0, i64 %zext_ln252" [/home/user/Documents/kria-vitis-platforms/kv260/platforms/vivado/kv260_ispMipiRx_vcu_DP/project/kv260_ispMipiRx_vcu_DP.gen/sources_1/bd/kv260_ispMipiRx_vcu_DP/ip/kv260_ispMipiRx_vcu_DP_v_proc_ss_0_0/bd_0/ip/ip_1/src/hls/hls_video_mem.h:836]   --->   Operation 50 'getelementptr' 'LineBuf_val_V_4_addr' <Predicate = (!icmp_ln252)> <Delay = 0.00>
ST_2 : Operation 51 [2/2] (1.23ns)   --->   "%LineBufVal_V_9 = load i11 %LineBuf_val_V_4_addr" [/home/user/Documents/kria-vitis-platforms/kv260/platforms/vivado/kv260_ispMipiRx_vcu_DP/project/kv260_ispMipiRx_vcu_DP.runs/bd_eab1_vsc_0_synth_1/prj/sol/.autopilot/db/v_vscaler.cpp:264]   --->   Operation 51 'load' 'LineBufVal_V_9' <Predicate = (!icmp_ln252)> <Delay = 1.23> <CoreInst = "RAM">   --->   Core 83 'RAM' <Latency = 1> <II = 1> <Delay = 1.23> <Storage> <Opcode : 'load' 'store'> <Ports = 2> <Width = 24> <Depth = 1920> <RAM>
ST_2 : Operation 52 [1/1] (0.00ns)   --->   "%LineBuf_val_V_5_addr = getelementptr i24 %LineBuf_val_V_5, i64 0, i64 %zext_ln252" [/home/user/Documents/kria-vitis-platforms/kv260/platforms/vivado/kv260_ispMipiRx_vcu_DP/project/kv260_ispMipiRx_vcu_DP.gen/sources_1/bd/kv260_ispMipiRx_vcu_DP/ip/kv260_ispMipiRx_vcu_DP_v_proc_ss_0_0/bd_0/ip/ip_1/src/hls/hls_video_mem.h:836]   --->   Operation 52 'getelementptr' 'LineBuf_val_V_5_addr' <Predicate = (!icmp_ln252)> <Delay = 0.00>
ST_2 : Operation 53 [2/2] (1.23ns)   --->   "%LineBufVal_V_10 = load i11 %LineBuf_val_V_5_addr" [/home/user/Documents/kria-vitis-platforms/kv260/platforms/vivado/kv260_ispMipiRx_vcu_DP/project/kv260_ispMipiRx_vcu_DP.runs/bd_eab1_vsc_0_synth_1/prj/sol/.autopilot/db/v_vscaler.cpp:264]   --->   Operation 53 'load' 'LineBufVal_V_10' <Predicate = (!icmp_ln252)> <Delay = 1.23> <CoreInst = "RAM">   --->   Core 83 'RAM' <Latency = 1> <II = 1> <Delay = 1.23> <Storage> <Opcode : 'load' 'store'> <Ports = 2> <Width = 24> <Depth = 1920> <RAM>
ST_2 : Operation 54 [1/1] (1.82ns)   --->   "%p_Result_5 = read i24 @_ssdm_op_Read.ap_fifo.volatile.i24P0A, i24 %SrcYUV422" [/home/user/Documents/kria-vitis-platforms/kv260/platforms/vivado/kv260_ispMipiRx_vcu_DP/project/kv260_ispMipiRx_vcu_DP.runs/bd_eab1_vsc_0_synth_1/prj/sol/.autopilot/db/v_vscaler.cpp:284]   --->   Operation 54 'read' 'p_Result_5' <Predicate = (!icmp_ln252 & brmerge_read & cmp119_read)> <Delay = 1.82> <CoreInst = "FIFO_SRL">   --->   Core 81 'FIFO_SRL' <Latency = 0> <II = 1> <Delay = 2.04> <Storage> <Opcode : 'read' 'write' 'nbread' 'nbwrite'> <Ports = 0> <Width = 24> <Depth = 16> <FIFO>
ST_2 : Operation 55 [1/1] (0.00ns)   --->   "%PixArray_val_V_19 = trunc i24 %p_Result_5" [/home/user/Documents/kria-vitis-platforms/kv260/platforms/vivado/kv260_ispMipiRx_vcu_DP/project/kv260_ispMipiRx_vcu_DP.runs/bd_eab1_vsc_0_synth_1/prj/sol/.autopilot/db/v_vscaler.cpp:284]   --->   Operation 55 'trunc' 'PixArray_val_V_19' <Predicate = (!icmp_ln252 & brmerge_read & cmp119_read)> <Delay = 0.00>
ST_2 : Operation 56 [1/1] (0.00ns)   --->   "%PixArray_val_V_20 = partselect i8 @_ssdm_op_PartSelect.i8.i24.i32.i32, i24 %p_Result_5, i32 8, i32 15" [/home/user/Documents/kria-vitis-platforms/kv260/platforms/vivado/kv260_ispMipiRx_vcu_DP/project/kv260_ispMipiRx_vcu_DP.runs/bd_eab1_vsc_0_synth_1/prj/sol/.autopilot/db/v_vscaler.cpp:284]   --->   Operation 56 'partselect' 'PixArray_val_V_20' <Predicate = (!icmp_ln252 & brmerge_read & cmp119_read)> <Delay = 0.00>
ST_2 : Operation 57 [1/1] (0.00ns)   --->   "%PixArray_val_V_18 = partselect i8 @_ssdm_op_PartSelect.i8.i24.i32.i32, i24 %p_Result_5, i32 16, i32 23" [/home/user/Documents/kria-vitis-platforms/kv260/platforms/vivado/kv260_ispMipiRx_vcu_DP/project/kv260_ispMipiRx_vcu_DP.runs/bd_eab1_vsc_0_synth_1/prj/sol/.autopilot/db/v_vscaler.cpp:284]   --->   Operation 57 'partselect' 'PixArray_val_V_18' <Predicate = (!icmp_ln252 & brmerge_read & cmp119_read)> <Delay = 0.00>
ST_2 : Operation 58 [1/1] (1.23ns)   --->   "%store_ln798 = store i24 %p_Result_5, i11 %LineBuf_val_V_addr" [/home/user/Documents/kria-vitis-platforms/kv260/platforms/vivado/kv260_ispMipiRx_vcu_DP/project/kv260_ispMipiRx_vcu_DP.gen/sources_1/bd/kv260_ispMipiRx_vcu_DP/ip/kv260_ispMipiRx_vcu_DP_v_proc_ss_0_0/bd_0/ip/ip_1/src/hls/hls_video_mem.h:798]   --->   Operation 58 'store' 'store_ln798' <Predicate = (!icmp_ln252 & brmerge_read & cmp119_read)> <Delay = 1.23> <CoreInst = "RAM">   --->   Core 83 'RAM' <Latency = 1> <II = 1> <Delay = 1.23> <Storage> <Opcode : 'load' 'store'> <Ports = 2> <Width = 24> <Depth = 1920> <RAM>
ST_2 : Operation 59 [1/1] (0.42ns)   --->   "%br_ln296 = br void %arrayctor.loop.i14" [/home/user/Documents/kria-vitis-platforms/kv260/platforms/vivado/kv260_ispMipiRx_vcu_DP/project/kv260_ispMipiRx_vcu_DP.runs/bd_eab1_vsc_0_synth_1/prj/sol/.autopilot/db/v_vscaler.cpp:296]   --->   Operation 59 'br' 'br_ln296' <Predicate = (!icmp_ln252 & brmerge_read & cmp119_read)> <Delay = 0.42>
ST_2 : Operation 60 [2/2] (0.67ns)   --->   "%FiltCoeff_load = load i6 %FiltCoeff_addr" [/home/user/Documents/kria-vitis-platforms/kv260/platforms/vivado/kv260_ispMipiRx_vcu_DP/project/kv260_ispMipiRx_vcu_DP.runs/bd_eab1_vsc_0_synth_1/prj/sol/.autopilot/db/v_vscaler.cpp:349]   --->   Operation 60 'load' 'FiltCoeff_load' <Predicate = (!icmp_ln252 & OutputWriteEn_1_read)> <Delay = 0.67> <CoreInst = "RAM_1P_LUTRAM">   --->   Core 89 'RAM_1P_LUTRAM' <Latency = 1> <II = 1> <Delay = 0.67> <Storage> <Opcode : 'load' 'store'> <Ports = 1> <Width = 16> <Depth = 64> <RAM>

State 3 <SV = 2> <Delay = 3.29>
ST_3 : Operation 61 [1/1] (0.00ns)   --->   "%FiltCoeff_1_addr = getelementptr i16 %FiltCoeff_1, i64 0, i64 %idxprom11_i_cast"   --->   Operation 61 'getelementptr' 'FiltCoeff_1_addr' <Predicate = true> <Delay = 0.00>
ST_3 : Operation 62 [1/1] (0.00ns)   --->   "%specpipeline_ln255 = specpipeline void @_ssdm_op_SpecPipeline, i32 4294967295, i32 0, i32 0, i32 0, void @empty_0" [/home/user/Documents/kria-vitis-platforms/kv260/platforms/vivado/kv260_ispMipiRx_vcu_DP/project/kv260_ispMipiRx_vcu_DP.runs/bd_eab1_vsc_0_synth_1/prj/sol/.autopilot/db/v_vscaler.cpp:255]   --->   Operation 62 'specpipeline' 'specpipeline_ln255' <Predicate = (!icmp_ln252)> <Delay = 0.00>
ST_3 : Operation 63 [1/1] (0.00ns)   --->   "%specloopname_ln252 = specloopname void @_ssdm_op_SpecLoopName, void @empty_11" [/home/user/Documents/kria-vitis-platforms/kv260/platforms/vivado/kv260_ispMipiRx_vcu_DP/project/kv260_ispMipiRx_vcu_DP.runs/bd_eab1_vsc_0_synth_1/prj/sol/.autopilot/db/v_vscaler.cpp:252]   --->   Operation 63 'specloopname' 'specloopname_ln252' <Predicate = (!icmp_ln252)> <Delay = 0.00>
ST_3 : Operation 64 [1/2] (1.23ns)   --->   "%LineBufVal_V_5 = load i11 %LineBuf_val_V_addr" [/home/user/Documents/kria-vitis-platforms/kv260/platforms/vivado/kv260_ispMipiRx_vcu_DP/project/kv260_ispMipiRx_vcu_DP.runs/bd_eab1_vsc_0_synth_1/prj/sol/.autopilot/db/v_vscaler.cpp:264]   --->   Operation 64 'load' 'LineBufVal_V_5' <Predicate = (!icmp_ln252)> <Delay = 1.23> <CoreInst = "RAM">   --->   Core 83 'RAM' <Latency = 1> <II = 1> <Delay = 1.23> <Storage> <Opcode : 'load' 'store'> <Ports = 2> <Width = 24> <Depth = 1920> <RAM>
ST_3 : Operation 65 [1/1] (0.00ns)   --->   "%PixArray_val_V_46 = trunc i24 %LineBufVal_V_5"   --->   Operation 65 'trunc' 'PixArray_val_V_46' <Predicate = (!icmp_ln252)> <Delay = 0.00>
ST_3 : Operation 66 [1/1] (0.00ns)   --->   "%PixArray_val_V_47 = partselect i8 @_ssdm_op_PartSelect.i8.i24.i32.i32, i24 %LineBufVal_V_5, i32 8, i32 15"   --->   Operation 66 'partselect' 'PixArray_val_V_47' <Predicate = (!icmp_ln252)> <Delay = 0.00>
ST_3 : Operation 67 [1/1] (0.00ns)   --->   "%PixArray_val_V_48 = partselect i8 @_ssdm_op_PartSelect.i8.i24.i32.i32, i24 %LineBufVal_V_5, i32 16, i32 23"   --->   Operation 67 'partselect' 'PixArray_val_V_48' <Predicate = (!icmp_ln252)> <Delay = 0.00>
ST_3 : Operation 68 [1/2] (1.23ns)   --->   "%LineBufVal_V_6 = load i11 %LineBuf_val_V_1_addr" [/home/user/Documents/kria-vitis-platforms/kv260/platforms/vivado/kv260_ispMipiRx_vcu_DP/project/kv260_ispMipiRx_vcu_DP.runs/bd_eab1_vsc_0_synth_1/prj/sol/.autopilot/db/v_vscaler.cpp:264]   --->   Operation 68 'load' 'LineBufVal_V_6' <Predicate = (!icmp_ln252)> <Delay = 1.23> <CoreInst = "RAM">   --->   Core 83 'RAM' <Latency = 1> <II = 1> <Delay = 1.23> <Storage> <Opcode : 'load' 'store'> <Ports = 2> <Width = 24> <Depth = 1920> <RAM>
ST_3 : Operation 69 [1/1] (0.00ns)   --->   "%PixArray_val_V_49 = trunc i24 %LineBufVal_V_6"   --->   Operation 69 'trunc' 'PixArray_val_V_49' <Predicate = (!icmp_ln252)> <Delay = 0.00>
ST_3 : Operation 70 [1/1] (0.00ns)   --->   "%PixArray_val_V_50 = partselect i8 @_ssdm_op_PartSelect.i8.i24.i32.i32, i24 %LineBufVal_V_6, i32 8, i32 15"   --->   Operation 70 'partselect' 'PixArray_val_V_50' <Predicate = (!icmp_ln252)> <Delay = 0.00>
ST_3 : Operation 71 [1/1] (0.00ns)   --->   "%PixArray_val_V_51 = partselect i8 @_ssdm_op_PartSelect.i8.i24.i32.i32, i24 %LineBufVal_V_6, i32 16, i32 23"   --->   Operation 71 'partselect' 'PixArray_val_V_51' <Predicate = (!icmp_ln252)> <Delay = 0.00>
ST_3 : Operation 72 [1/2] (1.23ns)   --->   "%LineBufVal_V_7 = load i11 %LineBuf_val_V_2_addr" [/home/user/Documents/kria-vitis-platforms/kv260/platforms/vivado/kv260_ispMipiRx_vcu_DP/project/kv260_ispMipiRx_vcu_DP.runs/bd_eab1_vsc_0_synth_1/prj/sol/.autopilot/db/v_vscaler.cpp:264]   --->   Operation 72 'load' 'LineBufVal_V_7' <Predicate = (!icmp_ln252)> <Delay = 1.23> <CoreInst = "RAM">   --->   Core 83 'RAM' <Latency = 1> <II = 1> <Delay = 1.23> <Storage> <Opcode : 'load' 'store'> <Ports = 2> <Width = 24> <Depth = 1920> <RAM>
ST_3 : Operation 73 [1/1] (0.00ns)   --->   "%PixArray_val_V_52 = trunc i24 %LineBufVal_V_7"   --->   Operation 73 'trunc' 'PixArray_val_V_52' <Predicate = (!icmp_ln252)> <Delay = 0.00>
ST_3 : Operation 74 [1/1] (0.00ns)   --->   "%PixArray_val_V_53 = partselect i8 @_ssdm_op_PartSelect.i8.i24.i32.i32, i24 %LineBufVal_V_7, i32 8, i32 15"   --->   Operation 74 'partselect' 'PixArray_val_V_53' <Predicate = (!icmp_ln252)> <Delay = 0.00>
ST_3 : Operation 75 [1/1] (0.00ns)   --->   "%PixArray_val_V_54 = partselect i8 @_ssdm_op_PartSelect.i8.i24.i32.i32, i24 %LineBufVal_V_7, i32 16, i32 23"   --->   Operation 75 'partselect' 'PixArray_val_V_54' <Predicate = (!icmp_ln252)> <Delay = 0.00>
ST_3 : Operation 76 [1/2] (1.23ns)   --->   "%LineBufVal_V_8 = load i11 %LineBuf_val_V_3_addr" [/home/user/Documents/kria-vitis-platforms/kv260/platforms/vivado/kv260_ispMipiRx_vcu_DP/project/kv260_ispMipiRx_vcu_DP.runs/bd_eab1_vsc_0_synth_1/prj/sol/.autopilot/db/v_vscaler.cpp:264]   --->   Operation 76 'load' 'LineBufVal_V_8' <Predicate = (!icmp_ln252)> <Delay = 1.23> <CoreInst = "RAM">   --->   Core 83 'RAM' <Latency = 1> <II = 1> <Delay = 1.23> <Storage> <Opcode : 'load' 'store'> <Ports = 2> <Width = 24> <Depth = 1920> <RAM>
ST_3 : Operation 77 [1/1] (0.00ns)   --->   "%PixArray_val_V_55 = trunc i24 %LineBufVal_V_8"   --->   Operation 77 'trunc' 'PixArray_val_V_55' <Predicate = (!icmp_ln252)> <Delay = 0.00>
ST_3 : Operation 78 [1/1] (0.00ns)   --->   "%PixArray_val_V_56 = partselect i8 @_ssdm_op_PartSelect.i8.i24.i32.i32, i24 %LineBufVal_V_8, i32 8, i32 15"   --->   Operation 78 'partselect' 'PixArray_val_V_56' <Predicate = (!icmp_ln252)> <Delay = 0.00>
ST_3 : Operation 79 [1/1] (0.00ns)   --->   "%PixArray_val_V_57 = partselect i8 @_ssdm_op_PartSelect.i8.i24.i32.i32, i24 %LineBufVal_V_8, i32 16, i32 23"   --->   Operation 79 'partselect' 'PixArray_val_V_57' <Predicate = (!icmp_ln252)> <Delay = 0.00>
ST_3 : Operation 80 [1/2] (1.23ns)   --->   "%LineBufVal_V_9 = load i11 %LineBuf_val_V_4_addr" [/home/user/Documents/kria-vitis-platforms/kv260/platforms/vivado/kv260_ispMipiRx_vcu_DP/project/kv260_ispMipiRx_vcu_DP.runs/bd_eab1_vsc_0_synth_1/prj/sol/.autopilot/db/v_vscaler.cpp:264]   --->   Operation 80 'load' 'LineBufVal_V_9' <Predicate = (!icmp_ln252)> <Delay = 1.23> <CoreInst = "RAM">   --->   Core 83 'RAM' <Latency = 1> <II = 1> <Delay = 1.23> <Storage> <Opcode : 'load' 'store'> <Ports = 2> <Width = 24> <Depth = 1920> <RAM>
ST_3 : Operation 81 [1/1] (0.00ns)   --->   "%PixArray_val_V_58 = trunc i24 %LineBufVal_V_9"   --->   Operation 81 'trunc' 'PixArray_val_V_58' <Predicate = (!icmp_ln252)> <Delay = 0.00>
ST_3 : Operation 82 [1/1] (0.00ns)   --->   "%PixArray_val_V_59 = partselect i8 @_ssdm_op_PartSelect.i8.i24.i32.i32, i24 %LineBufVal_V_9, i32 8, i32 15"   --->   Operation 82 'partselect' 'PixArray_val_V_59' <Predicate = (!icmp_ln252)> <Delay = 0.00>
ST_3 : Operation 83 [1/1] (0.00ns)   --->   "%PixArray_val_V_60 = partselect i8 @_ssdm_op_PartSelect.i8.i24.i32.i32, i24 %LineBufVal_V_9, i32 16, i32 23"   --->   Operation 83 'partselect' 'PixArray_val_V_60' <Predicate = (!icmp_ln252)> <Delay = 0.00>
ST_3 : Operation 84 [1/2] (1.23ns)   --->   "%LineBufVal_V_10 = load i11 %LineBuf_val_V_5_addr" [/home/user/Documents/kria-vitis-platforms/kv260/platforms/vivado/kv260_ispMipiRx_vcu_DP/project/kv260_ispMipiRx_vcu_DP.runs/bd_eab1_vsc_0_synth_1/prj/sol/.autopilot/db/v_vscaler.cpp:264]   --->   Operation 84 'load' 'LineBufVal_V_10' <Predicate = (!icmp_ln252)> <Delay = 1.23> <CoreInst = "RAM">   --->   Core 83 'RAM' <Latency = 1> <II = 1> <Delay = 1.23> <Storage> <Opcode : 'load' 'store'> <Ports = 2> <Width = 24> <Depth = 1920> <RAM>
ST_3 : Operation 85 [1/1] (0.00ns)   --->   "%PixArray_val_V_15 = trunc i24 %LineBufVal_V_10"   --->   Operation 85 'trunc' 'PixArray_val_V_15' <Predicate = (!icmp_ln252)> <Delay = 0.00>
ST_3 : Operation 86 [1/1] (0.00ns)   --->   "%PixArray_val_V_16 = partselect i8 @_ssdm_op_PartSelect.i8.i24.i32.i32, i24 %LineBufVal_V_10, i32 8, i32 15"   --->   Operation 86 'partselect' 'PixArray_val_V_16' <Predicate = (!icmp_ln252)> <Delay = 0.00>
ST_3 : Operation 87 [1/1] (0.00ns)   --->   "%PixArray_val_V_17 = partselect i8 @_ssdm_op_PartSelect.i8.i24.i32.i32, i24 %LineBufVal_V_10, i32 16, i32 23"   --->   Operation 87 'partselect' 'PixArray_val_V_17' <Predicate = (!icmp_ln252)> <Delay = 0.00>
ST_3 : Operation 88 [1/1] (0.42ns)   --->   "%br_ln276 = br i1 %brmerge_read, void %if.end202, void %for.inc113" [/home/user/Documents/kria-vitis-platforms/kv260/platforms/vivado/kv260_ispMipiRx_vcu_DP/project/kv260_ispMipiRx_vcu_DP.runs/bd_eab1_vsc_0_synth_1/prj/sol/.autopilot/db/v_vscaler.cpp:276]   --->   Operation 88 'br' 'br_ln276' <Predicate = (!icmp_ln252)> <Delay = 0.42>
ST_3 : Operation 89 [1/1] (0.42ns)   --->   "%br_ln282 = br i1 %cmp119_read, void %arrayctor.loop.i14, void %for.inc143" [/home/user/Documents/kria-vitis-platforms/kv260/platforms/vivado/kv260_ispMipiRx_vcu_DP/project/kv260_ispMipiRx_vcu_DP.runs/bd_eab1_vsc_0_synth_1/prj/sol/.autopilot/db/v_vscaler.cpp:282]   --->   Operation 89 'br' 'br_ln282' <Predicate = (!icmp_ln252 & brmerge_read)> <Delay = 0.42>
ST_3 : Operation 90 [1/1] (0.00ns)   --->   "%PixArray_val_V_23 = phi i8 %PixArray_val_V_18, void %for.inc143, i8 %PixArray_val_V_48, void %for.inc113"   --->   Operation 90 'phi' 'PixArray_val_V_23' <Predicate = (!icmp_ln252 & brmerge_read)> <Delay = 0.00>
ST_3 : Operation 91 [1/1] (0.00ns)   --->   "%PixArray_val_V_22 = phi i8 %PixArray_val_V_20, void %for.inc143, i8 %PixArray_val_V_47, void %for.inc113"   --->   Operation 91 'phi' 'PixArray_val_V_22' <Predicate = (!icmp_ln252 & brmerge_read)> <Delay = 0.00>
ST_3 : Operation 92 [1/1] (0.00ns)   --->   "%PixArray_val_V_21 = phi i8 %PixArray_val_V_19, void %for.inc143, i8 %PixArray_val_V_46, void %for.inc113"   --->   Operation 92 'phi' 'PixArray_val_V_21' <Predicate = (!icmp_ln252 & brmerge_read)> <Delay = 0.00>
ST_3 : Operation 93 [1/1] (0.39ns)   --->   "%PixArrayVal_val_V_5 = select i1 %cmp159_read, i8 %PixArray_val_V_60, i8 %PixArray_val_V_23" [/home/user/Documents/kria-vitis-platforms/kv260/platforms/vivado/kv260_ispMipiRx_vcu_DP/project/kv260_ispMipiRx_vcu_DP.runs/bd_eab1_vsc_0_synth_1/prj/sol/.autopilot/db/v_vscaler.cpp:302]   --->   Operation 93 'select' 'PixArrayVal_val_V_5' <Predicate = (!icmp_ln252 & brmerge_read)> <Delay = 0.39> <CoreInst = "Sel">   --->   Core 73 'Sel' <Latency = 0> <II = 1> <Delay = 0.39> <FuncUnit> <Opcode : 'select'> <InPorts = 3> <OutPorts = 1>
ST_3 : Operation 94 [1/1] (0.39ns)   --->   "%PixArrayVal_val_V_4 = select i1 %cmp159_read, i8 %PixArray_val_V_59, i8 %PixArray_val_V_22" [/home/user/Documents/kria-vitis-platforms/kv260/platforms/vivado/kv260_ispMipiRx_vcu_DP/project/kv260_ispMipiRx_vcu_DP.runs/bd_eab1_vsc_0_synth_1/prj/sol/.autopilot/db/v_vscaler.cpp:302]   --->   Operation 94 'select' 'PixArrayVal_val_V_4' <Predicate = (!icmp_ln252 & brmerge_read)> <Delay = 0.39> <CoreInst = "Sel">   --->   Core 73 'Sel' <Latency = 0> <II = 1> <Delay = 0.39> <FuncUnit> <Opcode : 'select'> <InPorts = 3> <OutPorts = 1>
ST_3 : Operation 95 [1/1] (0.39ns)   --->   "%PixArrayVal_val_V_3 = select i1 %cmp159_read, i8 %PixArray_val_V_58, i8 %PixArray_val_V_21" [/home/user/Documents/kria-vitis-platforms/kv260/platforms/vivado/kv260_ispMipiRx_vcu_DP/project/kv260_ispMipiRx_vcu_DP.runs/bd_eab1_vsc_0_synth_1/prj/sol/.autopilot/db/v_vscaler.cpp:302]   --->   Operation 95 'select' 'PixArrayVal_val_V_3' <Predicate = (!icmp_ln252 & brmerge_read)> <Delay = 0.39> <CoreInst = "Sel">   --->   Core 73 'Sel' <Latency = 0> <II = 1> <Delay = 0.39> <FuncUnit> <Opcode : 'select'> <InPorts = 3> <OutPorts = 1>
ST_3 : Operation 96 [1/1] (0.00ns)   --->   "%p_Result_s = bitconcatenate i24 @_ssdm_op_BitConcatenate.i24.i8.i8.i8, i8 %PixArrayVal_val_V_5, i8 %PixArrayVal_val_V_4, i8 %PixArrayVal_val_V_3"   --->   Operation 96 'bitconcatenate' 'p_Result_s' <Predicate = (!icmp_ln252 & brmerge_read)> <Delay = 0.00>
ST_3 : Operation 97 [1/1] (1.23ns)   --->   "%store_ln315 = store i24 %p_Result_s, i11 %LineBuf_val_V_5_addr" [/home/user/Documents/kria-vitis-platforms/kv260/platforms/vivado/kv260_ispMipiRx_vcu_DP/project/kv260_ispMipiRx_vcu_DP.runs/bd_eab1_vsc_0_synth_1/prj/sol/.autopilot/db/v_vscaler.cpp:315]   --->   Operation 97 'store' 'store_ln315' <Predicate = (!icmp_ln252 & brmerge_read)> <Delay = 1.23> <CoreInst = "RAM">   --->   Core 83 'RAM' <Latency = 1> <II = 1> <Delay = 1.23> <Storage> <Opcode : 'load' 'store'> <Ports = 2> <Width = 24> <Depth = 1920> <RAM>
ST_3 : Operation 98 [1/1] (0.39ns)   --->   "%PixArrayVal_val_V_11 = select i1 %cmp159_read, i8 %PixArray_val_V_57, i8 %PixArray_val_V_23" [/home/user/Documents/kria-vitis-platforms/kv260/platforms/vivado/kv260_ispMipiRx_vcu_DP/project/kv260_ispMipiRx_vcu_DP.runs/bd_eab1_vsc_0_synth_1/prj/sol/.autopilot/db/v_vscaler.cpp:302]   --->   Operation 98 'select' 'PixArrayVal_val_V_11' <Predicate = (!icmp_ln252 & brmerge_read)> <Delay = 0.39> <CoreInst = "Sel">   --->   Core 73 'Sel' <Latency = 0> <II = 1> <Delay = 0.39> <FuncUnit> <Opcode : 'select'> <InPorts = 3> <OutPorts = 1>
ST_3 : Operation 99 [1/1] (0.39ns)   --->   "%PixArrayVal_val_V_10 = select i1 %cmp159_read, i8 %PixArray_val_V_56, i8 %PixArray_val_V_22" [/home/user/Documents/kria-vitis-platforms/kv260/platforms/vivado/kv260_ispMipiRx_vcu_DP/project/kv260_ispMipiRx_vcu_DP.runs/bd_eab1_vsc_0_synth_1/prj/sol/.autopilot/db/v_vscaler.cpp:302]   --->   Operation 99 'select' 'PixArrayVal_val_V_10' <Predicate = (!icmp_ln252 & brmerge_read)> <Delay = 0.39> <CoreInst = "Sel">   --->   Core 73 'Sel' <Latency = 0> <II = 1> <Delay = 0.39> <FuncUnit> <Opcode : 'select'> <InPorts = 3> <OutPorts = 1>
ST_3 : Operation 100 [1/1] (0.39ns)   --->   "%PixArrayVal_val_V_9 = select i1 %cmp159_read, i8 %PixArray_val_V_55, i8 %PixArray_val_V_21" [/home/user/Documents/kria-vitis-platforms/kv260/platforms/vivado/kv260_ispMipiRx_vcu_DP/project/kv260_ispMipiRx_vcu_DP.runs/bd_eab1_vsc_0_synth_1/prj/sol/.autopilot/db/v_vscaler.cpp:302]   --->   Operation 100 'select' 'PixArrayVal_val_V_9' <Predicate = (!icmp_ln252 & brmerge_read)> <Delay = 0.39> <CoreInst = "Sel">   --->   Core 73 'Sel' <Latency = 0> <II = 1> <Delay = 0.39> <FuncUnit> <Opcode : 'select'> <InPorts = 3> <OutPorts = 1>
ST_3 : Operation 101 [1/1] (0.00ns)   --->   "%p_Result_1 = bitconcatenate i24 @_ssdm_op_BitConcatenate.i24.i8.i8.i8, i8 %PixArrayVal_val_V_11, i8 %PixArrayVal_val_V_10, i8 %PixArrayVal_val_V_9"   --->   Operation 101 'bitconcatenate' 'p_Result_1' <Predicate = (!icmp_ln252 & brmerge_read)> <Delay = 0.00>
ST_3 : Operation 102 [1/1] (1.23ns)   --->   "%store_ln315 = store i24 %p_Result_1, i11 %LineBuf_val_V_4_addr" [/home/user/Documents/kria-vitis-platforms/kv260/platforms/vivado/kv260_ispMipiRx_vcu_DP/project/kv260_ispMipiRx_vcu_DP.runs/bd_eab1_vsc_0_synth_1/prj/sol/.autopilot/db/v_vscaler.cpp:315]   --->   Operation 102 'store' 'store_ln315' <Predicate = (!icmp_ln252 & brmerge_read)> <Delay = 1.23> <CoreInst = "RAM">   --->   Core 83 'RAM' <Latency = 1> <II = 1> <Delay = 1.23> <Storage> <Opcode : 'load' 'store'> <Ports = 2> <Width = 24> <Depth = 1920> <RAM>
ST_3 : Operation 103 [1/1] (0.39ns)   --->   "%PixArrayVal_val_V_17 = select i1 %cmp159_read, i8 %PixArray_val_V_54, i8 %PixArray_val_V_23" [/home/user/Documents/kria-vitis-platforms/kv260/platforms/vivado/kv260_ispMipiRx_vcu_DP/project/kv260_ispMipiRx_vcu_DP.runs/bd_eab1_vsc_0_synth_1/prj/sol/.autopilot/db/v_vscaler.cpp:302]   --->   Operation 103 'select' 'PixArrayVal_val_V_17' <Predicate = (!icmp_ln252 & brmerge_read)> <Delay = 0.39> <CoreInst = "Sel">   --->   Core 73 'Sel' <Latency = 0> <II = 1> <Delay = 0.39> <FuncUnit> <Opcode : 'select'> <InPorts = 3> <OutPorts = 1>
ST_3 : Operation 104 [1/1] (0.39ns)   --->   "%PixArrayVal_val_V_16 = select i1 %cmp159_read, i8 %PixArray_val_V_53, i8 %PixArray_val_V_22" [/home/user/Documents/kria-vitis-platforms/kv260/platforms/vivado/kv260_ispMipiRx_vcu_DP/project/kv260_ispMipiRx_vcu_DP.runs/bd_eab1_vsc_0_synth_1/prj/sol/.autopilot/db/v_vscaler.cpp:302]   --->   Operation 104 'select' 'PixArrayVal_val_V_16' <Predicate = (!icmp_ln252 & brmerge_read)> <Delay = 0.39> <CoreInst = "Sel">   --->   Core 73 'Sel' <Latency = 0> <II = 1> <Delay = 0.39> <FuncUnit> <Opcode : 'select'> <InPorts = 3> <OutPorts = 1>
ST_3 : Operation 105 [1/1] (0.39ns)   --->   "%PixArrayVal_val_V_15 = select i1 %cmp159_read, i8 %PixArray_val_V_52, i8 %PixArray_val_V_21" [/home/user/Documents/kria-vitis-platforms/kv260/platforms/vivado/kv260_ispMipiRx_vcu_DP/project/kv260_ispMipiRx_vcu_DP.runs/bd_eab1_vsc_0_synth_1/prj/sol/.autopilot/db/v_vscaler.cpp:302]   --->   Operation 105 'select' 'PixArrayVal_val_V_15' <Predicate = (!icmp_ln252 & brmerge_read)> <Delay = 0.39> <CoreInst = "Sel">   --->   Core 73 'Sel' <Latency = 0> <II = 1> <Delay = 0.39> <FuncUnit> <Opcode : 'select'> <InPorts = 3> <OutPorts = 1>
ST_3 : Operation 106 [1/1] (0.00ns)   --->   "%p_Result_2 = bitconcatenate i24 @_ssdm_op_BitConcatenate.i24.i8.i8.i8, i8 %PixArrayVal_val_V_17, i8 %PixArrayVal_val_V_16, i8 %PixArrayVal_val_V_15"   --->   Operation 106 'bitconcatenate' 'p_Result_2' <Predicate = (!icmp_ln252 & brmerge_read)> <Delay = 0.00>
ST_3 : Operation 107 [1/1] (1.23ns)   --->   "%store_ln315 = store i24 %p_Result_2, i11 %LineBuf_val_V_3_addr" [/home/user/Documents/kria-vitis-platforms/kv260/platforms/vivado/kv260_ispMipiRx_vcu_DP/project/kv260_ispMipiRx_vcu_DP.runs/bd_eab1_vsc_0_synth_1/prj/sol/.autopilot/db/v_vscaler.cpp:315]   --->   Operation 107 'store' 'store_ln315' <Predicate = (!icmp_ln252 & brmerge_read)> <Delay = 1.23> <CoreInst = "RAM">   --->   Core 83 'RAM' <Latency = 1> <II = 1> <Delay = 1.23> <Storage> <Opcode : 'load' 'store'> <Ports = 2> <Width = 24> <Depth = 1920> <RAM>
ST_3 : Operation 108 [1/1] (0.39ns)   --->   "%PixArrayVal_val_V_23 = select i1 %cmp159_read, i8 %PixArray_val_V_51, i8 %PixArray_val_V_23" [/home/user/Documents/kria-vitis-platforms/kv260/platforms/vivado/kv260_ispMipiRx_vcu_DP/project/kv260_ispMipiRx_vcu_DP.runs/bd_eab1_vsc_0_synth_1/prj/sol/.autopilot/db/v_vscaler.cpp:302]   --->   Operation 108 'select' 'PixArrayVal_val_V_23' <Predicate = (!icmp_ln252 & brmerge_read)> <Delay = 0.39> <CoreInst = "Sel">   --->   Core 73 'Sel' <Latency = 0> <II = 1> <Delay = 0.39> <FuncUnit> <Opcode : 'select'> <InPorts = 3> <OutPorts = 1>
ST_3 : Operation 109 [1/1] (0.39ns)   --->   "%PixArrayVal_val_V_22 = select i1 %cmp159_read, i8 %PixArray_val_V_50, i8 %PixArray_val_V_22" [/home/user/Documents/kria-vitis-platforms/kv260/platforms/vivado/kv260_ispMipiRx_vcu_DP/project/kv260_ispMipiRx_vcu_DP.runs/bd_eab1_vsc_0_synth_1/prj/sol/.autopilot/db/v_vscaler.cpp:302]   --->   Operation 109 'select' 'PixArrayVal_val_V_22' <Predicate = (!icmp_ln252 & brmerge_read)> <Delay = 0.39> <CoreInst = "Sel">   --->   Core 73 'Sel' <Latency = 0> <II = 1> <Delay = 0.39> <FuncUnit> <Opcode : 'select'> <InPorts = 3> <OutPorts = 1>
ST_3 : Operation 110 [1/1] (0.39ns)   --->   "%PixArrayVal_val_V_21 = select i1 %cmp159_read, i8 %PixArray_val_V_49, i8 %PixArray_val_V_21" [/home/user/Documents/kria-vitis-platforms/kv260/platforms/vivado/kv260_ispMipiRx_vcu_DP/project/kv260_ispMipiRx_vcu_DP.runs/bd_eab1_vsc_0_synth_1/prj/sol/.autopilot/db/v_vscaler.cpp:302]   --->   Operation 110 'select' 'PixArrayVal_val_V_21' <Predicate = (!icmp_ln252 & brmerge_read)> <Delay = 0.39> <CoreInst = "Sel">   --->   Core 73 'Sel' <Latency = 0> <II = 1> <Delay = 0.39> <FuncUnit> <Opcode : 'select'> <InPorts = 3> <OutPorts = 1>
ST_3 : Operation 111 [1/1] (0.00ns)   --->   "%p_Result_3 = bitconcatenate i24 @_ssdm_op_BitConcatenate.i24.i8.i8.i8, i8 %PixArrayVal_val_V_23, i8 %PixArrayVal_val_V_22, i8 %PixArrayVal_val_V_21"   --->   Operation 111 'bitconcatenate' 'p_Result_3' <Predicate = (!icmp_ln252 & brmerge_read)> <Delay = 0.00>
ST_3 : Operation 112 [1/1] (1.23ns)   --->   "%store_ln315 = store i24 %p_Result_3, i11 %LineBuf_val_V_2_addr" [/home/user/Documents/kria-vitis-platforms/kv260/platforms/vivado/kv260_ispMipiRx_vcu_DP/project/kv260_ispMipiRx_vcu_DP.runs/bd_eab1_vsc_0_synth_1/prj/sol/.autopilot/db/v_vscaler.cpp:315]   --->   Operation 112 'store' 'store_ln315' <Predicate = (!icmp_ln252 & brmerge_read)> <Delay = 1.23> <CoreInst = "RAM">   --->   Core 83 'RAM' <Latency = 1> <II = 1> <Delay = 1.23> <Storage> <Opcode : 'load' 'store'> <Ports = 2> <Width = 24> <Depth = 1920> <RAM>
ST_3 : Operation 113 [1/1] (0.39ns)   --->   "%PixArrayVal_val_V_29 = select i1 %cmp159_read, i8 %PixArray_val_V_48, i8 %PixArray_val_V_23" [/home/user/Documents/kria-vitis-platforms/kv260/platforms/vivado/kv260_ispMipiRx_vcu_DP/project/kv260_ispMipiRx_vcu_DP.runs/bd_eab1_vsc_0_synth_1/prj/sol/.autopilot/db/v_vscaler.cpp:302]   --->   Operation 113 'select' 'PixArrayVal_val_V_29' <Predicate = (!icmp_ln252 & brmerge_read)> <Delay = 0.39> <CoreInst = "Sel">   --->   Core 73 'Sel' <Latency = 0> <II = 1> <Delay = 0.39> <FuncUnit> <Opcode : 'select'> <InPorts = 3> <OutPorts = 1>
ST_3 : Operation 114 [1/1] (0.39ns)   --->   "%PixArrayVal_val_V_28 = select i1 %cmp159_read, i8 %PixArray_val_V_47, i8 %PixArray_val_V_22" [/home/user/Documents/kria-vitis-platforms/kv260/platforms/vivado/kv260_ispMipiRx_vcu_DP/project/kv260_ispMipiRx_vcu_DP.runs/bd_eab1_vsc_0_synth_1/prj/sol/.autopilot/db/v_vscaler.cpp:302]   --->   Operation 114 'select' 'PixArrayVal_val_V_28' <Predicate = (!icmp_ln252 & brmerge_read)> <Delay = 0.39> <CoreInst = "Sel">   --->   Core 73 'Sel' <Latency = 0> <II = 1> <Delay = 0.39> <FuncUnit> <Opcode : 'select'> <InPorts = 3> <OutPorts = 1>
ST_3 : Operation 115 [1/1] (0.39ns)   --->   "%PixArrayVal_val_V_27 = select i1 %cmp159_read, i8 %PixArray_val_V_46, i8 %PixArray_val_V_21" [/home/user/Documents/kria-vitis-platforms/kv260/platforms/vivado/kv260_ispMipiRx_vcu_DP/project/kv260_ispMipiRx_vcu_DP.runs/bd_eab1_vsc_0_synth_1/prj/sol/.autopilot/db/v_vscaler.cpp:302]   --->   Operation 115 'select' 'PixArrayVal_val_V_27' <Predicate = (!icmp_ln252 & brmerge_read)> <Delay = 0.39> <CoreInst = "Sel">   --->   Core 73 'Sel' <Latency = 0> <II = 1> <Delay = 0.39> <FuncUnit> <Opcode : 'select'> <InPorts = 3> <OutPorts = 1>
ST_3 : Operation 116 [1/1] (0.00ns)   --->   "%p_Result_4 = bitconcatenate i24 @_ssdm_op_BitConcatenate.i24.i8.i8.i8, i8 %PixArrayVal_val_V_29, i8 %PixArrayVal_val_V_28, i8 %PixArrayVal_val_V_27"   --->   Operation 116 'bitconcatenate' 'p_Result_4' <Predicate = (!icmp_ln252 & brmerge_read)> <Delay = 0.00>
ST_3 : Operation 117 [1/1] (1.23ns)   --->   "%store_ln315 = store i24 %p_Result_4, i11 %LineBuf_val_V_1_addr" [/home/user/Documents/kria-vitis-platforms/kv260/platforms/vivado/kv260_ispMipiRx_vcu_DP/project/kv260_ispMipiRx_vcu_DP.runs/bd_eab1_vsc_0_synth_1/prj/sol/.autopilot/db/v_vscaler.cpp:315]   --->   Operation 117 'store' 'store_ln315' <Predicate = (!icmp_ln252 & brmerge_read)> <Delay = 1.23> <CoreInst = "RAM">   --->   Core 83 'RAM' <Latency = 1> <II = 1> <Delay = 1.23> <Storage> <Opcode : 'load' 'store'> <Ports = 2> <Width = 24> <Depth = 1920> <RAM>
ST_3 : Operation 118 [1/1] (0.42ns)   --->   "%br_ln317 = br void %if.end202" [/home/user/Documents/kria-vitis-platforms/kv260/platforms/vivado/kv260_ispMipiRx_vcu_DP/project/kv260_ispMipiRx_vcu_DP.runs/bd_eab1_vsc_0_synth_1/prj/sol/.autopilot/db/v_vscaler.cpp:317]   --->   Operation 118 'br' 'br_ln317' <Predicate = (!icmp_ln252 & brmerge_read)> <Delay = 0.42>
ST_3 : Operation 119 [1/1] (0.00ns)   --->   "%PixArray_val_V_25 = phi i8 %PixArray_val_V_60, void %arrayctor.loop.i14, i8 %PixArray_val_V_17, void %for.body63.split"   --->   Operation 119 'phi' 'PixArray_val_V_25' <Predicate = (!icmp_ln252)> <Delay = 0.00>
ST_3 : Operation 120 [1/1] (0.00ns)   --->   "%PixArray_val_V_24 = phi i8 %PixArray_val_V_59, void %arrayctor.loop.i14, i8 %PixArray_val_V_16, void %for.body63.split"   --->   Operation 120 'phi' 'PixArray_val_V_24' <Predicate = (!icmp_ln252)> <Delay = 0.00>
ST_3 : Operation 121 [1/1] (0.00ns)   --->   "%PixArray_val_V = phi i8 %PixArray_val_V_58, void %arrayctor.loop.i14, i8 %PixArray_val_V_15, void %for.body63.split"   --->   Operation 121 'phi' 'PixArray_val_V' <Predicate = (!icmp_ln252)> <Delay = 0.00>
ST_3 : Operation 122 [1/2] (0.67ns)   --->   "%FiltCoeff_load = load i6 %FiltCoeff_addr" [/home/user/Documents/kria-vitis-platforms/kv260/platforms/vivado/kv260_ispMipiRx_vcu_DP/project/kv260_ispMipiRx_vcu_DP.runs/bd_eab1_vsc_0_synth_1/prj/sol/.autopilot/db/v_vscaler.cpp:349]   --->   Operation 122 'load' 'FiltCoeff_load' <Predicate = (!icmp_ln252 & OutputWriteEn_1_read)> <Delay = 0.67> <CoreInst = "RAM_1P_LUTRAM">   --->   Core 89 'RAM_1P_LUTRAM' <Latency = 1> <II = 1> <Delay = 0.67> <Storage> <Opcode : 'load' 'store'> <Ports = 1> <Width = 16> <Depth = 64> <RAM>
ST_3 : Operation 123 [1/1] (0.00ns)   --->   "%zext_ln186 = zext i8 %PixArray_val_V"   --->   Operation 123 'zext' 'zext_ln186' <Predicate = (!icmp_ln252 & OutputWriteEn_1_read)> <Delay = 0.00>
ST_3 : Operation 124 [1/1] (0.00ns)   --->   "%sext_ln1494 = sext i16 %FiltCoeff_load"   --->   Operation 124 'sext' 'sext_ln1494' <Predicate = (!icmp_ln252 & OutputWriteEn_1_read)> <Delay = 0.00>
ST_3 : Operation 125 [3/3] (0.99ns) (grouped into DSP with root node sum_18)   --->   "%ret_V = mul i24 %sext_ln1494, i24 %zext_ln186"   --->   Operation 125 'mul' 'ret_V' <Predicate = (!icmp_ln252 & OutputWriteEn_1_read)> <Delay = 0.99> <CoreInst = "DSP48">   --->   Core 127 'DSP48' <Latency = 3> <II = 1> <Delay = 0.53> <IPBlock> <Opcode : 'mul' 'add' 'sub' 'select'> <InPorts = 0> <OutPorts = 1> <Sync> <CReg>
ST_3 : Operation 126 [2/2] (0.67ns)   --->   "%FiltCoeff_1_load = load i6 %FiltCoeff_1_addr" [/home/user/Documents/kria-vitis-platforms/kv260/platforms/vivado/kv260_ispMipiRx_vcu_DP/project/kv260_ispMipiRx_vcu_DP.runs/bd_eab1_vsc_0_synth_1/prj/sol/.autopilot/db/v_vscaler.cpp:349]   --->   Operation 126 'load' 'FiltCoeff_1_load' <Predicate = (!icmp_ln252 & OutputWriteEn_1_read)> <Delay = 0.67> <CoreInst = "RAM_1P_LUTRAM">   --->   Core 89 'RAM_1P_LUTRAM' <Latency = 1> <II = 1> <Delay = 0.67> <Storage> <Opcode : 'load' 'store'> <Ports = 1> <Width = 16> <Depth = 64> <RAM>
ST_3 : Operation 127 [1/1] (0.00ns)   --->   "%zext_ln1494 = zext i8 %PixArray_val_V_24"   --->   Operation 127 'zext' 'zext_ln1494' <Predicate = (!icmp_ln252 & OutputWriteEn_1_read)> <Delay = 0.00>
ST_3 : Operation 128 [3/3] (0.99ns) (grouped into DSP with root node sum_23)   --->   "%ret_V_6 = mul i24 %sext_ln1494, i24 %zext_ln1494"   --->   Operation 128 'mul' 'ret_V_6' <Predicate = (!icmp_ln252 & OutputWriteEn_1_read)> <Delay = 0.99> <CoreInst = "DSP48">   --->   Core 127 'DSP48' <Latency = 3> <II = 1> <Delay = 0.53> <IPBlock> <Opcode : 'mul' 'add' 'sub' 'select'> <InPorts = 0> <OutPorts = 1> <Sync> <CReg>
ST_3 : Operation 129 [1/1] (0.00ns)   --->   "%zext_ln1494_6 = zext i8 %PixArray_val_V_25"   --->   Operation 129 'zext' 'zext_ln1494_6' <Predicate = (!icmp_ln252 & OutputWriteEn_1_read)> <Delay = 0.00>
ST_3 : Operation 130 [3/3] (0.99ns) (grouped into DSP with root node sum_28)   --->   "%ret_V_12 = mul i24 %sext_ln1494, i24 %zext_ln1494_6"   --->   Operation 130 'mul' 'ret_V_12' <Predicate = (!icmp_ln252 & OutputWriteEn_1_read)> <Delay = 0.99> <CoreInst = "DSP48">   --->   Core 127 'DSP48' <Latency = 3> <II = 1> <Delay = 0.53> <IPBlock> <Opcode : 'mul' 'add' 'sub' 'select'> <InPorts = 0> <OutPorts = 1> <Sync> <CReg>

State 4 <SV = 3> <Delay = 1.67>
ST_4 : Operation 131 [1/1] (0.00ns)   --->   "%FiltCoeff_2_addr = getelementptr i16 %FiltCoeff_2, i64 0, i64 %idxprom11_i_cast"   --->   Operation 131 'getelementptr' 'FiltCoeff_2_addr' <Predicate = true> <Delay = 0.00>
ST_4 : Operation 132 [1/1] (0.00ns)   --->   "%PixArray_val_V_40 = phi i8 %PixArray_val_V_23, void %arrayctor.loop.i14, i8 %PixArray_val_V_48, void %for.body63.split"   --->   Operation 132 'phi' 'PixArray_val_V_40' <Predicate = (!icmp_ln252)> <Delay = 0.00>
ST_4 : Operation 133 [1/1] (0.00ns)   --->   "%PixArray_val_V_39 = phi i8 %PixArray_val_V_22, void %arrayctor.loop.i14, i8 %PixArray_val_V_47, void %for.body63.split"   --->   Operation 133 'phi' 'PixArray_val_V_39' <Predicate = (!icmp_ln252)> <Delay = 0.00>
ST_4 : Operation 134 [1/1] (0.00ns)   --->   "%PixArray_val_V_45 = phi i8 %PixArray_val_V_21, void %arrayctor.loop.i14, i8 %PixArray_val_V_46, void %for.body63.split"   --->   Operation 134 'phi' 'PixArray_val_V_45' <Predicate = (!icmp_ln252)> <Delay = 0.00>
ST_4 : Operation 135 [1/1] (0.00ns)   --->   "%PixArray_val_V_37 = phi i8 %PixArray_val_V_48, void %arrayctor.loop.i14, i8 %PixArray_val_V_51, void %for.body63.split"   --->   Operation 135 'phi' 'PixArray_val_V_37' <Predicate = (!icmp_ln252)> <Delay = 0.00>
ST_4 : Operation 136 [1/1] (0.00ns)   --->   "%PixArray_val_V_36 = phi i8 %PixArray_val_V_47, void %arrayctor.loop.i14, i8 %PixArray_val_V_50, void %for.body63.split"   --->   Operation 136 'phi' 'PixArray_val_V_36' <Predicate = (!icmp_ln252)> <Delay = 0.00>
ST_4 : Operation 137 [1/1] (0.00ns)   --->   "%PixArray_val_V_44 = phi i8 %PixArray_val_V_46, void %arrayctor.loop.i14, i8 %PixArray_val_V_49, void %for.body63.split"   --->   Operation 137 'phi' 'PixArray_val_V_44' <Predicate = (!icmp_ln252)> <Delay = 0.00>
ST_4 : Operation 138 [1/1] (0.00ns)   --->   "%PixArray_val_V_34 = phi i8 %PixArray_val_V_51, void %arrayctor.loop.i14, i8 %PixArray_val_V_54, void %for.body63.split"   --->   Operation 138 'phi' 'PixArray_val_V_34' <Predicate = (!icmp_ln252)> <Delay = 0.00>
ST_4 : Operation 139 [1/1] (0.00ns)   --->   "%PixArray_val_V_33 = phi i8 %PixArray_val_V_50, void %arrayctor.loop.i14, i8 %PixArray_val_V_53, void %for.body63.split"   --->   Operation 139 'phi' 'PixArray_val_V_33' <Predicate = (!icmp_ln252)> <Delay = 0.00>
ST_4 : Operation 140 [1/1] (0.00ns)   --->   "%PixArray_val_V_43 = phi i8 %PixArray_val_V_49, void %arrayctor.loop.i14, i8 %PixArray_val_V_52, void %for.body63.split"   --->   Operation 140 'phi' 'PixArray_val_V_43' <Predicate = (!icmp_ln252)> <Delay = 0.00>
ST_4 : Operation 141 [1/1] (0.00ns)   --->   "%PixArray_val_V_31 = phi i8 %PixArray_val_V_54, void %arrayctor.loop.i14, i8 %PixArray_val_V_57, void %for.body63.split"   --->   Operation 141 'phi' 'PixArray_val_V_31' <Predicate = (!icmp_ln252)> <Delay = 0.00>
ST_4 : Operation 142 [1/1] (0.00ns)   --->   "%PixArray_val_V_30 = phi i8 %PixArray_val_V_53, void %arrayctor.loop.i14, i8 %PixArray_val_V_56, void %for.body63.split"   --->   Operation 142 'phi' 'PixArray_val_V_30' <Predicate = (!icmp_ln252)> <Delay = 0.00>
ST_4 : Operation 143 [1/1] (0.00ns)   --->   "%PixArray_val_V_42 = phi i8 %PixArray_val_V_52, void %arrayctor.loop.i14, i8 %PixArray_val_V_55, void %for.body63.split"   --->   Operation 143 'phi' 'PixArray_val_V_42' <Predicate = (!icmp_ln252)> <Delay = 0.00>
ST_4 : Operation 144 [1/1] (0.00ns)   --->   "%PixArray_val_V_28 = phi i8 %PixArray_val_V_57, void %arrayctor.loop.i14, i8 %PixArray_val_V_60, void %for.body63.split"   --->   Operation 144 'phi' 'PixArray_val_V_28' <Predicate = (!icmp_ln252)> <Delay = 0.00>
ST_4 : Operation 145 [1/1] (0.00ns)   --->   "%PixArray_val_V_27 = phi i8 %PixArray_val_V_56, void %arrayctor.loop.i14, i8 %PixArray_val_V_59, void %for.body63.split"   --->   Operation 145 'phi' 'PixArray_val_V_27' <Predicate = (!icmp_ln252)> <Delay = 0.00>
ST_4 : Operation 146 [1/1] (0.00ns)   --->   "%PixArray_val_V_41 = phi i8 %PixArray_val_V_55, void %arrayctor.loop.i14, i8 %PixArray_val_V_58, void %for.body63.split"   --->   Operation 146 'phi' 'PixArray_val_V_41' <Predicate = (!icmp_ln252)> <Delay = 0.00>
ST_4 : Operation 147 [2/3] (0.99ns) (grouped into DSP with root node sum_18)   --->   "%ret_V = mul i24 %sext_ln1494, i24 %zext_ln186"   --->   Operation 147 'mul' 'ret_V' <Predicate = (!icmp_ln252 & OutputWriteEn_1_read)> <Delay = 0.99> <CoreInst = "DSP48">   --->   Core 127 'DSP48' <Latency = 3> <II = 1> <Delay = 0.53> <IPBlock> <Opcode : 'mul' 'add' 'sub' 'select'> <InPorts = 0> <OutPorts = 1> <Sync> <CReg>
ST_4 : Operation 148 [1/2] (0.67ns)   --->   "%FiltCoeff_1_load = load i6 %FiltCoeff_1_addr" [/home/user/Documents/kria-vitis-platforms/kv260/platforms/vivado/kv260_ispMipiRx_vcu_DP/project/kv260_ispMipiRx_vcu_DP.runs/bd_eab1_vsc_0_synth_1/prj/sol/.autopilot/db/v_vscaler.cpp:349]   --->   Operation 148 'load' 'FiltCoeff_1_load' <Predicate = (!icmp_ln252 & OutputWriteEn_1_read)> <Delay = 0.67> <CoreInst = "RAM_1P_LUTRAM">   --->   Core 89 'RAM_1P_LUTRAM' <Latency = 1> <II = 1> <Delay = 0.67> <Storage> <Opcode : 'load' 'store'> <Ports = 1> <Width = 16> <Depth = 64> <RAM>
ST_4 : Operation 149 [1/1] (0.00ns)   --->   "%zext_ln186_1 = zext i8 %PixArray_val_V_41"   --->   Operation 149 'zext' 'zext_ln186_1' <Predicate = (!icmp_ln252 & OutputWriteEn_1_read)> <Delay = 0.00>
ST_4 : Operation 150 [1/1] (0.00ns)   --->   "%sext_ln1494_1 = sext i16 %FiltCoeff_1_load"   --->   Operation 150 'sext' 'sext_ln1494_1' <Predicate = (!icmp_ln252 & OutputWriteEn_1_read)> <Delay = 0.00>
ST_4 : Operation 151 [3/3] (0.99ns) (grouped into DSP with root node sum_19)   --->   "%ret_V_1 = mul i24 %sext_ln1494_1, i24 %zext_ln186_1"   --->   Operation 151 'mul' 'ret_V_1' <Predicate = (!icmp_ln252 & OutputWriteEn_1_read)> <Delay = 0.99> <CoreInst = "DSP48">   --->   Core 127 'DSP48' <Latency = 3> <II = 1> <Delay = 0.53> <IPBlock> <Opcode : 'mul' 'add' 'sub' 'select'> <InPorts = 0> <OutPorts = 1> <Sync> <CReg>
ST_4 : Operation 152 [2/2] (0.67ns)   --->   "%FiltCoeff_2_load = load i6 %FiltCoeff_2_addr" [/home/user/Documents/kria-vitis-platforms/kv260/platforms/vivado/kv260_ispMipiRx_vcu_DP/project/kv260_ispMipiRx_vcu_DP.runs/bd_eab1_vsc_0_synth_1/prj/sol/.autopilot/db/v_vscaler.cpp:349]   --->   Operation 152 'load' 'FiltCoeff_2_load' <Predicate = (!icmp_ln252 & OutputWriteEn_1_read)> <Delay = 0.67> <CoreInst = "RAM_1P_LUTRAM">   --->   Core 89 'RAM_1P_LUTRAM' <Latency = 1> <II = 1> <Delay = 0.67> <Storage> <Opcode : 'load' 'store'> <Ports = 1> <Width = 16> <Depth = 64> <RAM>
ST_4 : Operation 153 [2/3] (0.99ns) (grouped into DSP with root node sum_23)   --->   "%ret_V_6 = mul i24 %sext_ln1494, i24 %zext_ln1494"   --->   Operation 153 'mul' 'ret_V_6' <Predicate = (!icmp_ln252 & OutputWriteEn_1_read)> <Delay = 0.99> <CoreInst = "DSP48">   --->   Core 127 'DSP48' <Latency = 3> <II = 1> <Delay = 0.53> <IPBlock> <Opcode : 'mul' 'add' 'sub' 'select'> <InPorts = 0> <OutPorts = 1> <Sync> <CReg>
ST_4 : Operation 154 [1/1] (0.00ns)   --->   "%zext_ln1494_1 = zext i8 %PixArray_val_V_27"   --->   Operation 154 'zext' 'zext_ln1494_1' <Predicate = (!icmp_ln252 & OutputWriteEn_1_read)> <Delay = 0.00>
ST_4 : Operation 155 [3/3] (0.99ns) (grouped into DSP with root node sum_24)   --->   "%ret_V_7 = mul i24 %sext_ln1494_1, i24 %zext_ln1494_1"   --->   Operation 155 'mul' 'ret_V_7' <Predicate = (!icmp_ln252 & OutputWriteEn_1_read)> <Delay = 0.99> <CoreInst = "DSP48">   --->   Core 127 'DSP48' <Latency = 3> <II = 1> <Delay = 0.53> <IPBlock> <Opcode : 'mul' 'add' 'sub' 'select'> <InPorts = 0> <OutPorts = 1> <Sync> <CReg>
ST_4 : Operation 156 [2/3] (0.99ns) (grouped into DSP with root node sum_28)   --->   "%ret_V_12 = mul i24 %sext_ln1494, i24 %zext_ln1494_6"   --->   Operation 156 'mul' 'ret_V_12' <Predicate = (!icmp_ln252 & OutputWriteEn_1_read)> <Delay = 0.99> <CoreInst = "DSP48">   --->   Core 127 'DSP48' <Latency = 3> <II = 1> <Delay = 0.53> <IPBlock> <Opcode : 'mul' 'add' 'sub' 'select'> <InPorts = 0> <OutPorts = 1> <Sync> <CReg>
ST_4 : Operation 157 [1/1] (0.00ns)   --->   "%zext_ln1494_7 = zext i8 %PixArray_val_V_28"   --->   Operation 157 'zext' 'zext_ln1494_7' <Predicate = (!icmp_ln252 & OutputWriteEn_1_read)> <Delay = 0.00>
ST_4 : Operation 158 [3/3] (0.99ns) (grouped into DSP with root node sum_29)   --->   "%ret_V_13 = mul i24 %sext_ln1494_1, i24 %zext_ln1494_7"   --->   Operation 158 'mul' 'ret_V_13' <Predicate = (!icmp_ln252 & OutputWriteEn_1_read)> <Delay = 0.99> <CoreInst = "DSP48">   --->   Core 127 'DSP48' <Latency = 3> <II = 1> <Delay = 0.53> <IPBlock> <Opcode : 'mul' 'add' 'sub' 'select'> <InPorts = 0> <OutPorts = 1> <Sync> <CReg>

State 5 <SV = 4> <Delay = 1.67>
ST_5 : Operation 159 [1/1] (0.00ns)   --->   "%FiltCoeff_3_addr = getelementptr i16 %FiltCoeff_3, i64 0, i64 %idxprom11_i_cast"   --->   Operation 159 'getelementptr' 'FiltCoeff_3_addr' <Predicate = true> <Delay = 0.00>
ST_5 : Operation 160 [1/3] (0.00ns) (grouped into DSP with root node sum_18)   --->   "%ret_V = mul i24 %sext_ln1494, i24 %zext_ln186"   --->   Operation 160 'mul' 'ret_V' <Predicate = (!icmp_ln252 & OutputWriteEn_1_read)> <Delay = 0.00> <CoreInst = "DSP48">   --->   Core 127 'DSP48' <Latency = 3> <II = 1> <Delay = 0.53> <IPBlock> <Opcode : 'mul' 'add' 'sub' 'select'> <InPorts = 0> <OutPorts = 1> <Sync> <CReg>
ST_5 : Operation 161 [2/3] (0.99ns) (grouped into DSP with root node sum_19)   --->   "%ret_V_1 = mul i24 %sext_ln1494_1, i24 %zext_ln186_1"   --->   Operation 161 'mul' 'ret_V_1' <Predicate = (!icmp_ln252 & OutputWriteEn_1_read)> <Delay = 0.99> <CoreInst = "DSP48">   --->   Core 127 'DSP48' <Latency = 3> <II = 1> <Delay = 0.53> <IPBlock> <Opcode : 'mul' 'add' 'sub' 'select'> <InPorts = 0> <OutPorts = 1> <Sync> <CReg>
ST_5 : Operation 162 [1/2] (0.67ns)   --->   "%FiltCoeff_2_load = load i6 %FiltCoeff_2_addr" [/home/user/Documents/kria-vitis-platforms/kv260/platforms/vivado/kv260_ispMipiRx_vcu_DP/project/kv260_ispMipiRx_vcu_DP.runs/bd_eab1_vsc_0_synth_1/prj/sol/.autopilot/db/v_vscaler.cpp:349]   --->   Operation 162 'load' 'FiltCoeff_2_load' <Predicate = (!icmp_ln252 & OutputWriteEn_1_read)> <Delay = 0.67> <CoreInst = "RAM_1P_LUTRAM">   --->   Core 89 'RAM_1P_LUTRAM' <Latency = 1> <II = 1> <Delay = 0.67> <Storage> <Opcode : 'load' 'store'> <Ports = 1> <Width = 16> <Depth = 64> <RAM>
ST_5 : Operation 163 [1/1] (0.00ns)   --->   "%zext_ln186_2 = zext i8 %PixArray_val_V_42"   --->   Operation 163 'zext' 'zext_ln186_2' <Predicate = (!icmp_ln252 & OutputWriteEn_1_read)> <Delay = 0.00>
ST_5 : Operation 164 [1/1] (0.00ns)   --->   "%sext_ln1494_2 = sext i16 %FiltCoeff_2_load"   --->   Operation 164 'sext' 'sext_ln1494_2' <Predicate = (!icmp_ln252 & OutputWriteEn_1_read)> <Delay = 0.00>
ST_5 : Operation 165 [3/3] (0.99ns) (grouped into DSP with root node sum_20)   --->   "%ret_V_2 = mul i24 %sext_ln1494_2, i24 %zext_ln186_2"   --->   Operation 165 'mul' 'ret_V_2' <Predicate = (!icmp_ln252 & OutputWriteEn_1_read)> <Delay = 0.99> <CoreInst = "DSP48">   --->   Core 127 'DSP48' <Latency = 3> <II = 1> <Delay = 0.53> <IPBlock> <Opcode : 'mul' 'add' 'sub' 'select'> <InPorts = 0> <OutPorts = 1> <Sync> <CReg>
ST_5 : Operation 166 [2/2] (0.67ns)   --->   "%FiltCoeff_3_load = load i6 %FiltCoeff_3_addr" [/home/user/Documents/kria-vitis-platforms/kv260/platforms/vivado/kv260_ispMipiRx_vcu_DP/project/kv260_ispMipiRx_vcu_DP.runs/bd_eab1_vsc_0_synth_1/prj/sol/.autopilot/db/v_vscaler.cpp:349]   --->   Operation 166 'load' 'FiltCoeff_3_load' <Predicate = (!icmp_ln252 & OutputWriteEn_1_read)> <Delay = 0.67> <CoreInst = "RAM_1P_LUTRAM">   --->   Core 89 'RAM_1P_LUTRAM' <Latency = 1> <II = 1> <Delay = 0.67> <Storage> <Opcode : 'load' 'store'> <Ports = 1> <Width = 16> <Depth = 64> <RAM>
ST_5 : Operation 167 [2/2] (0.64ns) (root node of the DSP)   --->   "%sum_18 = add i24 %ret_V, i24 2048" [/home/user/Documents/kria-vitis-platforms/kv260/platforms/vivado/kv260_ispMipiRx_vcu_DP/project/kv260_ispMipiRx_vcu_DP.runs/bd_eab1_vsc_0_synth_1/prj/sol/.autopilot/db/v_vscaler.cpp:349]   --->   Operation 167 'add' 'sum_18' <Predicate = (!icmp_ln252 & OutputWriteEn_1_read)> <Delay = 0.64> <CoreInst = "DSP48">   --->   Core 127 'DSP48' <Latency = 3> <II = 1> <Delay = 0.53> <IPBlock> <Opcode : 'mul' 'add' 'sub' 'select'> <InPorts = 0> <OutPorts = 1> <Sync> <CReg>
ST_5 : Operation 168 [1/3] (0.00ns) (grouped into DSP with root node sum_23)   --->   "%ret_V_6 = mul i24 %sext_ln1494, i24 %zext_ln1494"   --->   Operation 168 'mul' 'ret_V_6' <Predicate = (!icmp_ln252 & OutputWriteEn_1_read)> <Delay = 0.00> <CoreInst = "DSP48">   --->   Core 127 'DSP48' <Latency = 3> <II = 1> <Delay = 0.53> <IPBlock> <Opcode : 'mul' 'add' 'sub' 'select'> <InPorts = 0> <OutPorts = 1> <Sync> <CReg>
ST_5 : Operation 169 [2/3] (0.99ns) (grouped into DSP with root node sum_24)   --->   "%ret_V_7 = mul i24 %sext_ln1494_1, i24 %zext_ln1494_1"   --->   Operation 169 'mul' 'ret_V_7' <Predicate = (!icmp_ln252 & OutputWriteEn_1_read)> <Delay = 0.99> <CoreInst = "DSP48">   --->   Core 127 'DSP48' <Latency = 3> <II = 1> <Delay = 0.53> <IPBlock> <Opcode : 'mul' 'add' 'sub' 'select'> <InPorts = 0> <OutPorts = 1> <Sync> <CReg>
ST_5 : Operation 170 [1/1] (0.00ns)   --->   "%zext_ln1494_2 = zext i8 %PixArray_val_V_30"   --->   Operation 170 'zext' 'zext_ln1494_2' <Predicate = (!icmp_ln252 & OutputWriteEn_1_read)> <Delay = 0.00>
ST_5 : Operation 171 [3/3] (0.99ns) (grouped into DSP with root node sum_25)   --->   "%ret_V_8 = mul i24 %sext_ln1494_2, i24 %zext_ln1494_2"   --->   Operation 171 'mul' 'ret_V_8' <Predicate = (!icmp_ln252 & OutputWriteEn_1_read)> <Delay = 0.99> <CoreInst = "DSP48">   --->   Core 127 'DSP48' <Latency = 3> <II = 1> <Delay = 0.53> <IPBlock> <Opcode : 'mul' 'add' 'sub' 'select'> <InPorts = 0> <OutPorts = 1> <Sync> <CReg>
ST_5 : Operation 172 [2/2] (0.64ns) (root node of the DSP)   --->   "%sum_23 = add i24 %ret_V_6, i24 2048" [/home/user/Documents/kria-vitis-platforms/kv260/platforms/vivado/kv260_ispMipiRx_vcu_DP/project/kv260_ispMipiRx_vcu_DP.runs/bd_eab1_vsc_0_synth_1/prj/sol/.autopilot/db/v_vscaler.cpp:349]   --->   Operation 172 'add' 'sum_23' <Predicate = (!icmp_ln252 & OutputWriteEn_1_read)> <Delay = 0.64> <CoreInst = "DSP48">   --->   Core 127 'DSP48' <Latency = 3> <II = 1> <Delay = 0.53> <IPBlock> <Opcode : 'mul' 'add' 'sub' 'select'> <InPorts = 0> <OutPorts = 1> <Sync> <CReg>
ST_5 : Operation 173 [1/3] (0.00ns) (grouped into DSP with root node sum_28)   --->   "%ret_V_12 = mul i24 %sext_ln1494, i24 %zext_ln1494_6"   --->   Operation 173 'mul' 'ret_V_12' <Predicate = (!icmp_ln252 & OutputWriteEn_1_read)> <Delay = 0.00> <CoreInst = "DSP48">   --->   Core 127 'DSP48' <Latency = 3> <II = 1> <Delay = 0.53> <IPBlock> <Opcode : 'mul' 'add' 'sub' 'select'> <InPorts = 0> <OutPorts = 1> <Sync> <CReg>
ST_5 : Operation 174 [2/3] (0.99ns) (grouped into DSP with root node sum_29)   --->   "%ret_V_13 = mul i24 %sext_ln1494_1, i24 %zext_ln1494_7"   --->   Operation 174 'mul' 'ret_V_13' <Predicate = (!icmp_ln252 & OutputWriteEn_1_read)> <Delay = 0.99> <CoreInst = "DSP48">   --->   Core 127 'DSP48' <Latency = 3> <II = 1> <Delay = 0.53> <IPBlock> <Opcode : 'mul' 'add' 'sub' 'select'> <InPorts = 0> <OutPorts = 1> <Sync> <CReg>
ST_5 : Operation 175 [1/1] (0.00ns)   --->   "%zext_ln1494_8 = zext i8 %PixArray_val_V_31"   --->   Operation 175 'zext' 'zext_ln1494_8' <Predicate = (!icmp_ln252 & OutputWriteEn_1_read)> <Delay = 0.00>
ST_5 : Operation 176 [3/3] (0.99ns) (grouped into DSP with root node sum_30)   --->   "%ret_V_14 = mul i24 %sext_ln1494_2, i24 %zext_ln1494_8"   --->   Operation 176 'mul' 'ret_V_14' <Predicate = (!icmp_ln252 & OutputWriteEn_1_read)> <Delay = 0.99> <CoreInst = "DSP48">   --->   Core 127 'DSP48' <Latency = 3> <II = 1> <Delay = 0.53> <IPBlock> <Opcode : 'mul' 'add' 'sub' 'select'> <InPorts = 0> <OutPorts = 1> <Sync> <CReg>
ST_5 : Operation 177 [2/2] (0.64ns) (root node of the DSP)   --->   "%sum_28 = add i24 %ret_V_12, i24 2048" [/home/user/Documents/kria-vitis-platforms/kv260/platforms/vivado/kv260_ispMipiRx_vcu_DP/project/kv260_ispMipiRx_vcu_DP.runs/bd_eab1_vsc_0_synth_1/prj/sol/.autopilot/db/v_vscaler.cpp:349]   --->   Operation 177 'add' 'sum_28' <Predicate = (!icmp_ln252 & OutputWriteEn_1_read)> <Delay = 0.64> <CoreInst = "DSP48">   --->   Core 127 'DSP48' <Latency = 3> <II = 1> <Delay = 0.53> <IPBlock> <Opcode : 'mul' 'add' 'sub' 'select'> <InPorts = 0> <OutPorts = 1> <Sync> <CReg>

State 6 <SV = 5> <Delay = 1.67>
ST_6 : Operation 178 [1/1] (0.00ns)   --->   "%FiltCoeff_4_addr = getelementptr i16 %FiltCoeff_4, i64 0, i64 %idxprom11_i_cast"   --->   Operation 178 'getelementptr' 'FiltCoeff_4_addr' <Predicate = true> <Delay = 0.00>
ST_6 : Operation 179 [1/3] (0.00ns) (grouped into DSP with root node sum_19)   --->   "%ret_V_1 = mul i24 %sext_ln1494_1, i24 %zext_ln186_1"   --->   Operation 179 'mul' 'ret_V_1' <Predicate = (!icmp_ln252 & OutputWriteEn_1_read)> <Delay = 0.00> <CoreInst = "DSP48">   --->   Core 127 'DSP48' <Latency = 3> <II = 1> <Delay = 0.53> <IPBlock> <Opcode : 'mul' 'add' 'sub' 'select'> <InPorts = 0> <OutPorts = 1> <Sync> <CReg>
ST_6 : Operation 180 [1/1] (0.00ns) (grouped into DSP with root node sum_19)   --->   "%sext_ln343 = sext i24 %ret_V_1" [/home/user/Documents/kria-vitis-platforms/kv260/platforms/vivado/kv260_ispMipiRx_vcu_DP/project/kv260_ispMipiRx_vcu_DP.runs/bd_eab1_vsc_0_synth_1/prj/sol/.autopilot/db/v_vscaler.cpp:343]   --->   Operation 180 'sext' 'sext_ln343' <Predicate = (!icmp_ln252 & OutputWriteEn_1_read)> <Delay = 0.00>
ST_6 : Operation 181 [2/3] (0.99ns) (grouped into DSP with root node sum_20)   --->   "%ret_V_2 = mul i24 %sext_ln1494_2, i24 %zext_ln186_2"   --->   Operation 181 'mul' 'ret_V_2' <Predicate = (!icmp_ln252 & OutputWriteEn_1_read)> <Delay = 0.99> <CoreInst = "DSP48">   --->   Core 127 'DSP48' <Latency = 3> <II = 1> <Delay = 0.53> <IPBlock> <Opcode : 'mul' 'add' 'sub' 'select'> <InPorts = 0> <OutPorts = 1> <Sync> <CReg>
ST_6 : Operation 182 [1/2] (0.67ns)   --->   "%FiltCoeff_3_load = load i6 %FiltCoeff_3_addr" [/home/user/Documents/kria-vitis-platforms/kv260/platforms/vivado/kv260_ispMipiRx_vcu_DP/project/kv260_ispMipiRx_vcu_DP.runs/bd_eab1_vsc_0_synth_1/prj/sol/.autopilot/db/v_vscaler.cpp:349]   --->   Operation 182 'load' 'FiltCoeff_3_load' <Predicate = (!icmp_ln252 & OutputWriteEn_1_read)> <Delay = 0.67> <CoreInst = "RAM_1P_LUTRAM">   --->   Core 89 'RAM_1P_LUTRAM' <Latency = 1> <II = 1> <Delay = 0.67> <Storage> <Opcode : 'load' 'store'> <Ports = 1> <Width = 16> <Depth = 64> <RAM>
ST_6 : Operation 183 [1/1] (0.00ns)   --->   "%zext_ln186_3 = zext i8 %PixArray_val_V_43"   --->   Operation 183 'zext' 'zext_ln186_3' <Predicate = (!icmp_ln252 & OutputWriteEn_1_read)> <Delay = 0.00>
ST_6 : Operation 184 [1/1] (0.00ns)   --->   "%sext_ln1494_3 = sext i16 %FiltCoeff_3_load"   --->   Operation 184 'sext' 'sext_ln1494_3' <Predicate = (!icmp_ln252 & OutputWriteEn_1_read)> <Delay = 0.00>
ST_6 : Operation 185 [3/3] (0.99ns) (grouped into DSP with root node sum_21)   --->   "%ret_V_3 = mul i24 %sext_ln1494_3, i24 %zext_ln186_3"   --->   Operation 185 'mul' 'ret_V_3' <Predicate = (!icmp_ln252 & OutputWriteEn_1_read)> <Delay = 0.99> <CoreInst = "DSP48">   --->   Core 127 'DSP48' <Latency = 3> <II = 1> <Delay = 0.53> <IPBlock> <Opcode : 'mul' 'add' 'sub' 'select'> <InPorts = 0> <OutPorts = 1> <Sync> <CReg>
ST_6 : Operation 186 [2/2] (0.67ns)   --->   "%FiltCoeff_4_load = load i6 %FiltCoeff_4_addr" [/home/user/Documents/kria-vitis-platforms/kv260/platforms/vivado/kv260_ispMipiRx_vcu_DP/project/kv260_ispMipiRx_vcu_DP.runs/bd_eab1_vsc_0_synth_1/prj/sol/.autopilot/db/v_vscaler.cpp:349]   --->   Operation 186 'load' 'FiltCoeff_4_load' <Predicate = (!icmp_ln252 & OutputWriteEn_1_read)> <Delay = 0.67> <CoreInst = "RAM_1P_LUTRAM">   --->   Core 89 'RAM_1P_LUTRAM' <Latency = 1> <II = 1> <Delay = 0.67> <Storage> <Opcode : 'load' 'store'> <Ports = 1> <Width = 16> <Depth = 64> <RAM>
ST_6 : Operation 187 [1/2] (0.64ns) (root node of the DSP)   --->   "%sum_18 = add i24 %ret_V, i24 2048" [/home/user/Documents/kria-vitis-platforms/kv260/platforms/vivado/kv260_ispMipiRx_vcu_DP/project/kv260_ispMipiRx_vcu_DP.runs/bd_eab1_vsc_0_synth_1/prj/sol/.autopilot/db/v_vscaler.cpp:349]   --->   Operation 187 'add' 'sum_18' <Predicate = (!icmp_ln252 & OutputWriteEn_1_read)> <Delay = 0.64> <CoreInst = "DSP48">   --->   Core 127 'DSP48' <Latency = 3> <II = 1> <Delay = 0.53> <IPBlock> <Opcode : 'mul' 'add' 'sub' 'select'> <InPorts = 0> <OutPorts = 1> <Sync> <CReg>
ST_6 : Operation 188 [1/1] (0.00ns)   --->   "%sext_ln349_1 = sext i24 %sum_18" [/home/user/Documents/kria-vitis-platforms/kv260/platforms/vivado/kv260_ispMipiRx_vcu_DP/project/kv260_ispMipiRx_vcu_DP.runs/bd_eab1_vsc_0_synth_1/prj/sol/.autopilot/db/v_vscaler.cpp:349]   --->   Operation 188 'sext' 'sext_ln349_1' <Predicate = (!icmp_ln252 & OutputWriteEn_1_read)> <Delay = 0.00>
ST_6 : Operation 189 [2/2] (0.64ns) (root node of the DSP)   --->   "%sum_19 = add i25 %sext_ln349_1, i25 %sext_ln343" [/home/user/Documents/kria-vitis-platforms/kv260/platforms/vivado/kv260_ispMipiRx_vcu_DP/project/kv260_ispMipiRx_vcu_DP.runs/bd_eab1_vsc_0_synth_1/prj/sol/.autopilot/db/v_vscaler.cpp:349]   --->   Operation 189 'add' 'sum_19' <Predicate = (!icmp_ln252 & OutputWriteEn_1_read)> <Delay = 0.64> <CoreInst = "DSP48">   --->   Core 127 'DSP48' <Latency = 3> <II = 1> <Delay = 0.53> <IPBlock> <Opcode : 'mul' 'add' 'sub' 'select'> <InPorts = 0> <OutPorts = 1> <Sync> <CReg>
ST_6 : Operation 190 [1/3] (0.00ns) (grouped into DSP with root node sum_24)   --->   "%ret_V_7 = mul i24 %sext_ln1494_1, i24 %zext_ln1494_1"   --->   Operation 190 'mul' 'ret_V_7' <Predicate = (!icmp_ln252 & OutputWriteEn_1_read)> <Delay = 0.00> <CoreInst = "DSP48">   --->   Core 127 'DSP48' <Latency = 3> <II = 1> <Delay = 0.53> <IPBlock> <Opcode : 'mul' 'add' 'sub' 'select'> <InPorts = 0> <OutPorts = 1> <Sync> <CReg>
ST_6 : Operation 191 [1/1] (0.00ns) (grouped into DSP with root node sum_24)   --->   "%sext_ln343_4 = sext i24 %ret_V_7" [/home/user/Documents/kria-vitis-platforms/kv260/platforms/vivado/kv260_ispMipiRx_vcu_DP/project/kv260_ispMipiRx_vcu_DP.runs/bd_eab1_vsc_0_synth_1/prj/sol/.autopilot/db/v_vscaler.cpp:343]   --->   Operation 191 'sext' 'sext_ln343_4' <Predicate = (!icmp_ln252 & OutputWriteEn_1_read)> <Delay = 0.00>
ST_6 : Operation 192 [2/3] (0.99ns) (grouped into DSP with root node sum_25)   --->   "%ret_V_8 = mul i24 %sext_ln1494_2, i24 %zext_ln1494_2"   --->   Operation 192 'mul' 'ret_V_8' <Predicate = (!icmp_ln252 & OutputWriteEn_1_read)> <Delay = 0.99> <CoreInst = "DSP48">   --->   Core 127 'DSP48' <Latency = 3> <II = 1> <Delay = 0.53> <IPBlock> <Opcode : 'mul' 'add' 'sub' 'select'> <InPorts = 0> <OutPorts = 1> <Sync> <CReg>
ST_6 : Operation 193 [1/1] (0.00ns)   --->   "%zext_ln1494_3 = zext i8 %PixArray_val_V_33"   --->   Operation 193 'zext' 'zext_ln1494_3' <Predicate = (!icmp_ln252 & OutputWriteEn_1_read)> <Delay = 0.00>
ST_6 : Operation 194 [3/3] (0.99ns) (grouped into DSP with root node sum_26)   --->   "%ret_V_9 = mul i24 %sext_ln1494_3, i24 %zext_ln1494_3"   --->   Operation 194 'mul' 'ret_V_9' <Predicate = (!icmp_ln252 & OutputWriteEn_1_read)> <Delay = 0.99> <CoreInst = "DSP48">   --->   Core 127 'DSP48' <Latency = 3> <II = 1> <Delay = 0.53> <IPBlock> <Opcode : 'mul' 'add' 'sub' 'select'> <InPorts = 0> <OutPorts = 1> <Sync> <CReg>
ST_6 : Operation 195 [1/2] (0.64ns) (root node of the DSP)   --->   "%sum_23 = add i24 %ret_V_6, i24 2048" [/home/user/Documents/kria-vitis-platforms/kv260/platforms/vivado/kv260_ispMipiRx_vcu_DP/project/kv260_ispMipiRx_vcu_DP.runs/bd_eab1_vsc_0_synth_1/prj/sol/.autopilot/db/v_vscaler.cpp:349]   --->   Operation 195 'add' 'sum_23' <Predicate = (!icmp_ln252 & OutputWriteEn_1_read)> <Delay = 0.64> <CoreInst = "DSP48">   --->   Core 127 'DSP48' <Latency = 3> <II = 1> <Delay = 0.53> <IPBlock> <Opcode : 'mul' 'add' 'sub' 'select'> <InPorts = 0> <OutPorts = 1> <Sync> <CReg>
ST_6 : Operation 196 [1/1] (0.00ns)   --->   "%sext_ln349_5 = sext i24 %sum_23" [/home/user/Documents/kria-vitis-platforms/kv260/platforms/vivado/kv260_ispMipiRx_vcu_DP/project/kv260_ispMipiRx_vcu_DP.runs/bd_eab1_vsc_0_synth_1/prj/sol/.autopilot/db/v_vscaler.cpp:349]   --->   Operation 196 'sext' 'sext_ln349_5' <Predicate = (!icmp_ln252 & OutputWriteEn_1_read)> <Delay = 0.00>
ST_6 : Operation 197 [2/2] (0.64ns) (root node of the DSP)   --->   "%sum_24 = add i25 %sext_ln349_5, i25 %sext_ln343_4" [/home/user/Documents/kria-vitis-platforms/kv260/platforms/vivado/kv260_ispMipiRx_vcu_DP/project/kv260_ispMipiRx_vcu_DP.runs/bd_eab1_vsc_0_synth_1/prj/sol/.autopilot/db/v_vscaler.cpp:349]   --->   Operation 197 'add' 'sum_24' <Predicate = (!icmp_ln252 & OutputWriteEn_1_read)> <Delay = 0.64> <CoreInst = "DSP48">   --->   Core 127 'DSP48' <Latency = 3> <II = 1> <Delay = 0.53> <IPBlock> <Opcode : 'mul' 'add' 'sub' 'select'> <InPorts = 0> <OutPorts = 1> <Sync> <CReg>
ST_6 : Operation 198 [1/3] (0.00ns) (grouped into DSP with root node sum_29)   --->   "%ret_V_13 = mul i24 %sext_ln1494_1, i24 %zext_ln1494_7"   --->   Operation 198 'mul' 'ret_V_13' <Predicate = (!icmp_ln252 & OutputWriteEn_1_read)> <Delay = 0.00> <CoreInst = "DSP48">   --->   Core 127 'DSP48' <Latency = 3> <II = 1> <Delay = 0.53> <IPBlock> <Opcode : 'mul' 'add' 'sub' 'select'> <InPorts = 0> <OutPorts = 1> <Sync> <CReg>
ST_6 : Operation 199 [1/1] (0.00ns) (grouped into DSP with root node sum_29)   --->   "%sext_ln343_8 = sext i24 %ret_V_13" [/home/user/Documents/kria-vitis-platforms/kv260/platforms/vivado/kv260_ispMipiRx_vcu_DP/project/kv260_ispMipiRx_vcu_DP.runs/bd_eab1_vsc_0_synth_1/prj/sol/.autopilot/db/v_vscaler.cpp:343]   --->   Operation 199 'sext' 'sext_ln343_8' <Predicate = (!icmp_ln252 & OutputWriteEn_1_read)> <Delay = 0.00>
ST_6 : Operation 200 [2/3] (0.99ns) (grouped into DSP with root node sum_30)   --->   "%ret_V_14 = mul i24 %sext_ln1494_2, i24 %zext_ln1494_8"   --->   Operation 200 'mul' 'ret_V_14' <Predicate = (!icmp_ln252 & OutputWriteEn_1_read)> <Delay = 0.99> <CoreInst = "DSP48">   --->   Core 127 'DSP48' <Latency = 3> <II = 1> <Delay = 0.53> <IPBlock> <Opcode : 'mul' 'add' 'sub' 'select'> <InPorts = 0> <OutPorts = 1> <Sync> <CReg>
ST_6 : Operation 201 [1/1] (0.00ns)   --->   "%zext_ln1494_9 = zext i8 %PixArray_val_V_34"   --->   Operation 201 'zext' 'zext_ln1494_9' <Predicate = (!icmp_ln252 & OutputWriteEn_1_read)> <Delay = 0.00>
ST_6 : Operation 202 [3/3] (0.99ns) (grouped into DSP with root node sum_31)   --->   "%ret_V_15 = mul i24 %sext_ln1494_3, i24 %zext_ln1494_9"   --->   Operation 202 'mul' 'ret_V_15' <Predicate = (!icmp_ln252 & OutputWriteEn_1_read)> <Delay = 0.99> <CoreInst = "DSP48">   --->   Core 127 'DSP48' <Latency = 3> <II = 1> <Delay = 0.53> <IPBlock> <Opcode : 'mul' 'add' 'sub' 'select'> <InPorts = 0> <OutPorts = 1> <Sync> <CReg>
ST_6 : Operation 203 [1/2] (0.64ns) (root node of the DSP)   --->   "%sum_28 = add i24 %ret_V_12, i24 2048" [/home/user/Documents/kria-vitis-platforms/kv260/platforms/vivado/kv260_ispMipiRx_vcu_DP/project/kv260_ispMipiRx_vcu_DP.runs/bd_eab1_vsc_0_synth_1/prj/sol/.autopilot/db/v_vscaler.cpp:349]   --->   Operation 203 'add' 'sum_28' <Predicate = (!icmp_ln252 & OutputWriteEn_1_read)> <Delay = 0.64> <CoreInst = "DSP48">   --->   Core 127 'DSP48' <Latency = 3> <II = 1> <Delay = 0.53> <IPBlock> <Opcode : 'mul' 'add' 'sub' 'select'> <InPorts = 0> <OutPorts = 1> <Sync> <CReg>
ST_6 : Operation 204 [1/1] (0.00ns)   --->   "%sext_ln349_9 = sext i24 %sum_28" [/home/user/Documents/kria-vitis-platforms/kv260/platforms/vivado/kv260_ispMipiRx_vcu_DP/project/kv260_ispMipiRx_vcu_DP.runs/bd_eab1_vsc_0_synth_1/prj/sol/.autopilot/db/v_vscaler.cpp:349]   --->   Operation 204 'sext' 'sext_ln349_9' <Predicate = (!icmp_ln252 & OutputWriteEn_1_read)> <Delay = 0.00>
ST_6 : Operation 205 [2/2] (0.64ns) (root node of the DSP)   --->   "%sum_29 = add i25 %sext_ln349_9, i25 %sext_ln343_8" [/home/user/Documents/kria-vitis-platforms/kv260/platforms/vivado/kv260_ispMipiRx_vcu_DP/project/kv260_ispMipiRx_vcu_DP.runs/bd_eab1_vsc_0_synth_1/prj/sol/.autopilot/db/v_vscaler.cpp:349]   --->   Operation 205 'add' 'sum_29' <Predicate = (!icmp_ln252 & OutputWriteEn_1_read)> <Delay = 0.64> <CoreInst = "DSP48">   --->   Core 127 'DSP48' <Latency = 3> <II = 1> <Delay = 0.53> <IPBlock> <Opcode : 'mul' 'add' 'sub' 'select'> <InPorts = 0> <OutPorts = 1> <Sync> <CReg>

State 7 <SV = 6> <Delay = 1.67>
ST_7 : Operation 206 [1/1] (0.00ns)   --->   "%FiltCoeff_5_addr = getelementptr i16 %FiltCoeff_5, i64 0, i64 %idxprom11_i_cast"   --->   Operation 206 'getelementptr' 'FiltCoeff_5_addr' <Predicate = true> <Delay = 0.00>
ST_7 : Operation 207 [1/1] (0.00ns)   --->   "%speclooptripcount_ln0 = speclooptripcount void @_ssdm_op_SpecLoopTripCount, i64 0, i64 1920, i64 0"   --->   Operation 207 'speclooptripcount' 'speclooptripcount_ln0' <Predicate = true> <Delay = 0.00>
ST_7 : Operation 208 [1/3] (0.00ns) (grouped into DSP with root node sum_20)   --->   "%ret_V_2 = mul i24 %sext_ln1494_2, i24 %zext_ln186_2"   --->   Operation 208 'mul' 'ret_V_2' <Predicate = (!icmp_ln252 & OutputWriteEn_1_read)> <Delay = 0.00> <CoreInst = "DSP48">   --->   Core 127 'DSP48' <Latency = 3> <II = 1> <Delay = 0.53> <IPBlock> <Opcode : 'mul' 'add' 'sub' 'select'> <InPorts = 0> <OutPorts = 1> <Sync> <CReg>
ST_7 : Operation 209 [1/1] (0.00ns) (grouped into DSP with root node sum_20)   --->   "%sext_ln343_1 = sext i24 %ret_V_2" [/home/user/Documents/kria-vitis-platforms/kv260/platforms/vivado/kv260_ispMipiRx_vcu_DP/project/kv260_ispMipiRx_vcu_DP.runs/bd_eab1_vsc_0_synth_1/prj/sol/.autopilot/db/v_vscaler.cpp:343]   --->   Operation 209 'sext' 'sext_ln343_1' <Predicate = (!icmp_ln252 & OutputWriteEn_1_read)> <Delay = 0.00>
ST_7 : Operation 210 [2/3] (0.99ns) (grouped into DSP with root node sum_21)   --->   "%ret_V_3 = mul i24 %sext_ln1494_3, i24 %zext_ln186_3"   --->   Operation 210 'mul' 'ret_V_3' <Predicate = (!icmp_ln252 & OutputWriteEn_1_read)> <Delay = 0.99> <CoreInst = "DSP48">   --->   Core 127 'DSP48' <Latency = 3> <II = 1> <Delay = 0.53> <IPBlock> <Opcode : 'mul' 'add' 'sub' 'select'> <InPorts = 0> <OutPorts = 1> <Sync> <CReg>
ST_7 : Operation 211 [1/2] (0.67ns)   --->   "%FiltCoeff_4_load = load i6 %FiltCoeff_4_addr" [/home/user/Documents/kria-vitis-platforms/kv260/platforms/vivado/kv260_ispMipiRx_vcu_DP/project/kv260_ispMipiRx_vcu_DP.runs/bd_eab1_vsc_0_synth_1/prj/sol/.autopilot/db/v_vscaler.cpp:349]   --->   Operation 211 'load' 'FiltCoeff_4_load' <Predicate = (!icmp_ln252 & OutputWriteEn_1_read)> <Delay = 0.67> <CoreInst = "RAM_1P_LUTRAM">   --->   Core 89 'RAM_1P_LUTRAM' <Latency = 1> <II = 1> <Delay = 0.67> <Storage> <Opcode : 'load' 'store'> <Ports = 1> <Width = 16> <Depth = 64> <RAM>
ST_7 : Operation 212 [1/1] (0.00ns)   --->   "%zext_ln186_4 = zext i8 %PixArray_val_V_44"   --->   Operation 212 'zext' 'zext_ln186_4' <Predicate = (!icmp_ln252 & OutputWriteEn_1_read)> <Delay = 0.00>
ST_7 : Operation 213 [1/1] (0.00ns)   --->   "%sext_ln1494_4 = sext i16 %FiltCoeff_4_load"   --->   Operation 213 'sext' 'sext_ln1494_4' <Predicate = (!icmp_ln252 & OutputWriteEn_1_read)> <Delay = 0.00>
ST_7 : Operation 214 [3/3] (0.99ns) (grouped into DSP with root node sum_22)   --->   "%ret_V_4 = mul i24 %sext_ln1494_4, i24 %zext_ln186_4"   --->   Operation 214 'mul' 'ret_V_4' <Predicate = (!icmp_ln252 & OutputWriteEn_1_read)> <Delay = 0.99> <CoreInst = "DSP48">   --->   Core 127 'DSP48' <Latency = 3> <II = 1> <Delay = 0.53> <IPBlock> <Opcode : 'mul' 'add' 'sub' 'select'> <InPorts = 0> <OutPorts = 1> <Sync> <CReg>
ST_7 : Operation 215 [2/2] (0.67ns)   --->   "%FiltCoeff_5_load = load i6 %FiltCoeff_5_addr" [/home/user/Documents/kria-vitis-platforms/kv260/platforms/vivado/kv260_ispMipiRx_vcu_DP/project/kv260_ispMipiRx_vcu_DP.runs/bd_eab1_vsc_0_synth_1/prj/sol/.autopilot/db/v_vscaler.cpp:349]   --->   Operation 215 'load' 'FiltCoeff_5_load' <Predicate = (!icmp_ln252 & OutputWriteEn_1_read)> <Delay = 0.67> <CoreInst = "RAM_1P_LUTRAM">   --->   Core 89 'RAM_1P_LUTRAM' <Latency = 1> <II = 1> <Delay = 0.67> <Storage> <Opcode : 'load' 'store'> <Ports = 1> <Width = 16> <Depth = 64> <RAM>
ST_7 : Operation 216 [1/2] (0.64ns) (root node of the DSP)   --->   "%sum_19 = add i25 %sext_ln349_1, i25 %sext_ln343" [/home/user/Documents/kria-vitis-platforms/kv260/platforms/vivado/kv260_ispMipiRx_vcu_DP/project/kv260_ispMipiRx_vcu_DP.runs/bd_eab1_vsc_0_synth_1/prj/sol/.autopilot/db/v_vscaler.cpp:349]   --->   Operation 216 'add' 'sum_19' <Predicate = (!icmp_ln252 & OutputWriteEn_1_read)> <Delay = 0.64> <CoreInst = "DSP48">   --->   Core 127 'DSP48' <Latency = 3> <II = 1> <Delay = 0.53> <IPBlock> <Opcode : 'mul' 'add' 'sub' 'select'> <InPorts = 0> <OutPorts = 1> <Sync> <CReg>
ST_7 : Operation 217 [1/1] (0.00ns)   --->   "%sext_ln349_2 = sext i25 %sum_19" [/home/user/Documents/kria-vitis-platforms/kv260/platforms/vivado/kv260_ispMipiRx_vcu_DP/project/kv260_ispMipiRx_vcu_DP.runs/bd_eab1_vsc_0_synth_1/prj/sol/.autopilot/db/v_vscaler.cpp:349]   --->   Operation 217 'sext' 'sext_ln349_2' <Predicate = (!icmp_ln252 & OutputWriteEn_1_read)> <Delay = 0.00>
ST_7 : Operation 218 [2/2] (0.64ns) (root node of the DSP)   --->   "%sum_20 = add i26 %sext_ln349_2, i26 %sext_ln343_1" [/home/user/Documents/kria-vitis-platforms/kv260/platforms/vivado/kv260_ispMipiRx_vcu_DP/project/kv260_ispMipiRx_vcu_DP.runs/bd_eab1_vsc_0_synth_1/prj/sol/.autopilot/db/v_vscaler.cpp:349]   --->   Operation 218 'add' 'sum_20' <Predicate = (!icmp_ln252 & OutputWriteEn_1_read)> <Delay = 0.64> <CoreInst = "DSP48">   --->   Core 127 'DSP48' <Latency = 3> <II = 1> <Delay = 0.53> <IPBlock> <Opcode : 'mul' 'add' 'sub' 'select'> <InPorts = 0> <OutPorts = 1> <Sync> <CReg>
ST_7 : Operation 219 [1/3] (0.00ns) (grouped into DSP with root node sum_25)   --->   "%ret_V_8 = mul i24 %sext_ln1494_2, i24 %zext_ln1494_2"   --->   Operation 219 'mul' 'ret_V_8' <Predicate = (!icmp_ln252 & OutputWriteEn_1_read)> <Delay = 0.00> <CoreInst = "DSP48">   --->   Core 127 'DSP48' <Latency = 3> <II = 1> <Delay = 0.53> <IPBlock> <Opcode : 'mul' 'add' 'sub' 'select'> <InPorts = 0> <OutPorts = 1> <Sync> <CReg>
ST_7 : Operation 220 [1/1] (0.00ns) (grouped into DSP with root node sum_25)   --->   "%sext_ln343_5 = sext i24 %ret_V_8" [/home/user/Documents/kria-vitis-platforms/kv260/platforms/vivado/kv260_ispMipiRx_vcu_DP/project/kv260_ispMipiRx_vcu_DP.runs/bd_eab1_vsc_0_synth_1/prj/sol/.autopilot/db/v_vscaler.cpp:343]   --->   Operation 220 'sext' 'sext_ln343_5' <Predicate = (!icmp_ln252 & OutputWriteEn_1_read)> <Delay = 0.00>
ST_7 : Operation 221 [2/3] (0.99ns) (grouped into DSP with root node sum_26)   --->   "%ret_V_9 = mul i24 %sext_ln1494_3, i24 %zext_ln1494_3"   --->   Operation 221 'mul' 'ret_V_9' <Predicate = (!icmp_ln252 & OutputWriteEn_1_read)> <Delay = 0.99> <CoreInst = "DSP48">   --->   Core 127 'DSP48' <Latency = 3> <II = 1> <Delay = 0.53> <IPBlock> <Opcode : 'mul' 'add' 'sub' 'select'> <InPorts = 0> <OutPorts = 1> <Sync> <CReg>
ST_7 : Operation 222 [1/1] (0.00ns)   --->   "%zext_ln1494_4 = zext i8 %PixArray_val_V_36"   --->   Operation 222 'zext' 'zext_ln1494_4' <Predicate = (!icmp_ln252 & OutputWriteEn_1_read)> <Delay = 0.00>
ST_7 : Operation 223 [3/3] (0.99ns) (grouped into DSP with root node sum_27)   --->   "%ret_V_10 = mul i24 %sext_ln1494_4, i24 %zext_ln1494_4"   --->   Operation 223 'mul' 'ret_V_10' <Predicate = (!icmp_ln252 & OutputWriteEn_1_read)> <Delay = 0.99> <CoreInst = "DSP48">   --->   Core 127 'DSP48' <Latency = 3> <II = 1> <Delay = 0.53> <IPBlock> <Opcode : 'mul' 'add' 'sub' 'select'> <InPorts = 0> <OutPorts = 1> <Sync> <CReg>
ST_7 : Operation 224 [1/2] (0.64ns) (root node of the DSP)   --->   "%sum_24 = add i25 %sext_ln349_5, i25 %sext_ln343_4" [/home/user/Documents/kria-vitis-platforms/kv260/platforms/vivado/kv260_ispMipiRx_vcu_DP/project/kv260_ispMipiRx_vcu_DP.runs/bd_eab1_vsc_0_synth_1/prj/sol/.autopilot/db/v_vscaler.cpp:349]   --->   Operation 224 'add' 'sum_24' <Predicate = (!icmp_ln252 & OutputWriteEn_1_read)> <Delay = 0.64> <CoreInst = "DSP48">   --->   Core 127 'DSP48' <Latency = 3> <II = 1> <Delay = 0.53> <IPBlock> <Opcode : 'mul' 'add' 'sub' 'select'> <InPorts = 0> <OutPorts = 1> <Sync> <CReg>
ST_7 : Operation 225 [1/1] (0.00ns)   --->   "%sext_ln349_6 = sext i25 %sum_24" [/home/user/Documents/kria-vitis-platforms/kv260/platforms/vivado/kv260_ispMipiRx_vcu_DP/project/kv260_ispMipiRx_vcu_DP.runs/bd_eab1_vsc_0_synth_1/prj/sol/.autopilot/db/v_vscaler.cpp:349]   --->   Operation 225 'sext' 'sext_ln349_6' <Predicate = (!icmp_ln252 & OutputWriteEn_1_read)> <Delay = 0.00>
ST_7 : Operation 226 [2/2] (0.64ns) (root node of the DSP)   --->   "%sum_25 = add i26 %sext_ln349_6, i26 %sext_ln343_5" [/home/user/Documents/kria-vitis-platforms/kv260/platforms/vivado/kv260_ispMipiRx_vcu_DP/project/kv260_ispMipiRx_vcu_DP.runs/bd_eab1_vsc_0_synth_1/prj/sol/.autopilot/db/v_vscaler.cpp:349]   --->   Operation 226 'add' 'sum_25' <Predicate = (!icmp_ln252 & OutputWriteEn_1_read)> <Delay = 0.64> <CoreInst = "DSP48">   --->   Core 127 'DSP48' <Latency = 3> <II = 1> <Delay = 0.53> <IPBlock> <Opcode : 'mul' 'add' 'sub' 'select'> <InPorts = 0> <OutPorts = 1> <Sync> <CReg>
ST_7 : Operation 227 [1/3] (0.00ns) (grouped into DSP with root node sum_30)   --->   "%ret_V_14 = mul i24 %sext_ln1494_2, i24 %zext_ln1494_8"   --->   Operation 227 'mul' 'ret_V_14' <Predicate = (!icmp_ln252 & OutputWriteEn_1_read)> <Delay = 0.00> <CoreInst = "DSP48">   --->   Core 127 'DSP48' <Latency = 3> <II = 1> <Delay = 0.53> <IPBlock> <Opcode : 'mul' 'add' 'sub' 'select'> <InPorts = 0> <OutPorts = 1> <Sync> <CReg>
ST_7 : Operation 228 [1/1] (0.00ns) (grouped into DSP with root node sum_30)   --->   "%sext_ln343_9 = sext i24 %ret_V_14" [/home/user/Documents/kria-vitis-platforms/kv260/platforms/vivado/kv260_ispMipiRx_vcu_DP/project/kv260_ispMipiRx_vcu_DP.runs/bd_eab1_vsc_0_synth_1/prj/sol/.autopilot/db/v_vscaler.cpp:343]   --->   Operation 228 'sext' 'sext_ln343_9' <Predicate = (!icmp_ln252 & OutputWriteEn_1_read)> <Delay = 0.00>
ST_7 : Operation 229 [2/3] (0.99ns) (grouped into DSP with root node sum_31)   --->   "%ret_V_15 = mul i24 %sext_ln1494_3, i24 %zext_ln1494_9"   --->   Operation 229 'mul' 'ret_V_15' <Predicate = (!icmp_ln252 & OutputWriteEn_1_read)> <Delay = 0.99> <CoreInst = "DSP48">   --->   Core 127 'DSP48' <Latency = 3> <II = 1> <Delay = 0.53> <IPBlock> <Opcode : 'mul' 'add' 'sub' 'select'> <InPorts = 0> <OutPorts = 1> <Sync> <CReg>
ST_7 : Operation 230 [1/1] (0.00ns)   --->   "%zext_ln1494_10 = zext i8 %PixArray_val_V_37"   --->   Operation 230 'zext' 'zext_ln1494_10' <Predicate = (!icmp_ln252 & OutputWriteEn_1_read)> <Delay = 0.00>
ST_7 : Operation 231 [3/3] (0.99ns) (grouped into DSP with root node sum_32)   --->   "%ret_V_16 = mul i24 %sext_ln1494_4, i24 %zext_ln1494_10"   --->   Operation 231 'mul' 'ret_V_16' <Predicate = (!icmp_ln252 & OutputWriteEn_1_read)> <Delay = 0.99> <CoreInst = "DSP48">   --->   Core 127 'DSP48' <Latency = 3> <II = 1> <Delay = 0.53> <IPBlock> <Opcode : 'mul' 'add' 'sub' 'select'> <InPorts = 0> <OutPorts = 1> <Sync> <CReg>
ST_7 : Operation 232 [1/2] (0.64ns) (root node of the DSP)   --->   "%sum_29 = add i25 %sext_ln349_9, i25 %sext_ln343_8" [/home/user/Documents/kria-vitis-platforms/kv260/platforms/vivado/kv260_ispMipiRx_vcu_DP/project/kv260_ispMipiRx_vcu_DP.runs/bd_eab1_vsc_0_synth_1/prj/sol/.autopilot/db/v_vscaler.cpp:349]   --->   Operation 232 'add' 'sum_29' <Predicate = (!icmp_ln252 & OutputWriteEn_1_read)> <Delay = 0.64> <CoreInst = "DSP48">   --->   Core 127 'DSP48' <Latency = 3> <II = 1> <Delay = 0.53> <IPBlock> <Opcode : 'mul' 'add' 'sub' 'select'> <InPorts = 0> <OutPorts = 1> <Sync> <CReg>
ST_7 : Operation 233 [1/1] (0.00ns)   --->   "%sext_ln349_10 = sext i25 %sum_29" [/home/user/Documents/kria-vitis-platforms/kv260/platforms/vivado/kv260_ispMipiRx_vcu_DP/project/kv260_ispMipiRx_vcu_DP.runs/bd_eab1_vsc_0_synth_1/prj/sol/.autopilot/db/v_vscaler.cpp:349]   --->   Operation 233 'sext' 'sext_ln349_10' <Predicate = (!icmp_ln252 & OutputWriteEn_1_read)> <Delay = 0.00>
ST_7 : Operation 234 [2/2] (0.64ns) (root node of the DSP)   --->   "%sum_30 = add i26 %sext_ln349_10, i26 %sext_ln343_9" [/home/user/Documents/kria-vitis-platforms/kv260/platforms/vivado/kv260_ispMipiRx_vcu_DP/project/kv260_ispMipiRx_vcu_DP.runs/bd_eab1_vsc_0_synth_1/prj/sol/.autopilot/db/v_vscaler.cpp:349]   --->   Operation 234 'add' 'sum_30' <Predicate = (!icmp_ln252 & OutputWriteEn_1_read)> <Delay = 0.64> <CoreInst = "DSP48">   --->   Core 127 'DSP48' <Latency = 3> <II = 1> <Delay = 0.53> <IPBlock> <Opcode : 'mul' 'add' 'sub' 'select'> <InPorts = 0> <OutPorts = 1> <Sync> <CReg>

State 8 <SV = 7> <Delay = 1.67>
ST_8 : Operation 235 [1/3] (0.00ns) (grouped into DSP with root node sum_21)   --->   "%ret_V_3 = mul i24 %sext_ln1494_3, i24 %zext_ln186_3"   --->   Operation 235 'mul' 'ret_V_3' <Predicate = (OutputWriteEn_1_read)> <Delay = 0.00> <CoreInst = "DSP48">   --->   Core 127 'DSP48' <Latency = 3> <II = 1> <Delay = 0.53> <IPBlock> <Opcode : 'mul' 'add' 'sub' 'select'> <InPorts = 0> <OutPorts = 1> <Sync> <CReg>
ST_8 : Operation 236 [1/1] (0.00ns) (grouped into DSP with root node sum_21)   --->   "%sext_ln343_2 = sext i24 %ret_V_3" [/home/user/Documents/kria-vitis-platforms/kv260/platforms/vivado/kv260_ispMipiRx_vcu_DP/project/kv260_ispMipiRx_vcu_DP.runs/bd_eab1_vsc_0_synth_1/prj/sol/.autopilot/db/v_vscaler.cpp:343]   --->   Operation 236 'sext' 'sext_ln343_2' <Predicate = (OutputWriteEn_1_read)> <Delay = 0.00>
ST_8 : Operation 237 [2/3] (0.99ns) (grouped into DSP with root node sum_22)   --->   "%ret_V_4 = mul i24 %sext_ln1494_4, i24 %zext_ln186_4"   --->   Operation 237 'mul' 'ret_V_4' <Predicate = (OutputWriteEn_1_read)> <Delay = 0.99> <CoreInst = "DSP48">   --->   Core 127 'DSP48' <Latency = 3> <II = 1> <Delay = 0.53> <IPBlock> <Opcode : 'mul' 'add' 'sub' 'select'> <InPorts = 0> <OutPorts = 1> <Sync> <CReg>
ST_8 : Operation 238 [1/2] (0.67ns)   --->   "%FiltCoeff_5_load = load i6 %FiltCoeff_5_addr" [/home/user/Documents/kria-vitis-platforms/kv260/platforms/vivado/kv260_ispMipiRx_vcu_DP/project/kv260_ispMipiRx_vcu_DP.runs/bd_eab1_vsc_0_synth_1/prj/sol/.autopilot/db/v_vscaler.cpp:349]   --->   Operation 238 'load' 'FiltCoeff_5_load' <Predicate = (OutputWriteEn_1_read)> <Delay = 0.67> <CoreInst = "RAM_1P_LUTRAM">   --->   Core 89 'RAM_1P_LUTRAM' <Latency = 1> <II = 1> <Delay = 0.67> <Storage> <Opcode : 'load' 'store'> <Ports = 1> <Width = 16> <Depth = 64> <RAM>
ST_8 : Operation 239 [1/1] (0.00ns)   --->   "%zext_ln186_5 = zext i8 %PixArray_val_V_45"   --->   Operation 239 'zext' 'zext_ln186_5' <Predicate = (OutputWriteEn_1_read)> <Delay = 0.00>
ST_8 : Operation 240 [1/1] (0.00ns)   --->   "%sext_ln1494_5 = sext i16 %FiltCoeff_5_load"   --->   Operation 240 'sext' 'sext_ln1494_5' <Predicate = (OutputWriteEn_1_read)> <Delay = 0.00>
ST_8 : Operation 241 [3/3] (0.99ns) (grouped into DSP with root node sum)   --->   "%ret_V_5 = mul i24 %sext_ln1494_5, i24 %zext_ln186_5"   --->   Operation 241 'mul' 'ret_V_5' <Predicate = (OutputWriteEn_1_read)> <Delay = 0.99> <CoreInst = "DSP48">   --->   Core 127 'DSP48' <Latency = 3> <II = 1> <Delay = 0.53> <IPBlock> <Opcode : 'mul' 'add' 'sub' 'select'> <InPorts = 0> <OutPorts = 1> <Sync> <CReg>
ST_8 : Operation 242 [1/2] (0.64ns) (root node of the DSP)   --->   "%sum_20 = add i26 %sext_ln349_2, i26 %sext_ln343_1" [/home/user/Documents/kria-vitis-platforms/kv260/platforms/vivado/kv260_ispMipiRx_vcu_DP/project/kv260_ispMipiRx_vcu_DP.runs/bd_eab1_vsc_0_synth_1/prj/sol/.autopilot/db/v_vscaler.cpp:349]   --->   Operation 242 'add' 'sum_20' <Predicate = (OutputWriteEn_1_read)> <Delay = 0.64> <CoreInst = "DSP48">   --->   Core 127 'DSP48' <Latency = 3> <II = 1> <Delay = 0.53> <IPBlock> <Opcode : 'mul' 'add' 'sub' 'select'> <InPorts = 0> <OutPorts = 1> <Sync> <CReg>
ST_8 : Operation 243 [2/2] (0.64ns) (root node of the DSP)   --->   "%sum_21 = add i26 %sum_20, i26 %sext_ln343_2" [/home/user/Documents/kria-vitis-platforms/kv260/platforms/vivado/kv260_ispMipiRx_vcu_DP/project/kv260_ispMipiRx_vcu_DP.runs/bd_eab1_vsc_0_synth_1/prj/sol/.autopilot/db/v_vscaler.cpp:349]   --->   Operation 243 'add' 'sum_21' <Predicate = (OutputWriteEn_1_read)> <Delay = 0.64> <CoreInst = "DSP48">   --->   Core 127 'DSP48' <Latency = 3> <II = 1> <Delay = 0.53> <IPBlock> <Opcode : 'mul' 'add' 'sub' 'select'> <InPorts = 0> <OutPorts = 1> <Sync> <CReg>
ST_8 : Operation 244 [1/3] (0.00ns) (grouped into DSP with root node sum_26)   --->   "%ret_V_9 = mul i24 %sext_ln1494_3, i24 %zext_ln1494_3"   --->   Operation 244 'mul' 'ret_V_9' <Predicate = (OutputWriteEn_1_read)> <Delay = 0.00> <CoreInst = "DSP48">   --->   Core 127 'DSP48' <Latency = 3> <II = 1> <Delay = 0.53> <IPBlock> <Opcode : 'mul' 'add' 'sub' 'select'> <InPorts = 0> <OutPorts = 1> <Sync> <CReg>
ST_8 : Operation 245 [1/1] (0.00ns) (grouped into DSP with root node sum_26)   --->   "%sext_ln343_6 = sext i24 %ret_V_9" [/home/user/Documents/kria-vitis-platforms/kv260/platforms/vivado/kv260_ispMipiRx_vcu_DP/project/kv260_ispMipiRx_vcu_DP.runs/bd_eab1_vsc_0_synth_1/prj/sol/.autopilot/db/v_vscaler.cpp:343]   --->   Operation 245 'sext' 'sext_ln343_6' <Predicate = (OutputWriteEn_1_read)> <Delay = 0.00>
ST_8 : Operation 246 [2/3] (0.99ns) (grouped into DSP with root node sum_27)   --->   "%ret_V_10 = mul i24 %sext_ln1494_4, i24 %zext_ln1494_4"   --->   Operation 246 'mul' 'ret_V_10' <Predicate = (OutputWriteEn_1_read)> <Delay = 0.99> <CoreInst = "DSP48">   --->   Core 127 'DSP48' <Latency = 3> <II = 1> <Delay = 0.53> <IPBlock> <Opcode : 'mul' 'add' 'sub' 'select'> <InPorts = 0> <OutPorts = 1> <Sync> <CReg>
ST_8 : Operation 247 [1/1] (0.00ns)   --->   "%zext_ln1494_5 = zext i8 %PixArray_val_V_39"   --->   Operation 247 'zext' 'zext_ln1494_5' <Predicate = (OutputWriteEn_1_read)> <Delay = 0.00>
ST_8 : Operation 248 [3/3] (0.99ns) (grouped into DSP with root node sum_11)   --->   "%ret_V_11 = mul i24 %sext_ln1494_5, i24 %zext_ln1494_5"   --->   Operation 248 'mul' 'ret_V_11' <Predicate = (OutputWriteEn_1_read)> <Delay = 0.99> <CoreInst = "DSP48">   --->   Core 127 'DSP48' <Latency = 3> <II = 1> <Delay = 0.53> <IPBlock> <Opcode : 'mul' 'add' 'sub' 'select'> <InPorts = 0> <OutPorts = 1> <Sync> <CReg>
ST_8 : Operation 249 [1/2] (0.64ns) (root node of the DSP)   --->   "%sum_25 = add i26 %sext_ln349_6, i26 %sext_ln343_5" [/home/user/Documents/kria-vitis-platforms/kv260/platforms/vivado/kv260_ispMipiRx_vcu_DP/project/kv260_ispMipiRx_vcu_DP.runs/bd_eab1_vsc_0_synth_1/prj/sol/.autopilot/db/v_vscaler.cpp:349]   --->   Operation 249 'add' 'sum_25' <Predicate = (OutputWriteEn_1_read)> <Delay = 0.64> <CoreInst = "DSP48">   --->   Core 127 'DSP48' <Latency = 3> <II = 1> <Delay = 0.53> <IPBlock> <Opcode : 'mul' 'add' 'sub' 'select'> <InPorts = 0> <OutPorts = 1> <Sync> <CReg>
ST_8 : Operation 250 [2/2] (0.64ns) (root node of the DSP)   --->   "%sum_26 = add i26 %sum_25, i26 %sext_ln343_6" [/home/user/Documents/kria-vitis-platforms/kv260/platforms/vivado/kv260_ispMipiRx_vcu_DP/project/kv260_ispMipiRx_vcu_DP.runs/bd_eab1_vsc_0_synth_1/prj/sol/.autopilot/db/v_vscaler.cpp:349]   --->   Operation 250 'add' 'sum_26' <Predicate = (OutputWriteEn_1_read)> <Delay = 0.64> <CoreInst = "DSP48">   --->   Core 127 'DSP48' <Latency = 3> <II = 1> <Delay = 0.53> <IPBlock> <Opcode : 'mul' 'add' 'sub' 'select'> <InPorts = 0> <OutPorts = 1> <Sync> <CReg>
ST_8 : Operation 251 [1/3] (0.00ns) (grouped into DSP with root node sum_31)   --->   "%ret_V_15 = mul i24 %sext_ln1494_3, i24 %zext_ln1494_9"   --->   Operation 251 'mul' 'ret_V_15' <Predicate = (OutputWriteEn_1_read)> <Delay = 0.00> <CoreInst = "DSP48">   --->   Core 127 'DSP48' <Latency = 3> <II = 1> <Delay = 0.53> <IPBlock> <Opcode : 'mul' 'add' 'sub' 'select'> <InPorts = 0> <OutPorts = 1> <Sync> <CReg>
ST_8 : Operation 252 [1/1] (0.00ns) (grouped into DSP with root node sum_31)   --->   "%sext_ln343_10 = sext i24 %ret_V_15" [/home/user/Documents/kria-vitis-platforms/kv260/platforms/vivado/kv260_ispMipiRx_vcu_DP/project/kv260_ispMipiRx_vcu_DP.runs/bd_eab1_vsc_0_synth_1/prj/sol/.autopilot/db/v_vscaler.cpp:343]   --->   Operation 252 'sext' 'sext_ln343_10' <Predicate = (OutputWriteEn_1_read)> <Delay = 0.00>
ST_8 : Operation 253 [2/3] (0.99ns) (grouped into DSP with root node sum_32)   --->   "%ret_V_16 = mul i24 %sext_ln1494_4, i24 %zext_ln1494_10"   --->   Operation 253 'mul' 'ret_V_16' <Predicate = (OutputWriteEn_1_read)> <Delay = 0.99> <CoreInst = "DSP48">   --->   Core 127 'DSP48' <Latency = 3> <II = 1> <Delay = 0.53> <IPBlock> <Opcode : 'mul' 'add' 'sub' 'select'> <InPorts = 0> <OutPorts = 1> <Sync> <CReg>
ST_8 : Operation 254 [1/1] (0.00ns)   --->   "%zext_ln1494_11 = zext i8 %PixArray_val_V_40"   --->   Operation 254 'zext' 'zext_ln1494_11' <Predicate = (OutputWriteEn_1_read)> <Delay = 0.00>
ST_8 : Operation 255 [3/3] (0.99ns) (grouped into DSP with root node sum_17)   --->   "%ret_V_17 = mul i24 %sext_ln1494_5, i24 %zext_ln1494_11"   --->   Operation 255 'mul' 'ret_V_17' <Predicate = (OutputWriteEn_1_read)> <Delay = 0.99> <CoreInst = "DSP48">   --->   Core 127 'DSP48' <Latency = 3> <II = 1> <Delay = 0.53> <IPBlock> <Opcode : 'mul' 'add' 'sub' 'select'> <InPorts = 0> <OutPorts = 1> <Sync> <CReg>
ST_8 : Operation 256 [1/2] (0.64ns) (root node of the DSP)   --->   "%sum_30 = add i26 %sext_ln349_10, i26 %sext_ln343_9" [/home/user/Documents/kria-vitis-platforms/kv260/platforms/vivado/kv260_ispMipiRx_vcu_DP/project/kv260_ispMipiRx_vcu_DP.runs/bd_eab1_vsc_0_synth_1/prj/sol/.autopilot/db/v_vscaler.cpp:349]   --->   Operation 256 'add' 'sum_30' <Predicate = (OutputWriteEn_1_read)> <Delay = 0.64> <CoreInst = "DSP48">   --->   Core 127 'DSP48' <Latency = 3> <II = 1> <Delay = 0.53> <IPBlock> <Opcode : 'mul' 'add' 'sub' 'select'> <InPorts = 0> <OutPorts = 1> <Sync> <CReg>
ST_8 : Operation 257 [2/2] (0.64ns) (root node of the DSP)   --->   "%sum_31 = add i26 %sum_30, i26 %sext_ln343_10" [/home/user/Documents/kria-vitis-platforms/kv260/platforms/vivado/kv260_ispMipiRx_vcu_DP/project/kv260_ispMipiRx_vcu_DP.runs/bd_eab1_vsc_0_synth_1/prj/sol/.autopilot/db/v_vscaler.cpp:349]   --->   Operation 257 'add' 'sum_31' <Predicate = (OutputWriteEn_1_read)> <Delay = 0.64> <CoreInst = "DSP48">   --->   Core 127 'DSP48' <Latency = 3> <II = 1> <Delay = 0.53> <IPBlock> <Opcode : 'mul' 'add' 'sub' 'select'> <InPorts = 0> <OutPorts = 1> <Sync> <CReg>

State 9 <SV = 8> <Delay = 1.29>
ST_9 : Operation 258 [1/3] (0.00ns) (grouped into DSP with root node sum_22)   --->   "%ret_V_4 = mul i24 %sext_ln1494_4, i24 %zext_ln186_4"   --->   Operation 258 'mul' 'ret_V_4' <Predicate = (OutputWriteEn_1_read)> <Delay = 0.00> <CoreInst = "DSP48">   --->   Core 127 'DSP48' <Latency = 3> <II = 1> <Delay = 0.53> <IPBlock> <Opcode : 'mul' 'add' 'sub' 'select'> <InPorts = 0> <OutPorts = 1> <Sync> <CReg>
ST_9 : Operation 259 [1/1] (0.00ns) (grouped into DSP with root node sum_22)   --->   "%sext_ln343_3 = sext i24 %ret_V_4" [/home/user/Documents/kria-vitis-platforms/kv260/platforms/vivado/kv260_ispMipiRx_vcu_DP/project/kv260_ispMipiRx_vcu_DP.runs/bd_eab1_vsc_0_synth_1/prj/sol/.autopilot/db/v_vscaler.cpp:343]   --->   Operation 259 'sext' 'sext_ln343_3' <Predicate = (OutputWriteEn_1_read)> <Delay = 0.00>
ST_9 : Operation 260 [2/3] (0.99ns) (grouped into DSP with root node sum)   --->   "%ret_V_5 = mul i24 %sext_ln1494_5, i24 %zext_ln186_5"   --->   Operation 260 'mul' 'ret_V_5' <Predicate = (OutputWriteEn_1_read)> <Delay = 0.99> <CoreInst = "DSP48">   --->   Core 127 'DSP48' <Latency = 3> <II = 1> <Delay = 0.53> <IPBlock> <Opcode : 'mul' 'add' 'sub' 'select'> <InPorts = 0> <OutPorts = 1> <Sync> <CReg>
ST_9 : Operation 261 [1/2] (0.64ns) (root node of the DSP)   --->   "%sum_21 = add i26 %sum_20, i26 %sext_ln343_2" [/home/user/Documents/kria-vitis-platforms/kv260/platforms/vivado/kv260_ispMipiRx_vcu_DP/project/kv260_ispMipiRx_vcu_DP.runs/bd_eab1_vsc_0_synth_1/prj/sol/.autopilot/db/v_vscaler.cpp:349]   --->   Operation 261 'add' 'sum_21' <Predicate = (OutputWriteEn_1_read)> <Delay = 0.64> <CoreInst = "DSP48">   --->   Core 127 'DSP48' <Latency = 3> <II = 1> <Delay = 0.53> <IPBlock> <Opcode : 'mul' 'add' 'sub' 'select'> <InPorts = 0> <OutPorts = 1> <Sync> <CReg>
ST_9 : Operation 262 [1/1] (0.00ns)   --->   "%sext_ln349_3 = sext i26 %sum_21" [/home/user/Documents/kria-vitis-platforms/kv260/platforms/vivado/kv260_ispMipiRx_vcu_DP/project/kv260_ispMipiRx_vcu_DP.runs/bd_eab1_vsc_0_synth_1/prj/sol/.autopilot/db/v_vscaler.cpp:349]   --->   Operation 262 'sext' 'sext_ln349_3' <Predicate = (OutputWriteEn_1_read)> <Delay = 0.00>
ST_9 : Operation 263 [2/2] (0.64ns) (root node of the DSP)   --->   "%sum_22 = add i27 %sext_ln349_3, i27 %sext_ln343_3" [/home/user/Documents/kria-vitis-platforms/kv260/platforms/vivado/kv260_ispMipiRx_vcu_DP/project/kv260_ispMipiRx_vcu_DP.runs/bd_eab1_vsc_0_synth_1/prj/sol/.autopilot/db/v_vscaler.cpp:349]   --->   Operation 263 'add' 'sum_22' <Predicate = (OutputWriteEn_1_read)> <Delay = 0.64> <CoreInst = "DSP48">   --->   Core 127 'DSP48' <Latency = 3> <II = 1> <Delay = 0.53> <IPBlock> <Opcode : 'mul' 'add' 'sub' 'select'> <InPorts = 0> <OutPorts = 1> <Sync> <CReg>
ST_9 : Operation 264 [1/3] (0.00ns) (grouped into DSP with root node sum_27)   --->   "%ret_V_10 = mul i24 %sext_ln1494_4, i24 %zext_ln1494_4"   --->   Operation 264 'mul' 'ret_V_10' <Predicate = (OutputWriteEn_1_read)> <Delay = 0.00> <CoreInst = "DSP48">   --->   Core 127 'DSP48' <Latency = 3> <II = 1> <Delay = 0.53> <IPBlock> <Opcode : 'mul' 'add' 'sub' 'select'> <InPorts = 0> <OutPorts = 1> <Sync> <CReg>
ST_9 : Operation 265 [1/1] (0.00ns) (grouped into DSP with root node sum_27)   --->   "%sext_ln343_7 = sext i24 %ret_V_10" [/home/user/Documents/kria-vitis-platforms/kv260/platforms/vivado/kv260_ispMipiRx_vcu_DP/project/kv260_ispMipiRx_vcu_DP.runs/bd_eab1_vsc_0_synth_1/prj/sol/.autopilot/db/v_vscaler.cpp:343]   --->   Operation 265 'sext' 'sext_ln343_7' <Predicate = (OutputWriteEn_1_read)> <Delay = 0.00>
ST_9 : Operation 266 [2/3] (0.99ns) (grouped into DSP with root node sum_11)   --->   "%ret_V_11 = mul i24 %sext_ln1494_5, i24 %zext_ln1494_5"   --->   Operation 266 'mul' 'ret_V_11' <Predicate = (OutputWriteEn_1_read)> <Delay = 0.99> <CoreInst = "DSP48">   --->   Core 127 'DSP48' <Latency = 3> <II = 1> <Delay = 0.53> <IPBlock> <Opcode : 'mul' 'add' 'sub' 'select'> <InPorts = 0> <OutPorts = 1> <Sync> <CReg>
ST_9 : Operation 267 [1/2] (0.64ns) (root node of the DSP)   --->   "%sum_26 = add i26 %sum_25, i26 %sext_ln343_6" [/home/user/Documents/kria-vitis-platforms/kv260/platforms/vivado/kv260_ispMipiRx_vcu_DP/project/kv260_ispMipiRx_vcu_DP.runs/bd_eab1_vsc_0_synth_1/prj/sol/.autopilot/db/v_vscaler.cpp:349]   --->   Operation 267 'add' 'sum_26' <Predicate = (OutputWriteEn_1_read)> <Delay = 0.64> <CoreInst = "DSP48">   --->   Core 127 'DSP48' <Latency = 3> <II = 1> <Delay = 0.53> <IPBlock> <Opcode : 'mul' 'add' 'sub' 'select'> <InPorts = 0> <OutPorts = 1> <Sync> <CReg>
ST_9 : Operation 268 [1/1] (0.00ns)   --->   "%sext_ln349_7 = sext i26 %sum_26" [/home/user/Documents/kria-vitis-platforms/kv260/platforms/vivado/kv260_ispMipiRx_vcu_DP/project/kv260_ispMipiRx_vcu_DP.runs/bd_eab1_vsc_0_synth_1/prj/sol/.autopilot/db/v_vscaler.cpp:349]   --->   Operation 268 'sext' 'sext_ln349_7' <Predicate = (OutputWriteEn_1_read)> <Delay = 0.00>
ST_9 : Operation 269 [2/2] (0.64ns) (root node of the DSP)   --->   "%sum_27 = add i27 %sext_ln349_7, i27 %sext_ln343_7" [/home/user/Documents/kria-vitis-platforms/kv260/platforms/vivado/kv260_ispMipiRx_vcu_DP/project/kv260_ispMipiRx_vcu_DP.runs/bd_eab1_vsc_0_synth_1/prj/sol/.autopilot/db/v_vscaler.cpp:349]   --->   Operation 269 'add' 'sum_27' <Predicate = (OutputWriteEn_1_read)> <Delay = 0.64> <CoreInst = "DSP48">   --->   Core 127 'DSP48' <Latency = 3> <II = 1> <Delay = 0.53> <IPBlock> <Opcode : 'mul' 'add' 'sub' 'select'> <InPorts = 0> <OutPorts = 1> <Sync> <CReg>
ST_9 : Operation 270 [1/3] (0.00ns) (grouped into DSP with root node sum_32)   --->   "%ret_V_16 = mul i24 %sext_ln1494_4, i24 %zext_ln1494_10"   --->   Operation 270 'mul' 'ret_V_16' <Predicate = (OutputWriteEn_1_read)> <Delay = 0.00> <CoreInst = "DSP48">   --->   Core 127 'DSP48' <Latency = 3> <II = 1> <Delay = 0.53> <IPBlock> <Opcode : 'mul' 'add' 'sub' 'select'> <InPorts = 0> <OutPorts = 1> <Sync> <CReg>
ST_9 : Operation 271 [1/1] (0.00ns) (grouped into DSP with root node sum_32)   --->   "%sext_ln343_11 = sext i24 %ret_V_16" [/home/user/Documents/kria-vitis-platforms/kv260/platforms/vivado/kv260_ispMipiRx_vcu_DP/project/kv260_ispMipiRx_vcu_DP.runs/bd_eab1_vsc_0_synth_1/prj/sol/.autopilot/db/v_vscaler.cpp:343]   --->   Operation 271 'sext' 'sext_ln343_11' <Predicate = (OutputWriteEn_1_read)> <Delay = 0.00>
ST_9 : Operation 272 [2/3] (0.99ns) (grouped into DSP with root node sum_17)   --->   "%ret_V_17 = mul i24 %sext_ln1494_5, i24 %zext_ln1494_11"   --->   Operation 272 'mul' 'ret_V_17' <Predicate = (OutputWriteEn_1_read)> <Delay = 0.99> <CoreInst = "DSP48">   --->   Core 127 'DSP48' <Latency = 3> <II = 1> <Delay = 0.53> <IPBlock> <Opcode : 'mul' 'add' 'sub' 'select'> <InPorts = 0> <OutPorts = 1> <Sync> <CReg>
ST_9 : Operation 273 [1/2] (0.64ns) (root node of the DSP)   --->   "%sum_31 = add i26 %sum_30, i26 %sext_ln343_10" [/home/user/Documents/kria-vitis-platforms/kv260/platforms/vivado/kv260_ispMipiRx_vcu_DP/project/kv260_ispMipiRx_vcu_DP.runs/bd_eab1_vsc_0_synth_1/prj/sol/.autopilot/db/v_vscaler.cpp:349]   --->   Operation 273 'add' 'sum_31' <Predicate = (OutputWriteEn_1_read)> <Delay = 0.64> <CoreInst = "DSP48">   --->   Core 127 'DSP48' <Latency = 3> <II = 1> <Delay = 0.53> <IPBlock> <Opcode : 'mul' 'add' 'sub' 'select'> <InPorts = 0> <OutPorts = 1> <Sync> <CReg>
ST_9 : Operation 274 [1/1] (0.00ns)   --->   "%sext_ln349_11 = sext i26 %sum_31" [/home/user/Documents/kria-vitis-platforms/kv260/platforms/vivado/kv260_ispMipiRx_vcu_DP/project/kv260_ispMipiRx_vcu_DP.runs/bd_eab1_vsc_0_synth_1/prj/sol/.autopilot/db/v_vscaler.cpp:349]   --->   Operation 274 'sext' 'sext_ln349_11' <Predicate = (OutputWriteEn_1_read)> <Delay = 0.00>
ST_9 : Operation 275 [2/2] (0.64ns) (root node of the DSP)   --->   "%sum_32 = add i27 %sext_ln349_11, i27 %sext_ln343_11" [/home/user/Documents/kria-vitis-platforms/kv260/platforms/vivado/kv260_ispMipiRx_vcu_DP/project/kv260_ispMipiRx_vcu_DP.runs/bd_eab1_vsc_0_synth_1/prj/sol/.autopilot/db/v_vscaler.cpp:349]   --->   Operation 275 'add' 'sum_32' <Predicate = (OutputWriteEn_1_read)> <Delay = 0.64> <CoreInst = "DSP48">   --->   Core 127 'DSP48' <Latency = 3> <II = 1> <Delay = 0.53> <IPBlock> <Opcode : 'mul' 'add' 'sub' 'select'> <InPorts = 0> <OutPorts = 1> <Sync> <CReg>

State 10 <SV = 9> <Delay = 1.29>
ST_10 : Operation 276 [1/3] (0.00ns) (grouped into DSP with root node sum)   --->   "%ret_V_5 = mul i24 %sext_ln1494_5, i24 %zext_ln186_5"   --->   Operation 276 'mul' 'ret_V_5' <Predicate = (OutputWriteEn_1_read)> <Delay = 0.00> <CoreInst = "DSP48">   --->   Core 127 'DSP48' <Latency = 3> <II = 1> <Delay = 0.53> <IPBlock> <Opcode : 'mul' 'add' 'sub' 'select'> <InPorts = 0> <OutPorts = 1> <Sync> <CReg>
ST_10 : Operation 277 [1/1] (0.00ns) (grouped into DSP with root node sum)   --->   "%sext_ln349 = sext i24 %ret_V_5" [/home/user/Documents/kria-vitis-platforms/kv260/platforms/vivado/kv260_ispMipiRx_vcu_DP/project/kv260_ispMipiRx_vcu_DP.runs/bd_eab1_vsc_0_synth_1/prj/sol/.autopilot/db/v_vscaler.cpp:349]   --->   Operation 277 'sext' 'sext_ln349' <Predicate = (OutputWriteEn_1_read)> <Delay = 0.00>
ST_10 : Operation 278 [1/2] (0.64ns) (root node of the DSP)   --->   "%sum_22 = add i27 %sext_ln349_3, i27 %sext_ln343_3" [/home/user/Documents/kria-vitis-platforms/kv260/platforms/vivado/kv260_ispMipiRx_vcu_DP/project/kv260_ispMipiRx_vcu_DP.runs/bd_eab1_vsc_0_synth_1/prj/sol/.autopilot/db/v_vscaler.cpp:349]   --->   Operation 278 'add' 'sum_22' <Predicate = (OutputWriteEn_1_read)> <Delay = 0.64> <CoreInst = "DSP48">   --->   Core 127 'DSP48' <Latency = 3> <II = 1> <Delay = 0.53> <IPBlock> <Opcode : 'mul' 'add' 'sub' 'select'> <InPorts = 0> <OutPorts = 1> <Sync> <CReg>
ST_10 : Operation 279 [2/2] (0.64ns) (root node of the DSP)   --->   "%sum = add i27 %sum_22, i27 %sext_ln349" [/home/user/Documents/kria-vitis-platforms/kv260/platforms/vivado/kv260_ispMipiRx_vcu_DP/project/kv260_ispMipiRx_vcu_DP.runs/bd_eab1_vsc_0_synth_1/prj/sol/.autopilot/db/v_vscaler.cpp:349]   --->   Operation 279 'add' 'sum' <Predicate = (OutputWriteEn_1_read)> <Delay = 0.64> <CoreInst = "DSP48">   --->   Core 127 'DSP48' <Latency = 3> <II = 1> <Delay = 0.53> <IPBlock> <Opcode : 'mul' 'add' 'sub' 'select'> <InPorts = 0> <OutPorts = 1> <Sync> <CReg>
ST_10 : Operation 280 [1/3] (0.00ns) (grouped into DSP with root node sum_11)   --->   "%ret_V_11 = mul i24 %sext_ln1494_5, i24 %zext_ln1494_5"   --->   Operation 280 'mul' 'ret_V_11' <Predicate = (OutputWriteEn_1_read)> <Delay = 0.00> <CoreInst = "DSP48">   --->   Core 127 'DSP48' <Latency = 3> <II = 1> <Delay = 0.53> <IPBlock> <Opcode : 'mul' 'add' 'sub' 'select'> <InPorts = 0> <OutPorts = 1> <Sync> <CReg>
ST_10 : Operation 281 [1/1] (0.00ns) (grouped into DSP with root node sum_11)   --->   "%sext_ln349_4 = sext i24 %ret_V_11" [/home/user/Documents/kria-vitis-platforms/kv260/platforms/vivado/kv260_ispMipiRx_vcu_DP/project/kv260_ispMipiRx_vcu_DP.runs/bd_eab1_vsc_0_synth_1/prj/sol/.autopilot/db/v_vscaler.cpp:349]   --->   Operation 281 'sext' 'sext_ln349_4' <Predicate = (OutputWriteEn_1_read)> <Delay = 0.00>
ST_10 : Operation 282 [1/2] (0.64ns) (root node of the DSP)   --->   "%sum_27 = add i27 %sext_ln349_7, i27 %sext_ln343_7" [/home/user/Documents/kria-vitis-platforms/kv260/platforms/vivado/kv260_ispMipiRx_vcu_DP/project/kv260_ispMipiRx_vcu_DP.runs/bd_eab1_vsc_0_synth_1/prj/sol/.autopilot/db/v_vscaler.cpp:349]   --->   Operation 282 'add' 'sum_27' <Predicate = (OutputWriteEn_1_read)> <Delay = 0.64> <CoreInst = "DSP48">   --->   Core 127 'DSP48' <Latency = 3> <II = 1> <Delay = 0.53> <IPBlock> <Opcode : 'mul' 'add' 'sub' 'select'> <InPorts = 0> <OutPorts = 1> <Sync> <CReg>
ST_10 : Operation 283 [2/2] (0.64ns) (root node of the DSP)   --->   "%sum_11 = add i27 %sum_27, i27 %sext_ln349_4" [/home/user/Documents/kria-vitis-platforms/kv260/platforms/vivado/kv260_ispMipiRx_vcu_DP/project/kv260_ispMipiRx_vcu_DP.runs/bd_eab1_vsc_0_synth_1/prj/sol/.autopilot/db/v_vscaler.cpp:349]   --->   Operation 283 'add' 'sum_11' <Predicate = (OutputWriteEn_1_read)> <Delay = 0.64> <CoreInst = "DSP48">   --->   Core 127 'DSP48' <Latency = 3> <II = 1> <Delay = 0.53> <IPBlock> <Opcode : 'mul' 'add' 'sub' 'select'> <InPorts = 0> <OutPorts = 1> <Sync> <CReg>
ST_10 : Operation 284 [1/3] (0.00ns) (grouped into DSP with root node sum_17)   --->   "%ret_V_17 = mul i24 %sext_ln1494_5, i24 %zext_ln1494_11"   --->   Operation 284 'mul' 'ret_V_17' <Predicate = (OutputWriteEn_1_read)> <Delay = 0.00> <CoreInst = "DSP48">   --->   Core 127 'DSP48' <Latency = 3> <II = 1> <Delay = 0.53> <IPBlock> <Opcode : 'mul' 'add' 'sub' 'select'> <InPorts = 0> <OutPorts = 1> <Sync> <CReg>
ST_10 : Operation 285 [1/1] (0.00ns) (grouped into DSP with root node sum_17)   --->   "%sext_ln349_8 = sext i24 %ret_V_17" [/home/user/Documents/kria-vitis-platforms/kv260/platforms/vivado/kv260_ispMipiRx_vcu_DP/project/kv260_ispMipiRx_vcu_DP.runs/bd_eab1_vsc_0_synth_1/prj/sol/.autopilot/db/v_vscaler.cpp:349]   --->   Operation 285 'sext' 'sext_ln349_8' <Predicate = (OutputWriteEn_1_read)> <Delay = 0.00>
ST_10 : Operation 286 [1/2] (0.64ns) (root node of the DSP)   --->   "%sum_32 = add i27 %sext_ln349_11, i27 %sext_ln343_11" [/home/user/Documents/kria-vitis-platforms/kv260/platforms/vivado/kv260_ispMipiRx_vcu_DP/project/kv260_ispMipiRx_vcu_DP.runs/bd_eab1_vsc_0_synth_1/prj/sol/.autopilot/db/v_vscaler.cpp:349]   --->   Operation 286 'add' 'sum_32' <Predicate = (OutputWriteEn_1_read)> <Delay = 0.64> <CoreInst = "DSP48">   --->   Core 127 'DSP48' <Latency = 3> <II = 1> <Delay = 0.53> <IPBlock> <Opcode : 'mul' 'add' 'sub' 'select'> <InPorts = 0> <OutPorts = 1> <Sync> <CReg>
ST_10 : Operation 287 [2/2] (0.64ns) (root node of the DSP)   --->   "%sum_17 = add i27 %sum_32, i27 %sext_ln349_8" [/home/user/Documents/kria-vitis-platforms/kv260/platforms/vivado/kv260_ispMipiRx_vcu_DP/project/kv260_ispMipiRx_vcu_DP.runs/bd_eab1_vsc_0_synth_1/prj/sol/.autopilot/db/v_vscaler.cpp:349]   --->   Operation 287 'add' 'sum_17' <Predicate = (OutputWriteEn_1_read)> <Delay = 0.64> <CoreInst = "DSP48">   --->   Core 127 'DSP48' <Latency = 3> <II = 1> <Delay = 0.53> <IPBlock> <Opcode : 'mul' 'add' 'sub' 'select'> <InPorts = 0> <OutPorts = 1> <Sync> <CReg>

State 11 <SV = 10> <Delay = 1.85>
ST_11 : Operation 288 [1/2] (0.64ns) (root node of the DSP)   --->   "%sum = add i27 %sum_22, i27 %sext_ln349" [/home/user/Documents/kria-vitis-platforms/kv260/platforms/vivado/kv260_ispMipiRx_vcu_DP/project/kv260_ispMipiRx_vcu_DP.runs/bd_eab1_vsc_0_synth_1/prj/sol/.autopilot/db/v_vscaler.cpp:349]   --->   Operation 288 'add' 'sum' <Predicate = (OutputWriteEn_1_read)> <Delay = 0.64> <CoreInst = "DSP48">   --->   Core 127 'DSP48' <Latency = 3> <II = 1> <Delay = 0.53> <IPBlock> <Opcode : 'mul' 'add' 'sub' 'select'> <InPorts = 0> <OutPorts = 1> <Sync> <CReg>
ST_11 : Operation 289 [1/1] (0.00ns)   --->   "%tmp = bitselect i1 @_ssdm_op_BitSelect.i1.i27.i32, i27 %sum, i32 26" [/home/user/Documents/kria-vitis-platforms/kv260/platforms/vivado/kv260_ispMipiRx_vcu_DP/project/kv260_ispMipiRx_vcu_DP.runs/bd_eab1_vsc_0_synth_1/prj/sol/.autopilot/db/v_vscaler.cpp:352]   --->   Operation 289 'bitselect' 'tmp' <Predicate = (OutputWriteEn_1_read)> <Delay = 0.00>
ST_11 : Operation 290 [1/1] (0.00ns)   --->   "%tmp_1 = partselect i7 @_ssdm_op_PartSelect.i7.i27.i32.i32, i27 %sum, i32 20, i32 26" [/home/user/Documents/kria-vitis-platforms/kv260/platforms/vivado/kv260_ispMipiRx_vcu_DP/project/kv260_ispMipiRx_vcu_DP.runs/bd_eab1_vsc_0_synth_1/prj/sol/.autopilot/db/v_vscaler.cpp:352]   --->   Operation 290 'partselect' 'tmp_1' <Predicate = (OutputWriteEn_1_read)> <Delay = 0.00>
ST_11 : Operation 291 [1/1] (0.81ns)   --->   "%icmp_ln352 = icmp_sgt  i7 %tmp_1, i7 0" [/home/user/Documents/kria-vitis-platforms/kv260/platforms/vivado/kv260_ispMipiRx_vcu_DP/project/kv260_ispMipiRx_vcu_DP.runs/bd_eab1_vsc_0_synth_1/prj/sol/.autopilot/db/v_vscaler.cpp:352]   --->   Operation 291 'icmp' 'icmp_ln352' <Predicate = (OutputWriteEn_1_read)> <Delay = 0.81> <CoreInst = "Cmp">   --->   Core 9 'Cmp' <Latency = 0> <II = 1> <Delay = 0.81> <FuncUnit> <Opcode : 'icmp'> <InPorts = 2> <OutPorts = 1>
ST_11 : Operation 292 [1/1] (0.00ns) (grouped into LUT with out node select_ln214)   --->   "%trunc_ln2 = partselect i8 @_ssdm_op_PartSelect.i8.i27.i32.i32, i27 %sum, i32 12, i32 19"   --->   Operation 292 'partselect' 'trunc_ln2' <Predicate = (OutputWriteEn_1_read)> <Delay = 0.00>
ST_11 : Operation 293 [1/1] (0.00ns) (grouped into LUT with out node select_ln214)   --->   "%xor_ln214 = xor i1 %tmp, i1 1"   --->   Operation 293 'xor' 'xor_ln214' <Predicate = (OutputWriteEn_1_read)> <Delay = 0.00> <CoreInst = "LogicGate">   --->   Core 74 'LogicGate' <Latency = 0> <II = 1> <Delay = 0.28> <FuncUnit> <Opcode : 'and' 'or' 'xor'> <InPorts = 2> <OutPorts = 1>
ST_11 : Operation 294 [1/1] (0.00ns) (grouped into LUT with out node select_ln214)   --->   "%select_ln214_3 = select i1 %xor_ln214, i8 255, i8 0"   --->   Operation 294 'select' 'select_ln214_3' <Predicate = (OutputWriteEn_1_read)> <Delay = 0.00> <CoreInst = "Sel">   --->   Core 73 'Sel' <Latency = 0> <II = 1> <Delay = 0.17> <FuncUnit> <Opcode : 'select'> <InPorts = 3> <OutPorts = 1>
ST_11 : Operation 295 [1/1] (0.00ns) (grouped into LUT with out node select_ln214)   --->   "%or_ln214 = or i1 %tmp, i1 %icmp_ln352"   --->   Operation 295 'or' 'or_ln214' <Predicate = (OutputWriteEn_1_read)> <Delay = 0.00> <CoreInst = "LogicGate">   --->   Core 74 'LogicGate' <Latency = 0> <II = 1> <Delay = 0.28> <FuncUnit> <Opcode : 'and' 'or' 'xor'> <InPorts = 2> <OutPorts = 1>
ST_11 : Operation 296 [1/1] (0.39ns) (out node of the LUT)   --->   "%select_ln214 = select i1 %or_ln214, i8 %select_ln214_3, i8 %trunc_ln2"   --->   Operation 296 'select' 'select_ln214' <Predicate = (OutputWriteEn_1_read)> <Delay = 0.39> <CoreInst = "Sel">   --->   Core 73 'Sel' <Latency = 0> <II = 1> <Delay = 0.39> <FuncUnit> <Opcode : 'select'> <InPorts = 3> <OutPorts = 1>
ST_11 : Operation 297 [1/2] (0.64ns) (root node of the DSP)   --->   "%sum_11 = add i27 %sum_27, i27 %sext_ln349_4" [/home/user/Documents/kria-vitis-platforms/kv260/platforms/vivado/kv260_ispMipiRx_vcu_DP/project/kv260_ispMipiRx_vcu_DP.runs/bd_eab1_vsc_0_synth_1/prj/sol/.autopilot/db/v_vscaler.cpp:349]   --->   Operation 297 'add' 'sum_11' <Predicate = (OutputWriteEn_1_read)> <Delay = 0.64> <CoreInst = "DSP48">   --->   Core 127 'DSP48' <Latency = 3> <II = 1> <Delay = 0.53> <IPBlock> <Opcode : 'mul' 'add' 'sub' 'select'> <InPorts = 0> <OutPorts = 1> <Sync> <CReg>
ST_11 : Operation 298 [1/1] (0.00ns)   --->   "%tmp_2 = bitselect i1 @_ssdm_op_BitSelect.i1.i27.i32, i27 %sum_11, i32 26" [/home/user/Documents/kria-vitis-platforms/kv260/platforms/vivado/kv260_ispMipiRx_vcu_DP/project/kv260_ispMipiRx_vcu_DP.runs/bd_eab1_vsc_0_synth_1/prj/sol/.autopilot/db/v_vscaler.cpp:352]   --->   Operation 298 'bitselect' 'tmp_2' <Predicate = (OutputWriteEn_1_read)> <Delay = 0.00>
ST_11 : Operation 299 [1/1] (0.00ns)   --->   "%tmp_3 = partselect i7 @_ssdm_op_PartSelect.i7.i27.i32.i32, i27 %sum_11, i32 20, i32 26" [/home/user/Documents/kria-vitis-platforms/kv260/platforms/vivado/kv260_ispMipiRx_vcu_DP/project/kv260_ispMipiRx_vcu_DP.runs/bd_eab1_vsc_0_synth_1/prj/sol/.autopilot/db/v_vscaler.cpp:352]   --->   Operation 299 'partselect' 'tmp_3' <Predicate = (OutputWriteEn_1_read)> <Delay = 0.00>
ST_11 : Operation 300 [1/1] (0.81ns)   --->   "%icmp_ln352_1 = icmp_sgt  i7 %tmp_3, i7 0" [/home/user/Documents/kria-vitis-platforms/kv260/platforms/vivado/kv260_ispMipiRx_vcu_DP/project/kv260_ispMipiRx_vcu_DP.runs/bd_eab1_vsc_0_synth_1/prj/sol/.autopilot/db/v_vscaler.cpp:352]   --->   Operation 300 'icmp' 'icmp_ln352_1' <Predicate = (OutputWriteEn_1_read)> <Delay = 0.81> <CoreInst = "Cmp">   --->   Core 9 'Cmp' <Latency = 0> <II = 1> <Delay = 0.81> <FuncUnit> <Opcode : 'icmp'> <InPorts = 2> <OutPorts = 1>
ST_11 : Operation 301 [1/1] (0.00ns) (grouped into LUT with out node select_ln214_1)   --->   "%trunc_ln214_1 = partselect i8 @_ssdm_op_PartSelect.i8.i27.i32.i32, i27 %sum_11, i32 12, i32 19"   --->   Operation 301 'partselect' 'trunc_ln214_1' <Predicate = (OutputWriteEn_1_read)> <Delay = 0.00>
ST_11 : Operation 302 [1/1] (0.00ns) (grouped into LUT with out node select_ln214_1)   --->   "%xor_ln214_1 = xor i1 %tmp_2, i1 1"   --->   Operation 302 'xor' 'xor_ln214_1' <Predicate = (OutputWriteEn_1_read)> <Delay = 0.00> <CoreInst = "LogicGate">   --->   Core 74 'LogicGate' <Latency = 0> <II = 1> <Delay = 0.28> <FuncUnit> <Opcode : 'and' 'or' 'xor'> <InPorts = 2> <OutPorts = 1>
ST_11 : Operation 303 [1/1] (0.00ns) (grouped into LUT with out node select_ln214_1)   --->   "%select_ln214_4 = select i1 %xor_ln214_1, i8 255, i8 0"   --->   Operation 303 'select' 'select_ln214_4' <Predicate = (OutputWriteEn_1_read)> <Delay = 0.00> <CoreInst = "Sel">   --->   Core 73 'Sel' <Latency = 0> <II = 1> <Delay = 0.17> <FuncUnit> <Opcode : 'select'> <InPorts = 3> <OutPorts = 1>
ST_11 : Operation 304 [1/1] (0.00ns) (grouped into LUT with out node select_ln214_1)   --->   "%or_ln214_1 = or i1 %tmp_2, i1 %icmp_ln352_1"   --->   Operation 304 'or' 'or_ln214_1' <Predicate = (OutputWriteEn_1_read)> <Delay = 0.00> <CoreInst = "LogicGate">   --->   Core 74 'LogicGate' <Latency = 0> <II = 1> <Delay = 0.28> <FuncUnit> <Opcode : 'and' 'or' 'xor'> <InPorts = 2> <OutPorts = 1>
ST_11 : Operation 305 [1/1] (0.39ns) (out node of the LUT)   --->   "%select_ln214_1 = select i1 %or_ln214_1, i8 %select_ln214_4, i8 %trunc_ln214_1"   --->   Operation 305 'select' 'select_ln214_1' <Predicate = (OutputWriteEn_1_read)> <Delay = 0.39> <CoreInst = "Sel">   --->   Core 73 'Sel' <Latency = 0> <II = 1> <Delay = 0.39> <FuncUnit> <Opcode : 'select'> <InPorts = 3> <OutPorts = 1>
ST_11 : Operation 306 [1/2] (0.64ns) (root node of the DSP)   --->   "%sum_17 = add i27 %sum_32, i27 %sext_ln349_8" [/home/user/Documents/kria-vitis-platforms/kv260/platforms/vivado/kv260_ispMipiRx_vcu_DP/project/kv260_ispMipiRx_vcu_DP.runs/bd_eab1_vsc_0_synth_1/prj/sol/.autopilot/db/v_vscaler.cpp:349]   --->   Operation 306 'add' 'sum_17' <Predicate = (OutputWriteEn_1_read)> <Delay = 0.64> <CoreInst = "DSP48">   --->   Core 127 'DSP48' <Latency = 3> <II = 1> <Delay = 0.53> <IPBlock> <Opcode : 'mul' 'add' 'sub' 'select'> <InPorts = 0> <OutPorts = 1> <Sync> <CReg>
ST_11 : Operation 307 [1/1] (0.00ns)   --->   "%tmp_4 = bitselect i1 @_ssdm_op_BitSelect.i1.i27.i32, i27 %sum_17, i32 26" [/home/user/Documents/kria-vitis-platforms/kv260/platforms/vivado/kv260_ispMipiRx_vcu_DP/project/kv260_ispMipiRx_vcu_DP.runs/bd_eab1_vsc_0_synth_1/prj/sol/.autopilot/db/v_vscaler.cpp:352]   --->   Operation 307 'bitselect' 'tmp_4' <Predicate = (OutputWriteEn_1_read)> <Delay = 0.00>
ST_11 : Operation 308 [1/1] (0.00ns)   --->   "%tmp_5 = partselect i7 @_ssdm_op_PartSelect.i7.i27.i32.i32, i27 %sum_17, i32 20, i32 26" [/home/user/Documents/kria-vitis-platforms/kv260/platforms/vivado/kv260_ispMipiRx_vcu_DP/project/kv260_ispMipiRx_vcu_DP.runs/bd_eab1_vsc_0_synth_1/prj/sol/.autopilot/db/v_vscaler.cpp:352]   --->   Operation 308 'partselect' 'tmp_5' <Predicate = (OutputWriteEn_1_read)> <Delay = 0.00>
ST_11 : Operation 309 [1/1] (0.81ns)   --->   "%icmp_ln352_2 = icmp_sgt  i7 %tmp_5, i7 0" [/home/user/Documents/kria-vitis-platforms/kv260/platforms/vivado/kv260_ispMipiRx_vcu_DP/project/kv260_ispMipiRx_vcu_DP.runs/bd_eab1_vsc_0_synth_1/prj/sol/.autopilot/db/v_vscaler.cpp:352]   --->   Operation 309 'icmp' 'icmp_ln352_2' <Predicate = (OutputWriteEn_1_read)> <Delay = 0.81> <CoreInst = "Cmp">   --->   Core 9 'Cmp' <Latency = 0> <II = 1> <Delay = 0.81> <FuncUnit> <Opcode : 'icmp'> <InPorts = 2> <OutPorts = 1>
ST_11 : Operation 310 [1/1] (0.00ns) (grouped into LUT with out node select_ln214_2)   --->   "%trunc_ln214_2 = partselect i8 @_ssdm_op_PartSelect.i8.i27.i32.i32, i27 %sum_17, i32 12, i32 19"   --->   Operation 310 'partselect' 'trunc_ln214_2' <Predicate = (OutputWriteEn_1_read)> <Delay = 0.00>
ST_11 : Operation 311 [1/1] (0.00ns) (grouped into LUT with out node select_ln214_2)   --->   "%xor_ln214_2 = xor i1 %tmp_4, i1 1"   --->   Operation 311 'xor' 'xor_ln214_2' <Predicate = (OutputWriteEn_1_read)> <Delay = 0.00> <CoreInst = "LogicGate">   --->   Core 74 'LogicGate' <Latency = 0> <II = 1> <Delay = 0.28> <FuncUnit> <Opcode : 'and' 'or' 'xor'> <InPorts = 2> <OutPorts = 1>
ST_11 : Operation 312 [1/1] (0.00ns) (grouped into LUT with out node select_ln214_2)   --->   "%select_ln214_5 = select i1 %xor_ln214_2, i8 255, i8 0"   --->   Operation 312 'select' 'select_ln214_5' <Predicate = (OutputWriteEn_1_read)> <Delay = 0.00> <CoreInst = "Sel">   --->   Core 73 'Sel' <Latency = 0> <II = 1> <Delay = 0.17> <FuncUnit> <Opcode : 'select'> <InPorts = 3> <OutPorts = 1>
ST_11 : Operation 313 [1/1] (0.00ns) (grouped into LUT with out node select_ln214_2)   --->   "%or_ln214_2 = or i1 %tmp_4, i1 %icmp_ln352_2"   --->   Operation 313 'or' 'or_ln214_2' <Predicate = (OutputWriteEn_1_read)> <Delay = 0.00> <CoreInst = "LogicGate">   --->   Core 74 'LogicGate' <Latency = 0> <II = 1> <Delay = 0.28> <FuncUnit> <Opcode : 'and' 'or' 'xor'> <InPorts = 2> <OutPorts = 1>
ST_11 : Operation 314 [1/1] (0.39ns) (out node of the LUT)   --->   "%select_ln214_2 = select i1 %or_ln214_2, i8 %select_ln214_5, i8 %trunc_ln214_2"   --->   Operation 314 'select' 'select_ln214_2' <Predicate = (OutputWriteEn_1_read)> <Delay = 0.39> <CoreInst = "Sel">   --->   Core 73 'Sel' <Latency = 0> <II = 1> <Delay = 0.39> <FuncUnit> <Opcode : 'select'> <InPorts = 3> <OutPorts = 1>
ST_11 : Operation 318 [1/1] (0.00ns)   --->   "%ret_ln0 = ret"   --->   Operation 318 'ret' 'ret_ln0' <Predicate = (icmp_ln252)> <Delay = 0.00>

State 12 <SV = 11> <Delay = 1.82>
ST_12 : Operation 315 [1/1] (0.00ns)   --->   "%p_0 = bitconcatenate i24 @_ssdm_op_BitConcatenate.i24.i8.i8.i8, i8 %select_ln214_2, i8 %select_ln214_1, i8 %select_ln214" [/home/user/Documents/kria-vitis-platforms/kv260/platforms/vivado/kv260_ispMipiRx_vcu_DP/project/kv260_ispMipiRx_vcu_DP.runs/bd_eab1_vsc_0_synth_1/prj/sol/.autopilot/db/v_vscaler.cpp:327]   --->   Operation 315 'bitconcatenate' 'p_0' <Predicate = (OutputWriteEn_1_read)> <Delay = 0.00>
ST_12 : Operation 316 [1/1] (1.82ns)   --->   "%write_ln327 = write void @_ssdm_op_Write.ap_fifo.volatile.i24P0A, i24 %OutYUV, i24 %p_0" [/home/user/Documents/kria-vitis-platforms/kv260/platforms/vivado/kv260_ispMipiRx_vcu_DP/project/kv260_ispMipiRx_vcu_DP.runs/bd_eab1_vsc_0_synth_1/prj/sol/.autopilot/db/v_vscaler.cpp:327]   --->   Operation 316 'write' 'write_ln327' <Predicate = (OutputWriteEn_1_read)> <Delay = 1.82> <CoreInst = "FIFO_SRL">   --->   Core 81 'FIFO_SRL' <Latency = 0> <II = 1> <Delay = 2.04> <Storage> <Opcode : 'read' 'write' 'nbread' 'nbwrite'> <Ports = 0> <Width = 24> <Depth = 16> <FIFO>
ST_12 : Operation 317 [1/1] (0.00ns)   --->   "%br_ln328 = br void %for.inc206" [/home/user/Documents/kria-vitis-platforms/kv260/platforms/vivado/kv260_ispMipiRx_vcu_DP/project/kv260_ispMipiRx_vcu_DP.runs/bd_eab1_vsc_0_synth_1/prj/sol/.autopilot/db/v_vscaler.cpp:328]   --->   Operation 317 'br' 'br_ln328' <Predicate = (OutputWriteEn_1_read)> <Delay = 0.00>


============================================================
+ Verbose Summary: Binding
============================================================
STG Binding: 
---------------- STG Properties BEGIN ----------------
- Is combinational: 0
- Is one-state seq: 0
- Is datapath-only: 0
- Is pipelined: 0
- Is top level: 0
Port [ Return ] is wired: 1; IO mode=ap_ctrl_hs:ce=0
Port [ FiltCoeff_5]:  wired=1; compound=1; hidden=0; nouse=0; global=0; static=0; extern=0; dir=0; type=1; pingpong=0; private_global=0; MemPort=[1]; IO mode=ap_memory:ce=0
Port [ idxprom11_i]:  wired=1; compound=0; hidden=0; nouse=0; global=0; static=0; extern=0; dir=0; type=0; pingpong=0; private_global=0; IO mode=ap_none:ce=0
Port [ FiltCoeff_4]:  wired=1; compound=1; hidden=0; nouse=0; global=0; static=0; extern=0; dir=0; type=1; pingpong=0; private_global=0; MemPort=[1]; IO mode=ap_memory:ce=0
Port [ FiltCoeff_3]:  wired=1; compound=1; hidden=0; nouse=0; global=0; static=0; extern=0; dir=0; type=1; pingpong=0; private_global=0; MemPort=[1]; IO mode=ap_memory:ce=0
Port [ FiltCoeff_2]:  wired=1; compound=1; hidden=0; nouse=0; global=0; static=0; extern=0; dir=0; type=1; pingpong=0; private_global=0; MemPort=[1]; IO mode=ap_memory:ce=0
Port [ FiltCoeff_1]:  wired=1; compound=1; hidden=0; nouse=0; global=0; static=0; extern=0; dir=0; type=1; pingpong=0; private_global=0; MemPort=[1]; IO mode=ap_memory:ce=0
Port [ FiltCoeff]:  wired=1; compound=1; hidden=0; nouse=0; global=0; static=0; extern=0; dir=0; type=1; pingpong=0; private_global=0; MemPort=[1]; IO mode=ap_memory:ce=0
Port [ InPixels]:  wired=1; compound=0; hidden=0; nouse=0; global=0; static=0; extern=0; dir=0; type=0; pingpong=0; private_global=0; IO mode=ap_none:ce=0
Port [ OutputWriteEn_1]:  wired=1; compound=0; hidden=0; nouse=0; global=0; static=0; extern=0; dir=0; type=0; pingpong=0; private_global=0; IO mode=ap_none:ce=0
Port [ LineBuf_val_V_5]:  wired=1; compound=1; hidden=0; nouse=0; global=0; static=0; extern=0; dir=2; type=1; pingpong=0; private_global=0; MemPort=[01]; IO mode=ap_memory:ce=0
Port [ LineBuf_val_V_4]:  wired=1; compound=1; hidden=0; nouse=0; global=0; static=0; extern=0; dir=2; type=1; pingpong=0; private_global=0; MemPort=[01]; IO mode=ap_memory:ce=0
Port [ LineBuf_val_V_3]:  wired=1; compound=1; hidden=0; nouse=0; global=0; static=0; extern=0; dir=2; type=1; pingpong=0; private_global=0; MemPort=[01]; IO mode=ap_memory:ce=0
Port [ LineBuf_val_V_2]:  wired=1; compound=1; hidden=0; nouse=0; global=0; static=0; extern=0; dir=2; type=1; pingpong=0; private_global=0; MemPort=[01]; IO mode=ap_memory:ce=0
Port [ LineBuf_val_V_1]:  wired=1; compound=1; hidden=0; nouse=0; global=0; static=0; extern=0; dir=2; type=1; pingpong=0; private_global=0; MemPort=[01]; IO mode=ap_memory:ce=0
Port [ LineBuf_val_V]:  wired=1; compound=1; hidden=0; nouse=0; global=0; static=0; extern=0; dir=2; type=1; pingpong=0; private_global=0; MemPort=[23]; IO mode=ap_memory:ce=0
Port [ brmerge]:  wired=1; compound=0; hidden=0; nouse=0; global=0; static=0; extern=0; dir=0; type=0; pingpong=0; private_global=0; IO mode=ap_none:ce=0
Port [ cmp159]:  wired=1; compound=0; hidden=0; nouse=0; global=0; static=0; extern=0; dir=0; type=0; pingpong=0; private_global=0; IO mode=ap_none:ce=0
Port [ cmp119]:  wired=1; compound=0; hidden=0; nouse=0; global=0; static=0; extern=0; dir=0; type=0; pingpong=0; private_global=0; IO mode=ap_none:ce=0
Port [ SrcYUV422]:  wired=1; compound=1; hidden=0; nouse=0; global=0; static=0; extern=0; dir=0; type=3; pingpong=0; private_global=0; IO mode=ap_fifo:ce=0
Port [ OutYUV]:  wired=1; compound=1; hidden=0; nouse=0; global=0; static=0; extern=0; dir=1; type=3; pingpong=0; private_global=0; IO mode=ap_fifo:ce=0
---------------- STG Properties END ------------------

---------------- Datapath Model BEGIN ----------------

<LifeTime>
<method=bitvector/>
x                     (alloca           ) [ 0100000000000]
cmp119_read           (read             ) [ 0111111111111]
cmp159_read           (read             ) [ 0111000000000]
brmerge_read          (read             ) [ 0111111111111]
OutputWriteEn_1_read  (read             ) [ 0111111111111]
InPixels_read         (read             ) [ 0000000000000]
idxprom11_i_read      (read             ) [ 0000000000000]
idxprom11_i_cast      (zext             ) [ 0111111100000]
specmemcore_ln0       (specmemcore      ) [ 0000000000000]
specmemcore_ln0       (specmemcore      ) [ 0000000000000]
specmemcore_ln0       (specmemcore      ) [ 0000000000000]
specmemcore_ln0       (specmemcore      ) [ 0000000000000]
specmemcore_ln0       (specmemcore      ) [ 0000000000000]
specmemcore_ln0       (specmemcore      ) [ 0000000000000]
specinterface_ln0     (specinterface    ) [ 0000000000000]
specinterface_ln0     (specinterface    ) [ 0000000000000]
store_ln0             (store            ) [ 0000000000000]
br_ln0                (br               ) [ 0000000000000]
x_1                   (load             ) [ 0110000000000]
icmp_ln252            (icmp             ) [ 0111111111111]
add_ln252             (add              ) [ 0000000000000]
br_ln252              (br               ) [ 0000000000000]
br_ln324              (br               ) [ 0000000000000]
store_ln252           (store            ) [ 0000000000000]
br_ln252              (br               ) [ 0000000000000]
FiltCoeff_addr        (getelementptr    ) [ 0101000000000]
zext_ln252            (zext             ) [ 0000000000000]
LineBuf_val_V_addr    (getelementptr    ) [ 0101000000000]
LineBuf_val_V_1_addr  (getelementptr    ) [ 0101000000000]
LineBuf_val_V_2_addr  (getelementptr    ) [ 0101000000000]
LineBuf_val_V_3_addr  (getelementptr    ) [ 0101000000000]
LineBuf_val_V_4_addr  (getelementptr    ) [ 0101000000000]
LineBuf_val_V_5_addr  (getelementptr    ) [ 0101000000000]
p_Result_5            (read             ) [ 0000000000000]
PixArray_val_V_19     (trunc            ) [ 0111000000000]
PixArray_val_V_20     (partselect       ) [ 0111000000000]
PixArray_val_V_18     (partselect       ) [ 0111000000000]
store_ln798           (store            ) [ 0000000000000]
br_ln296              (br               ) [ 0111000000000]
FiltCoeff_1_addr      (getelementptr    ) [ 0100100000000]
specpipeline_ln255    (specpipeline     ) [ 0000000000000]
specloopname_ln252    (specloopname     ) [ 0000000000000]
LineBufVal_V_5        (load             ) [ 0000000000000]
PixArray_val_V_46     (trunc            ) [ 0101100000000]
PixArray_val_V_47     (partselect       ) [ 0101100000000]
PixArray_val_V_48     (partselect       ) [ 0101100000000]
LineBufVal_V_6        (load             ) [ 0000000000000]
PixArray_val_V_49     (trunc            ) [ 0101100000000]
PixArray_val_V_50     (partselect       ) [ 0101100000000]
PixArray_val_V_51     (partselect       ) [ 0101100000000]
LineBufVal_V_7        (load             ) [ 0000000000000]
PixArray_val_V_52     (trunc            ) [ 0101100000000]
PixArray_val_V_53     (partselect       ) [ 0101100000000]
PixArray_val_V_54     (partselect       ) [ 0101100000000]
LineBufVal_V_8        (load             ) [ 0000000000000]
PixArray_val_V_55     (trunc            ) [ 0101100000000]
PixArray_val_V_56     (partselect       ) [ 0101100000000]
PixArray_val_V_57     (partselect       ) [ 0101100000000]
LineBufVal_V_9        (load             ) [ 0000000000000]
PixArray_val_V_58     (trunc            ) [ 0101100000000]
PixArray_val_V_59     (partselect       ) [ 0101100000000]
PixArray_val_V_60     (partselect       ) [ 0101100000000]
LineBufVal_V_10       (load             ) [ 0000000000000]
PixArray_val_V_15     (trunc            ) [ 0000000000000]
PixArray_val_V_16     (partselect       ) [ 0000000000000]
PixArray_val_V_17     (partselect       ) [ 0000000000000]
br_ln276              (br               ) [ 0101100000000]
br_ln282              (br               ) [ 0000000000000]
PixArray_val_V_23     (phi              ) [ 0101100000000]
PixArray_val_V_22     (phi              ) [ 0101100000000]
PixArray_val_V_21     (phi              ) [ 0101100000000]
PixArrayVal_val_V_5   (select           ) [ 0000000000000]
PixArrayVal_val_V_4   (select           ) [ 0000000000000]
PixArrayVal_val_V_3   (select           ) [ 0000000000000]
p_Result_s            (bitconcatenate   ) [ 0000000000000]
store_ln315           (store            ) [ 0000000000000]
PixArrayVal_val_V_11  (select           ) [ 0000000000000]
PixArrayVal_val_V_10  (select           ) [ 0000000000000]
PixArrayVal_val_V_9   (select           ) [ 0000000000000]
p_Result_1            (bitconcatenate   ) [ 0000000000000]
store_ln315           (store            ) [ 0000000000000]
PixArrayVal_val_V_17  (select           ) [ 0000000000000]
PixArrayVal_val_V_16  (select           ) [ 0000000000000]
PixArrayVal_val_V_15  (select           ) [ 0000000000000]
p_Result_2            (bitconcatenate   ) [ 0000000000000]
store_ln315           (store            ) [ 0000000000000]
PixArrayVal_val_V_23  (select           ) [ 0000000000000]
PixArrayVal_val_V_22  (select           ) [ 0000000000000]
PixArrayVal_val_V_21  (select           ) [ 0000000000000]
p_Result_3            (bitconcatenate   ) [ 0000000000000]
store_ln315           (store            ) [ 0000000000000]
PixArrayVal_val_V_29  (select           ) [ 0000000000000]
PixArrayVal_val_V_28  (select           ) [ 0000000000000]
PixArrayVal_val_V_27  (select           ) [ 0000000000000]
p_Result_4            (bitconcatenate   ) [ 0000000000000]
store_ln315           (store            ) [ 0000000000000]
br_ln317              (br               ) [ 0101100000000]
PixArray_val_V_25     (phi              ) [ 0000000000000]
PixArray_val_V_24     (phi              ) [ 0000000000000]
PixArray_val_V        (phi              ) [ 0000000000000]
FiltCoeff_load        (load             ) [ 0000000000000]
zext_ln186            (zext             ) [ 0100110000000]
sext_ln1494           (sext             ) [ 0100110000000]
zext_ln1494           (zext             ) [ 0100110000000]
zext_ln1494_6         (zext             ) [ 0100110000000]
FiltCoeff_2_addr      (getelementptr    ) [ 0100010000000]
PixArray_val_V_40     (phi              ) [ 0100111110000]
PixArray_val_V_39     (phi              ) [ 0100111110000]
PixArray_val_V_45     (phi              ) [ 0100111110000]
PixArray_val_V_37     (phi              ) [ 0100111100000]
PixArray_val_V_36     (phi              ) [ 0100111100000]
PixArray_val_V_44     (phi              ) [ 0100111100000]
PixArray_val_V_34     (phi              ) [ 0100111000000]
PixArray_val_V_33     (phi              ) [ 0100111000000]
PixArray_val_V_43     (phi              ) [ 0100111000000]
PixArray_val_V_31     (phi              ) [ 0100110000000]
PixArray_val_V_30     (phi              ) [ 0100110000000]
PixArray_val_V_42     (phi              ) [ 0100110000000]
PixArray_val_V_28     (phi              ) [ 0100100000000]
PixArray_val_V_27     (phi              ) [ 0100100000000]
PixArray_val_V_41     (phi              ) [ 0100100000000]
FiltCoeff_1_load      (load             ) [ 0000000000000]
zext_ln186_1          (zext             ) [ 0100011000000]
sext_ln1494_1         (sext             ) [ 0100011000000]
zext_ln1494_1         (zext             ) [ 0100011000000]
zext_ln1494_7         (zext             ) [ 0100011000000]
FiltCoeff_3_addr      (getelementptr    ) [ 0100001000000]
ret_V                 (mul              ) [ 0100001000000]
FiltCoeff_2_load      (load             ) [ 0000000000000]
zext_ln186_2          (zext             ) [ 0100001100000]
sext_ln1494_2         (sext             ) [ 0100001100000]
ret_V_6               (mul              ) [ 0100001000000]
zext_ln1494_2         (zext             ) [ 0100001100000]
ret_V_12              (mul              ) [ 0100001000000]
zext_ln1494_8         (zext             ) [ 0100001100000]
FiltCoeff_4_addr      (getelementptr    ) [ 0100000100000]
ret_V_1               (mul              ) [ 0000000000000]
sext_ln343            (sext             ) [ 0100000100000]
FiltCoeff_3_load      (load             ) [ 0000000000000]
zext_ln186_3          (zext             ) [ 0100000110000]
sext_ln1494_3         (sext             ) [ 0100000110000]
sum_18                (add              ) [ 0000000000000]
sext_ln349_1          (sext             ) [ 0100000100000]
ret_V_7               (mul              ) [ 0000000000000]
sext_ln343_4          (sext             ) [ 0100000100000]
zext_ln1494_3         (zext             ) [ 0100000110000]
sum_23                (add              ) [ 0000000000000]
sext_ln349_5          (sext             ) [ 0100000100000]
ret_V_13              (mul              ) [ 0000000000000]
sext_ln343_8          (sext             ) [ 0100000100000]
zext_ln1494_9         (zext             ) [ 0100000110000]
sum_28                (add              ) [ 0000000000000]
sext_ln349_9          (sext             ) [ 0100000100000]
FiltCoeff_5_addr      (getelementptr    ) [ 0100000010000]
speclooptripcount_ln0 (speclooptripcount) [ 0000000000000]
ret_V_2               (mul              ) [ 0000000000000]
sext_ln343_1          (sext             ) [ 0100000010000]
FiltCoeff_4_load      (load             ) [ 0000000000000]
zext_ln186_4          (zext             ) [ 0100000011000]
sext_ln1494_4         (sext             ) [ 0100000011000]
sum_19                (add              ) [ 0000000000000]
sext_ln349_2          (sext             ) [ 0100000010000]
ret_V_8               (mul              ) [ 0000000000000]
sext_ln343_5          (sext             ) [ 0100000010000]
zext_ln1494_4         (zext             ) [ 0100000011000]
sum_24                (add              ) [ 0000000000000]
sext_ln349_6          (sext             ) [ 0100000010000]
ret_V_14              (mul              ) [ 0000000000000]
sext_ln343_9          (sext             ) [ 0100000010000]
zext_ln1494_10        (zext             ) [ 0100000011000]
sum_29                (add              ) [ 0000000000000]
sext_ln349_10         (sext             ) [ 0100000010000]
ret_V_3               (mul              ) [ 0000000000000]
sext_ln343_2          (sext             ) [ 0100000001000]
FiltCoeff_5_load      (load             ) [ 0000000000000]
zext_ln186_5          (zext             ) [ 0100000001100]
sext_ln1494_5         (sext             ) [ 0100000001100]
sum_20                (add              ) [ 0100000001000]
ret_V_9               (mul              ) [ 0000000000000]
sext_ln343_6          (sext             ) [ 0100000001000]
zext_ln1494_5         (zext             ) [ 0100000001100]
sum_25                (add              ) [ 0100000001000]
ret_V_15              (mul              ) [ 0000000000000]
sext_ln343_10         (sext             ) [ 0100000001000]
zext_ln1494_11        (zext             ) [ 0100000001100]
sum_30                (add              ) [ 0100000001000]
ret_V_4               (mul              ) [ 0000000000000]
sext_ln343_3          (sext             ) [ 0100000000100]
sum_21                (add              ) [ 0000000000000]
sext_ln349_3          (sext             ) [ 0100000000100]
ret_V_10              (mul              ) [ 0000000000000]
sext_ln343_7          (sext             ) [ 0100000000100]
sum_26                (add              ) [ 0000000000000]
sext_ln349_7          (sext             ) [ 0100000000100]
ret_V_16              (mul              ) [ 0000000000000]
sext_ln343_11         (sext             ) [ 0100000000100]
sum_31                (add              ) [ 0000000000000]
sext_ln349_11         (sext             ) [ 0100000000100]
ret_V_5               (mul              ) [ 0000000000000]
sext_ln349            (sext             ) [ 0100000000010]
sum_22                (add              ) [ 0100000000010]
ret_V_11              (mul              ) [ 0000000000000]
sext_ln349_4          (sext             ) [ 0100000000010]
sum_27                (add              ) [ 0100000000010]
ret_V_17              (mul              ) [ 0000000000000]
sext_ln349_8          (sext             ) [ 0100000000010]
sum_32                (add              ) [ 0100000000010]
sum                   (add              ) [ 0000000000000]
tmp                   (bitselect        ) [ 0000000000000]
tmp_1                 (partselect       ) [ 0000000000000]
icmp_ln352            (icmp             ) [ 0000000000000]
trunc_ln2             (partselect       ) [ 0000000000000]
xor_ln214             (xor              ) [ 0000000000000]
select_ln214_3        (select           ) [ 0000000000000]
or_ln214              (or               ) [ 0000000000000]
select_ln214          (select           ) [ 0100000000001]
sum_11                (add              ) [ 0000000000000]
tmp_2                 (bitselect        ) [ 0000000000000]
tmp_3                 (partselect       ) [ 0000000000000]
icmp_ln352_1          (icmp             ) [ 0000000000000]
trunc_ln214_1         (partselect       ) [ 0000000000000]
xor_ln214_1           (xor              ) [ 0000000000000]
select_ln214_4        (select           ) [ 0000000000000]
or_ln214_1            (or               ) [ 0000000000000]
select_ln214_1        (select           ) [ 0100000000001]
sum_17                (add              ) [ 0000000000000]
tmp_4                 (bitselect        ) [ 0000000000000]
tmp_5                 (partselect       ) [ 0000000000000]
icmp_ln352_2          (icmp             ) [ 0000000000000]
trunc_ln214_2         (partselect       ) [ 0000000000000]
xor_ln214_2           (xor              ) [ 0000000000000]
select_ln214_5        (select           ) [ 0000000000000]
or_ln214_2            (or               ) [ 0000000000000]
select_ln214_2        (select           ) [ 0100000000001]
p_0                   (bitconcatenate   ) [ 0000000000000]
write_ln327           (write            ) [ 0000000000000]
br_ln328              (br               ) [ 0000000000000]
ret_ln0               (ret              ) [ 0000000000000]
</LifeTime>

<model>

<comp_list>
<comp id="0" class="1000" name="FiltCoeff_5">
<pin_list>
<pin id="1" dir="1" index="0" bw="1" slack="0"/>
</pin_list>
<bind>
<StgValue><ssdm name="FiltCoeff_5"/><MemPortTyVec>1 </MemPortTyVec>
</StgValue>
</bind>
</comp>

<comp id="2" class="1000" name="idxprom11_i">
<pin_list>
<pin id="3" dir="1" index="0" bw="1" slack="0"/>
</pin_list>
<bind>
<StgValue><ssdm name="idxprom11_i"/></StgValue>
</bind>
</comp>

<comp id="4" class="1000" name="FiltCoeff_4">
<pin_list>
<pin id="5" dir="1" index="0" bw="1" slack="0"/>
</pin_list>
<bind>
<StgValue><ssdm name="FiltCoeff_4"/><MemPortTyVec>1 </MemPortTyVec>
</StgValue>
</bind>
</comp>

<comp id="6" class="1000" name="FiltCoeff_3">
<pin_list>
<pin id="7" dir="1" index="0" bw="1" slack="0"/>
</pin_list>
<bind>
<StgValue><ssdm name="FiltCoeff_3"/><MemPortTyVec>1 </MemPortTyVec>
</StgValue>
</bind>
</comp>

<comp id="8" class="1000" name="FiltCoeff_2">
<pin_list>
<pin id="9" dir="1" index="0" bw="1" slack="0"/>
</pin_list>
<bind>
<StgValue><ssdm name="FiltCoeff_2"/><MemPortTyVec>1 </MemPortTyVec>
</StgValue>
</bind>
</comp>

<comp id="10" class="1000" name="FiltCoeff_1">
<pin_list>
<pin id="11" dir="1" index="0" bw="1" slack="0"/>
</pin_list>
<bind>
<StgValue><ssdm name="FiltCoeff_1"/><MemPortTyVec>1 </MemPortTyVec>
</StgValue>
</bind>
</comp>

<comp id="12" class="1000" name="FiltCoeff">
<pin_list>
<pin id="13" dir="1" index="0" bw="1" slack="0"/>
</pin_list>
<bind>
<StgValue><ssdm name="FiltCoeff"/><MemPortTyVec>1 </MemPortTyVec>
</StgValue>
</bind>
</comp>

<comp id="14" class="1000" name="InPixels">
<pin_list>
<pin id="15" dir="1" index="0" bw="1" slack="0"/>
</pin_list>
<bind>
<StgValue><ssdm name="InPixels"/></StgValue>
</bind>
</comp>

<comp id="16" class="1000" name="OutputWriteEn_1">
<pin_list>
<pin id="17" dir="1" index="0" bw="1" slack="0"/>
</pin_list>
<bind>
<StgValue><ssdm name="OutputWriteEn_1"/></StgValue>
</bind>
</comp>

<comp id="18" class="1000" name="LineBuf_val_V_5">
<pin_list>
<pin id="19" dir="1" index="0" bw="1" slack="0"/>
</pin_list>
<bind>
<StgValue><ssdm name="LineBuf_val_V_5"/><MemPortTyVec>0 1 </MemPortTyVec>
</StgValue>
</bind>
</comp>

<comp id="20" class="1000" name="LineBuf_val_V_4">
<pin_list>
<pin id="21" dir="1" index="0" bw="1" slack="0"/>
</pin_list>
<bind>
<StgValue><ssdm name="LineBuf_val_V_4"/><MemPortTyVec>0 1 </MemPortTyVec>
</StgValue>
</bind>
</comp>

<comp id="22" class="1000" name="LineBuf_val_V_3">
<pin_list>
<pin id="23" dir="1" index="0" bw="1" slack="0"/>
</pin_list>
<bind>
<StgValue><ssdm name="LineBuf_val_V_3"/><MemPortTyVec>0 1 </MemPortTyVec>
</StgValue>
</bind>
</comp>

<comp id="24" class="1000" name="LineBuf_val_V_2">
<pin_list>
<pin id="25" dir="1" index="0" bw="1" slack="0"/>
</pin_list>
<bind>
<StgValue><ssdm name="LineBuf_val_V_2"/><MemPortTyVec>0 1 </MemPortTyVec>
</StgValue>
</bind>
</comp>

<comp id="26" class="1000" name="LineBuf_val_V_1">
<pin_list>
<pin id="27" dir="1" index="0" bw="1" slack="0"/>
</pin_list>
<bind>
<StgValue><ssdm name="LineBuf_val_V_1"/><MemPortTyVec>0 1 </MemPortTyVec>
</StgValue>
</bind>
</comp>

<comp id="28" class="1000" name="LineBuf_val_V">
<pin_list>
<pin id="29" dir="1" index="0" bw="1" slack="0"/>
</pin_list>
<bind>
<StgValue><ssdm name="LineBuf_val_V"/><MemPortTyVec>2 3 </MemPortTyVec>
</StgValue>
</bind>
</comp>

<comp id="30" class="1000" name="brmerge">
<pin_list>
<pin id="31" dir="1" index="0" bw="1" slack="0"/>
</pin_list>
<bind>
<StgValue><ssdm name="brmerge"/></StgValue>
</bind>
</comp>

<comp id="32" class="1000" name="cmp159">
<pin_list>
<pin id="33" dir="1" index="0" bw="1" slack="0"/>
</pin_list>
<bind>
<StgValue><ssdm name="cmp159"/></StgValue>
</bind>
</comp>

<comp id="34" class="1000" name="cmp119">
<pin_list>
<pin id="35" dir="1" index="0" bw="1" slack="0"/>
</pin_list>
<bind>
<StgValue><ssdm name="cmp119"/></StgValue>
</bind>
</comp>

<comp id="36" class="1000" name="SrcYUV422">
<pin_list>
<pin id="37" dir="1" index="0" bw="1" slack="0"/>
</pin_list>
<bind>
<StgValue><ssdm name="SrcYUV422"/></StgValue>
</bind>
</comp>

<comp id="38" class="1000" name="OutYUV">
<pin_list>
<pin id="39" dir="1" index="0" bw="1" slack="0"/>
</pin_list>
<bind>
<StgValue><ssdm name="OutYUV"/></StgValue>
</bind>
</comp>

<comp id="40" class="1001" name="const_40">
<pin_list>
<pin id="41" dir="1" index="0" bw="1" slack="0"/>
</pin_list>
<bind>
<StgValue><ssdm name=""/></StgValue>
</bind>
</comp>

<comp id="42" class="1001" name="const_42">
<pin_list>
<pin id="43" dir="1" index="0" bw="1" slack="0"/>
</pin_list>
<bind>
<StgValue><ssdm name="_ssdm_op_Read.ap_auto.i1"/></StgValue>
</bind>
</comp>

<comp id="44" class="1001" name="const_44">
<pin_list>
<pin id="45" dir="1" index="0" bw="1" slack="0"/>
</pin_list>
<bind>
<StgValue><ssdm name="_ssdm_op_Read.ap_auto.i11"/></StgValue>
</bind>
</comp>

<comp id="46" class="1001" name="const_46">
<pin_list>
<pin id="47" dir="1" index="0" bw="1" slack="0"/>
</pin_list>
<bind>
<StgValue><ssdm name="_ssdm_op_Read.ap_auto.i6"/></StgValue>
</bind>
</comp>

<comp id="48" class="1001" name="const_48">
<pin_list>
<pin id="49" dir="1" index="0" bw="1" slack="2147483647"/>
</pin_list>
<bind>
<StgValue><ssdm name="_ssdm_op_SpecMemCore"/></StgValue>
</bind>
</comp>

<comp id="50" class="1001" name="const_50">
<pin_list>
<pin id="51" dir="1" index="0" bw="1" slack="2147483647"/>
</pin_list>
<bind>
<StgValue><ssdm name=""/></StgValue>
</bind>
</comp>

<comp id="52" class="1001" name="const_52">
<pin_list>
<pin id="53" dir="1" index="0" bw="1" slack="2147483647"/>
</pin_list>
<bind>
<StgValue><ssdm name=""/></StgValue>
</bind>
</comp>

<comp id="54" class="1001" name="const_54">
<pin_list>
<pin id="55" dir="1" index="0" bw="1" slack="2147483647"/>
</pin_list>
<bind>
<StgValue><ssdm name=""/></StgValue>
</bind>
</comp>

<comp id="56" class="1001" name="const_56">
<pin_list>
<pin id="57" dir="1" index="0" bw="1" slack="2147483647"/>
</pin_list>
<bind>
<StgValue><ssdm name="_ssdm_op_SpecInterface"/></StgValue>
</bind>
</comp>

<comp id="58" class="1001" name="const_58">
<pin_list>
<pin id="59" dir="1" index="0" bw="1" slack="2147483647"/>
</pin_list>
<bind>
<StgValue><ssdm name="empty_7"/></StgValue>
</bind>
</comp>

<comp id="60" class="1001" name="const_60">
<pin_list>
<pin id="61" dir="1" index="0" bw="1" slack="2147483647"/>
</pin_list>
<bind>
<StgValue><ssdm name=""/></StgValue>
</bind>
</comp>

<comp id="62" class="1001" name="const_62">
<pin_list>
<pin id="63" dir="1" index="0" bw="1" slack="2147483647"/>
</pin_list>
<bind>
<StgValue><ssdm name="empty_0"/></StgValue>
</bind>
</comp>

<comp id="64" class="1001" name="const_64">
<pin_list>
<pin id="65" dir="1" index="0" bw="1" slack="2147483647"/>
</pin_list>
<bind>
<StgValue><ssdm name=""/></StgValue>
</bind>
</comp>

<comp id="66" class="1001" name="const_66">
<pin_list>
<pin id="67" dir="1" index="0" bw="1" slack="0"/>
</pin_list>
<bind>
<StgValue><ssdm name=""/></StgValue>
</bind>
</comp>

<comp id="68" class="1001" name="const_68">
<pin_list>
<pin id="69" dir="1" index="0" bw="1" slack="0"/>
</pin_list>
<bind>
<StgValue><ssdm name=""/></StgValue>
</bind>
</comp>

<comp id="70" class="1001" name="const_70">
<pin_list>
<pin id="71" dir="1" index="0" bw="1" slack="0"/>
</pin_list>
<bind>
<StgValue><ssdm name=""/></StgValue>
</bind>
</comp>

<comp id="72" class="1001" name="const_72">
<pin_list>
<pin id="73" dir="1" index="0" bw="1" slack="0"/>
</pin_list>
<bind>
<StgValue><ssdm name="_ssdm_op_Read.ap_fifo.volatile.i24P0A"/></StgValue>
</bind>
</comp>

<comp id="74" class="1001" name="const_74">
<pin_list>
<pin id="75" dir="1" index="0" bw="1" slack="0"/>
</pin_list>
<bind>
<StgValue><ssdm name="_ssdm_op_PartSelect.i8.i24.i32.i32"/></StgValue>
</bind>
</comp>

<comp id="76" class="1001" name="const_76">
<pin_list>
<pin id="77" dir="1" index="0" bw="1" slack="0"/>
</pin_list>
<bind>
<StgValue><ssdm name=""/></StgValue>
</bind>
</comp>

<comp id="78" class="1001" name="const_78">
<pin_list>
<pin id="79" dir="1" index="0" bw="1" slack="0"/>
</pin_list>
<bind>
<StgValue><ssdm name=""/></StgValue>
</bind>
</comp>

<comp id="80" class="1001" name="const_80">
<pin_list>
<pin id="81" dir="1" index="0" bw="1" slack="0"/>
</pin_list>
<bind>
<StgValue><ssdm name=""/></StgValue>
</bind>
</comp>

<comp id="82" class="1001" name="const_82">
<pin_list>
<pin id="83" dir="1" index="0" bw="1" slack="0"/>
</pin_list>
<bind>
<StgValue><ssdm name=""/></StgValue>
</bind>
</comp>

<comp id="84" class="1001" name="const_84">
<pin_list>
<pin id="85" dir="1" index="0" bw="1" slack="2147483647"/>
</pin_list>
<bind>
<StgValue><ssdm name="_ssdm_op_SpecPipeline"/></StgValue>
</bind>
</comp>

<comp id="86" class="1001" name="const_86">
<pin_list>
<pin id="87" dir="1" index="0" bw="1" slack="2147483647"/>
</pin_list>
<bind>
<StgValue><ssdm name="_ssdm_op_SpecLoopName"/></StgValue>
</bind>
</comp>

<comp id="88" class="1001" name="const_88">
<pin_list>
<pin id="89" dir="1" index="0" bw="1" slack="2147483647"/>
</pin_list>
<bind>
<StgValue><ssdm name="empty_11"/></StgValue>
</bind>
</comp>

<comp id="90" class="1001" name="const_90">
<pin_list>
<pin id="91" dir="1" index="0" bw="1" slack="0"/>
</pin_list>
<bind>
<StgValue><ssdm name="_ssdm_op_BitConcatenate.i24.i8.i8.i8"/></StgValue>
</bind>
</comp>

<comp id="92" class="1001" name="const_92">
<pin_list>
<pin id="93" dir="1" index="0" bw="1" slack="0"/>
</pin_list>
<bind>
<StgValue><ssdm name=""/></StgValue>
</bind>
</comp>

<comp id="94" class="1001" name="const_94">
<pin_list>
<pin id="95" dir="1" index="0" bw="1" slack="2147483647"/>
</pin_list>
<bind>
<StgValue><ssdm name="_ssdm_op_SpecLoopTripCount"/></StgValue>
</bind>
</comp>

<comp id="96" class="1001" name="const_96">
<pin_list>
<pin id="97" dir="1" index="0" bw="1" slack="2147483647"/>
</pin_list>
<bind>
<StgValue><ssdm name=""/></StgValue>
</bind>
</comp>

<comp id="98" class="1001" name="const_98">
<pin_list>
<pin id="99" dir="1" index="0" bw="1" slack="0"/>
</pin_list>
<bind>
<StgValue><ssdm name="_ssdm_op_BitSelect.i1.i27.i32"/></StgValue>
</bind>
</comp>

<comp id="100" class="1001" name="const_100">
<pin_list>
<pin id="101" dir="1" index="0" bw="1" slack="0"/>
</pin_list>
<bind>
<StgValue><ssdm name=""/></StgValue>
</bind>
</comp>

<comp id="102" class="1001" name="const_102">
<pin_list>
<pin id="103" dir="1" index="0" bw="1" slack="0"/>
</pin_list>
<bind>
<StgValue><ssdm name="_ssdm_op_PartSelect.i7.i27.i32.i32"/></StgValue>
</bind>
</comp>

<comp id="104" class="1001" name="const_104">
<pin_list>
<pin id="105" dir="1" index="0" bw="1" slack="0"/>
</pin_list>
<bind>
<StgValue><ssdm name=""/></StgValue>
</bind>
</comp>

<comp id="106" class="1001" name="const_106">
<pin_list>
<pin id="107" dir="1" index="0" bw="1" slack="0"/>
</pin_list>
<bind>
<StgValue><ssdm name=""/></StgValue>
</bind>
</comp>

<comp id="108" class="1001" name="const_108">
<pin_list>
<pin id="109" dir="1" index="0" bw="1" slack="0"/>
</pin_list>
<bind>
<StgValue><ssdm name="_ssdm_op_PartSelect.i8.i27.i32.i32"/></StgValue>
</bind>
</comp>

<comp id="110" class="1001" name="const_110">
<pin_list>
<pin id="111" dir="1" index="0" bw="1" slack="0"/>
</pin_list>
<bind>
<StgValue><ssdm name=""/></StgValue>
</bind>
</comp>

<comp id="112" class="1001" name="const_112">
<pin_list>
<pin id="113" dir="1" index="0" bw="1" slack="0"/>
</pin_list>
<bind>
<StgValue><ssdm name=""/></StgValue>
</bind>
</comp>

<comp id="114" class="1001" name="const_114">
<pin_list>
<pin id="115" dir="1" index="0" bw="1" slack="0"/>
</pin_list>
<bind>
<StgValue><ssdm name=""/></StgValue>
</bind>
</comp>

<comp id="116" class="1001" name="const_116">
<pin_list>
<pin id="117" dir="1" index="0" bw="1" slack="0"/>
</pin_list>
<bind>
<StgValue><ssdm name=""/></StgValue>
</bind>
</comp>

<comp id="118" class="1001" name="const_118">
<pin_list>
<pin id="119" dir="1" index="0" bw="1" slack="0"/>
</pin_list>
<bind>
<StgValue><ssdm name=""/></StgValue>
</bind>
</comp>

<comp id="120" class="1001" name="const_120">
<pin_list>
<pin id="121" dir="1" index="0" bw="1" slack="0"/>
</pin_list>
<bind>
<StgValue><ssdm name="_ssdm_op_Write.ap_fifo.volatile.i24P0A"/></StgValue>
</bind>
</comp>

<comp id="122" class="1004" name="x_fu_122">
<pin_list>
<pin id="123" dir="0" index="0" bw="1" slack="0"/>
<pin id="124" dir="1" index="1" bw="11" slack="0"/>
</pin_list>
<bind>
<opcode="alloca(26) " fcode="alloca"/>
<opset="x/1 "/>
</bind>
</comp>

<comp id="126" class="1004" name="cmp119_read_read_fu_126">
<pin_list>
<pin id="127" dir="0" index="0" bw="1" slack="0"/>
<pin id="128" dir="0" index="1" bw="1" slack="0"/>
<pin id="129" dir="1" index="2" bw="1" slack="1"/>
</pin_list>
<bind>
<opcode="read(1150) " fcode="read"/>
<opset="cmp119_read/1 "/>
</bind>
</comp>

<comp id="132" class="1004" name="cmp159_read_read_fu_132">
<pin_list>
<pin id="133" dir="0" index="0" bw="1" slack="0"/>
<pin id="134" dir="0" index="1" bw="1" slack="0"/>
<pin id="135" dir="1" index="2" bw="1" slack="2"/>
</pin_list>
<bind>
<opcode="read(1150) " fcode="read"/>
<opset="cmp159_read/1 "/>
</bind>
</comp>

<comp id="138" class="1004" name="brmerge_read_read_fu_138">
<pin_list>
<pin id="139" dir="0" index="0" bw="1" slack="0"/>
<pin id="140" dir="0" index="1" bw="1" slack="0"/>
<pin id="141" dir="1" index="2" bw="1" slack="1"/>
</pin_list>
<bind>
<opcode="read(1150) " fcode="read"/>
<opset="brmerge_read/1 "/>
</bind>
</comp>

<comp id="144" class="1004" name="OutputWriteEn_1_read_read_fu_144">
<pin_list>
<pin id="145" dir="0" index="0" bw="1" slack="0"/>
<pin id="146" dir="0" index="1" bw="1" slack="0"/>
<pin id="147" dir="1" index="2" bw="1" slack="1"/>
</pin_list>
<bind>
<opcode="read(1150) " fcode="read"/>
<opset="OutputWriteEn_1_read/1 "/>
</bind>
</comp>

<comp id="150" class="1004" name="InPixels_read_read_fu_150">
<pin_list>
<pin id="151" dir="0" index="0" bw="11" slack="0"/>
<pin id="152" dir="0" index="1" bw="11" slack="0"/>
<pin id="153" dir="1" index="2" bw="11" slack="0"/>
</pin_list>
<bind>
<opcode="read(1150) " fcode="read"/>
<opset="InPixels_read/1 "/>
</bind>
</comp>

<comp id="156" class="1004" name="idxprom11_i_read_read_fu_156">
<pin_list>
<pin id="157" dir="0" index="0" bw="6" slack="0"/>
<pin id="158" dir="0" index="1" bw="6" slack="0"/>
<pin id="159" dir="1" index="2" bw="6" slack="0"/>
</pin_list>
<bind>
<opcode="read(1150) " fcode="read"/>
<opset="idxprom11_i_read/1 "/>
</bind>
</comp>

<comp id="162" class="1004" name="p_Result_5_read_fu_162">
<pin_list>
<pin id="163" dir="0" index="0" bw="24" slack="0"/>
<pin id="164" dir="0" index="1" bw="24" slack="0"/>
<pin id="165" dir="1" index="2" bw="24" slack="0"/>
</pin_list>
<bind>
<opcode="read(1150) " fcode="read"/>
<opset="p_Result_5/2 "/>
</bind>
</comp>

<comp id="168" class="1004" name="write_ln327_write_fu_168">
<pin_list>
<pin id="169" dir="0" index="0" bw="0" slack="0"/>
<pin id="170" dir="0" index="1" bw="24" slack="0"/>
<pin id="171" dir="0" index="2" bw="24" slack="0"/>
<pin id="172" dir="1" index="3" bw="0" slack="2147483647"/>
</pin_list>
<bind>
<opcode="write(1151) " fcode="write"/>
<opset="write_ln327/12 "/>
</bind>
</comp>

<comp id="175" class="1004" name="FiltCoeff_addr_gep_fu_175">
<pin_list>
<pin id="176" dir="0" index="0" bw="16" slack="0"/>
<pin id="177" dir="0" index="1" bw="1" slack="0"/>
<pin id="178" dir="0" index="2" bw="6" slack="1"/>
<pin id="179" dir="1" index="3" bw="6" slack="0"/>
</pin_list>
<bind>
<opcode="getelementptr(29) " fcode="getelementptr"/>
<opset="FiltCoeff_addr/2 "/>
</bind>
</comp>

<comp id="182" class="1004" name="LineBuf_val_V_addr_gep_fu_182">
<pin_list>
<pin id="183" dir="0" index="0" bw="24" slack="0"/>
<pin id="184" dir="0" index="1" bw="1" slack="0"/>
<pin id="185" dir="0" index="2" bw="11" slack="0"/>
<pin id="186" dir="1" index="3" bw="11" slack="0"/>
</pin_list>
<bind>
<opcode="getelementptr(29) " fcode="getelementptr"/>
<opset="LineBuf_val_V_addr/2 "/>
</bind>
</comp>

<comp id="189" class="1004" name="grp_access_fu_189">
<pin_list>
<pin id="190" dir="0" index="0" bw="11" slack="0"/>
<pin id="191" dir="0" index="1" bw="24" slack="0"/>
<pin id="192" dir="0" index="2" bw="0" slack="2147483647"/>
<pin id="193" dir="1" index="3" bw="24" slack="0"/>
</pin_list>
<bind>
<opcode="load(27) store(28) " fcode="store"/>
<opset="LineBufVal_V_5/2 store_ln798/2 "/>
</bind>
</comp>

<comp id="195" class="1004" name="LineBuf_val_V_1_addr_gep_fu_195">
<pin_list>
<pin id="196" dir="0" index="0" bw="24" slack="0"/>
<pin id="197" dir="0" index="1" bw="1" slack="0"/>
<pin id="198" dir="0" index="2" bw="11" slack="0"/>
<pin id="199" dir="1" index="3" bw="11" slack="0"/>
</pin_list>
<bind>
<opcode="getelementptr(29) " fcode="getelementptr"/>
<opset="LineBuf_val_V_1_addr/2 "/>
</bind>
</comp>

<comp id="202" class="1004" name="grp_access_fu_202">
<pin_list>
<pin id="203" dir="0" index="0" bw="11" slack="1"/>
<pin id="204" dir="0" index="1" bw="24" slack="0"/>
<pin id="205" dir="0" index="2" bw="0" slack="0"/>
<pin id="207" dir="0" index="4" bw="11" slack="2147483647"/>
<pin id="208" dir="0" index="5" bw="24" slack="2147483647"/>
<pin id="209" dir="0" index="6" bw="0" slack="2147483647"/>
<pin id="206" dir="1" index="3" bw="24" slack="2147483647"/>
<pin id="210" dir="1" index="7" bw="24" slack="0"/>
</pin_list>
<bind>
<opcode="load(27) store(28) " fcode="store"/>
<opset="LineBufVal_V_6/2 store_ln315/3 "/>
</bind>
</comp>

<comp id="212" class="1004" name="LineBuf_val_V_2_addr_gep_fu_212">
<pin_list>
<pin id="213" dir="0" index="0" bw="24" slack="0"/>
<pin id="214" dir="0" index="1" bw="1" slack="0"/>
<pin id="215" dir="0" index="2" bw="11" slack="0"/>
<pin id="216" dir="1" index="3" bw="11" slack="0"/>
</pin_list>
<bind>
<opcode="getelementptr(29) " fcode="getelementptr"/>
<opset="LineBuf_val_V_2_addr/2 "/>
</bind>
</comp>

<comp id="219" class="1004" name="grp_access_fu_219">
<pin_list>
<pin id="220" dir="0" index="0" bw="11" slack="1"/>
<pin id="221" dir="0" index="1" bw="24" slack="0"/>
<pin id="222" dir="0" index="2" bw="0" slack="0"/>
<pin id="224" dir="0" index="4" bw="11" slack="2147483647"/>
<pin id="225" dir="0" index="5" bw="24" slack="2147483647"/>
<pin id="226" dir="0" index="6" bw="0" slack="2147483647"/>
<pin id="223" dir="1" index="3" bw="24" slack="2147483647"/>
<pin id="227" dir="1" index="7" bw="24" slack="0"/>
</pin_list>
<bind>
<opcode="load(27) store(28) " fcode="store"/>
<opset="LineBufVal_V_7/2 store_ln315/3 "/>
</bind>
</comp>

<comp id="229" class="1004" name="LineBuf_val_V_3_addr_gep_fu_229">
<pin_list>
<pin id="230" dir="0" index="0" bw="24" slack="0"/>
<pin id="231" dir="0" index="1" bw="1" slack="0"/>
<pin id="232" dir="0" index="2" bw="11" slack="0"/>
<pin id="233" dir="1" index="3" bw="11" slack="0"/>
</pin_list>
<bind>
<opcode="getelementptr(29) " fcode="getelementptr"/>
<opset="LineBuf_val_V_3_addr/2 "/>
</bind>
</comp>

<comp id="236" class="1004" name="grp_access_fu_236">
<pin_list>
<pin id="237" dir="0" index="0" bw="11" slack="1"/>
<pin id="238" dir="0" index="1" bw="24" slack="0"/>
<pin id="239" dir="0" index="2" bw="0" slack="0"/>
<pin id="241" dir="0" index="4" bw="11" slack="2147483647"/>
<pin id="242" dir="0" index="5" bw="24" slack="2147483647"/>
<pin id="243" dir="0" index="6" bw="0" slack="2147483647"/>
<pin id="240" dir="1" index="3" bw="24" slack="2147483647"/>
<pin id="244" dir="1" index="7" bw="24" slack="0"/>
</pin_list>
<bind>
<opcode="load(27) store(28) " fcode="store"/>
<opset="LineBufVal_V_8/2 store_ln315/3 "/>
</bind>
</comp>

<comp id="246" class="1004" name="LineBuf_val_V_4_addr_gep_fu_246">
<pin_list>
<pin id="247" dir="0" index="0" bw="24" slack="0"/>
<pin id="248" dir="0" index="1" bw="1" slack="0"/>
<pin id="249" dir="0" index="2" bw="11" slack="0"/>
<pin id="250" dir="1" index="3" bw="11" slack="0"/>
</pin_list>
<bind>
<opcode="getelementptr(29) " fcode="getelementptr"/>
<opset="LineBuf_val_V_4_addr/2 "/>
</bind>
</comp>

<comp id="253" class="1004" name="grp_access_fu_253">
<pin_list>
<pin id="254" dir="0" index="0" bw="11" slack="1"/>
<pin id="255" dir="0" index="1" bw="24" slack="0"/>
<pin id="256" dir="0" index="2" bw="0" slack="0"/>
<pin id="258" dir="0" index="4" bw="11" slack="2147483647"/>
<pin id="259" dir="0" index="5" bw="24" slack="2147483647"/>
<pin id="260" dir="0" index="6" bw="0" slack="2147483647"/>
<pin id="257" dir="1" index="3" bw="24" slack="2147483647"/>
<pin id="261" dir="1" index="7" bw="24" slack="0"/>
</pin_list>
<bind>
<opcode="load(27) store(28) " fcode="store"/>
<opset="LineBufVal_V_9/2 store_ln315/3 "/>
</bind>
</comp>

<comp id="263" class="1004" name="LineBuf_val_V_5_addr_gep_fu_263">
<pin_list>
<pin id="264" dir="0" index="0" bw="24" slack="0"/>
<pin id="265" dir="0" index="1" bw="1" slack="0"/>
<pin id="266" dir="0" index="2" bw="11" slack="0"/>
<pin id="267" dir="1" index="3" bw="11" slack="0"/>
</pin_list>
<bind>
<opcode="getelementptr(29) " fcode="getelementptr"/>
<opset="LineBuf_val_V_5_addr/2 "/>
</bind>
</comp>

<comp id="270" class="1004" name="grp_access_fu_270">
<pin_list>
<pin id="271" dir="0" index="0" bw="11" slack="1"/>
<pin id="272" dir="0" index="1" bw="24" slack="0"/>
<pin id="273" dir="0" index="2" bw="0" slack="0"/>
<pin id="275" dir="0" index="4" bw="11" slack="2147483647"/>
<pin id="276" dir="0" index="5" bw="24" slack="2147483647"/>
<pin id="277" dir="0" index="6" bw="0" slack="2147483647"/>
<pin id="274" dir="1" index="3" bw="24" slack="2147483647"/>
<pin id="278" dir="1" index="7" bw="24" slack="0"/>
</pin_list>
<bind>
<opcode="load(27) store(28) " fcode="store"/>
<opset="LineBufVal_V_10/2 store_ln315/3 "/>
</bind>
</comp>

<comp id="281" class="1004" name="grp_access_fu_281">
<pin_list>
<pin id="282" dir="0" index="0" bw="6" slack="0"/>
<pin id="283" dir="0" index="1" bw="16" slack="2147483647"/>
<pin id="284" dir="0" index="2" bw="0" slack="2147483647"/>
<pin id="285" dir="1" index="3" bw="16" slack="0"/>
</pin_list>
<bind>
<opcode="load(27) " fcode="load"/>
<opset="FiltCoeff_load/2 "/>
</bind>
</comp>

<comp id="287" class="1004" name="FiltCoeff_1_addr_gep_fu_287">
<pin_list>
<pin id="288" dir="0" index="0" bw="16" slack="0"/>
<pin id="289" dir="0" index="1" bw="1" slack="0"/>
<pin id="290" dir="0" index="2" bw="6" slack="2"/>
<pin id="291" dir="1" index="3" bw="6" slack="0"/>
</pin_list>
<bind>
<opcode="getelementptr(29) " fcode="getelementptr"/>
<opset="FiltCoeff_1_addr/3 "/>
</bind>
</comp>

<comp id="294" class="1004" name="grp_access_fu_294">
<pin_list>
<pin id="295" dir="0" index="0" bw="6" slack="0"/>
<pin id="296" dir="0" index="1" bw="16" slack="2147483647"/>
<pin id="297" dir="0" index="2" bw="0" slack="2147483647"/>
<pin id="298" dir="1" index="3" bw="16" slack="0"/>
</pin_list>
<bind>
<opcode="load(27) " fcode="load"/>
<opset="FiltCoeff_1_load/3 "/>
</bind>
</comp>

<comp id="300" class="1004" name="FiltCoeff_2_addr_gep_fu_300">
<pin_list>
<pin id="301" dir="0" index="0" bw="16" slack="0"/>
<pin id="302" dir="0" index="1" bw="1" slack="0"/>
<pin id="303" dir="0" index="2" bw="6" slack="3"/>
<pin id="304" dir="1" index="3" bw="6" slack="0"/>
</pin_list>
<bind>
<opcode="getelementptr(29) " fcode="getelementptr"/>
<opset="FiltCoeff_2_addr/4 "/>
</bind>
</comp>

<comp id="307" class="1004" name="grp_access_fu_307">
<pin_list>
<pin id="308" dir="0" index="0" bw="6" slack="0"/>
<pin id="309" dir="0" index="1" bw="16" slack="2147483647"/>
<pin id="310" dir="0" index="2" bw="0" slack="2147483647"/>
<pin id="311" dir="1" index="3" bw="16" slack="0"/>
</pin_list>
<bind>
<opcode="load(27) " fcode="load"/>
<opset="FiltCoeff_2_load/4 "/>
</bind>
</comp>

<comp id="313" class="1004" name="FiltCoeff_3_addr_gep_fu_313">
<pin_list>
<pin id="314" dir="0" index="0" bw="16" slack="0"/>
<pin id="315" dir="0" index="1" bw="1" slack="0"/>
<pin id="316" dir="0" index="2" bw="6" slack="4"/>
<pin id="317" dir="1" index="3" bw="6" slack="0"/>
</pin_list>
<bind>
<opcode="getelementptr(29) " fcode="getelementptr"/>
<opset="FiltCoeff_3_addr/5 "/>
</bind>
</comp>

<comp id="320" class="1004" name="grp_access_fu_320">
<pin_list>
<pin id="321" dir="0" index="0" bw="6" slack="0"/>
<pin id="322" dir="0" index="1" bw="16" slack="2147483647"/>
<pin id="323" dir="0" index="2" bw="0" slack="2147483647"/>
<pin id="324" dir="1" index="3" bw="16" slack="0"/>
</pin_list>
<bind>
<opcode="load(27) " fcode="load"/>
<opset="FiltCoeff_3_load/5 "/>
</bind>
</comp>

<comp id="326" class="1004" name="FiltCoeff_4_addr_gep_fu_326">
<pin_list>
<pin id="327" dir="0" index="0" bw="16" slack="0"/>
<pin id="328" dir="0" index="1" bw="1" slack="0"/>
<pin id="329" dir="0" index="2" bw="6" slack="5"/>
<pin id="330" dir="1" index="3" bw="6" slack="0"/>
</pin_list>
<bind>
<opcode="getelementptr(29) " fcode="getelementptr"/>
<opset="FiltCoeff_4_addr/6 "/>
</bind>
</comp>

<comp id="333" class="1004" name="grp_access_fu_333">
<pin_list>
<pin id="334" dir="0" index="0" bw="6" slack="0"/>
<pin id="335" dir="0" index="1" bw="16" slack="2147483647"/>
<pin id="336" dir="0" index="2" bw="0" slack="2147483647"/>
<pin id="337" dir="1" index="3" bw="16" slack="0"/>
</pin_list>
<bind>
<opcode="load(27) " fcode="load"/>
<opset="FiltCoeff_4_load/6 "/>
</bind>
</comp>

<comp id="339" class="1004" name="FiltCoeff_5_addr_gep_fu_339">
<pin_list>
<pin id="340" dir="0" index="0" bw="16" slack="0"/>
<pin id="341" dir="0" index="1" bw="1" slack="0"/>
<pin id="342" dir="0" index="2" bw="6" slack="6"/>
<pin id="343" dir="1" index="3" bw="6" slack="0"/>
</pin_list>
<bind>
<opcode="getelementptr(29) " fcode="getelementptr"/>
<opset="FiltCoeff_5_addr/7 "/>
</bind>
</comp>

<comp id="346" class="1004" name="grp_access_fu_346">
<pin_list>
<pin id="347" dir="0" index="0" bw="6" slack="0"/>
<pin id="348" dir="0" index="1" bw="16" slack="2147483647"/>
<pin id="349" dir="0" index="2" bw="0" slack="2147483647"/>
<pin id="350" dir="1" index="3" bw="16" slack="0"/>
</pin_list>
<bind>
<opcode="load(27) " fcode="load"/>
<opset="FiltCoeff_5_load/7 "/>
</bind>
</comp>

<comp id="352" class="1005" name="PixArray_val_V_23_reg_352">
<pin_list>
<pin id="353" dir="0" index="0" bw="8" slack="1"/>
<pin id="354" dir="1" index="1" bw="8" slack="1"/>
</pin_list>
<bind>
<opset="PixArray_val_V_23 (phireg) "/>
</bind>
</comp>

<comp id="355" class="1004" name="PixArray_val_V_23_phi_fu_355">
<pin_list>
<pin id="356" dir="0" index="0" bw="8" slack="1"/>
<pin id="357" dir="0" index="1" bw="0" slack="2147483647"/>
<pin id="358" dir="0" index="2" bw="8" slack="0"/>
<pin id="359" dir="0" index="3" bw="0" slack="2147483647"/>
<pin id="360" dir="1" index="4" bw="8" slack="0"/>
</pin_list>
<bind>
<opcode="phi(47) " fcode="phi"/>
<opset="PixArray_val_V_23/3 "/>
</bind>
</comp>

<comp id="362" class="1005" name="PixArray_val_V_22_reg_362">
<pin_list>
<pin id="363" dir="0" index="0" bw="8" slack="1"/>
<pin id="364" dir="1" index="1" bw="8" slack="1"/>
</pin_list>
<bind>
<opset="PixArray_val_V_22 (phireg) "/>
</bind>
</comp>

<comp id="365" class="1004" name="PixArray_val_V_22_phi_fu_365">
<pin_list>
<pin id="366" dir="0" index="0" bw="8" slack="1"/>
<pin id="367" dir="0" index="1" bw="0" slack="2147483647"/>
<pin id="368" dir="0" index="2" bw="8" slack="0"/>
<pin id="369" dir="0" index="3" bw="0" slack="2147483647"/>
<pin id="370" dir="1" index="4" bw="8" slack="0"/>
</pin_list>
<bind>
<opcode="phi(47) " fcode="phi"/>
<opset="PixArray_val_V_22/3 "/>
</bind>
</comp>

<comp id="372" class="1005" name="PixArray_val_V_21_reg_372">
<pin_list>
<pin id="373" dir="0" index="0" bw="8" slack="1"/>
<pin id="374" dir="1" index="1" bw="8" slack="1"/>
</pin_list>
<bind>
<opset="PixArray_val_V_21 (phireg) "/>
</bind>
</comp>

<comp id="375" class="1004" name="PixArray_val_V_21_phi_fu_375">
<pin_list>
<pin id="376" dir="0" index="0" bw="8" slack="1"/>
<pin id="377" dir="0" index="1" bw="0" slack="2147483647"/>
<pin id="378" dir="0" index="2" bw="8" slack="0"/>
<pin id="379" dir="0" index="3" bw="0" slack="2147483647"/>
<pin id="380" dir="1" index="4" bw="8" slack="0"/>
</pin_list>
<bind>
<opcode="phi(47) " fcode="phi"/>
<opset="PixArray_val_V_21/3 "/>
</bind>
</comp>

<comp id="382" class="1005" name="PixArray_val_V_25_reg_382">
<pin_list>
<pin id="383" dir="0" index="0" bw="8" slack="2147483647"/>
<pin id="384" dir="1" index="1" bw="8" slack="2147483647"/>
</pin_list>
<bind>
<opset="PixArray_val_V_25 (phireg) "/>
</bind>
</comp>

<comp id="385" class="1004" name="PixArray_val_V_25_phi_fu_385">
<pin_list>
<pin id="386" dir="0" index="0" bw="8" slack="0"/>
<pin id="387" dir="0" index="1" bw="0" slack="2147483647"/>
<pin id="388" dir="0" index="2" bw="8" slack="0"/>
<pin id="389" dir="0" index="3" bw="0" slack="2147483647"/>
<pin id="390" dir="1" index="4" bw="8" slack="0"/>
</pin_list>
<bind>
<opcode="phi(47) " fcode="phi"/>
<opset="PixArray_val_V_25/3 "/>
</bind>
</comp>

<comp id="391" class="1005" name="PixArray_val_V_24_reg_391">
<pin_list>
<pin id="392" dir="0" index="0" bw="8" slack="2147483647"/>
<pin id="393" dir="1" index="1" bw="8" slack="2147483647"/>
</pin_list>
<bind>
<opset="PixArray_val_V_24 (phireg) "/>
</bind>
</comp>

<comp id="394" class="1004" name="PixArray_val_V_24_phi_fu_394">
<pin_list>
<pin id="395" dir="0" index="0" bw="8" slack="0"/>
<pin id="396" dir="0" index="1" bw="0" slack="2147483647"/>
<pin id="397" dir="0" index="2" bw="8" slack="0"/>
<pin id="398" dir="0" index="3" bw="0" slack="2147483647"/>
<pin id="399" dir="1" index="4" bw="8" slack="0"/>
</pin_list>
<bind>
<opcode="phi(47) " fcode="phi"/>
<opset="PixArray_val_V_24/3 "/>
</bind>
</comp>

<comp id="400" class="1005" name="PixArray_val_V_reg_400">
<pin_list>
<pin id="401" dir="0" index="0" bw="8" slack="2147483647"/>
<pin id="402" dir="1" index="1" bw="8" slack="2147483647"/>
</pin_list>
<bind>
<opset="PixArray_val_V (phireg) "/>
</bind>
</comp>

<comp id="403" class="1004" name="PixArray_val_V_phi_fu_403">
<pin_list>
<pin id="404" dir="0" index="0" bw="8" slack="0"/>
<pin id="405" dir="0" index="1" bw="0" slack="2147483647"/>
<pin id="406" dir="0" index="2" bw="8" slack="0"/>
<pin id="407" dir="0" index="3" bw="0" slack="2147483647"/>
<pin id="408" dir="1" index="4" bw="8" slack="0"/>
</pin_list>
<bind>
<opcode="phi(47) " fcode="phi"/>
<opset="PixArray_val_V/3 "/>
</bind>
</comp>

<comp id="409" class="1005" name="PixArray_val_V_40_reg_409">
<pin_list>
<pin id="410" dir="0" index="0" bw="8" slack="4"/>
<pin id="411" dir="1" index="1" bw="8" slack="4"/>
</pin_list>
<bind>
<opset="PixArray_val_V_40 (phireg) "/>
</bind>
</comp>

<comp id="412" class="1004" name="PixArray_val_V_40_phi_fu_412">
<pin_list>
<pin id="413" dir="0" index="0" bw="8" slack="1"/>
<pin id="414" dir="0" index="1" bw="0" slack="2147483647"/>
<pin id="415" dir="0" index="2" bw="8" slack="1"/>
<pin id="416" dir="0" index="3" bw="0" slack="2147483647"/>
<pin id="417" dir="1" index="4" bw="8" slack="4"/>
</pin_list>
<bind>
<opcode="phi(47) " fcode="phi"/>
<opset="PixArray_val_V_40/4 "/>
</bind>
</comp>

<comp id="420" class="1005" name="PixArray_val_V_39_reg_420">
<pin_list>
<pin id="421" dir="0" index="0" bw="8" slack="4"/>
<pin id="422" dir="1" index="1" bw="8" slack="4"/>
</pin_list>
<bind>
<opset="PixArray_val_V_39 (phireg) "/>
</bind>
</comp>

<comp id="423" class="1004" name="PixArray_val_V_39_phi_fu_423">
<pin_list>
<pin id="424" dir="0" index="0" bw="8" slack="1"/>
<pin id="425" dir="0" index="1" bw="0" slack="2147483647"/>
<pin id="426" dir="0" index="2" bw="8" slack="1"/>
<pin id="427" dir="0" index="3" bw="0" slack="2147483647"/>
<pin id="428" dir="1" index="4" bw="8" slack="4"/>
</pin_list>
<bind>
<opcode="phi(47) " fcode="phi"/>
<opset="PixArray_val_V_39/4 "/>
</bind>
</comp>

<comp id="431" class="1005" name="PixArray_val_V_45_reg_431">
<pin_list>
<pin id="432" dir="0" index="0" bw="8" slack="4"/>
<pin id="433" dir="1" index="1" bw="8" slack="4"/>
</pin_list>
<bind>
<opset="PixArray_val_V_45 (phireg) "/>
</bind>
</comp>

<comp id="434" class="1004" name="PixArray_val_V_45_phi_fu_434">
<pin_list>
<pin id="435" dir="0" index="0" bw="8" slack="1"/>
<pin id="436" dir="0" index="1" bw="0" slack="2147483647"/>
<pin id="437" dir="0" index="2" bw="8" slack="1"/>
<pin id="438" dir="0" index="3" bw="0" slack="2147483647"/>
<pin id="439" dir="1" index="4" bw="8" slack="4"/>
</pin_list>
<bind>
<opcode="phi(47) " fcode="phi"/>
<opset="PixArray_val_V_45/4 "/>
</bind>
</comp>

<comp id="442" class="1005" name="PixArray_val_V_37_reg_442">
<pin_list>
<pin id="443" dir="0" index="0" bw="8" slack="3"/>
<pin id="444" dir="1" index="1" bw="8" slack="3"/>
</pin_list>
<bind>
<opset="PixArray_val_V_37 (phireg) "/>
</bind>
</comp>

<comp id="445" class="1004" name="PixArray_val_V_37_phi_fu_445">
<pin_list>
<pin id="446" dir="0" index="0" bw="8" slack="1"/>
<pin id="447" dir="0" index="1" bw="0" slack="2147483647"/>
<pin id="448" dir="0" index="2" bw="8" slack="1"/>
<pin id="449" dir="0" index="3" bw="0" slack="2147483647"/>
<pin id="450" dir="1" index="4" bw="8" slack="3"/>
</pin_list>
<bind>
<opcode="phi(47) " fcode="phi"/>
<opset="PixArray_val_V_37/4 "/>
</bind>
</comp>

<comp id="452" class="1005" name="PixArray_val_V_36_reg_452">
<pin_list>
<pin id="453" dir="0" index="0" bw="8" slack="3"/>
<pin id="454" dir="1" index="1" bw="8" slack="3"/>
</pin_list>
<bind>
<opset="PixArray_val_V_36 (phireg) "/>
</bind>
</comp>

<comp id="455" class="1004" name="PixArray_val_V_36_phi_fu_455">
<pin_list>
<pin id="456" dir="0" index="0" bw="8" slack="1"/>
<pin id="457" dir="0" index="1" bw="0" slack="2147483647"/>
<pin id="458" dir="0" index="2" bw="8" slack="1"/>
<pin id="459" dir="0" index="3" bw="0" slack="2147483647"/>
<pin id="460" dir="1" index="4" bw="8" slack="3"/>
</pin_list>
<bind>
<opcode="phi(47) " fcode="phi"/>
<opset="PixArray_val_V_36/4 "/>
</bind>
</comp>

<comp id="462" class="1005" name="PixArray_val_V_44_reg_462">
<pin_list>
<pin id="463" dir="0" index="0" bw="8" slack="3"/>
<pin id="464" dir="1" index="1" bw="8" slack="3"/>
</pin_list>
<bind>
<opset="PixArray_val_V_44 (phireg) "/>
</bind>
</comp>

<comp id="465" class="1004" name="PixArray_val_V_44_phi_fu_465">
<pin_list>
<pin id="466" dir="0" index="0" bw="8" slack="1"/>
<pin id="467" dir="0" index="1" bw="0" slack="2147483647"/>
<pin id="468" dir="0" index="2" bw="8" slack="1"/>
<pin id="469" dir="0" index="3" bw="0" slack="2147483647"/>
<pin id="470" dir="1" index="4" bw="8" slack="3"/>
</pin_list>
<bind>
<opcode="phi(47) " fcode="phi"/>
<opset="PixArray_val_V_44/4 "/>
</bind>
</comp>

<comp id="472" class="1005" name="PixArray_val_V_34_reg_472">
<pin_list>
<pin id="473" dir="0" index="0" bw="8" slack="2"/>
<pin id="474" dir="1" index="1" bw="8" slack="2"/>
</pin_list>
<bind>
<opset="PixArray_val_V_34 (phireg) "/>
</bind>
</comp>

<comp id="475" class="1004" name="PixArray_val_V_34_phi_fu_475">
<pin_list>
<pin id="476" dir="0" index="0" bw="8" slack="1"/>
<pin id="477" dir="0" index="1" bw="0" slack="2147483647"/>
<pin id="478" dir="0" index="2" bw="8" slack="1"/>
<pin id="479" dir="0" index="3" bw="0" slack="2147483647"/>
<pin id="480" dir="1" index="4" bw="8" slack="2"/>
</pin_list>
<bind>
<opcode="phi(47) " fcode="phi"/>
<opset="PixArray_val_V_34/4 "/>
</bind>
</comp>

<comp id="482" class="1005" name="PixArray_val_V_33_reg_482">
<pin_list>
<pin id="483" dir="0" index="0" bw="8" slack="2"/>
<pin id="484" dir="1" index="1" bw="8" slack="2"/>
</pin_list>
<bind>
<opset="PixArray_val_V_33 (phireg) "/>
</bind>
</comp>

<comp id="485" class="1004" name="PixArray_val_V_33_phi_fu_485">
<pin_list>
<pin id="486" dir="0" index="0" bw="8" slack="1"/>
<pin id="487" dir="0" index="1" bw="0" slack="2147483647"/>
<pin id="488" dir="0" index="2" bw="8" slack="1"/>
<pin id="489" dir="0" index="3" bw="0" slack="2147483647"/>
<pin id="490" dir="1" index="4" bw="8" slack="2"/>
</pin_list>
<bind>
<opcode="phi(47) " fcode="phi"/>
<opset="PixArray_val_V_33/4 "/>
</bind>
</comp>

<comp id="492" class="1005" name="PixArray_val_V_43_reg_492">
<pin_list>
<pin id="493" dir="0" index="0" bw="8" slack="2"/>
<pin id="494" dir="1" index="1" bw="8" slack="2"/>
</pin_list>
<bind>
<opset="PixArray_val_V_43 (phireg) "/>
</bind>
</comp>

<comp id="495" class="1004" name="PixArray_val_V_43_phi_fu_495">
<pin_list>
<pin id="496" dir="0" index="0" bw="8" slack="1"/>
<pin id="497" dir="0" index="1" bw="0" slack="2147483647"/>
<pin id="498" dir="0" index="2" bw="8" slack="1"/>
<pin id="499" dir="0" index="3" bw="0" slack="2147483647"/>
<pin id="500" dir="1" index="4" bw="8" slack="2"/>
</pin_list>
<bind>
<opcode="phi(47) " fcode="phi"/>
<opset="PixArray_val_V_43/4 "/>
</bind>
</comp>

<comp id="502" class="1005" name="PixArray_val_V_31_reg_502">
<pin_list>
<pin id="503" dir="0" index="0" bw="8" slack="1"/>
<pin id="504" dir="1" index="1" bw="8" slack="1"/>
</pin_list>
<bind>
<opset="PixArray_val_V_31 (phireg) "/>
</bind>
</comp>

<comp id="505" class="1004" name="PixArray_val_V_31_phi_fu_505">
<pin_list>
<pin id="506" dir="0" index="0" bw="8" slack="1"/>
<pin id="507" dir="0" index="1" bw="0" slack="2147483647"/>
<pin id="508" dir="0" index="2" bw="8" slack="1"/>
<pin id="509" dir="0" index="3" bw="0" slack="2147483647"/>
<pin id="510" dir="1" index="4" bw="8" slack="1"/>
</pin_list>
<bind>
<opcode="phi(47) " fcode="phi"/>
<opset="PixArray_val_V_31/4 "/>
</bind>
</comp>

<comp id="512" class="1005" name="PixArray_val_V_30_reg_512">
<pin_list>
<pin id="513" dir="0" index="0" bw="8" slack="1"/>
<pin id="514" dir="1" index="1" bw="8" slack="1"/>
</pin_list>
<bind>
<opset="PixArray_val_V_30 (phireg) "/>
</bind>
</comp>

<comp id="515" class="1004" name="PixArray_val_V_30_phi_fu_515">
<pin_list>
<pin id="516" dir="0" index="0" bw="8" slack="1"/>
<pin id="517" dir="0" index="1" bw="0" slack="2147483647"/>
<pin id="518" dir="0" index="2" bw="8" slack="1"/>
<pin id="519" dir="0" index="3" bw="0" slack="2147483647"/>
<pin id="520" dir="1" index="4" bw="8" slack="1"/>
</pin_list>
<bind>
<opcode="phi(47) " fcode="phi"/>
<opset="PixArray_val_V_30/4 "/>
</bind>
</comp>

<comp id="522" class="1005" name="PixArray_val_V_42_reg_522">
<pin_list>
<pin id="523" dir="0" index="0" bw="8" slack="1"/>
<pin id="524" dir="1" index="1" bw="8" slack="1"/>
</pin_list>
<bind>
<opset="PixArray_val_V_42 (phireg) "/>
</bind>
</comp>

<comp id="525" class="1004" name="PixArray_val_V_42_phi_fu_525">
<pin_list>
<pin id="526" dir="0" index="0" bw="8" slack="1"/>
<pin id="527" dir="0" index="1" bw="0" slack="2147483647"/>
<pin id="528" dir="0" index="2" bw="8" slack="1"/>
<pin id="529" dir="0" index="3" bw="0" slack="2147483647"/>
<pin id="530" dir="1" index="4" bw="8" slack="1"/>
</pin_list>
<bind>
<opcode="phi(47) " fcode="phi"/>
<opset="PixArray_val_V_42/4 "/>
</bind>
</comp>

<comp id="532" class="1005" name="PixArray_val_V_28_reg_532">
<pin_list>
<pin id="533" dir="0" index="0" bw="8" slack="2147483647"/>
<pin id="534" dir="1" index="1" bw="8" slack="2147483647"/>
</pin_list>
<bind>
<opset="PixArray_val_V_28 (phireg) "/>
</bind>
</comp>

<comp id="535" class="1004" name="PixArray_val_V_28_phi_fu_535">
<pin_list>
<pin id="536" dir="0" index="0" bw="8" slack="1"/>
<pin id="537" dir="0" index="1" bw="0" slack="2147483647"/>
<pin id="538" dir="0" index="2" bw="8" slack="1"/>
<pin id="539" dir="0" index="3" bw="0" slack="2147483647"/>
<pin id="540" dir="1" index="4" bw="8" slack="0"/>
</pin_list>
<bind>
<opcode="phi(47) " fcode="phi"/>
<opset="PixArray_val_V_28/4 "/>
</bind>
</comp>

<comp id="541" class="1005" name="PixArray_val_V_27_reg_541">
<pin_list>
<pin id="542" dir="0" index="0" bw="8" slack="2147483647"/>
<pin id="543" dir="1" index="1" bw="8" slack="2147483647"/>
</pin_list>
<bind>
<opset="PixArray_val_V_27 (phireg) "/>
</bind>
</comp>

<comp id="544" class="1004" name="PixArray_val_V_27_phi_fu_544">
<pin_list>
<pin id="545" dir="0" index="0" bw="8" slack="1"/>
<pin id="546" dir="0" index="1" bw="0" slack="2147483647"/>
<pin id="547" dir="0" index="2" bw="8" slack="1"/>
<pin id="548" dir="0" index="3" bw="0" slack="2147483647"/>
<pin id="549" dir="1" index="4" bw="8" slack="0"/>
</pin_list>
<bind>
<opcode="phi(47) " fcode="phi"/>
<opset="PixArray_val_V_27/4 "/>
</bind>
</comp>

<comp id="550" class="1005" name="PixArray_val_V_41_reg_550">
<pin_list>
<pin id="551" dir="0" index="0" bw="8" slack="2147483647"/>
<pin id="552" dir="1" index="1" bw="8" slack="2147483647"/>
</pin_list>
<bind>
<opset="PixArray_val_V_41 (phireg) "/>
</bind>
</comp>

<comp id="553" class="1004" name="PixArray_val_V_41_phi_fu_553">
<pin_list>
<pin id="554" dir="0" index="0" bw="8" slack="1"/>
<pin id="555" dir="0" index="1" bw="0" slack="2147483647"/>
<pin id="556" dir="0" index="2" bw="8" slack="1"/>
<pin id="557" dir="0" index="3" bw="0" slack="2147483647"/>
<pin id="558" dir="1" index="4" bw="8" slack="0"/>
</pin_list>
<bind>
<opcode="phi(47) " fcode="phi"/>
<opset="PixArray_val_V_41/4 "/>
</bind>
</comp>

<comp id="559" class="1004" name="idxprom11_i_cast_fu_559">
<pin_list>
<pin id="560" dir="0" index="0" bw="6" slack="0"/>
<pin id="561" dir="1" index="1" bw="64" slack="1"/>
</pin_list>
<bind>
<opcode="zext(34) " fcode="zext"/>
<opset="idxprom11_i_cast/1 "/>
</bind>
</comp>

<comp id="563" class="1004" name="store_ln0_store_fu_563">
<pin_list>
<pin id="564" dir="0" index="0" bw="1" slack="0"/>
<pin id="565" dir="0" index="1" bw="11" slack="0"/>
<pin id="566" dir="1" index="2" bw="0" slack="2147483647"/>
</pin_list>
<bind>
<opcode="store(28) " fcode="store"/>
<opset="store_ln0/1 "/>
</bind>
</comp>

<comp id="568" class="1004" name="x_1_load_fu_568">
<pin_list>
<pin id="569" dir="0" index="0" bw="11" slack="0"/>
<pin id="570" dir="1" index="1" bw="11" slack="0"/>
</pin_list>
<bind>
<opcode="load(27) " fcode="load"/>
<opset="x_1/1 "/>
</bind>
</comp>

<comp id="571" class="1004" name="icmp_ln252_fu_571">
<pin_list>
<pin id="572" dir="0" index="0" bw="11" slack="0"/>
<pin id="573" dir="0" index="1" bw="11" slack="0"/>
<pin id="574" dir="1" index="2" bw="1" slack="1"/>
</pin_list>
<bind>
<opcode="icmp(45) " fcode="icmp"/>
<opset="icmp_ln252/1 "/>
</bind>
</comp>

<comp id="577" class="1004" name="add_ln252_fu_577">
<pin_list>
<pin id="578" dir="0" index="0" bw="11" slack="0"/>
<pin id="579" dir="0" index="1" bw="1" slack="0"/>
<pin id="580" dir="1" index="2" bw="11" slack="0"/>
</pin_list>
<bind>
<opcode="add(8) " fcode="add"/>
<opset="add_ln252/1 "/>
</bind>
</comp>

<comp id="583" class="1004" name="store_ln252_store_fu_583">
<pin_list>
<pin id="584" dir="0" index="0" bw="11" slack="0"/>
<pin id="585" dir="0" index="1" bw="11" slack="0"/>
<pin id="586" dir="1" index="2" bw="0" slack="2147483647"/>
</pin_list>
<bind>
<opcode="store(28) " fcode="store"/>
<opset="store_ln252/1 "/>
</bind>
</comp>

<comp id="588" class="1004" name="zext_ln252_fu_588">
<pin_list>
<pin id="589" dir="0" index="0" bw="11" slack="1"/>
<pin id="590" dir="1" index="1" bw="64" slack="0"/>
</pin_list>
<bind>
<opcode="zext(34) " fcode="zext"/>
<opset="zext_ln252/2 "/>
</bind>
</comp>

<comp id="597" class="1004" name="PixArray_val_V_19_fu_597">
<pin_list>
<pin id="598" dir="0" index="0" bw="24" slack="0"/>
<pin id="599" dir="1" index="1" bw="8" slack="1"/>
</pin_list>
<bind>
<opcode="trunc(33) " fcode="trunc"/>
<opset="PixArray_val_V_19/2 "/>
</bind>
</comp>

<comp id="601" class="1004" name="PixArray_val_V_20_fu_601">
<pin_list>
<pin id="602" dir="0" index="0" bw="8" slack="0"/>
<pin id="603" dir="0" index="1" bw="24" slack="0"/>
<pin id="604" dir="0" index="2" bw="5" slack="0"/>
<pin id="605" dir="0" index="3" bw="5" slack="0"/>
<pin id="606" dir="1" index="4" bw="8" slack="1"/>
</pin_list>
<bind>
<opcode="partselect(1002) " fcode="partselect"/>
<opset="PixArray_val_V_20/2 "/>
</bind>
</comp>

<comp id="611" class="1004" name="PixArray_val_V_18_fu_611">
<pin_list>
<pin id="612" dir="0" index="0" bw="8" slack="0"/>
<pin id="613" dir="0" index="1" bw="24" slack="0"/>
<pin id="614" dir="0" index="2" bw="6" slack="0"/>
<pin id="615" dir="0" index="3" bw="6" slack="0"/>
<pin id="616" dir="1" index="4" bw="8" slack="1"/>
</pin_list>
<bind>
<opcode="partselect(1002) " fcode="partselect"/>
<opset="PixArray_val_V_18/2 "/>
</bind>
</comp>

<comp id="621" class="1004" name="PixArray_val_V_46_fu_621">
<pin_list>
<pin id="622" dir="0" index="0" bw="24" slack="0"/>
<pin id="623" dir="1" index="1" bw="8" slack="0"/>
</pin_list>
<bind>
<opcode="trunc(33) " fcode="trunc"/>
<opset="PixArray_val_V_46/3 "/>
</bind>
</comp>

<comp id="626" class="1004" name="PixArray_val_V_47_fu_626">
<pin_list>
<pin id="627" dir="0" index="0" bw="8" slack="0"/>
<pin id="628" dir="0" index="1" bw="24" slack="0"/>
<pin id="629" dir="0" index="2" bw="5" slack="0"/>
<pin id="630" dir="0" index="3" bw="5" slack="0"/>
<pin id="631" dir="1" index="4" bw="8" slack="0"/>
</pin_list>
<bind>
<opcode="partselect(1002) " fcode="partselect"/>
<opset="PixArray_val_V_47/3 "/>
</bind>
</comp>

<comp id="637" class="1004" name="PixArray_val_V_48_fu_637">
<pin_list>
<pin id="638" dir="0" index="0" bw="8" slack="0"/>
<pin id="639" dir="0" index="1" bw="24" slack="0"/>
<pin id="640" dir="0" index="2" bw="6" slack="0"/>
<pin id="641" dir="0" index="3" bw="6" slack="0"/>
<pin id="642" dir="1" index="4" bw="8" slack="0"/>
</pin_list>
<bind>
<opcode="partselect(1002) " fcode="partselect"/>
<opset="PixArray_val_V_48/3 "/>
</bind>
</comp>

<comp id="648" class="1004" name="PixArray_val_V_49_fu_648">
<pin_list>
<pin id="649" dir="0" index="0" bw="24" slack="0"/>
<pin id="650" dir="1" index="1" bw="8" slack="0"/>
</pin_list>
<bind>
<opcode="trunc(33) " fcode="trunc"/>
<opset="PixArray_val_V_49/3 "/>
</bind>
</comp>

<comp id="652" class="1004" name="PixArray_val_V_50_fu_652">
<pin_list>
<pin id="653" dir="0" index="0" bw="8" slack="0"/>
<pin id="654" dir="0" index="1" bw="24" slack="0"/>
<pin id="655" dir="0" index="2" bw="5" slack="0"/>
<pin id="656" dir="0" index="3" bw="5" slack="0"/>
<pin id="657" dir="1" index="4" bw="8" slack="0"/>
</pin_list>
<bind>
<opcode="partselect(1002) " fcode="partselect"/>
<opset="PixArray_val_V_50/3 "/>
</bind>
</comp>

<comp id="662" class="1004" name="PixArray_val_V_51_fu_662">
<pin_list>
<pin id="663" dir="0" index="0" bw="8" slack="0"/>
<pin id="664" dir="0" index="1" bw="24" slack="0"/>
<pin id="665" dir="0" index="2" bw="6" slack="0"/>
<pin id="666" dir="0" index="3" bw="6" slack="0"/>
<pin id="667" dir="1" index="4" bw="8" slack="0"/>
</pin_list>
<bind>
<opcode="partselect(1002) " fcode="partselect"/>
<opset="PixArray_val_V_51/3 "/>
</bind>
</comp>

<comp id="672" class="1004" name="PixArray_val_V_52_fu_672">
<pin_list>
<pin id="673" dir="0" index="0" bw="24" slack="0"/>
<pin id="674" dir="1" index="1" bw="8" slack="0"/>
</pin_list>
<bind>
<opcode="trunc(33) " fcode="trunc"/>
<opset="PixArray_val_V_52/3 "/>
</bind>
</comp>

<comp id="676" class="1004" name="PixArray_val_V_53_fu_676">
<pin_list>
<pin id="677" dir="0" index="0" bw="8" slack="0"/>
<pin id="678" dir="0" index="1" bw="24" slack="0"/>
<pin id="679" dir="0" index="2" bw="5" slack="0"/>
<pin id="680" dir="0" index="3" bw="5" slack="0"/>
<pin id="681" dir="1" index="4" bw="8" slack="0"/>
</pin_list>
<bind>
<opcode="partselect(1002) " fcode="partselect"/>
<opset="PixArray_val_V_53/3 "/>
</bind>
</comp>

<comp id="686" class="1004" name="PixArray_val_V_54_fu_686">
<pin_list>
<pin id="687" dir="0" index="0" bw="8" slack="0"/>
<pin id="688" dir="0" index="1" bw="24" slack="0"/>
<pin id="689" dir="0" index="2" bw="6" slack="0"/>
<pin id="690" dir="0" index="3" bw="6" slack="0"/>
<pin id="691" dir="1" index="4" bw="8" slack="0"/>
</pin_list>
<bind>
<opcode="partselect(1002) " fcode="partselect"/>
<opset="PixArray_val_V_54/3 "/>
</bind>
</comp>

<comp id="696" class="1004" name="PixArray_val_V_55_fu_696">
<pin_list>
<pin id="697" dir="0" index="0" bw="24" slack="0"/>
<pin id="698" dir="1" index="1" bw="8" slack="0"/>
</pin_list>
<bind>
<opcode="trunc(33) " fcode="trunc"/>
<opset="PixArray_val_V_55/3 "/>
</bind>
</comp>

<comp id="700" class="1004" name="PixArray_val_V_56_fu_700">
<pin_list>
<pin id="701" dir="0" index="0" bw="8" slack="0"/>
<pin id="702" dir="0" index="1" bw="24" slack="0"/>
<pin id="703" dir="0" index="2" bw="5" slack="0"/>
<pin id="704" dir="0" index="3" bw="5" slack="0"/>
<pin id="705" dir="1" index="4" bw="8" slack="0"/>
</pin_list>
<bind>
<opcode="partselect(1002) " fcode="partselect"/>
<opset="PixArray_val_V_56/3 "/>
</bind>
</comp>

<comp id="710" class="1004" name="PixArray_val_V_57_fu_710">
<pin_list>
<pin id="711" dir="0" index="0" bw="8" slack="0"/>
<pin id="712" dir="0" index="1" bw="24" slack="0"/>
<pin id="713" dir="0" index="2" bw="6" slack="0"/>
<pin id="714" dir="0" index="3" bw="6" slack="0"/>
<pin id="715" dir="1" index="4" bw="8" slack="0"/>
</pin_list>
<bind>
<opcode="partselect(1002) " fcode="partselect"/>
<opset="PixArray_val_V_57/3 "/>
</bind>
</comp>

<comp id="720" class="1004" name="PixArray_val_V_58_fu_720">
<pin_list>
<pin id="721" dir="0" index="0" bw="24" slack="0"/>
<pin id="722" dir="1" index="1" bw="8" slack="0"/>
</pin_list>
<bind>
<opcode="trunc(33) " fcode="trunc"/>
<opset="PixArray_val_V_58/3 "/>
</bind>
</comp>

<comp id="725" class="1004" name="PixArray_val_V_59_fu_725">
<pin_list>
<pin id="726" dir="0" index="0" bw="8" slack="0"/>
<pin id="727" dir="0" index="1" bw="24" slack="0"/>
<pin id="728" dir="0" index="2" bw="5" slack="0"/>
<pin id="729" dir="0" index="3" bw="5" slack="0"/>
<pin id="730" dir="1" index="4" bw="8" slack="0"/>
</pin_list>
<bind>
<opcode="partselect(1002) " fcode="partselect"/>
<opset="PixArray_val_V_59/3 "/>
</bind>
</comp>

<comp id="736" class="1004" name="PixArray_val_V_60_fu_736">
<pin_list>
<pin id="737" dir="0" index="0" bw="8" slack="0"/>
<pin id="738" dir="0" index="1" bw="24" slack="0"/>
<pin id="739" dir="0" index="2" bw="6" slack="0"/>
<pin id="740" dir="0" index="3" bw="6" slack="0"/>
<pin id="741" dir="1" index="4" bw="8" slack="0"/>
</pin_list>
<bind>
<opcode="partselect(1002) " fcode="partselect"/>
<opset="PixArray_val_V_60/3 "/>
</bind>
</comp>

<comp id="747" class="1004" name="PixArray_val_V_15_fu_747">
<pin_list>
<pin id="748" dir="0" index="0" bw="24" slack="0"/>
<pin id="749" dir="1" index="1" bw="8" slack="0"/>
</pin_list>
<bind>
<opcode="trunc(33) " fcode="trunc"/>
<opset="PixArray_val_V_15/3 "/>
</bind>
</comp>

<comp id="752" class="1004" name="PixArray_val_V_16_fu_752">
<pin_list>
<pin id="753" dir="0" index="0" bw="8" slack="0"/>
<pin id="754" dir="0" index="1" bw="24" slack="0"/>
<pin id="755" dir="0" index="2" bw="5" slack="0"/>
<pin id="756" dir="0" index="3" bw="5" slack="0"/>
<pin id="757" dir="1" index="4" bw="8" slack="0"/>
</pin_list>
<bind>
<opcode="partselect(1002) " fcode="partselect"/>
<opset="PixArray_val_V_16/3 "/>
</bind>
</comp>

<comp id="763" class="1004" name="PixArray_val_V_17_fu_763">
<pin_list>
<pin id="764" dir="0" index="0" bw="8" slack="0"/>
<pin id="765" dir="0" index="1" bw="24" slack="0"/>
<pin id="766" dir="0" index="2" bw="6" slack="0"/>
<pin id="767" dir="0" index="3" bw="6" slack="0"/>
<pin id="768" dir="1" index="4" bw="8" slack="0"/>
</pin_list>
<bind>
<opcode="partselect(1002) " fcode="partselect"/>
<opset="PixArray_val_V_17/3 "/>
</bind>
</comp>

<comp id="774" class="1004" name="PixArrayVal_val_V_5_fu_774">
<pin_list>
<pin id="775" dir="0" index="0" bw="1" slack="2"/>
<pin id="776" dir="0" index="1" bw="8" slack="0"/>
<pin id="777" dir="0" index="2" bw="8" slack="0"/>
<pin id="778" dir="1" index="3" bw="8" slack="0"/>
</pin_list>
<bind>
<opcode="select(49) " fcode="select"/>
<opset="PixArrayVal_val_V_5/3 "/>
</bind>
</comp>

<comp id="781" class="1004" name="PixArrayVal_val_V_4_fu_781">
<pin_list>
<pin id="782" dir="0" index="0" bw="1" slack="2"/>
<pin id="783" dir="0" index="1" bw="8" slack="0"/>
<pin id="784" dir="0" index="2" bw="8" slack="0"/>
<pin id="785" dir="1" index="3" bw="8" slack="0"/>
</pin_list>
<bind>
<opcode="select(49) " fcode="select"/>
<opset="PixArrayVal_val_V_4/3 "/>
</bind>
</comp>

<comp id="788" class="1004" name="PixArrayVal_val_V_3_fu_788">
<pin_list>
<pin id="789" dir="0" index="0" bw="1" slack="2"/>
<pin id="790" dir="0" index="1" bw="8" slack="0"/>
<pin id="791" dir="0" index="2" bw="8" slack="0"/>
<pin id="792" dir="1" index="3" bw="8" slack="0"/>
</pin_list>
<bind>
<opcode="select(49) " fcode="select"/>
<opset="PixArrayVal_val_V_3/3 "/>
</bind>
</comp>

<comp id="795" class="1004" name="p_Result_s_fu_795">
<pin_list>
<pin id="796" dir="0" index="0" bw="24" slack="0"/>
<pin id="797" dir="0" index="1" bw="8" slack="0"/>
<pin id="798" dir="0" index="2" bw="8" slack="0"/>
<pin id="799" dir="0" index="3" bw="8" slack="0"/>
<pin id="800" dir="1" index="4" bw="24" slack="0"/>
</pin_list>
<bind>
<opcode="bitconcatenate(1004) " fcode="bitconcatenate"/>
<opset="p_Result_s/3 "/>
</bind>
</comp>

<comp id="806" class="1004" name="PixArrayVal_val_V_11_fu_806">
<pin_list>
<pin id="807" dir="0" index="0" bw="1" slack="2"/>
<pin id="808" dir="0" index="1" bw="8" slack="0"/>
<pin id="809" dir="0" index="2" bw="8" slack="0"/>
<pin id="810" dir="1" index="3" bw="8" slack="0"/>
</pin_list>
<bind>
<opcode="select(49) " fcode="select"/>
<opset="PixArrayVal_val_V_11/3 "/>
</bind>
</comp>

<comp id="813" class="1004" name="PixArrayVal_val_V_10_fu_813">
<pin_list>
<pin id="814" dir="0" index="0" bw="1" slack="2"/>
<pin id="815" dir="0" index="1" bw="8" slack="0"/>
<pin id="816" dir="0" index="2" bw="8" slack="0"/>
<pin id="817" dir="1" index="3" bw="8" slack="0"/>
</pin_list>
<bind>
<opcode="select(49) " fcode="select"/>
<opset="PixArrayVal_val_V_10/3 "/>
</bind>
</comp>

<comp id="820" class="1004" name="PixArrayVal_val_V_9_fu_820">
<pin_list>
<pin id="821" dir="0" index="0" bw="1" slack="2"/>
<pin id="822" dir="0" index="1" bw="8" slack="0"/>
<pin id="823" dir="0" index="2" bw="8" slack="0"/>
<pin id="824" dir="1" index="3" bw="8" slack="0"/>
</pin_list>
<bind>
<opcode="select(49) " fcode="select"/>
<opset="PixArrayVal_val_V_9/3 "/>
</bind>
</comp>

<comp id="827" class="1004" name="p_Result_1_fu_827">
<pin_list>
<pin id="828" dir="0" index="0" bw="24" slack="0"/>
<pin id="829" dir="0" index="1" bw="8" slack="0"/>
<pin id="830" dir="0" index="2" bw="8" slack="0"/>
<pin id="831" dir="0" index="3" bw="8" slack="0"/>
<pin id="832" dir="1" index="4" bw="24" slack="0"/>
</pin_list>
<bind>
<opcode="bitconcatenate(1004) " fcode="bitconcatenate"/>
<opset="p_Result_1/3 "/>
</bind>
</comp>

<comp id="838" class="1004" name="PixArrayVal_val_V_17_fu_838">
<pin_list>
<pin id="839" dir="0" index="0" bw="1" slack="2"/>
<pin id="840" dir="0" index="1" bw="8" slack="0"/>
<pin id="841" dir="0" index="2" bw="8" slack="0"/>
<pin id="842" dir="1" index="3" bw="8" slack="0"/>
</pin_list>
<bind>
<opcode="select(49) " fcode="select"/>
<opset="PixArrayVal_val_V_17/3 "/>
</bind>
</comp>

<comp id="845" class="1004" name="PixArrayVal_val_V_16_fu_845">
<pin_list>
<pin id="846" dir="0" index="0" bw="1" slack="2"/>
<pin id="847" dir="0" index="1" bw="8" slack="0"/>
<pin id="848" dir="0" index="2" bw="8" slack="0"/>
<pin id="849" dir="1" index="3" bw="8" slack="0"/>
</pin_list>
<bind>
<opcode="select(49) " fcode="select"/>
<opset="PixArrayVal_val_V_16/3 "/>
</bind>
</comp>

<comp id="852" class="1004" name="PixArrayVal_val_V_15_fu_852">
<pin_list>
<pin id="853" dir="0" index="0" bw="1" slack="2"/>
<pin id="854" dir="0" index="1" bw="8" slack="0"/>
<pin id="855" dir="0" index="2" bw="8" slack="0"/>
<pin id="856" dir="1" index="3" bw="8" slack="0"/>
</pin_list>
<bind>
<opcode="select(49) " fcode="select"/>
<opset="PixArrayVal_val_V_15/3 "/>
</bind>
</comp>

<comp id="859" class="1004" name="p_Result_2_fu_859">
<pin_list>
<pin id="860" dir="0" index="0" bw="24" slack="0"/>
<pin id="861" dir="0" index="1" bw="8" slack="0"/>
<pin id="862" dir="0" index="2" bw="8" slack="0"/>
<pin id="863" dir="0" index="3" bw="8" slack="0"/>
<pin id="864" dir="1" index="4" bw="24" slack="0"/>
</pin_list>
<bind>
<opcode="bitconcatenate(1004) " fcode="bitconcatenate"/>
<opset="p_Result_2/3 "/>
</bind>
</comp>

<comp id="870" class="1004" name="PixArrayVal_val_V_23_fu_870">
<pin_list>
<pin id="871" dir="0" index="0" bw="1" slack="2"/>
<pin id="872" dir="0" index="1" bw="8" slack="0"/>
<pin id="873" dir="0" index="2" bw="8" slack="0"/>
<pin id="874" dir="1" index="3" bw="8" slack="0"/>
</pin_list>
<bind>
<opcode="select(49) " fcode="select"/>
<opset="PixArrayVal_val_V_23/3 "/>
</bind>
</comp>

<comp id="877" class="1004" name="PixArrayVal_val_V_22_fu_877">
<pin_list>
<pin id="878" dir="0" index="0" bw="1" slack="2"/>
<pin id="879" dir="0" index="1" bw="8" slack="0"/>
<pin id="880" dir="0" index="2" bw="8" slack="0"/>
<pin id="881" dir="1" index="3" bw="8" slack="0"/>
</pin_list>
<bind>
<opcode="select(49) " fcode="select"/>
<opset="PixArrayVal_val_V_22/3 "/>
</bind>
</comp>

<comp id="884" class="1004" name="PixArrayVal_val_V_21_fu_884">
<pin_list>
<pin id="885" dir="0" index="0" bw="1" slack="2"/>
<pin id="886" dir="0" index="1" bw="8" slack="0"/>
<pin id="887" dir="0" index="2" bw="8" slack="0"/>
<pin id="888" dir="1" index="3" bw="8" slack="0"/>
</pin_list>
<bind>
<opcode="select(49) " fcode="select"/>
<opset="PixArrayVal_val_V_21/3 "/>
</bind>
</comp>

<comp id="891" class="1004" name="p_Result_3_fu_891">
<pin_list>
<pin id="892" dir="0" index="0" bw="24" slack="0"/>
<pin id="893" dir="0" index="1" bw="8" slack="0"/>
<pin id="894" dir="0" index="2" bw="8" slack="0"/>
<pin id="895" dir="0" index="3" bw="8" slack="0"/>
<pin id="896" dir="1" index="4" bw="24" slack="0"/>
</pin_list>
<bind>
<opcode="bitconcatenate(1004) " fcode="bitconcatenate"/>
<opset="p_Result_3/3 "/>
</bind>
</comp>

<comp id="902" class="1004" name="PixArrayVal_val_V_29_fu_902">
<pin_list>
<pin id="903" dir="0" index="0" bw="1" slack="2"/>
<pin id="904" dir="0" index="1" bw="8" slack="0"/>
<pin id="905" dir="0" index="2" bw="8" slack="0"/>
<pin id="906" dir="1" index="3" bw="8" slack="0"/>
</pin_list>
<bind>
<opcode="select(49) " fcode="select"/>
<opset="PixArrayVal_val_V_29/3 "/>
</bind>
</comp>

<comp id="909" class="1004" name="PixArrayVal_val_V_28_fu_909">
<pin_list>
<pin id="910" dir="0" index="0" bw="1" slack="2"/>
<pin id="911" dir="0" index="1" bw="8" slack="0"/>
<pin id="912" dir="0" index="2" bw="8" slack="0"/>
<pin id="913" dir="1" index="3" bw="8" slack="0"/>
</pin_list>
<bind>
<opcode="select(49) " fcode="select"/>
<opset="PixArrayVal_val_V_28/3 "/>
</bind>
</comp>

<comp id="916" class="1004" name="PixArrayVal_val_V_27_fu_916">
<pin_list>
<pin id="917" dir="0" index="0" bw="1" slack="2"/>
<pin id="918" dir="0" index="1" bw="8" slack="0"/>
<pin id="919" dir="0" index="2" bw="8" slack="0"/>
<pin id="920" dir="1" index="3" bw="8" slack="0"/>
</pin_list>
<bind>
<opcode="select(49) " fcode="select"/>
<opset="PixArrayVal_val_V_27/3 "/>
</bind>
</comp>

<comp id="923" class="1004" name="p_Result_4_fu_923">
<pin_list>
<pin id="924" dir="0" index="0" bw="24" slack="0"/>
<pin id="925" dir="0" index="1" bw="8" slack="0"/>
<pin id="926" dir="0" index="2" bw="8" slack="0"/>
<pin id="927" dir="0" index="3" bw="8" slack="0"/>
<pin id="928" dir="1" index="4" bw="24" slack="0"/>
</pin_list>
<bind>
<opcode="bitconcatenate(1004) " fcode="bitconcatenate"/>
<opset="p_Result_4/3 "/>
</bind>
</comp>

<comp id="934" class="1004" name="zext_ln186_fu_934">
<pin_list>
<pin id="935" dir="0" index="0" bw="8" slack="0"/>
<pin id="936" dir="1" index="1" bw="24" slack="0"/>
</pin_list>
<bind>
<opcode="zext(34) " fcode="zext"/>
<opset="zext_ln186/3 "/>
</bind>
</comp>

<comp id="938" class="1004" name="sext_ln1494_fu_938">
<pin_list>
<pin id="939" dir="0" index="0" bw="16" slack="0"/>
<pin id="940" dir="1" index="1" bw="24" slack="0"/>
</pin_list>
<bind>
<opcode="sext(35) " fcode="sext"/>
<opset="sext_ln1494/3 "/>
</bind>
</comp>

<comp id="942" class="1004" name="zext_ln1494_fu_942">
<pin_list>
<pin id="943" dir="0" index="0" bw="8" slack="0"/>
<pin id="944" dir="1" index="1" bw="24" slack="0"/>
</pin_list>
<bind>
<opcode="zext(34) " fcode="zext"/>
<opset="zext_ln1494/3 "/>
</bind>
</comp>

<comp id="946" class="1004" name="zext_ln1494_6_fu_946">
<pin_list>
<pin id="947" dir="0" index="0" bw="8" slack="0"/>
<pin id="948" dir="1" index="1" bw="24" slack="0"/>
</pin_list>
<bind>
<opcode="zext(34) " fcode="zext"/>
<opset="zext_ln1494_6/3 "/>
</bind>
</comp>

<comp id="950" class="1004" name="zext_ln186_1_fu_950">
<pin_list>
<pin id="951" dir="0" index="0" bw="8" slack="0"/>
<pin id="952" dir="1" index="1" bw="24" slack="0"/>
</pin_list>
<bind>
<opcode="zext(34) " fcode="zext"/>
<opset="zext_ln186_1/4 "/>
</bind>
</comp>

<comp id="954" class="1004" name="sext_ln1494_1_fu_954">
<pin_list>
<pin id="955" dir="0" index="0" bw="16" slack="0"/>
<pin id="956" dir="1" index="1" bw="24" slack="0"/>
</pin_list>
<bind>
<opcode="sext(35) " fcode="sext"/>
<opset="sext_ln1494_1/4 "/>
</bind>
</comp>

<comp id="958" class="1004" name="zext_ln1494_1_fu_958">
<pin_list>
<pin id="959" dir="0" index="0" bw="8" slack="0"/>
<pin id="960" dir="1" index="1" bw="24" slack="0"/>
</pin_list>
<bind>
<opcode="zext(34) " fcode="zext"/>
<opset="zext_ln1494_1/4 "/>
</bind>
</comp>

<comp id="962" class="1004" name="zext_ln1494_7_fu_962">
<pin_list>
<pin id="963" dir="0" index="0" bw="8" slack="0"/>
<pin id="964" dir="1" index="1" bw="24" slack="0"/>
</pin_list>
<bind>
<opcode="zext(34) " fcode="zext"/>
<opset="zext_ln1494_7/4 "/>
</bind>
</comp>

<comp id="966" class="1004" name="zext_ln186_2_fu_966">
<pin_list>
<pin id="967" dir="0" index="0" bw="8" slack="1"/>
<pin id="968" dir="1" index="1" bw="24" slack="0"/>
</pin_list>
<bind>
<opcode="zext(34) " fcode="zext"/>
<opset="zext_ln186_2/5 "/>
</bind>
</comp>

<comp id="970" class="1004" name="sext_ln1494_2_fu_970">
<pin_list>
<pin id="971" dir="0" index="0" bw="16" slack="0"/>
<pin id="972" dir="1" index="1" bw="24" slack="0"/>
</pin_list>
<bind>
<opcode="sext(35) " fcode="sext"/>
<opset="sext_ln1494_2/5 "/>
</bind>
</comp>

<comp id="974" class="1004" name="zext_ln1494_2_fu_974">
<pin_list>
<pin id="975" dir="0" index="0" bw="8" slack="1"/>
<pin id="976" dir="1" index="1" bw="24" slack="0"/>
</pin_list>
<bind>
<opcode="zext(34) " fcode="zext"/>
<opset="zext_ln1494_2/5 "/>
</bind>
</comp>

<comp id="978" class="1004" name="zext_ln1494_8_fu_978">
<pin_list>
<pin id="979" dir="0" index="0" bw="8" slack="1"/>
<pin id="980" dir="1" index="1" bw="24" slack="0"/>
</pin_list>
<bind>
<opcode="zext(34) " fcode="zext"/>
<opset="zext_ln1494_8/5 "/>
</bind>
</comp>

<comp id="982" class="1004" name="zext_ln186_3_fu_982">
<pin_list>
<pin id="983" dir="0" index="0" bw="8" slack="2"/>
<pin id="984" dir="1" index="1" bw="24" slack="0"/>
</pin_list>
<bind>
<opcode="zext(34) " fcode="zext"/>
<opset="zext_ln186_3/6 "/>
</bind>
</comp>

<comp id="986" class="1004" name="sext_ln1494_3_fu_986">
<pin_list>
<pin id="987" dir="0" index="0" bw="16" slack="0"/>
<pin id="988" dir="1" index="1" bw="24" slack="0"/>
</pin_list>
<bind>
<opcode="sext(35) " fcode="sext"/>
<opset="sext_ln1494_3/6 "/>
</bind>
</comp>

<comp id="990" class="1004" name="sext_ln349_1_fu_990">
<pin_list>
<pin id="991" dir="0" index="0" bw="24" slack="0"/>
<pin id="992" dir="1" index="1" bw="25" slack="0"/>
</pin_list>
<bind>
<opcode="sext(35) " fcode="sext"/>
<opset="sext_ln349_1/6 "/>
</bind>
</comp>

<comp id="993" class="1004" name="zext_ln1494_3_fu_993">
<pin_list>
<pin id="994" dir="0" index="0" bw="8" slack="2"/>
<pin id="995" dir="1" index="1" bw="24" slack="0"/>
</pin_list>
<bind>
<opcode="zext(34) " fcode="zext"/>
<opset="zext_ln1494_3/6 "/>
</bind>
</comp>

<comp id="997" class="1004" name="sext_ln349_5_fu_997">
<pin_list>
<pin id="998" dir="0" index="0" bw="24" slack="0"/>
<pin id="999" dir="1" index="1" bw="25" slack="0"/>
</pin_list>
<bind>
<opcode="sext(35) " fcode="sext"/>
<opset="sext_ln349_5/6 "/>
</bind>
</comp>

<comp id="1000" class="1004" name="zext_ln1494_9_fu_1000">
<pin_list>
<pin id="1001" dir="0" index="0" bw="8" slack="2"/>
<pin id="1002" dir="1" index="1" bw="24" slack="0"/>
</pin_list>
<bind>
<opcode="zext(34) " fcode="zext"/>
<opset="zext_ln1494_9/6 "/>
</bind>
</comp>

<comp id="1004" class="1004" name="sext_ln349_9_fu_1004">
<pin_list>
<pin id="1005" dir="0" index="0" bw="24" slack="0"/>
<pin id="1006" dir="1" index="1" bw="25" slack="0"/>
</pin_list>
<bind>
<opcode="sext(35) " fcode="sext"/>
<opset="sext_ln349_9/6 "/>
</bind>
</comp>

<comp id="1007" class="1004" name="zext_ln186_4_fu_1007">
<pin_list>
<pin id="1008" dir="0" index="0" bw="8" slack="3"/>
<pin id="1009" dir="1" index="1" bw="24" slack="0"/>
</pin_list>
<bind>
<opcode="zext(34) " fcode="zext"/>
<opset="zext_ln186_4/7 "/>
</bind>
</comp>

<comp id="1011" class="1004" name="sext_ln1494_4_fu_1011">
<pin_list>
<pin id="1012" dir="0" index="0" bw="16" slack="0"/>
<pin id="1013" dir="1" index="1" bw="24" slack="0"/>
</pin_list>
<bind>
<opcode="sext(35) " fcode="sext"/>
<opset="sext_ln1494_4/7 "/>
</bind>
</comp>

<comp id="1015" class="1004" name="sext_ln349_2_fu_1015">
<pin_list>
<pin id="1016" dir="0" index="0" bw="25" slack="0"/>
<pin id="1017" dir="1" index="1" bw="26" slack="0"/>
</pin_list>
<bind>
<opcode="sext(35) " fcode="sext"/>
<opset="sext_ln349_2/7 "/>
</bind>
</comp>

<comp id="1018" class="1004" name="zext_ln1494_4_fu_1018">
<pin_list>
<pin id="1019" dir="0" index="0" bw="8" slack="3"/>
<pin id="1020" dir="1" index="1" bw="24" slack="0"/>
</pin_list>
<bind>
<opcode="zext(34) " fcode="zext"/>
<opset="zext_ln1494_4/7 "/>
</bind>
</comp>

<comp id="1022" class="1004" name="sext_ln349_6_fu_1022">
<pin_list>
<pin id="1023" dir="0" index="0" bw="25" slack="0"/>
<pin id="1024" dir="1" index="1" bw="26" slack="0"/>
</pin_list>
<bind>
<opcode="sext(35) " fcode="sext"/>
<opset="sext_ln349_6/7 "/>
</bind>
</comp>

<comp id="1025" class="1004" name="zext_ln1494_10_fu_1025">
<pin_list>
<pin id="1026" dir="0" index="0" bw="8" slack="3"/>
<pin id="1027" dir="1" index="1" bw="24" slack="0"/>
</pin_list>
<bind>
<opcode="zext(34) " fcode="zext"/>
<opset="zext_ln1494_10/7 "/>
</bind>
</comp>

<comp id="1029" class="1004" name="sext_ln349_10_fu_1029">
<pin_list>
<pin id="1030" dir="0" index="0" bw="25" slack="0"/>
<pin id="1031" dir="1" index="1" bw="26" slack="0"/>
</pin_list>
<bind>
<opcode="sext(35) " fcode="sext"/>
<opset="sext_ln349_10/7 "/>
</bind>
</comp>

<comp id="1032" class="1004" name="zext_ln186_5_fu_1032">
<pin_list>
<pin id="1033" dir="0" index="0" bw="8" slack="4"/>
<pin id="1034" dir="1" index="1" bw="24" slack="0"/>
</pin_list>
<bind>
<opcode="zext(34) " fcode="zext"/>
<opset="zext_ln186_5/8 "/>
</bind>
</comp>

<comp id="1036" class="1004" name="sext_ln1494_5_fu_1036">
<pin_list>
<pin id="1037" dir="0" index="0" bw="16" slack="0"/>
<pin id="1038" dir="1" index="1" bw="24" slack="0"/>
</pin_list>
<bind>
<opcode="sext(35) " fcode="sext"/>
<opset="sext_ln1494_5/8 "/>
</bind>
</comp>

<comp id="1040" class="1004" name="zext_ln1494_5_fu_1040">
<pin_list>
<pin id="1041" dir="0" index="0" bw="8" slack="4"/>
<pin id="1042" dir="1" index="1" bw="24" slack="0"/>
</pin_list>
<bind>
<opcode="zext(34) " fcode="zext"/>
<opset="zext_ln1494_5/8 "/>
</bind>
</comp>

<comp id="1044" class="1004" name="zext_ln1494_11_fu_1044">
<pin_list>
<pin id="1045" dir="0" index="0" bw="8" slack="4"/>
<pin id="1046" dir="1" index="1" bw="24" slack="0"/>
</pin_list>
<bind>
<opcode="zext(34) " fcode="zext"/>
<opset="zext_ln1494_11/8 "/>
</bind>
</comp>

<comp id="1048" class="1004" name="sext_ln349_3_fu_1048">
<pin_list>
<pin id="1049" dir="0" index="0" bw="26" slack="0"/>
<pin id="1050" dir="1" index="1" bw="27" slack="0"/>
</pin_list>
<bind>
<opcode="sext(35) " fcode="sext"/>
<opset="sext_ln349_3/9 "/>
</bind>
</comp>

<comp id="1051" class="1004" name="sext_ln349_7_fu_1051">
<pin_list>
<pin id="1052" dir="0" index="0" bw="26" slack="0"/>
<pin id="1053" dir="1" index="1" bw="27" slack="0"/>
</pin_list>
<bind>
<opcode="sext(35) " fcode="sext"/>
<opset="sext_ln349_7/9 "/>
</bind>
</comp>

<comp id="1054" class="1004" name="sext_ln349_11_fu_1054">
<pin_list>
<pin id="1055" dir="0" index="0" bw="26" slack="0"/>
<pin id="1056" dir="1" index="1" bw="27" slack="0"/>
</pin_list>
<bind>
<opcode="sext(35) " fcode="sext"/>
<opset="sext_ln349_11/9 "/>
</bind>
</comp>

<comp id="1057" class="1004" name="tmp_fu_1057">
<pin_list>
<pin id="1058" dir="0" index="0" bw="1" slack="0"/>
<pin id="1059" dir="0" index="1" bw="27" slack="0"/>
<pin id="1060" dir="0" index="2" bw="6" slack="0"/>
<pin id="1061" dir="1" index="3" bw="1" slack="0"/>
</pin_list>
<bind>
<opcode="bitselect(1000) " fcode="bitselect"/>
<opset="tmp/11 "/>
</bind>
</comp>

<comp id="1064" class="1004" name="tmp_1_fu_1064">
<pin_list>
<pin id="1065" dir="0" index="0" bw="7" slack="0"/>
<pin id="1066" dir="0" index="1" bw="27" slack="0"/>
<pin id="1067" dir="0" index="2" bw="6" slack="0"/>
<pin id="1068" dir="0" index="3" bw="6" slack="0"/>
<pin id="1069" dir="1" index="4" bw="7" slack="0"/>
</pin_list>
<bind>
<opcode="partselect(1002) " fcode="partselect"/>
<opset="tmp_1/11 "/>
</bind>
</comp>

<comp id="1073" class="1004" name="icmp_ln352_fu_1073">
<pin_list>
<pin id="1074" dir="0" index="0" bw="7" slack="0"/>
<pin id="1075" dir="0" index="1" bw="7" slack="0"/>
<pin id="1076" dir="1" index="2" bw="1" slack="0"/>
</pin_list>
<bind>
<opcode="icmp(45) " fcode="icmp"/>
<opset="icmp_ln352/11 "/>
</bind>
</comp>

<comp id="1079" class="1004" name="trunc_ln2_fu_1079">
<pin_list>
<pin id="1080" dir="0" index="0" bw="8" slack="0"/>
<pin id="1081" dir="0" index="1" bw="27" slack="0"/>
<pin id="1082" dir="0" index="2" bw="5" slack="0"/>
<pin id="1083" dir="0" index="3" bw="6" slack="0"/>
<pin id="1084" dir="1" index="4" bw="8" slack="0"/>
</pin_list>
<bind>
<opcode="partselect(1002) " fcode="partselect"/>
<opset="trunc_ln2/11 "/>
</bind>
</comp>

<comp id="1088" class="1004" name="xor_ln214_fu_1088">
<pin_list>
<pin id="1089" dir="0" index="0" bw="1" slack="0"/>
<pin id="1090" dir="0" index="1" bw="1" slack="0"/>
<pin id="1091" dir="1" index="2" bw="1" slack="0"/>
</pin_list>
<bind>
<opcode="xor(25) " fcode="xor"/>
<opset="xor_ln214/11 "/>
</bind>
</comp>

<comp id="1094" class="1004" name="select_ln214_3_fu_1094">
<pin_list>
<pin id="1095" dir="0" index="0" bw="1" slack="0"/>
<pin id="1096" dir="0" index="1" bw="8" slack="0"/>
<pin id="1097" dir="0" index="2" bw="8" slack="0"/>
<pin id="1098" dir="1" index="3" bw="8" slack="0"/>
</pin_list>
<bind>
<opcode="select(49) " fcode="select"/>
<opset="select_ln214_3/11 "/>
</bind>
</comp>

<comp id="1102" class="1004" name="or_ln214_fu_1102">
<pin_list>
<pin id="1103" dir="0" index="0" bw="1" slack="0"/>
<pin id="1104" dir="0" index="1" bw="1" slack="0"/>
<pin id="1105" dir="1" index="2" bw="1" slack="0"/>
</pin_list>
<bind>
<opcode="or(24) " fcode="or"/>
<opset="or_ln214/11 "/>
</bind>
</comp>

<comp id="1108" class="1004" name="select_ln214_fu_1108">
<pin_list>
<pin id="1109" dir="0" index="0" bw="1" slack="0"/>
<pin id="1110" dir="0" index="1" bw="8" slack="0"/>
<pin id="1111" dir="0" index="2" bw="8" slack="0"/>
<pin id="1112" dir="1" index="3" bw="8" slack="1"/>
</pin_list>
<bind>
<opcode="select(49) " fcode="select"/>
<opset="select_ln214/11 "/>
</bind>
</comp>

<comp id="1116" class="1004" name="tmp_2_fu_1116">
<pin_list>
<pin id="1117" dir="0" index="0" bw="1" slack="0"/>
<pin id="1118" dir="0" index="1" bw="27" slack="0"/>
<pin id="1119" dir="0" index="2" bw="6" slack="0"/>
<pin id="1120" dir="1" index="3" bw="1" slack="0"/>
</pin_list>
<bind>
<opcode="bitselect(1000) " fcode="bitselect"/>
<opset="tmp_2/11 "/>
</bind>
</comp>

<comp id="1123" class="1004" name="tmp_3_fu_1123">
<pin_list>
<pin id="1124" dir="0" index="0" bw="7" slack="0"/>
<pin id="1125" dir="0" index="1" bw="27" slack="0"/>
<pin id="1126" dir="0" index="2" bw="6" slack="0"/>
<pin id="1127" dir="0" index="3" bw="6" slack="0"/>
<pin id="1128" dir="1" index="4" bw="7" slack="0"/>
</pin_list>
<bind>
<opcode="partselect(1002) " fcode="partselect"/>
<opset="tmp_3/11 "/>
</bind>
</comp>

<comp id="1132" class="1004" name="icmp_ln352_1_fu_1132">
<pin_list>
<pin id="1133" dir="0" index="0" bw="7" slack="0"/>
<pin id="1134" dir="0" index="1" bw="7" slack="0"/>
<pin id="1135" dir="1" index="2" bw="1" slack="0"/>
</pin_list>
<bind>
<opcode="icmp(45) " fcode="icmp"/>
<opset="icmp_ln352_1/11 "/>
</bind>
</comp>

<comp id="1138" class="1004" name="trunc_ln214_1_fu_1138">
<pin_list>
<pin id="1139" dir="0" index="0" bw="8" slack="0"/>
<pin id="1140" dir="0" index="1" bw="27" slack="0"/>
<pin id="1141" dir="0" index="2" bw="5" slack="0"/>
<pin id="1142" dir="0" index="3" bw="6" slack="0"/>
<pin id="1143" dir="1" index="4" bw="8" slack="0"/>
</pin_list>
<bind>
<opcode="partselect(1002) " fcode="partselect"/>
<opset="trunc_ln214_1/11 "/>
</bind>
</comp>

<comp id="1147" class="1004" name="xor_ln214_1_fu_1147">
<pin_list>
<pin id="1148" dir="0" index="0" bw="1" slack="0"/>
<pin id="1149" dir="0" index="1" bw="1" slack="0"/>
<pin id="1150" dir="1" index="2" bw="1" slack="0"/>
</pin_list>
<bind>
<opcode="xor(25) " fcode="xor"/>
<opset="xor_ln214_1/11 "/>
</bind>
</comp>

<comp id="1153" class="1004" name="select_ln214_4_fu_1153">
<pin_list>
<pin id="1154" dir="0" index="0" bw="1" slack="0"/>
<pin id="1155" dir="0" index="1" bw="8" slack="0"/>
<pin id="1156" dir="0" index="2" bw="8" slack="0"/>
<pin id="1157" dir="1" index="3" bw="8" slack="0"/>
</pin_list>
<bind>
<opcode="select(49) " fcode="select"/>
<opset="select_ln214_4/11 "/>
</bind>
</comp>

<comp id="1161" class="1004" name="or_ln214_1_fu_1161">
<pin_list>
<pin id="1162" dir="0" index="0" bw="1" slack="0"/>
<pin id="1163" dir="0" index="1" bw="1" slack="0"/>
<pin id="1164" dir="1" index="2" bw="1" slack="0"/>
</pin_list>
<bind>
<opcode="or(24) " fcode="or"/>
<opset="or_ln214_1/11 "/>
</bind>
</comp>

<comp id="1167" class="1004" name="select_ln214_1_fu_1167">
<pin_list>
<pin id="1168" dir="0" index="0" bw="1" slack="0"/>
<pin id="1169" dir="0" index="1" bw="8" slack="0"/>
<pin id="1170" dir="0" index="2" bw="8" slack="0"/>
<pin id="1171" dir="1" index="3" bw="8" slack="1"/>
</pin_list>
<bind>
<opcode="select(49) " fcode="select"/>
<opset="select_ln214_1/11 "/>
</bind>
</comp>

<comp id="1175" class="1004" name="tmp_4_fu_1175">
<pin_list>
<pin id="1176" dir="0" index="0" bw="1" slack="0"/>
<pin id="1177" dir="0" index="1" bw="27" slack="0"/>
<pin id="1178" dir="0" index="2" bw="6" slack="0"/>
<pin id="1179" dir="1" index="3" bw="1" slack="0"/>
</pin_list>
<bind>
<opcode="bitselect(1000) " fcode="bitselect"/>
<opset="tmp_4/11 "/>
</bind>
</comp>

<comp id="1182" class="1004" name="tmp_5_fu_1182">
<pin_list>
<pin id="1183" dir="0" index="0" bw="7" slack="0"/>
<pin id="1184" dir="0" index="1" bw="27" slack="0"/>
<pin id="1185" dir="0" index="2" bw="6" slack="0"/>
<pin id="1186" dir="0" index="3" bw="6" slack="0"/>
<pin id="1187" dir="1" index="4" bw="7" slack="0"/>
</pin_list>
<bind>
<opcode="partselect(1002) " fcode="partselect"/>
<opset="tmp_5/11 "/>
</bind>
</comp>

<comp id="1191" class="1004" name="icmp_ln352_2_fu_1191">
<pin_list>
<pin id="1192" dir="0" index="0" bw="7" slack="0"/>
<pin id="1193" dir="0" index="1" bw="7" slack="0"/>
<pin id="1194" dir="1" index="2" bw="1" slack="0"/>
</pin_list>
<bind>
<opcode="icmp(45) " fcode="icmp"/>
<opset="icmp_ln352_2/11 "/>
</bind>
</comp>

<comp id="1197" class="1004" name="trunc_ln214_2_fu_1197">
<pin_list>
<pin id="1198" dir="0" index="0" bw="8" slack="0"/>
<pin id="1199" dir="0" index="1" bw="27" slack="0"/>
<pin id="1200" dir="0" index="2" bw="5" slack="0"/>
<pin id="1201" dir="0" index="3" bw="6" slack="0"/>
<pin id="1202" dir="1" index="4" bw="8" slack="0"/>
</pin_list>
<bind>
<opcode="partselect(1002) " fcode="partselect"/>
<opset="trunc_ln214_2/11 "/>
</bind>
</comp>

<comp id="1206" class="1004" name="xor_ln214_2_fu_1206">
<pin_list>
<pin id="1207" dir="0" index="0" bw="1" slack="0"/>
<pin id="1208" dir="0" index="1" bw="1" slack="0"/>
<pin id="1209" dir="1" index="2" bw="1" slack="0"/>
</pin_list>
<bind>
<opcode="xor(25) " fcode="xor"/>
<opset="xor_ln214_2/11 "/>
</bind>
</comp>

<comp id="1212" class="1004" name="select_ln214_5_fu_1212">
<pin_list>
<pin id="1213" dir="0" index="0" bw="1" slack="0"/>
<pin id="1214" dir="0" index="1" bw="8" slack="0"/>
<pin id="1215" dir="0" index="2" bw="8" slack="0"/>
<pin id="1216" dir="1" index="3" bw="8" slack="0"/>
</pin_list>
<bind>
<opcode="select(49) " fcode="select"/>
<opset="select_ln214_5/11 "/>
</bind>
</comp>

<comp id="1220" class="1004" name="or_ln214_2_fu_1220">
<pin_list>
<pin id="1221" dir="0" index="0" bw="1" slack="0"/>
<pin id="1222" dir="0" index="1" bw="1" slack="0"/>
<pin id="1223" dir="1" index="2" bw="1" slack="0"/>
</pin_list>
<bind>
<opcode="or(24) " fcode="or"/>
<opset="or_ln214_2/11 "/>
</bind>
</comp>

<comp id="1226" class="1004" name="select_ln214_2_fu_1226">
<pin_list>
<pin id="1227" dir="0" index="0" bw="1" slack="0"/>
<pin id="1228" dir="0" index="1" bw="8" slack="0"/>
<pin id="1229" dir="0" index="2" bw="8" slack="0"/>
<pin id="1230" dir="1" index="3" bw="8" slack="1"/>
</pin_list>
<bind>
<opcode="select(49) " fcode="select"/>
<opset="select_ln214_2/11 "/>
</bind>
</comp>

<comp id="1234" class="1004" name="p_0_fu_1234">
<pin_list>
<pin id="1235" dir="0" index="0" bw="24" slack="0"/>
<pin id="1236" dir="0" index="1" bw="8" slack="1"/>
<pin id="1237" dir="0" index="2" bw="8" slack="1"/>
<pin id="1238" dir="0" index="3" bw="8" slack="1"/>
<pin id="1239" dir="1" index="4" bw="24" slack="0"/>
</pin_list>
<bind>
<opcode="bitconcatenate(1004) " fcode="bitconcatenate"/>
<opset="p_0/12 "/>
</bind>
</comp>

<comp id="1242" class="1007" name="grp_fu_1242">
<pin_list>
<pin id="1243" dir="0" index="0" bw="16" slack="0"/>
<pin id="1244" dir="0" index="1" bw="8" slack="0"/>
<pin id="1245" dir="0" index="2" bw="12" slack="0"/>
<pin id="1246" dir="1" index="3" bw="24" slack="0"/>
</pin_list>
<bind>
<opcode="muladd(1172) " fcode="muladd"/>
<opset="ret_V/3 sum_18/5 "/>
</bind>
</comp>

<comp id="1251" class="1007" name="grp_fu_1251">
<pin_list>
<pin id="1252" dir="0" index="0" bw="16" slack="0"/>
<pin id="1253" dir="0" index="1" bw="8" slack="0"/>
<pin id="1254" dir="0" index="2" bw="12" slack="0"/>
<pin id="1255" dir="1" index="3" bw="24" slack="0"/>
</pin_list>
<bind>
<opcode="muladd(1172) " fcode="muladd"/>
<opset="ret_V_6/3 sum_23/5 "/>
</bind>
</comp>

<comp id="1260" class="1007" name="grp_fu_1260">
<pin_list>
<pin id="1261" dir="0" index="0" bw="16" slack="0"/>
<pin id="1262" dir="0" index="1" bw="8" slack="0"/>
<pin id="1263" dir="0" index="2" bw="12" slack="0"/>
<pin id="1264" dir="1" index="3" bw="24" slack="0"/>
</pin_list>
<bind>
<opcode="muladd(1172) " fcode="muladd"/>
<opset="ret_V_12/3 sum_28/5 "/>
</bind>
</comp>

<comp id="1269" class="1007" name="grp_fu_1269">
<pin_list>
<pin id="1270" dir="0" index="0" bw="16" slack="0"/>
<pin id="1271" dir="0" index="1" bw="8" slack="0"/>
<pin id="1272" dir="0" index="2" bw="24" slack="0"/>
<pin id="1273" dir="1" index="3" bw="25" slack="0"/>
</pin_list>
<bind>
<opcode="muladd(1172) " fcode="muladd"/>
<opset="ret_V_1/4 sext_ln343/6 sum_19/6 "/>
</bind>
</comp>

<comp id="1278" class="1007" name="grp_fu_1278">
<pin_list>
<pin id="1279" dir="0" index="0" bw="16" slack="0"/>
<pin id="1280" dir="0" index="1" bw="8" slack="0"/>
<pin id="1281" dir="0" index="2" bw="24" slack="0"/>
<pin id="1282" dir="1" index="3" bw="25" slack="0"/>
</pin_list>
<bind>
<opcode="muladd(1172) " fcode="muladd"/>
<opset="ret_V_7/4 sext_ln343_4/6 sum_24/6 "/>
</bind>
</comp>

<comp id="1287" class="1007" name="grp_fu_1287">
<pin_list>
<pin id="1288" dir="0" index="0" bw="16" slack="0"/>
<pin id="1289" dir="0" index="1" bw="8" slack="0"/>
<pin id="1290" dir="0" index="2" bw="24" slack="0"/>
<pin id="1291" dir="1" index="3" bw="25" slack="0"/>
</pin_list>
<bind>
<opcode="muladd(1172) " fcode="muladd"/>
<opset="ret_V_13/4 sext_ln343_8/6 sum_29/6 "/>
</bind>
</comp>

<comp id="1296" class="1007" name="grp_fu_1296">
<pin_list>
<pin id="1297" dir="0" index="0" bw="16" slack="0"/>
<pin id="1298" dir="0" index="1" bw="8" slack="0"/>
<pin id="1299" dir="0" index="2" bw="25" slack="0"/>
<pin id="1300" dir="1" index="3" bw="26" slack="0"/>
</pin_list>
<bind>
<opcode="muladd(1172) " fcode="muladd"/>
<opset="ret_V_2/5 sext_ln343_1/7 sum_20/7 "/>
</bind>
</comp>

<comp id="1304" class="1007" name="grp_fu_1304">
<pin_list>
<pin id="1305" dir="0" index="0" bw="16" slack="0"/>
<pin id="1306" dir="0" index="1" bw="8" slack="0"/>
<pin id="1307" dir="0" index="2" bw="25" slack="0"/>
<pin id="1308" dir="1" index="3" bw="26" slack="0"/>
</pin_list>
<bind>
<opcode="muladd(1172) " fcode="muladd"/>
<opset="ret_V_8/5 sext_ln343_5/7 sum_25/7 "/>
</bind>
</comp>

<comp id="1312" class="1007" name="grp_fu_1312">
<pin_list>
<pin id="1313" dir="0" index="0" bw="16" slack="0"/>
<pin id="1314" dir="0" index="1" bw="8" slack="0"/>
<pin id="1315" dir="0" index="2" bw="25" slack="0"/>
<pin id="1316" dir="1" index="3" bw="26" slack="0"/>
</pin_list>
<bind>
<opcode="muladd(1172) " fcode="muladd"/>
<opset="ret_V_14/5 sext_ln343_9/7 sum_30/7 "/>
</bind>
</comp>

<comp id="1320" class="1007" name="grp_fu_1320">
<pin_list>
<pin id="1321" dir="0" index="0" bw="16" slack="0"/>
<pin id="1322" dir="0" index="1" bw="8" slack="0"/>
<pin id="1323" dir="0" index="2" bw="26" slack="0"/>
<pin id="1324" dir="1" index="3" bw="26" slack="0"/>
</pin_list>
<bind>
<opcode="muladd(1172) " fcode="muladd"/>
<opset="ret_V_3/6 sext_ln343_2/8 sum_21/8 "/>
</bind>
</comp>

<comp id="1329" class="1007" name="grp_fu_1329">
<pin_list>
<pin id="1330" dir="0" index="0" bw="16" slack="0"/>
<pin id="1331" dir="0" index="1" bw="8" slack="0"/>
<pin id="1332" dir="0" index="2" bw="26" slack="0"/>
<pin id="1333" dir="1" index="3" bw="26" slack="0"/>
</pin_list>
<bind>
<opcode="muladd(1172) " fcode="muladd"/>
<opset="ret_V_9/6 sext_ln343_6/8 sum_26/8 "/>
</bind>
</comp>

<comp id="1338" class="1007" name="grp_fu_1338">
<pin_list>
<pin id="1339" dir="0" index="0" bw="16" slack="0"/>
<pin id="1340" dir="0" index="1" bw="8" slack="0"/>
<pin id="1341" dir="0" index="2" bw="26" slack="0"/>
<pin id="1342" dir="1" index="3" bw="26" slack="0"/>
</pin_list>
<bind>
<opcode="muladd(1172) " fcode="muladd"/>
<opset="ret_V_15/6 sext_ln343_10/8 sum_31/8 "/>
</bind>
</comp>

<comp id="1347" class="1007" name="grp_fu_1347">
<pin_list>
<pin id="1348" dir="0" index="0" bw="16" slack="0"/>
<pin id="1349" dir="0" index="1" bw="8" slack="0"/>
<pin id="1350" dir="0" index="2" bw="26" slack="0"/>
<pin id="1351" dir="1" index="3" bw="27" slack="0"/>
</pin_list>
<bind>
<opcode="muladd(1172) " fcode="muladd"/>
<opset="ret_V_4/7 sext_ln343_3/9 sum_22/9 "/>
</bind>
</comp>

<comp id="1355" class="1007" name="grp_fu_1355">
<pin_list>
<pin id="1356" dir="0" index="0" bw="16" slack="0"/>
<pin id="1357" dir="0" index="1" bw="8" slack="0"/>
<pin id="1358" dir="0" index="2" bw="26" slack="0"/>
<pin id="1359" dir="1" index="3" bw="27" slack="0"/>
</pin_list>
<bind>
<opcode="muladd(1172) " fcode="muladd"/>
<opset="ret_V_10/7 sext_ln343_7/9 sum_27/9 "/>
</bind>
</comp>

<comp id="1363" class="1007" name="grp_fu_1363">
<pin_list>
<pin id="1364" dir="0" index="0" bw="16" slack="0"/>
<pin id="1365" dir="0" index="1" bw="8" slack="0"/>
<pin id="1366" dir="0" index="2" bw="26" slack="0"/>
<pin id="1367" dir="1" index="3" bw="27" slack="0"/>
</pin_list>
<bind>
<opcode="muladd(1172) " fcode="muladd"/>
<opset="ret_V_16/7 sext_ln343_11/9 sum_32/9 "/>
</bind>
</comp>

<comp id="1371" class="1007" name="grp_fu_1371">
<pin_list>
<pin id="1372" dir="0" index="0" bw="16" slack="0"/>
<pin id="1373" dir="0" index="1" bw="8" slack="0"/>
<pin id="1374" dir="0" index="2" bw="27" slack="0"/>
<pin id="1375" dir="1" index="3" bw="27" slack="0"/>
</pin_list>
<bind>
<opcode="muladd(1172) " fcode="muladd"/>
<opset="ret_V_5/8 sext_ln349/10 sum/10 "/>
</bind>
</comp>

<comp id="1382" class="1007" name="grp_fu_1382">
<pin_list>
<pin id="1383" dir="0" index="0" bw="16" slack="0"/>
<pin id="1384" dir="0" index="1" bw="8" slack="0"/>
<pin id="1385" dir="0" index="2" bw="27" slack="0"/>
<pin id="1386" dir="1" index="3" bw="27" slack="0"/>
</pin_list>
<bind>
<opcode="muladd(1172) " fcode="muladd"/>
<opset="ret_V_11/8 sext_ln349_4/10 sum_11/10 "/>
</bind>
</comp>

<comp id="1393" class="1007" name="grp_fu_1393">
<pin_list>
<pin id="1394" dir="0" index="0" bw="16" slack="0"/>
<pin id="1395" dir="0" index="1" bw="8" slack="0"/>
<pin id="1396" dir="0" index="2" bw="27" slack="0"/>
<pin id="1397" dir="1" index="3" bw="27" slack="0"/>
</pin_list>
<bind>
<opcode="muladd(1172) " fcode="muladd"/>
<opset="ret_V_17/8 sext_ln349_8/10 sum_17/10 "/>
</bind>
</comp>

<comp id="1404" class="1005" name="x_reg_1404">
<pin_list>
<pin id="1405" dir="0" index="0" bw="11" slack="0"/>
<pin id="1406" dir="1" index="1" bw="11" slack="0"/>
</pin_list>
<bind>
<opset="x "/>
</bind>
</comp>

<comp id="1411" class="1005" name="cmp119_read_reg_1411">
<pin_list>
<pin id="1412" dir="0" index="0" bw="1" slack="1"/>
<pin id="1413" dir="1" index="1" bw="1" slack="2147483647"/>
</pin_list>
<bind>
<opset="cmp119_read "/>
</bind>
</comp>

<comp id="1415" class="1005" name="cmp159_read_reg_1415">
<pin_list>
<pin id="1416" dir="0" index="0" bw="1" slack="2"/>
<pin id="1417" dir="1" index="1" bw="1" slack="2"/>
</pin_list>
<bind>
<opset="cmp159_read "/>
</bind>
</comp>

<comp id="1434" class="1005" name="brmerge_read_reg_1434">
<pin_list>
<pin id="1435" dir="0" index="0" bw="1" slack="1"/>
<pin id="1436" dir="1" index="1" bw="1" slack="2147483647"/>
</pin_list>
<bind>
<opset="brmerge_read "/>
</bind>
</comp>

<comp id="1438" class="1005" name="OutputWriteEn_1_read_reg_1438">
<pin_list>
<pin id="1439" dir="0" index="0" bw="1" slack="1"/>
<pin id="1440" dir="1" index="1" bw="1" slack="2147483647"/>
</pin_list>
<bind>
<opset="OutputWriteEn_1_read "/>
</bind>
</comp>

<comp id="1442" class="1005" name="idxprom11_i_cast_reg_1442">
<pin_list>
<pin id="1443" dir="0" index="0" bw="64" slack="1"/>
<pin id="1444" dir="1" index="1" bw="64" slack="1"/>
</pin_list>
<bind>
<opset="idxprom11_i_cast "/>
</bind>
</comp>

<comp id="1452" class="1005" name="x_1_reg_1452">
<pin_list>
<pin id="1453" dir="0" index="0" bw="11" slack="1"/>
<pin id="1454" dir="1" index="1" bw="11" slack="1"/>
</pin_list>
<bind>
<opset="x_1 "/>
</bind>
</comp>

<comp id="1457" class="1005" name="icmp_ln252_reg_1457">
<pin_list>
<pin id="1458" dir="0" index="0" bw="1" slack="1"/>
<pin id="1459" dir="1" index="1" bw="1" slack="2147483647"/>
</pin_list>
<bind>
<opset="icmp_ln252 "/>
</bind>
</comp>

<comp id="1461" class="1005" name="FiltCoeff_addr_reg_1461">
<pin_list>
<pin id="1462" dir="0" index="0" bw="6" slack="1"/>
<pin id="1463" dir="1" index="1" bw="6" slack="1"/>
</pin_list>
<bind>
<opset="FiltCoeff_addr "/>
</bind>
</comp>

<comp id="1466" class="1005" name="LineBuf_val_V_addr_reg_1466">
<pin_list>
<pin id="1467" dir="0" index="0" bw="11" slack="1"/>
<pin id="1468" dir="1" index="1" bw="11" slack="1"/>
</pin_list>
<bind>
<opset="LineBuf_val_V_addr "/>
</bind>
</comp>

<comp id="1471" class="1005" name="LineBuf_val_V_1_addr_reg_1471">
<pin_list>
<pin id="1472" dir="0" index="0" bw="11" slack="1"/>
<pin id="1473" dir="1" index="1" bw="11" slack="1"/>
</pin_list>
<bind>
<opset="LineBuf_val_V_1_addr "/>
</bind>
</comp>

<comp id="1477" class="1005" name="LineBuf_val_V_2_addr_reg_1477">
<pin_list>
<pin id="1478" dir="0" index="0" bw="11" slack="1"/>
<pin id="1479" dir="1" index="1" bw="11" slack="1"/>
</pin_list>
<bind>
<opset="LineBuf_val_V_2_addr "/>
</bind>
</comp>

<comp id="1483" class="1005" name="LineBuf_val_V_3_addr_reg_1483">
<pin_list>
<pin id="1484" dir="0" index="0" bw="11" slack="1"/>
<pin id="1485" dir="1" index="1" bw="11" slack="1"/>
</pin_list>
<bind>
<opset="LineBuf_val_V_3_addr "/>
</bind>
</comp>

<comp id="1489" class="1005" name="LineBuf_val_V_4_addr_reg_1489">
<pin_list>
<pin id="1490" dir="0" index="0" bw="11" slack="1"/>
<pin id="1491" dir="1" index="1" bw="11" slack="1"/>
</pin_list>
<bind>
<opset="LineBuf_val_V_4_addr "/>
</bind>
</comp>

<comp id="1495" class="1005" name="LineBuf_val_V_5_addr_reg_1495">
<pin_list>
<pin id="1496" dir="0" index="0" bw="11" slack="1"/>
<pin id="1497" dir="1" index="1" bw="11" slack="1"/>
</pin_list>
<bind>
<opset="LineBuf_val_V_5_addr "/>
</bind>
</comp>

<comp id="1501" class="1005" name="PixArray_val_V_19_reg_1501">
<pin_list>
<pin id="1502" dir="0" index="0" bw="8" slack="1"/>
<pin id="1503" dir="1" index="1" bw="8" slack="1"/>
</pin_list>
<bind>
<opset="PixArray_val_V_19 "/>
</bind>
</comp>

<comp id="1506" class="1005" name="PixArray_val_V_20_reg_1506">
<pin_list>
<pin id="1507" dir="0" index="0" bw="8" slack="1"/>
<pin id="1508" dir="1" index="1" bw="8" slack="1"/>
</pin_list>
<bind>
<opset="PixArray_val_V_20 "/>
</bind>
</comp>

<comp id="1511" class="1005" name="PixArray_val_V_18_reg_1511">
<pin_list>
<pin id="1512" dir="0" index="0" bw="8" slack="1"/>
<pin id="1513" dir="1" index="1" bw="8" slack="1"/>
</pin_list>
<bind>
<opset="PixArray_val_V_18 "/>
</bind>
</comp>

<comp id="1516" class="1005" name="FiltCoeff_1_addr_reg_1516">
<pin_list>
<pin id="1517" dir="0" index="0" bw="6" slack="1"/>
<pin id="1518" dir="1" index="1" bw="6" slack="1"/>
</pin_list>
<bind>
<opset="FiltCoeff_1_addr "/>
</bind>
</comp>

<comp id="1521" class="1005" name="PixArray_val_V_46_reg_1521">
<pin_list>
<pin id="1522" dir="0" index="0" bw="8" slack="1"/>
<pin id="1523" dir="1" index="1" bw="8" slack="1"/>
</pin_list>
<bind>
<opset="PixArray_val_V_46 "/>
</bind>
</comp>

<comp id="1527" class="1005" name="PixArray_val_V_47_reg_1527">
<pin_list>
<pin id="1528" dir="0" index="0" bw="8" slack="1"/>
<pin id="1529" dir="1" index="1" bw="8" slack="1"/>
</pin_list>
<bind>
<opset="PixArray_val_V_47 "/>
</bind>
</comp>

<comp id="1533" class="1005" name="PixArray_val_V_48_reg_1533">
<pin_list>
<pin id="1534" dir="0" index="0" bw="8" slack="1"/>
<pin id="1535" dir="1" index="1" bw="8" slack="1"/>
</pin_list>
<bind>
<opset="PixArray_val_V_48 "/>
</bind>
</comp>

<comp id="1539" class="1005" name="PixArray_val_V_49_reg_1539">
<pin_list>
<pin id="1540" dir="0" index="0" bw="8" slack="1"/>
<pin id="1541" dir="1" index="1" bw="8" slack="1"/>
</pin_list>
<bind>
<opset="PixArray_val_V_49 "/>
</bind>
</comp>

<comp id="1545" class="1005" name="PixArray_val_V_50_reg_1545">
<pin_list>
<pin id="1546" dir="0" index="0" bw="8" slack="1"/>
<pin id="1547" dir="1" index="1" bw="8" slack="1"/>
</pin_list>
<bind>
<opset="PixArray_val_V_50 "/>
</bind>
</comp>

<comp id="1551" class="1005" name="PixArray_val_V_51_reg_1551">
<pin_list>
<pin id="1552" dir="0" index="0" bw="8" slack="1"/>
<pin id="1553" dir="1" index="1" bw="8" slack="1"/>
</pin_list>
<bind>
<opset="PixArray_val_V_51 "/>
</bind>
</comp>

<comp id="1557" class="1005" name="PixArray_val_V_52_reg_1557">
<pin_list>
<pin id="1558" dir="0" index="0" bw="8" slack="1"/>
<pin id="1559" dir="1" index="1" bw="8" slack="1"/>
</pin_list>
<bind>
<opset="PixArray_val_V_52 "/>
</bind>
</comp>

<comp id="1563" class="1005" name="PixArray_val_V_53_reg_1563">
<pin_list>
<pin id="1564" dir="0" index="0" bw="8" slack="1"/>
<pin id="1565" dir="1" index="1" bw="8" slack="1"/>
</pin_list>
<bind>
<opset="PixArray_val_V_53 "/>
</bind>
</comp>

<comp id="1569" class="1005" name="PixArray_val_V_54_reg_1569">
<pin_list>
<pin id="1570" dir="0" index="0" bw="8" slack="1"/>
<pin id="1571" dir="1" index="1" bw="8" slack="1"/>
</pin_list>
<bind>
<opset="PixArray_val_V_54 "/>
</bind>
</comp>

<comp id="1575" class="1005" name="PixArray_val_V_55_reg_1575">
<pin_list>
<pin id="1576" dir="0" index="0" bw="8" slack="1"/>
<pin id="1577" dir="1" index="1" bw="8" slack="1"/>
</pin_list>
<bind>
<opset="PixArray_val_V_55 "/>
</bind>
</comp>

<comp id="1581" class="1005" name="PixArray_val_V_56_reg_1581">
<pin_list>
<pin id="1582" dir="0" index="0" bw="8" slack="1"/>
<pin id="1583" dir="1" index="1" bw="8" slack="1"/>
</pin_list>
<bind>
<opset="PixArray_val_V_56 "/>
</bind>
</comp>

<comp id="1587" class="1005" name="PixArray_val_V_57_reg_1587">
<pin_list>
<pin id="1588" dir="0" index="0" bw="8" slack="1"/>
<pin id="1589" dir="1" index="1" bw="8" slack="1"/>
</pin_list>
<bind>
<opset="PixArray_val_V_57 "/>
</bind>
</comp>

<comp id="1593" class="1005" name="PixArray_val_V_58_reg_1593">
<pin_list>
<pin id="1594" dir="0" index="0" bw="8" slack="1"/>
<pin id="1595" dir="1" index="1" bw="8" slack="1"/>
</pin_list>
<bind>
<opset="PixArray_val_V_58 "/>
</bind>
</comp>

<comp id="1598" class="1005" name="PixArray_val_V_59_reg_1598">
<pin_list>
<pin id="1599" dir="0" index="0" bw="8" slack="1"/>
<pin id="1600" dir="1" index="1" bw="8" slack="1"/>
</pin_list>
<bind>
<opset="PixArray_val_V_59 "/>
</bind>
</comp>

<comp id="1603" class="1005" name="PixArray_val_V_60_reg_1603">
<pin_list>
<pin id="1604" dir="0" index="0" bw="8" slack="1"/>
<pin id="1605" dir="1" index="1" bw="8" slack="1"/>
</pin_list>
<bind>
<opset="PixArray_val_V_60 "/>
</bind>
</comp>

<comp id="1608" class="1005" name="zext_ln186_reg_1608">
<pin_list>
<pin id="1609" dir="0" index="0" bw="24" slack="1"/>
<pin id="1610" dir="1" index="1" bw="24" slack="1"/>
</pin_list>
<bind>
<opset="zext_ln186 "/>
</bind>
</comp>

<comp id="1613" class="1005" name="sext_ln1494_reg_1613">
<pin_list>
<pin id="1614" dir="0" index="0" bw="24" slack="1"/>
<pin id="1615" dir="1" index="1" bw="24" slack="1"/>
</pin_list>
<bind>
<opset="sext_ln1494 "/>
</bind>
</comp>

<comp id="1620" class="1005" name="zext_ln1494_reg_1620">
<pin_list>
<pin id="1621" dir="0" index="0" bw="24" slack="1"/>
<pin id="1622" dir="1" index="1" bw="24" slack="1"/>
</pin_list>
<bind>
<opset="zext_ln1494 "/>
</bind>
</comp>

<comp id="1625" class="1005" name="zext_ln1494_6_reg_1625">
<pin_list>
<pin id="1626" dir="0" index="0" bw="24" slack="1"/>
<pin id="1627" dir="1" index="1" bw="24" slack="1"/>
</pin_list>
<bind>
<opset="zext_ln1494_6 "/>
</bind>
</comp>

<comp id="1630" class="1005" name="FiltCoeff_2_addr_reg_1630">
<pin_list>
<pin id="1631" dir="0" index="0" bw="6" slack="1"/>
<pin id="1632" dir="1" index="1" bw="6" slack="1"/>
</pin_list>
<bind>
<opset="FiltCoeff_2_addr "/>
</bind>
</comp>

<comp id="1635" class="1005" name="zext_ln186_1_reg_1635">
<pin_list>
<pin id="1636" dir="0" index="0" bw="24" slack="1"/>
<pin id="1637" dir="1" index="1" bw="24" slack="1"/>
</pin_list>
<bind>
<opset="zext_ln186_1 "/>
</bind>
</comp>

<comp id="1640" class="1005" name="sext_ln1494_1_reg_1640">
<pin_list>
<pin id="1641" dir="0" index="0" bw="24" slack="1"/>
<pin id="1642" dir="1" index="1" bw="24" slack="1"/>
</pin_list>
<bind>
<opset="sext_ln1494_1 "/>
</bind>
</comp>

<comp id="1647" class="1005" name="zext_ln1494_1_reg_1647">
<pin_list>
<pin id="1648" dir="0" index="0" bw="24" slack="1"/>
<pin id="1649" dir="1" index="1" bw="24" slack="1"/>
</pin_list>
<bind>
<opset="zext_ln1494_1 "/>
</bind>
</comp>

<comp id="1652" class="1005" name="zext_ln1494_7_reg_1652">
<pin_list>
<pin id="1653" dir="0" index="0" bw="24" slack="1"/>
<pin id="1654" dir="1" index="1" bw="24" slack="1"/>
</pin_list>
<bind>
<opset="zext_ln1494_7 "/>
</bind>
</comp>

<comp id="1657" class="1005" name="FiltCoeff_3_addr_reg_1657">
<pin_list>
<pin id="1658" dir="0" index="0" bw="6" slack="1"/>
<pin id="1659" dir="1" index="1" bw="6" slack="1"/>
</pin_list>
<bind>
<opset="FiltCoeff_3_addr "/>
</bind>
</comp>

<comp id="1662" class="1005" name="zext_ln186_2_reg_1662">
<pin_list>
<pin id="1663" dir="0" index="0" bw="24" slack="1"/>
<pin id="1664" dir="1" index="1" bw="24" slack="1"/>
</pin_list>
<bind>
<opset="zext_ln186_2 "/>
</bind>
</comp>

<comp id="1667" class="1005" name="sext_ln1494_2_reg_1667">
<pin_list>
<pin id="1668" dir="0" index="0" bw="24" slack="1"/>
<pin id="1669" dir="1" index="1" bw="24" slack="1"/>
</pin_list>
<bind>
<opset="sext_ln1494_2 "/>
</bind>
</comp>

<comp id="1674" class="1005" name="zext_ln1494_2_reg_1674">
<pin_list>
<pin id="1675" dir="0" index="0" bw="24" slack="1"/>
<pin id="1676" dir="1" index="1" bw="24" slack="1"/>
</pin_list>
<bind>
<opset="zext_ln1494_2 "/>
</bind>
</comp>

<comp id="1679" class="1005" name="zext_ln1494_8_reg_1679">
<pin_list>
<pin id="1680" dir="0" index="0" bw="24" slack="1"/>
<pin id="1681" dir="1" index="1" bw="24" slack="1"/>
</pin_list>
<bind>
<opset="zext_ln1494_8 "/>
</bind>
</comp>

<comp id="1684" class="1005" name="FiltCoeff_4_addr_reg_1684">
<pin_list>
<pin id="1685" dir="0" index="0" bw="6" slack="1"/>
<pin id="1686" dir="1" index="1" bw="6" slack="1"/>
</pin_list>
<bind>
<opset="FiltCoeff_4_addr "/>
</bind>
</comp>

<comp id="1689" class="1005" name="zext_ln186_3_reg_1689">
<pin_list>
<pin id="1690" dir="0" index="0" bw="24" slack="1"/>
<pin id="1691" dir="1" index="1" bw="24" slack="1"/>
</pin_list>
<bind>
<opset="zext_ln186_3 "/>
</bind>
</comp>

<comp id="1694" class="1005" name="sext_ln1494_3_reg_1694">
<pin_list>
<pin id="1695" dir="0" index="0" bw="24" slack="1"/>
<pin id="1696" dir="1" index="1" bw="24" slack="1"/>
</pin_list>
<bind>
<opset="sext_ln1494_3 "/>
</bind>
</comp>

<comp id="1701" class="1005" name="sext_ln349_1_reg_1701">
<pin_list>
<pin id="1702" dir="0" index="0" bw="25" slack="1"/>
<pin id="1703" dir="1" index="1" bw="25" slack="1"/>
</pin_list>
<bind>
<opset="sext_ln349_1 "/>
</bind>
</comp>

<comp id="1706" class="1005" name="zext_ln1494_3_reg_1706">
<pin_list>
<pin id="1707" dir="0" index="0" bw="24" slack="1"/>
<pin id="1708" dir="1" index="1" bw="24" slack="1"/>
</pin_list>
<bind>
<opset="zext_ln1494_3 "/>
</bind>
</comp>

<comp id="1711" class="1005" name="sext_ln349_5_reg_1711">
<pin_list>
<pin id="1712" dir="0" index="0" bw="25" slack="1"/>
<pin id="1713" dir="1" index="1" bw="25" slack="1"/>
</pin_list>
<bind>
<opset="sext_ln349_5 "/>
</bind>
</comp>

<comp id="1716" class="1005" name="zext_ln1494_9_reg_1716">
<pin_list>
<pin id="1717" dir="0" index="0" bw="24" slack="1"/>
<pin id="1718" dir="1" index="1" bw="24" slack="1"/>
</pin_list>
<bind>
<opset="zext_ln1494_9 "/>
</bind>
</comp>

<comp id="1721" class="1005" name="sext_ln349_9_reg_1721">
<pin_list>
<pin id="1722" dir="0" index="0" bw="25" slack="1"/>
<pin id="1723" dir="1" index="1" bw="25" slack="1"/>
</pin_list>
<bind>
<opset="sext_ln349_9 "/>
</bind>
</comp>

<comp id="1726" class="1005" name="FiltCoeff_5_addr_reg_1726">
<pin_list>
<pin id="1727" dir="0" index="0" bw="6" slack="1"/>
<pin id="1728" dir="1" index="1" bw="6" slack="1"/>
</pin_list>
<bind>
<opset="FiltCoeff_5_addr "/>
</bind>
</comp>

<comp id="1731" class="1005" name="zext_ln186_4_reg_1731">
<pin_list>
<pin id="1732" dir="0" index="0" bw="24" slack="1"/>
<pin id="1733" dir="1" index="1" bw="24" slack="1"/>
</pin_list>
<bind>
<opset="zext_ln186_4 "/>
</bind>
</comp>

<comp id="1736" class="1005" name="sext_ln1494_4_reg_1736">
<pin_list>
<pin id="1737" dir="0" index="0" bw="24" slack="1"/>
<pin id="1738" dir="1" index="1" bw="24" slack="1"/>
</pin_list>
<bind>
<opset="sext_ln1494_4 "/>
</bind>
</comp>

<comp id="1743" class="1005" name="sext_ln349_2_reg_1743">
<pin_list>
<pin id="1744" dir="0" index="0" bw="26" slack="1"/>
<pin id="1745" dir="1" index="1" bw="26" slack="1"/>
</pin_list>
<bind>
<opset="sext_ln349_2 "/>
</bind>
</comp>

<comp id="1748" class="1005" name="zext_ln1494_4_reg_1748">
<pin_list>
<pin id="1749" dir="0" index="0" bw="24" slack="1"/>
<pin id="1750" dir="1" index="1" bw="24" slack="1"/>
</pin_list>
<bind>
<opset="zext_ln1494_4 "/>
</bind>
</comp>

<comp id="1753" class="1005" name="sext_ln349_6_reg_1753">
<pin_list>
<pin id="1754" dir="0" index="0" bw="26" slack="1"/>
<pin id="1755" dir="1" index="1" bw="26" slack="1"/>
</pin_list>
<bind>
<opset="sext_ln349_6 "/>
</bind>
</comp>

<comp id="1758" class="1005" name="zext_ln1494_10_reg_1758">
<pin_list>
<pin id="1759" dir="0" index="0" bw="24" slack="1"/>
<pin id="1760" dir="1" index="1" bw="24" slack="1"/>
</pin_list>
<bind>
<opset="zext_ln1494_10 "/>
</bind>
</comp>

<comp id="1763" class="1005" name="sext_ln349_10_reg_1763">
<pin_list>
<pin id="1764" dir="0" index="0" bw="26" slack="1"/>
<pin id="1765" dir="1" index="1" bw="26" slack="1"/>
</pin_list>
<bind>
<opset="sext_ln349_10 "/>
</bind>
</comp>

<comp id="1768" class="1005" name="zext_ln186_5_reg_1768">
<pin_list>
<pin id="1769" dir="0" index="0" bw="24" slack="1"/>
<pin id="1770" dir="1" index="1" bw="24" slack="1"/>
</pin_list>
<bind>
<opset="zext_ln186_5 "/>
</bind>
</comp>

<comp id="1773" class="1005" name="sext_ln1494_5_reg_1773">
<pin_list>
<pin id="1774" dir="0" index="0" bw="24" slack="1"/>
<pin id="1775" dir="1" index="1" bw="24" slack="1"/>
</pin_list>
<bind>
<opset="sext_ln1494_5 "/>
</bind>
</comp>

<comp id="1780" class="1005" name="sum_20_reg_1780">
<pin_list>
<pin id="1781" dir="0" index="0" bw="26" slack="1"/>
<pin id="1782" dir="1" index="1" bw="26" slack="1"/>
</pin_list>
<bind>
<opset="sum_20 "/>
</bind>
</comp>

<comp id="1785" class="1005" name="zext_ln1494_5_reg_1785">
<pin_list>
<pin id="1786" dir="0" index="0" bw="24" slack="1"/>
<pin id="1787" dir="1" index="1" bw="24" slack="1"/>
</pin_list>
<bind>
<opset="zext_ln1494_5 "/>
</bind>
</comp>

<comp id="1790" class="1005" name="sum_25_reg_1790">
<pin_list>
<pin id="1791" dir="0" index="0" bw="26" slack="1"/>
<pin id="1792" dir="1" index="1" bw="26" slack="1"/>
</pin_list>
<bind>
<opset="sum_25 "/>
</bind>
</comp>

<comp id="1795" class="1005" name="zext_ln1494_11_reg_1795">
<pin_list>
<pin id="1796" dir="0" index="0" bw="24" slack="1"/>
<pin id="1797" dir="1" index="1" bw="24" slack="1"/>
</pin_list>
<bind>
<opset="zext_ln1494_11 "/>
</bind>
</comp>

<comp id="1800" class="1005" name="sum_30_reg_1800">
<pin_list>
<pin id="1801" dir="0" index="0" bw="26" slack="1"/>
<pin id="1802" dir="1" index="1" bw="26" slack="1"/>
</pin_list>
<bind>
<opset="sum_30 "/>
</bind>
</comp>

<comp id="1805" class="1005" name="sext_ln349_3_reg_1805">
<pin_list>
<pin id="1806" dir="0" index="0" bw="27" slack="1"/>
<pin id="1807" dir="1" index="1" bw="27" slack="1"/>
</pin_list>
<bind>
<opset="sext_ln349_3 "/>
</bind>
</comp>

<comp id="1810" class="1005" name="sext_ln349_7_reg_1810">
<pin_list>
<pin id="1811" dir="0" index="0" bw="27" slack="1"/>
<pin id="1812" dir="1" index="1" bw="27" slack="1"/>
</pin_list>
<bind>
<opset="sext_ln349_7 "/>
</bind>
</comp>

<comp id="1815" class="1005" name="sext_ln349_11_reg_1815">
<pin_list>
<pin id="1816" dir="0" index="0" bw="27" slack="1"/>
<pin id="1817" dir="1" index="1" bw="27" slack="1"/>
</pin_list>
<bind>
<opset="sext_ln349_11 "/>
</bind>
</comp>

<comp id="1820" class="1005" name="sum_22_reg_1820">
<pin_list>
<pin id="1821" dir="0" index="0" bw="27" slack="1"/>
<pin id="1822" dir="1" index="1" bw="27" slack="1"/>
</pin_list>
<bind>
<opset="sum_22 "/>
</bind>
</comp>

<comp id="1825" class="1005" name="sum_27_reg_1825">
<pin_list>
<pin id="1826" dir="0" index="0" bw="27" slack="1"/>
<pin id="1827" dir="1" index="1" bw="27" slack="1"/>
</pin_list>
<bind>
<opset="sum_27 "/>
</bind>
</comp>

<comp id="1830" class="1005" name="sum_32_reg_1830">
<pin_list>
<pin id="1831" dir="0" index="0" bw="27" slack="1"/>
<pin id="1832" dir="1" index="1" bw="27" slack="1"/>
</pin_list>
<bind>
<opset="sum_32 "/>
</bind>
</comp>

<comp id="1835" class="1005" name="select_ln214_reg_1835">
<pin_list>
<pin id="1836" dir="0" index="0" bw="8" slack="1"/>
<pin id="1837" dir="1" index="1" bw="8" slack="1"/>
</pin_list>
<bind>
<opset="select_ln214 "/>
</bind>
</comp>

<comp id="1840" class="1005" name="select_ln214_1_reg_1840">
<pin_list>
<pin id="1841" dir="0" index="0" bw="8" slack="1"/>
<pin id="1842" dir="1" index="1" bw="8" slack="1"/>
</pin_list>
<bind>
<opset="select_ln214_1 "/>
</bind>
</comp>

<comp id="1845" class="1005" name="select_ln214_2_reg_1845">
<pin_list>
<pin id="1846" dir="0" index="0" bw="8" slack="1"/>
<pin id="1847" dir="1" index="1" bw="8" slack="1"/>
</pin_list>
<bind>
<opset="select_ln214_2 "/>
</bind>
</comp>

</comp_list>

<net_list>
<net id="125"><net_src comp="40" pin="0"/><net_sink comp="122" pin=0"/></net>

<net id="130"><net_src comp="42" pin="0"/><net_sink comp="126" pin=0"/></net>

<net id="131"><net_src comp="34" pin="0"/><net_sink comp="126" pin=1"/></net>

<net id="136"><net_src comp="42" pin="0"/><net_sink comp="132" pin=0"/></net>

<net id="137"><net_src comp="32" pin="0"/><net_sink comp="132" pin=1"/></net>

<net id="142"><net_src comp="42" pin="0"/><net_sink comp="138" pin=0"/></net>

<net id="143"><net_src comp="30" pin="0"/><net_sink comp="138" pin=1"/></net>

<net id="148"><net_src comp="42" pin="0"/><net_sink comp="144" pin=0"/></net>

<net id="149"><net_src comp="16" pin="0"/><net_sink comp="144" pin=1"/></net>

<net id="154"><net_src comp="44" pin="0"/><net_sink comp="150" pin=0"/></net>

<net id="155"><net_src comp="14" pin="0"/><net_sink comp="150" pin=1"/></net>

<net id="160"><net_src comp="46" pin="0"/><net_sink comp="156" pin=0"/></net>

<net id="161"><net_src comp="2" pin="0"/><net_sink comp="156" pin=1"/></net>

<net id="166"><net_src comp="72" pin="0"/><net_sink comp="162" pin=0"/></net>

<net id="167"><net_src comp="36" pin="0"/><net_sink comp="162" pin=1"/></net>

<net id="173"><net_src comp="120" pin="0"/><net_sink comp="168" pin=0"/></net>

<net id="174"><net_src comp="38" pin="0"/><net_sink comp="168" pin=1"/></net>

<net id="180"><net_src comp="12" pin="0"/><net_sink comp="175" pin=0"/></net>

<net id="181"><net_src comp="70" pin="0"/><net_sink comp="175" pin=1"/></net>

<net id="187"><net_src comp="28" pin="0"/><net_sink comp="182" pin=0"/></net>

<net id="188"><net_src comp="70" pin="0"/><net_sink comp="182" pin=1"/></net>

<net id="194"><net_src comp="182" pin="3"/><net_sink comp="189" pin=0"/></net>

<net id="200"><net_src comp="26" pin="0"/><net_sink comp="195" pin=0"/></net>

<net id="201"><net_src comp="70" pin="0"/><net_sink comp="195" pin=1"/></net>

<net id="211"><net_src comp="195" pin="3"/><net_sink comp="202" pin=2"/></net>

<net id="217"><net_src comp="24" pin="0"/><net_sink comp="212" pin=0"/></net>

<net id="218"><net_src comp="70" pin="0"/><net_sink comp="212" pin=1"/></net>

<net id="228"><net_src comp="212" pin="3"/><net_sink comp="219" pin=2"/></net>

<net id="234"><net_src comp="22" pin="0"/><net_sink comp="229" pin=0"/></net>

<net id="235"><net_src comp="70" pin="0"/><net_sink comp="229" pin=1"/></net>

<net id="245"><net_src comp="229" pin="3"/><net_sink comp="236" pin=2"/></net>

<net id="251"><net_src comp="20" pin="0"/><net_sink comp="246" pin=0"/></net>

<net id="252"><net_src comp="70" pin="0"/><net_sink comp="246" pin=1"/></net>

<net id="262"><net_src comp="246" pin="3"/><net_sink comp="253" pin=2"/></net>

<net id="268"><net_src comp="18" pin="0"/><net_sink comp="263" pin=0"/></net>

<net id="269"><net_src comp="70" pin="0"/><net_sink comp="263" pin=1"/></net>

<net id="279"><net_src comp="263" pin="3"/><net_sink comp="270" pin=2"/></net>

<net id="280"><net_src comp="162" pin="2"/><net_sink comp="189" pin=1"/></net>

<net id="286"><net_src comp="175" pin="3"/><net_sink comp="281" pin=0"/></net>

<net id="292"><net_src comp="10" pin="0"/><net_sink comp="287" pin=0"/></net>

<net id="293"><net_src comp="70" pin="0"/><net_sink comp="287" pin=1"/></net>

<net id="299"><net_src comp="287" pin="3"/><net_sink comp="294" pin=0"/></net>

<net id="305"><net_src comp="8" pin="0"/><net_sink comp="300" pin=0"/></net>

<net id="306"><net_src comp="70" pin="0"/><net_sink comp="300" pin=1"/></net>

<net id="312"><net_src comp="300" pin="3"/><net_sink comp="307" pin=0"/></net>

<net id="318"><net_src comp="6" pin="0"/><net_sink comp="313" pin=0"/></net>

<net id="319"><net_src comp="70" pin="0"/><net_sink comp="313" pin=1"/></net>

<net id="325"><net_src comp="313" pin="3"/><net_sink comp="320" pin=0"/></net>

<net id="331"><net_src comp="4" pin="0"/><net_sink comp="326" pin=0"/></net>

<net id="332"><net_src comp="70" pin="0"/><net_sink comp="326" pin=1"/></net>

<net id="338"><net_src comp="326" pin="3"/><net_sink comp="333" pin=0"/></net>

<net id="344"><net_src comp="0" pin="0"/><net_sink comp="339" pin=0"/></net>

<net id="345"><net_src comp="70" pin="0"/><net_sink comp="339" pin=1"/></net>

<net id="351"><net_src comp="339" pin="3"/><net_sink comp="346" pin=0"/></net>

<net id="361"><net_src comp="355" pin="4"/><net_sink comp="352" pin=0"/></net>

<net id="371"><net_src comp="365" pin="4"/><net_sink comp="362" pin=0"/></net>

<net id="381"><net_src comp="375" pin="4"/><net_sink comp="372" pin=0"/></net>

<net id="418"><net_src comp="352" pin="1"/><net_sink comp="412" pin=0"/></net>

<net id="419"><net_src comp="412" pin="4"/><net_sink comp="409" pin=0"/></net>

<net id="429"><net_src comp="362" pin="1"/><net_sink comp="423" pin=0"/></net>

<net id="430"><net_src comp="423" pin="4"/><net_sink comp="420" pin=0"/></net>

<net id="440"><net_src comp="372" pin="1"/><net_sink comp="434" pin=0"/></net>

<net id="441"><net_src comp="434" pin="4"/><net_sink comp="431" pin=0"/></net>

<net id="451"><net_src comp="445" pin="4"/><net_sink comp="442" pin=0"/></net>

<net id="461"><net_src comp="455" pin="4"/><net_sink comp="452" pin=0"/></net>

<net id="471"><net_src comp="465" pin="4"/><net_sink comp="462" pin=0"/></net>

<net id="481"><net_src comp="475" pin="4"/><net_sink comp="472" pin=0"/></net>

<net id="491"><net_src comp="485" pin="4"/><net_sink comp="482" pin=0"/></net>

<net id="501"><net_src comp="495" pin="4"/><net_sink comp="492" pin=0"/></net>

<net id="511"><net_src comp="505" pin="4"/><net_sink comp="502" pin=0"/></net>

<net id="521"><net_src comp="515" pin="4"/><net_sink comp="512" pin=0"/></net>

<net id="531"><net_src comp="525" pin="4"/><net_sink comp="522" pin=0"/></net>

<net id="562"><net_src comp="156" pin="2"/><net_sink comp="559" pin=0"/></net>

<net id="567"><net_src comp="66" pin="0"/><net_sink comp="563" pin=0"/></net>

<net id="575"><net_src comp="568" pin="1"/><net_sink comp="571" pin=0"/></net>

<net id="576"><net_src comp="150" pin="2"/><net_sink comp="571" pin=1"/></net>

<net id="581"><net_src comp="568" pin="1"/><net_sink comp="577" pin=0"/></net>

<net id="582"><net_src comp="68" pin="0"/><net_sink comp="577" pin=1"/></net>

<net id="587"><net_src comp="577" pin="2"/><net_sink comp="583" pin=0"/></net>

<net id="591"><net_src comp="588" pin="1"/><net_sink comp="182" pin=2"/></net>

<net id="592"><net_src comp="588" pin="1"/><net_sink comp="195" pin=2"/></net>

<net id="593"><net_src comp="588" pin="1"/><net_sink comp="212" pin=2"/></net>

<net id="594"><net_src comp="588" pin="1"/><net_sink comp="229" pin=2"/></net>

<net id="595"><net_src comp="588" pin="1"/><net_sink comp="246" pin=2"/></net>

<net id="596"><net_src comp="588" pin="1"/><net_sink comp="263" pin=2"/></net>

<net id="600"><net_src comp="162" pin="2"/><net_sink comp="597" pin=0"/></net>

<net id="607"><net_src comp="74" pin="0"/><net_sink comp="601" pin=0"/></net>

<net id="608"><net_src comp="162" pin="2"/><net_sink comp="601" pin=1"/></net>

<net id="609"><net_src comp="76" pin="0"/><net_sink comp="601" pin=2"/></net>

<net id="610"><net_src comp="78" pin="0"/><net_sink comp="601" pin=3"/></net>

<net id="617"><net_src comp="74" pin="0"/><net_sink comp="611" pin=0"/></net>

<net id="618"><net_src comp="162" pin="2"/><net_sink comp="611" pin=1"/></net>

<net id="619"><net_src comp="80" pin="0"/><net_sink comp="611" pin=2"/></net>

<net id="620"><net_src comp="82" pin="0"/><net_sink comp="611" pin=3"/></net>

<net id="624"><net_src comp="189" pin="3"/><net_sink comp="621" pin=0"/></net>

<net id="625"><net_src comp="621" pin="1"/><net_sink comp="375" pin=2"/></net>

<net id="632"><net_src comp="74" pin="0"/><net_sink comp="626" pin=0"/></net>

<net id="633"><net_src comp="189" pin="3"/><net_sink comp="626" pin=1"/></net>

<net id="634"><net_src comp="76" pin="0"/><net_sink comp="626" pin=2"/></net>

<net id="635"><net_src comp="78" pin="0"/><net_sink comp="626" pin=3"/></net>

<net id="636"><net_src comp="626" pin="4"/><net_sink comp="365" pin=2"/></net>

<net id="643"><net_src comp="74" pin="0"/><net_sink comp="637" pin=0"/></net>

<net id="644"><net_src comp="189" pin="3"/><net_sink comp="637" pin=1"/></net>

<net id="645"><net_src comp="80" pin="0"/><net_sink comp="637" pin=2"/></net>

<net id="646"><net_src comp="82" pin="0"/><net_sink comp="637" pin=3"/></net>

<net id="647"><net_src comp="637" pin="4"/><net_sink comp="355" pin=2"/></net>

<net id="651"><net_src comp="202" pin="7"/><net_sink comp="648" pin=0"/></net>

<net id="658"><net_src comp="74" pin="0"/><net_sink comp="652" pin=0"/></net>

<net id="659"><net_src comp="202" pin="7"/><net_sink comp="652" pin=1"/></net>

<net id="660"><net_src comp="76" pin="0"/><net_sink comp="652" pin=2"/></net>

<net id="661"><net_src comp="78" pin="0"/><net_sink comp="652" pin=3"/></net>

<net id="668"><net_src comp="74" pin="0"/><net_sink comp="662" pin=0"/></net>

<net id="669"><net_src comp="202" pin="7"/><net_sink comp="662" pin=1"/></net>

<net id="670"><net_src comp="80" pin="0"/><net_sink comp="662" pin=2"/></net>

<net id="671"><net_src comp="82" pin="0"/><net_sink comp="662" pin=3"/></net>

<net id="675"><net_src comp="219" pin="7"/><net_sink comp="672" pin=0"/></net>

<net id="682"><net_src comp="74" pin="0"/><net_sink comp="676" pin=0"/></net>

<net id="683"><net_src comp="219" pin="7"/><net_sink comp="676" pin=1"/></net>

<net id="684"><net_src comp="76" pin="0"/><net_sink comp="676" pin=2"/></net>

<net id="685"><net_src comp="78" pin="0"/><net_sink comp="676" pin=3"/></net>

<net id="692"><net_src comp="74" pin="0"/><net_sink comp="686" pin=0"/></net>

<net id="693"><net_src comp="219" pin="7"/><net_sink comp="686" pin=1"/></net>

<net id="694"><net_src comp="80" pin="0"/><net_sink comp="686" pin=2"/></net>

<net id="695"><net_src comp="82" pin="0"/><net_sink comp="686" pin=3"/></net>

<net id="699"><net_src comp="236" pin="7"/><net_sink comp="696" pin=0"/></net>

<net id="706"><net_src comp="74" pin="0"/><net_sink comp="700" pin=0"/></net>

<net id="707"><net_src comp="236" pin="7"/><net_sink comp="700" pin=1"/></net>

<net id="708"><net_src comp="76" pin="0"/><net_sink comp="700" pin=2"/></net>

<net id="709"><net_src comp="78" pin="0"/><net_sink comp="700" pin=3"/></net>

<net id="716"><net_src comp="74" pin="0"/><net_sink comp="710" pin=0"/></net>

<net id="717"><net_src comp="236" pin="7"/><net_sink comp="710" pin=1"/></net>

<net id="718"><net_src comp="80" pin="0"/><net_sink comp="710" pin=2"/></net>

<net id="719"><net_src comp="82" pin="0"/><net_sink comp="710" pin=3"/></net>

<net id="723"><net_src comp="253" pin="7"/><net_sink comp="720" pin=0"/></net>

<net id="724"><net_src comp="720" pin="1"/><net_sink comp="403" pin=0"/></net>

<net id="731"><net_src comp="74" pin="0"/><net_sink comp="725" pin=0"/></net>

<net id="732"><net_src comp="253" pin="7"/><net_sink comp="725" pin=1"/></net>

<net id="733"><net_src comp="76" pin="0"/><net_sink comp="725" pin=2"/></net>

<net id="734"><net_src comp="78" pin="0"/><net_sink comp="725" pin=3"/></net>

<net id="735"><net_src comp="725" pin="4"/><net_sink comp="394" pin=0"/></net>

<net id="742"><net_src comp="74" pin="0"/><net_sink comp="736" pin=0"/></net>

<net id="743"><net_src comp="253" pin="7"/><net_sink comp="736" pin=1"/></net>

<net id="744"><net_src comp="80" pin="0"/><net_sink comp="736" pin=2"/></net>

<net id="745"><net_src comp="82" pin="0"/><net_sink comp="736" pin=3"/></net>

<net id="746"><net_src comp="736" pin="4"/><net_sink comp="385" pin=0"/></net>

<net id="750"><net_src comp="270" pin="7"/><net_sink comp="747" pin=0"/></net>

<net id="751"><net_src comp="747" pin="1"/><net_sink comp="403" pin=2"/></net>

<net id="758"><net_src comp="74" pin="0"/><net_sink comp="752" pin=0"/></net>

<net id="759"><net_src comp="270" pin="7"/><net_sink comp="752" pin=1"/></net>

<net id="760"><net_src comp="76" pin="0"/><net_sink comp="752" pin=2"/></net>

<net id="761"><net_src comp="78" pin="0"/><net_sink comp="752" pin=3"/></net>

<net id="762"><net_src comp="752" pin="4"/><net_sink comp="394" pin=2"/></net>

<net id="769"><net_src comp="74" pin="0"/><net_sink comp="763" pin=0"/></net>

<net id="770"><net_src comp="270" pin="7"/><net_sink comp="763" pin=1"/></net>

<net id="771"><net_src comp="80" pin="0"/><net_sink comp="763" pin=2"/></net>

<net id="772"><net_src comp="82" pin="0"/><net_sink comp="763" pin=3"/></net>

<net id="773"><net_src comp="763" pin="4"/><net_sink comp="385" pin=2"/></net>

<net id="779"><net_src comp="736" pin="4"/><net_sink comp="774" pin=1"/></net>

<net id="780"><net_src comp="355" pin="4"/><net_sink comp="774" pin=2"/></net>

<net id="786"><net_src comp="725" pin="4"/><net_sink comp="781" pin=1"/></net>

<net id="787"><net_src comp="365" pin="4"/><net_sink comp="781" pin=2"/></net>

<net id="793"><net_src comp="720" pin="1"/><net_sink comp="788" pin=1"/></net>

<net id="794"><net_src comp="375" pin="4"/><net_sink comp="788" pin=2"/></net>

<net id="801"><net_src comp="90" pin="0"/><net_sink comp="795" pin=0"/></net>

<net id="802"><net_src comp="774" pin="3"/><net_sink comp="795" pin=1"/></net>

<net id="803"><net_src comp="781" pin="3"/><net_sink comp="795" pin=2"/></net>

<net id="804"><net_src comp="788" pin="3"/><net_sink comp="795" pin=3"/></net>

<net id="805"><net_src comp="795" pin="4"/><net_sink comp="270" pin=1"/></net>

<net id="811"><net_src comp="710" pin="4"/><net_sink comp="806" pin=1"/></net>

<net id="812"><net_src comp="355" pin="4"/><net_sink comp="806" pin=2"/></net>

<net id="818"><net_src comp="700" pin="4"/><net_sink comp="813" pin=1"/></net>

<net id="819"><net_src comp="365" pin="4"/><net_sink comp="813" pin=2"/></net>

<net id="825"><net_src comp="696" pin="1"/><net_sink comp="820" pin=1"/></net>

<net id="826"><net_src comp="375" pin="4"/><net_sink comp="820" pin=2"/></net>

<net id="833"><net_src comp="90" pin="0"/><net_sink comp="827" pin=0"/></net>

<net id="834"><net_src comp="806" pin="3"/><net_sink comp="827" pin=1"/></net>

<net id="835"><net_src comp="813" pin="3"/><net_sink comp="827" pin=2"/></net>

<net id="836"><net_src comp="820" pin="3"/><net_sink comp="827" pin=3"/></net>

<net id="837"><net_src comp="827" pin="4"/><net_sink comp="253" pin=1"/></net>

<net id="843"><net_src comp="686" pin="4"/><net_sink comp="838" pin=1"/></net>

<net id="844"><net_src comp="355" pin="4"/><net_sink comp="838" pin=2"/></net>

<net id="850"><net_src comp="676" pin="4"/><net_sink comp="845" pin=1"/></net>

<net id="851"><net_src comp="365" pin="4"/><net_sink comp="845" pin=2"/></net>

<net id="857"><net_src comp="672" pin="1"/><net_sink comp="852" pin=1"/></net>

<net id="858"><net_src comp="375" pin="4"/><net_sink comp="852" pin=2"/></net>

<net id="865"><net_src comp="90" pin="0"/><net_sink comp="859" pin=0"/></net>

<net id="866"><net_src comp="838" pin="3"/><net_sink comp="859" pin=1"/></net>

<net id="867"><net_src comp="845" pin="3"/><net_sink comp="859" pin=2"/></net>

<net id="868"><net_src comp="852" pin="3"/><net_sink comp="859" pin=3"/></net>

<net id="869"><net_src comp="859" pin="4"/><net_sink comp="236" pin=1"/></net>

<net id="875"><net_src comp="662" pin="4"/><net_sink comp="870" pin=1"/></net>

<net id="876"><net_src comp="355" pin="4"/><net_sink comp="870" pin=2"/></net>

<net id="882"><net_src comp="652" pin="4"/><net_sink comp="877" pin=1"/></net>

<net id="883"><net_src comp="365" pin="4"/><net_sink comp="877" pin=2"/></net>

<net id="889"><net_src comp="648" pin="1"/><net_sink comp="884" pin=1"/></net>

<net id="890"><net_src comp="375" pin="4"/><net_sink comp="884" pin=2"/></net>

<net id="897"><net_src comp="90" pin="0"/><net_sink comp="891" pin=0"/></net>

<net id="898"><net_src comp="870" pin="3"/><net_sink comp="891" pin=1"/></net>

<net id="899"><net_src comp="877" pin="3"/><net_sink comp="891" pin=2"/></net>

<net id="900"><net_src comp="884" pin="3"/><net_sink comp="891" pin=3"/></net>

<net id="901"><net_src comp="891" pin="4"/><net_sink comp="219" pin=1"/></net>

<net id="907"><net_src comp="637" pin="4"/><net_sink comp="902" pin=1"/></net>

<net id="908"><net_src comp="355" pin="4"/><net_sink comp="902" pin=2"/></net>

<net id="914"><net_src comp="626" pin="4"/><net_sink comp="909" pin=1"/></net>

<net id="915"><net_src comp="365" pin="4"/><net_sink comp="909" pin=2"/></net>

<net id="921"><net_src comp="621" pin="1"/><net_sink comp="916" pin=1"/></net>

<net id="922"><net_src comp="375" pin="4"/><net_sink comp="916" pin=2"/></net>

<net id="929"><net_src comp="90" pin="0"/><net_sink comp="923" pin=0"/></net>

<net id="930"><net_src comp="902" pin="3"/><net_sink comp="923" pin=1"/></net>

<net id="931"><net_src comp="909" pin="3"/><net_sink comp="923" pin=2"/></net>

<net id="932"><net_src comp="916" pin="3"/><net_sink comp="923" pin=3"/></net>

<net id="933"><net_src comp="923" pin="4"/><net_sink comp="202" pin=1"/></net>

<net id="937"><net_src comp="403" pin="4"/><net_sink comp="934" pin=0"/></net>

<net id="941"><net_src comp="281" pin="3"/><net_sink comp="938" pin=0"/></net>

<net id="945"><net_src comp="394" pin="4"/><net_sink comp="942" pin=0"/></net>

<net id="949"><net_src comp="385" pin="4"/><net_sink comp="946" pin=0"/></net>

<net id="953"><net_src comp="553" pin="4"/><net_sink comp="950" pin=0"/></net>

<net id="957"><net_src comp="294" pin="3"/><net_sink comp="954" pin=0"/></net>

<net id="961"><net_src comp="544" pin="4"/><net_sink comp="958" pin=0"/></net>

<net id="965"><net_src comp="535" pin="4"/><net_sink comp="962" pin=0"/></net>

<net id="969"><net_src comp="522" pin="1"/><net_sink comp="966" pin=0"/></net>

<net id="973"><net_src comp="307" pin="3"/><net_sink comp="970" pin=0"/></net>

<net id="977"><net_src comp="512" pin="1"/><net_sink comp="974" pin=0"/></net>

<net id="981"><net_src comp="502" pin="1"/><net_sink comp="978" pin=0"/></net>

<net id="985"><net_src comp="492" pin="1"/><net_sink comp="982" pin=0"/></net>

<net id="989"><net_src comp="320" pin="3"/><net_sink comp="986" pin=0"/></net>

<net id="996"><net_src comp="482" pin="1"/><net_sink comp="993" pin=0"/></net>

<net id="1003"><net_src comp="472" pin="1"/><net_sink comp="1000" pin=0"/></net>

<net id="1010"><net_src comp="462" pin="1"/><net_sink comp="1007" pin=0"/></net>

<net id="1014"><net_src comp="333" pin="3"/><net_sink comp="1011" pin=0"/></net>

<net id="1021"><net_src comp="452" pin="1"/><net_sink comp="1018" pin=0"/></net>

<net id="1028"><net_src comp="442" pin="1"/><net_sink comp="1025" pin=0"/></net>

<net id="1035"><net_src comp="431" pin="1"/><net_sink comp="1032" pin=0"/></net>

<net id="1039"><net_src comp="346" pin="3"/><net_sink comp="1036" pin=0"/></net>

<net id="1043"><net_src comp="420" pin="1"/><net_sink comp="1040" pin=0"/></net>

<net id="1047"><net_src comp="409" pin="1"/><net_sink comp="1044" pin=0"/></net>

<net id="1062"><net_src comp="98" pin="0"/><net_sink comp="1057" pin=0"/></net>

<net id="1063"><net_src comp="100" pin="0"/><net_sink comp="1057" pin=2"/></net>

<net id="1070"><net_src comp="102" pin="0"/><net_sink comp="1064" pin=0"/></net>

<net id="1071"><net_src comp="104" pin="0"/><net_sink comp="1064" pin=2"/></net>

<net id="1072"><net_src comp="100" pin="0"/><net_sink comp="1064" pin=3"/></net>

<net id="1077"><net_src comp="1064" pin="4"/><net_sink comp="1073" pin=0"/></net>

<net id="1078"><net_src comp="106" pin="0"/><net_sink comp="1073" pin=1"/></net>

<net id="1085"><net_src comp="108" pin="0"/><net_sink comp="1079" pin=0"/></net>

<net id="1086"><net_src comp="110" pin="0"/><net_sink comp="1079" pin=2"/></net>

<net id="1087"><net_src comp="112" pin="0"/><net_sink comp="1079" pin=3"/></net>

<net id="1092"><net_src comp="1057" pin="3"/><net_sink comp="1088" pin=0"/></net>

<net id="1093"><net_src comp="114" pin="0"/><net_sink comp="1088" pin=1"/></net>

<net id="1099"><net_src comp="1088" pin="2"/><net_sink comp="1094" pin=0"/></net>

<net id="1100"><net_src comp="116" pin="0"/><net_sink comp="1094" pin=1"/></net>

<net id="1101"><net_src comp="118" pin="0"/><net_sink comp="1094" pin=2"/></net>

<net id="1106"><net_src comp="1057" pin="3"/><net_sink comp="1102" pin=0"/></net>

<net id="1107"><net_src comp="1073" pin="2"/><net_sink comp="1102" pin=1"/></net>

<net id="1113"><net_src comp="1102" pin="2"/><net_sink comp="1108" pin=0"/></net>

<net id="1114"><net_src comp="1094" pin="3"/><net_sink comp="1108" pin=1"/></net>

<net id="1115"><net_src comp="1079" pin="4"/><net_sink comp="1108" pin=2"/></net>

<net id="1121"><net_src comp="98" pin="0"/><net_sink comp="1116" pin=0"/></net>

<net id="1122"><net_src comp="100" pin="0"/><net_sink comp="1116" pin=2"/></net>

<net id="1129"><net_src comp="102" pin="0"/><net_sink comp="1123" pin=0"/></net>

<net id="1130"><net_src comp="104" pin="0"/><net_sink comp="1123" pin=2"/></net>

<net id="1131"><net_src comp="100" pin="0"/><net_sink comp="1123" pin=3"/></net>

<net id="1136"><net_src comp="1123" pin="4"/><net_sink comp="1132" pin=0"/></net>

<net id="1137"><net_src comp="106" pin="0"/><net_sink comp="1132" pin=1"/></net>

<net id="1144"><net_src comp="108" pin="0"/><net_sink comp="1138" pin=0"/></net>

<net id="1145"><net_src comp="110" pin="0"/><net_sink comp="1138" pin=2"/></net>

<net id="1146"><net_src comp="112" pin="0"/><net_sink comp="1138" pin=3"/></net>

<net id="1151"><net_src comp="1116" pin="3"/><net_sink comp="1147" pin=0"/></net>

<net id="1152"><net_src comp="114" pin="0"/><net_sink comp="1147" pin=1"/></net>

<net id="1158"><net_src comp="1147" pin="2"/><net_sink comp="1153" pin=0"/></net>

<net id="1159"><net_src comp="116" pin="0"/><net_sink comp="1153" pin=1"/></net>

<net id="1160"><net_src comp="118" pin="0"/><net_sink comp="1153" pin=2"/></net>

<net id="1165"><net_src comp="1116" pin="3"/><net_sink comp="1161" pin=0"/></net>

<net id="1166"><net_src comp="1132" pin="2"/><net_sink comp="1161" pin=1"/></net>

<net id="1172"><net_src comp="1161" pin="2"/><net_sink comp="1167" pin=0"/></net>

<net id="1173"><net_src comp="1153" pin="3"/><net_sink comp="1167" pin=1"/></net>

<net id="1174"><net_src comp="1138" pin="4"/><net_sink comp="1167" pin=2"/></net>

<net id="1180"><net_src comp="98" pin="0"/><net_sink comp="1175" pin=0"/></net>

<net id="1181"><net_src comp="100" pin="0"/><net_sink comp="1175" pin=2"/></net>

<net id="1188"><net_src comp="102" pin="0"/><net_sink comp="1182" pin=0"/></net>

<net id="1189"><net_src comp="104" pin="0"/><net_sink comp="1182" pin=2"/></net>

<net id="1190"><net_src comp="100" pin="0"/><net_sink comp="1182" pin=3"/></net>

<net id="1195"><net_src comp="1182" pin="4"/><net_sink comp="1191" pin=0"/></net>

<net id="1196"><net_src comp="106" pin="0"/><net_sink comp="1191" pin=1"/></net>

<net id="1203"><net_src comp="108" pin="0"/><net_sink comp="1197" pin=0"/></net>

<net id="1204"><net_src comp="110" pin="0"/><net_sink comp="1197" pin=2"/></net>

<net id="1205"><net_src comp="112" pin="0"/><net_sink comp="1197" pin=3"/></net>

<net id="1210"><net_src comp="1175" pin="3"/><net_sink comp="1206" pin=0"/></net>

<net id="1211"><net_src comp="114" pin="0"/><net_sink comp="1206" pin=1"/></net>

<net id="1217"><net_src comp="1206" pin="2"/><net_sink comp="1212" pin=0"/></net>

<net id="1218"><net_src comp="116" pin="0"/><net_sink comp="1212" pin=1"/></net>

<net id="1219"><net_src comp="118" pin="0"/><net_sink comp="1212" pin=2"/></net>

<net id="1224"><net_src comp="1175" pin="3"/><net_sink comp="1220" pin=0"/></net>

<net id="1225"><net_src comp="1191" pin="2"/><net_sink comp="1220" pin=1"/></net>

<net id="1231"><net_src comp="1220" pin="2"/><net_sink comp="1226" pin=0"/></net>

<net id="1232"><net_src comp="1212" pin="3"/><net_sink comp="1226" pin=1"/></net>

<net id="1233"><net_src comp="1197" pin="4"/><net_sink comp="1226" pin=2"/></net>

<net id="1240"><net_src comp="90" pin="0"/><net_sink comp="1234" pin=0"/></net>

<net id="1241"><net_src comp="1234" pin="4"/><net_sink comp="168" pin=2"/></net>

<net id="1247"><net_src comp="938" pin="1"/><net_sink comp="1242" pin=0"/></net>

<net id="1248"><net_src comp="934" pin="1"/><net_sink comp="1242" pin=1"/></net>

<net id="1249"><net_src comp="92" pin="0"/><net_sink comp="1242" pin=2"/></net>

<net id="1250"><net_src comp="1242" pin="3"/><net_sink comp="990" pin=0"/></net>

<net id="1256"><net_src comp="938" pin="1"/><net_sink comp="1251" pin=0"/></net>

<net id="1257"><net_src comp="942" pin="1"/><net_sink comp="1251" pin=1"/></net>

<net id="1258"><net_src comp="92" pin="0"/><net_sink comp="1251" pin=2"/></net>

<net id="1259"><net_src comp="1251" pin="3"/><net_sink comp="997" pin=0"/></net>

<net id="1265"><net_src comp="938" pin="1"/><net_sink comp="1260" pin=0"/></net>

<net id="1266"><net_src comp="946" pin="1"/><net_sink comp="1260" pin=1"/></net>

<net id="1267"><net_src comp="92" pin="0"/><net_sink comp="1260" pin=2"/></net>

<net id="1268"><net_src comp="1260" pin="3"/><net_sink comp="1004" pin=0"/></net>

<net id="1274"><net_src comp="954" pin="1"/><net_sink comp="1269" pin=0"/></net>

<net id="1275"><net_src comp="950" pin="1"/><net_sink comp="1269" pin=1"/></net>

<net id="1276"><net_src comp="990" pin="1"/><net_sink comp="1269" pin=2"/></net>

<net id="1277"><net_src comp="1269" pin="3"/><net_sink comp="1015" pin=0"/></net>

<net id="1283"><net_src comp="954" pin="1"/><net_sink comp="1278" pin=0"/></net>

<net id="1284"><net_src comp="958" pin="1"/><net_sink comp="1278" pin=1"/></net>

<net id="1285"><net_src comp="997" pin="1"/><net_sink comp="1278" pin=2"/></net>

<net id="1286"><net_src comp="1278" pin="3"/><net_sink comp="1022" pin=0"/></net>

<net id="1292"><net_src comp="954" pin="1"/><net_sink comp="1287" pin=0"/></net>

<net id="1293"><net_src comp="962" pin="1"/><net_sink comp="1287" pin=1"/></net>

<net id="1294"><net_src comp="1004" pin="1"/><net_sink comp="1287" pin=2"/></net>

<net id="1295"><net_src comp="1287" pin="3"/><net_sink comp="1029" pin=0"/></net>

<net id="1301"><net_src comp="970" pin="1"/><net_sink comp="1296" pin=0"/></net>

<net id="1302"><net_src comp="966" pin="1"/><net_sink comp="1296" pin=1"/></net>

<net id="1303"><net_src comp="1015" pin="1"/><net_sink comp="1296" pin=2"/></net>

<net id="1309"><net_src comp="970" pin="1"/><net_sink comp="1304" pin=0"/></net>

<net id="1310"><net_src comp="974" pin="1"/><net_sink comp="1304" pin=1"/></net>

<net id="1311"><net_src comp="1022" pin="1"/><net_sink comp="1304" pin=2"/></net>

<net id="1317"><net_src comp="970" pin="1"/><net_sink comp="1312" pin=0"/></net>

<net id="1318"><net_src comp="978" pin="1"/><net_sink comp="1312" pin=1"/></net>

<net id="1319"><net_src comp="1029" pin="1"/><net_sink comp="1312" pin=2"/></net>

<net id="1325"><net_src comp="986" pin="1"/><net_sink comp="1320" pin=0"/></net>

<net id="1326"><net_src comp="982" pin="1"/><net_sink comp="1320" pin=1"/></net>

<net id="1327"><net_src comp="1296" pin="3"/><net_sink comp="1320" pin=2"/></net>

<net id="1328"><net_src comp="1320" pin="3"/><net_sink comp="1048" pin=0"/></net>

<net id="1334"><net_src comp="986" pin="1"/><net_sink comp="1329" pin=0"/></net>

<net id="1335"><net_src comp="993" pin="1"/><net_sink comp="1329" pin=1"/></net>

<net id="1336"><net_src comp="1304" pin="3"/><net_sink comp="1329" pin=2"/></net>

<net id="1337"><net_src comp="1329" pin="3"/><net_sink comp="1051" pin=0"/></net>

<net id="1343"><net_src comp="986" pin="1"/><net_sink comp="1338" pin=0"/></net>

<net id="1344"><net_src comp="1000" pin="1"/><net_sink comp="1338" pin=1"/></net>

<net id="1345"><net_src comp="1312" pin="3"/><net_sink comp="1338" pin=2"/></net>

<net id="1346"><net_src comp="1338" pin="3"/><net_sink comp="1054" pin=0"/></net>

<net id="1352"><net_src comp="1011" pin="1"/><net_sink comp="1347" pin=0"/></net>

<net id="1353"><net_src comp="1007" pin="1"/><net_sink comp="1347" pin=1"/></net>

<net id="1354"><net_src comp="1048" pin="1"/><net_sink comp="1347" pin=2"/></net>

<net id="1360"><net_src comp="1011" pin="1"/><net_sink comp="1355" pin=0"/></net>

<net id="1361"><net_src comp="1018" pin="1"/><net_sink comp="1355" pin=1"/></net>

<net id="1362"><net_src comp="1051" pin="1"/><net_sink comp="1355" pin=2"/></net>

<net id="1368"><net_src comp="1011" pin="1"/><net_sink comp="1363" pin=0"/></net>

<net id="1369"><net_src comp="1025" pin="1"/><net_sink comp="1363" pin=1"/></net>

<net id="1370"><net_src comp="1054" pin="1"/><net_sink comp="1363" pin=2"/></net>

<net id="1376"><net_src comp="1036" pin="1"/><net_sink comp="1371" pin=0"/></net>

<net id="1377"><net_src comp="1032" pin="1"/><net_sink comp="1371" pin=1"/></net>

<net id="1378"><net_src comp="1347" pin="3"/><net_sink comp="1371" pin=2"/></net>

<net id="1379"><net_src comp="1371" pin="3"/><net_sink comp="1057" pin=1"/></net>

<net id="1380"><net_src comp="1371" pin="3"/><net_sink comp="1064" pin=1"/></net>

<net id="1381"><net_src comp="1371" pin="3"/><net_sink comp="1079" pin=1"/></net>

<net id="1387"><net_src comp="1036" pin="1"/><net_sink comp="1382" pin=0"/></net>

<net id="1388"><net_src comp="1040" pin="1"/><net_sink comp="1382" pin=1"/></net>

<net id="1389"><net_src comp="1355" pin="3"/><net_sink comp="1382" pin=2"/></net>

<net id="1390"><net_src comp="1382" pin="3"/><net_sink comp="1116" pin=1"/></net>

<net id="1391"><net_src comp="1382" pin="3"/><net_sink comp="1123" pin=1"/></net>

<net id="1392"><net_src comp="1382" pin="3"/><net_sink comp="1138" pin=1"/></net>

<net id="1398"><net_src comp="1036" pin="1"/><net_sink comp="1393" pin=0"/></net>

<net id="1399"><net_src comp="1044" pin="1"/><net_sink comp="1393" pin=1"/></net>

<net id="1400"><net_src comp="1363" pin="3"/><net_sink comp="1393" pin=2"/></net>

<net id="1401"><net_src comp="1393" pin="3"/><net_sink comp="1175" pin=1"/></net>

<net id="1402"><net_src comp="1393" pin="3"/><net_sink comp="1182" pin=1"/></net>

<net id="1403"><net_src comp="1393" pin="3"/><net_sink comp="1197" pin=1"/></net>

<net id="1407"><net_src comp="122" pin="1"/><net_sink comp="1404" pin=0"/></net>

<net id="1408"><net_src comp="1404" pin="1"/><net_sink comp="563" pin=1"/></net>

<net id="1409"><net_src comp="1404" pin="1"/><net_sink comp="568" pin=0"/></net>

<net id="1410"><net_src comp="1404" pin="1"/><net_sink comp="583" pin=1"/></net>

<net id="1414"><net_src comp="126" pin="2"/><net_sink comp="1411" pin=0"/></net>

<net id="1418"><net_src comp="132" pin="2"/><net_sink comp="1415" pin=0"/></net>

<net id="1419"><net_src comp="1415" pin="1"/><net_sink comp="774" pin=0"/></net>

<net id="1420"><net_src comp="1415" pin="1"/><net_sink comp="781" pin=0"/></net>

<net id="1421"><net_src comp="1415" pin="1"/><net_sink comp="788" pin=0"/></net>

<net id="1422"><net_src comp="1415" pin="1"/><net_sink comp="806" pin=0"/></net>

<net id="1423"><net_src comp="1415" pin="1"/><net_sink comp="813" pin=0"/></net>

<net id="1424"><net_src comp="1415" pin="1"/><net_sink comp="820" pin=0"/></net>

<net id="1425"><net_src comp="1415" pin="1"/><net_sink comp="838" pin=0"/></net>

<net id="1426"><net_src comp="1415" pin="1"/><net_sink comp="845" pin=0"/></net>

<net id="1427"><net_src comp="1415" pin="1"/><net_sink comp="852" pin=0"/></net>

<net id="1428"><net_src comp="1415" pin="1"/><net_sink comp="870" pin=0"/></net>

<net id="1429"><net_src comp="1415" pin="1"/><net_sink comp="877" pin=0"/></net>

<net id="1430"><net_src comp="1415" pin="1"/><net_sink comp="884" pin=0"/></net>

<net id="1431"><net_src comp="1415" pin="1"/><net_sink comp="902" pin=0"/></net>

<net id="1432"><net_src comp="1415" pin="1"/><net_sink comp="909" pin=0"/></net>

<net id="1433"><net_src comp="1415" pin="1"/><net_sink comp="916" pin=0"/></net>

<net id="1437"><net_src comp="138" pin="2"/><net_sink comp="1434" pin=0"/></net>

<net id="1441"><net_src comp="144" pin="2"/><net_sink comp="1438" pin=0"/></net>

<net id="1445"><net_src comp="559" pin="1"/><net_sink comp="1442" pin=0"/></net>

<net id="1446"><net_src comp="1442" pin="1"/><net_sink comp="175" pin=2"/></net>

<net id="1447"><net_src comp="1442" pin="1"/><net_sink comp="287" pin=2"/></net>

<net id="1448"><net_src comp="1442" pin="1"/><net_sink comp="300" pin=2"/></net>

<net id="1449"><net_src comp="1442" pin="1"/><net_sink comp="313" pin=2"/></net>

<net id="1450"><net_src comp="1442" pin="1"/><net_sink comp="326" pin=2"/></net>

<net id="1451"><net_src comp="1442" pin="1"/><net_sink comp="339" pin=2"/></net>

<net id="1455"><net_src comp="568" pin="1"/><net_sink comp="1452" pin=0"/></net>

<net id="1456"><net_src comp="1452" pin="1"/><net_sink comp="588" pin=0"/></net>

<net id="1460"><net_src comp="571" pin="2"/><net_sink comp="1457" pin=0"/></net>

<net id="1464"><net_src comp="175" pin="3"/><net_sink comp="1461" pin=0"/></net>

<net id="1465"><net_src comp="1461" pin="1"/><net_sink comp="281" pin=0"/></net>

<net id="1469"><net_src comp="182" pin="3"/><net_sink comp="1466" pin=0"/></net>

<net id="1470"><net_src comp="1466" pin="1"/><net_sink comp="189" pin=0"/></net>

<net id="1474"><net_src comp="195" pin="3"/><net_sink comp="1471" pin=0"/></net>

<net id="1475"><net_src comp="1471" pin="1"/><net_sink comp="202" pin=2"/></net>

<net id="1476"><net_src comp="1471" pin="1"/><net_sink comp="202" pin=0"/></net>

<net id="1480"><net_src comp="212" pin="3"/><net_sink comp="1477" pin=0"/></net>

<net id="1481"><net_src comp="1477" pin="1"/><net_sink comp="219" pin=2"/></net>

<net id="1482"><net_src comp="1477" pin="1"/><net_sink comp="219" pin=0"/></net>

<net id="1486"><net_src comp="229" pin="3"/><net_sink comp="1483" pin=0"/></net>

<net id="1487"><net_src comp="1483" pin="1"/><net_sink comp="236" pin=2"/></net>

<net id="1488"><net_src comp="1483" pin="1"/><net_sink comp="236" pin=0"/></net>

<net id="1492"><net_src comp="246" pin="3"/><net_sink comp="1489" pin=0"/></net>

<net id="1493"><net_src comp="1489" pin="1"/><net_sink comp="253" pin=2"/></net>

<net id="1494"><net_src comp="1489" pin="1"/><net_sink comp="253" pin=0"/></net>

<net id="1498"><net_src comp="263" pin="3"/><net_sink comp="1495" pin=0"/></net>

<net id="1499"><net_src comp="1495" pin="1"/><net_sink comp="270" pin=2"/></net>

<net id="1500"><net_src comp="1495" pin="1"/><net_sink comp="270" pin=0"/></net>

<net id="1504"><net_src comp="597" pin="1"/><net_sink comp="1501" pin=0"/></net>

<net id="1505"><net_src comp="1501" pin="1"/><net_sink comp="375" pin=0"/></net>

<net id="1509"><net_src comp="601" pin="4"/><net_sink comp="1506" pin=0"/></net>

<net id="1510"><net_src comp="1506" pin="1"/><net_sink comp="365" pin=0"/></net>

<net id="1514"><net_src comp="611" pin="4"/><net_sink comp="1511" pin=0"/></net>

<net id="1515"><net_src comp="1511" pin="1"/><net_sink comp="355" pin=0"/></net>

<net id="1519"><net_src comp="287" pin="3"/><net_sink comp="1516" pin=0"/></net>

<net id="1520"><net_src comp="1516" pin="1"/><net_sink comp="294" pin=0"/></net>

<net id="1524"><net_src comp="621" pin="1"/><net_sink comp="1521" pin=0"/></net>

<net id="1525"><net_src comp="1521" pin="1"/><net_sink comp="434" pin=2"/></net>

<net id="1526"><net_src comp="1521" pin="1"/><net_sink comp="465" pin=0"/></net>

<net id="1530"><net_src comp="626" pin="4"/><net_sink comp="1527" pin=0"/></net>

<net id="1531"><net_src comp="1527" pin="1"/><net_sink comp="423" pin=2"/></net>

<net id="1532"><net_src comp="1527" pin="1"/><net_sink comp="455" pin=0"/></net>

<net id="1536"><net_src comp="637" pin="4"/><net_sink comp="1533" pin=0"/></net>

<net id="1537"><net_src comp="1533" pin="1"/><net_sink comp="412" pin=2"/></net>

<net id="1538"><net_src comp="1533" pin="1"/><net_sink comp="445" pin=0"/></net>

<net id="1542"><net_src comp="648" pin="1"/><net_sink comp="1539" pin=0"/></net>

<net id="1543"><net_src comp="1539" pin="1"/><net_sink comp="465" pin=2"/></net>

<net id="1544"><net_src comp="1539" pin="1"/><net_sink comp="495" pin=0"/></net>

<net id="1548"><net_src comp="652" pin="4"/><net_sink comp="1545" pin=0"/></net>

<net id="1549"><net_src comp="1545" pin="1"/><net_sink comp="455" pin=2"/></net>

<net id="1550"><net_src comp="1545" pin="1"/><net_sink comp="485" pin=0"/></net>

<net id="1554"><net_src comp="662" pin="4"/><net_sink comp="1551" pin=0"/></net>

<net id="1555"><net_src comp="1551" pin="1"/><net_sink comp="445" pin=2"/></net>

<net id="1556"><net_src comp="1551" pin="1"/><net_sink comp="475" pin=0"/></net>

<net id="1560"><net_src comp="672" pin="1"/><net_sink comp="1557" pin=0"/></net>

<net id="1561"><net_src comp="1557" pin="1"/><net_sink comp="495" pin=2"/></net>

<net id="1562"><net_src comp="1557" pin="1"/><net_sink comp="525" pin=0"/></net>

<net id="1566"><net_src comp="676" pin="4"/><net_sink comp="1563" pin=0"/></net>

<net id="1567"><net_src comp="1563" pin="1"/><net_sink comp="485" pin=2"/></net>

<net id="1568"><net_src comp="1563" pin="1"/><net_sink comp="515" pin=0"/></net>

<net id="1572"><net_src comp="686" pin="4"/><net_sink comp="1569" pin=0"/></net>

<net id="1573"><net_src comp="1569" pin="1"/><net_sink comp="475" pin=2"/></net>

<net id="1574"><net_src comp="1569" pin="1"/><net_sink comp="505" pin=0"/></net>

<net id="1578"><net_src comp="696" pin="1"/><net_sink comp="1575" pin=0"/></net>

<net id="1579"><net_src comp="1575" pin="1"/><net_sink comp="525" pin=2"/></net>

<net id="1580"><net_src comp="1575" pin="1"/><net_sink comp="553" pin=0"/></net>

<net id="1584"><net_src comp="700" pin="4"/><net_sink comp="1581" pin=0"/></net>

<net id="1585"><net_src comp="1581" pin="1"/><net_sink comp="515" pin=2"/></net>

<net id="1586"><net_src comp="1581" pin="1"/><net_sink comp="544" pin=0"/></net>

<net id="1590"><net_src comp="710" pin="4"/><net_sink comp="1587" pin=0"/></net>

<net id="1591"><net_src comp="1587" pin="1"/><net_sink comp="505" pin=2"/></net>

<net id="1592"><net_src comp="1587" pin="1"/><net_sink comp="535" pin=0"/></net>

<net id="1596"><net_src comp="720" pin="1"/><net_sink comp="1593" pin=0"/></net>

<net id="1597"><net_src comp="1593" pin="1"/><net_sink comp="553" pin=2"/></net>

<net id="1601"><net_src comp="725" pin="4"/><net_sink comp="1598" pin=0"/></net>

<net id="1602"><net_src comp="1598" pin="1"/><net_sink comp="544" pin=2"/></net>

<net id="1606"><net_src comp="736" pin="4"/><net_sink comp="1603" pin=0"/></net>

<net id="1607"><net_src comp="1603" pin="1"/><net_sink comp="535" pin=2"/></net>

<net id="1611"><net_src comp="934" pin="1"/><net_sink comp="1608" pin=0"/></net>

<net id="1612"><net_src comp="1608" pin="1"/><net_sink comp="1242" pin=1"/></net>

<net id="1616"><net_src comp="938" pin="1"/><net_sink comp="1613" pin=0"/></net>

<net id="1617"><net_src comp="1613" pin="1"/><net_sink comp="1242" pin=0"/></net>

<net id="1618"><net_src comp="1613" pin="1"/><net_sink comp="1251" pin=0"/></net>

<net id="1619"><net_src comp="1613" pin="1"/><net_sink comp="1260" pin=0"/></net>

<net id="1623"><net_src comp="942" pin="1"/><net_sink comp="1620" pin=0"/></net>

<net id="1624"><net_src comp="1620" pin="1"/><net_sink comp="1251" pin=1"/></net>

<net id="1628"><net_src comp="946" pin="1"/><net_sink comp="1625" pin=0"/></net>

<net id="1629"><net_src comp="1625" pin="1"/><net_sink comp="1260" pin=1"/></net>

<net id="1633"><net_src comp="300" pin="3"/><net_sink comp="1630" pin=0"/></net>

<net id="1634"><net_src comp="1630" pin="1"/><net_sink comp="307" pin=0"/></net>

<net id="1638"><net_src comp="950" pin="1"/><net_sink comp="1635" pin=0"/></net>

<net id="1639"><net_src comp="1635" pin="1"/><net_sink comp="1269" pin=1"/></net>

<net id="1643"><net_src comp="954" pin="1"/><net_sink comp="1640" pin=0"/></net>

<net id="1644"><net_src comp="1640" pin="1"/><net_sink comp="1269" pin=0"/></net>

<net id="1645"><net_src comp="1640" pin="1"/><net_sink comp="1278" pin=0"/></net>

<net id="1646"><net_src comp="1640" pin="1"/><net_sink comp="1287" pin=0"/></net>

<net id="1650"><net_src comp="958" pin="1"/><net_sink comp="1647" pin=0"/></net>

<net id="1651"><net_src comp="1647" pin="1"/><net_sink comp="1278" pin=1"/></net>

<net id="1655"><net_src comp="962" pin="1"/><net_sink comp="1652" pin=0"/></net>

<net id="1656"><net_src comp="1652" pin="1"/><net_sink comp="1287" pin=1"/></net>

<net id="1660"><net_src comp="313" pin="3"/><net_sink comp="1657" pin=0"/></net>

<net id="1661"><net_src comp="1657" pin="1"/><net_sink comp="320" pin=0"/></net>

<net id="1665"><net_src comp="966" pin="1"/><net_sink comp="1662" pin=0"/></net>

<net id="1666"><net_src comp="1662" pin="1"/><net_sink comp="1296" pin=1"/></net>

<net id="1670"><net_src comp="970" pin="1"/><net_sink comp="1667" pin=0"/></net>

<net id="1671"><net_src comp="1667" pin="1"/><net_sink comp="1296" pin=0"/></net>

<net id="1672"><net_src comp="1667" pin="1"/><net_sink comp="1304" pin=0"/></net>

<net id="1673"><net_src comp="1667" pin="1"/><net_sink comp="1312" pin=0"/></net>

<net id="1677"><net_src comp="974" pin="1"/><net_sink comp="1674" pin=0"/></net>

<net id="1678"><net_src comp="1674" pin="1"/><net_sink comp="1304" pin=1"/></net>

<net id="1682"><net_src comp="978" pin="1"/><net_sink comp="1679" pin=0"/></net>

<net id="1683"><net_src comp="1679" pin="1"/><net_sink comp="1312" pin=1"/></net>

<net id="1687"><net_src comp="326" pin="3"/><net_sink comp="1684" pin=0"/></net>

<net id="1688"><net_src comp="1684" pin="1"/><net_sink comp="333" pin=0"/></net>

<net id="1692"><net_src comp="982" pin="1"/><net_sink comp="1689" pin=0"/></net>

<net id="1693"><net_src comp="1689" pin="1"/><net_sink comp="1320" pin=1"/></net>

<net id="1697"><net_src comp="986" pin="1"/><net_sink comp="1694" pin=0"/></net>

<net id="1698"><net_src comp="1694" pin="1"/><net_sink comp="1320" pin=0"/></net>

<net id="1699"><net_src comp="1694" pin="1"/><net_sink comp="1329" pin=0"/></net>

<net id="1700"><net_src comp="1694" pin="1"/><net_sink comp="1338" pin=0"/></net>

<net id="1704"><net_src comp="990" pin="1"/><net_sink comp="1701" pin=0"/></net>

<net id="1705"><net_src comp="1701" pin="1"/><net_sink comp="1269" pin=0"/></net>

<net id="1709"><net_src comp="993" pin="1"/><net_sink comp="1706" pin=0"/></net>

<net id="1710"><net_src comp="1706" pin="1"/><net_sink comp="1329" pin=1"/></net>

<net id="1714"><net_src comp="997" pin="1"/><net_sink comp="1711" pin=0"/></net>

<net id="1715"><net_src comp="1711" pin="1"/><net_sink comp="1278" pin=0"/></net>

<net id="1719"><net_src comp="1000" pin="1"/><net_sink comp="1716" pin=0"/></net>

<net id="1720"><net_src comp="1716" pin="1"/><net_sink comp="1338" pin=1"/></net>

<net id="1724"><net_src comp="1004" pin="1"/><net_sink comp="1721" pin=0"/></net>

<net id="1725"><net_src comp="1721" pin="1"/><net_sink comp="1287" pin=0"/></net>

<net id="1729"><net_src comp="339" pin="3"/><net_sink comp="1726" pin=0"/></net>

<net id="1730"><net_src comp="1726" pin="1"/><net_sink comp="346" pin=0"/></net>

<net id="1734"><net_src comp="1007" pin="1"/><net_sink comp="1731" pin=0"/></net>

<net id="1735"><net_src comp="1731" pin="1"/><net_sink comp="1347" pin=1"/></net>

<net id="1739"><net_src comp="1011" pin="1"/><net_sink comp="1736" pin=0"/></net>

<net id="1740"><net_src comp="1736" pin="1"/><net_sink comp="1347" pin=0"/></net>

<net id="1741"><net_src comp="1736" pin="1"/><net_sink comp="1355" pin=0"/></net>

<net id="1742"><net_src comp="1736" pin="1"/><net_sink comp="1363" pin=0"/></net>

<net id="1746"><net_src comp="1015" pin="1"/><net_sink comp="1743" pin=0"/></net>

<net id="1747"><net_src comp="1743" pin="1"/><net_sink comp="1296" pin=0"/></net>

<net id="1751"><net_src comp="1018" pin="1"/><net_sink comp="1748" pin=0"/></net>

<net id="1752"><net_src comp="1748" pin="1"/><net_sink comp="1355" pin=1"/></net>

<net id="1756"><net_src comp="1022" pin="1"/><net_sink comp="1753" pin=0"/></net>

<net id="1757"><net_src comp="1753" pin="1"/><net_sink comp="1304" pin=0"/></net>

<net id="1761"><net_src comp="1025" pin="1"/><net_sink comp="1758" pin=0"/></net>

<net id="1762"><net_src comp="1758" pin="1"/><net_sink comp="1363" pin=1"/></net>

<net id="1766"><net_src comp="1029" pin="1"/><net_sink comp="1763" pin=0"/></net>

<net id="1767"><net_src comp="1763" pin="1"/><net_sink comp="1312" pin=0"/></net>

<net id="1771"><net_src comp="1032" pin="1"/><net_sink comp="1768" pin=0"/></net>

<net id="1772"><net_src comp="1768" pin="1"/><net_sink comp="1371" pin=1"/></net>

<net id="1776"><net_src comp="1036" pin="1"/><net_sink comp="1773" pin=0"/></net>

<net id="1777"><net_src comp="1773" pin="1"/><net_sink comp="1371" pin=0"/></net>

<net id="1778"><net_src comp="1773" pin="1"/><net_sink comp="1382" pin=0"/></net>

<net id="1779"><net_src comp="1773" pin="1"/><net_sink comp="1393" pin=0"/></net>

<net id="1783"><net_src comp="1296" pin="3"/><net_sink comp="1780" pin=0"/></net>

<net id="1784"><net_src comp="1780" pin="1"/><net_sink comp="1320" pin=0"/></net>

<net id="1788"><net_src comp="1040" pin="1"/><net_sink comp="1785" pin=0"/></net>

<net id="1789"><net_src comp="1785" pin="1"/><net_sink comp="1382" pin=1"/></net>

<net id="1793"><net_src comp="1304" pin="3"/><net_sink comp="1790" pin=0"/></net>

<net id="1794"><net_src comp="1790" pin="1"/><net_sink comp="1329" pin=0"/></net>

<net id="1798"><net_src comp="1044" pin="1"/><net_sink comp="1795" pin=0"/></net>

<net id="1799"><net_src comp="1795" pin="1"/><net_sink comp="1393" pin=1"/></net>

<net id="1803"><net_src comp="1312" pin="3"/><net_sink comp="1800" pin=0"/></net>

<net id="1804"><net_src comp="1800" pin="1"/><net_sink comp="1338" pin=0"/></net>

<net id="1808"><net_src comp="1048" pin="1"/><net_sink comp="1805" pin=0"/></net>

<net id="1809"><net_src comp="1805" pin="1"/><net_sink comp="1347" pin=0"/></net>

<net id="1813"><net_src comp="1051" pin="1"/><net_sink comp="1810" pin=0"/></net>

<net id="1814"><net_src comp="1810" pin="1"/><net_sink comp="1355" pin=0"/></net>

<net id="1818"><net_src comp="1054" pin="1"/><net_sink comp="1815" pin=0"/></net>

<net id="1819"><net_src comp="1815" pin="1"/><net_sink comp="1363" pin=0"/></net>

<net id="1823"><net_src comp="1347" pin="3"/><net_sink comp="1820" pin=0"/></net>

<net id="1824"><net_src comp="1820" pin="1"/><net_sink comp="1371" pin=0"/></net>

<net id="1828"><net_src comp="1355" pin="3"/><net_sink comp="1825" pin=0"/></net>

<net id="1829"><net_src comp="1825" pin="1"/><net_sink comp="1382" pin=0"/></net>

<net id="1833"><net_src comp="1363" pin="3"/><net_sink comp="1830" pin=0"/></net>

<net id="1834"><net_src comp="1830" pin="1"/><net_sink comp="1393" pin=0"/></net>

<net id="1838"><net_src comp="1108" pin="3"/><net_sink comp="1835" pin=0"/></net>

<net id="1839"><net_src comp="1835" pin="1"/><net_sink comp="1234" pin=3"/></net>

<net id="1843"><net_src comp="1167" pin="3"/><net_sink comp="1840" pin=0"/></net>

<net id="1844"><net_src comp="1840" pin="1"/><net_sink comp="1234" pin=2"/></net>

<net id="1848"><net_src comp="1226" pin="3"/><net_sink comp="1845" pin=0"/></net>

<net id="1849"><net_src comp="1845" pin="1"/><net_sink comp="1234" pin=1"/></net>

</net_list>

</model> 
---------------- Datapath Model END ------------------

* FSMD analyzer results:
  - Output states:
	Port: LineBuf_val_V_5 | {3 }
	Port: LineBuf_val_V_4 | {3 }
	Port: LineBuf_val_V_3 | {3 }
	Port: LineBuf_val_V_2 | {3 }
	Port: LineBuf_val_V_1 | {3 }
	Port: LineBuf_val_V | {2 }
	Port: SrcYUV422 | {}
	Port: OutYUV | {12 }
 - Input state : 
	Port: vscale_core_polyphase_Pipeline_loop_width_for_procpix : FiltCoeff_5 | {7 8 }
	Port: vscale_core_polyphase_Pipeline_loop_width_for_procpix : idxprom11_i | {1 }
	Port: vscale_core_polyphase_Pipeline_loop_width_for_procpix : FiltCoeff_4 | {6 7 }
	Port: vscale_core_polyphase_Pipeline_loop_width_for_procpix : FiltCoeff_3 | {5 6 }
	Port: vscale_core_polyphase_Pipeline_loop_width_for_procpix : FiltCoeff_2 | {4 5 }
	Port: vscale_core_polyphase_Pipeline_loop_width_for_procpix : FiltCoeff_1 | {3 4 }
	Port: vscale_core_polyphase_Pipeline_loop_width_for_procpix : FiltCoeff | {2 3 }
	Port: vscale_core_polyphase_Pipeline_loop_width_for_procpix : InPixels | {1 }
	Port: vscale_core_polyphase_Pipeline_loop_width_for_procpix : OutputWriteEn_1 | {1 }
	Port: vscale_core_polyphase_Pipeline_loop_width_for_procpix : LineBuf_val_V_5 | {2 3 }
	Port: vscale_core_polyphase_Pipeline_loop_width_for_procpix : LineBuf_val_V_4 | {2 3 }
	Port: vscale_core_polyphase_Pipeline_loop_width_for_procpix : LineBuf_val_V_3 | {2 3 }
	Port: vscale_core_polyphase_Pipeline_loop_width_for_procpix : LineBuf_val_V_2 | {2 3 }
	Port: vscale_core_polyphase_Pipeline_loop_width_for_procpix : LineBuf_val_V_1 | {2 3 }
	Port: vscale_core_polyphase_Pipeline_loop_width_for_procpix : LineBuf_val_V | {2 3 }
	Port: vscale_core_polyphase_Pipeline_loop_width_for_procpix : brmerge | {1 }
	Port: vscale_core_polyphase_Pipeline_loop_width_for_procpix : cmp159 | {1 }
	Port: vscale_core_polyphase_Pipeline_loop_width_for_procpix : cmp119 | {1 }
	Port: vscale_core_polyphase_Pipeline_loop_width_for_procpix : SrcYUV422 | {2 }
	Port: vscale_core_polyphase_Pipeline_loop_width_for_procpix : OutYUV | {}
  - Chain level:
	State 1
		store_ln0 : 1
		x_1 : 1
		icmp_ln252 : 2
		add_ln252 : 2
		br_ln252 : 3
		store_ln252 : 3
	State 2
		LineBuf_val_V_addr : 1
		LineBufVal_V_5 : 2
		LineBuf_val_V_1_addr : 1
		LineBufVal_V_6 : 2
		LineBuf_val_V_2_addr : 1
		LineBufVal_V_7 : 2
		LineBuf_val_V_3_addr : 1
		LineBufVal_V_8 : 2
		LineBuf_val_V_4_addr : 1
		LineBufVal_V_9 : 2
		LineBuf_val_V_5_addr : 1
		LineBufVal_V_10 : 2
		store_ln798 : 2
		FiltCoeff_load : 1
	State 3
		PixArray_val_V_46 : 1
		PixArray_val_V_47 : 1
		PixArray_val_V_48 : 1
		PixArray_val_V_49 : 1
		PixArray_val_V_50 : 1
		PixArray_val_V_51 : 1
		PixArray_val_V_52 : 1
		PixArray_val_V_53 : 1
		PixArray_val_V_54 : 1
		PixArray_val_V_55 : 1
		PixArray_val_V_56 : 1
		PixArray_val_V_57 : 1
		PixArray_val_V_58 : 1
		PixArray_val_V_59 : 1
		PixArray_val_V_60 : 1
		PixArray_val_V_15 : 1
		PixArray_val_V_16 : 1
		PixArray_val_V_17 : 1
		PixArray_val_V_23 : 2
		PixArray_val_V_22 : 2
		PixArray_val_V_21 : 2
		PixArrayVal_val_V_5 : 3
		PixArrayVal_val_V_4 : 3
		PixArrayVal_val_V_3 : 3
		p_Result_s : 4
		store_ln315 : 5
		PixArrayVal_val_V_11 : 3
		PixArrayVal_val_V_10 : 3
		PixArrayVal_val_V_9 : 3
		p_Result_1 : 4
		store_ln315 : 5
		PixArrayVal_val_V_17 : 3
		PixArrayVal_val_V_16 : 3
		PixArrayVal_val_V_15 : 3
		p_Result_2 : 4
		store_ln315 : 5
		PixArrayVal_val_V_23 : 3
		PixArrayVal_val_V_22 : 3
		PixArrayVal_val_V_21 : 3
		p_Result_3 : 4
		store_ln315 : 5
		PixArrayVal_val_V_29 : 3
		PixArrayVal_val_V_28 : 3
		PixArrayVal_val_V_27 : 3
		p_Result_4 : 4
		store_ln315 : 5
		PixArray_val_V_25 : 2
		PixArray_val_V_24 : 2
		PixArray_val_V : 2
		zext_ln186 : 3
		sext_ln1494 : 1
		ret_V : 4
		FiltCoeff_1_load : 1
		zext_ln1494 : 3
		ret_V_6 : 4
		zext_ln1494_6 : 3
		ret_V_12 : 4
	State 4
		zext_ln186_1 : 1
		sext_ln1494_1 : 1
		ret_V_1 : 2
		FiltCoeff_2_load : 1
		zext_ln1494_1 : 1
		ret_V_7 : 2
		zext_ln1494_7 : 1
		ret_V_13 : 2
	State 5
		sext_ln1494_2 : 1
		ret_V_2 : 2
		FiltCoeff_3_load : 1
		sum_18 : 1
		ret_V_8 : 2
		sum_23 : 1
		ret_V_14 : 2
		sum_28 : 1
	State 6
		sext_ln343 : 1
		sext_ln1494_3 : 1
		ret_V_3 : 2
		FiltCoeff_4_load : 1
		sext_ln349_1 : 1
		sum_19 : 2
		sext_ln343_4 : 1
		ret_V_9 : 2
		sext_ln349_5 : 1
		sum_24 : 2
		sext_ln343_8 : 1
		ret_V_15 : 2
		sext_ln349_9 : 1
		sum_29 : 2
	State 7
		sext_ln343_1 : 1
		sext_ln1494_4 : 1
		ret_V_4 : 2
		FiltCoeff_5_load : 1
		sext_ln349_2 : 1
		sum_20 : 2
		sext_ln343_5 : 1
		ret_V_10 : 2
		sext_ln349_6 : 1
		sum_25 : 2
		sext_ln343_9 : 1
		ret_V_16 : 2
		sext_ln349_10 : 1
		sum_30 : 2
	State 8
		sext_ln343_2 : 1
		sext_ln1494_5 : 1
		ret_V_5 : 2
		sum_21 : 2
		sext_ln343_6 : 1
		ret_V_11 : 2
		sum_26 : 2
		sext_ln343_10 : 1
		ret_V_17 : 2
		sum_31 : 2
	State 9
		sext_ln343_3 : 1
		sext_ln349_3 : 1
		sum_22 : 2
		sext_ln343_7 : 1
		sext_ln349_7 : 1
		sum_27 : 2
		sext_ln343_11 : 1
		sext_ln349_11 : 1
		sum_32 : 2
	State 10
		sext_ln349 : 1
		sum : 2
		sext_ln349_4 : 1
		sum_11 : 2
		sext_ln349_8 : 1
		sum_17 : 2
	State 11
		tmp : 1
		tmp_1 : 1
		icmp_ln352 : 2
		trunc_ln2 : 1
		xor_ln214 : 2
		select_ln214_3 : 2
		or_ln214 : 3
		select_ln214 : 3
		tmp_2 : 1
		tmp_3 : 1
		icmp_ln352_1 : 2
		trunc_ln214_1 : 1
		xor_ln214_1 : 2
		select_ln214_4 : 2
		or_ln214_1 : 3
		select_ln214_1 : 3
		tmp_4 : 1
		tmp_5 : 1
		icmp_ln352_2 : 2
		trunc_ln214_2 : 1
		xor_ln214_2 : 2
		select_ln214_5 : 2
		or_ln214_2 : 3
		select_ln214_2 : 3
	State 12
		write_ln327 : 1


============================================================
+ Verbose Summary: Datapath Resource usage 
============================================================

* Functional unit list:
|----------|----------------------------------|---------|---------|---------|
| Operation|          Functional Unit         |   DSP   |    FF   |   LUT   |
|----------|----------------------------------|---------|---------|---------|
|          |    PixArrayVal_val_V_5_fu_774    |    0    |    0    |    8    |
|          |    PixArrayVal_val_V_4_fu_781    |    0    |    0    |    8    |
|          |    PixArrayVal_val_V_3_fu_788    |    0    |    0    |    8    |
|          |    PixArrayVal_val_V_11_fu_806   |    0    |    0    |    8    |
|          |    PixArrayVal_val_V_10_fu_813   |    0    |    0    |    8    |
|          |    PixArrayVal_val_V_9_fu_820    |    0    |    0    |    8    |
|          |    PixArrayVal_val_V_17_fu_838   |    0    |    0    |    8    |
|          |    PixArrayVal_val_V_16_fu_845   |    0    |    0    |    8    |
|          |    PixArrayVal_val_V_15_fu_852   |    0    |    0    |    8    |
|          |    PixArrayVal_val_V_23_fu_870   |    0    |    0    |    8    |
|  select  |    PixArrayVal_val_V_22_fu_877   |    0    |    0    |    8    |
|          |    PixArrayVal_val_V_21_fu_884   |    0    |    0    |    8    |
|          |    PixArrayVal_val_V_29_fu_902   |    0    |    0    |    8    |
|          |    PixArrayVal_val_V_28_fu_909   |    0    |    0    |    8    |
|          |    PixArrayVal_val_V_27_fu_916   |    0    |    0    |    8    |
|          |      select_ln214_3_fu_1094      |    0    |    0    |    8    |
|          |       select_ln214_fu_1108       |    0    |    0    |    8    |
|          |      select_ln214_4_fu_1153      |    0    |    0    |    8    |
|          |      select_ln214_1_fu_1167      |    0    |    0    |    8    |
|          |      select_ln214_5_fu_1212      |    0    |    0    |    8    |
|          |      select_ln214_2_fu_1226      |    0    |    0    |    8    |
|----------|----------------------------------|---------|---------|---------|
|          |         icmp_ln252_fu_571        |    0    |    0    |    11   |
|   icmp   |        icmp_ln352_fu_1073        |    0    |    0    |    10   |
|          |       icmp_ln352_1_fu_1132       |    0    |    0    |    10   |
|          |       icmp_ln352_2_fu_1191       |    0    |    0    |    10   |
|----------|----------------------------------|---------|---------|---------|
|    add   |         add_ln252_fu_577         |    0    |    0    |    18   |
|----------|----------------------------------|---------|---------|---------|
|          |            grp_fu_1242           |    1    |    0    |    0    |
|          |            grp_fu_1251           |    1    |    0    |    0    |
|          |            grp_fu_1260           |    1    |    0    |    0    |
|          |            grp_fu_1269           |    1    |    0    |    0    |
|          |            grp_fu_1278           |    1    |    0    |    0    |
|          |            grp_fu_1287           |    1    |    0    |    0    |
|          |            grp_fu_1296           |    1    |    0    |    0    |
|          |            grp_fu_1304           |    1    |    0    |    0    |
|  muladd  |            grp_fu_1312           |    1    |    0    |    0    |
|          |            grp_fu_1320           |    1    |    0    |    0    |
|          |            grp_fu_1329           |    1    |    0    |    0    |
|          |            grp_fu_1338           |    1    |    0    |    0    |
|          |            grp_fu_1347           |    1    |    0    |    0    |
|          |            grp_fu_1355           |    1    |    0    |    0    |
|          |            grp_fu_1363           |    1    |    0    |    0    |
|          |            grp_fu_1371           |    1    |    0    |    0    |
|          |            grp_fu_1382           |    1    |    0    |    0    |
|          |            grp_fu_1393           |    1    |    0    |    0    |
|----------|----------------------------------|---------|---------|---------|
|          |         xor_ln214_fu_1088        |    0    |    0    |    2    |
|    xor   |        xor_ln214_1_fu_1147       |    0    |    0    |    2    |
|          |        xor_ln214_2_fu_1206       |    0    |    0    |    2    |
|----------|----------------------------------|---------|---------|---------|
|          |         or_ln214_fu_1102         |    0    |    0    |    2    |
|    or    |        or_ln214_1_fu_1161        |    0    |    0    |    2    |
|          |        or_ln214_2_fu_1220        |    0    |    0    |    2    |
|----------|----------------------------------|---------|---------|---------|
|          |      cmp119_read_read_fu_126     |    0    |    0    |    0    |
|          |      cmp159_read_read_fu_132     |    0    |    0    |    0    |
|          |     brmerge_read_read_fu_138     |    0    |    0    |    0    |
|   read   | OutputWriteEn_1_read_read_fu_144 |    0    |    0    |    0    |
|          |     InPixels_read_read_fu_150    |    0    |    0    |    0    |
|          |   idxprom11_i_read_read_fu_156   |    0    |    0    |    0    |
|          |      p_Result_5_read_fu_162      |    0    |    0    |    0    |
|----------|----------------------------------|---------|---------|---------|
|   write  |     write_ln327_write_fu_168     |    0    |    0    |    0    |
|----------|----------------------------------|---------|---------|---------|
|          |      idxprom11_i_cast_fu_559     |    0    |    0    |    0    |
|          |         zext_ln252_fu_588        |    0    |    0    |    0    |
|          |         zext_ln186_fu_934        |    0    |    0    |    0    |
|          |        zext_ln1494_fu_942        |    0    |    0    |    0    |
|          |       zext_ln1494_6_fu_946       |    0    |    0    |    0    |
|          |        zext_ln186_1_fu_950       |    0    |    0    |    0    |
|          |       zext_ln1494_1_fu_958       |    0    |    0    |    0    |
|          |       zext_ln1494_7_fu_962       |    0    |    0    |    0    |
|          |        zext_ln186_2_fu_966       |    0    |    0    |    0    |
|   zext   |       zext_ln1494_2_fu_974       |    0    |    0    |    0    |
|          |       zext_ln1494_8_fu_978       |    0    |    0    |    0    |
|          |        zext_ln186_3_fu_982       |    0    |    0    |    0    |
|          |       zext_ln1494_3_fu_993       |    0    |    0    |    0    |
|          |       zext_ln1494_9_fu_1000      |    0    |    0    |    0    |
|          |       zext_ln186_4_fu_1007       |    0    |    0    |    0    |
|          |       zext_ln1494_4_fu_1018      |    0    |    0    |    0    |
|          |      zext_ln1494_10_fu_1025      |    0    |    0    |    0    |
|          |       zext_ln186_5_fu_1032       |    0    |    0    |    0    |
|          |       zext_ln1494_5_fu_1040      |    0    |    0    |    0    |
|          |      zext_ln1494_11_fu_1044      |    0    |    0    |    0    |
|----------|----------------------------------|---------|---------|---------|
|          |     PixArray_val_V_19_fu_597     |    0    |    0    |    0    |
|          |     PixArray_val_V_46_fu_621     |    0    |    0    |    0    |
|          |     PixArray_val_V_49_fu_648     |    0    |    0    |    0    |
|   trunc  |     PixArray_val_V_52_fu_672     |    0    |    0    |    0    |
|          |     PixArray_val_V_55_fu_696     |    0    |    0    |    0    |
|          |     PixArray_val_V_58_fu_720     |    0    |    0    |    0    |
|          |     PixArray_val_V_15_fu_747     |    0    |    0    |    0    |
|----------|----------------------------------|---------|---------|---------|
|          |     PixArray_val_V_20_fu_601     |    0    |    0    |    0    |
|          |     PixArray_val_V_18_fu_611     |    0    |    0    |    0    |
|          |     PixArray_val_V_47_fu_626     |    0    |    0    |    0    |
|          |     PixArray_val_V_48_fu_637     |    0    |    0    |    0    |
|          |     PixArray_val_V_50_fu_652     |    0    |    0    |    0    |
|          |     PixArray_val_V_51_fu_662     |    0    |    0    |    0    |
|          |     PixArray_val_V_53_fu_676     |    0    |    0    |    0    |
|          |     PixArray_val_V_54_fu_686     |    0    |    0    |    0    |
|          |     PixArray_val_V_56_fu_700     |    0    |    0    |    0    |
|partselect|     PixArray_val_V_57_fu_710     |    0    |    0    |    0    |
|          |     PixArray_val_V_59_fu_725     |    0    |    0    |    0    |
|          |     PixArray_val_V_60_fu_736     |    0    |    0    |    0    |
|          |     PixArray_val_V_16_fu_752     |    0    |    0    |    0    |
|          |     PixArray_val_V_17_fu_763     |    0    |    0    |    0    |
|          |           tmp_1_fu_1064          |    0    |    0    |    0    |
|          |         trunc_ln2_fu_1079        |    0    |    0    |    0    |
|          |           tmp_3_fu_1123          |    0    |    0    |    0    |
|          |       trunc_ln214_1_fu_1138      |    0    |    0    |    0    |
|          |           tmp_5_fu_1182          |    0    |    0    |    0    |
|          |       trunc_ln214_2_fu_1197      |    0    |    0    |    0    |
|----------|----------------------------------|---------|---------|---------|
|          |         p_Result_s_fu_795        |    0    |    0    |    0    |
|          |         p_Result_1_fu_827        |    0    |    0    |    0    |
|bitconcatenate|         p_Result_2_fu_859        |    0    |    0    |    0    |
|          |         p_Result_3_fu_891        |    0    |    0    |    0    |
|          |         p_Result_4_fu_923        |    0    |    0    |    0    |
|          |            p_0_fu_1234           |    0    |    0    |    0    |
|----------|----------------------------------|---------|---------|---------|
|          |        sext_ln1494_fu_938        |    0    |    0    |    0    |
|          |       sext_ln1494_1_fu_954       |    0    |    0    |    0    |
|          |       sext_ln1494_2_fu_970       |    0    |    0    |    0    |
|          |       sext_ln1494_3_fu_986       |    0    |    0    |    0    |
|          |        sext_ln349_1_fu_990       |    0    |    0    |    0    |
|          |        sext_ln349_5_fu_997       |    0    |    0    |    0    |
|          |       sext_ln349_9_fu_1004       |    0    |    0    |    0    |
|   sext   |       sext_ln1494_4_fu_1011      |    0    |    0    |    0    |
|          |       sext_ln349_2_fu_1015       |    0    |    0    |    0    |
|          |       sext_ln349_6_fu_1022       |    0    |    0    |    0    |
|          |       sext_ln349_10_fu_1029      |    0    |    0    |    0    |
|          |       sext_ln1494_5_fu_1036      |    0    |    0    |    0    |
|          |       sext_ln349_3_fu_1048       |    0    |    0    |    0    |
|          |       sext_ln349_7_fu_1051       |    0    |    0    |    0    |
|          |       sext_ln349_11_fu_1054      |    0    |    0    |    0    |
|----------|----------------------------------|---------|---------|---------|
|          |            tmp_fu_1057           |    0    |    0    |    0    |
| bitselect|           tmp_2_fu_1116          |    0    |    0    |    0    |
|          |           tmp_4_fu_1175          |    0    |    0    |    0    |
|----------|----------------------------------|---------|---------|---------|
|   Total  |                                  |    18   |    0    |   239   |
|----------|----------------------------------|---------|---------|---------|

Memories:
N/A

* Register list:
+-----------------------------+--------+
|                             |   FF   |
+-----------------------------+--------+
|  FiltCoeff_1_addr_reg_1516  |    6   |
|  FiltCoeff_2_addr_reg_1630  |    6   |
|  FiltCoeff_3_addr_reg_1657  |    6   |
|  FiltCoeff_4_addr_reg_1684  |    6   |
|  FiltCoeff_5_addr_reg_1726  |    6   |
|   FiltCoeff_addr_reg_1461   |    6   |
|LineBuf_val_V_1_addr_reg_1471|   11   |
|LineBuf_val_V_2_addr_reg_1477|   11   |
|LineBuf_val_V_3_addr_reg_1483|   11   |
|LineBuf_val_V_4_addr_reg_1489|   11   |
|LineBuf_val_V_5_addr_reg_1495|   11   |
| LineBuf_val_V_addr_reg_1466 |   11   |
|OutputWriteEn_1_read_reg_1438|    1   |
|  PixArray_val_V_18_reg_1511 |    8   |
|  PixArray_val_V_19_reg_1501 |    8   |
|  PixArray_val_V_20_reg_1506 |    8   |
|  PixArray_val_V_21_reg_372  |    8   |
|  PixArray_val_V_22_reg_362  |    8   |
|  PixArray_val_V_23_reg_352  |    8   |
|  PixArray_val_V_24_reg_391  |    8   |
|  PixArray_val_V_25_reg_382  |    8   |
|  PixArray_val_V_27_reg_541  |    8   |
|  PixArray_val_V_28_reg_532  |    8   |
|  PixArray_val_V_30_reg_512  |    8   |
|  PixArray_val_V_31_reg_502  |    8   |
|  PixArray_val_V_33_reg_482  |    8   |
|  PixArray_val_V_34_reg_472  |    8   |
|  PixArray_val_V_36_reg_452  |    8   |
|  PixArray_val_V_37_reg_442  |    8   |
|  PixArray_val_V_39_reg_420  |    8   |
|  PixArray_val_V_40_reg_409  |    8   |
|  PixArray_val_V_41_reg_550  |    8   |
|  PixArray_val_V_42_reg_522  |    8   |
|  PixArray_val_V_43_reg_492  |    8   |
|  PixArray_val_V_44_reg_462  |    8   |
|  PixArray_val_V_45_reg_431  |    8   |
|  PixArray_val_V_46_reg_1521 |    8   |
|  PixArray_val_V_47_reg_1527 |    8   |
|  PixArray_val_V_48_reg_1533 |    8   |
|  PixArray_val_V_49_reg_1539 |    8   |
|  PixArray_val_V_50_reg_1545 |    8   |
|  PixArray_val_V_51_reg_1551 |    8   |
|  PixArray_val_V_52_reg_1557 |    8   |
|  PixArray_val_V_53_reg_1563 |    8   |
|  PixArray_val_V_54_reg_1569 |    8   |
|  PixArray_val_V_55_reg_1575 |    8   |
|  PixArray_val_V_56_reg_1581 |    8   |
|  PixArray_val_V_57_reg_1587 |    8   |
|  PixArray_val_V_58_reg_1593 |    8   |
|  PixArray_val_V_59_reg_1598 |    8   |
|  PixArray_val_V_60_reg_1603 |    8   |
|    PixArray_val_V_reg_400   |    8   |
|    brmerge_read_reg_1434    |    1   |
|     cmp119_read_reg_1411    |    1   |
|     cmp159_read_reg_1415    |    1   |
|     icmp_ln252_reg_1457     |    1   |
|  idxprom11_i_cast_reg_1442  |   64   |
|   select_ln214_1_reg_1840   |    8   |
|   select_ln214_2_reg_1845   |    8   |
|    select_ln214_reg_1835    |    8   |
|    sext_ln1494_1_reg_1640   |   24   |
|    sext_ln1494_2_reg_1667   |   24   |
|    sext_ln1494_3_reg_1694   |   24   |
|    sext_ln1494_4_reg_1736   |   24   |
|    sext_ln1494_5_reg_1773   |   24   |
|     sext_ln1494_reg_1613    |   24   |
|    sext_ln349_10_reg_1763   |   26   |
|    sext_ln349_11_reg_1815   |   27   |
|    sext_ln349_1_reg_1701    |   25   |
|    sext_ln349_2_reg_1743    |   26   |
|    sext_ln349_3_reg_1805    |   27   |
|    sext_ln349_5_reg_1711    |   25   |
|    sext_ln349_6_reg_1753    |   26   |
|    sext_ln349_7_reg_1810    |   27   |
|    sext_ln349_9_reg_1721    |   25   |
|       sum_20_reg_1780       |   26   |
|       sum_22_reg_1820       |   27   |
|       sum_25_reg_1790       |   26   |
|       sum_27_reg_1825       |   27   |
|       sum_30_reg_1800       |   26   |
|       sum_32_reg_1830       |   27   |
|         x_1_reg_1452        |   11   |
|          x_reg_1404         |   11   |
|   zext_ln1494_10_reg_1758   |   24   |
|   zext_ln1494_11_reg_1795   |   24   |
|    zext_ln1494_1_reg_1647   |   24   |
|    zext_ln1494_2_reg_1674   |   24   |
|    zext_ln1494_3_reg_1706   |   24   |
|    zext_ln1494_4_reg_1748   |   24   |
|    zext_ln1494_5_reg_1785   |   24   |
|    zext_ln1494_6_reg_1625   |   24   |
|    zext_ln1494_7_reg_1652   |   24   |
|    zext_ln1494_8_reg_1679   |   24   |
|    zext_ln1494_9_reg_1716   |   24   |
|     zext_ln1494_reg_1620    |   24   |
|    zext_ln186_1_reg_1635    |   24   |
|    zext_ln186_2_reg_1662    |   24   |
|    zext_ln186_3_reg_1689    |   24   |
|    zext_ln186_4_reg_1731    |   24   |
|    zext_ln186_5_reg_1768    |   24   |
|     zext_ln186_reg_1608     |   24   |
+-----------------------------+--------+
|            Total            |  1498  |
+-----------------------------+--------+

* Multiplexer (MUX) list: 
|-------------------|------|------|------|--------||---------||---------|
|        Comp       |  Pin | Size |  BW  | S x BW ||  Delay  ||   LUT   |
|-------------------|------|------|------|--------||---------||---------|
| grp_access_fu_189 |  p0  |   2  |  11  |   22   ||    9    |
| grp_access_fu_202 |  p2  |   2  |   0  |    0   ||    9    |
| grp_access_fu_219 |  p2  |   2  |   0  |    0   ||    9    |
| grp_access_fu_236 |  p2  |   2  |   0  |    0   ||    9    |
| grp_access_fu_253 |  p2  |   2  |   0  |    0   ||    9    |
| grp_access_fu_270 |  p2  |   2  |   0  |    0   ||    9    |
| grp_access_fu_281 |  p0  |   2  |   6  |   12   ||    9    |
| grp_access_fu_294 |  p0  |   2  |   6  |   12   ||    9    |
| grp_access_fu_307 |  p0  |   2  |   6  |   12   ||    9    |
| grp_access_fu_320 |  p0  |   2  |   6  |   12   ||    9    |
| grp_access_fu_333 |  p0  |   2  |   6  |   12   ||    9    |
| grp_access_fu_346 |  p0  |   2  |   6  |   12   ||    9    |
|    grp_fu_1242    |  p0  |   2  |  16  |   32   ||    9    |
|    grp_fu_1242    |  p1  |   2  |   8  |   16   ||    9    |
|    grp_fu_1251    |  p0  |   2  |  16  |   32   ||    9    |
|    grp_fu_1251    |  p1  |   2  |   8  |   16   ||    9    |
|    grp_fu_1260    |  p0  |   2  |  16  |   32   ||    9    |
|    grp_fu_1260    |  p1  |   2  |   8  |   16   ||    9    |
|    grp_fu_1269    |  p0  |   3  |  16  |   48   ||    14   |
|    grp_fu_1269    |  p1  |   2  |   8  |   16   ||    9    |
|    grp_fu_1278    |  p0  |   3  |  16  |   48   ||    14   |
|    grp_fu_1278    |  p1  |   2  |   8  |   16   ||    9    |
|    grp_fu_1287    |  p0  |   3  |  16  |   48   ||    14   |
|    grp_fu_1287    |  p1  |   2  |   8  |   16   ||    9    |
|    grp_fu_1296    |  p0  |   3  |  16  |   48   ||    14   |
|    grp_fu_1296    |  p1  |   2  |   8  |   16   ||    9    |
|    grp_fu_1304    |  p0  |   3  |  16  |   48   ||    14   |
|    grp_fu_1304    |  p1  |   2  |   8  |   16   ||    9    |
|    grp_fu_1312    |  p0  |   3  |  16  |   48   ||    14   |
|    grp_fu_1312    |  p1  |   2  |   8  |   16   ||    9    |
|    grp_fu_1320    |  p0  |   3  |  16  |   48   ||    14   |
|    grp_fu_1320    |  p1  |   2  |   8  |   16   ||    9    |
|    grp_fu_1329    |  p0  |   3  |  16  |   48   ||    14   |
|    grp_fu_1329    |  p1  |   2  |   8  |   16   ||    9    |
|    grp_fu_1338    |  p0  |   3  |  16  |   48   ||    14   |
|    grp_fu_1338    |  p1  |   2  |   8  |   16   ||    9    |
|    grp_fu_1347    |  p0  |   3  |  16  |   48   ||    14   |
|    grp_fu_1347    |  p1  |   2  |   8  |   16   ||    9    |
|    grp_fu_1355    |  p0  |   3  |  16  |   48   ||    14   |
|    grp_fu_1355    |  p1  |   2  |   8  |   16   ||    9    |
|    grp_fu_1363    |  p0  |   3  |  16  |   48   ||    14   |
|    grp_fu_1363    |  p1  |   2  |   8  |   16   ||    9    |
|    grp_fu_1371    |  p0  |   3  |  16  |   48   ||    14   |
|    grp_fu_1371    |  p1  |   2  |   8  |   16   ||    9    |
|    grp_fu_1382    |  p0  |   3  |  16  |   48   ||    14   |
|    grp_fu_1382    |  p1  |   2  |   8  |   16   ||    9    |
|    grp_fu_1393    |  p0  |   3  |  16  |   48   ||    14   |
|    grp_fu_1393    |  p1  |   2  |   8  |   16   ||    9    |
|-------------------|------|------|------|--------||---------||---------|
|       Total       |      |      |      |  1198  ||  21.231 ||   507   |
|-------------------|------|------|------|--------||---------||---------|



* Summary:
+-----------+--------+--------+--------+--------+
|           |   DSP  |  Delay |   FF   |   LUT  |
+-----------+--------+--------+--------+--------+
|  Function |   18   |    -   |    0   |   239  |
|   Memory  |    -   |    -   |    -   |    -   |
|Multiplexer|    -   |   21   |    -   |   507  |
|  Register |    -   |    -   |  1498  |    -   |
+-----------+--------+--------+--------+--------+
|   Total   |   18   |   21   |  1498  |   746  |
+-----------+--------+--------+--------+--------+
