
*** Running vivado
    with args -log top_level.vds -m64 -product Vivado -mode batch -messageDb vivado.pb -notrace -source top_level.tcl


****** Vivado v2022.2 (64-bit)
  **** SW Build 3671981 on Fri Oct 14 04:59:54 MDT 2022
  **** IP Build 3669848 on Fri Oct 14 08:30:02 MDT 2022
    ** Copyright 1986-2022 Xilinx, Inc. All Rights Reserved.

source top_level.tcl -notrace
INFO: [IP_Flow 19-234] Refreshing IP repositories
INFO: [IP_Flow 19-1700] Loaded user IP repository '/home/user/Documents/dma_test/dpu_ip'.
INFO: [IP_Flow 19-1700] Loaded user IP repository '/home/user/Documents/dma_test/prj/Vivado/hw/srcs/top/ip/axi_lite_led'.
INFO: [IP_Flow 19-2313] Loaded Vivado IP repository '/tools/Xilinx/Vivado/2022.2/data/ip'.
Command: read_checkpoint -auto_incremental -incremental /home/user/Documents/dma_test/prj/Vivado/hw/prj/KR260.srcs/utils_1/imports/synth_1/top_level.dcp
INFO: [Vivado 12-5825] Read reference checkpoint from /home/user/Documents/dma_test/prj/Vivado/hw/prj/KR260.srcs/utils_1/imports/synth_1/top_level.dcp for incremental synthesis
INFO: [Vivado 12-7989] Please ensure there are no constraint changes
Command: synth_design -top top_level -part xck26-sfvc784-2LV-c
Starting synth_design
Attempting to get a license for feature 'Synthesis' and/or device 'xck26'
INFO: [Common 17-349] Got license for feature 'Synthesis' and/or device 'xck26'
INFO: [Device 21-403] Loading part xck26-sfvc784-2LV-c
INFO: [Synth 8-7079] Multithreading enabled for synth_design using a maximum of 4 processes.
INFO: [Synth 8-7078] Launching helper process for spawning children vivado processes
INFO: [Synth 8-7075] Helper process launched with PID 59831
INFO: [Synth 8-11241] undeclared symbol 'REGCCE', assumed default net type 'wire' [/tools/Xilinx/Vivado/2022.2/data/verilog/src/unimacro/BRAM_SINGLE_MACRO.v:2170]
WARNING: [Synth 8-11014] non-net output port 'wrt_done' cannot be initialized at declaration in SystemVerilog mode [/home/user/Documents/dma_test/prj/Vivado/hw/srcs/top/ipshared/53f7/hdl/DPUCZDX8G_v4_1_0_vl_dpu.sv:811]
WARNING: [Synth 8-11014] non-net output port 'buf_wr_done' cannot be initialized at declaration in SystemVerilog mode [/home/user/Documents/dma_test/prj/Vivado/hw/srcs/top/ipshared/53f7/hdl/DPUCZDX8G_v4_1_0_vl_dpu.sv:812]
WARNING: [Synth 8-11014] non-net output port 'cfg_img_wr_en' cannot be initialized at declaration in SystemVerilog mode [/home/user/Documents/dma_test/prj/Vivado/hw/srcs/top/ipshared/53f7/hdl/DPUCZDX8G_v4_1_0_vl_dpu.sv:815]
WARNING: [Synth 8-11014] non-net output port 'cfg_weights_wr_en' cannot be initialized at declaration in SystemVerilog mode [/home/user/Documents/dma_test/prj/Vivado/hw/srcs/top/ipshared/53f7/hdl/DPUCZDX8G_v4_1_0_vl_dpu.sv:817]
WARNING: [Synth 8-11014] non-net output port 'cfg_bias_wr_en' cannot be initialized at declaration in SystemVerilog mode [/home/user/Documents/dma_test/prj/Vivado/hw/srcs/top/ipshared/53f7/hdl/DPUCZDX8G_v4_1_0_vl_dpu.sv:819]
WARNING: [Synth 8-11014] non-net output port 'cfg_mean_wr_en' cannot be initialized at declaration in SystemVerilog mode [/home/user/Documents/dma_test/prj/Vivado/hw/srcs/top/ipshared/53f7/hdl/DPUCZDX8G_v4_1_0_vl_dpu.sv:821]
WARNING: [Synth 8-11014] non-net output port 'cfg_buf_wr_addr' cannot be initialized at declaration in SystemVerilog mode [/home/user/Documents/dma_test/prj/Vivado/hw/srcs/top/ipshared/53f7/hdl/DPUCZDX8G_v4_1_0_vl_dpu.sv:823]
WARNING: [Synth 8-11014] non-net output port 'cfg_buf_wr_bank_id' cannot be initialized at declaration in SystemVerilog mode [/home/user/Documents/dma_test/prj/Vivado/hw/srcs/top/ipshared/53f7/hdl/DPUCZDX8G_v4_1_0_vl_dpu.sv:824]
WARNING: [Synth 8-11014] non-net output port 'cfg_buf_wr_offset' cannot be initialized at declaration in SystemVerilog mode [/home/user/Documents/dma_test/prj/Vivado/hw/srcs/top/ipshared/53f7/hdl/DPUCZDX8G_v4_1_0_vl_dpu.sv:825]
WARNING: [Synth 8-11014] non-net output port 'cfg_buf_wr_bytes_num' cannot be initialized at declaration in SystemVerilog mode [/home/user/Documents/dma_test/prj/Vivado/hw/srcs/top/ipshared/53f7/hdl/DPUCZDX8G_v4_1_0_vl_dpu.sv:826]
WARNING: [Synth 8-11014] non-net output port 'cfg_in_chs' cannot be initialized at declaration in SystemVerilog mode [/home/user/Documents/dma_test/prj/Vivado/hw/srcs/top/ipshared/53f7/hdl/DPUCZDX8G_v4_1_0_vl_dpu.sv:830]
WARNING: [Synth 8-11014] non-net output port 'cfg_static_jump_rd' cannot be initialized at declaration in SystemVerilog mode [/home/user/Documents/dma_test/prj/Vivado/hw/srcs/top/ipshared/53f7/hdl/DPUCZDX8G_v4_1_0_vl_dpu.sv:831]
WARNING: [Synth 8-11014] non-net output port 'cfg_jump_wr' cannot be initialized at declaration in SystemVerilog mode [/home/user/Documents/dma_test/prj/Vivado/hw/srcs/top/ipshared/53f7/hdl/DPUCZDX8G_v4_1_0_vl_dpu.sv:832]
WARNING: [Synth 8-11014] non-net output port 'cfg_length' cannot be initialized at declaration in SystemVerilog mode [/home/user/Documents/dma_test/prj/Vivado/hw/srcs/top/ipshared/53f7/hdl/DPUCZDX8G_v4_1_0_vl_dpu.sv:833]
WARNING: [Synth 8-11014] non-net output port 'cfg_pad_idx' cannot be initialized at declaration in SystemVerilog mode [/home/user/Documents/dma_test/prj/Vivado/hw/srcs/top/ipshared/53f7/hdl/DPUCZDX8G_v4_1_0_vl_dpu.sv:834]
WARNING: [Synth 8-11014] non-net output port 'cfg_pad_end' cannot be initialized at declaration in SystemVerilog mode [/home/user/Documents/dma_test/prj/Vivado/hw/srcs/top/ipshared/53f7/hdl/DPUCZDX8G_v4_1_0_vl_dpu.sv:835]
WARNING: [Synth 8-11014] non-net output port 'cfg_pad_start' cannot be initialized at declaration in SystemVerilog mode [/home/user/Documents/dma_test/prj/Vivado/hw/srcs/top/ipshared/53f7/hdl/DPUCZDX8G_v4_1_0_vl_dpu.sv:836]
WARNING: [Synth 8-11014] non-net output port 'cfg_avg_mode' cannot be initialized at declaration in SystemVerilog mode [/home/user/Documents/dma_test/prj/Vivado/hw/srcs/top/ipshared/53f7/hdl/DPUCZDX8G_v4_1_0_vl_dpu.sv:837]
WARNING: [Synth 8-11014] non-net output port 'wrt_cfg_en' cannot be initialized at declaration in SystemVerilog mode [/home/user/Documents/dma_test/prj/Vivado/hw/srcs/top/ipshared/53f7/hdl/DPUCZDX8G_v4_1_0_vl_dpu.sv:3731]
WARNING: [Synth 8-11014] non-net output port 'load_wr_err' cannot be initialized at declaration in SystemVerilog mode [/home/user/Documents/dma_test/prj/Vivado/hw/srcs/top/ipshared/53f7/hdl/DPUCZDX8G_v4_1_0_vl_dpu.sv:3750]
WARNING: [Synth 8-11014] non-net output port 'mean_val_rdy' cannot be initialized at declaration in SystemVerilog mode [/home/user/Documents/dma_test/prj/Vivado/hw/srcs/top/ipshared/53f7/hdl/DPUCZDX8G_v4_1_0_vl_dpu.sv:5551]
WARNING: [Synth 8-11014] non-net output port 'cfg_mean_val0' cannot be initialized at declaration in SystemVerilog mode [/home/user/Documents/dma_test/prj/Vivado/hw/srcs/top/ipshared/53f7/hdl/DPUCZDX8G_v4_1_0_vl_dpu.sv:5553]
WARNING: [Synth 8-11014] non-net output port 'cfg_mean_val1' cannot be initialized at declaration in SystemVerilog mode [/home/user/Documents/dma_test/prj/Vivado/hw/srcs/top/ipshared/53f7/hdl/DPUCZDX8G_v4_1_0_vl_dpu.sv:5554]
WARNING: [Synth 8-11014] non-net output port 'cfg_mean_val2' cannot be initialized at declaration in SystemVerilog mode [/home/user/Documents/dma_test/prj/Vivado/hw/srcs/top/ipshared/53f7/hdl/DPUCZDX8G_v4_1_0_vl_dpu.sv:5555]
WARNING: [Synth 8-11014] non-net output port 'cfg_mean_val3' cannot be initialized at declaration in SystemVerilog mode [/home/user/Documents/dma_test/prj/Vivado/hw/srcs/top/ipshared/53f7/hdl/DPUCZDX8G_v4_1_0_vl_dpu.sv:5556]
INFO: [Synth 8-11241] undeclared symbol 'hub_issue_done', assumed default net type 'wire' [/home/user/Documents/dma_test/prj/Vivado/hw/srcs/top/ipshared/53f7/hdl/DPUCZDX8G_v4_1_0_vl_dpu.sv:20870]
INFO: [Synth 8-11241] undeclared symbol 'm_axi_hp0_last', assumed default net type 'wire' [/home/user/Documents/dma_test/prj/Vivado/hw/srcs/top/ipshared/53f7/hdl/DPUCZDX8G_v4_1_0_vl_dpu.sv:21157]
INFO: [Synth 8-11241] undeclared symbol 'recv_donehp0_o', assumed default net type 'wire' [/home/user/Documents/dma_test/prj/Vivado/hw/srcs/top/ipshared/53f7/hdl/DPUCZDX8G_v4_1_0_vl_dpu.sv:21723]
WARNING: [Synth 8-11014] non-net output port 'thd_is_suspended' cannot be initialized at declaration in SystemVerilog mode [/home/user/Documents/dma_test/prj/Vivado/hw/srcs/top/ipshared/53f7/hdl/DPUCZDX8G_v4_1_0_vl_dpu.sv:22141]
WARNING: [Synth 8-11014] non-net output port 'm_axis_cmd_tdata' cannot be initialized at declaration in SystemVerilog mode [/home/user/Documents/dma_test/prj/Vivado/hw/srcs/top/ipshared/53f7/hdl/DPUCZDX8G_v4_1_0_vl_dpu.sv:22149]
WARNING: [Synth 8-11014] non-net output port 'm_axis_cmd_tvalid' cannot be initialized at declaration in SystemVerilog mode [/home/user/Documents/dma_test/prj/Vivado/hw/srcs/top/ipshared/53f7/hdl/DPUCZDX8G_v4_1_0_vl_dpu.sv:22150]
WARNING: [Synth 8-11014] non-net output port 's_axis_sts_tready' cannot be initialized at declaration in SystemVerilog mode [/home/user/Documents/dma_test/prj/Vivado/hw/srcs/top/ipshared/53f7/hdl/DPUCZDX8G_v4_1_0_vl_dpu.sv:22155]
WARNING: [Synth 8-11014] non-net output port 'instr_start' cannot be initialized at declaration in SystemVerilog mode [/home/user/Documents/dma_test/prj/Vivado/hw/srcs/top/ipshared/53f7/hdl/DPUCZDX8G_v4_1_0_vl_dpu.sv:22158]
WARNING: [Synth 8-11014] non-net output port 'instr_end' cannot be initialized at declaration in SystemVerilog mode [/home/user/Documents/dma_test/prj/Vivado/hw/srcs/top/ipshared/53f7/hdl/DPUCZDX8G_v4_1_0_vl_dpu.sv:22159]
WARNING: [Synth 8-11014] non-net output port 'dpd_dpdon_code' cannot be initialized at declaration in SystemVerilog mode [/home/user/Documents/dma_test/prj/Vivado/hw/srcs/top/ipshared/53f7/hdl/DPUCZDX8G_v4_1_0_vl_dpu.sv:22162]
WARNING: [Synth 8-11014] non-net output port 'dpd_dpdby_code' cannot be initialized at declaration in SystemVerilog mode [/home/user/Documents/dma_test/prj/Vivado/hw/srcs/top/ipshared/53f7/hdl/DPUCZDX8G_v4_1_0_vl_dpu.sv:22163]
WARNING: [Synth 8-11014] non-net output port 'dpd_wait_pass' cannot be initialized at declaration in SystemVerilog mode [/home/user/Documents/dma_test/prj/Vivado/hw/srcs/top/ipshared/53f7/hdl/DPUCZDX8G_v4_1_0_vl_dpu.sv:22164]
WARNING: [Synth 8-11014] non-net output port 'dpd_update' cannot be initialized at declaration in SystemVerilog mode [/home/user/Documents/dma_test/prj/Vivado/hw/srcs/top/ipshared/53f7/hdl/DPUCZDX8G_v4_1_0_vl_dpu.sv:22166]
WARNING: [Synth 8-11014] non-net output port 'dpd_pass_0' cannot be initialized at declaration in SystemVerilog mode [/home/user/Documents/dma_test/prj/Vivado/hw/srcs/top/ipshared/53f7/hdl/DPUCZDX8G_v4_1_0_vl_dpu.sv:22392]
WARNING: [Synth 8-11014] non-net output port 'dpd_pass_1' cannot be initialized at declaration in SystemVerilog mode [/home/user/Documents/dma_test/prj/Vivado/hw/srcs/top/ipshared/53f7/hdl/DPUCZDX8G_v4_1_0_vl_dpu.sv:22398]
WARNING: [Synth 8-11014] non-net output port 'dpd_pass_2' cannot be initialized at declaration in SystemVerilog mode [/home/user/Documents/dma_test/prj/Vivado/hw/srcs/top/ipshared/53f7/hdl/DPUCZDX8G_v4_1_0_vl_dpu.sv:22404]
WARNING: [Synth 8-11014] non-net output port 'dpd_pass_3' cannot be initialized at declaration in SystemVerilog mode [/home/user/Documents/dma_test/prj/Vivado/hw/srcs/top/ipshared/53f7/hdl/DPUCZDX8G_v4_1_0_vl_dpu.sv:22410]
WARNING: [Synth 8-11014] non-net output port 'm_axis_linstr_tdata' cannot be initialized at declaration in SystemVerilog mode [/home/user/Documents/dma_test/prj/Vivado/hw/srcs/top/ipshared/53f7/hdl/DPUCZDX8G_v4_1_0_vl_dpu.sv:22564]
WARNING: [Synth 8-11014] non-net output port 'm_axis_linstr_tvalid' cannot be initialized at declaration in SystemVerilog mode [/home/user/Documents/dma_test/prj/Vivado/hw/srcs/top/ipshared/53f7/hdl/DPUCZDX8G_v4_1_0_vl_dpu.sv:22565]
WARNING: [Synth 8-11014] non-net output port 'm_axis_sinstr_tdata' cannot be initialized at declaration in SystemVerilog mode [/home/user/Documents/dma_test/prj/Vivado/hw/srcs/top/ipshared/53f7/hdl/DPUCZDX8G_v4_1_0_vl_dpu.sv:22569]
WARNING: [Synth 8-11014] non-net output port 'm_axis_sinstr_tvalid' cannot be initialized at declaration in SystemVerilog mode [/home/user/Documents/dma_test/prj/Vivado/hw/srcs/top/ipshared/53f7/hdl/DPUCZDX8G_v4_1_0_vl_dpu.sv:22570]
WARNING: [Synth 8-11014] non-net output port 'm_axis_cinstr_tdata' cannot be initialized at declaration in SystemVerilog mode [/home/user/Documents/dma_test/prj/Vivado/hw/srcs/top/ipshared/53f7/hdl/DPUCZDX8G_v4_1_0_vl_dpu.sv:22574]
WARNING: [Synth 8-11014] non-net output port 'm_axis_cinstr_tvalid' cannot be initialized at declaration in SystemVerilog mode [/home/user/Documents/dma_test/prj/Vivado/hw/srcs/top/ipshared/53f7/hdl/DPUCZDX8G_v4_1_0_vl_dpu.sv:22575]
WARNING: [Synth 8-11014] non-net output port 'm_axis_pinstr_tdata' cannot be initialized at declaration in SystemVerilog mode [/home/user/Documents/dma_test/prj/Vivado/hw/srcs/top/ipshared/53f7/hdl/DPUCZDX8G_v4_1_0_vl_dpu.sv:22579]
WARNING: [Synth 8-11014] non-net output port 'm_axis_pinstr_tvalid' cannot be initialized at declaration in SystemVerilog mode [/home/user/Documents/dma_test/prj/Vivado/hw/srcs/top/ipshared/53f7/hdl/DPUCZDX8G_v4_1_0_vl_dpu.sv:22580]
WARNING: [Synth 8-11014] non-net output port 'm_axi_gp_araddr' cannot be initialized at declaration in SystemVerilog mode [/home/user/Documents/dma_test/prj/Vivado/hw/srcs/top/ipshared/53f7/hdl/DPUCZDX8G_v4_1_0_vl_dpu.sv:22794]
WARNING: [Synth 8-11014] non-net output port 'm_axi_gp_arvalid' cannot be initialized at declaration in SystemVerilog mode [/home/user/Documents/dma_test/prj/Vivado/hw/srcs/top/ipshared/53f7/hdl/DPUCZDX8G_v4_1_0_vl_dpu.sv:22802]
WARNING: [Synth 8-11014] non-net output port 'fetch_done' cannot be initialized at declaration in SystemVerilog mode [/home/user/Documents/dma_test/prj/Vivado/hw/srcs/top/ipshared/53f7/hdl/DPUCZDX8G_v4_1_0_vl_dpu.sv:22814]
INFO: [Synth 8-11241] undeclared symbol 'sync_ir', assumed default net type 'wire' [/home/user/Documents/dma_test/prj/Vivado/hw/srcs/top/ipshared/53f7/hdl/DPUCZDX8G_v4_1_0_vl_dpu.sv:23468]
WARNING: [Synth 8-11014] non-net output port 'exec_done' cannot be initialized at declaration in SystemVerilog mode [/home/user/Documents/dma_test/prj/Vivado/hw/srcs/top/ipshared/53f7/hdl/DPUCZDX8G_v4_1_0_vl_dpu.sv:22996]
WARNING: [Synth 8-11014] non-net output port 'thd_is_suspended' cannot be initialized at declaration in SystemVerilog mode [/home/user/Documents/dma_test/prj/Vivado/hw/srcs/top/ipshared/53f7/hdl/DPUCZDX8G_v4_1_0_vl_dpu.sv:22999]
WARNING: [Synth 8-11014] non-net output port 'm_axis_cmd_tdata' cannot be initialized at declaration in SystemVerilog mode [/home/user/Documents/dma_test/prj/Vivado/hw/srcs/top/ipshared/53f7/hdl/DPUCZDX8G_v4_1_0_vl_dpu.sv:23007]
WARNING: [Synth 8-11014] non-net output port 'm_axis_cmd_tvalid' cannot be initialized at declaration in SystemVerilog mode [/home/user/Documents/dma_test/prj/Vivado/hw/srcs/top/ipshared/53f7/hdl/DPUCZDX8G_v4_1_0_vl_dpu.sv:23008]
WARNING: [Synth 8-11014] non-net output port 's_axis_sts_tready' cannot be initialized at declaration in SystemVerilog mode [/home/user/Documents/dma_test/prj/Vivado/hw/srcs/top/ipshared/53f7/hdl/DPUCZDX8G_v4_1_0_vl_dpu.sv:23013]
WARNING: [Synth 8-11014] non-net output port 'instr_start' cannot be initialized at declaration in SystemVerilog mode [/home/user/Documents/dma_test/prj/Vivado/hw/srcs/top/ipshared/53f7/hdl/DPUCZDX8G_v4_1_0_vl_dpu.sv:23016]
WARNING: [Synth 8-11014] non-net output port 'instr_start_plus' cannot be initialized at declaration in SystemVerilog mode [/home/user/Documents/dma_test/prj/Vivado/hw/srcs/top/ipshared/53f7/hdl/DPUCZDX8G_v4_1_0_vl_dpu.sv:23017]
WARNING: [Synth 8-11014] non-net output port 'instr_end' cannot be initialized at declaration in SystemVerilog mode [/home/user/Documents/dma_test/prj/Vivado/hw/srcs/top/ipshared/53f7/hdl/DPUCZDX8G_v4_1_0_vl_dpu.sv:23018]
WARNING: [Synth 8-11014] non-net output port 'instr_end_plus' cannot be initialized at declaration in SystemVerilog mode [/home/user/Documents/dma_test/prj/Vivado/hw/srcs/top/ipshared/53f7/hdl/DPUCZDX8G_v4_1_0_vl_dpu.sv:23019]
WARNING: [Synth 8-11014] non-net output port 'dpd_dpdon_code' cannot be initialized at declaration in SystemVerilog mode [/home/user/Documents/dma_test/prj/Vivado/hw/srcs/top/ipshared/53f7/hdl/DPUCZDX8G_v4_1_0_vl_dpu.sv:23021]
WARNING: [Synth 8-11014] non-net output port 'dpd_dpdby_code' cannot be initialized at declaration in SystemVerilog mode [/home/user/Documents/dma_test/prj/Vivado/hw/srcs/top/ipshared/53f7/hdl/DPUCZDX8G_v4_1_0_vl_dpu.sv:23022]
WARNING: [Synth 8-11014] non-net output port 'dpd_wait_pass' cannot be initialized at declaration in SystemVerilog mode [/home/user/Documents/dma_test/prj/Vivado/hw/srcs/top/ipshared/53f7/hdl/DPUCZDX8G_v4_1_0_vl_dpu.sv:23023]
WARNING: [Synth 8-11014] non-net output port 'dpd_update' cannot be initialized at declaration in SystemVerilog mode [/home/user/Documents/dma_test/prj/Vivado/hw/srcs/top/ipshared/53f7/hdl/DPUCZDX8G_v4_1_0_vl_dpu.sv:23025]
WARNING: [Synth 8-11014] non-net output port 'm_axis_cmd_tdata' cannot be initialized at declaration in SystemVerilog mode [/home/user/Documents/dma_test/prj/Vivado/hw/srcs/top/ipshared/53f7/hdl/DPUCZDX8G_v4_1_0_vl_dpu.sv:23521]
WARNING: [Synth 8-11014] non-net output port 'm_axi_gp_awvalid' cannot be initialized at declaration in SystemVerilog mode [/home/user/Documents/dma_test/prj/Vivado/hw/srcs/top/ipshared/53f7/hdl/DPUCZDX8G_v4_1_0_vl_dpu.sv:23762]
WARNING: [Synth 8-11014] non-net output port 'm_axi_gp_wvalid' cannot be initialized at declaration in SystemVerilog mode [/home/user/Documents/dma_test/prj/Vivado/hw/srcs/top/ipshared/53f7/hdl/DPUCZDX8G_v4_1_0_vl_dpu.sv:23768]
WARNING: [Synth 8-11014] non-net output port 'reg_prof_value' cannot be initialized at declaration in SystemVerilog mode [/home/user/Documents/dma_test/prj/Vivado/hw/srcs/top/ipshared/53f7/hdl/DPUCZDX8G_v4_1_0_vl_dpu.sv:23777]
WARNING: [Synth 8-11014] non-net output port 'exec_done' cannot be initialized at declaration in SystemVerilog mode [/home/user/Documents/dma_test/prj/Vivado/hw/srcs/top/ipshared/53f7/hdl/DPUCZDX8G_v4_1_0_vl_dpu.sv:24999]
WARNING: [Synth 8-11014] non-net output port 'thd_is_suspended' cannot be initialized at declaration in SystemVerilog mode [/home/user/Documents/dma_test/prj/Vivado/hw/srcs/top/ipshared/53f7/hdl/DPUCZDX8G_v4_1_0_vl_dpu.sv:25002]
WARNING: [Synth 8-11014] non-net output port 'm_axis_cmd_tdata' cannot be initialized at declaration in SystemVerilog mode [/home/user/Documents/dma_test/prj/Vivado/hw/srcs/top/ipshared/53f7/hdl/DPUCZDX8G_v4_1_0_vl_dpu.sv:25010]
WARNING: [Synth 8-11014] non-net output port 'm_axis_cmd_tvalid' cannot be initialized at declaration in SystemVerilog mode [/home/user/Documents/dma_test/prj/Vivado/hw/srcs/top/ipshared/53f7/hdl/DPUCZDX8G_v4_1_0_vl_dpu.sv:25011]
WARNING: [Synth 8-11014] non-net output port 's_axis_sts_tready' cannot be initialized at declaration in SystemVerilog mode [/home/user/Documents/dma_test/prj/Vivado/hw/srcs/top/ipshared/53f7/hdl/DPUCZDX8G_v4_1_0_vl_dpu.sv:25016]
WARNING: [Synth 8-11014] non-net output port 'dpd_dpdon_code' cannot be initialized at declaration in SystemVerilog mode [/home/user/Documents/dma_test/prj/Vivado/hw/srcs/top/ipshared/53f7/hdl/DPUCZDX8G_v4_1_0_vl_dpu.sv:25023]
WARNING: [Synth 8-11014] non-net output port 'dpd_dpdby_code' cannot be initialized at declaration in SystemVerilog mode [/home/user/Documents/dma_test/prj/Vivado/hw/srcs/top/ipshared/53f7/hdl/DPUCZDX8G_v4_1_0_vl_dpu.sv:25024]
WARNING: [Synth 8-11014] non-net output port 'dpd_update' cannot be initialized at declaration in SystemVerilog mode [/home/user/Documents/dma_test/prj/Vivado/hw/srcs/top/ipshared/53f7/hdl/DPUCZDX8G_v4_1_0_vl_dpu.sv:25027]
WARNING: [Synth 8-11014] non-net output port 'thdl_is_granted' cannot be initialized at declaration in SystemVerilog mode [/home/user/Documents/dma_test/prj/Vivado/hw/srcs/top/ipshared/53f7/hdl/DPUCZDX8G_v4_1_0_vl_dpu.sv:25274]
WARNING: [Synth 8-11014] non-net output port 'thdl_suspend_req' cannot be initialized at declaration in SystemVerilog mode [/home/user/Documents/dma_test/prj/Vivado/hw/srcs/top/ipshared/53f7/hdl/DPUCZDX8G_v4_1_0_vl_dpu.sv:25275]
WARNING: [Synth 8-11014] non-net output port 'm_axis_tvalid' cannot be initialized at declaration in SystemVerilog mode [/home/user/Documents/dma_test/prj/Vivado/hw/srcs/top/ipshared/53f7/hdl/DPUCZDX8G_v4_1_0_vl_dpu.sv:25421]
WARNING: [Synth 8-11014] non-net output port 'counter' cannot be initialized at declaration in SystemVerilog mode [/home/user/Documents/dma_test/prj/Vivado/hw/srcs/top/ipshared/53f7/hdl/DPUCZDX8G_v4_1_0_vl_dpu.sv:25424]
WARNING: [Synth 8-11014] non-net output port 'prog_full' cannot be initialized at declaration in SystemVerilog mode [/home/user/Documents/dma_test/prj/Vivado/hw/srcs/top/ipshared/53f7/hdl/DPUCZDX8G_v4_1_0_vl_dpu.sv:25539]
INFO: [Synth 8-11241] undeclared symbol 'ins_opcode_o', assumed default net type 'wire' [/home/user/Documents/dma_test/prj/Vivado/hw/srcs/top/ipshared/53f7/hdl/DPUCZDX8G_v4_1_0_vl_dpu.sv:27563]
INFO: [Synth 8-11241] undeclared symbol 'prof_trig_iend', assumed default net type 'wire' [/home/user/Documents/dma_test/prj/Vivado/hw/srcs/top/ipshared/53f7/hdl/DPUCZDX8G_v4_1_0_vl_dpu.sv:31434]
INFO: [Synth 8-11241] undeclared symbol 'start', assumed default net type 'wire' [/home/user/Documents/dma_test/prj/Vivado/hw/srcs/top/ipshared/53f7/hdl/DPUCZDX8G_v4_1_0_vl_dpu.sv:31436]
INFO: [Synth 8-11241] undeclared symbol 'pea_tlast_pxl_of_win', assumed default net type 'wire' [/home/user/Documents/dma_test/prj/Vivado/hw/srcs/top/ipshared/53f7/hdl/DPUCZDX8G_v4_1_0_vl_dpu.sv:31594]
INFO: [Synth 8-11241] undeclared symbol 'pea_tvalid', assumed default net type 'wire' [/home/user/Documents/dma_test/prj/Vivado/hw/srcs/top/ipshared/53f7/hdl/DPUCZDX8G_v4_1_0_vl_dpu.sv:31606]
INFO: [Synth 8-11241] undeclared symbol 'img_dwc_tready', assumed default net type 'wire' [/home/user/Documents/dma_test/prj/Vivado/hw/srcs/top/ipshared/53f7/hdl/DPUCZDX8G_v4_1_0_vl_dpu.sv:31689]
INFO: [Synth 8-11241] undeclared symbol 'res_tready', assumed default net type 'wire' [/home/user/Documents/dma_test/prj/Vivado/hw/srcs/top/ipshared/53f7/hdl/DPUCZDX8G_v4_1_0_vl_dpu.sv:31730]
WARNING: [Synth 8-11014] non-net output port 'fifo_rdy' cannot be initialized at declaration in SystemVerilog mode [/home/user/Documents/dma_test/prj/Vivado/hw/srcs/top/ipshared/53f7/hdl/DPUCZDX8G_v4_1_0_vl_dpu.sv:32743]
WARNING: [Synth 8-11065] parameter 'IDLE' becomes localparam in 'save_cmd_pipe_fifo' with formal parameter declaration list [/home/user/Documents/dma_test/prj/Vivado/hw/srcs/top/ipshared/53f7/hdl/DPUCZDX8G_v4_1_0_vl_dpu.sv:32749]
WARNING: [Synth 8-11065] parameter 'DONE' becomes localparam in 'save_cmd_pipe_fifo' with formal parameter declaration list [/home/user/Documents/dma_test/prj/Vivado/hw/srcs/top/ipshared/53f7/hdl/DPUCZDX8G_v4_1_0_vl_dpu.sv:32750]
WARNING: [Synth 8-11065] parameter 'SEND' becomes localparam in 'save_cmd_pipe_fifo' with formal parameter declaration list [/home/user/Documents/dma_test/prj/Vivado/hw/srcs/top/ipshared/53f7/hdl/DPUCZDX8G_v4_1_0_vl_dpu.sv:32751]
WARNING: [Synth 8-11065] parameter 'DELY' becomes localparam in 'save_cmd_pipe_fifo' with formal parameter declaration list [/home/user/Documents/dma_test/prj/Vivado/hw/srcs/top/ipshared/53f7/hdl/DPUCZDX8G_v4_1_0_vl_dpu.sv:32752]
WARNING: [Synth 8-6901] identifier 'FLT_PT_IMP_LOGIC' is used before its declaration [/home/user/Documents/dma_test/prj/Vivado/hw/srcs/top/ipshared/53f7/hdl/DPUCZDX8G_v4_1_0_vl_sfm.sv:3229]
WARNING: [Synth 8-6901] identifier 'WIDTH' is used before its declaration [/home/user/Documents/dma_test/prj/Vivado/hw/srcs/top/ipshared/53f7/hdl/DPUCZDX8G_v4_1_0_vl_sfm.sv:3697]
WARNING: [Synth 8-6901] identifier 'WIDTH' is used before its declaration [/home/user/Documents/dma_test/prj/Vivado/hw/srcs/top/ipshared/53f7/hdl/DPUCZDX8G_v4_1_0_vl_sfm.sv:3698]
WARNING: [Synth 8-6901] identifier 'WIDTH' is used before its declaration [/home/user/Documents/dma_test/prj/Vivado/hw/srcs/top/ipshared/53f7/hdl/DPUCZDX8G_v4_1_0_vl_sfm.sv:3701]
WARNING: [Synth 8-6901] identifier 'WIDTH' is used before its declaration [/home/user/Documents/dma_test/prj/Vivado/hw/srcs/top/ipshared/53f7/hdl/DPUCZDX8G_v4_1_0_vl_sfm.sv:3702]
WARNING: [Synth 8-6901] identifier 'WIDTH' is used before its declaration [/home/user/Documents/dma_test/prj/Vivado/hw/srcs/top/ipshared/53f7/hdl/DPUCZDX8G_v4_1_0_vl_sfm.sv:3715]
WARNING: [Synth 8-6901] identifier 'WIDTH' is used before its declaration [/home/user/Documents/dma_test/prj/Vivado/hw/srcs/top/ipshared/53f7/hdl/DPUCZDX8G_v4_1_0_vl_sfm.sv:3718]
WARNING: [Synth 8-6901] identifier 'WIDTH' is used before its declaration [/home/user/Documents/dma_test/prj/Vivado/hw/srcs/top/ipshared/53f7/hdl/DPUCZDX8G_v4_1_0_vl_sfm.sv:3719]
WARNING: [Synth 8-6901] identifier 'WIDTH' is used before its declaration [/home/user/Documents/dma_test/prj/Vivado/hw/srcs/top/ipshared/53f7/hdl/DPUCZDX8G_v4_1_0_vl_sfm.sv:3719]
WARNING: [Synth 8-6901] identifier 'WIDTH' is used before its declaration [/home/user/Documents/dma_test/prj/Vivado/hw/srcs/top/ipshared/53f7/hdl/DPUCZDX8G_v4_1_0_vl_sfm.sv:3720]
WARNING: [Synth 8-6901] identifier 'WIDTH' is used before its declaration [/home/user/Documents/dma_test/prj/Vivado/hw/srcs/top/ipshared/53f7/hdl/DPUCZDX8G_v4_1_0_vl_sfm.sv:3720]
WARNING: [Synth 8-6901] identifier 'WIDTH' is used before its declaration [/home/user/Documents/dma_test/prj/Vivado/hw/srcs/top/ipshared/53f7/hdl/DPUCZDX8G_v4_1_0_vl_sfm.sv:3722]
INFO: [Synth 8-11241] undeclared symbol 'op_state', assumed default net type 'wire' [/home/user/Documents/dma_test/prj/Vivado/hw/srcs/top/ipshared/53f7/hdl/DPUCZDX8G_v4_1_0_vl_sfm.sv:7712]
WARNING: [Synth 8-11014] non-net output port 'prdata' cannot be initialized at declaration in SystemVerilog mode [/home/user/Documents/dma_test/prj/Vivado/hw/srcs/top/ipshared/53f7/hdl/DPUCZDX8G_v4_1_0_vl_top.sv:3679]
WARNING: [Synth 8-11014] non-net output port 'reg_sm_cmd_x_len' cannot be initialized at declaration in SystemVerilog mode [/home/user/Documents/dma_test/prj/Vivado/hw/srcs/top/ipshared/53f7/hdl/DPUCZDX8G_v4_1_0_vl_top.sv:3682]
WARNING: [Synth 8-11014] non-net output port 'reg_sm_cmd_y_len' cannot be initialized at declaration in SystemVerilog mode [/home/user/Documents/dma_test/prj/Vivado/hw/srcs/top/ipshared/53f7/hdl/DPUCZDX8G_v4_1_0_vl_top.sv:3683]
WARNING: [Synth 8-11014] non-net output port 'reg_sm_cmd_valid' cannot be initialized at declaration in SystemVerilog mode [/home/user/Documents/dma_test/prj/Vivado/hw/srcs/top/ipshared/53f7/hdl/DPUCZDX8G_v4_1_0_vl_top.sv:3684]
WARNING: [Synth 8-11014] non-net output port 'reg_sm_cmd_done_clr' cannot be initialized at declaration in SystemVerilog mode [/home/user/Documents/dma_test/prj/Vivado/hw/srcs/top/ipshared/53f7/hdl/DPUCZDX8G_v4_1_0_vl_top.sv:3688]
WARNING: [Synth 8-11014] non-net output port 'reg_sm_cmd_scale' cannot be initialized at declaration in SystemVerilog mode [/home/user/Documents/dma_test/prj/Vivado/hw/srcs/top/ipshared/53f7/hdl/DPUCZDX8G_v4_1_0_vl_top.sv:3689]
WARNING: [Synth 8-11014] non-net output port 'reg_sm_cmd_offset' cannot be initialized at declaration in SystemVerilog mode [/home/user/Documents/dma_test/prj/Vivado/hw/srcs/top/ipshared/53f7/hdl/DPUCZDX8G_v4_1_0_vl_top.sv:3690]
WARNING: [Synth 8-11014] non-net output port 'reg_sm_rstn' cannot be initialized at declaration in SystemVerilog mode [/home/user/Documents/dma_test/prj/Vivado/hw/srcs/top/ipshared/53f7/hdl/DPUCZDX8G_v4_1_0_vl_top.sv:3691]
WARNING: [Synth 8-11014] non-net output port 'reg_pmu_reset_7' cannot be initialized at declaration in SystemVerilog mode [/home/user/Documents/dma_test/prj/Vivado/hw/srcs/top/ipshared/53f7/hdl/DPUCZDX8G_v4_1_0_vl_top.sv:3694]
WARNING: [Synth 8-11014] non-net output port 'reg_pmu_reset_6' cannot be initialized at declaration in SystemVerilog mode [/home/user/Documents/dma_test/prj/Vivado/hw/srcs/top/ipshared/53f7/hdl/DPUCZDX8G_v4_1_0_vl_top.sv:3695]
WARNING: [Synth 8-11014] non-net output port 'reg_pmu_reset_5' cannot be initialized at declaration in SystemVerilog mode [/home/user/Documents/dma_test/prj/Vivado/hw/srcs/top/ipshared/53f7/hdl/DPUCZDX8G_v4_1_0_vl_top.sv:3696]
WARNING: [Synth 8-11014] non-net output port 'reg_pmu_reset_4' cannot be initialized at declaration in SystemVerilog mode [/home/user/Documents/dma_test/prj/Vivado/hw/srcs/top/ipshared/53f7/hdl/DPUCZDX8G_v4_1_0_vl_top.sv:3697]
WARNING: [Synth 8-11014] non-net output port 'reg_pmu_reset_3' cannot be initialized at declaration in SystemVerilog mode [/home/user/Documents/dma_test/prj/Vivado/hw/srcs/top/ipshared/53f7/hdl/DPUCZDX8G_v4_1_0_vl_top.sv:3698]
WARNING: [Synth 8-11014] non-net output port 'reg_pmu_reset_2' cannot be initialized at declaration in SystemVerilog mode [/home/user/Documents/dma_test/prj/Vivado/hw/srcs/top/ipshared/53f7/hdl/DPUCZDX8G_v4_1_0_vl_top.sv:3699]
WARNING: [Synth 8-11014] non-net output port 'reg_pmu_reset_1' cannot be initialized at declaration in SystemVerilog mode [/home/user/Documents/dma_test/prj/Vivado/hw/srcs/top/ipshared/53f7/hdl/DPUCZDX8G_v4_1_0_vl_top.sv:3700]
WARNING: [Synth 8-11014] non-net output port 'reg_pmu_reset_0' cannot be initialized at declaration in SystemVerilog mode [/home/user/Documents/dma_test/prj/Vivado/hw/srcs/top/ipshared/53f7/hdl/DPUCZDX8G_v4_1_0_vl_top.sv:3701]
WARNING: [Synth 8-11014] non-net output port 'reg_thd0_hp_awcount_max' cannot be initialized at declaration in SystemVerilog mode [/home/user/Documents/dma_test/prj/Vivado/hw/srcs/top/ipshared/53f7/hdl/DPUCZDX8G_v4_1_0_vl_top.sv:3703]
WARNING: [Synth 8-11014] non-net output port 'reg_thd0_hp_arcount_max' cannot be initialized at declaration in SystemVerilog mode [/home/user/Documents/dma_test/prj/Vivado/hw/srcs/top/ipshared/53f7/hdl/DPUCZDX8G_v4_1_0_vl_top.sv:3704]
WARNING: [Synth 8-11014] non-net output port 'reg_thd0_hp_awlen' cannot be initialized at declaration in SystemVerilog mode [/home/user/Documents/dma_test/prj/Vivado/hw/srcs/top/ipshared/53f7/hdl/DPUCZDX8G_v4_1_0_vl_top.sv:3705]
INFO: [Common 17-14] Message 'Synth 8-11014' appears 100 times and further instances of the messages will be disabled. Use the Tcl command set_msg_config to change the current settings.
INFO: [Synth 8-11241] undeclared symbol 'dp_audi_ref_clk', assumed default net type 'wire' [/home/user/Documents/dma_test/prj/Vivado/hw/srcs/top/ip/top_zynq_ultra_ps_e_0/hdl/zynq_ultra_ps_e_v3_4_1.v:2518]
---------------------------------------------------------------------------------
Starting RTL Elaboration : Time (s): cpu = 00:00:04 ; elapsed = 00:00:05 . Memory (MB): peak = 2470.078 ; gain = 244.801 ; free physical = 4167 ; free virtual = 9042
Synthesis current peak Physical Memory [PSS] (MB): peak = 2028.456; parent = 1790.251; children = 238.205
Synthesis current peak Virtual Memory [VSS] (MB): peak = 3501.156; parent = 2493.895; children = 1007.262
---------------------------------------------------------------------------------
INFO: [Synth 8-638] synthesizing module 'top_level' [/home/user/Documents/dma_test/prj/Vivado/hw/srcs/top_level.vhd:38]
INFO: [Synth 8-3491] module 'top' declared at '/home/user/Documents/dma_test/prj/Vivado/hw/srcs/top/synth/top.vhd:6912' bound to instance 'top_i' of component 'top' [/home/user/Documents/dma_test/prj/Vivado/hw/srcs/top_level.vhd:103]
INFO: [Synth 8-638] synthesizing module 'top' [/home/user/Documents/dma_test/prj/Vivado/hw/srcs/top/synth/top.vhd:6947]
WARNING: [Synth 8-5640] Port 'axi_dma_tstvec' is missing in component declaration [/home/user/Documents/dma_test/prj/Vivado/hw/srcs/top/synth/top.vhd:7191]
INFO: [Synth 8-3491] module 'top_axi_dma_0_0' declared at '/home/user/Documents/dma_test/prj/Vivado/hw/srcs/top/ip/top_axi_dma_0_0/synth/top_axi_dma_0_0.vhd:59' bound to instance 'axi_dma_0' of component 'top_axi_dma_0_0' [/home/user/Documents/dma_test/prj/Vivado/hw/srcs/top/synth/top.vhd:7572]
INFO: [Synth 8-638] synthesizing module 'top_axi_dma_0_0' [/home/user/Documents/dma_test/prj/Vivado/hw/srcs/top/ip/top_axi_dma_0_0/synth/top_axi_dma_0_0.vhd:107]
	Parameter C_S_AXI_LITE_ADDR_WIDTH bound to: 10 - type: integer 
	Parameter C_S_AXI_LITE_DATA_WIDTH bound to: 32 - type: integer 
	Parameter C_DLYTMR_RESOLUTION bound to: 125 - type: integer 
	Parameter C_PRMRY_IS_ACLK_ASYNC bound to: 0 - type: integer 
	Parameter C_ENABLE_MULTI_CHANNEL bound to: 0 - type: integer 
	Parameter C_NUM_MM2S_CHANNELS bound to: 1 - type: integer 
	Parameter C_NUM_S2MM_CHANNELS bound to: 1 - type: integer 
	Parameter C_INCLUDE_SG bound to: 0 - type: integer 
	Parameter C_SG_INCLUDE_STSCNTRL_STRM bound to: 0 - type: integer 
	Parameter C_SG_USE_STSAPP_LENGTH bound to: 0 - type: integer 
	Parameter C_SG_LENGTH_WIDTH bound to: 14 - type: integer 
	Parameter C_M_AXI_SG_ADDR_WIDTH bound to: 32 - type: integer 
	Parameter C_M_AXI_SG_DATA_WIDTH bound to: 32 - type: integer 
	Parameter C_M_AXIS_MM2S_CNTRL_TDATA_WIDTH bound to: 32 - type: integer 
	Parameter C_S_AXIS_S2MM_STS_TDATA_WIDTH bound to: 32 - type: integer 
	Parameter C_MICRO_DMA bound to: 0 - type: integer 
	Parameter C_INCLUDE_MM2S bound to: 0 - type: integer 
	Parameter C_INCLUDE_MM2S_SF bound to: 1 - type: integer 
	Parameter C_MM2S_BURST_SIZE bound to: 16 - type: integer 
	Parameter C_M_AXI_MM2S_ADDR_WIDTH bound to: 32 - type: integer 
	Parameter C_M_AXI_MM2S_DATA_WIDTH bound to: 32 - type: integer 
	Parameter C_M_AXIS_MM2S_TDATA_WIDTH bound to: 32 - type: integer 
	Parameter C_INCLUDE_MM2S_DRE bound to: 0 - type: integer 
	Parameter C_INCLUDE_S2MM bound to: 1 - type: integer 
	Parameter C_INCLUDE_S2MM_SF bound to: 1 - type: integer 
	Parameter C_S2MM_BURST_SIZE bound to: 16 - type: integer 
	Parameter C_M_AXI_S2MM_ADDR_WIDTH bound to: 32 - type: integer 
	Parameter C_M_AXI_S2MM_DATA_WIDTH bound to: 128 - type: integer 
	Parameter C_S_AXIS_S2MM_TDATA_WIDTH bound to: 128 - type: integer 
	Parameter C_INCLUDE_S2MM_DRE bound to: 0 - type: integer 
	Parameter C_INCREASE_THROUGHPUT bound to: 0 - type: integer 
	Parameter C_FAMILY bound to: zynquplus - type: string 
INFO: [Synth 8-3491] module 'axi_dma' declared at '/home/user/Documents/dma_test/prj/Vivado/hw/srcs/top/ipshared/70c4/hdl/axi_dma_v7_1_vh_rfs.vhd:21833' bound to instance 'U0' of component 'axi_dma' [/home/user/Documents/dma_test/prj/Vivado/hw/srcs/top/ip/top_axi_dma_0_0/synth/top_axi_dma_0_0.vhd:326]
INFO: [Synth 8-638] synthesizing module 'axi_dma' [/home/user/Documents/dma_test/prj/Vivado/hw/srcs/top/ipshared/70c4/hdl/axi_dma_v7_1_vh_rfs.vhd:22178]
INFO: [Synth 8-638] synthesizing module 'axi_dma_rst_module' [/home/user/Documents/dma_test/prj/Vivado/hw/srcs/top/ipshared/70c4/hdl/axi_dma_v7_1_vh_rfs.vhd:1595]
INFO: [Synth 8-638] synthesizing module 'cdc_sync' [/home/user/Documents/dma_test/prj/Vivado/hw/srcs/top/ipshared/ef1e/hdl/lib_cdc_v1_0_rfs.vhd:106]
	Parameter INIT bound to: 1'b0 
INFO: [Synth 8-113] binding component instance 'CROSS_PLEVEL_IN2SCNDRY_IN_cdc_to' to cell 'FDR' [/home/user/Documents/dma_test/prj/Vivado/hw/srcs/top/ipshared/ef1e/hdl/lib_cdc_v1_0_rfs.vhd:514]
	Parameter INIT bound to: 1'b0 
INFO: [Synth 8-113] binding component instance 'CROSS_PLEVEL_IN2SCNDRY_s_level_out_d2' to cell 'FDR' [/home/user/Documents/dma_test/prj/Vivado/hw/srcs/top/ipshared/ef1e/hdl/lib_cdc_v1_0_rfs.vhd:545]
	Parameter INIT bound to: 1'b0 
INFO: [Synth 8-113] binding component instance 'CROSS_PLEVEL_IN2SCNDRY_s_level_out_d3' to cell 'FDR' [/home/user/Documents/dma_test/prj/Vivado/hw/srcs/top/ipshared/ef1e/hdl/lib_cdc_v1_0_rfs.vhd:554]
	Parameter INIT bound to: 1'b0 
INFO: [Synth 8-113] binding component instance 'CROSS_PLEVEL_IN2SCNDRY_s_level_out_d4' to cell 'FDR' [/home/user/Documents/dma_test/prj/Vivado/hw/srcs/top/ipshared/ef1e/hdl/lib_cdc_v1_0_rfs.vhd:564]
	Parameter INIT bound to: 1'b0 
INFO: [Synth 8-113] binding component instance 'CROSS_PLEVEL_IN2SCNDRY_s_level_out_d5' to cell 'FDR' [/home/user/Documents/dma_test/prj/Vivado/hw/srcs/top/ipshared/ef1e/hdl/lib_cdc_v1_0_rfs.vhd:574]
	Parameter INIT bound to: 1'b0 
INFO: [Synth 8-113] binding component instance 'CROSS_PLEVEL_IN2SCNDRY_s_level_out_d6' to cell 'FDR' [/home/user/Documents/dma_test/prj/Vivado/hw/srcs/top/ipshared/ef1e/hdl/lib_cdc_v1_0_rfs.vhd:584]
INFO: [Synth 8-256] done synthesizing module 'cdc_sync' (0#1) [/home/user/Documents/dma_test/prj/Vivado/hw/srcs/top/ipshared/ef1e/hdl/lib_cdc_v1_0_rfs.vhd:106]
INFO: [Synth 8-638] synthesizing module 'axi_dma_reset' [/home/user/Documents/dma_test/prj/Vivado/hw/srcs/top/ipshared/70c4/hdl/axi_dma_v7_1_vh_rfs.vhd:603]
INFO: [Synth 8-256] done synthesizing module 'axi_dma_reset' (0#1) [/home/user/Documents/dma_test/prj/Vivado/hw/srcs/top/ipshared/70c4/hdl/axi_dma_v7_1_vh_rfs.vhd:603]
INFO: [Synth 8-256] done synthesizing module 'axi_dma_rst_module' (0#1) [/home/user/Documents/dma_test/prj/Vivado/hw/srcs/top/ipshared/70c4/hdl/axi_dma_v7_1_vh_rfs.vhd:1595]
INFO: [Synth 8-638] synthesizing module 'axi_dma_reg_module' [/home/user/Documents/dma_test/prj/Vivado/hw/srcs/top/ipshared/70c4/hdl/axi_dma_v7_1_vh_rfs.vhd:8436]
INFO: [Synth 8-638] synthesizing module 'axi_dma_lite_if' [/home/user/Documents/dma_test/prj/Vivado/hw/srcs/top/ipshared/70c4/hdl/axi_dma_v7_1_vh_rfs.vhd:2066]
INFO: [Synth 8-256] done synthesizing module 'axi_dma_lite_if' (0#1) [/home/user/Documents/dma_test/prj/Vivado/hw/srcs/top/ipshared/70c4/hdl/axi_dma_v7_1_vh_rfs.vhd:2066]
INFO: [Synth 8-638] synthesizing module 'axi_dma_register_s2mm' [/home/user/Documents/dma_test/prj/Vivado/hw/srcs/top/ipshared/70c4/hdl/axi_dma_v7_1_vh_rfs.vhd:4853]
INFO: [Synth 8-256] done synthesizing module 'axi_dma_register_s2mm' (0#1) [/home/user/Documents/dma_test/prj/Vivado/hw/srcs/top/ipshared/70c4/hdl/axi_dma_v7_1_vh_rfs.vhd:4853]
INFO: [Synth 8-256] done synthesizing module 'axi_dma_reg_module' (0#1) [/home/user/Documents/dma_test/prj/Vivado/hw/srcs/top/ipshared/70c4/hdl/axi_dma_v7_1_vh_rfs.vhd:8436]
INFO: [Synth 8-638] synthesizing module 'axi_dma_s2mm_mngr' [/home/user/Documents/dma_test/prj/Vivado/hw/srcs/top/ipshared/70c4/hdl/axi_dma_v7_1_vh_rfs.vhd:20564]
INFO: [Synth 8-638] synthesizing module 'axi_dma_smple_sm' [/home/user/Documents/dma_test/prj/Vivado/hw/srcs/top/ipshared/70c4/hdl/axi_dma_v7_1_vh_rfs.vhd:11972]
INFO: [Synth 8-256] done synthesizing module 'axi_dma_smple_sm' (0#1) [/home/user/Documents/dma_test/prj/Vivado/hw/srcs/top/ipshared/70c4/hdl/axi_dma_v7_1_vh_rfs.vhd:11972]
INFO: [Synth 8-638] synthesizing module 'axi_dma_s2mm_cmdsts_if' [/home/user/Documents/dma_test/prj/Vivado/hw/srcs/top/ipshared/70c4/hdl/axi_dma_v7_1_vh_rfs.vhd:18828]
INFO: [Synth 8-256] done synthesizing module 'axi_dma_s2mm_cmdsts_if' (0#1) [/home/user/Documents/dma_test/prj/Vivado/hw/srcs/top/ipshared/70c4/hdl/axi_dma_v7_1_vh_rfs.vhd:18828]
INFO: [Synth 8-638] synthesizing module 'axi_dma_s2mm_sts_mngr' [/home/user/Documents/dma_test/prj/Vivado/hw/srcs/top/ipshared/70c4/hdl/axi_dma_v7_1_vh_rfs.vhd:19258]
INFO: [Synth 8-256] done synthesizing module 'axi_dma_s2mm_sts_mngr' (0#1) [/home/user/Documents/dma_test/prj/Vivado/hw/srcs/top/ipshared/70c4/hdl/axi_dma_v7_1_vh_rfs.vhd:19258]
INFO: [Synth 8-256] done synthesizing module 'axi_dma_s2mm_mngr' (0#1) [/home/user/Documents/dma_test/prj/Vivado/hw/srcs/top/ipshared/70c4/hdl/axi_dma_v7_1_vh_rfs.vhd:20564]
INFO: [Synth 8-638] synthesizing module 'axi_dma_sofeof_gen' [/home/user/Documents/dma_test/prj/Vivado/hw/srcs/top/ipshared/70c4/hdl/axi_dma_v7_1_vh_rfs.vhd:11441]
INFO: [Synth 8-256] done synthesizing module 'axi_dma_sofeof_gen' (0#1) [/home/user/Documents/dma_test/prj/Vivado/hw/srcs/top/ipshared/70c4/hdl/axi_dma_v7_1_vh_rfs.vhd:11441]
INFO: [Synth 8-638] synthesizing module 'axi_datamover' [/home/user/Documents/dma_test/prj/Vivado/hw/srcs/top/ipshared/2237/hdl/axi_datamover_v5_1_vh_rfs.vhd:55439]
INFO: [Synth 8-638] synthesizing module 'axi_datamover_mm2s_omit_wrap' [/home/user/Documents/dma_test/prj/Vivado/hw/srcs/top/ipshared/2237/hdl/axi_datamover_v5_1_vh_rfs.vhd:53209]
INFO: [Synth 8-256] done synthesizing module 'axi_datamover_mm2s_omit_wrap' (0#1) [/home/user/Documents/dma_test/prj/Vivado/hw/srcs/top/ipshared/2237/hdl/axi_datamover_v5_1_vh_rfs.vhd:53209]
INFO: [Synth 8-638] synthesizing module 'axi_datamover_s2mm_full_wrap' [/home/user/Documents/dma_test/prj/Vivado/hw/srcs/top/ipshared/2237/hdl/axi_datamover_v5_1_vh_rfs.vhd:49997]
INFO: [Synth 8-638] synthesizing module 'axi_datamover_reset' [/home/user/Documents/dma_test/prj/Vivado/hw/srcs/top/ipshared/2237/hdl/axi_datamover_v5_1_vh_rfs.vhd:153]
INFO: [Synth 8-256] done synthesizing module 'axi_datamover_reset' (0#1) [/home/user/Documents/dma_test/prj/Vivado/hw/srcs/top/ipshared/2237/hdl/axi_datamover_v5_1_vh_rfs.vhd:153]
INFO: [Synth 8-638] synthesizing module 'axi_datamover_cmd_status' [/home/user/Documents/dma_test/prj/Vivado/hw/srcs/top/ipshared/2237/hdl/axi_datamover_v5_1_vh_rfs.vhd:2698]
INFO: [Synth 8-638] synthesizing module 'axi_datamover_fifo' [/home/user/Documents/dma_test/prj/Vivado/hw/srcs/top/ipshared/2237/hdl/axi_datamover_v5_1_vh_rfs.vhd:1886]
INFO: [Synth 8-256] done synthesizing module 'axi_datamover_fifo' (0#1) [/home/user/Documents/dma_test/prj/Vivado/hw/srcs/top/ipshared/2237/hdl/axi_datamover_v5_1_vh_rfs.vhd:1886]
INFO: [Synth 8-638] synthesizing module 'axi_datamover_fifo__parameterized0' [/home/user/Documents/dma_test/prj/Vivado/hw/srcs/top/ipshared/2237/hdl/axi_datamover_v5_1_vh_rfs.vhd:1886]
INFO: [Synth 8-256] done synthesizing module 'axi_datamover_fifo__parameterized0' (0#1) [/home/user/Documents/dma_test/prj/Vivado/hw/srcs/top/ipshared/2237/hdl/axi_datamover_v5_1_vh_rfs.vhd:1886]
INFO: [Synth 8-256] done synthesizing module 'axi_datamover_cmd_status' (0#1) [/home/user/Documents/dma_test/prj/Vivado/hw/srcs/top/ipshared/2237/hdl/axi_datamover_v5_1_vh_rfs.vhd:2698]
INFO: [Synth 8-638] synthesizing module 'axi_datamover_wr_status_cntl' [/home/user/Documents/dma_test/prj/Vivado/hw/srcs/top/ipshared/2237/hdl/axi_datamover_v5_1_vh_rfs.vhd:17704]
INFO: [Synth 8-638] synthesizing module 'axi_datamover_fifo__parameterized1' [/home/user/Documents/dma_test/prj/Vivado/hw/srcs/top/ipshared/2237/hdl/axi_datamover_v5_1_vh_rfs.vhd:1886]
INFO: [Synth 8-638] synthesizing module 'srl_fifo_f' [/home/user/Documents/dma_test/prj/Vivado/hw/srcs/top/ipshared/51ce/hdl/lib_srl_fifo_v1_0_rfs.vhd:1000]
INFO: [Synth 8-638] synthesizing module 'srl_fifo_rbu_f' [/home/user/Documents/dma_test/prj/Vivado/hw/srcs/top/ipshared/51ce/hdl/lib_srl_fifo_v1_0_rfs.vhd:697]
INFO: [Synth 8-638] synthesizing module 'cntr_incr_decr_addn_f' [/home/user/Documents/dma_test/prj/Vivado/hw/srcs/top/ipshared/51ce/hdl/lib_srl_fifo_v1_0_rfs.vhd:143]
INFO: [Synth 8-256] done synthesizing module 'cntr_incr_decr_addn_f' (0#1) [/home/user/Documents/dma_test/prj/Vivado/hw/srcs/top/ipshared/51ce/hdl/lib_srl_fifo_v1_0_rfs.vhd:143]
INFO: [Synth 8-638] synthesizing module 'dynshreg_f' [/home/user/Documents/dma_test/prj/Vivado/hw/srcs/top/ipshared/51ce/hdl/lib_srl_fifo_v1_0_rfs.vhd:397]
INFO: [Synth 8-256] done synthesizing module 'dynshreg_f' (0#1) [/home/user/Documents/dma_test/prj/Vivado/hw/srcs/top/ipshared/51ce/hdl/lib_srl_fifo_v1_0_rfs.vhd:397]
INFO: [Synth 8-256] done synthesizing module 'srl_fifo_rbu_f' (0#1) [/home/user/Documents/dma_test/prj/Vivado/hw/srcs/top/ipshared/51ce/hdl/lib_srl_fifo_v1_0_rfs.vhd:697]
INFO: [Synth 8-256] done synthesizing module 'srl_fifo_f' (0#1) [/home/user/Documents/dma_test/prj/Vivado/hw/srcs/top/ipshared/51ce/hdl/lib_srl_fifo_v1_0_rfs.vhd:1000]
INFO: [Synth 8-256] done synthesizing module 'axi_datamover_fifo__parameterized1' (0#1) [/home/user/Documents/dma_test/prj/Vivado/hw/srcs/top/ipshared/2237/hdl/axi_datamover_v5_1_vh_rfs.vhd:1886]
INFO: [Synth 8-638] synthesizing module 'axi_datamover_fifo__parameterized2' [/home/user/Documents/dma_test/prj/Vivado/hw/srcs/top/ipshared/2237/hdl/axi_datamover_v5_1_vh_rfs.vhd:1886]
INFO: [Synth 8-638] synthesizing module 'srl_fifo_f__parameterized0' [/home/user/Documents/dma_test/prj/Vivado/hw/srcs/top/ipshared/51ce/hdl/lib_srl_fifo_v1_0_rfs.vhd:1000]
INFO: [Synth 8-638] synthesizing module 'srl_fifo_rbu_f__parameterized0' [/home/user/Documents/dma_test/prj/Vivado/hw/srcs/top/ipshared/51ce/hdl/lib_srl_fifo_v1_0_rfs.vhd:697]
INFO: [Synth 8-638] synthesizing module 'dynshreg_f__parameterized0' [/home/user/Documents/dma_test/prj/Vivado/hw/srcs/top/ipshared/51ce/hdl/lib_srl_fifo_v1_0_rfs.vhd:397]
INFO: [Synth 8-256] done synthesizing module 'dynshreg_f__parameterized0' (0#1) [/home/user/Documents/dma_test/prj/Vivado/hw/srcs/top/ipshared/51ce/hdl/lib_srl_fifo_v1_0_rfs.vhd:397]
INFO: [Synth 8-256] done synthesizing module 'srl_fifo_rbu_f__parameterized0' (0#1) [/home/user/Documents/dma_test/prj/Vivado/hw/srcs/top/ipshared/51ce/hdl/lib_srl_fifo_v1_0_rfs.vhd:697]
INFO: [Synth 8-256] done synthesizing module 'srl_fifo_f__parameterized0' (0#1) [/home/user/Documents/dma_test/prj/Vivado/hw/srcs/top/ipshared/51ce/hdl/lib_srl_fifo_v1_0_rfs.vhd:1000]
INFO: [Synth 8-256] done synthesizing module 'axi_datamover_fifo__parameterized2' (0#1) [/home/user/Documents/dma_test/prj/Vivado/hw/srcs/top/ipshared/2237/hdl/axi_datamover_v5_1_vh_rfs.vhd:1886]
INFO: [Synth 8-256] done synthesizing module 'axi_datamover_wr_status_cntl' (0#1) [/home/user/Documents/dma_test/prj/Vivado/hw/srcs/top/ipshared/2237/hdl/axi_datamover_v5_1_vh_rfs.vhd:17704]
INFO: [Synth 8-638] synthesizing module 'axi_datamover_ibttcc' [/home/user/Documents/dma_test/prj/Vivado/hw/srcs/top/ipshared/2237/hdl/axi_datamover_v5_1_vh_rfs.vhd:25731]
INFO: [Synth 8-256] done synthesizing module 'axi_datamover_ibttcc' (0#1) [/home/user/Documents/dma_test/prj/Vivado/hw/srcs/top/ipshared/2237/hdl/axi_datamover_v5_1_vh_rfs.vhd:25731]
INFO: [Synth 8-638] synthesizing module 'axi_datamover_skid_buf' [/home/user/Documents/dma_test/prj/Vivado/hw/srcs/top/ipshared/2237/hdl/axi_datamover_v5_1_vh_rfs.vhd:19500]
INFO: [Synth 8-256] done synthesizing module 'axi_datamover_skid_buf' (0#1) [/home/user/Documents/dma_test/prj/Vivado/hw/srcs/top/ipshared/2237/hdl/axi_datamover_v5_1_vh_rfs.vhd:19500]
INFO: [Synth 8-638] synthesizing module 'axi_datamover_s2mm_realign' [/home/user/Documents/dma_test/prj/Vivado/hw/srcs/top/ipshared/2237/hdl/axi_datamover_v5_1_vh_rfs.vhd:47011]
INFO: [Synth 8-638] synthesizing module 'axi_datamover_fifo__parameterized3' [/home/user/Documents/dma_test/prj/Vivado/hw/srcs/top/ipshared/2237/hdl/axi_datamover_v5_1_vh_rfs.vhd:1886]
INFO: [Synth 8-638] synthesizing module 'srl_fifo_f__parameterized1' [/home/user/Documents/dma_test/prj/Vivado/hw/srcs/top/ipshared/51ce/hdl/lib_srl_fifo_v1_0_rfs.vhd:1000]
INFO: [Synth 8-638] synthesizing module 'srl_fifo_rbu_f__parameterized1' [/home/user/Documents/dma_test/prj/Vivado/hw/srcs/top/ipshared/51ce/hdl/lib_srl_fifo_v1_0_rfs.vhd:697]
INFO: [Synth 8-638] synthesizing module 'cntr_incr_decr_addn_f__parameterized0' [/home/user/Documents/dma_test/prj/Vivado/hw/srcs/top/ipshared/51ce/hdl/lib_srl_fifo_v1_0_rfs.vhd:143]
INFO: [Synth 8-256] done synthesizing module 'cntr_incr_decr_addn_f__parameterized0' (0#1) [/home/user/Documents/dma_test/prj/Vivado/hw/srcs/top/ipshared/51ce/hdl/lib_srl_fifo_v1_0_rfs.vhd:143]
INFO: [Synth 8-638] synthesizing module 'dynshreg_f__parameterized1' [/home/user/Documents/dma_test/prj/Vivado/hw/srcs/top/ipshared/51ce/hdl/lib_srl_fifo_v1_0_rfs.vhd:397]
INFO: [Synth 8-256] done synthesizing module 'dynshreg_f__parameterized1' (0#1) [/home/user/Documents/dma_test/prj/Vivado/hw/srcs/top/ipshared/51ce/hdl/lib_srl_fifo_v1_0_rfs.vhd:397]
INFO: [Synth 8-256] done synthesizing module 'srl_fifo_rbu_f__parameterized1' (0#1) [/home/user/Documents/dma_test/prj/Vivado/hw/srcs/top/ipshared/51ce/hdl/lib_srl_fifo_v1_0_rfs.vhd:697]
INFO: [Synth 8-256] done synthesizing module 'srl_fifo_f__parameterized1' (0#1) [/home/user/Documents/dma_test/prj/Vivado/hw/srcs/top/ipshared/51ce/hdl/lib_srl_fifo_v1_0_rfs.vhd:1000]
INFO: [Synth 8-256] done synthesizing module 'axi_datamover_fifo__parameterized3' (0#1) [/home/user/Documents/dma_test/prj/Vivado/hw/srcs/top/ipshared/2237/hdl/axi_datamover_v5_1_vh_rfs.vhd:1886]
INFO: [Synth 8-638] synthesizing module 'axi_datamover_s2mm_scatter' [/home/user/Documents/dma_test/prj/Vivado/hw/srcs/top/ipshared/2237/hdl/axi_datamover_v5_1_vh_rfs.vhd:45117]
INFO: [Synth 8-638] synthesizing module 'axi_datamover_mssai_skid_buf' [/home/user/Documents/dma_test/prj/Vivado/hw/srcs/top/ipshared/2237/hdl/axi_datamover_v5_1_vh_rfs.vhd:44167]
INFO: [Synth 8-638] synthesizing module 'axi_datamover_ms_strb_set' [/home/user/Documents/dma_test/prj/Vivado/hw/srcs/top/ipshared/2237/hdl/axi_datamover_v5_1_vh_rfs.vhd:42603]
INFO: [Synth 8-256] done synthesizing module 'axi_datamover_ms_strb_set' (0#1) [/home/user/Documents/dma_test/prj/Vivado/hw/srcs/top/ipshared/2237/hdl/axi_datamover_v5_1_vh_rfs.vhd:42603]
INFO: [Synth 8-256] done synthesizing module 'axi_datamover_mssai_skid_buf' (0#1) [/home/user/Documents/dma_test/prj/Vivado/hw/srcs/top/ipshared/2237/hdl/axi_datamover_v5_1_vh_rfs.vhd:44167]
INFO: [Synth 8-638] synthesizing module 'axi_datamover_strb_gen2' [/home/user/Documents/dma_test/prj/Vivado/hw/srcs/top/ipshared/2237/hdl/axi_datamover_v5_1_vh_rfs.vhd:4342]
INFO: [Synth 8-256] done synthesizing module 'axi_datamover_strb_gen2' (0#1) [/home/user/Documents/dma_test/prj/Vivado/hw/srcs/top/ipshared/2237/hdl/axi_datamover_v5_1_vh_rfs.vhd:4342]
INFO: [Synth 8-638] synthesizing module 'axi_datamover_slice' [/home/user/Documents/dma_test/prj/Vivado/hw/srcs/top/ipshared/2237/hdl/axi_datamover_v5_1_vh_rfs.vhd:44856]
INFO: [Synth 8-256] done synthesizing module 'axi_datamover_slice' (0#1) [/home/user/Documents/dma_test/prj/Vivado/hw/srcs/top/ipshared/2237/hdl/axi_datamover_v5_1_vh_rfs.vhd:44856]
INFO: [Synth 8-638] synthesizing module 'axi_datamover_fifo__parameterized4' [/home/user/Documents/dma_test/prj/Vivado/hw/srcs/top/ipshared/2237/hdl/axi_datamover_v5_1_vh_rfs.vhd:1886]
INFO: [Synth 8-638] synthesizing module 'axi_datamover_sfifo_autord' [/home/user/Documents/dma_test/prj/Vivado/hw/srcs/top/ipshared/2237/hdl/axi_datamover_v5_1_vh_rfs.vhd:1295]
INFO: [Synth 8-638] synthesizing module 'sync_fifo_fg' [/home/user/Documents/dma_test/prj/Vivado/hw/srcs/top/ipshared/6c82/hdl/lib_fifo_v1_0_rfs.vhd:2250]
	Parameter FIFO_MEMORY_TYPE bound to: auto - type: string 
	Parameter FIFO_WRITE_DEPTH bound to: 16 - type: integer 
	Parameter WRITE_DATA_WIDTH bound to: 23 - type: integer 
	Parameter READ_MODE bound to: fwft - type: string 
	Parameter FIFO_READ_LATENCY bound to: 0 - type: integer 
	Parameter FULL_RESET_VALUE bound to: 1 - type: integer 
	Parameter USE_ADV_FEATURES bound to: 1F1F - type: string 
	Parameter READ_DATA_WIDTH bound to: 23 - type: integer 
	Parameter WR_DATA_COUNT_WIDTH bound to: 5 - type: integer 
	Parameter PROG_FULL_THRESH bound to: 10 - type: integer 
	Parameter RD_DATA_COUNT_WIDTH bound to: 4 - type: integer 
	Parameter PROG_EMPTY_THRESH bound to: 10 - type: integer 
	Parameter DOUT_RESET_VALUE bound to: 0 - type: string 
	Parameter ECC_MODE bound to: no_ecc - type: string 
	Parameter WAKEUP_TIME bound to: 0 - type: integer 
INFO: [Synth 8-3491] module 'xpm_fifo_sync' declared at '/tools/Xilinx/Vivado/2022.2/data/ip/xpm/xpm_fifo/hdl/xpm_fifo.sv:1955' bound to instance 'xpm_fifo_sync_inst' of component 'xpm_fifo_sync' [/home/user/Documents/dma_test/prj/Vivado/hw/srcs/top/ipshared/6c82/hdl/lib_fifo_v1_0_rfs.vhd:2627]
INFO: [Synth 8-6157] synthesizing module 'xpm_fifo_sync' [/tools/Xilinx/Vivado/2022.2/data/ip/xpm/xpm_fifo/hdl/xpm_fifo.sv:1955]
INFO: [Synth 8-6157] synthesizing module 'xpm_fifo_base' [/tools/Xilinx/Vivado/2022.2/data/ip/xpm/xpm_fifo/hdl/xpm_fifo.sv:55]
INFO: [Synth 8-6157] synthesizing module 'xpm_counter_updn' [/tools/Xilinx/Vivado/2022.2/data/ip/xpm/xpm_fifo/hdl/xpm_fifo.sv:1859]
INFO: [Synth 8-6155] done synthesizing module 'xpm_counter_updn' (0#1) [/tools/Xilinx/Vivado/2022.2/data/ip/xpm/xpm_fifo/hdl/xpm_fifo.sv:1859]
INFO: [Synth 8-6157] synthesizing module 'xpm_counter_updn__parameterized0' [/tools/Xilinx/Vivado/2022.2/data/ip/xpm/xpm_fifo/hdl/xpm_fifo.sv:1859]
INFO: [Synth 8-6155] done synthesizing module 'xpm_counter_updn__parameterized0' (0#1) [/tools/Xilinx/Vivado/2022.2/data/ip/xpm/xpm_fifo/hdl/xpm_fifo.sv:1859]
INFO: [Synth 8-6157] synthesizing module 'xpm_memory_base' [/tools/Xilinx/Vivado/2022.2/data/ip/xpm/xpm_memory/hdl/xpm_memory.sv:56]
INFO: [Synth 8-6059] Synth Info: [XPM_MEMORY 20-1] MEMORY_PRIMITIVE (0) instructs Vivado Synthesis to choose the memory primitive type. Depending on their values, other XPM_MEMORY parameters may preclude the choice of certain memory primitive types. Review XPM_MEMORY documentation and parameter values to understand any limitations, or set MEMORY_PRIMITIVE to a different value.   [/tools/Xilinx/Vivado/2022.2/data/ip/xpm/xpm_memory/hdl/xpm_memory.sv:493]
INFO: [Synth 8-6155] done synthesizing module 'xpm_memory_base' (0#1) [/tools/Xilinx/Vivado/2022.2/data/ip/xpm/xpm_memory/hdl/xpm_memory.sv:56]
INFO: [Synth 8-226] default block is never used [/tools/Xilinx/Vivado/2022.2/data/ip/xpm/xpm_fifo/hdl/xpm_fifo.sv:1207]
INFO: [Synth 8-226] default block is never used [/tools/Xilinx/Vivado/2022.2/data/ip/xpm/xpm_fifo/hdl/xpm_fifo.sv:1274]
INFO: [Synth 8-226] default block is never used [/tools/Xilinx/Vivado/2022.2/data/ip/xpm/xpm_fifo/hdl/xpm_fifo.sv:1296]
INFO: [Synth 8-6157] synthesizing module 'xpm_fifo_reg_bit' [/tools/Xilinx/Vivado/2022.2/data/ip/xpm/xpm_fifo/hdl/xpm_fifo.sv:1907]
INFO: [Synth 8-6155] done synthesizing module 'xpm_fifo_reg_bit' (0#1) [/tools/Xilinx/Vivado/2022.2/data/ip/xpm/xpm_fifo/hdl/xpm_fifo.sv:1907]
INFO: [Synth 8-6157] synthesizing module 'xpm_counter_updn__parameterized1' [/tools/Xilinx/Vivado/2022.2/data/ip/xpm/xpm_fifo/hdl/xpm_fifo.sv:1859]
INFO: [Synth 8-6155] done synthesizing module 'xpm_counter_updn__parameterized1' (0#1) [/tools/Xilinx/Vivado/2022.2/data/ip/xpm/xpm_fifo/hdl/xpm_fifo.sv:1859]
INFO: [Synth 8-6157] synthesizing module 'xpm_fifo_rst' [/tools/Xilinx/Vivado/2022.2/data/ip/xpm/xpm_fifo/hdl/xpm_fifo.sv:1619]
INFO: [Synth 8-6155] done synthesizing module 'xpm_fifo_rst' (0#1) [/tools/Xilinx/Vivado/2022.2/data/ip/xpm/xpm_fifo/hdl/xpm_fifo.sv:1619]
INFO: [Synth 8-6157] synthesizing module 'xpm_counter_updn__parameterized2' [/tools/Xilinx/Vivado/2022.2/data/ip/xpm/xpm_fifo/hdl/xpm_fifo.sv:1859]
INFO: [Synth 8-6155] done synthesizing module 'xpm_counter_updn__parameterized2' (0#1) [/tools/Xilinx/Vivado/2022.2/data/ip/xpm/xpm_fifo/hdl/xpm_fifo.sv:1859]
INFO: [Synth 8-6157] synthesizing module 'xpm_counter_updn__parameterized3' [/tools/Xilinx/Vivado/2022.2/data/ip/xpm/xpm_fifo/hdl/xpm_fifo.sv:1859]
INFO: [Synth 8-6155] done synthesizing module 'xpm_counter_updn__parameterized3' (0#1) [/tools/Xilinx/Vivado/2022.2/data/ip/xpm/xpm_fifo/hdl/xpm_fifo.sv:1859]
INFO: [Synth 8-6155] done synthesizing module 'xpm_fifo_base' (0#1) [/tools/Xilinx/Vivado/2022.2/data/ip/xpm/xpm_fifo/hdl/xpm_fifo.sv:55]
INFO: [Synth 8-6155] done synthesizing module 'xpm_fifo_sync' (0#1) [/tools/Xilinx/Vivado/2022.2/data/ip/xpm/xpm_fifo/hdl/xpm_fifo.sv:1955]
INFO: [Synth 8-256] done synthesizing module 'sync_fifo_fg' (0#1) [/home/user/Documents/dma_test/prj/Vivado/hw/srcs/top/ipshared/6c82/hdl/lib_fifo_v1_0_rfs.vhd:2250]
INFO: [Synth 8-256] done synthesizing module 'axi_datamover_sfifo_autord' (0#1) [/home/user/Documents/dma_test/prj/Vivado/hw/srcs/top/ipshared/2237/hdl/axi_datamover_v5_1_vh_rfs.vhd:1295]
INFO: [Synth 8-256] done synthesizing module 'axi_datamover_fifo__parameterized4' (0#1) [/home/user/Documents/dma_test/prj/Vivado/hw/srcs/top/ipshared/2237/hdl/axi_datamover_v5_1_vh_rfs.vhd:1886]
INFO: [Synth 8-256] done synthesizing module 'axi_datamover_s2mm_scatter' (0#1) [/home/user/Documents/dma_test/prj/Vivado/hw/srcs/top/ipshared/2237/hdl/axi_datamover_v5_1_vh_rfs.vhd:45117]
INFO: [Synth 8-256] done synthesizing module 'axi_datamover_s2mm_realign' (0#1) [/home/user/Documents/dma_test/prj/Vivado/hw/srcs/top/ipshared/2237/hdl/axi_datamover_v5_1_vh_rfs.vhd:47011]
INFO: [Synth 8-638] synthesizing module 'axi_datamover_indet_btt' [/home/user/Documents/dma_test/prj/Vivado/hw/srcs/top/ipshared/2237/hdl/axi_datamover_v5_1_vh_rfs.vhd:28430]
INFO: [Synth 8-638] synthesizing module 'axi_datamover_stbs_set_nodre' [/home/user/Documents/dma_test/prj/Vivado/hw/srcs/top/ipshared/2237/hdl/axi_datamover_v5_1_vh_rfs.vhd:24209]
INFO: [Synth 8-256] done synthesizing module 'axi_datamover_stbs_set_nodre' (0#1) [/home/user/Documents/dma_test/prj/Vivado/hw/srcs/top/ipshared/2237/hdl/axi_datamover_v5_1_vh_rfs.vhd:24209]
INFO: [Synth 8-638] synthesizing module 'axi_datamover_sfifo_autord__parameterized0' [/home/user/Documents/dma_test/prj/Vivado/hw/srcs/top/ipshared/2237/hdl/axi_datamover_v5_1_vh_rfs.vhd:1295]
INFO: [Synth 8-638] synthesizing module 'sync_fifo_fg__parameterized0' [/home/user/Documents/dma_test/prj/Vivado/hw/srcs/top/ipshared/6c82/hdl/lib_fifo_v1_0_rfs.vhd:2250]
	Parameter FIFO_MEMORY_TYPE bound to: auto - type: string 
	Parameter FIFO_WRITE_DEPTH bound to: 16 - type: integer 
	Parameter WRITE_DATA_WIDTH bound to: 11 - type: integer 
	Parameter READ_MODE bound to: fwft - type: string 
	Parameter FIFO_READ_LATENCY bound to: 0 - type: integer 
	Parameter FULL_RESET_VALUE bound to: 1 - type: integer 
	Parameter USE_ADV_FEATURES bound to: 1F1F - type: string 
	Parameter READ_DATA_WIDTH bound to: 11 - type: integer 
	Parameter WR_DATA_COUNT_WIDTH bound to: 5 - type: integer 
	Parameter PROG_FULL_THRESH bound to: 10 - type: integer 
	Parameter RD_DATA_COUNT_WIDTH bound to: 4 - type: integer 
	Parameter PROG_EMPTY_THRESH bound to: 10 - type: integer 
	Parameter DOUT_RESET_VALUE bound to: 0 - type: string 
	Parameter ECC_MODE bound to: no_ecc - type: string 
	Parameter WAKEUP_TIME bound to: 0 - type: integer 
INFO: [Synth 8-3491] module 'xpm_fifo_sync' declared at '/tools/Xilinx/Vivado/2022.2/data/ip/xpm/xpm_fifo/hdl/xpm_fifo.sv:1955' bound to instance 'xpm_fifo_sync_inst' of component 'xpm_fifo_sync' [/home/user/Documents/dma_test/prj/Vivado/hw/srcs/top/ipshared/6c82/hdl/lib_fifo_v1_0_rfs.vhd:2627]
INFO: [Synth 8-6157] synthesizing module 'xpm_fifo_sync__parameterized1' [/tools/Xilinx/Vivado/2022.2/data/ip/xpm/xpm_fifo/hdl/xpm_fifo.sv:1955]
INFO: [Synth 8-6157] synthesizing module 'xpm_fifo_base__parameterized0' [/tools/Xilinx/Vivado/2022.2/data/ip/xpm/xpm_fifo/hdl/xpm_fifo.sv:55]
INFO: [Synth 8-6157] synthesizing module 'xpm_memory_base__parameterized0' [/tools/Xilinx/Vivado/2022.2/data/ip/xpm/xpm_memory/hdl/xpm_memory.sv:56]
INFO: [Synth 8-6059] Synth Info: [XPM_MEMORY 20-1] MEMORY_PRIMITIVE (0) instructs Vivado Synthesis to choose the memory primitive type. Depending on their values, other XPM_MEMORY parameters may preclude the choice of certain memory primitive types. Review XPM_MEMORY documentation and parameter values to understand any limitations, or set MEMORY_PRIMITIVE to a different value.   [/tools/Xilinx/Vivado/2022.2/data/ip/xpm/xpm_memory/hdl/xpm_memory.sv:493]
INFO: [Synth 8-6155] done synthesizing module 'xpm_memory_base__parameterized0' (0#1) [/tools/Xilinx/Vivado/2022.2/data/ip/xpm/xpm_memory/hdl/xpm_memory.sv:56]
INFO: [Synth 8-226] default block is never used [/tools/Xilinx/Vivado/2022.2/data/ip/xpm/xpm_fifo/hdl/xpm_fifo.sv:1207]
INFO: [Synth 8-226] default block is never used [/tools/Xilinx/Vivado/2022.2/data/ip/xpm/xpm_fifo/hdl/xpm_fifo.sv:1274]
INFO: [Synth 8-226] default block is never used [/tools/Xilinx/Vivado/2022.2/data/ip/xpm/xpm_fifo/hdl/xpm_fifo.sv:1296]
INFO: [Synth 8-6155] done synthesizing module 'xpm_fifo_base__parameterized0' (0#1) [/tools/Xilinx/Vivado/2022.2/data/ip/xpm/xpm_fifo/hdl/xpm_fifo.sv:55]
INFO: [Synth 8-6155] done synthesizing module 'xpm_fifo_sync__parameterized1' (0#1) [/tools/Xilinx/Vivado/2022.2/data/ip/xpm/xpm_fifo/hdl/xpm_fifo.sv:1955]
INFO: [Synth 8-256] done synthesizing module 'sync_fifo_fg__parameterized0' (0#1) [/home/user/Documents/dma_test/prj/Vivado/hw/srcs/top/ipshared/6c82/hdl/lib_fifo_v1_0_rfs.vhd:2250]
INFO: [Synth 8-256] done synthesizing module 'axi_datamover_sfifo_autord__parameterized0' (0#1) [/home/user/Documents/dma_test/prj/Vivado/hw/srcs/top/ipshared/2237/hdl/axi_datamover_v5_1_vh_rfs.vhd:1295]
INFO: [Synth 8-638] synthesizing module 'axi_datamover_sfifo_autord__parameterized1' [/home/user/Documents/dma_test/prj/Vivado/hw/srcs/top/ipshared/2237/hdl/axi_datamover_v5_1_vh_rfs.vhd:1295]
INFO: [Synth 8-638] synthesizing module 'sync_fifo_fg__parameterized1' [/home/user/Documents/dma_test/prj/Vivado/hw/srcs/top/ipshared/6c82/hdl/lib_fifo_v1_0_rfs.vhd:2250]
	Parameter FIFO_MEMORY_TYPE bound to: block - type: string 
	Parameter FIFO_WRITE_DEPTH bound to: 128 - type: integer 
	Parameter WRITE_DATA_WIDTH bound to: 146 - type: integer 
	Parameter READ_MODE bound to: fwft - type: string 
	Parameter FIFO_READ_LATENCY bound to: 0 - type: integer 
	Parameter FULL_RESET_VALUE bound to: 1 - type: integer 
	Parameter USE_ADV_FEATURES bound to: 1F1F - type: string 
	Parameter READ_DATA_WIDTH bound to: 146 - type: integer 
	Parameter WR_DATA_COUNT_WIDTH bound to: 8 - type: integer 
	Parameter PROG_FULL_THRESH bound to: 10 - type: integer 
	Parameter RD_DATA_COUNT_WIDTH bound to: 4 - type: integer 
	Parameter PROG_EMPTY_THRESH bound to: 10 - type: integer 
	Parameter DOUT_RESET_VALUE bound to: 0 - type: string 
	Parameter ECC_MODE bound to: no_ecc - type: string 
	Parameter WAKEUP_TIME bound to: 0 - type: integer 
INFO: [Synth 8-3491] module 'xpm_fifo_sync' declared at '/tools/Xilinx/Vivado/2022.2/data/ip/xpm/xpm_fifo/hdl/xpm_fifo.sv:1955' bound to instance 'xpm_fifo_sync_inst' of component 'xpm_fifo_sync' [/home/user/Documents/dma_test/prj/Vivado/hw/srcs/top/ipshared/6c82/hdl/lib_fifo_v1_0_rfs.vhd:2627]
INFO: [Synth 8-6157] synthesizing module 'xpm_fifo_sync__parameterized3' [/tools/Xilinx/Vivado/2022.2/data/ip/xpm/xpm_fifo/hdl/xpm_fifo.sv:1955]
INFO: [Synth 8-6157] synthesizing module 'xpm_fifo_base__parameterized1' [/tools/Xilinx/Vivado/2022.2/data/ip/xpm/xpm_fifo/hdl/xpm_fifo.sv:55]
INFO: [Synth 8-6157] synthesizing module 'xpm_counter_updn__parameterized4' [/tools/Xilinx/Vivado/2022.2/data/ip/xpm/xpm_fifo/hdl/xpm_fifo.sv:1859]
INFO: [Synth 8-6155] done synthesizing module 'xpm_counter_updn__parameterized4' (0#1) [/tools/Xilinx/Vivado/2022.2/data/ip/xpm/xpm_fifo/hdl/xpm_fifo.sv:1859]
INFO: [Synth 8-6157] synthesizing module 'xpm_counter_updn__parameterized5' [/tools/Xilinx/Vivado/2022.2/data/ip/xpm/xpm_fifo/hdl/xpm_fifo.sv:1859]
INFO: [Synth 8-6155] done synthesizing module 'xpm_counter_updn__parameterized5' (0#1) [/tools/Xilinx/Vivado/2022.2/data/ip/xpm/xpm_fifo/hdl/xpm_fifo.sv:1859]
INFO: [Synth 8-6157] synthesizing module 'xpm_memory_base__parameterized1' [/tools/Xilinx/Vivado/2022.2/data/ip/xpm/xpm_memory/hdl/xpm_memory.sv:56]
INFO: [Synth 8-6155] done synthesizing module 'xpm_memory_base__parameterized1' (0#1) [/tools/Xilinx/Vivado/2022.2/data/ip/xpm/xpm_memory/hdl/xpm_memory.sv:56]
INFO: [Synth 8-226] default block is never used [/tools/Xilinx/Vivado/2022.2/data/ip/xpm/xpm_fifo/hdl/xpm_fifo.sv:1207]
INFO: [Synth 8-226] default block is never used [/tools/Xilinx/Vivado/2022.2/data/ip/xpm/xpm_fifo/hdl/xpm_fifo.sv:1274]
INFO: [Synth 8-226] default block is never used [/tools/Xilinx/Vivado/2022.2/data/ip/xpm/xpm_fifo/hdl/xpm_fifo.sv:1296]
INFO: [Synth 8-6157] synthesizing module 'xpm_counter_updn__parameterized6' [/tools/Xilinx/Vivado/2022.2/data/ip/xpm/xpm_fifo/hdl/xpm_fifo.sv:1859]
INFO: [Synth 8-6155] done synthesizing module 'xpm_counter_updn__parameterized6' (0#1) [/tools/Xilinx/Vivado/2022.2/data/ip/xpm/xpm_fifo/hdl/xpm_fifo.sv:1859]
INFO: [Synth 8-6157] synthesizing module 'xpm_counter_updn__parameterized7' [/tools/Xilinx/Vivado/2022.2/data/ip/xpm/xpm_fifo/hdl/xpm_fifo.sv:1859]
INFO: [Synth 8-6155] done synthesizing module 'xpm_counter_updn__parameterized7' (0#1) [/tools/Xilinx/Vivado/2022.2/data/ip/xpm/xpm_fifo/hdl/xpm_fifo.sv:1859]
INFO: [Synth 8-6155] done synthesizing module 'xpm_fifo_base__parameterized1' (0#1) [/tools/Xilinx/Vivado/2022.2/data/ip/xpm/xpm_fifo/hdl/xpm_fifo.sv:55]
INFO: [Synth 8-6155] done synthesizing module 'xpm_fifo_sync__parameterized3' (0#1) [/tools/Xilinx/Vivado/2022.2/data/ip/xpm/xpm_fifo/hdl/xpm_fifo.sv:1955]
INFO: [Synth 8-256] done synthesizing module 'sync_fifo_fg__parameterized1' (0#1) [/home/user/Documents/dma_test/prj/Vivado/hw/srcs/top/ipshared/6c82/hdl/lib_fifo_v1_0_rfs.vhd:2250]
INFO: [Synth 8-256] done synthesizing module 'axi_datamover_sfifo_autord__parameterized1' (0#1) [/home/user/Documents/dma_test/prj/Vivado/hw/srcs/top/ipshared/2237/hdl/axi_datamover_v5_1_vh_rfs.vhd:1295]
INFO: [Synth 8-638] synthesizing module 'axi_datamover_skid_buf__parameterized0' [/home/user/Documents/dma_test/prj/Vivado/hw/srcs/top/ipshared/2237/hdl/axi_datamover_v5_1_vh_rfs.vhd:19500]
INFO: [Synth 8-256] done synthesizing module 'axi_datamover_skid_buf__parameterized0' (0#1) [/home/user/Documents/dma_test/prj/Vivado/hw/srcs/top/ipshared/2237/hdl/axi_datamover_v5_1_vh_rfs.vhd:19500]
INFO: [Synth 8-256] done synthesizing module 'axi_datamover_indet_btt' (0#1) [/home/user/Documents/dma_test/prj/Vivado/hw/srcs/top/ipshared/2237/hdl/axi_datamover_v5_1_vh_rfs.vhd:28430]
INFO: [Synth 8-638] synthesizing module 'axi_datamover_addr_cntl' [/home/user/Documents/dma_test/prj/Vivado/hw/srcs/top/ipshared/2237/hdl/axi_datamover_v5_1_vh_rfs.vhd:10000]
INFO: [Synth 8-638] synthesizing module 'axi_datamover_fifo__parameterized5' [/home/user/Documents/dma_test/prj/Vivado/hw/srcs/top/ipshared/2237/hdl/axi_datamover_v5_1_vh_rfs.vhd:1886]
INFO: [Synth 8-638] synthesizing module 'srl_fifo_f__parameterized2' [/home/user/Documents/dma_test/prj/Vivado/hw/srcs/top/ipshared/51ce/hdl/lib_srl_fifo_v1_0_rfs.vhd:1000]
INFO: [Synth 8-638] synthesizing module 'srl_fifo_rbu_f__parameterized2' [/home/user/Documents/dma_test/prj/Vivado/hw/srcs/top/ipshared/51ce/hdl/lib_srl_fifo_v1_0_rfs.vhd:697]
INFO: [Synth 8-638] synthesizing module 'dynshreg_f__parameterized2' [/home/user/Documents/dma_test/prj/Vivado/hw/srcs/top/ipshared/51ce/hdl/lib_srl_fifo_v1_0_rfs.vhd:397]
INFO: [Synth 8-256] done synthesizing module 'dynshreg_f__parameterized2' (0#1) [/home/user/Documents/dma_test/prj/Vivado/hw/srcs/top/ipshared/51ce/hdl/lib_srl_fifo_v1_0_rfs.vhd:397]
INFO: [Synth 8-256] done synthesizing module 'srl_fifo_rbu_f__parameterized2' (0#1) [/home/user/Documents/dma_test/prj/Vivado/hw/srcs/top/ipshared/51ce/hdl/lib_srl_fifo_v1_0_rfs.vhd:697]
INFO: [Synth 8-256] done synthesizing module 'srl_fifo_f__parameterized2' (0#1) [/home/user/Documents/dma_test/prj/Vivado/hw/srcs/top/ipshared/51ce/hdl/lib_srl_fifo_v1_0_rfs.vhd:1000]
INFO: [Synth 8-256] done synthesizing module 'axi_datamover_fifo__parameterized5' (0#1) [/home/user/Documents/dma_test/prj/Vivado/hw/srcs/top/ipshared/2237/hdl/axi_datamover_v5_1_vh_rfs.vhd:1886]
INFO: [Synth 8-256] done synthesizing module 'axi_datamover_addr_cntl' (0#1) [/home/user/Documents/dma_test/prj/Vivado/hw/srcs/top/ipshared/2237/hdl/axi_datamover_v5_1_vh_rfs.vhd:10000]
INFO: [Synth 8-638] synthesizing module 'axi_datamover_wrdata_cntl' [/home/user/Documents/dma_test/prj/Vivado/hw/srcs/top/ipshared/2237/hdl/axi_datamover_v5_1_vh_rfs.vhd:15674]
INFO: [Synth 8-638] synthesizing module 'axi_datamover_fifo__parameterized6' [/home/user/Documents/dma_test/prj/Vivado/hw/srcs/top/ipshared/2237/hdl/axi_datamover_v5_1_vh_rfs.vhd:1886]
INFO: [Synth 8-638] synthesizing module 'srl_fifo_f__parameterized3' [/home/user/Documents/dma_test/prj/Vivado/hw/srcs/top/ipshared/51ce/hdl/lib_srl_fifo_v1_0_rfs.vhd:1000]
INFO: [Synth 8-638] synthesizing module 'srl_fifo_rbu_f__parameterized3' [/home/user/Documents/dma_test/prj/Vivado/hw/srcs/top/ipshared/51ce/hdl/lib_srl_fifo_v1_0_rfs.vhd:697]
INFO: [Synth 8-638] synthesizing module 'dynshreg_f__parameterized3' [/home/user/Documents/dma_test/prj/Vivado/hw/srcs/top/ipshared/51ce/hdl/lib_srl_fifo_v1_0_rfs.vhd:397]
INFO: [Synth 8-256] done synthesizing module 'dynshreg_f__parameterized3' (0#1) [/home/user/Documents/dma_test/prj/Vivado/hw/srcs/top/ipshared/51ce/hdl/lib_srl_fifo_v1_0_rfs.vhd:397]
INFO: [Synth 8-256] done synthesizing module 'srl_fifo_rbu_f__parameterized3' (0#1) [/home/user/Documents/dma_test/prj/Vivado/hw/srcs/top/ipshared/51ce/hdl/lib_srl_fifo_v1_0_rfs.vhd:697]
INFO: [Synth 8-256] done synthesizing module 'srl_fifo_f__parameterized3' (0#1) [/home/user/Documents/dma_test/prj/Vivado/hw/srcs/top/ipshared/51ce/hdl/lib_srl_fifo_v1_0_rfs.vhd:1000]
INFO: [Synth 8-256] done synthesizing module 'axi_datamover_fifo__parameterized6' (0#1) [/home/user/Documents/dma_test/prj/Vivado/hw/srcs/top/ipshared/2237/hdl/axi_datamover_v5_1_vh_rfs.vhd:1886]
INFO: [Synth 8-256] done synthesizing module 'axi_datamover_wrdata_cntl' (0#1) [/home/user/Documents/dma_test/prj/Vivado/hw/srcs/top/ipshared/2237/hdl/axi_datamover_v5_1_vh_rfs.vhd:15674]
INFO: [Synth 8-638] synthesizing module 'axi_datamover_skid2mm_buf' [/home/user/Documents/dma_test/prj/Vivado/hw/srcs/top/ipshared/2237/hdl/axi_datamover_v5_1_vh_rfs.vhd:18998]
INFO: [Synth 8-638] synthesizing module 'axi_datamover_wr_demux' [/home/user/Documents/dma_test/prj/Vivado/hw/srcs/top/ipshared/2237/hdl/axi_datamover_v5_1_vh_rfs.vhd:14117]
INFO: [Synth 8-256] done synthesizing module 'axi_datamover_wr_demux' (0#1) [/home/user/Documents/dma_test/prj/Vivado/hw/srcs/top/ipshared/2237/hdl/axi_datamover_v5_1_vh_rfs.vhd:14117]
INFO: [Synth 8-256] done synthesizing module 'axi_datamover_skid2mm_buf' (0#1) [/home/user/Documents/dma_test/prj/Vivado/hw/srcs/top/ipshared/2237/hdl/axi_datamover_v5_1_vh_rfs.vhd:18998]
INFO: [Synth 8-256] done synthesizing module 'axi_datamover_s2mm_full_wrap' (0#1) [/home/user/Documents/dma_test/prj/Vivado/hw/srcs/top/ipshared/2237/hdl/axi_datamover_v5_1_vh_rfs.vhd:49997]
INFO: [Synth 8-256] done synthesizing module 'axi_datamover' (0#1) [/home/user/Documents/dma_test/prj/Vivado/hw/srcs/top/ipshared/2237/hdl/axi_datamover_v5_1_vh_rfs.vhd:55439]
INFO: [Synth 8-256] done synthesizing module 'axi_dma' (0#1) [/home/user/Documents/dma_test/prj/Vivado/hw/srcs/top/ipshared/70c4/hdl/axi_dma_v7_1_vh_rfs.vhd:22178]
INFO: [Synth 8-256] done synthesizing module 'top_axi_dma_0_0' (0#1) [/home/user/Documents/dma_test/prj/Vivado/hw/srcs/top/ip/top_axi_dma_0_0/synth/top_axi_dma_0_0.vhd:107]
INFO: [Synth 8-638] synthesizing module 'top_axi_interconnect_0_1' [/home/user/Documents/dma_test/prj/Vivado/hw/srcs/top/synth/top.vhd:2677]
INFO: [Synth 8-638] synthesizing module 'm00_couplers_imp_ZF07WE' [/home/user/Documents/dma_test/prj/Vivado/hw/srcs/top/synth/top.vhd:229]
INFO: [Synth 8-3491] module 'top_auto_pc_0' declared at '/home/user/Documents/dma_test/prj/Vivado/hw/srcs/top/ip/top_auto_pc_0/synth/top_auto_pc_0.v:53' bound to instance 'auto_pc' of component 'top_auto_pc_0' [/home/user/Documents/dma_test/prj/Vivado/hw/srcs/top/synth/top.vhd:415]
INFO: [Synth 8-6157] synthesizing module 'top_auto_pc_0' [/home/user/Documents/dma_test/prj/Vivado/hw/srcs/top/ip/top_auto_pc_0/synth/top_auto_pc_0.v:53]
INFO: [Synth 8-6157] synthesizing module 'axi_protocol_converter_v2_1_27_axi_protocol_converter' [/home/user/Documents/dma_test/prj/Vivado/hw/srcs/top/ipshared/aeb3/hdl/axi_protocol_converter_v2_1_vl_rfs.v:4807]
INFO: [Synth 8-6157] synthesizing module 'axi_protocol_converter_v2_1_27_b2s' [/home/user/Documents/dma_test/prj/Vivado/hw/srcs/top/ipshared/aeb3/hdl/axi_protocol_converter_v2_1_vl_rfs.v:4225]
INFO: [Synth 8-6157] synthesizing module 'axi_protocol_converter_v2_1_27_b2s_aw_channel' [/home/user/Documents/dma_test/prj/Vivado/hw/srcs/top/ipshared/aeb3/hdl/axi_protocol_converter_v2_1_vl_rfs.v:3970]
INFO: [Synth 8-6157] synthesizing module 'axi_protocol_converter_v2_1_27_b2s_cmd_translator' [/home/user/Documents/dma_test/prj/Vivado/hw/srcs/top/ipshared/aeb3/hdl/axi_protocol_converter_v2_1_vl_rfs.v:3463]
INFO: [Synth 8-6157] synthesizing module 'axi_protocol_converter_v2_1_27_b2s_incr_cmd' [/home/user/Documents/dma_test/prj/Vivado/hw/srcs/top/ipshared/aeb3/hdl/axi_protocol_converter_v2_1_vl_rfs.v:3091]
INFO: [Synth 8-6155] done synthesizing module 'axi_protocol_converter_v2_1_27_b2s_incr_cmd' (0#1) [/home/user/Documents/dma_test/prj/Vivado/hw/srcs/top/ipshared/aeb3/hdl/axi_protocol_converter_v2_1_vl_rfs.v:3091]
INFO: [Synth 8-6157] synthesizing module 'axi_protocol_converter_v2_1_27_b2s_wrap_cmd' [/home/user/Documents/dma_test/prj/Vivado/hw/srcs/top/ipshared/aeb3/hdl/axi_protocol_converter_v2_1_vl_rfs.v:2901]
INFO: [Synth 8-6155] done synthesizing module 'axi_protocol_converter_v2_1_27_b2s_wrap_cmd' (0#1) [/home/user/Documents/dma_test/prj/Vivado/hw/srcs/top/ipshared/aeb3/hdl/axi_protocol_converter_v2_1_vl_rfs.v:2901]
INFO: [Synth 8-6155] done synthesizing module 'axi_protocol_converter_v2_1_27_b2s_cmd_translator' (0#1) [/home/user/Documents/dma_test/prj/Vivado/hw/srcs/top/ipshared/aeb3/hdl/axi_protocol_converter_v2_1_vl_rfs.v:3463]
INFO: [Synth 8-6157] synthesizing module 'axi_protocol_converter_v2_1_27_b2s_wr_cmd_fsm' [/home/user/Documents/dma_test/prj/Vivado/hw/srcs/top/ipshared/aeb3/hdl/axi_protocol_converter_v2_1_vl_rfs.v:3223]
INFO: [Synth 8-226] default block is never used [/home/user/Documents/dma_test/prj/Vivado/hw/srcs/top/ipshared/aeb3/hdl/axi_protocol_converter_v2_1_vl_rfs.v:3277]
INFO: [Synth 8-6155] done synthesizing module 'axi_protocol_converter_v2_1_27_b2s_wr_cmd_fsm' (0#1) [/home/user/Documents/dma_test/prj/Vivado/hw/srcs/top/ipshared/aeb3/hdl/axi_protocol_converter_v2_1_vl_rfs.v:3223]
INFO: [Synth 8-6155] done synthesizing module 'axi_protocol_converter_v2_1_27_b2s_aw_channel' (0#1) [/home/user/Documents/dma_test/prj/Vivado/hw/srcs/top/ipshared/aeb3/hdl/axi_protocol_converter_v2_1_vl_rfs.v:3970]
INFO: [Synth 8-6157] synthesizing module 'axi_protocol_converter_v2_1_27_b2s_b_channel' [/home/user/Documents/dma_test/prj/Vivado/hw/srcs/top/ipshared/aeb3/hdl/axi_protocol_converter_v2_1_vl_rfs.v:3605]
INFO: [Synth 8-6157] synthesizing module 'axi_protocol_converter_v2_1_27_b2s_simple_fifo' [/home/user/Documents/dma_test/prj/Vivado/hw/srcs/top/ipshared/aeb3/hdl/axi_protocol_converter_v2_1_vl_rfs.v:2815]
INFO: [Synth 8-6155] done synthesizing module 'axi_protocol_converter_v2_1_27_b2s_simple_fifo' (0#1) [/home/user/Documents/dma_test/prj/Vivado/hw/srcs/top/ipshared/aeb3/hdl/axi_protocol_converter_v2_1_vl_rfs.v:2815]
INFO: [Synth 8-6157] synthesizing module 'axi_protocol_converter_v2_1_27_b2s_simple_fifo__parameterized0' [/home/user/Documents/dma_test/prj/Vivado/hw/srcs/top/ipshared/aeb3/hdl/axi_protocol_converter_v2_1_vl_rfs.v:2815]
INFO: [Synth 8-6155] done synthesizing module 'axi_protocol_converter_v2_1_27_b2s_simple_fifo__parameterized0' (0#1) [/home/user/Documents/dma_test/prj/Vivado/hw/srcs/top/ipshared/aeb3/hdl/axi_protocol_converter_v2_1_vl_rfs.v:2815]
INFO: [Synth 8-6155] done synthesizing module 'axi_protocol_converter_v2_1_27_b2s_b_channel' (0#1) [/home/user/Documents/dma_test/prj/Vivado/hw/srcs/top/ipshared/aeb3/hdl/axi_protocol_converter_v2_1_vl_rfs.v:3605]
INFO: [Synth 8-6157] synthesizing module 'axi_protocol_converter_v2_1_27_b2s_ar_channel' [/home/user/Documents/dma_test/prj/Vivado/hw/srcs/top/ipshared/aeb3/hdl/axi_protocol_converter_v2_1_vl_rfs.v:4081]
INFO: [Synth 8-6157] synthesizing module 'axi_protocol_converter_v2_1_27_b2s_rd_cmd_fsm' [/home/user/Documents/dma_test/prj/Vivado/hw/srcs/top/ipshared/aeb3/hdl/axi_protocol_converter_v2_1_vl_rfs.v:3333]
INFO: [Synth 8-226] default block is never used [/home/user/Documents/dma_test/prj/Vivado/hw/srcs/top/ipshared/aeb3/hdl/axi_protocol_converter_v2_1_vl_rfs.v:3395]
INFO: [Synth 8-6155] done synthesizing module 'axi_protocol_converter_v2_1_27_b2s_rd_cmd_fsm' (0#1) [/home/user/Documents/dma_test/prj/Vivado/hw/srcs/top/ipshared/aeb3/hdl/axi_protocol_converter_v2_1_vl_rfs.v:3333]
INFO: [Synth 8-6155] done synthesizing module 'axi_protocol_converter_v2_1_27_b2s_ar_channel' (0#1) [/home/user/Documents/dma_test/prj/Vivado/hw/srcs/top/ipshared/aeb3/hdl/axi_protocol_converter_v2_1_vl_rfs.v:4081]
INFO: [Synth 8-6157] synthesizing module 'axi_protocol_converter_v2_1_27_b2s_r_channel' [/home/user/Documents/dma_test/prj/Vivado/hw/srcs/top/ipshared/aeb3/hdl/axi_protocol_converter_v2_1_vl_rfs.v:3810]
INFO: [Synth 8-6157] synthesizing module 'axi_protocol_converter_v2_1_27_b2s_simple_fifo__parameterized1' [/home/user/Documents/dma_test/prj/Vivado/hw/srcs/top/ipshared/aeb3/hdl/axi_protocol_converter_v2_1_vl_rfs.v:2815]
INFO: [Synth 8-6155] done synthesizing module 'axi_protocol_converter_v2_1_27_b2s_simple_fifo__parameterized1' (0#1) [/home/user/Documents/dma_test/prj/Vivado/hw/srcs/top/ipshared/aeb3/hdl/axi_protocol_converter_v2_1_vl_rfs.v:2815]
INFO: [Synth 8-6157] synthesizing module 'axi_protocol_converter_v2_1_27_b2s_simple_fifo__parameterized2' [/home/user/Documents/dma_test/prj/Vivado/hw/srcs/top/ipshared/aeb3/hdl/axi_protocol_converter_v2_1_vl_rfs.v:2815]
INFO: [Synth 8-6155] done synthesizing module 'axi_protocol_converter_v2_1_27_b2s_simple_fifo__parameterized2' (0#1) [/home/user/Documents/dma_test/prj/Vivado/hw/srcs/top/ipshared/aeb3/hdl/axi_protocol_converter_v2_1_vl_rfs.v:2815]
INFO: [Synth 8-6155] done synthesizing module 'axi_protocol_converter_v2_1_27_b2s_r_channel' (0#1) [/home/user/Documents/dma_test/prj/Vivado/hw/srcs/top/ipshared/aeb3/hdl/axi_protocol_converter_v2_1_vl_rfs.v:3810]
INFO: [Synth 8-6157] synthesizing module 'axi_register_slice_v2_1_27_axi_register_slice' [/home/user/Documents/dma_test/prj/Vivado/hw/srcs/top/ipshared/f0b4/hdl/axi_register_slice_v2_1_vl_rfs.v:3725]
INFO: [Synth 8-6157] synthesizing module 'axi_infrastructure_v1_1_0_axi2vector' [/home/user/Documents/dma_test/prj/Vivado/hw/srcs/top/ipshared/ec67/hdl/axi_infrastructure_v1_1_vl_rfs.v:59]
INFO: [Synth 8-6155] done synthesizing module 'axi_infrastructure_v1_1_0_axi2vector' (0#1) [/home/user/Documents/dma_test/prj/Vivado/hw/srcs/top/ipshared/ec67/hdl/axi_infrastructure_v1_1_vl_rfs.v:59]
INFO: [Synth 8-6157] synthesizing module 'axi_infrastructure_v1_1_0_vector2axi' [/home/user/Documents/dma_test/prj/Vivado/hw/srcs/top/ipshared/ec67/hdl/axi_infrastructure_v1_1_vl_rfs.v:473]
INFO: [Synth 8-6155] done synthesizing module 'axi_infrastructure_v1_1_0_vector2axi' (0#1) [/home/user/Documents/dma_test/prj/Vivado/hw/srcs/top/ipshared/ec67/hdl/axi_infrastructure_v1_1_vl_rfs.v:473]
INFO: [Synth 8-6157] synthesizing module 'axi_register_slice_v2_1_27_axic_register_slice' [/home/user/Documents/dma_test/prj/Vivado/hw/srcs/top/ipshared/f0b4/hdl/axi_register_slice_v2_1_vl_rfs.v:1497]
INFO: [Synth 8-6155] done synthesizing module 'axi_register_slice_v2_1_27_axic_register_slice' (0#1) [/home/user/Documents/dma_test/prj/Vivado/hw/srcs/top/ipshared/f0b4/hdl/axi_register_slice_v2_1_vl_rfs.v:1497]
INFO: [Synth 8-6157] synthesizing module 'axi_register_slice_v2_1_27_axic_register_slice__parameterized0' [/home/user/Documents/dma_test/prj/Vivado/hw/srcs/top/ipshared/f0b4/hdl/axi_register_slice_v2_1_vl_rfs.v:1497]
INFO: [Synth 8-6155] done synthesizing module 'axi_register_slice_v2_1_27_axic_register_slice__parameterized0' (0#1) [/home/user/Documents/dma_test/prj/Vivado/hw/srcs/top/ipshared/f0b4/hdl/axi_register_slice_v2_1_vl_rfs.v:1497]
INFO: [Synth 8-6157] synthesizing module 'axi_register_slice_v2_1_27_axic_register_slice__parameterized1' [/home/user/Documents/dma_test/prj/Vivado/hw/srcs/top/ipshared/f0b4/hdl/axi_register_slice_v2_1_vl_rfs.v:1497]
INFO: [Synth 8-6155] done synthesizing module 'axi_register_slice_v2_1_27_axic_register_slice__parameterized1' (0#1) [/home/user/Documents/dma_test/prj/Vivado/hw/srcs/top/ipshared/f0b4/hdl/axi_register_slice_v2_1_vl_rfs.v:1497]
INFO: [Synth 8-6157] synthesizing module 'axi_register_slice_v2_1_27_axic_register_slice__parameterized2' [/home/user/Documents/dma_test/prj/Vivado/hw/srcs/top/ipshared/f0b4/hdl/axi_register_slice_v2_1_vl_rfs.v:1497]
INFO: [Synth 8-6155] done synthesizing module 'axi_register_slice_v2_1_27_axic_register_slice__parameterized2' (0#1) [/home/user/Documents/dma_test/prj/Vivado/hw/srcs/top/ipshared/f0b4/hdl/axi_register_slice_v2_1_vl_rfs.v:1497]
INFO: [Synth 8-6155] done synthesizing module 'axi_register_slice_v2_1_27_axi_register_slice' (0#1) [/home/user/Documents/dma_test/prj/Vivado/hw/srcs/top/ipshared/f0b4/hdl/axi_register_slice_v2_1_vl_rfs.v:3725]
WARNING: [Synth 8-7071] port 'aclk2x' of module 'axi_register_slice_v2_1_27_axi_register_slice' is unconnected for instance 'SI_REG' [/home/user/Documents/dma_test/prj/Vivado/hw/srcs/top/ipshared/aeb3/hdl/axi_protocol_converter_v2_1_vl_rfs.v:4392]
WARNING: [Synth 8-7023] instance 'SI_REG' of module 'axi_register_slice_v2_1_27_axi_register_slice' has 93 connections declared, but only 92 given [/home/user/Documents/dma_test/prj/Vivado/hw/srcs/top/ipshared/aeb3/hdl/axi_protocol_converter_v2_1_vl_rfs.v:4392]
INFO: [Synth 8-6157] synthesizing module 'axi_register_slice_v2_1_27_axi_register_slice__parameterized0' [/home/user/Documents/dma_test/prj/Vivado/hw/srcs/top/ipshared/f0b4/hdl/axi_register_slice_v2_1_vl_rfs.v:3725]
INFO: [Synth 8-6157] synthesizing module 'axi_infrastructure_v1_1_0_axi2vector__parameterized0' [/home/user/Documents/dma_test/prj/Vivado/hw/srcs/top/ipshared/ec67/hdl/axi_infrastructure_v1_1_vl_rfs.v:59]
INFO: [Synth 8-6155] done synthesizing module 'axi_infrastructure_v1_1_0_axi2vector__parameterized0' (0#1) [/home/user/Documents/dma_test/prj/Vivado/hw/srcs/top/ipshared/ec67/hdl/axi_infrastructure_v1_1_vl_rfs.v:59]
INFO: [Synth 8-6157] synthesizing module 'axi_infrastructure_v1_1_0_vector2axi__parameterized0' [/home/user/Documents/dma_test/prj/Vivado/hw/srcs/top/ipshared/ec67/hdl/axi_infrastructure_v1_1_vl_rfs.v:473]
INFO: [Synth 8-6155] done synthesizing module 'axi_infrastructure_v1_1_0_vector2axi__parameterized0' (0#1) [/home/user/Documents/dma_test/prj/Vivado/hw/srcs/top/ipshared/ec67/hdl/axi_infrastructure_v1_1_vl_rfs.v:473]
INFO: [Synth 8-6157] synthesizing module 'axi_register_slice_v2_1_27_axic_register_slice__parameterized3' [/home/user/Documents/dma_test/prj/Vivado/hw/srcs/top/ipshared/f0b4/hdl/axi_register_slice_v2_1_vl_rfs.v:1497]
INFO: [Synth 8-6155] done synthesizing module 'axi_register_slice_v2_1_27_axic_register_slice__parameterized3' (0#1) [/home/user/Documents/dma_test/prj/Vivado/hw/srcs/top/ipshared/f0b4/hdl/axi_register_slice_v2_1_vl_rfs.v:1497]
INFO: [Synth 8-6157] synthesizing module 'axi_register_slice_v2_1_27_axic_register_slice__parameterized4' [/home/user/Documents/dma_test/prj/Vivado/hw/srcs/top/ipshared/f0b4/hdl/axi_register_slice_v2_1_vl_rfs.v:1497]
INFO: [Synth 8-6155] done synthesizing module 'axi_register_slice_v2_1_27_axic_register_slice__parameterized4' (0#1) [/home/user/Documents/dma_test/prj/Vivado/hw/srcs/top/ipshared/f0b4/hdl/axi_register_slice_v2_1_vl_rfs.v:1497]
INFO: [Synth 8-6157] synthesizing module 'axi_register_slice_v2_1_27_axic_register_slice__parameterized5' [/home/user/Documents/dma_test/prj/Vivado/hw/srcs/top/ipshared/f0b4/hdl/axi_register_slice_v2_1_vl_rfs.v:1497]
INFO: [Synth 8-6155] done synthesizing module 'axi_register_slice_v2_1_27_axic_register_slice__parameterized5' (0#1) [/home/user/Documents/dma_test/prj/Vivado/hw/srcs/top/ipshared/f0b4/hdl/axi_register_slice_v2_1_vl_rfs.v:1497]
INFO: [Synth 8-6157] synthesizing module 'axi_register_slice_v2_1_27_axic_register_slice__parameterized6' [/home/user/Documents/dma_test/prj/Vivado/hw/srcs/top/ipshared/f0b4/hdl/axi_register_slice_v2_1_vl_rfs.v:1497]
INFO: [Synth 8-6155] done synthesizing module 'axi_register_slice_v2_1_27_axic_register_slice__parameterized6' (0#1) [/home/user/Documents/dma_test/prj/Vivado/hw/srcs/top/ipshared/f0b4/hdl/axi_register_slice_v2_1_vl_rfs.v:1497]
INFO: [Synth 8-6155] done synthesizing module 'axi_register_slice_v2_1_27_axi_register_slice__parameterized0' (0#1) [/home/user/Documents/dma_test/prj/Vivado/hw/srcs/top/ipshared/f0b4/hdl/axi_register_slice_v2_1_vl_rfs.v:3725]
WARNING: [Synth 8-7071] port 'aclk2x' of module 'axi_register_slice_v2_1_27_axi_register_slice' is unconnected for instance 'MI_REG' [/home/user/Documents/dma_test/prj/Vivado/hw/srcs/top/ipshared/aeb3/hdl/axi_protocol_converter_v2_1_vl_rfs.v:4647]
WARNING: [Synth 8-7023] instance 'MI_REG' of module 'axi_register_slice_v2_1_27_axi_register_slice' has 93 connections declared, but only 92 given [/home/user/Documents/dma_test/prj/Vivado/hw/srcs/top/ipshared/aeb3/hdl/axi_protocol_converter_v2_1_vl_rfs.v:4647]
INFO: [Synth 8-6155] done synthesizing module 'axi_protocol_converter_v2_1_27_b2s' (0#1) [/home/user/Documents/dma_test/prj/Vivado/hw/srcs/top/ipshared/aeb3/hdl/axi_protocol_converter_v2_1_vl_rfs.v:4225]
INFO: [Synth 8-6155] done synthesizing module 'axi_protocol_converter_v2_1_27_axi_protocol_converter' (0#1) [/home/user/Documents/dma_test/prj/Vivado/hw/srcs/top/ipshared/aeb3/hdl/axi_protocol_converter_v2_1_vl_rfs.v:4807]
INFO: [Synth 8-6155] done synthesizing module 'top_auto_pc_0' (0#1) [/home/user/Documents/dma_test/prj/Vivado/hw/srcs/top/ip/top_auto_pc_0/synth/top_auto_pc_0.v:53]
INFO: [Synth 8-256] done synthesizing module 'm00_couplers_imp_ZF07WE' (0#1) [/home/user/Documents/dma_test/prj/Vivado/hw/srcs/top/synth/top.vhd:229]
INFO: [Synth 8-638] synthesizing module 'm01_couplers_imp_19072BF' [/home/user/Documents/dma_test/prj/Vivado/hw/srcs/top/synth/top.vhd:574]
INFO: [Synth 8-256] done synthesizing module 'm01_couplers_imp_19072BF' (0#1) [/home/user/Documents/dma_test/prj/Vivado/hw/srcs/top/synth/top.vhd:574]
INFO: [Synth 8-638] synthesizing module 'm02_couplers_imp_8VE6K5' [/home/user/Documents/dma_test/prj/Vivado/hw/srcs/top/synth/top.vhd:768]
INFO: [Synth 8-3491] module 'top_auto_pc_1' declared at '/home/user/Documents/dma_test/prj/Vivado/hw/srcs/top/ip/top_auto_pc_1/synth/top_auto_pc_1.v:53' bound to instance 'auto_pc' of component 'top_auto_pc_1' [/home/user/Documents/dma_test/prj/Vivado/hw/srcs/top/synth/top.vhd:951]
INFO: [Synth 8-6157] synthesizing module 'top_auto_pc_1' [/home/user/Documents/dma_test/prj/Vivado/hw/srcs/top/ip/top_auto_pc_1/synth/top_auto_pc_1.v:53]
INFO: [Synth 8-6155] done synthesizing module 'top_auto_pc_1' (0#1) [/home/user/Documents/dma_test/prj/Vivado/hw/srcs/top/ip/top_auto_pc_1/synth/top_auto_pc_1.v:53]
INFO: [Synth 8-256] done synthesizing module 'm02_couplers_imp_8VE6K5' (0#1) [/home/user/Documents/dma_test/prj/Vivado/hw/srcs/top/synth/top.vhd:768]
INFO: [Synth 8-638] synthesizing module 's00_couplers_imp_1NKMOJO' [/home/user/Documents/dma_test/prj/Vivado/hw/srcs/top/synth/top.vhd:1106]
INFO: [Synth 8-256] done synthesizing module 's00_couplers_imp_1NKMOJO' (0#1) [/home/user/Documents/dma_test/prj/Vivado/hw/srcs/top/synth/top.vhd:1106]
INFO: [Synth 8-3491] module 'top_xbar_1' declared at '/home/user/Documents/dma_test/prj/Vivado/hw/srcs/top/ip/top_xbar_1/synth/top_xbar_1.v:53' bound to instance 'xbar' of component 'top_xbar_1' [/home/user/Documents/dma_test/prj/Vivado/hw/srcs/top/synth/top.vhd:3460]
INFO: [Synth 8-6157] synthesizing module 'top_xbar_1' [/home/user/Documents/dma_test/prj/Vivado/hw/srcs/top/ip/top_xbar_1/synth/top_xbar_1.v:53]
INFO: [Synth 8-6157] synthesizing module 'axi_crossbar_v2_1_28_axi_crossbar' [/home/user/Documents/dma_test/prj/Vivado/hw/srcs/top/ipshared/c40e/hdl/axi_crossbar_v2_1_vl_rfs.v:4883]
INFO: [Synth 8-6157] synthesizing module 'axi_crossbar_v2_1_28_crossbar' [/home/user/Documents/dma_test/prj/Vivado/hw/srcs/top/ipshared/c40e/hdl/axi_crossbar_v2_1_vl_rfs.v:2238]
INFO: [Synth 8-6157] synthesizing module 'axi_crossbar_v2_1_28_si_transactor' [/home/user/Documents/dma_test/prj/Vivado/hw/srcs/top/ipshared/c40e/hdl/axi_crossbar_v2_1_vl_rfs.v:3799]
INFO: [Synth 8-6157] synthesizing module 'axi_crossbar_v2_1_28_addr_decoder' [/home/user/Documents/dma_test/prj/Vivado/hw/srcs/top/ipshared/c40e/hdl/axi_crossbar_v2_1_vl_rfs.v:793]
INFO: [Synth 8-6157] synthesizing module 'generic_baseblocks_v2_1_0_comparator_static' [/home/user/Documents/dma_test/prj/Vivado/hw/srcs/top/ipshared/b752/hdl/generic_baseblocks_v2_1_vl_rfs.v:2132]
INFO: [Synth 8-6157] synthesizing module 'generic_baseblocks_v2_1_0_carry_and' [/home/user/Documents/dma_test/prj/Vivado/hw/srcs/top/ipshared/b752/hdl/generic_baseblocks_v2_1_vl_rfs.v:61]
INFO: [Synth 8-6155] done synthesizing module 'generic_baseblocks_v2_1_0_carry_and' (0#1) [/home/user/Documents/dma_test/prj/Vivado/hw/srcs/top/ipshared/b752/hdl/generic_baseblocks_v2_1_vl_rfs.v:61]
INFO: [Synth 8-6155] done synthesizing module 'generic_baseblocks_v2_1_0_comparator_static' (0#1) [/home/user/Documents/dma_test/prj/Vivado/hw/srcs/top/ipshared/b752/hdl/generic_baseblocks_v2_1_vl_rfs.v:2132]
INFO: [Synth 8-6157] synthesizing module 'generic_baseblocks_v2_1_0_comparator_static__parameterized0' [/home/user/Documents/dma_test/prj/Vivado/hw/srcs/top/ipshared/b752/hdl/generic_baseblocks_v2_1_vl_rfs.v:2132]
INFO: [Synth 8-6155] done synthesizing module 'generic_baseblocks_v2_1_0_comparator_static__parameterized0' (0#1) [/home/user/Documents/dma_test/prj/Vivado/hw/srcs/top/ipshared/b752/hdl/generic_baseblocks_v2_1_vl_rfs.v:2132]
INFO: [Synth 8-6157] synthesizing module 'generic_baseblocks_v2_1_0_comparator_static__parameterized1' [/home/user/Documents/dma_test/prj/Vivado/hw/srcs/top/ipshared/b752/hdl/generic_baseblocks_v2_1_vl_rfs.v:2132]
INFO: [Synth 8-6155] done synthesizing module 'generic_baseblocks_v2_1_0_comparator_static__parameterized1' (0#1) [/home/user/Documents/dma_test/prj/Vivado/hw/srcs/top/ipshared/b752/hdl/generic_baseblocks_v2_1_vl_rfs.v:2132]
INFO: [Synth 8-6155] done synthesizing module 'axi_crossbar_v2_1_28_addr_decoder' (0#1) [/home/user/Documents/dma_test/prj/Vivado/hw/srcs/top/ipshared/c40e/hdl/axi_crossbar_v2_1_vl_rfs.v:793]
INFO: [Synth 8-6157] synthesizing module 'axi_data_fifo_v2_1_26_axic_srl_fifo' [/home/user/Documents/dma_test/prj/Vivado/hw/srcs/top/ipshared/3111/hdl/axi_data_fifo_v2_1_vl_rfs.v:697]
INFO: [Synth 8-6157] synthesizing module 'axi_data_fifo_v2_1_26_ndeep_srl' [/home/user/Documents/dma_test/prj/Vivado/hw/srcs/top/ipshared/3111/hdl/axi_data_fifo_v2_1_vl_rfs.v:1134]
INFO: [Synth 8-6155] done synthesizing module 'axi_data_fifo_v2_1_26_ndeep_srl' (0#1) [/home/user/Documents/dma_test/prj/Vivado/hw/srcs/top/ipshared/3111/hdl/axi_data_fifo_v2_1_vl_rfs.v:1134]
INFO: [Synth 8-6155] done synthesizing module 'axi_data_fifo_v2_1_26_axic_srl_fifo' (0#1) [/home/user/Documents/dma_test/prj/Vivado/hw/srcs/top/ipshared/3111/hdl/axi_data_fifo_v2_1_vl_rfs.v:697]
INFO: [Synth 8-6157] synthesizing module 'axi_crossbar_v2_1_28_arbiter_resp' [/home/user/Documents/dma_test/prj/Vivado/hw/srcs/top/ipshared/c40e/hdl/axi_crossbar_v2_1_vl_rfs.v:1024]
INFO: [Synth 8-6155] done synthesizing module 'axi_crossbar_v2_1_28_arbiter_resp' (0#1) [/home/user/Documents/dma_test/prj/Vivado/hw/srcs/top/ipshared/c40e/hdl/axi_crossbar_v2_1_vl_rfs.v:1024]
INFO: [Synth 8-6157] synthesizing module 'generic_baseblocks_v2_1_0_mux_enc' [/home/user/Documents/dma_test/prj/Vivado/hw/srcs/top/ipshared/b752/hdl/generic_baseblocks_v2_1_vl_rfs.v:2451]
INFO: [Synth 8-6155] done synthesizing module 'generic_baseblocks_v2_1_0_mux_enc' (0#1) [/home/user/Documents/dma_test/prj/Vivado/hw/srcs/top/ipshared/b752/hdl/generic_baseblocks_v2_1_vl_rfs.v:2451]
INFO: [Synth 8-6155] done synthesizing module 'axi_crossbar_v2_1_28_si_transactor' (0#1) [/home/user/Documents/dma_test/prj/Vivado/hw/srcs/top/ipshared/c40e/hdl/axi_crossbar_v2_1_vl_rfs.v:3799]
INFO: [Synth 8-6157] synthesizing module 'axi_crossbar_v2_1_28_si_transactor__parameterized0' [/home/user/Documents/dma_test/prj/Vivado/hw/srcs/top/ipshared/c40e/hdl/axi_crossbar_v2_1_vl_rfs.v:3799]
INFO: [Synth 8-6157] synthesizing module 'generic_baseblocks_v2_1_0_mux_enc__parameterized0' [/home/user/Documents/dma_test/prj/Vivado/hw/srcs/top/ipshared/b752/hdl/generic_baseblocks_v2_1_vl_rfs.v:2451]
INFO: [Synth 8-6155] done synthesizing module 'generic_baseblocks_v2_1_0_mux_enc__parameterized0' (0#1) [/home/user/Documents/dma_test/prj/Vivado/hw/srcs/top/ipshared/b752/hdl/generic_baseblocks_v2_1_vl_rfs.v:2451]
INFO: [Synth 8-6155] done synthesizing module 'axi_crossbar_v2_1_28_si_transactor__parameterized0' (0#1) [/home/user/Documents/dma_test/prj/Vivado/hw/srcs/top/ipshared/c40e/hdl/axi_crossbar_v2_1_vl_rfs.v:3799]
INFO: [Synth 8-6157] synthesizing module 'axi_crossbar_v2_1_28_splitter' [/home/user/Documents/dma_test/prj/Vivado/hw/srcs/top/ipshared/c40e/hdl/axi_crossbar_v2_1_vl_rfs.v:4460]
INFO: [Synth 8-6155] done synthesizing module 'axi_crossbar_v2_1_28_splitter' (0#1) [/home/user/Documents/dma_test/prj/Vivado/hw/srcs/top/ipshared/c40e/hdl/axi_crossbar_v2_1_vl_rfs.v:4460]
INFO: [Synth 8-6157] synthesizing module 'axi_crossbar_v2_1_28_wdata_router' [/home/user/Documents/dma_test/prj/Vivado/hw/srcs/top/ipshared/c40e/hdl/axi_crossbar_v2_1_vl_rfs.v:4735]
INFO: [Synth 8-6157] synthesizing module 'axi_data_fifo_v2_1_26_axic_reg_srl_fifo' [/home/user/Documents/dma_test/prj/Vivado/hw/srcs/top/ipshared/3111/hdl/axi_data_fifo_v2_1_vl_rfs.v:888]
INFO: [Synth 8-6157] synthesizing module 'axi_data_fifo_v2_1_26_ndeep_srl__parameterized0' [/home/user/Documents/dma_test/prj/Vivado/hw/srcs/top/ipshared/3111/hdl/axi_data_fifo_v2_1_vl_rfs.v:1134]
INFO: [Synth 8-6155] done synthesizing module 'axi_data_fifo_v2_1_26_ndeep_srl__parameterized0' (0#1) [/home/user/Documents/dma_test/prj/Vivado/hw/srcs/top/ipshared/3111/hdl/axi_data_fifo_v2_1_vl_rfs.v:1134]
INFO: [Synth 8-155] case statement is not full and has no default [/home/user/Documents/dma_test/prj/Vivado/hw/srcs/top/ipshared/3111/hdl/axi_data_fifo_v2_1_vl_rfs.v:986]
INFO: [Synth 8-6155] done synthesizing module 'axi_data_fifo_v2_1_26_axic_reg_srl_fifo' (0#1) [/home/user/Documents/dma_test/prj/Vivado/hw/srcs/top/ipshared/3111/hdl/axi_data_fifo_v2_1_vl_rfs.v:888]
INFO: [Synth 8-6155] done synthesizing module 'axi_crossbar_v2_1_28_wdata_router' (0#1) [/home/user/Documents/dma_test/prj/Vivado/hw/srcs/top/ipshared/c40e/hdl/axi_crossbar_v2_1_vl_rfs.v:4735]
INFO: [Synth 8-6157] synthesizing module 'axi_data_fifo_v2_1_26_axic_srl_fifo__parameterized0' [/home/user/Documents/dma_test/prj/Vivado/hw/srcs/top/ipshared/3111/hdl/axi_data_fifo_v2_1_vl_rfs.v:697]
INFO: [Synth 8-6155] done synthesizing module 'axi_data_fifo_v2_1_26_axic_srl_fifo__parameterized0' (0#1) [/home/user/Documents/dma_test/prj/Vivado/hw/srcs/top/ipshared/3111/hdl/axi_data_fifo_v2_1_vl_rfs.v:697]
INFO: [Synth 8-6157] synthesizing module 'axi_crossbar_v2_1_28_wdata_mux' [/home/user/Documents/dma_test/prj/Vivado/hw/srcs/top/ipshared/c40e/hdl/axi_crossbar_v2_1_vl_rfs.v:4560]
INFO: [Synth 8-6155] done synthesizing module 'axi_crossbar_v2_1_28_wdata_mux' (0#1) [/home/user/Documents/dma_test/prj/Vivado/hw/srcs/top/ipshared/c40e/hdl/axi_crossbar_v2_1_vl_rfs.v:4560]
INFO: [Synth 8-6157] synthesizing module 'axi_register_slice_v2_1_27_axi_register_slice__parameterized1' [/home/user/Documents/dma_test/prj/Vivado/hw/srcs/top/ipshared/f0b4/hdl/axi_register_slice_v2_1_vl_rfs.v:3725]
INFO: [Synth 8-6157] synthesizing module 'axi_infrastructure_v1_1_0_axi2vector__parameterized1' [/home/user/Documents/dma_test/prj/Vivado/hw/srcs/top/ipshared/ec67/hdl/axi_infrastructure_v1_1_vl_rfs.v:59]
INFO: [Synth 8-6155] done synthesizing module 'axi_infrastructure_v1_1_0_axi2vector__parameterized1' (0#1) [/home/user/Documents/dma_test/prj/Vivado/hw/srcs/top/ipshared/ec67/hdl/axi_infrastructure_v1_1_vl_rfs.v:59]
INFO: [Synth 8-6157] synthesizing module 'axi_infrastructure_v1_1_0_vector2axi__parameterized1' [/home/user/Documents/dma_test/prj/Vivado/hw/srcs/top/ipshared/ec67/hdl/axi_infrastructure_v1_1_vl_rfs.v:473]
INFO: [Synth 8-6155] done synthesizing module 'axi_infrastructure_v1_1_0_vector2axi__parameterized1' (0#1) [/home/user/Documents/dma_test/prj/Vivado/hw/srcs/top/ipshared/ec67/hdl/axi_infrastructure_v1_1_vl_rfs.v:473]
INFO: [Synth 8-6157] synthesizing module 'axi_register_slice_v2_1_27_axic_register_slice__parameterized7' [/home/user/Documents/dma_test/prj/Vivado/hw/srcs/top/ipshared/f0b4/hdl/axi_register_slice_v2_1_vl_rfs.v:1497]
INFO: [Synth 8-6155] done synthesizing module 'axi_register_slice_v2_1_27_axic_register_slice__parameterized7' (0#1) [/home/user/Documents/dma_test/prj/Vivado/hw/srcs/top/ipshared/f0b4/hdl/axi_register_slice_v2_1_vl_rfs.v:1497]
INFO: [Synth 8-6157] synthesizing module 'axi_register_slice_v2_1_27_axic_register_slice__parameterized8' [/home/user/Documents/dma_test/prj/Vivado/hw/srcs/top/ipshared/f0b4/hdl/axi_register_slice_v2_1_vl_rfs.v:1497]
INFO: [Synth 8-6155] done synthesizing module 'axi_register_slice_v2_1_27_axic_register_slice__parameterized8' (0#1) [/home/user/Documents/dma_test/prj/Vivado/hw/srcs/top/ipshared/f0b4/hdl/axi_register_slice_v2_1_vl_rfs.v:1497]
INFO: [Synth 8-6157] synthesizing module 'axi_register_slice_v2_1_27_axic_register_slice__parameterized9' [/home/user/Documents/dma_test/prj/Vivado/hw/srcs/top/ipshared/f0b4/hdl/axi_register_slice_v2_1_vl_rfs.v:1497]
INFO: [Synth 8-6155] done synthesizing module 'axi_register_slice_v2_1_27_axic_register_slice__parameterized9' (0#1) [/home/user/Documents/dma_test/prj/Vivado/hw/srcs/top/ipshared/f0b4/hdl/axi_register_slice_v2_1_vl_rfs.v:1497]
INFO: [Synth 8-6157] synthesizing module 'axi_register_slice_v2_1_27_axic_register_slice__parameterized10' [/home/user/Documents/dma_test/prj/Vivado/hw/srcs/top/ipshared/f0b4/hdl/axi_register_slice_v2_1_vl_rfs.v:1497]
INFO: [Synth 8-6155] done synthesizing module 'axi_register_slice_v2_1_27_axic_register_slice__parameterized10' (0#1) [/home/user/Documents/dma_test/prj/Vivado/hw/srcs/top/ipshared/f0b4/hdl/axi_register_slice_v2_1_vl_rfs.v:1497]
INFO: [Synth 8-6155] done synthesizing module 'axi_register_slice_v2_1_27_axi_register_slice__parameterized1' (0#1) [/home/user/Documents/dma_test/prj/Vivado/hw/srcs/top/ipshared/f0b4/hdl/axi_register_slice_v2_1_vl_rfs.v:3725]
WARNING: [Synth 8-7071] port 'aclk2x' of module 'axi_register_slice_v2_1_27_axi_register_slice' is unconnected for instance 'reg_slice_mi' [/home/user/Documents/dma_test/prj/Vivado/hw/srcs/top/ipshared/c40e/hdl/axi_crossbar_v2_1_vl_rfs.v:3122]
WARNING: [Synth 8-7023] instance 'reg_slice_mi' of module 'axi_register_slice_v2_1_27_axi_register_slice' has 93 connections declared, but only 92 given [/home/user/Documents/dma_test/prj/Vivado/hw/srcs/top/ipshared/c40e/hdl/axi_crossbar_v2_1_vl_rfs.v:3122]
WARNING: [Synth 8-7071] port 'aclk2x' of module 'axi_register_slice_v2_1_27_axi_register_slice' is unconnected for instance 'reg_slice_mi' [/home/user/Documents/dma_test/prj/Vivado/hw/srcs/top/ipshared/c40e/hdl/axi_crossbar_v2_1_vl_rfs.v:3122]
WARNING: [Synth 8-7023] instance 'reg_slice_mi' of module 'axi_register_slice_v2_1_27_axi_register_slice' has 93 connections declared, but only 92 given [/home/user/Documents/dma_test/prj/Vivado/hw/srcs/top/ipshared/c40e/hdl/axi_crossbar_v2_1_vl_rfs.v:3122]
WARNING: [Synth 8-7071] port 'aclk2x' of module 'axi_register_slice_v2_1_27_axi_register_slice' is unconnected for instance 'reg_slice_mi' [/home/user/Documents/dma_test/prj/Vivado/hw/srcs/top/ipshared/c40e/hdl/axi_crossbar_v2_1_vl_rfs.v:3122]
WARNING: [Synth 8-7023] instance 'reg_slice_mi' of module 'axi_register_slice_v2_1_27_axi_register_slice' has 93 connections declared, but only 92 given [/home/user/Documents/dma_test/prj/Vivado/hw/srcs/top/ipshared/c40e/hdl/axi_crossbar_v2_1_vl_rfs.v:3122]
INFO: [Synth 8-6157] synthesizing module 'axi_data_fifo_v2_1_26_axic_srl_fifo__parameterized1' [/home/user/Documents/dma_test/prj/Vivado/hw/srcs/top/ipshared/3111/hdl/axi_data_fifo_v2_1_vl_rfs.v:697]
INFO: [Synth 8-6157] synthesizing module 'axi_data_fifo_v2_1_26_ndeep_srl__parameterized1' [/home/user/Documents/dma_test/prj/Vivado/hw/srcs/top/ipshared/3111/hdl/axi_data_fifo_v2_1_vl_rfs.v:1134]
INFO: [Synth 8-6155] done synthesizing module 'axi_data_fifo_v2_1_26_ndeep_srl__parameterized1' (0#1) [/home/user/Documents/dma_test/prj/Vivado/hw/srcs/top/ipshared/3111/hdl/axi_data_fifo_v2_1_vl_rfs.v:1134]
INFO: [Synth 8-6155] done synthesizing module 'axi_data_fifo_v2_1_26_axic_srl_fifo__parameterized1' (0#1) [/home/user/Documents/dma_test/prj/Vivado/hw/srcs/top/ipshared/3111/hdl/axi_data_fifo_v2_1_vl_rfs.v:697]
INFO: [Synth 8-6157] synthesizing module 'axi_crossbar_v2_1_28_wdata_mux__parameterized0' [/home/user/Documents/dma_test/prj/Vivado/hw/srcs/top/ipshared/c40e/hdl/axi_crossbar_v2_1_vl_rfs.v:4560]
INFO: [Synth 8-6155] done synthesizing module 'axi_crossbar_v2_1_28_wdata_mux__parameterized0' (0#1) [/home/user/Documents/dma_test/prj/Vivado/hw/srcs/top/ipshared/c40e/hdl/axi_crossbar_v2_1_vl_rfs.v:4560]
WARNING: [Synth 8-7071] port 'aclk2x' of module 'axi_register_slice_v2_1_27_axi_register_slice' is unconnected for instance 'reg_slice_mi' [/home/user/Documents/dma_test/prj/Vivado/hw/srcs/top/ipshared/c40e/hdl/axi_crossbar_v2_1_vl_rfs.v:3122]
WARNING: [Synth 8-7023] instance 'reg_slice_mi' of module 'axi_register_slice_v2_1_27_axi_register_slice' has 93 connections declared, but only 92 given [/home/user/Documents/dma_test/prj/Vivado/hw/srcs/top/ipshared/c40e/hdl/axi_crossbar_v2_1_vl_rfs.v:3122]
INFO: [Synth 8-6157] synthesizing module 'axi_crossbar_v2_1_28_decerr_slave' [/home/user/Documents/dma_test/prj/Vivado/hw/srcs/top/ipshared/c40e/hdl/axi_crossbar_v2_1_vl_rfs.v:3500]
INFO: [Synth 8-155] case statement is not full and has no default [/home/user/Documents/dma_test/prj/Vivado/hw/srcs/top/ipshared/c40e/hdl/axi_crossbar_v2_1_vl_rfs.v:3633]
INFO: [Synth 8-6155] done synthesizing module 'axi_crossbar_v2_1_28_decerr_slave' (0#1) [/home/user/Documents/dma_test/prj/Vivado/hw/srcs/top/ipshared/c40e/hdl/axi_crossbar_v2_1_vl_rfs.v:3500]
INFO: [Synth 8-6157] synthesizing module 'axi_crossbar_v2_1_28_addr_arbiter' [/home/user/Documents/dma_test/prj/Vivado/hw/srcs/top/ipshared/c40e/hdl/axi_crossbar_v2_1_vl_rfs.v:422]
INFO: [Synth 8-6155] done synthesizing module 'axi_crossbar_v2_1_28_addr_arbiter' (0#1) [/home/user/Documents/dma_test/prj/Vivado/hw/srcs/top/ipshared/c40e/hdl/axi_crossbar_v2_1_vl_rfs.v:422]
INFO: [Synth 8-6155] done synthesizing module 'axi_crossbar_v2_1_28_crossbar' (0#1) [/home/user/Documents/dma_test/prj/Vivado/hw/srcs/top/ipshared/c40e/hdl/axi_crossbar_v2_1_vl_rfs.v:2238]
INFO: [Synth 8-6155] done synthesizing module 'axi_crossbar_v2_1_28_axi_crossbar' (0#1) [/home/user/Documents/dma_test/prj/Vivado/hw/srcs/top/ipshared/c40e/hdl/axi_crossbar_v2_1_vl_rfs.v:4883]
INFO: [Synth 8-6155] done synthesizing module 'top_xbar_1' (0#1) [/home/user/Documents/dma_test/prj/Vivado/hw/srcs/top/ip/top_xbar_1/synth/top_xbar_1.v:53]
INFO: [Synth 8-256] done synthesizing module 'top_axi_interconnect_0_1' (0#1) [/home/user/Documents/dma_test/prj/Vivado/hw/srcs/top/synth/top.vhd:2677]
INFO: [Synth 8-3491] module 'top_dpu_concat_irq_0' declared at '/home/user/Documents/dma_test/prj/Vivado/hw/srcs/top/ip/top_dpu_concat_irq_0/synth/top_dpu_concat_irq_0.v:53' bound to instance 'dpu_concat_irq' of component 'top_dpu_concat_irq_0' [/home/user/Documents/dma_test/prj/Vivado/hw/srcs/top/synth/top.vhd:7745]
INFO: [Synth 8-6157] synthesizing module 'top_dpu_concat_irq_0' [/home/user/Documents/dma_test/prj/Vivado/hw/srcs/top/ip/top_dpu_concat_irq_0/synth/top_dpu_concat_irq_0.v:53]
INFO: [Synth 8-6157] synthesizing module 'xlconcat_v2_1_4_xlconcat' [/home/user/Documents/dma_test/prj/Vivado/hw/srcs/top/ipshared/4b67/hdl/xlconcat_v2_1_vl_rfs.v:14]
INFO: [Synth 8-6155] done synthesizing module 'xlconcat_v2_1_4_xlconcat' (0#1) [/home/user/Documents/dma_test/prj/Vivado/hw/srcs/top/ipshared/4b67/hdl/xlconcat_v2_1_vl_rfs.v:14]
INFO: [Synth 8-6155] done synthesizing module 'top_dpu_concat_irq_0' (0#1) [/home/user/Documents/dma_test/prj/Vivado/hw/srcs/top/ip/top_dpu_concat_irq_0/synth/top_dpu_concat_irq_0.v:53]
INFO: [Synth 8-638] synthesizing module 'hier_dpu_imp_CAA3KC' [/home/user/Documents/dma_test/prj/Vivado/hw/srcs/top/synth/top.vhd:5830]
INFO: [Synth 8-3491] module 'top_DPUCZDX8G_0' declared at '/home/user/Documents/dma_test/prj/Vivado/hw/srcs/top/ip/top_DPUCZDX8G_0/synth/top_DPUCZDX8G_0.sv:53' bound to instance 'DPUCZDX8G' of component 'top_DPUCZDX8G_0' [/home/user/Documents/dma_test/prj/Vivado/hw/srcs/top/synth/top.vhd:6466]
INFO: [Synth 8-6157] synthesizing module 'top_DPUCZDX8G_0' [/home/user/Documents/dma_test/prj/Vivado/hw/srcs/top/ip/top_DPUCZDX8G_0/synth/top_DPUCZDX8G_0.sv:53]
INFO: [Synth 8-6157] synthesizing module 'DSP48E2' [/tools/Xilinx/Vivado/2022.2/scripts/rt/data/unisim_comp.v:37582]
INFO: [Synth 8-6155] done synthesizing module 'DSP48E2' (0#1) [/tools/Xilinx/Vivado/2022.2/scripts/rt/data/unisim_comp.v:37582]
INFO: [Synth 8-6157] synthesizing module 'SRL16E' [/tools/Xilinx/Vivado/2022.2/scripts/rt/data/unisim_comp.v:131644]
INFO: [Synth 8-6155] done synthesizing module 'SRL16E' (0#1) [/tools/Xilinx/Vivado/2022.2/scripts/rt/data/unisim_comp.v:131644]
INFO: [Synth 8-6157] synthesizing module 'DSP48E2__parameterized0' [/tools/Xilinx/Vivado/2022.2/scripts/rt/data/unisim_comp.v:37582]
INFO: [Synth 8-6155] done synthesizing module 'DSP48E2__parameterized0' (0#1) [/tools/Xilinx/Vivado/2022.2/scripts/rt/data/unisim_comp.v:37582]
INFO: [Synth 8-6157] synthesizing module 'DSP48E2__parameterized1' [/tools/Xilinx/Vivado/2022.2/scripts/rt/data/unisim_comp.v:37582]
INFO: [Synth 8-6155] done synthesizing module 'DSP48E2__parameterized1' (0#1) [/tools/Xilinx/Vivado/2022.2/scripts/rt/data/unisim_comp.v:37582]
INFO: [Synth 8-6157] synthesizing module 'SRL16E__parameterized0' [/tools/Xilinx/Vivado/2022.2/scripts/rt/data/unisim_comp.v:131644]
INFO: [Synth 8-6155] done synthesizing module 'SRL16E__parameterized0' (0#1) [/tools/Xilinx/Vivado/2022.2/scripts/rt/data/unisim_comp.v:131644]
INFO: [Synth 8-6157] synthesizing module 'DSP48E2__parameterized2' [/tools/Xilinx/Vivado/2022.2/scripts/rt/data/unisim_comp.v:37582]
INFO: [Synth 8-6155] done synthesizing module 'DSP48E2__parameterized2' (0#1) [/tools/Xilinx/Vivado/2022.2/scripts/rt/data/unisim_comp.v:37582]
INFO: [Synth 8-6155] done synthesizing module 'top_DPUCZDX8G_0' (0#1) [/home/user/Documents/dma_test/prj/Vivado/hw/srcs/top/ip/top_DPUCZDX8G_0/synth/top_DPUCZDX8G_0.sv:53]
INFO: [Synth 8-638] synthesizing module 'hier_dpu_clk_imp_P5CT15' [/home/user/Documents/dma_test/prj/Vivado/hw/srcs/top/synth/top.vhd:28]
INFO: [Synth 8-3491] module 'top_dpu_clk_wiz_0' declared at '/home/user/Documents/dma_test/prj/Vivado/hw/srcs/top/ip/top_dpu_clk_wiz_0/top_dpu_clk_wiz_0.v:69' bound to instance 'dpu_clk_wiz' of component 'top_dpu_clk_wiz_0' [/home/user/Documents/dma_test/prj/Vivado/hw/srcs/top/synth/top.vhd:93]
INFO: [Synth 8-6157] synthesizing module 'top_dpu_clk_wiz_0' [/home/user/Documents/dma_test/prj/Vivado/hw/srcs/top/ip/top_dpu_clk_wiz_0/top_dpu_clk_wiz_0.v:69]
INFO: [Synth 8-6157] synthesizing module 'top_dpu_clk_wiz_0_clk_wiz' [/home/user/Documents/dma_test/prj/Vivado/hw/srcs/top/ip/top_dpu_clk_wiz_0/top_dpu_clk_wiz_0_clk_wiz.v:69]
INFO: [Synth 8-6157] synthesizing module 'IBUF' [/tools/Xilinx/Vivado/2022.2/scripts/rt/data/unisim_comp.v:71326]
INFO: [Synth 8-6155] done synthesizing module 'IBUF' (0#1) [/tools/Xilinx/Vivado/2022.2/scripts/rt/data/unisim_comp.v:71326]
INFO: [Synth 8-6157] synthesizing module 'PLLE4_ADV' [/tools/Xilinx/Vivado/2022.2/scripts/rt/data/unisim_comp.v:109159]
	Parameter CLKFBOUT_MULT bound to: 11 - type: integer 
	Parameter CLKFBOUT_PHASE bound to: 0.000000 - type: double 
	Parameter CLKIN_PERIOD bound to: 10.001000 - type: double 
	Parameter CLKOUT0_DIVIDE bound to: 2 - type: integer 
	Parameter CLKOUT0_DUTY_CYCLE bound to: 0.500000 - type: double 
	Parameter CLKOUT0_PHASE bound to: 0.000000 - type: double 
	Parameter CLKOUT1_DIVIDE bound to: 1 - type: integer 
	Parameter CLKOUT1_DUTY_CYCLE bound to: 0.500000 - type: double 
	Parameter CLKOUT1_PHASE bound to: 0.000000 - type: double 
	Parameter COMPENSATION bound to: AUTO - type: string 
	Parameter DIVCLK_DIVIDE bound to: 1 - type: integer 
	Parameter STARTUP_WAIT bound to: FALSE - type: string 
INFO: [Synth 8-6155] done synthesizing module 'PLLE4_ADV' (0#1) [/tools/Xilinx/Vivado/2022.2/scripts/rt/data/unisim_comp.v:109159]
INFO: [Synth 8-6157] synthesizing module 'BUFGCE_DIV' [/tools/Xilinx/Vivado/2022.2/scripts/rt/data/unisim_comp.v:1121]
	Parameter BUFGCE_DIVIDE bound to: 2 - type: integer 
	Parameter IS_CE_INVERTED bound to: 1'b0 
	Parameter IS_CLR_INVERTED bound to: 1'b0 
	Parameter IS_I_INVERTED bound to: 1'b0 
INFO: [Synth 8-6155] done synthesizing module 'BUFGCE_DIV' (0#1) [/tools/Xilinx/Vivado/2022.2/scripts/rt/data/unisim_comp.v:1121]
INFO: [Synth 8-6157] synthesizing module 'BUFGCE_DIV__parameterized0' [/tools/Xilinx/Vivado/2022.2/scripts/rt/data/unisim_comp.v:1121]
	Parameter BUFGCE_DIVIDE bound to: 1 - type: integer 
	Parameter IS_CE_INVERTED bound to: 1'b0 
	Parameter IS_CLR_INVERTED bound to: 1'b0 
	Parameter IS_I_INVERTED bound to: 1'b0 
INFO: [Synth 8-6155] done synthesizing module 'BUFGCE_DIV__parameterized0' (0#1) [/tools/Xilinx/Vivado/2022.2/scripts/rt/data/unisim_comp.v:1121]
INFO: [Synth 8-6155] done synthesizing module 'top_dpu_clk_wiz_0_clk_wiz' (0#1) [/home/user/Documents/dma_test/prj/Vivado/hw/srcs/top/ip/top_dpu_clk_wiz_0/top_dpu_clk_wiz_0_clk_wiz.v:69]
INFO: [Synth 8-6155] done synthesizing module 'top_dpu_clk_wiz_0' (0#1) [/home/user/Documents/dma_test/prj/Vivado/hw/srcs/top/ip/top_dpu_clk_wiz_0/top_dpu_clk_wiz_0.v:69]
INFO: [Synth 8-3491] module 'top_rst_gen_clk_0' declared at '/home/user/Documents/dma_test/prj/Vivado/hw/srcs/top/ip/top_rst_gen_clk_0/synth/top_rst_gen_clk_0.vhd:59' bound to instance 'rst_gen_clk' of component 'top_rst_gen_clk_0' [/home/user/Documents/dma_test/prj/Vivado/hw/srcs/top/synth/top.vhd:102]
INFO: [Synth 8-638] synthesizing module 'top_rst_gen_clk_0' [/home/user/Documents/dma_test/prj/Vivado/hw/srcs/top/ip/top_rst_gen_clk_0/synth/top_rst_gen_clk_0.vhd:74]
	Parameter C_FAMILY bound to: zynquplus - type: string 
	Parameter C_EXT_RST_WIDTH bound to: 4 - type: integer 
	Parameter C_AUX_RST_WIDTH bound to: 4 - type: integer 
	Parameter C_EXT_RESET_HIGH bound to: 1'b0 
	Parameter C_AUX_RESET_HIGH bound to: 1'b0 
	Parameter C_NUM_BUS_RST bound to: 1 - type: integer 
	Parameter C_NUM_PERP_RST bound to: 1 - type: integer 
	Parameter C_NUM_INTERCONNECT_ARESETN bound to: 1 - type: integer 
	Parameter C_NUM_PERP_ARESETN bound to: 1 - type: integer 
INFO: [Synth 8-3491] module 'proc_sys_reset' declared at '/home/user/Documents/dma_test/prj/Vivado/hw/srcs/top/ipshared/8842/hdl/proc_sys_reset_v5_0_vh_rfs.vhd:1264' bound to instance 'U0' of component 'proc_sys_reset' [/home/user/Documents/dma_test/prj/Vivado/hw/srcs/top/ip/top_rst_gen_clk_0/synth/top_rst_gen_clk_0.vhd:129]
INFO: [Synth 8-638] synthesizing module 'proc_sys_reset' [/home/user/Documents/dma_test/prj/Vivado/hw/srcs/top/ipshared/8842/hdl/proc_sys_reset_v5_0_vh_rfs.vhd:1323]
	Parameter INIT bound to: 1'b1 
INFO: [Synth 8-113] binding component instance 'FDRE_inst' to cell 'FDRE' [/home/user/Documents/dma_test/prj/Vivado/hw/srcs/top/ipshared/8842/hdl/proc_sys_reset_v5_0_vh_rfs.vhd:1392]
	Parameter INIT bound to: 1'b1 
INFO: [Synth 8-113] binding component instance 'FDRE_BSR' to cell 'FDRE' [/home/user/Documents/dma_test/prj/Vivado/hw/srcs/top/ipshared/8842/hdl/proc_sys_reset_v5_0_vh_rfs.vhd:1408]
	Parameter INIT bound to: 1'b0 
INFO: [Synth 8-113] binding component instance 'FDRE_BSR_N' to cell 'FDRE' [/home/user/Documents/dma_test/prj/Vivado/hw/srcs/top/ipshared/8842/hdl/proc_sys_reset_v5_0_vh_rfs.vhd:1434]
	Parameter INIT bound to: 1'b1 
INFO: [Synth 8-113] binding component instance 'FDRE_PER' to cell 'FDRE' [/home/user/Documents/dma_test/prj/Vivado/hw/srcs/top/ipshared/8842/hdl/proc_sys_reset_v5_0_vh_rfs.vhd:1457]
	Parameter INIT bound to: 1'b0 
INFO: [Synth 8-113] binding component instance 'FDRE_PER_N' to cell 'FDRE' [/home/user/Documents/dma_test/prj/Vivado/hw/srcs/top/ipshared/8842/hdl/proc_sys_reset_v5_0_vh_rfs.vhd:1481]
INFO: [Synth 8-638] synthesizing module 'lpf' [/home/user/Documents/dma_test/prj/Vivado/hw/srcs/top/ipshared/8842/hdl/proc_sys_reset_v5_0_vh_rfs.vhd:816]
INFO: [Synth 8-3491] module 'SRL16' declared at '/tools/Xilinx/Vivado/2022.2/scripts/rt/data/unisim_comp.v:131628' bound to instance 'POR_SRL_I' of component 'SRL16' [/home/user/Documents/dma_test/prj/Vivado/hw/srcs/top/ipshared/8842/hdl/proc_sys_reset_v5_0_vh_rfs.vhd:868]
INFO: [Synth 8-6157] synthesizing module 'SRL16' [/tools/Xilinx/Vivado/2022.2/scripts/rt/data/unisim_comp.v:131628]
INFO: [Common 17-14] Message 'Synth 8-6157' appears 100 times and further instances of the messages will be disabled. Use the Tcl command set_msg_config to change the current settings.
INFO: [Synth 8-6155] done synthesizing module 'SRL16' (0#1) [/tools/Xilinx/Vivado/2022.2/scripts/rt/data/unisim_comp.v:131628]
INFO: [Common 17-14] Message 'Synth 8-6155' appears 100 times and further instances of the messages will be disabled. Use the Tcl command set_msg_config to change the current settings.
INFO: [Synth 8-638] synthesizing module 'cdc_sync__parameterized0' [/home/user/Documents/dma_test/prj/Vivado/hw/srcs/top/ipshared/ef1e/hdl/lib_cdc_v1_0_rfs.vhd:106]
	Parameter INIT bound to: 1'b0 
INFO: [Synth 8-113] binding component instance 'CROSS_PLEVEL_IN2SCNDRY_IN_cdc_to' to cell 'FDR' [/home/user/Documents/dma_test/prj/Vivado/hw/srcs/top/ipshared/ef1e/hdl/lib_cdc_v1_0_rfs.vhd:514]
	Parameter INIT bound to: 1'b0 
INFO: [Synth 8-113] binding component instance 'CROSS_PLEVEL_IN2SCNDRY_s_level_out_d2' to cell 'FDR' [/home/user/Documents/dma_test/prj/Vivado/hw/srcs/top/ipshared/ef1e/hdl/lib_cdc_v1_0_rfs.vhd:545]
	Parameter INIT bound to: 1'b0 
INFO: [Synth 8-113] binding component instance 'CROSS_PLEVEL_IN2SCNDRY_s_level_out_d3' to cell 'FDR' [/home/user/Documents/dma_test/prj/Vivado/hw/srcs/top/ipshared/ef1e/hdl/lib_cdc_v1_0_rfs.vhd:554]
	Parameter INIT bound to: 1'b0 
INFO: [Synth 8-113] binding component instance 'CROSS_PLEVEL_IN2SCNDRY_s_level_out_d4' to cell 'FDR' [/home/user/Documents/dma_test/prj/Vivado/hw/srcs/top/ipshared/ef1e/hdl/lib_cdc_v1_0_rfs.vhd:564]
	Parameter INIT bound to: 1'b0 
INFO: [Synth 8-113] binding component instance 'CROSS_PLEVEL_IN2SCNDRY_s_level_out_d5' to cell 'FDR' [/home/user/Documents/dma_test/prj/Vivado/hw/srcs/top/ipshared/ef1e/hdl/lib_cdc_v1_0_rfs.vhd:574]
	Parameter INIT bound to: 1'b0 
INFO: [Synth 8-113] binding component instance 'CROSS_PLEVEL_IN2SCNDRY_s_level_out_d6' to cell 'FDR' [/home/user/Documents/dma_test/prj/Vivado/hw/srcs/top/ipshared/ef1e/hdl/lib_cdc_v1_0_rfs.vhd:584]
INFO: [Synth 8-256] done synthesizing module 'cdc_sync__parameterized0' (0#1) [/home/user/Documents/dma_test/prj/Vivado/hw/srcs/top/ipshared/ef1e/hdl/lib_cdc_v1_0_rfs.vhd:106]
INFO: [Synth 8-256] done synthesizing module 'lpf' (0#1) [/home/user/Documents/dma_test/prj/Vivado/hw/srcs/top/ipshared/8842/hdl/proc_sys_reset_v5_0_vh_rfs.vhd:816]
INFO: [Synth 8-638] synthesizing module 'sequence_psr' [/home/user/Documents/dma_test/prj/Vivado/hw/srcs/top/ipshared/8842/hdl/proc_sys_reset_v5_0_vh_rfs.vhd:301]
INFO: [Synth 8-638] synthesizing module 'upcnt_n' [/home/user/Documents/dma_test/prj/Vivado/hw/srcs/top/ipshared/8842/hdl/proc_sys_reset_v5_0_vh_rfs.vhd:125]
INFO: [Synth 8-256] done synthesizing module 'upcnt_n' (0#1) [/home/user/Documents/dma_test/prj/Vivado/hw/srcs/top/ipshared/8842/hdl/proc_sys_reset_v5_0_vh_rfs.vhd:125]
INFO: [Synth 8-256] done synthesizing module 'sequence_psr' (0#1) [/home/user/Documents/dma_test/prj/Vivado/hw/srcs/top/ipshared/8842/hdl/proc_sys_reset_v5_0_vh_rfs.vhd:301]
INFO: [Synth 8-256] done synthesizing module 'proc_sys_reset' (0#1) [/home/user/Documents/dma_test/prj/Vivado/hw/srcs/top/ipshared/8842/hdl/proc_sys_reset_v5_0_vh_rfs.vhd:1323]
INFO: [Synth 8-256] done synthesizing module 'top_rst_gen_clk_0' (0#1) [/home/user/Documents/dma_test/prj/Vivado/hw/srcs/top/ip/top_rst_gen_clk_0/synth/top_rst_gen_clk_0.vhd:74]
INFO: [Synth 8-3491] module 'top_rst_gen_clk_dsp_0' declared at '/home/user/Documents/dma_test/prj/Vivado/hw/srcs/top/ip/top_rst_gen_clk_dsp_0/synth/top_rst_gen_clk_dsp_0.vhd:59' bound to instance 'rst_gen_clk_dsp' of component 'top_rst_gen_clk_dsp_0' [/home/user/Documents/dma_test/prj/Vivado/hw/srcs/top/synth/top.vhd:115]
INFO: [Synth 8-638] synthesizing module 'top_rst_gen_clk_dsp_0' [/home/user/Documents/dma_test/prj/Vivado/hw/srcs/top/ip/top_rst_gen_clk_dsp_0/synth/top_rst_gen_clk_dsp_0.vhd:74]
	Parameter C_FAMILY bound to: zynquplus - type: string 
	Parameter C_EXT_RST_WIDTH bound to: 4 - type: integer 
	Parameter C_AUX_RST_WIDTH bound to: 4 - type: integer 
	Parameter C_EXT_RESET_HIGH bound to: 1'b0 
	Parameter C_AUX_RESET_HIGH bound to: 1'b0 
	Parameter C_NUM_BUS_RST bound to: 1 - type: integer 
	Parameter C_NUM_PERP_RST bound to: 1 - type: integer 
	Parameter C_NUM_INTERCONNECT_ARESETN bound to: 1 - type: integer 
	Parameter C_NUM_PERP_ARESETN bound to: 1 - type: integer 
INFO: [Synth 8-3491] module 'proc_sys_reset' declared at '/home/user/Documents/dma_test/prj/Vivado/hw/srcs/top/ipshared/8842/hdl/proc_sys_reset_v5_0_vh_rfs.vhd:1264' bound to instance 'U0' of component 'proc_sys_reset' [/home/user/Documents/dma_test/prj/Vivado/hw/srcs/top/ip/top_rst_gen_clk_dsp_0/synth/top_rst_gen_clk_dsp_0.vhd:129]
INFO: [Synth 8-256] done synthesizing module 'top_rst_gen_clk_dsp_0' (0#1) [/home/user/Documents/dma_test/prj/Vivado/hw/srcs/top/ip/top_rst_gen_clk_dsp_0/synth/top_rst_gen_clk_dsp_0.vhd:74]
INFO: [Synth 8-256] done synthesizing module 'hier_dpu_clk_imp_P5CT15' (0#1) [/home/user/Documents/dma_test/prj/Vivado/hw/srcs/top/synth/top.vhd:28]
INFO: [Synth 8-638] synthesizing module 'hier_dpu_ghp_imp_1DUMQPD' [/home/user/Documents/dma_test/prj/Vivado/hw/srcs/top/synth/top.vhd:4912]
INFO: [Synth 8-638] synthesizing module 'top_dpu_intc_M_AXI_HP0_FPD_0' [/home/user/Documents/dma_test/prj/Vivado/hw/srcs/top/synth/top.vhd:3721]
INFO: [Synth 8-638] synthesizing module 's00_couplers_imp_1UZ280X' [/home/user/Documents/dma_test/prj/Vivado/hw/srcs/top/synth/top.vhd:1317]
INFO: [Synth 8-3491] module 'top_auto_cc_1' declared at '/home/user/Documents/dma_test/prj/Vivado/hw/srcs/top/ip/top_auto_cc_1/synth/top_auto_cc_1.v:53' bound to instance 'auto_cc' of component 'top_auto_cc_1' [/home/user/Documents/dma_test/prj/Vivado/hw/srcs/top/synth/top.vhd:1575]
INFO: [Synth 8-256] done synthesizing module 's00_couplers_imp_1UZ280X' (0#1) [/home/user/Documents/dma_test/prj/Vivado/hw/srcs/top/synth/top.vhd:1317]
INFO: [Synth 8-256] done synthesizing module 'top_dpu_intc_M_AXI_HP0_FPD_0' (0#1) [/home/user/Documents/dma_test/prj/Vivado/hw/srcs/top/synth/top.vhd:3721]
INFO: [Synth 8-638] synthesizing module 'top_dpu_intc_M_AXI_HP1_FPD_0' [/home/user/Documents/dma_test/prj/Vivado/hw/srcs/top/synth/top.vhd:4066]
INFO: [Synth 8-638] synthesizing module 's00_couplers_imp_UQ15FJ' [/home/user/Documents/dma_test/prj/Vivado/hw/srcs/top/synth/top.vhd:1756]
INFO: [Synth 8-3491] module 'top_auto_cc_2' declared at '/home/user/Documents/dma_test/prj/Vivado/hw/srcs/top/ip/top_auto_cc_2/synth/top_auto_cc_2.v:53' bound to instance 'auto_cc' of component 'top_auto_cc_2' [/home/user/Documents/dma_test/prj/Vivado/hw/srcs/top/synth/top.vhd:2014]
INFO: [Synth 8-256] done synthesizing module 's00_couplers_imp_UQ15FJ' (0#1) [/home/user/Documents/dma_test/prj/Vivado/hw/srcs/top/synth/top.vhd:1756]
INFO: [Synth 8-256] done synthesizing module 'top_dpu_intc_M_AXI_HP1_FPD_0' (0#1) [/home/user/Documents/dma_test/prj/Vivado/hw/srcs/top/synth/top.vhd:4066]
INFO: [Synth 8-638] synthesizing module 'top_dpu_intc_M_AXI_LPD_0' [/home/user/Documents/dma_test/prj/Vivado/hw/srcs/top/synth/top.vhd:4411]
INFO: [Synth 8-638] synthesizing module 's00_couplers_imp_VZUKLR' [/home/user/Documents/dma_test/prj/Vivado/hw/srcs/top/synth/top.vhd:2195]
INFO: [Synth 8-3491] module 'top_auto_cc_0' declared at '/home/user/Documents/dma_test/prj/Vivado/hw/srcs/top/ip/top_auto_cc_0/synth/top_auto_cc_0.v:53' bound to instance 'auto_cc' of component 'top_auto_cc_0' [/home/user/Documents/dma_test/prj/Vivado/hw/srcs/top/synth/top.vhd:2453]
INFO: [Synth 8-256] done synthesizing module 's00_couplers_imp_VZUKLR' (0#1) [/home/user/Documents/dma_test/prj/Vivado/hw/srcs/top/synth/top.vhd:2195]
INFO: [Synth 8-256] done synthesizing module 'top_dpu_intc_M_AXI_LPD_0' (0#1) [/home/user/Documents/dma_test/prj/Vivado/hw/srcs/top/synth/top.vhd:4411]
INFO: [Synth 8-256] done synthesizing module 'hier_dpu_ghp_imp_1DUMQPD' (0#1) [/home/user/Documents/dma_test/prj/Vivado/hw/srcs/top/synth/top.vhd:4912]
INFO: [Synth 8-638] synthesizing module 'hier_dpu_irq_imp_7KP66F' [/home/user/Documents/dma_test/prj/Vivado/hw/srcs/top/synth/top.vhd:140]
INFO: [Synth 8-3491] module 'top_dpu_concat_irq_inner_0' declared at '/home/user/Documents/dma_test/prj/Vivado/hw/srcs/top/ip/top_dpu_concat_irq_inner_0/synth/top_dpu_concat_irq_inner_0.v:53' bound to instance 'dpu_concat_irq_inner' of component 'top_dpu_concat_irq_inner_0' [/home/user/Documents/dma_test/prj/Vivado/hw/srcs/top/synth/top.vhd:152]
INFO: [Synth 8-256] done synthesizing module 'hier_dpu_irq_imp_7KP66F' (0#1) [/home/user/Documents/dma_test/prj/Vivado/hw/srcs/top/synth/top.vhd:140]
INFO: [Synth 8-256] done synthesizing module 'hier_dpu_imp_CAA3KC' (0#1) [/home/user/Documents/dma_test/prj/Vivado/hw/srcs/top/synth/top.vhd:5830]
INFO: [Synth 8-3491] module 'top_rst_gen_ghp_0' declared at '/home/user/Documents/dma_test/prj/Vivado/hw/srcs/top/ip/top_rst_gen_ghp_0/synth/top_rst_gen_ghp_0.vhd:59' bound to instance 'rst_gen_ghp' of component 'top_rst_gen_ghp_0' [/home/user/Documents/dma_test/prj/Vivado/hw/srcs/top/synth/top.vhd:7919]
INFO: [Synth 8-638] synthesizing module 'top_rst_gen_ghp_0' [/home/user/Documents/dma_test/prj/Vivado/hw/srcs/top/ip/top_rst_gen_ghp_0/synth/top_rst_gen_ghp_0.vhd:74]
	Parameter C_FAMILY bound to: zynquplus - type: string 
	Parameter C_EXT_RST_WIDTH bound to: 4 - type: integer 
	Parameter C_AUX_RST_WIDTH bound to: 4 - type: integer 
	Parameter C_EXT_RESET_HIGH bound to: 1'b0 
	Parameter C_AUX_RESET_HIGH bound to: 1'b0 
	Parameter C_NUM_BUS_RST bound to: 1 - type: integer 
	Parameter C_NUM_PERP_RST bound to: 1 - type: integer 
	Parameter C_NUM_INTERCONNECT_ARESETN bound to: 1 - type: integer 
	Parameter C_NUM_PERP_ARESETN bound to: 1 - type: integer 
INFO: [Synth 8-3491] module 'proc_sys_reset' declared at '/home/user/Documents/dma_test/prj/Vivado/hw/srcs/top/ipshared/8842/hdl/proc_sys_reset_v5_0_vh_rfs.vhd:1264' bound to instance 'U0' of component 'proc_sys_reset' [/home/user/Documents/dma_test/prj/Vivado/hw/srcs/top/ip/top_rst_gen_ghp_0/synth/top_rst_gen_ghp_0.vhd:129]
INFO: [Synth 8-256] done synthesizing module 'top_rst_gen_ghp_0' (0#1) [/home/user/Documents/dma_test/prj/Vivado/hw/srcs/top/ip/top_rst_gen_ghp_0/synth/top_rst_gen_ghp_0.vhd:74]
INFO: [Synth 8-3491] module 'top_rst_gen_reg_0' declared at '/home/user/Documents/dma_test/prj/Vivado/hw/srcs/top/ip/top_rst_gen_reg_0/synth/top_rst_gen_reg_0.vhd:59' bound to instance 'rst_gen_reg' of component 'top_rst_gen_reg_0' [/home/user/Documents/dma_test/prj/Vivado/hw/srcs/top/synth/top.vhd:7932]
INFO: [Synth 8-638] synthesizing module 'top_rst_gen_reg_0' [/home/user/Documents/dma_test/prj/Vivado/hw/srcs/top/ip/top_rst_gen_reg_0/synth/top_rst_gen_reg_0.vhd:74]
	Parameter C_FAMILY bound to: zynquplus - type: string 
	Parameter C_EXT_RST_WIDTH bound to: 4 - type: integer 
	Parameter C_AUX_RST_WIDTH bound to: 4 - type: integer 
	Parameter C_EXT_RESET_HIGH bound to: 1'b0 
	Parameter C_AUX_RESET_HIGH bound to: 1'b0 
	Parameter C_NUM_BUS_RST bound to: 1 - type: integer 
	Parameter C_NUM_PERP_RST bound to: 1 - type: integer 
	Parameter C_NUM_INTERCONNECT_ARESETN bound to: 1 - type: integer 
	Parameter C_NUM_PERP_ARESETN bound to: 1 - type: integer 
INFO: [Synth 8-3491] module 'proc_sys_reset' declared at '/home/user/Documents/dma_test/prj/Vivado/hw/srcs/top/ipshared/8842/hdl/proc_sys_reset_v5_0_vh_rfs.vhd:1264' bound to instance 'U0' of component 'proc_sys_reset' [/home/user/Documents/dma_test/prj/Vivado/hw/srcs/top/ip/top_rst_gen_reg_0/synth/top_rst_gen_reg_0.vhd:129]
INFO: [Synth 8-256] done synthesizing module 'top_rst_gen_reg_0' (0#1) [/home/user/Documents/dma_test/prj/Vivado/hw/srcs/top/ip/top_rst_gen_reg_0/synth/top_rst_gen_reg_0.vhd:74]
INFO: [Synth 8-3491] module 'top_zynq_ultra_ps_e_0' declared at '/home/user/Documents/dma_test/prj/Vivado/hw/srcs/top/ip/top_zynq_ultra_ps_e_0/synth/top_zynq_ultra_ps_e_0.vhd:56' bound to instance 'zynq_ultra_ps_e' of component 'top_zynq_ultra_ps_e_0' [/home/user/Documents/dma_test/prj/Vivado/hw/srcs/top/synth/top.vhd:7945]
INFO: [Synth 8-638] synthesizing module 'top_zynq_ultra_ps_e_0' [/home/user/Documents/dma_test/prj/Vivado/hw/srcs/top/ip/top_zynq_ultra_ps_e_0/synth/top_zynq_ultra_ps_e_0.vhd:266]
	Parameter C_DP_USE_AUDIO bound to: 0 - type: integer 
	Parameter C_DP_USE_VIDEO bound to: 0 - type: integer 
	Parameter C_MAXIGP0_DATA_WIDTH bound to: 128 - type: integer 
	Parameter C_MAXIGP1_DATA_WIDTH bound to: 128 - type: integer 
	Parameter C_MAXIGP2_DATA_WIDTH bound to: 32 - type: integer 
	Parameter C_SAXIGP0_DATA_WIDTH bound to: 128 - type: integer 
	Parameter C_SAXIGP1_DATA_WIDTH bound to: 128 - type: integer 
	Parameter C_SAXIGP2_DATA_WIDTH bound to: 128 - type: integer 
	Parameter C_SAXIGP3_DATA_WIDTH bound to: 128 - type: integer 
	Parameter C_SAXIGP4_DATA_WIDTH bound to: 128 - type: integer 
	Parameter C_SAXIGP5_DATA_WIDTH bound to: 128 - type: integer 
	Parameter C_SAXIGP6_DATA_WIDTH bound to: 32 - type: integer 
	Parameter C_USE_DIFF_RW_CLK_GP0 bound to: 0 - type: integer 
	Parameter C_USE_DIFF_RW_CLK_GP1 bound to: 0 - type: integer 
	Parameter C_USE_DIFF_RW_CLK_GP2 bound to: 0 - type: integer 
	Parameter C_USE_DIFF_RW_CLK_GP3 bound to: 0 - type: integer 
	Parameter C_USE_DIFF_RW_CLK_GP4 bound to: 0 - type: integer 
	Parameter C_USE_DIFF_RW_CLK_GP5 bound to: 0 - type: integer 
	Parameter C_USE_DIFF_RW_CLK_GP6 bound to: 0 - type: integer 
	Parameter C_EN_FIFO_ENET0 bound to: 0 - type: string 
	Parameter C_EN_FIFO_ENET1 bound to: 0 - type: string 
	Parameter C_EN_FIFO_ENET2 bound to: 0 - type: string 
	Parameter C_EN_FIFO_ENET3 bound to: 0 - type: string 
	Parameter C_PL_CLK0_BUF bound to: TRUE - type: string 
	Parameter C_PL_CLK1_BUF bound to: TRUE - type: string 
	Parameter C_PL_CLK2_BUF bound to: FALSE - type: string 
	Parameter C_PL_CLK3_BUF bound to: FALSE - type: string 
	Parameter C_TRACE_PIPELINE_WIDTH bound to: 8 - type: integer 
	Parameter C_EN_EMIO_TRACE bound to: 0 - type: integer 
	Parameter C_TRACE_DATA_WIDTH bound to: 32 - type: integer 
	Parameter C_USE_DEBUG_TEST bound to: 0 - type: integer 
	Parameter C_SD0_INTERNAL_BUS_WIDTH bound to: 5 - type: integer 
	Parameter C_SD1_INTERNAL_BUS_WIDTH bound to: 8 - type: integer 
	Parameter C_NUM_F2P_0_INTR_INPUTS bound to: 1 - type: integer 
	Parameter C_NUM_F2P_1_INTR_INPUTS bound to: 1 - type: integer 
	Parameter C_EMIO_GPIO_WIDTH bound to: 1 - type: integer 
	Parameter C_NUM_FABRIC_RESETS bound to: 1 - type: integer 
INFO: [Synth 8-3491] module 'zynq_ultra_ps_e_v3_4_1_zynq_ultra_ps_e' declared at '/home/user/Documents/dma_test/prj/Vivado/hw/srcs/top/ip/top_zynq_ultra_ps_e_0/hdl/zynq_ultra_ps_e_v3_4_1.v:68' bound to instance 'U0' of component 'zynq_ultra_ps_e_v3_4_1_zynq_ultra_ps_e' [/home/user/Documents/dma_test/prj/Vivado/hw/srcs/top/ip/top_zynq_ultra_ps_e_0/synth/top_zynq_ultra_ps_e_0.vhd:2035]
WARNING: [Synth 8-689] width (5) of port connection 'EMIOSDIO0DATAOUT' does not match port width (8) of module 'PS8' [/home/user/Documents/dma_test/prj/Vivado/hw/srcs/top/ip/top_zynq_ultra_ps_e_0/hdl/zynq_ultra_ps_e_v3_4_1.v:4703]
WARNING: [Synth 8-689] width (5) of port connection 'EMIOSDIO0DATAENA' does not match port width (8) of module 'PS8' [/home/user/Documents/dma_test/prj/Vivado/hw/srcs/top/ip/top_zynq_ultra_ps_e_0/hdl/zynq_ultra_ps_e_v3_4_1.v:4704]
WARNING: [Synth 8-7071] port 'PSS_ALTO_CORE_PAD_MGTTXN0OUT' of module 'PS8' is unconnected for instance 'PS8_i' [/home/user/Documents/dma_test/prj/Vivado/hw/srcs/top/ip/top_zynq_ultra_ps_e_0/hdl/zynq_ultra_ps_e_v3_4_1.v:3893]
WARNING: [Synth 8-7071] port 'PSS_ALTO_CORE_PAD_MGTTXN1OUT' of module 'PS8' is unconnected for instance 'PS8_i' [/home/user/Documents/dma_test/prj/Vivado/hw/srcs/top/ip/top_zynq_ultra_ps_e_0/hdl/zynq_ultra_ps_e_v3_4_1.v:3893]
WARNING: [Synth 8-7071] port 'PSS_ALTO_CORE_PAD_MGTTXN2OUT' of module 'PS8' is unconnected for instance 'PS8_i' [/home/user/Documents/dma_test/prj/Vivado/hw/srcs/top/ip/top_zynq_ultra_ps_e_0/hdl/zynq_ultra_ps_e_v3_4_1.v:3893]
WARNING: [Synth 8-7071] port 'PSS_ALTO_CORE_PAD_MGTTXN3OUT' of module 'PS8' is unconnected for instance 'PS8_i' [/home/user/Documents/dma_test/prj/Vivado/hw/srcs/top/ip/top_zynq_ultra_ps_e_0/hdl/zynq_ultra_ps_e_v3_4_1.v:3893]
WARNING: [Synth 8-7071] port 'PSS_ALTO_CORE_PAD_MGTTXP0OUT' of module 'PS8' is unconnected for instance 'PS8_i' [/home/user/Documents/dma_test/prj/Vivado/hw/srcs/top/ip/top_zynq_ultra_ps_e_0/hdl/zynq_ultra_ps_e_v3_4_1.v:3893]
WARNING: [Synth 8-7071] port 'PSS_ALTO_CORE_PAD_MGTTXP1OUT' of module 'PS8' is unconnected for instance 'PS8_i' [/home/user/Documents/dma_test/prj/Vivado/hw/srcs/top/ip/top_zynq_ultra_ps_e_0/hdl/zynq_ultra_ps_e_v3_4_1.v:3893]
WARNING: [Synth 8-7071] port 'PSS_ALTO_CORE_PAD_MGTTXP2OUT' of module 'PS8' is unconnected for instance 'PS8_i' [/home/user/Documents/dma_test/prj/Vivado/hw/srcs/top/ip/top_zynq_ultra_ps_e_0/hdl/zynq_ultra_ps_e_v3_4_1.v:3893]
WARNING: [Synth 8-7071] port 'PSS_ALTO_CORE_PAD_MGTTXP3OUT' of module 'PS8' is unconnected for instance 'PS8_i' [/home/user/Documents/dma_test/prj/Vivado/hw/srcs/top/ip/top_zynq_ultra_ps_e_0/hdl/zynq_ultra_ps_e_v3_4_1.v:3893]
WARNING: [Synth 8-7071] port 'PSS_ALTO_CORE_PAD_PADO' of module 'PS8' is unconnected for instance 'PS8_i' [/home/user/Documents/dma_test/prj/Vivado/hw/srcs/top/ip/top_zynq_ultra_ps_e_0/hdl/zynq_ultra_ps_e_v3_4_1.v:3893]
WARNING: [Synth 8-7071] port 'PSS_ALTO_CORE_PAD_BOOTMODE' of module 'PS8' is unconnected for instance 'PS8_i' [/home/user/Documents/dma_test/prj/Vivado/hw/srcs/top/ip/top_zynq_ultra_ps_e_0/hdl/zynq_ultra_ps_e_v3_4_1.v:3893]
WARNING: [Synth 8-7071] port 'PSS_ALTO_CORE_PAD_CLK' of module 'PS8' is unconnected for instance 'PS8_i' [/home/user/Documents/dma_test/prj/Vivado/hw/srcs/top/ip/top_zynq_ultra_ps_e_0/hdl/zynq_ultra_ps_e_v3_4_1.v:3893]
WARNING: [Synth 8-7071] port 'PSS_ALTO_CORE_PAD_DONEB' of module 'PS8' is unconnected for instance 'PS8_i' [/home/user/Documents/dma_test/prj/Vivado/hw/srcs/top/ip/top_zynq_ultra_ps_e_0/hdl/zynq_ultra_ps_e_v3_4_1.v:3893]
WARNING: [Synth 8-7071] port 'PSS_ALTO_CORE_PAD_DRAMA' of module 'PS8' is unconnected for instance 'PS8_i' [/home/user/Documents/dma_test/prj/Vivado/hw/srcs/top/ip/top_zynq_ultra_ps_e_0/hdl/zynq_ultra_ps_e_v3_4_1.v:3893]
WARNING: [Synth 8-7071] port 'PSS_ALTO_CORE_PAD_DRAMACTN' of module 'PS8' is unconnected for instance 'PS8_i' [/home/user/Documents/dma_test/prj/Vivado/hw/srcs/top/ip/top_zynq_ultra_ps_e_0/hdl/zynq_ultra_ps_e_v3_4_1.v:3893]
WARNING: [Synth 8-7071] port 'PSS_ALTO_CORE_PAD_DRAMALERTN' of module 'PS8' is unconnected for instance 'PS8_i' [/home/user/Documents/dma_test/prj/Vivado/hw/srcs/top/ip/top_zynq_ultra_ps_e_0/hdl/zynq_ultra_ps_e_v3_4_1.v:3893]
WARNING: [Synth 8-7071] port 'PSS_ALTO_CORE_PAD_DRAMBA' of module 'PS8' is unconnected for instance 'PS8_i' [/home/user/Documents/dma_test/prj/Vivado/hw/srcs/top/ip/top_zynq_ultra_ps_e_0/hdl/zynq_ultra_ps_e_v3_4_1.v:3893]
WARNING: [Synth 8-7071] port 'PSS_ALTO_CORE_PAD_DRAMBG' of module 'PS8' is unconnected for instance 'PS8_i' [/home/user/Documents/dma_test/prj/Vivado/hw/srcs/top/ip/top_zynq_ultra_ps_e_0/hdl/zynq_ultra_ps_e_v3_4_1.v:3893]
WARNING: [Synth 8-7071] port 'PSS_ALTO_CORE_PAD_DRAMCK' of module 'PS8' is unconnected for instance 'PS8_i' [/home/user/Documents/dma_test/prj/Vivado/hw/srcs/top/ip/top_zynq_ultra_ps_e_0/hdl/zynq_ultra_ps_e_v3_4_1.v:3893]
WARNING: [Synth 8-7071] port 'PSS_ALTO_CORE_PAD_DRAMCKE' of module 'PS8' is unconnected for instance 'PS8_i' [/home/user/Documents/dma_test/prj/Vivado/hw/srcs/top/ip/top_zynq_ultra_ps_e_0/hdl/zynq_ultra_ps_e_v3_4_1.v:3893]
WARNING: [Synth 8-7071] port 'PSS_ALTO_CORE_PAD_DRAMCKN' of module 'PS8' is unconnected for instance 'PS8_i' [/home/user/Documents/dma_test/prj/Vivado/hw/srcs/top/ip/top_zynq_ultra_ps_e_0/hdl/zynq_ultra_ps_e_v3_4_1.v:3893]
WARNING: [Synth 8-7071] port 'PSS_ALTO_CORE_PAD_DRAMCSN' of module 'PS8' is unconnected for instance 'PS8_i' [/home/user/Documents/dma_test/prj/Vivado/hw/srcs/top/ip/top_zynq_ultra_ps_e_0/hdl/zynq_ultra_ps_e_v3_4_1.v:3893]
WARNING: [Synth 8-7071] port 'PSS_ALTO_CORE_PAD_DRAMDM' of module 'PS8' is unconnected for instance 'PS8_i' [/home/user/Documents/dma_test/prj/Vivado/hw/srcs/top/ip/top_zynq_ultra_ps_e_0/hdl/zynq_ultra_ps_e_v3_4_1.v:3893]
WARNING: [Synth 8-7071] port 'PSS_ALTO_CORE_PAD_DRAMDQ' of module 'PS8' is unconnected for instance 'PS8_i' [/home/user/Documents/dma_test/prj/Vivado/hw/srcs/top/ip/top_zynq_ultra_ps_e_0/hdl/zynq_ultra_ps_e_v3_4_1.v:3893]
WARNING: [Synth 8-7071] port 'PSS_ALTO_CORE_PAD_DRAMDQS' of module 'PS8' is unconnected for instance 'PS8_i' [/home/user/Documents/dma_test/prj/Vivado/hw/srcs/top/ip/top_zynq_ultra_ps_e_0/hdl/zynq_ultra_ps_e_v3_4_1.v:3893]
WARNING: [Synth 8-7071] port 'PSS_ALTO_CORE_PAD_DRAMDQSN' of module 'PS8' is unconnected for instance 'PS8_i' [/home/user/Documents/dma_test/prj/Vivado/hw/srcs/top/ip/top_zynq_ultra_ps_e_0/hdl/zynq_ultra_ps_e_v3_4_1.v:3893]
WARNING: [Synth 8-7071] port 'PSS_ALTO_CORE_PAD_DRAMODT' of module 'PS8' is unconnected for instance 'PS8_i' [/home/user/Documents/dma_test/prj/Vivado/hw/srcs/top/ip/top_zynq_ultra_ps_e_0/hdl/zynq_ultra_ps_e_v3_4_1.v:3893]
WARNING: [Synth 8-7071] port 'PSS_ALTO_CORE_PAD_DRAMPARITY' of module 'PS8' is unconnected for instance 'PS8_i' [/home/user/Documents/dma_test/prj/Vivado/hw/srcs/top/ip/top_zynq_ultra_ps_e_0/hdl/zynq_ultra_ps_e_v3_4_1.v:3893]
WARNING: [Synth 8-7071] port 'PSS_ALTO_CORE_PAD_DRAMRAMRSTN' of module 'PS8' is unconnected for instance 'PS8_i' [/home/user/Documents/dma_test/prj/Vivado/hw/srcs/top/ip/top_zynq_ultra_ps_e_0/hdl/zynq_ultra_ps_e_v3_4_1.v:3893]
WARNING: [Synth 8-7071] port 'PSS_ALTO_CORE_PAD_ERROROUT' of module 'PS8' is unconnected for instance 'PS8_i' [/home/user/Documents/dma_test/prj/Vivado/hw/srcs/top/ip/top_zynq_ultra_ps_e_0/hdl/zynq_ultra_ps_e_v3_4_1.v:3893]
WARNING: [Synth 8-7071] port 'PSS_ALTO_CORE_PAD_ERRORSTATUS' of module 'PS8' is unconnected for instance 'PS8_i' [/home/user/Documents/dma_test/prj/Vivado/hw/srcs/top/ip/top_zynq_ultra_ps_e_0/hdl/zynq_ultra_ps_e_v3_4_1.v:3893]
WARNING: [Synth 8-7071] port 'PSS_ALTO_CORE_PAD_INITB' of module 'PS8' is unconnected for instance 'PS8_i' [/home/user/Documents/dma_test/prj/Vivado/hw/srcs/top/ip/top_zynq_ultra_ps_e_0/hdl/zynq_ultra_ps_e_v3_4_1.v:3893]
WARNING: [Synth 8-7071] port 'PSS_ALTO_CORE_PAD_JTAGTCK' of module 'PS8' is unconnected for instance 'PS8_i' [/home/user/Documents/dma_test/prj/Vivado/hw/srcs/top/ip/top_zynq_ultra_ps_e_0/hdl/zynq_ultra_ps_e_v3_4_1.v:3893]
WARNING: [Synth 8-7071] port 'PSS_ALTO_CORE_PAD_JTAGTDI' of module 'PS8' is unconnected for instance 'PS8_i' [/home/user/Documents/dma_test/prj/Vivado/hw/srcs/top/ip/top_zynq_ultra_ps_e_0/hdl/zynq_ultra_ps_e_v3_4_1.v:3893]
WARNING: [Synth 8-7071] port 'PSS_ALTO_CORE_PAD_JTAGTDO' of module 'PS8' is unconnected for instance 'PS8_i' [/home/user/Documents/dma_test/prj/Vivado/hw/srcs/top/ip/top_zynq_ultra_ps_e_0/hdl/zynq_ultra_ps_e_v3_4_1.v:3893]
WARNING: [Synth 8-7071] port 'PSS_ALTO_CORE_PAD_JTAGTMS' of module 'PS8' is unconnected for instance 'PS8_i' [/home/user/Documents/dma_test/prj/Vivado/hw/srcs/top/ip/top_zynq_ultra_ps_e_0/hdl/zynq_ultra_ps_e_v3_4_1.v:3893]
WARNING: [Synth 8-7071] port 'PSS_ALTO_CORE_PAD_MIO' of module 'PS8' is unconnected for instance 'PS8_i' [/home/user/Documents/dma_test/prj/Vivado/hw/srcs/top/ip/top_zynq_ultra_ps_e_0/hdl/zynq_ultra_ps_e_v3_4_1.v:3893]
WARNING: [Synth 8-7071] port 'PSS_ALTO_CORE_PAD_PORB' of module 'PS8' is unconnected for instance 'PS8_i' [/home/user/Documents/dma_test/prj/Vivado/hw/srcs/top/ip/top_zynq_ultra_ps_e_0/hdl/zynq_ultra_ps_e_v3_4_1.v:3893]
WARNING: [Synth 8-7071] port 'PSS_ALTO_CORE_PAD_PROGB' of module 'PS8' is unconnected for instance 'PS8_i' [/home/user/Documents/dma_test/prj/Vivado/hw/srcs/top/ip/top_zynq_ultra_ps_e_0/hdl/zynq_ultra_ps_e_v3_4_1.v:3893]
WARNING: [Synth 8-7071] port 'PSS_ALTO_CORE_PAD_RCALIBINOUT' of module 'PS8' is unconnected for instance 'PS8_i' [/home/user/Documents/dma_test/prj/Vivado/hw/srcs/top/ip/top_zynq_ultra_ps_e_0/hdl/zynq_ultra_ps_e_v3_4_1.v:3893]
WARNING: [Synth 8-7071] port 'PSS_ALTO_CORE_PAD_SRSTB' of module 'PS8' is unconnected for instance 'PS8_i' [/home/user/Documents/dma_test/prj/Vivado/hw/srcs/top/ip/top_zynq_ultra_ps_e_0/hdl/zynq_ultra_ps_e_v3_4_1.v:3893]
WARNING: [Synth 8-7071] port 'PSS_ALTO_CORE_PAD_ZQ' of module 'PS8' is unconnected for instance 'PS8_i' [/home/user/Documents/dma_test/prj/Vivado/hw/srcs/top/ip/top_zynq_ultra_ps_e_0/hdl/zynq_ultra_ps_e_v3_4_1.v:3893]
WARNING: [Synth 8-7071] port 'PSS_ALTO_CORE_PAD_MGTRXN0IN' of module 'PS8' is unconnected for instance 'PS8_i' [/home/user/Documents/dma_test/prj/Vivado/hw/srcs/top/ip/top_zynq_ultra_ps_e_0/hdl/zynq_ultra_ps_e_v3_4_1.v:3893]
WARNING: [Synth 8-7071] port 'PSS_ALTO_CORE_PAD_MGTRXN1IN' of module 'PS8' is unconnected for instance 'PS8_i' [/home/user/Documents/dma_test/prj/Vivado/hw/srcs/top/ip/top_zynq_ultra_ps_e_0/hdl/zynq_ultra_ps_e_v3_4_1.v:3893]
WARNING: [Synth 8-7071] port 'PSS_ALTO_CORE_PAD_MGTRXN2IN' of module 'PS8' is unconnected for instance 'PS8_i' [/home/user/Documents/dma_test/prj/Vivado/hw/srcs/top/ip/top_zynq_ultra_ps_e_0/hdl/zynq_ultra_ps_e_v3_4_1.v:3893]
WARNING: [Synth 8-7071] port 'PSS_ALTO_CORE_PAD_MGTRXN3IN' of module 'PS8' is unconnected for instance 'PS8_i' [/home/user/Documents/dma_test/prj/Vivado/hw/srcs/top/ip/top_zynq_ultra_ps_e_0/hdl/zynq_ultra_ps_e_v3_4_1.v:3893]
WARNING: [Synth 8-7071] port 'PSS_ALTO_CORE_PAD_MGTRXP0IN' of module 'PS8' is unconnected for instance 'PS8_i' [/home/user/Documents/dma_test/prj/Vivado/hw/srcs/top/ip/top_zynq_ultra_ps_e_0/hdl/zynq_ultra_ps_e_v3_4_1.v:3893]
WARNING: [Synth 8-7071] port 'PSS_ALTO_CORE_PAD_MGTRXP1IN' of module 'PS8' is unconnected for instance 'PS8_i' [/home/user/Documents/dma_test/prj/Vivado/hw/srcs/top/ip/top_zynq_ultra_ps_e_0/hdl/zynq_ultra_ps_e_v3_4_1.v:3893]
WARNING: [Synth 8-7071] port 'PSS_ALTO_CORE_PAD_MGTRXP2IN' of module 'PS8' is unconnected for instance 'PS8_i' [/home/user/Documents/dma_test/prj/Vivado/hw/srcs/top/ip/top_zynq_ultra_ps_e_0/hdl/zynq_ultra_ps_e_v3_4_1.v:3893]
WARNING: [Synth 8-7071] port 'PSS_ALTO_CORE_PAD_MGTRXP3IN' of module 'PS8' is unconnected for instance 'PS8_i' [/home/user/Documents/dma_test/prj/Vivado/hw/srcs/top/ip/top_zynq_ultra_ps_e_0/hdl/zynq_ultra_ps_e_v3_4_1.v:3893]
WARNING: [Synth 8-7071] port 'PSS_ALTO_CORE_PAD_PADI' of module 'PS8' is unconnected for instance 'PS8_i' [/home/user/Documents/dma_test/prj/Vivado/hw/srcs/top/ip/top_zynq_ultra_ps_e_0/hdl/zynq_ultra_ps_e_v3_4_1.v:3893]
WARNING: [Synth 8-7071] port 'PSS_ALTO_CORE_PAD_REFN0IN' of module 'PS8' is unconnected for instance 'PS8_i' [/home/user/Documents/dma_test/prj/Vivado/hw/srcs/top/ip/top_zynq_ultra_ps_e_0/hdl/zynq_ultra_ps_e_v3_4_1.v:3893]
WARNING: [Synth 8-7071] port 'PSS_ALTO_CORE_PAD_REFN1IN' of module 'PS8' is unconnected for instance 'PS8_i' [/home/user/Documents/dma_test/prj/Vivado/hw/srcs/top/ip/top_zynq_ultra_ps_e_0/hdl/zynq_ultra_ps_e_v3_4_1.v:3893]
WARNING: [Synth 8-7071] port 'PSS_ALTO_CORE_PAD_REFN2IN' of module 'PS8' is unconnected for instance 'PS8_i' [/home/user/Documents/dma_test/prj/Vivado/hw/srcs/top/ip/top_zynq_ultra_ps_e_0/hdl/zynq_ultra_ps_e_v3_4_1.v:3893]
WARNING: [Synth 8-7071] port 'PSS_ALTO_CORE_PAD_REFN3IN' of module 'PS8' is unconnected for instance 'PS8_i' [/home/user/Documents/dma_test/prj/Vivado/hw/srcs/top/ip/top_zynq_ultra_ps_e_0/hdl/zynq_ultra_ps_e_v3_4_1.v:3893]
WARNING: [Synth 8-7071] port 'PSS_ALTO_CORE_PAD_REFP0IN' of module 'PS8' is unconnected for instance 'PS8_i' [/home/user/Documents/dma_test/prj/Vivado/hw/srcs/top/ip/top_zynq_ultra_ps_e_0/hdl/zynq_ultra_ps_e_v3_4_1.v:3893]
WARNING: [Synth 8-7071] port 'PSS_ALTO_CORE_PAD_REFP1IN' of module 'PS8' is unconnected for instance 'PS8_i' [/home/user/Documents/dma_test/prj/Vivado/hw/srcs/top/ip/top_zynq_ultra_ps_e_0/hdl/zynq_ultra_ps_e_v3_4_1.v:3893]
WARNING: [Synth 8-7071] port 'PSS_ALTO_CORE_PAD_REFP2IN' of module 'PS8' is unconnected for instance 'PS8_i' [/home/user/Documents/dma_test/prj/Vivado/hw/srcs/top/ip/top_zynq_ultra_ps_e_0/hdl/zynq_ultra_ps_e_v3_4_1.v:3893]
WARNING: [Synth 8-7071] port 'PSS_ALTO_CORE_PAD_REFP3IN' of module 'PS8' is unconnected for instance 'PS8_i' [/home/user/Documents/dma_test/prj/Vivado/hw/srcs/top/ip/top_zynq_ultra_ps_e_0/hdl/zynq_ultra_ps_e_v3_4_1.v:3893]
WARNING: [Synth 8-7023] instance 'PS8_i' of module 'PS8' has 1015 connections declared, but only 957 given [/home/user/Documents/dma_test/prj/Vivado/hw/srcs/top/ip/top_zynq_ultra_ps_e_0/hdl/zynq_ultra_ps_e_v3_4_1.v:3893]
INFO: [Synth 8-256] done synthesizing module 'top_zynq_ultra_ps_e_0' (0#1) [/home/user/Documents/dma_test/prj/Vivado/hw/srcs/top/ip/top_zynq_ultra_ps_e_0/synth/top_zynq_ultra_ps_e_0.vhd:266]
INFO: [Synth 8-256] done synthesizing module 'top' (0#1) [/home/user/Documents/dma_test/prj/Vivado/hw/srcs/top/synth/top.vhd:6947]
INFO: [Synth 8-638] synthesizing module 'wrapper_dma_test' [/home/user/Documents/dma_test/prj/Vivado/hw/srcs/wrapper_test_dma.vhd:48]
	Parameter C_S_AXI_ADDR_WIDTH bound to: 40 - type: integer 
INFO: [Synth 8-638] synthesizing module 'gen_stream' [/home/user/Documents/dma_test/prj/Vivado/hw/srcs/gen_stram.vhd:32]
	Parameter C_NB_TRANSFERS bound to: 8 - type: integer 
INFO: [Synth 8-256] done synthesizing module 'gen_stream' (0#1) [/home/user/Documents/dma_test/prj/Vivado/hw/srcs/gen_stram.vhd:32]
INFO: [Synth 8-638] synthesizing module 'axi_lite_custom' [/home/user/Documents/dma_test/prj/Vivado/hw/srcs/axi_lite_custom.vhd:85]
INFO: [Synth 8-226] default block is never used [/home/user/Documents/dma_test/prj/Vivado/hw/srcs/axi_lite_custom.vhd:226]
INFO: [Synth 8-226] default block is never used [/home/user/Documents/dma_test/prj/Vivado/hw/srcs/axi_lite_custom.vhd:356]
WARNING: [Synth 8-614] signal 's_error' is read in the process but is not in the sensitivity list [/home/user/Documents/dma_test/prj/Vivado/hw/srcs/axi_lite_custom.vhd:351]
INFO: [Synth 8-256] done synthesizing module 'axi_lite_custom' (0#1) [/home/user/Documents/dma_test/prj/Vivado/hw/srcs/axi_lite_custom.vhd:85]
INFO: [Synth 8-3491] module 'dist_mem_gen_0' declared at '/home/user/Documents/dma_test/prj/Vivado/hw/prj/KR260.runs/synth_1/.Xil/Vivado-59781-ubuntu/realtime/dist_mem_gen_0_stub.vhdl:5' bound to instance 'udata_ram' of component 'dist_mem_gen_0' [/home/user/Documents/dma_test/prj/Vivado/hw/srcs/wrapper_test_dma.vhd:119]
INFO: [Synth 8-638] synthesizing module 'dist_mem_gen_0' [/home/user/Documents/dma_test/prj/Vivado/hw/prj/KR260.runs/synth_1/.Xil/Vivado-59781-ubuntu/realtime/dist_mem_gen_0_stub.vhdl:17]
INFO: [Synth 8-256] done synthesizing module 'wrapper_dma_test' (0#1) [/home/user/Documents/dma_test/prj/Vivado/hw/srcs/wrapper_test_dma.vhd:48]
INFO: [Synth 8-256] done synthesizing module 'top_level' (0#1) [/home/user/Documents/dma_test/prj/Vivado/hw/srcs/top_level.vhd:38]
WARNING: [Synth 8-6014] Unused sequential element awaddr_reg was removed.  [/home/user/Documents/dma_test/prj/Vivado/hw/srcs/top/ipshared/70c4/hdl/axi_dma_v7_1_vh_rfs.vhd:2160]
WARNING: [Synth 8-6014] Unused sequential element wdata_reg was removed.  [/home/user/Documents/dma_test/prj/Vivado/hw/srcs/top/ipshared/70c4/hdl/axi_dma_v7_1_vh_rfs.vhd:2162]
WARNING: [Synth 8-6014] Unused sequential element GEN_SYNC_WRITE.axi2ip_wrdata_i_reg was removed.  [/home/user/Documents/dma_test/prj/Vivado/hw/srcs/top/ipshared/70c4/hdl/axi_dma_v7_1_vh_rfs.vhd:2315]
WARNING: [Synth 8-6014] Unused sequential element GEN_SYNC_WRITE.awready_i_reg was removed.  [/home/user/Documents/dma_test/prj/Vivado/hw/srcs/top/ipshared/70c4/hdl/axi_dma_v7_1_vh_rfs.vhd:2147]
WARNING: [Synth 8-6014] Unused sequential element GEN_SYNC_WRITE.rdy1_reg was removed.  [/home/user/Documents/dma_test/prj/Vivado/hw/srcs/top/ipshared/70c4/hdl/axi_dma_v7_1_vh_rfs.vhd:2276]
WARNING: [Synth 8-6014] Unused sequential element GEN_SYNC_READ.arvalid_re_d1_reg was removed.  [/home/user/Documents/dma_test/prj/Vivado/hw/srcs/top/ipshared/70c4/hdl/axi_dma_v7_1_vh_rfs.vhd:3058]
WARNING: [Synth 8-6014] Unused sequential element sg_ftch_error_reg was removed.  [/home/user/Documents/dma_test/prj/Vivado/hw/srcs/top/ipshared/70c4/hdl/axi_dma_v7_1_vh_rfs.vhd:5644]
WARNING: [Synth 8-6014] Unused sequential element sg_updt_error_reg was removed.  [/home/user/Documents/dma_test/prj/Vivado/hw/srcs/top/ipshared/70c4/hdl/axi_dma_v7_1_vh_rfs.vhd:5645]
WARNING: [Synth 8-6014] Unused sequential element GEN_S2MM_DMA_CONTROL.s2mm_desc_flush_i_reg was removed.  [/home/user/Documents/dma_test/prj/Vivado/hw/srcs/top/ipshared/70c4/hdl/axi_dma_v7_1_vh_rfs.vhd:20695]
WARNING: [Synth 8-6014] Unused sequential element sig_cmd_stat_rst_int_reg_n_reg was removed.  [/home/user/Documents/dma_test/prj/Vivado/hw/srcs/top/ipshared/2237/hdl/axi_datamover_v5_1_vh_rfs.vhd:191]
WARNING: [Synth 8-6014] Unused sequential element sig_mmap_rst_reg_n_reg was removed.  [/home/user/Documents/dma_test/prj/Vivado/hw/srcs/top/ipshared/2237/hdl/axi_datamover_v5_1_vh_rfs.vhd:194]
WARNING: [Synth 8-6014] Unused sequential element sig_stream_rst_reg_n_reg was removed.  [/home/user/Documents/dma_test/prj/Vivado/hw/srcs/top/ipshared/2237/hdl/axi_datamover_v5_1_vh_rfs.vhd:197]
WARNING: [Synth 8-6014] Unused sequential element sig_inhibit_rdy_n_reg was removed.  [/home/user/Documents/dma_test/prj/Vivado/hw/srcs/top/ipshared/2237/hdl/axi_datamover_v5_1_vh_rfs.vhd:2014]
WARNING: [Synth 8-6014] Unused sequential element sig_inhibit_rdy_n_reg was removed.  [/home/user/Documents/dma_test/prj/Vivado/hw/srcs/top/ipshared/2237/hdl/axi_datamover_v5_1_vh_rfs.vhd:2014]
WARNING: [Synth 8-6014] Unused sequential element sig_input_reg_full_reg was removed.  [/home/user/Documents/dma_test/prj/Vivado/hw/srcs/top/ipshared/2237/hdl/axi_datamover_v5_1_vh_rfs.vhd:26374]
WARNING: [Synth 8-6014] Unused sequential element sig_psm_ld_calc2_reg was removed.  [/home/user/Documents/dma_test/prj/Vivado/hw/srcs/top/ipshared/2237/hdl/axi_datamover_v5_1_vh_rfs.vhd:26578]
WARNING: [Synth 8-6014] Unused sequential element sig_child_cmd_reg_empty_reg was removed.  [/home/user/Documents/dma_test/prj/Vivado/hw/srcs/top/ipshared/2237/hdl/axi_datamover_v5_1_vh_rfs.vhd:27034]
WARNING: [Synth 8-6014] Unused sequential element sig_first_child_xfer_reg was removed.  [/home/user/Documents/dma_test/prj/Vivado/hw/srcs/top/ipshared/2237/hdl/axi_datamover_v5_1_vh_rfs.vhd:27579]
WARNING: [Synth 8-6014] Unused sequential element sig_xfer_is_seq_reg was removed.  [/home/user/Documents/dma_test/prj/Vivado/hw/srcs/top/ipshared/2237/hdl/axi_datamover_v5_1_vh_rfs.vhd:28078]
WARNING: [Synth 8-6014] Unused sequential element sig_xfer_reg_empty_reg was removed.  [/home/user/Documents/dma_test/prj/Vivado/hw/srcs/top/ipshared/2237/hdl/axi_datamover_v5_1_vh_rfs.vhd:28171]
WARNING: [Synth 8-6014] Unused sequential element sig_xfer_reg_full_reg was removed.  [/home/user/Documents/dma_test/prj/Vivado/hw/srcs/top/ipshared/2237/hdl/axi_datamover_v5_1_vh_rfs.vhd:28172]
WARNING: [Synth 8-6014] Unused sequential element gen_rd_b.gen_doutb_pipe.enb_pipe_reg[0] was removed.  [/tools/Xilinx/Vivado/2022.2/data/ip/xpm/xpm_memory/hdl/xpm_memory.sv:3017]
WARNING: [Synth 8-6014] Unused sequential element gdvld.data_valid_std_reg was removed.  [/tools/Xilinx/Vivado/2022.2/data/ip/xpm/xpm_fifo/hdl/xpm_fifo.sv:537]
WARNING: [Synth 8-6014] Unused sequential element gen_pntr_flags_cc.gae_cc_std.ram_aempty_i_reg was removed.  [/tools/Xilinx/Vivado/2022.2/data/ip/xpm/xpm_fifo/hdl/xpm_fifo.sv:969]
WARNING: [Synth 8-6014] Unused sequential element gen_fwft.empty_fwft_fb_reg was removed.  [/tools/Xilinx/Vivado/2022.2/data/ip/xpm/xpm_fifo/hdl/xpm_fifo.sv:1391]
WARNING: [Synth 8-6014] Unused sequential element hold_ff_q_reg was removed.  [/home/user/Documents/dma_test/prj/Vivado/hw/srcs/top/ipshared/2237/hdl/axi_datamover_v5_1_vh_rfs.vhd:1513]
WARNING: [Synth 8-6014] Unused sequential element sig_sm_ld_scatter_cmd_reg was removed.  [/home/user/Documents/dma_test/prj/Vivado/hw/srcs/top/ipshared/2237/hdl/axi_datamover_v5_1_vh_rfs.vhd:47510]
WARNING: [Synth 8-6014] Unused sequential element gen_rd_b.gen_doutb_pipe.enb_pipe_reg[0] was removed.  [/tools/Xilinx/Vivado/2022.2/data/ip/xpm/xpm_memory/hdl/xpm_memory.sv:3017]
WARNING: [Synth 8-6014] Unused sequential element gdvld.data_valid_std_reg was removed.  [/tools/Xilinx/Vivado/2022.2/data/ip/xpm/xpm_fifo/hdl/xpm_fifo.sv:537]
WARNING: [Synth 8-6014] Unused sequential element gen_pntr_flags_cc.gae_cc_std.ram_aempty_i_reg was removed.  [/tools/Xilinx/Vivado/2022.2/data/ip/xpm/xpm_fifo/hdl/xpm_fifo.sv:969]
WARNING: [Synth 8-6014] Unused sequential element gen_fwft.empty_fwft_fb_reg was removed.  [/tools/Xilinx/Vivado/2022.2/data/ip/xpm/xpm_fifo/hdl/xpm_fifo.sv:1391]
WARNING: [Synth 8-6014] Unused sequential element hold_ff_q_reg was removed.  [/home/user/Documents/dma_test/prj/Vivado/hw/srcs/top/ipshared/2237/hdl/axi_datamover_v5_1_vh_rfs.vhd:1513]
WARNING: [Synth 8-6014] Unused sequential element gen_rd_b.gen_doutb_pipe.enb_pipe_reg[0] was removed.  [/tools/Xilinx/Vivado/2022.2/data/ip/xpm/xpm_memory/hdl/xpm_memory.sv:3017]
WARNING: [Synth 8-6014] Unused sequential element gdvld.data_valid_std_reg was removed.  [/tools/Xilinx/Vivado/2022.2/data/ip/xpm/xpm_fifo/hdl/xpm_fifo.sv:537]
WARNING: [Synth 8-6014] Unused sequential element gen_pntr_flags_cc.gae_cc_std.ram_aempty_i_reg was removed.  [/tools/Xilinx/Vivado/2022.2/data/ip/xpm/xpm_fifo/hdl/xpm_fifo.sv:969]
WARNING: [Synth 8-6014] Unused sequential element gen_fwft.empty_fwft_fb_reg was removed.  [/tools/Xilinx/Vivado/2022.2/data/ip/xpm/xpm_fifo/hdl/xpm_fifo.sv:1391]
WARNING: [Synth 8-6014] Unused sequential element hold_ff_q_reg was removed.  [/home/user/Documents/dma_test/prj/Vivado/hw/srcs/top/ipshared/2237/hdl/axi_datamover_v5_1_vh_rfs.vhd:1513]
WARNING: [Synth 8-6014] Unused sequential element sig_next_tag_reg_reg was removed.  [/home/user/Documents/dma_test/prj/Vivado/hw/srcs/top/ipshared/2237/hdl/axi_datamover_v5_1_vh_rfs.vhd:10410]
WARNING: [Synth 8-6014] Unused sequential element sig_next_cmd_cmplt_reg_reg was removed.  [/home/user/Documents/dma_test/prj/Vivado/hw/srcs/top/ipshared/2237/hdl/axi_datamover_v5_1_vh_rfs.vhd:10417]
WARNING: [Synth 8-6014] Unused sequential element sig_next_last_strb_reg_reg was removed.  [/home/user/Documents/dma_test/prj/Vivado/hw/srcs/top/ipshared/2237/hdl/axi_datamover_v5_1_vh_rfs.vhd:16965]
WARNING: [Synth 8-6014] Unused sequential element sig_next_eof_reg_reg was removed.  [/home/user/Documents/dma_test/prj/Vivado/hw/srcs/top/ipshared/2237/hdl/axi_datamover_v5_1_vh_rfs.vhd:16970]
WARNING: [Synth 8-3848] Net m_axi_sg_awuser in module/entity axi_dma does not have driver. [/home/user/Documents/dma_test/prj/Vivado/hw/srcs/top/ipshared/70c4/hdl/axi_dma_v7_1_vh_rfs.vhd:22023]
WARNING: [Synth 8-3848] Net m_axi_sg_aruser in module/entity axi_dma does not have driver. [/home/user/Documents/dma_test/prj/Vivado/hw/srcs/top/ipshared/70c4/hdl/axi_dma_v7_1_vh_rfs.vhd:22049]
WARNING: [Synth 8-3848] Net m_axis_mm2s_tuser in module/entity axi_dma does not have driver. [/home/user/Documents/dma_test/prj/Vivado/hw/srcs/top/ipshared/70c4/hdl/axi_dma_v7_1_vh_rfs.vhd:22094]
WARNING: [Synth 8-3848] Net m_axis_mm2s_tid in module/entity axi_dma does not have driver. [/home/user/Documents/dma_test/prj/Vivado/hw/srcs/top/ipshared/70c4/hdl/axi_dma_v7_1_vh_rfs.vhd:22095]
WARNING: [Synth 8-3848] Net m_axis_mm2s_tdest in module/entity axi_dma does not have driver. [/home/user/Documents/dma_test/prj/Vivado/hw/srcs/top/ipshared/70c4/hdl/axi_dma_v7_1_vh_rfs.vhd:22096]
WARNING: [Synth 8-3848] Net strm_valid in module/entity axi_dma does not have driver. [/home/user/Documents/dma_test/prj/Vivado/hw/srcs/top/ipshared/70c4/hdl/axi_dma_v7_1_vh_rfs.vhd:22739]
WARNING: [Synth 8-3848] Net bd_eq in module/entity axi_dma does not have driver. [/home/user/Documents/dma_test/prj/Vivado/hw/srcs/top/ipshared/70c4/hdl/axi_dma_v7_1_vh_rfs.vhd:22732]
WARNING: [Synth 8-3848] Net s2mm_desc_info_in in module/entity axi_dma does not have driver. [/home/user/Documents/dma_test/prj/Vivado/hw/srcs/top/ipshared/70c4/hdl/axi_dma_v7_1_vh_rfs.vhd:22712]
WARNING: [Synth 8-3848] Net m_axis_ftch2_desc_available in module/entity axi_dma does not have driver. [/home/user/Documents/dma_test/prj/Vivado/hw/srcs/top/ipshared/70c4/hdl/axi_dma_v7_1_vh_rfs.vhd:22641]
WARNING: [Synth 8-6014] Unused sequential element state_r1_reg was removed.  [/home/user/Documents/dma_test/prj/Vivado/hw/srcs/top/ipshared/aeb3/hdl/axi_protocol_converter_v2_1_vl_rfs.v:3383]
WARNING: [Synth 8-6014] Unused sequential element s_arlen_r_reg was removed.  [/home/user/Documents/dma_test/prj/Vivado/hw/srcs/top/ipshared/aeb3/hdl/axi_protocol_converter_v2_1_vl_rfs.v:3384]
WARNING: [Synth 8-6014] Unused sequential element areset_d1_reg was removed.  [/home/user/Documents/dma_test/prj/Vivado/hw/srcs/top/ipshared/3111/hdl/axi_data_fifo_v2_1_vl_rfs.v:750]
WARNING: [Synth 8-6014] Unused sequential element S_READY_i_reg was removed.  [/home/user/Documents/dma_test/prj/Vivado/hw/srcs/top/ipshared/3111/hdl/axi_data_fifo_v2_1_vl_rfs.v:789]
WARNING: [Synth 8-6014] Unused sequential element gen_multi_thread.gen_thread_loop[0].gen_debug_r_multi_thread.debug_r_beat_cnt_i_reg was removed.  [/home/user/Documents/dma_test/prj/Vivado/hw/srcs/top/ipshared/c40e/hdl/axi_crossbar_v2_1_vl_rfs.v:4346]
WARNING: [Synth 8-6014] Unused sequential element gen_multi_thread.gen_thread_loop[1].gen_debug_r_multi_thread.debug_r_beat_cnt_i_reg was removed.  [/home/user/Documents/dma_test/prj/Vivado/hw/srcs/top/ipshared/c40e/hdl/axi_crossbar_v2_1_vl_rfs.v:4346]
WARNING: [Synth 8-6014] Unused sequential element gen_multi_thread.gen_thread_loop[2].gen_debug_r_multi_thread.debug_r_beat_cnt_i_reg was removed.  [/home/user/Documents/dma_test/prj/Vivado/hw/srcs/top/ipshared/c40e/hdl/axi_crossbar_v2_1_vl_rfs.v:4346]
WARNING: [Synth 8-6014] Unused sequential element gen_multi_thread.gen_thread_loop[3].gen_debug_r_multi_thread.debug_r_beat_cnt_i_reg was removed.  [/home/user/Documents/dma_test/prj/Vivado/hw/srcs/top/ipshared/c40e/hdl/axi_crossbar_v2_1_vl_rfs.v:4346]
WARNING: [Synth 8-6014] Unused sequential element gen_multi_thread.gen_thread_loop[4].gen_debug_r_multi_thread.debug_r_beat_cnt_i_reg was removed.  [/home/user/Documents/dma_test/prj/Vivado/hw/srcs/top/ipshared/c40e/hdl/axi_crossbar_v2_1_vl_rfs.v:4346]
WARNING: [Synth 8-6014] Unused sequential element gen_multi_thread.gen_thread_loop[5].gen_debug_r_multi_thread.debug_r_beat_cnt_i_reg was removed.  [/home/user/Documents/dma_test/prj/Vivado/hw/srcs/top/ipshared/c40e/hdl/axi_crossbar_v2_1_vl_rfs.v:4346]
WARNING: [Synth 8-6014] Unused sequential element gen_multi_thread.gen_thread_loop[6].gen_debug_r_multi_thread.debug_r_beat_cnt_i_reg was removed.  [/home/user/Documents/dma_test/prj/Vivado/hw/srcs/top/ipshared/c40e/hdl/axi_crossbar_v2_1_vl_rfs.v:4346]
WARNING: [Synth 8-6014] Unused sequential element gen_multi_thread.gen_thread_loop[7].gen_debug_r_multi_thread.debug_r_beat_cnt_i_reg was removed.  [/home/user/Documents/dma_test/prj/Vivado/hw/srcs/top/ipshared/c40e/hdl/axi_crossbar_v2_1_vl_rfs.v:4346]
WARNING: [Synth 8-6014] Unused sequential element gen_multi_thread.gen_thread_loop[0].gen_debug_r_multi_thread.debug_r_beat_cnt_i_reg was removed.  [/home/user/Documents/dma_test/prj/Vivado/hw/srcs/top/ipshared/c40e/hdl/axi_crossbar_v2_1_vl_rfs.v:4346]
WARNING: [Synth 8-6014] Unused sequential element gen_multi_thread.gen_thread_loop[1].gen_debug_r_multi_thread.debug_r_beat_cnt_i_reg was removed.  [/home/user/Documents/dma_test/prj/Vivado/hw/srcs/top/ipshared/c40e/hdl/axi_crossbar_v2_1_vl_rfs.v:4346]
WARNING: [Synth 8-6014] Unused sequential element gen_multi_thread.gen_thread_loop[2].gen_debug_r_multi_thread.debug_r_beat_cnt_i_reg was removed.  [/home/user/Documents/dma_test/prj/Vivado/hw/srcs/top/ipshared/c40e/hdl/axi_crossbar_v2_1_vl_rfs.v:4346]
WARNING: [Synth 8-6014] Unused sequential element gen_multi_thread.gen_thread_loop[3].gen_debug_r_multi_thread.debug_r_beat_cnt_i_reg was removed.  [/home/user/Documents/dma_test/prj/Vivado/hw/srcs/top/ipshared/c40e/hdl/axi_crossbar_v2_1_vl_rfs.v:4346]
WARNING: [Synth 8-6014] Unused sequential element gen_multi_thread.gen_thread_loop[4].gen_debug_r_multi_thread.debug_r_beat_cnt_i_reg was removed.  [/home/user/Documents/dma_test/prj/Vivado/hw/srcs/top/ipshared/c40e/hdl/axi_crossbar_v2_1_vl_rfs.v:4346]
WARNING: [Synth 8-6014] Unused sequential element gen_multi_thread.gen_thread_loop[5].gen_debug_r_multi_thread.debug_r_beat_cnt_i_reg was removed.  [/home/user/Documents/dma_test/prj/Vivado/hw/srcs/top/ipshared/c40e/hdl/axi_crossbar_v2_1_vl_rfs.v:4346]
WARNING: [Synth 8-6014] Unused sequential element gen_multi_thread.gen_thread_loop[6].gen_debug_r_multi_thread.debug_r_beat_cnt_i_reg was removed.  [/home/user/Documents/dma_test/prj/Vivado/hw/srcs/top/ipshared/c40e/hdl/axi_crossbar_v2_1_vl_rfs.v:4346]
WARNING: [Synth 8-6014] Unused sequential element gen_multi_thread.gen_thread_loop[7].gen_debug_r_multi_thread.debug_r_beat_cnt_i_reg was removed.  [/home/user/Documents/dma_test/prj/Vivado/hw/srcs/top/ipshared/c40e/hdl/axi_crossbar_v2_1_vl_rfs.v:4346]
WARNING: [Synth 8-6014] Unused sequential element areset_d1_reg was removed.  [/home/user/Documents/dma_test/prj/Vivado/hw/srcs/top/ipshared/3111/hdl/axi_data_fifo_v2_1_vl_rfs.v:750]
WARNING: [Synth 8-6014] Unused sequential element S_READY_i_reg was removed.  [/home/user/Documents/dma_test/prj/Vivado/hw/srcs/top/ipshared/3111/hdl/axi_data_fifo_v2_1_vl_rfs.v:789]
WARNING: [Synth 8-6014] Unused sequential element areset_d1_reg was removed.  [/home/user/Documents/dma_test/prj/Vivado/hw/srcs/top/ipshared/3111/hdl/axi_data_fifo_v2_1_vl_rfs.v:750]
WARNING: [Synth 8-6014] Unused sequential element S_READY_i_reg was removed.  [/home/user/Documents/dma_test/prj/Vivado/hw/srcs/top/ipshared/3111/hdl/axi_data_fifo_v2_1_vl_rfs.v:789]
WARNING: [Synth 8-6014] Unused sequential element gen_master_slots[0].gen_mi_write.gen_debug_w.debug_w_beat_cnt_i_reg was removed.  [/home/user/Documents/dma_test/prj/Vivado/hw/srcs/top/ipshared/c40e/hdl/axi_crossbar_v2_1_vl_rfs.v:2997]
WARNING: [Synth 8-6014] Unused sequential element gen_master_slots[1].gen_mi_write.gen_debug_w.debug_w_beat_cnt_i_reg was removed.  [/home/user/Documents/dma_test/prj/Vivado/hw/srcs/top/ipshared/c40e/hdl/axi_crossbar_v2_1_vl_rfs.v:2997]
WARNING: [Synth 8-6014] Unused sequential element gen_master_slots[2].gen_mi_write.gen_debug_w.debug_w_beat_cnt_i_reg was removed.  [/home/user/Documents/dma_test/prj/Vivado/hw/srcs/top/ipshared/c40e/hdl/axi_crossbar_v2_1_vl_rfs.v:2997]
WARNING: [Synth 8-6014] Unused sequential element gen_master_slots[3].gen_mi_write.gen_debug_w.debug_w_beat_cnt_i_reg was removed.  [/home/user/Documents/dma_test/prj/Vivado/hw/srcs/top/ipshared/c40e/hdl/axi_crossbar_v2_1_vl_rfs.v:2997]
WARNING: [Synth 8-3848] Net dp_audio_ref_clk in module/entity zynq_ultra_ps_e_v3_4_1_zynq_ultra_ps_e does not have driver. [/home/user/Documents/dma_test/prj/Vivado/hw/srcs/top/ip/top_zynq_ultra_ps_e_0/hdl/zynq_ultra_ps_e_v3_4_1.v:392]
WARNING: [Synth 8-3848] Net irq_ipi_pl_0 in module/entity zynq_ultra_ps_e_v3_4_1_zynq_ultra_ps_e does not have driver. [/home/user/Documents/dma_test/prj/Vivado/hw/srcs/top/ip/top_zynq_ultra_ps_e_0/hdl/zynq_ultra_ps_e_v3_4_1.v:1412]
WARNING: [Synth 8-3848] Net irq_ipi_pl_1 in module/entity zynq_ultra_ps_e_v3_4_1_zynq_ultra_ps_e does not have driver. [/home/user/Documents/dma_test/prj/Vivado/hw/srcs/top/ip/top_zynq_ultra_ps_e_0/hdl/zynq_ultra_ps_e_v3_4_1.v:1413]
WARNING: [Synth 8-3848] Net irq_ipi_pl_2 in module/entity zynq_ultra_ps_e_v3_4_1_zynq_ultra_ps_e does not have driver. [/home/user/Documents/dma_test/prj/Vivado/hw/srcs/top/ip/top_zynq_ultra_ps_e_0/hdl/zynq_ultra_ps_e_v3_4_1.v:1414]
WARNING: [Synth 8-3848] Net irq_ipi_pl_3 in module/entity zynq_ultra_ps_e_v3_4_1_zynq_ultra_ps_e does not have driver. [/home/user/Documents/dma_test/prj/Vivado/hw/srcs/top/ip/top_zynq_ultra_ps_e_0/hdl/zynq_ultra_ps_e_v3_4_1.v:1415]
WARNING: [Synth 8-3848] Net rd_ram_add_o in module/entity gen_stream does not have driver. [/home/user/Documents/dma_test/prj/Vivado/hw/srcs/gen_stram.vhd:20]
WARNING: [Synth 8-6014] Unused sequential element slv_reg1_reg was removed.  [/home/user/Documents/dma_test/prj/Vivado/hw/srcs/axi_lite_custom.vhd:220]
WARNING: [Synth 8-6014] Unused sequential element slv_reg2_reg was removed.  [/home/user/Documents/dma_test/prj/Vivado/hw/srcs/axi_lite_custom.vhd:221]
WARNING: [Synth 8-3848] Net s_error in module/entity axi_lite_custom does not have driver. [/home/user/Documents/dma_test/prj/Vivado/hw/srcs/axi_lite_custom.vhd:121]
WARNING: [Synth 8-3848] Net data_from_ram in module/entity wrapper_dma_test does not have driver. [/home/user/Documents/dma_test/prj/Vivado/hw/srcs/wrapper_test_dma.vhd:51]
WARNING: [Synth 8-3848] Net s_ram_add in module/entity wrapper_dma_test does not have driver. [/home/user/Documents/dma_test/prj/Vivado/hw/srcs/wrapper_test_dma.vhd:49]
WARNING: [Synth 8-7129] Port S_AXI_AWPROT[2] in module axi_lite_custom is either unconnected or has no load
WARNING: [Synth 8-7129] Port S_AXI_AWPROT[1] in module axi_lite_custom is either unconnected or has no load
WARNING: [Synth 8-7129] Port S_AXI_AWPROT[0] in module axi_lite_custom is either unconnected or has no load
WARNING: [Synth 8-7129] Port S_AXI_ARPROT[2] in module axi_lite_custom is either unconnected or has no load
WARNING: [Synth 8-7129] Port S_AXI_ARPROT[1] in module axi_lite_custom is either unconnected or has no load
WARNING: [Synth 8-7129] Port S_AXI_ARPROT[0] in module axi_lite_custom is either unconnected or has no load
WARNING: [Synth 8-7129] Port rd_ram_add_o[5] in module gen_stream is either unconnected or has no load
WARNING: [Synth 8-7129] Port rd_ram_add_o[4] in module gen_stream is either unconnected or has no load
WARNING: [Synth 8-7129] Port rd_ram_add_o[3] in module gen_stream is either unconnected or has no load
WARNING: [Synth 8-7129] Port rd_ram_add_o[2] in module gen_stream is either unconnected or has no load
WARNING: [Synth 8-7129] Port rd_ram_add_o[1] in module gen_stream is either unconnected or has no load
WARNING: [Synth 8-7129] Port rd_ram_add_o[0] in module gen_stream is either unconnected or has no load
WARNING: [Synth 8-7129] Port M_AXIS_S2MM_tready_i in module gen_stream is either unconnected or has no load
WARNING: [Synth 8-7129] Port dp_audio_ref_clk in module zynq_ultra_ps_e_v3_4_1_zynq_ultra_ps_e is either unconnected or has no load
WARNING: [Synth 8-7129] Port irq_ipi_pl_0 in module zynq_ultra_ps_e_v3_4_1_zynq_ultra_ps_e is either unconnected or has no load
WARNING: [Synth 8-7129] Port irq_ipi_pl_1 in module zynq_ultra_ps_e_v3_4_1_zynq_ultra_ps_e is either unconnected or has no load
WARNING: [Synth 8-7129] Port irq_ipi_pl_2 in module zynq_ultra_ps_e_v3_4_1_zynq_ultra_ps_e is either unconnected or has no load
WARNING: [Synth 8-7129] Port irq_ipi_pl_3 in module zynq_ultra_ps_e_v3_4_1_zynq_ultra_ps_e is either unconnected or has no load
WARNING: [Synth 8-7129] Port saxihpc0_fpd_rclk in module zynq_ultra_ps_e_v3_4_1_zynq_ultra_ps_e is either unconnected or has no load
WARNING: [Synth 8-7129] Port saxihpc0_fpd_wclk in module zynq_ultra_ps_e_v3_4_1_zynq_ultra_ps_e is either unconnected or has no load
WARNING: [Synth 8-7129] Port saxihpc1_fpd_rclk in module zynq_ultra_ps_e_v3_4_1_zynq_ultra_ps_e is either unconnected or has no load
WARNING: [Synth 8-7129] Port saxihpc1_fpd_wclk in module zynq_ultra_ps_e_v3_4_1_zynq_ultra_ps_e is either unconnected or has no load
WARNING: [Synth 8-7129] Port saxihp0_fpd_rclk in module zynq_ultra_ps_e_v3_4_1_zynq_ultra_ps_e is either unconnected or has no load
WARNING: [Synth 8-7129] Port saxihp0_fpd_wclk in module zynq_ultra_ps_e_v3_4_1_zynq_ultra_ps_e is either unconnected or has no load
WARNING: [Synth 8-7129] Port saxihp1_fpd_rclk in module zynq_ultra_ps_e_v3_4_1_zynq_ultra_ps_e is either unconnected or has no load
WARNING: [Synth 8-7129] Port saxihp1_fpd_wclk in module zynq_ultra_ps_e_v3_4_1_zynq_ultra_ps_e is either unconnected or has no load
WARNING: [Synth 8-7129] Port saxihp2_fpd_rclk in module zynq_ultra_ps_e_v3_4_1_zynq_ultra_ps_e is either unconnected or has no load
WARNING: [Synth 8-7129] Port saxihp2_fpd_wclk in module zynq_ultra_ps_e_v3_4_1_zynq_ultra_ps_e is either unconnected or has no load
WARNING: [Synth 8-7129] Port saxihp3_fpd_rclk in module zynq_ultra_ps_e_v3_4_1_zynq_ultra_ps_e is either unconnected or has no load
WARNING: [Synth 8-7129] Port saxihp3_fpd_wclk in module zynq_ultra_ps_e_v3_4_1_zynq_ultra_ps_e is either unconnected or has no load
WARNING: [Synth 8-7129] Port saxi_lpd_rclk in module zynq_ultra_ps_e_v3_4_1_zynq_ultra_ps_e is either unconnected or has no load
WARNING: [Synth 8-7129] Port saxi_lpd_wclk in module zynq_ultra_ps_e_v3_4_1_zynq_ultra_ps_e is either unconnected or has no load
WARNING: [Synth 8-7129] Port sacefpd_awuser[15] in module zynq_ultra_ps_e_v3_4_1_zynq_ultra_ps_e is either unconnected or has no load
WARNING: [Synth 8-7129] Port sacefpd_awuser[14] in module zynq_ultra_ps_e_v3_4_1_zynq_ultra_ps_e is either unconnected or has no load
WARNING: [Synth 8-7129] Port sacefpd_awuser[13] in module zynq_ultra_ps_e_v3_4_1_zynq_ultra_ps_e is either unconnected or has no load
WARNING: [Synth 8-7129] Port sacefpd_awuser[12] in module zynq_ultra_ps_e_v3_4_1_zynq_ultra_ps_e is either unconnected or has no load
WARNING: [Synth 8-7129] Port sacefpd_awuser[11] in module zynq_ultra_ps_e_v3_4_1_zynq_ultra_ps_e is either unconnected or has no load
WARNING: [Synth 8-7129] Port sacefpd_awuser[10] in module zynq_ultra_ps_e_v3_4_1_zynq_ultra_ps_e is either unconnected or has no load
WARNING: [Synth 8-7129] Port sacefpd_awuser[9] in module zynq_ultra_ps_e_v3_4_1_zynq_ultra_ps_e is either unconnected or has no load
WARNING: [Synth 8-7129] Port sacefpd_awuser[8] in module zynq_ultra_ps_e_v3_4_1_zynq_ultra_ps_e is either unconnected or has no load
WARNING: [Synth 8-7129] Port sacefpd_awuser[7] in module zynq_ultra_ps_e_v3_4_1_zynq_ultra_ps_e is either unconnected or has no load
WARNING: [Synth 8-7129] Port sacefpd_awuser[6] in module zynq_ultra_ps_e_v3_4_1_zynq_ultra_ps_e is either unconnected or has no load
WARNING: [Synth 8-7129] Port sacefpd_aruser[15] in module zynq_ultra_ps_e_v3_4_1_zynq_ultra_ps_e is either unconnected or has no load
WARNING: [Synth 8-7129] Port sacefpd_aruser[14] in module zynq_ultra_ps_e_v3_4_1_zynq_ultra_ps_e is either unconnected or has no load
WARNING: [Synth 8-7129] Port sacefpd_aruser[13] in module zynq_ultra_ps_e_v3_4_1_zynq_ultra_ps_e is either unconnected or has no load
WARNING: [Synth 8-7129] Port sacefpd_aruser[12] in module zynq_ultra_ps_e_v3_4_1_zynq_ultra_ps_e is either unconnected or has no load
WARNING: [Synth 8-7129] Port sacefpd_aruser[11] in module zynq_ultra_ps_e_v3_4_1_zynq_ultra_ps_e is either unconnected or has no load
WARNING: [Synth 8-7129] Port sacefpd_aruser[10] in module zynq_ultra_ps_e_v3_4_1_zynq_ultra_ps_e is either unconnected or has no load
WARNING: [Synth 8-7129] Port sacefpd_aruser[9] in module zynq_ultra_ps_e_v3_4_1_zynq_ultra_ps_e is either unconnected or has no load
WARNING: [Synth 8-7129] Port sacefpd_aruser[8] in module zynq_ultra_ps_e_v3_4_1_zynq_ultra_ps_e is either unconnected or has no load
WARNING: [Synth 8-7129] Port sacefpd_aruser[7] in module zynq_ultra_ps_e_v3_4_1_zynq_ultra_ps_e is either unconnected or has no load
WARNING: [Synth 8-7129] Port sacefpd_aruser[6] in module zynq_ultra_ps_e_v3_4_1_zynq_ultra_ps_e is either unconnected or has no load
WARNING: [Synth 8-7129] Port test_adc_clk[3] in module zynq_ultra_ps_e_v3_4_1_zynq_ultra_ps_e is either unconnected or has no load
WARNING: [Synth 8-7129] Port test_adc_clk[2] in module zynq_ultra_ps_e_v3_4_1_zynq_ultra_ps_e is either unconnected or has no load
WARNING: [Synth 8-7129] Port test_adc_clk[1] in module zynq_ultra_ps_e_v3_4_1_zynq_ultra_ps_e is either unconnected or has no load
WARNING: [Synth 8-7129] Port test_adc_clk[0] in module zynq_ultra_ps_e_v3_4_1_zynq_ultra_ps_e is either unconnected or has no load
WARNING: [Synth 8-7129] Port test_adc_in[31] in module zynq_ultra_ps_e_v3_4_1_zynq_ultra_ps_e is either unconnected or has no load
WARNING: [Synth 8-7129] Port test_adc_in[30] in module zynq_ultra_ps_e_v3_4_1_zynq_ultra_ps_e is either unconnected or has no load
WARNING: [Synth 8-7129] Port test_adc_in[29] in module zynq_ultra_ps_e_v3_4_1_zynq_ultra_ps_e is either unconnected or has no load
WARNING: [Synth 8-7129] Port test_adc_in[28] in module zynq_ultra_ps_e_v3_4_1_zynq_ultra_ps_e is either unconnected or has no load
WARNING: [Synth 8-7129] Port test_adc_in[27] in module zynq_ultra_ps_e_v3_4_1_zynq_ultra_ps_e is either unconnected or has no load
WARNING: [Synth 8-7129] Port test_adc_in[26] in module zynq_ultra_ps_e_v3_4_1_zynq_ultra_ps_e is either unconnected or has no load
WARNING: [Synth 8-7129] Port test_adc_in[25] in module zynq_ultra_ps_e_v3_4_1_zynq_ultra_ps_e is either unconnected or has no load
WARNING: [Synth 8-7129] Port test_adc_in[24] in module zynq_ultra_ps_e_v3_4_1_zynq_ultra_ps_e is either unconnected or has no load
WARNING: [Synth 8-7129] Port test_adc_in[23] in module zynq_ultra_ps_e_v3_4_1_zynq_ultra_ps_e is either unconnected or has no load
WARNING: [Synth 8-7129] Port test_adc_in[22] in module zynq_ultra_ps_e_v3_4_1_zynq_ultra_ps_e is either unconnected or has no load
WARNING: [Synth 8-7129] Port test_adc_in[21] in module zynq_ultra_ps_e_v3_4_1_zynq_ultra_ps_e is either unconnected or has no load
WARNING: [Synth 8-7129] Port test_adc_in[20] in module zynq_ultra_ps_e_v3_4_1_zynq_ultra_ps_e is either unconnected or has no load
WARNING: [Synth 8-7129] Port test_adc_in[19] in module zynq_ultra_ps_e_v3_4_1_zynq_ultra_ps_e is either unconnected or has no load
WARNING: [Synth 8-7129] Port test_adc_in[18] in module zynq_ultra_ps_e_v3_4_1_zynq_ultra_ps_e is either unconnected or has no load
WARNING: [Synth 8-7129] Port test_adc_in[17] in module zynq_ultra_ps_e_v3_4_1_zynq_ultra_ps_e is either unconnected or has no load
WARNING: [Synth 8-7129] Port test_adc_in[16] in module zynq_ultra_ps_e_v3_4_1_zynq_ultra_ps_e is either unconnected or has no load
WARNING: [Synth 8-7129] Port test_adc_in[15] in module zynq_ultra_ps_e_v3_4_1_zynq_ultra_ps_e is either unconnected or has no load
WARNING: [Synth 8-7129] Port test_adc_in[14] in module zynq_ultra_ps_e_v3_4_1_zynq_ultra_ps_e is either unconnected or has no load
WARNING: [Synth 8-7129] Port test_adc_in[13] in module zynq_ultra_ps_e_v3_4_1_zynq_ultra_ps_e is either unconnected or has no load
WARNING: [Synth 8-7129] Port test_adc_in[12] in module zynq_ultra_ps_e_v3_4_1_zynq_ultra_ps_e is either unconnected or has no load
WARNING: [Synth 8-7129] Port test_adc_in[11] in module zynq_ultra_ps_e_v3_4_1_zynq_ultra_ps_e is either unconnected or has no load
WARNING: [Synth 8-7129] Port test_adc_in[10] in module zynq_ultra_ps_e_v3_4_1_zynq_ultra_ps_e is either unconnected or has no load
WARNING: [Synth 8-7129] Port test_adc_in[9] in module zynq_ultra_ps_e_v3_4_1_zynq_ultra_ps_e is either unconnected or has no load
WARNING: [Synth 8-7129] Port test_adc_in[8] in module zynq_ultra_ps_e_v3_4_1_zynq_ultra_ps_e is either unconnected or has no load
WARNING: [Synth 8-7129] Port test_adc_in[7] in module zynq_ultra_ps_e_v3_4_1_zynq_ultra_ps_e is either unconnected or has no load
WARNING: [Synth 8-7129] Port test_adc_in[6] in module zynq_ultra_ps_e_v3_4_1_zynq_ultra_ps_e is either unconnected or has no load
WARNING: [Synth 8-7129] Port test_adc_in[5] in module zynq_ultra_ps_e_v3_4_1_zynq_ultra_ps_e is either unconnected or has no load
WARNING: [Synth 8-7129] Port test_adc_in[4] in module zynq_ultra_ps_e_v3_4_1_zynq_ultra_ps_e is either unconnected or has no load
WARNING: [Synth 8-7129] Port test_adc_in[3] in module zynq_ultra_ps_e_v3_4_1_zynq_ultra_ps_e is either unconnected or has no load
WARNING: [Synth 8-7129] Port test_adc_in[2] in module zynq_ultra_ps_e_v3_4_1_zynq_ultra_ps_e is either unconnected or has no load
WARNING: [Synth 8-7129] Port test_adc_in[1] in module zynq_ultra_ps_e_v3_4_1_zynq_ultra_ps_e is either unconnected or has no load
WARNING: [Synth 8-7129] Port test_adc_in[0] in module zynq_ultra_ps_e_v3_4_1_zynq_ultra_ps_e is either unconnected or has no load
WARNING: [Synth 8-7129] Port test_adc2_in[31] in module zynq_ultra_ps_e_v3_4_1_zynq_ultra_ps_e is either unconnected or has no load
WARNING: [Synth 8-7129] Port test_adc2_in[30] in module zynq_ultra_ps_e_v3_4_1_zynq_ultra_ps_e is either unconnected or has no load
WARNING: [Synth 8-7129] Port test_adc2_in[29] in module zynq_ultra_ps_e_v3_4_1_zynq_ultra_ps_e is either unconnected or has no load
WARNING: [Synth 8-7129] Port test_adc2_in[28] in module zynq_ultra_ps_e_v3_4_1_zynq_ultra_ps_e is either unconnected or has no load
WARNING: [Synth 8-7129] Port test_adc2_in[27] in module zynq_ultra_ps_e_v3_4_1_zynq_ultra_ps_e is either unconnected or has no load
WARNING: [Synth 8-7129] Port test_adc2_in[26] in module zynq_ultra_ps_e_v3_4_1_zynq_ultra_ps_e is either unconnected or has no load
WARNING: [Synth 8-7129] Port test_adc2_in[25] in module zynq_ultra_ps_e_v3_4_1_zynq_ultra_ps_e is either unconnected or has no load
WARNING: [Synth 8-7129] Port test_adc2_in[24] in module zynq_ultra_ps_e_v3_4_1_zynq_ultra_ps_e is either unconnected or has no load
WARNING: [Synth 8-7129] Port test_adc2_in[23] in module zynq_ultra_ps_e_v3_4_1_zynq_ultra_ps_e is either unconnected or has no load
WARNING: [Synth 8-7129] Port test_adc2_in[22] in module zynq_ultra_ps_e_v3_4_1_zynq_ultra_ps_e is either unconnected or has no load
WARNING: [Synth 8-7129] Port test_adc2_in[21] in module zynq_ultra_ps_e_v3_4_1_zynq_ultra_ps_e is either unconnected or has no load
WARNING: [Synth 8-7129] Port test_adc2_in[20] in module zynq_ultra_ps_e_v3_4_1_zynq_ultra_ps_e is either unconnected or has no load
INFO: [Common 17-14] Message 'Synth 8-7129' appears 100 times and further instances of the messages will be disabled. Use the Tcl command set_msg_config to change the current settings.
---------------------------------------------------------------------------------
Finished RTL Elaboration : Time (s): cpu = 00:00:28 ; elapsed = 00:00:31 . Memory (MB): peak = 3338.133 ; gain = 1112.855 ; free physical = 3617 ; free virtual = 8511
Synthesis current peak Physical Memory [PSS] (MB): peak = 2659.952; parent = 2421.895; children = 238.205
Synthesis current peak Virtual Memory [VSS] (MB): peak = 4345.398; parent = 3338.137; children = 1007.262
---------------------------------------------------------------------------------
---------------------------------------------------------------------------------
Start Handling Custom Attributes
---------------------------------------------------------------------------------
---------------------------------------------------------------------------------
Finished Handling Custom Attributes : Time (s): cpu = 00:00:29 ; elapsed = 00:00:32 . Memory (MB): peak = 3338.133 ; gain = 1112.855 ; free physical = 3616 ; free virtual = 8511
Synthesis current peak Physical Memory [PSS] (MB): peak = 2659.952; parent = 2421.895; children = 238.205
Synthesis current peak Virtual Memory [VSS] (MB): peak = 4345.398; parent = 3338.137; children = 1007.262
---------------------------------------------------------------------------------
---------------------------------------------------------------------------------
Finished RTL Optimization Phase 1 : Time (s): cpu = 00:00:29 ; elapsed = 00:00:32 . Memory (MB): peak = 3338.133 ; gain = 1112.855 ; free physical = 3616 ; free virtual = 8511
Synthesis current peak Physical Memory [PSS] (MB): peak = 2659.952; parent = 2421.895; children = 238.205
Synthesis current peak Virtual Memory [VSS] (MB): peak = 4345.398; parent = 3338.137; children = 1007.262
---------------------------------------------------------------------------------
Netlist sorting complete. Time (s): cpu = 00:00:03 ; elapsed = 00:00:03 . Memory (MB): peak = 3453.969 ; gain = 1.000 ; free physical = 3165 ; free virtual = 8060
INFO: [Netlist 29-17] Analyzing 775 Unisim elements for replacement
INFO: [Netlist 29-28] Unisim Transformation completed in 3 CPU seconds
INFO: [Project 1-570] Preparing netlist for logic optimization

Processing XDC Constraints
Initializing timing engine
Parsing XDC File [/home/user/Documents/dma_test/prj/Vivado/hw/prj/KR260.gen/sources_1/ip/dist_mem_gen_0/dist_mem_gen_0/dist_mem_gen_0_in_context.xdc] for cell 'u_wrapper_dma_test/udata_ram'
Finished Parsing XDC File [/home/user/Documents/dma_test/prj/Vivado/hw/prj/KR260.gen/sources_1/ip/dist_mem_gen_0/dist_mem_gen_0/dist_mem_gen_0_in_context.xdc] for cell 'u_wrapper_dma_test/udata_ram'
Parsing XDC File [/home/user/Documents/dma_test/prj/Vivado/hw/srcs/top/ip/top_dpu_clk_wiz_0/top_dpu_clk_wiz_0_board.xdc] for cell 'top_i/hier_dpu/hier_dpu_clk/dpu_clk_wiz/inst'
Finished Parsing XDC File [/home/user/Documents/dma_test/prj/Vivado/hw/srcs/top/ip/top_dpu_clk_wiz_0/top_dpu_clk_wiz_0_board.xdc] for cell 'top_i/hier_dpu/hier_dpu_clk/dpu_clk_wiz/inst'
Parsing XDC File [/home/user/Documents/dma_test/prj/Vivado/hw/srcs/top/ip/top_dpu_clk_wiz_0/top_dpu_clk_wiz_0.xdc] for cell 'top_i/hier_dpu/hier_dpu_clk/dpu_clk_wiz/inst'
Finished Parsing XDC File [/home/user/Documents/dma_test/prj/Vivado/hw/srcs/top/ip/top_dpu_clk_wiz_0/top_dpu_clk_wiz_0.xdc] for cell 'top_i/hier_dpu/hier_dpu_clk/dpu_clk_wiz/inst'
INFO: [Project 1-236] Implementation specific constraints were found while reading constraint file [/home/user/Documents/dma_test/prj/Vivado/hw/srcs/top/ip/top_dpu_clk_wiz_0/top_dpu_clk_wiz_0.xdc]. These constraints will be ignored for synthesis but will be used in implementation. Impacted constraints are listed in the file [.Xil/top_level_propImpl.xdc].
Resolution: To avoid this warning, move constraints listed in [.Xil/top_level_propImpl.xdc] to another XDC file and exclude this new file from synthesis with the used_in_synthesis property (File Properties dialog in GUI) and re-run elaboration/synthesis.
Parsing XDC File [/home/user/Documents/dma_test/prj/Vivado/hw/srcs/top/ip/top_rst_gen_clk_0/top_rst_gen_clk_0_board.xdc] for cell 'top_i/hier_dpu/hier_dpu_clk/rst_gen_clk/U0'
Finished Parsing XDC File [/home/user/Documents/dma_test/prj/Vivado/hw/srcs/top/ip/top_rst_gen_clk_0/top_rst_gen_clk_0_board.xdc] for cell 'top_i/hier_dpu/hier_dpu_clk/rst_gen_clk/U0'
Parsing XDC File [/home/user/Documents/dma_test/prj/Vivado/hw/srcs/top/ip/top_rst_gen_clk_0/top_rst_gen_clk_0.xdc] for cell 'top_i/hier_dpu/hier_dpu_clk/rst_gen_clk/U0'
Finished Parsing XDC File [/home/user/Documents/dma_test/prj/Vivado/hw/srcs/top/ip/top_rst_gen_clk_0/top_rst_gen_clk_0.xdc] for cell 'top_i/hier_dpu/hier_dpu_clk/rst_gen_clk/U0'
Parsing XDC File [/home/user/Documents/dma_test/prj/Vivado/hw/srcs/top/ip/top_rst_gen_clk_dsp_0/top_rst_gen_clk_dsp_0_board.xdc] for cell 'top_i/hier_dpu/hier_dpu_clk/rst_gen_clk_dsp/U0'
Finished Parsing XDC File [/home/user/Documents/dma_test/prj/Vivado/hw/srcs/top/ip/top_rst_gen_clk_dsp_0/top_rst_gen_clk_dsp_0_board.xdc] for cell 'top_i/hier_dpu/hier_dpu_clk/rst_gen_clk_dsp/U0'
Parsing XDC File [/home/user/Documents/dma_test/prj/Vivado/hw/srcs/top/ip/top_rst_gen_clk_dsp_0/top_rst_gen_clk_dsp_0.xdc] for cell 'top_i/hier_dpu/hier_dpu_clk/rst_gen_clk_dsp/U0'
Finished Parsing XDC File [/home/user/Documents/dma_test/prj/Vivado/hw/srcs/top/ip/top_rst_gen_clk_dsp_0/top_rst_gen_clk_dsp_0.xdc] for cell 'top_i/hier_dpu/hier_dpu_clk/rst_gen_clk_dsp/U0'
Parsing XDC File [/home/user/Documents/dma_test/prj/Vivado/hw/srcs/top/ip/top_rst_gen_ghp_0/top_rst_gen_ghp_0_board.xdc] for cell 'top_i/rst_gen_ghp/U0'
Finished Parsing XDC File [/home/user/Documents/dma_test/prj/Vivado/hw/srcs/top/ip/top_rst_gen_ghp_0/top_rst_gen_ghp_0_board.xdc] for cell 'top_i/rst_gen_ghp/U0'
Parsing XDC File [/home/user/Documents/dma_test/prj/Vivado/hw/srcs/top/ip/top_rst_gen_ghp_0/top_rst_gen_ghp_0.xdc] for cell 'top_i/rst_gen_ghp/U0'
Finished Parsing XDC File [/home/user/Documents/dma_test/prj/Vivado/hw/srcs/top/ip/top_rst_gen_ghp_0/top_rst_gen_ghp_0.xdc] for cell 'top_i/rst_gen_ghp/U0'
Parsing XDC File [/home/user/Documents/dma_test/prj/Vivado/hw/srcs/top/ip/top_rst_gen_reg_0/top_rst_gen_reg_0_board.xdc] for cell 'top_i/rst_gen_reg/U0'
Finished Parsing XDC File [/home/user/Documents/dma_test/prj/Vivado/hw/srcs/top/ip/top_rst_gen_reg_0/top_rst_gen_reg_0_board.xdc] for cell 'top_i/rst_gen_reg/U0'
Parsing XDC File [/home/user/Documents/dma_test/prj/Vivado/hw/srcs/top/ip/top_rst_gen_reg_0/top_rst_gen_reg_0.xdc] for cell 'top_i/rst_gen_reg/U0'
Finished Parsing XDC File [/home/user/Documents/dma_test/prj/Vivado/hw/srcs/top/ip/top_rst_gen_reg_0/top_rst_gen_reg_0.xdc] for cell 'top_i/rst_gen_reg/U0'
Parsing XDC File [/home/user/Documents/dma_test/prj/Vivado/hw/srcs/top/ip/top_zynq_ultra_ps_e_0/top_zynq_ultra_ps_e_0.xdc] for cell 'top_i/zynq_ultra_ps_e/U0'
Finished Parsing XDC File [/home/user/Documents/dma_test/prj/Vivado/hw/srcs/top/ip/top_zynq_ultra_ps_e_0/top_zynq_ultra_ps_e_0.xdc] for cell 'top_i/zynq_ultra_ps_e/U0'
Parsing XDC File [/home/user/Documents/dma_test/prj/Vivado/hw/srcs/top/ip/top_axi_dma_0_0/top_axi_dma_0_0.xdc] for cell 'top_i/axi_dma_0/U0'
Finished Parsing XDC File [/home/user/Documents/dma_test/prj/Vivado/hw/srcs/top/ip/top_axi_dma_0_0/top_axi_dma_0_0.xdc] for cell 'top_i/axi_dma_0/U0'
INFO: [Project 1-236] Implementation specific constraints were found while reading constraint file [/home/user/Documents/dma_test/prj/Vivado/hw/srcs/top/ip/top_axi_dma_0_0/top_axi_dma_0_0.xdc]. These constraints will be ignored for synthesis but will be used in implementation. Impacted constraints are listed in the file [.Xil/top_level_propImpl.xdc].
Resolution: To avoid this warning, move constraints listed in [.Xil/top_level_propImpl.xdc] to another XDC file and exclude this new file from synthesis with the used_in_synthesis property (File Properties dialog in GUI) and re-run elaboration/synthesis.
INFO: [Timing 38-2] Deriving generated clocks
Parsing XDC File [/home/user/Documents/dma_test/prj/Vivado/hw/constrs/pin.xdc]
Finished Parsing XDC File [/home/user/Documents/dma_test/prj/Vivado/hw/constrs/pin.xdc]
Parsing XDC File [/home/user/Documents/dma_test/prj/Vivado/hw/constrs/misc.xdc]
Finished Parsing XDC File [/home/user/Documents/dma_test/prj/Vivado/hw/constrs/misc.xdc]
Parsing XDC File [/home/user/Documents/dma_test/prj/Vivado/hw/constrs/timing.xdc]
Finished Parsing XDC File [/home/user/Documents/dma_test/prj/Vivado/hw/constrs/timing.xdc]
Parsing XDC File [/home/user/Documents/dma_test/prj/Vivado/hw/constrs/debug.xdc]
Finished Parsing XDC File [/home/user/Documents/dma_test/prj/Vivado/hw/constrs/debug.xdc]
Parsing XDC File [/home/user/Documents/dma_test/prj/Vivado/hw/prj/KR260.runs/synth_1/dont_touch.xdc]
Finished Parsing XDC File [/home/user/Documents/dma_test/prj/Vivado/hw/prj/KR260.runs/synth_1/dont_touch.xdc]
INFO: [Project 1-236] Implementation specific constraints were found while reading constraint file [/home/user/Documents/dma_test/prj/Vivado/hw/prj/KR260.runs/synth_1/dont_touch.xdc]. These constraints will be ignored for synthesis but will be used in implementation. Impacted constraints are listed in the file [.Xil/top_level_propImpl.xdc].
Resolution: To avoid this warning, move constraints listed in [.Xil/top_level_propImpl.xdc] to another XDC file and exclude this new file from synthesis with the used_in_synthesis property (File Properties dialog in GUI) and re-run elaboration/synthesis.
Parsing XDC File [/home/user/Documents/dma_test/prj/Vivado/hw/srcs/top/ip/top_DPUCZDX8G_0/top_DPUCZDX8G_0.xdc] for cell 'top_i/hier_dpu/DPUCZDX8G/inst'
Finished Parsing XDC File [/home/user/Documents/dma_test/prj/Vivado/hw/srcs/top/ip/top_DPUCZDX8G_0/top_DPUCZDX8G_0.xdc] for cell 'top_i/hier_dpu/DPUCZDX8G/inst'
INFO: [Project 1-236] Implementation specific constraints were found while reading constraint file [/home/user/Documents/dma_test/prj/Vivado/hw/srcs/top/ip/top_DPUCZDX8G_0/top_DPUCZDX8G_0.xdc]. These constraints will be ignored for synthesis but will be used in implementation. Impacted constraints are listed in the file [.Xil/top_level_propImpl.xdc].
Resolution: To avoid this warning, move constraints listed in [.Xil/top_level_propImpl.xdc] to another XDC file and exclude this new file from synthesis with the used_in_synthesis property (File Properties dialog in GUI) and re-run elaboration/synthesis.
Parsing XDC File [/home/user/Documents/dma_test/prj/Vivado/hw/srcs/top/ip/top_axi_dma_0_0/top_axi_dma_0_0_clocks.xdc] for cell 'top_i/axi_dma_0/U0'
Finished Parsing XDC File [/home/user/Documents/dma_test/prj/Vivado/hw/srcs/top/ip/top_axi_dma_0_0/top_axi_dma_0_0_clocks.xdc] for cell 'top_i/axi_dma_0/U0'
INFO: [Project 1-236] Implementation specific constraints were found while reading constraint file [/tools/Xilinx/Vivado/2022.2/data/ip/xpm/xpm_cdc/tcl/xpm_cdc_gray.tcl]. These constraints will be ignored for synthesis but will be used in implementation. Impacted constraints are listed in the file [.Xil/top_level_propImpl.xdc].
Resolution: To avoid this warning, move constraints listed in [.Xil/top_level_propImpl.xdc] to another XDC file and exclude this new file from synthesis with the used_in_synthesis property (File Properties dialog in GUI) and re-run elaboration/synthesis.
INFO: [Project 1-236] Implementation specific constraints were found while reading constraint file [/tools/Xilinx/Vivado/2022.2/data/ip/xpm/xpm_cdc/tcl/xpm_cdc_single.tcl]. These constraints will be ignored for synthesis but will be used in implementation. Impacted constraints are listed in the file [.Xil/top_level_propImpl.xdc].
Resolution: To avoid this warning, move constraints listed in [.Xil/top_level_propImpl.xdc] to another XDC file and exclude this new file from synthesis with the used_in_synthesis property (File Properties dialog in GUI) and re-run elaboration/synthesis.
INFO: [Project 1-236] Implementation specific constraints were found while reading constraint file [/tools/Xilinx/Vivado/2022.2/data/ip/xpm/xpm_fifo/tcl/xpm_fifo_rst.tcl]. These constraints will be ignored for synthesis but will be used in implementation. Impacted constraints are listed in the file [.Xil/top_level_propImpl.xdc].
Resolution: To avoid this warning, move constraints listed in [.Xil/top_level_propImpl.xdc] to another XDC file and exclude this new file from synthesis with the used_in_synthesis property (File Properties dialog in GUI) and re-run elaboration/synthesis.
INFO: [Project 1-1714] 102 XPM XDC files have been applied to the design.
Completed Processing XDC Constraints

Netlist sorting complete. Time (s): cpu = 00:00:00.03 ; elapsed = 00:00:00.03 . Memory (MB): peak = 4764.086 ; gain = 0.000 ; free physical = 2002 ; free virtual = 6897
INFO: [Project 1-111] Unisim Transformation Summary:
  A total of 774 instances were transformed.
  DSP48E2 => DSP48E2 (DSP_ALU, DSP_A_B_DATA, DSP_C_DATA, DSP_MULTIPLIER, DSP_M_DATA, DSP_OUTPUT, DSP_PREADD, DSP_PREADD_DATA): 709 instances
  FDR => FDRE: 60 instances
  IBUF => IBUF (IBUFCTRL, INBUF): 1 instance 
  SRL16 => SRL16E: 4 instances

Constraint Validation Runtime : Time (s): cpu = 00:00:00.91 ; elapsed = 00:00:00.91 . Memory (MB): peak = 4764.086 ; gain = 0.000 ; free physical = 2001 ; free virtual = 6895
WARNING: [Timing 38-316] Clock period '20.000' specified during out-of-context synthesis of instance 'u_wrapper_dma_test/udata_ram' at clock pin 'clk' is different from the actual clock period '10.000', this can lead to different synthesis results.
INFO: [Synth 8-11241] undeclared symbol 'REGCCE', assumed default net type 'wire' [/tools/Xilinx/Vivado/2022.2/data/verilog/src/unimacro/BRAM_SINGLE_MACRO.v:2170]
---------------------------------------------------------------------------------
Finished Constraint Validation : Time (s): cpu = 00:01:37 ; elapsed = 00:01:25 . Memory (MB): peak = 4764.086 ; gain = 2538.809 ; free physical = 3715 ; free virtual = 8610
Synthesis current peak Physical Memory [PSS] (MB): peak = 4153.911; parent = 3916.271; children = 238.205
Synthesis current peak Virtual Memory [VSS] (MB): peak = 5771.352; parent = 4764.090; children = 1007.262
---------------------------------------------------------------------------------
got a mismatch buf_top
got a mismatch bkrd_arbiter
got a mismatch pg_routing__parameterized0
got a mismatch axi_rs__parameterized1
got a mismatch alu_top
Is not a child genome
got a mismatch axi_rs__parameterized10
got a mismatch alu_writer
got a mismatch alu_parser
got a mismatch alu_ele_parser
got a mismatch alu_mac_parser
got a mismatch alu_ele_reader
got a mismatch alu_img_looper
got a mismatch fifo_sync__parameterized1
got a mismatch axis_sync_fifo__parameterized18
got a mismatch xpm_memory_base_sdp__parameterized20
got a mismatch alu_img_reader
got a mismatch alu_img_looper
got a mismatch fifo_sync__parameterized1
got a mismatch axis_sync_fifo__parameterized18
got a mismatch xpm_memory_base_sdp__parameterized20
got a mismatch alu_img_mask
got a mismatch alu_PE
got a mismatch alu_pe_mult
got a mismatch delay_srl__parameterized38
got a mismatch serdes__parameterized0
---------------------------------------------------------------------------------
Finished Doing Graph Differ : Time (s): cpu = 00:01:48 ; elapsed = 00:01:41 . Memory (MB): peak = 4768.004 ; gain = 2542.727 ; free physical = 1157 ; free virtual = 6074
Synthesis current peak Physical Memory [PSS] (MB): peak = 5096.783; parent = 3916.271; children = 2557.798
Synthesis current peak Virtual Memory [VSS] (MB): peak = 11710.406; parent = 4768.008; children = 6946.316
---------------------------------------------------------------------------------
---------------------------------------------------------------------------------
Finished Preparing Guide Design : Time (s): cpu = 00:01:48 ; elapsed = 00:01:42 . Memory (MB): peak = 4768.004 ; gain = 2542.727 ; free physical = 1120 ; free virtual = 6037
Synthesis current peak Physical Memory [PSS] (MB): peak = 5096.783; parent = 3916.271; children = 2570.899
Synthesis current peak Virtual Memory [VSS] (MB): peak = 11716.406; parent = 4768.008; children = 6952.316
---------------------------------------------------------------------------------
INFO: [Synth 8-802] inferred FSM for state register 'smpl_cs_reg' in module 'axi_dma_smple_sm'
INFO: [Synth 8-802] inferred FSM for state register 'sig_psm_state_reg' in module 'axi_datamover_ibttcc'
INFO: [Synth 8-802] inferred FSM for state register 'sig_csm_state_reg' in module 'axi_datamover_ibttcc'
INFO: [Synth 8-802] inferred FSM for state register 'gen_fwft.curr_fwft_state_reg' in module 'xpm_fifo_base'
INFO: [Synth 8-802] inferred FSM for state register 'sig_cmdcntl_sm_state_reg' in module 'axi_datamover_s2mm_realign'
INFO: [Synth 8-802] inferred FSM for state register 'gen_fwft.curr_fwft_state_reg' in module 'xpm_fifo_base__parameterized0'
INFO: [Synth 8-802] inferred FSM for state register 'gen_fwft.curr_fwft_state_reg' in module 'xpm_fifo_base__parameterized1'
INFO: [Synth 8-802] inferred FSM for state register 'state_reg' in module 'axi_protocol_converter_v2_1_27_b2s_wr_cmd_fsm'
INFO: [Synth 8-802] inferred FSM for state register 'state_reg' in module 'axi_protocol_converter_v2_1_27_b2s_rd_cmd_fsm'
INFO: [Synth 8-802] inferred FSM for state register 'state_reg' in module 'axi_data_fifo_v2_1_26_axic_reg_srl_fifo'
INFO: [Synth 8-802] inferred FSM for state register 'gen_axi.write_cs_reg' in module 'axi_crossbar_v2_1_28_decerr_slave'
INFO: [Synth 8-802] inferred FSM for state register 'cs_reg' in module 'fetch'
INFO: [Synth 8-802] inferred FSM for state register 'cs_reg' in module 'distribute'
INFO: [Synth 8-802] inferred FSM for state register 'cs_reg' in module 'cctrl'
INFO: [Synth 8-802] inferred FSM for state register 'cs_reg' in module 'pctrl'
INFO: [Synth 8-802] inferred FSM for state register 'gen_state_machine[0].cs_reg' in module 'ddr_reader'
INFO: [Synth 8-802] inferred FSM for state register 'gen_state_machine[1].cs_reg' in module 'ddr_reader'
INFO: [Synth 8-802] inferred FSM for state register 'gen_dm_port_st_machines[0].curr_st_reg' in module 'cfg_buf_writer_bridge'
INFO: [Synth 8-802] inferred FSM for state register 'gen_dm_port_st_machines[1].curr_st_reg' in module 'cfg_buf_writer_bridge'
INFO: [Synth 8-802] inferred FSM for state register 'state_machines[0].cs_reg' in module 'cm_buf_wctrl_augm'
INFO: [Synth 8-802] inferred FSM for state register 'cs_reg' in module 'save_fetch_param'
INFO: [Synth 8-802] inferred FSM for state register 'cs_reg' in module 'save_cmd_pipe_fifo'
INFO: [Synth 8-802] inferred FSM for state register 'cs_r_reg' in module 'conv_ins_ctrl'
INFO: [Synth 8-802] inferred FSM for state register 'ins_sts_reg' in module 'alu_ele_parser'
INFO: [Synth 8-802] inferred FSM for state register 'sts_reg' in module 'alu_ele_parser'
INFO: [Synth 8-802] inferred FSM for state register 'cs_r_reg' in module 'alu_mac_parser'
INFO: [Synth 8-802] inferred FSM for state register 'state_reg' in module 'axi2apb_1toN'
INFO: [Synth 8-802] inferred FSM for state register 'gpregsm1.curr_fwft_state_reg' in module 'rd_fwft'
INFO: [Synth 8-802] inferred FSM for state register 'state_reg' in module 'gen_stream'
---------------------------------------------------------------------------------------------------
                   State |                     New Encoding |                Previous Encoding 
---------------------------------------------------------------------------------------------------
                    idle |                               00 |                               00
            execute_xfer |                               01 |                               01
             wait_status |                               10 |                               10
---------------------------------------------------------------------------------------------------
INFO: [Synth 8-3354] encoded FSM with state register 'smpl_cs_reg' using encoding 'sequential' in module 'axi_dma_smple_sm'
---------------------------------------------------------------------------------------------------
                   State |                     New Encoding |                Previous Encoding 
---------------------------------------------------------------------------------------------------
                 ch_init |                          0000001 |                              000
           wait_for_pcmd |                          0000010 |                              001
          ch_error_trap1 |                          0000100 |                              101
          ch_error_trap2 |                          0001000 |                              110
      ch_wait_for_sf_cmd |                          0010000 |                              010
         ch_ld_child_cmd |                          0100000 |                              011
          ch_chk_if_done |                          1000000 |                              100
---------------------------------------------------------------------------------------------------
INFO: [Synth 8-3354] encoded FSM with state register 'sig_csm_state_reg' using encoding 'one-hot' in module 'axi_datamover_ibttcc'
---------------------------------------------------------------------------------------------------
                   State |                     New Encoding |                Previous Encoding 
---------------------------------------------------------------------------------------------------
                  p_init |                              000 |                              000
          p_wait_for_cmd |                              001 |                              001
          p_ld_first_cmd |                              010 |                              010
          p_ld_child_cmd |                              011 |                              011
            p_error_trap |                              100 |                              111
           p_ld_last_cmd |                              101 |                              100
---------------------------------------------------------------------------------------------------
INFO: [Synth 8-3354] encoded FSM with state register 'sig_psm_state_reg' using encoding 'sequential' in module 'axi_datamover_ibttcc'
INFO: [Synth 8-6904] The RAM "xpm_memory_base:/gen_wr_a.gen_word_narrow.mem_reg" of size (depth=16 x width=23) is automatically implemented using LUTRAM. BRAM implementation would be inefficient 
---------------------------------------------------------------------------------------------------
                   State |                     New Encoding |                Previous Encoding 
---------------------------------------------------------------------------------------------------
                 invalid |                               00 |                               00
            stage1_valid |                               01 |                               10
       both_stages_valid |                               10 |                               11
            stage2_valid |                               11 |                               01
---------------------------------------------------------------------------------------------------
INFO: [Synth 8-3354] encoded FSM with state register 'gen_fwft.curr_fwft_state_reg' using encoding 'sequential' in module 'xpm_fifo_base'
---------------------------------------------------------------------------------------------------
                   State |                     New Encoding |                Previous Encoding 
---------------------------------------------------------------------------------------------------
                    init |                              000 |                              000
    ld_dre_scatter_first |                              001 |                              001
           chk_pop_first |                              010 |                              010
   ld_dre_scatter_second |                              011 |                              011
              error_trap |                              100 |                              101
          chk_pop_second |                              101 |                              100
---------------------------------------------------------------------------------------------------
INFO: [Synth 8-3354] encoded FSM with state register 'sig_cmdcntl_sm_state_reg' using encoding 'sequential' in module 'axi_datamover_s2mm_realign'
INFO: [Synth 8-6904] The RAM "xpm_memory_base__parameterized0:/gen_wr_a.gen_word_narrow.mem_reg" of size (depth=16 x width=11) is automatically implemented using LUTRAM. BRAM implementation would be inefficient 
---------------------------------------------------------------------------------------------------
                   State |                     New Encoding |                Previous Encoding 
---------------------------------------------------------------------------------------------------
                 invalid |                               00 |                               00
            stage1_valid |                               01 |                               10
       both_stages_valid |                               10 |                               11
            stage2_valid |                               11 |                               01
---------------------------------------------------------------------------------------------------
INFO: [Synth 8-3354] encoded FSM with state register 'gen_fwft.curr_fwft_state_reg' using encoding 'sequential' in module 'xpm_fifo_base__parameterized0'
INFO: [Synth 8-5775] Found 'rw_addr_collision' attribute set to 'no' on SDP RAM gen_wr_a.gen_word_narrow.mem_reg. Setting write mode to NO_CHANGE 
---------------------------------------------------------------------------------------------------
                   State |                     New Encoding |                Previous Encoding 
---------------------------------------------------------------------------------------------------
                 invalid |                               00 |                               00
            stage1_valid |                               01 |                               10
       both_stages_valid |                               10 |                               11
            stage2_valid |                               11 |                               01
---------------------------------------------------------------------------------------------------
INFO: [Synth 8-3354] encoded FSM with state register 'gen_fwft.curr_fwft_state_reg' using encoding 'sequential' in module 'xpm_fifo_base__parameterized1'
---------------------------------------------------------------------------------------------------
                   State |                     New Encoding |                Previous Encoding 
---------------------------------------------------------------------------------------------------
                 SM_IDLE |                               01 |                               00
               SM_CMD_EN |                               11 |                               01
         SM_CMD_ACCEPTED |                               10 |                               10
            SM_DONE_WAIT |                               00 |                               11
---------------------------------------------------------------------------------------------------
INFO: [Synth 8-3354] encoded FSM with state register 'state_reg' using encoding 'sequential' in module 'axi_protocol_converter_v2_1_27_b2s_wr_cmd_fsm'
---------------------------------------------------------------------------------------------------
                   State |                     New Encoding |                Previous Encoding 
---------------------------------------------------------------------------------------------------
                 SM_IDLE |                               01 |                               00
               SM_CMD_EN |                               11 |                               01
         SM_CMD_ACCEPTED |                               10 |                               10
                 SM_DONE |                               00 |                               11
---------------------------------------------------------------------------------------------------
INFO: [Synth 8-3354] encoded FSM with state register 'state_reg' using encoding 'sequential' in module 'axi_protocol_converter_v2_1_27_b2s_rd_cmd_fsm'
---------------------------------------------------------------------------------------------------
                   State |                     New Encoding |                Previous Encoding 
---------------------------------------------------------------------------------------------------
                    ZERO |                             1000 |                               10
                     ONE |                             0010 |                               11
                     TWO |                             0001 |                               01
                  iSTATE |                             0100 |                               00
---------------------------------------------------------------------------------------------------
INFO: [Synth 8-3354] encoded FSM with state register 'state_reg' using encoding 'one-hot' in module 'axi_data_fifo_v2_1_26_axic_reg_srl_fifo'
---------------------------------------------------------------------------------------------------
                   State |                     New Encoding |                Previous Encoding 
---------------------------------------------------------------------------------------------------
            P_WRITE_IDLE |                              001 |                               00
            P_WRITE_DATA |                              010 |                               01
            P_WRITE_RESP |                              100 |                               10
---------------------------------------------------------------------------------------------------
INFO: [Synth 8-3354] encoded FSM with state register 'gen_axi.write_cs_reg' using encoding 'one-hot' in module 'axi_crossbar_v2_1_28_decerr_slave'
---------------------------------------------------------------------------------------------------
                   State |                     New Encoding |                Previous Encoding 
---------------------------------------------------------------------------------------------------
                  S_IDLE |                               00 |                               00
                   S_CFG |                               01 |                               01
                  S_WORK |                               10 |                               10
                  S_DONE |                               11 |                               11
---------------------------------------------------------------------------------------------------
INFO: [Synth 8-3354] encoded FSM with state register 'cs_reg' using encoding 'sequential' in module 'fetch'
---------------------------------------------------------------------------------------------------
                   State |                     New Encoding |                Previous Encoding 
---------------------------------------------------------------------------------------------------
                  S_IDLE |                               00 |                               00
                   S_PRE |                               01 |                               01
                 S_FETCH |                               10 |                               10
                  S_SEND |                               11 |                               11
---------------------------------------------------------------------------------------------------
INFO: [Synth 8-3354] encoded FSM with state register 'cs_reg' using encoding 'sequential' in module 'distribute'
INFO: [Synth 8-6904] The RAM "lctrl:/dpdby_ir_reg" of size (depth=16 x width=4) is automatically implemented using LUTRAM. BRAM implementation would be inefficient 
---------------------------------------------------------------------------------------------------
                   State |                     New Encoding |                Previous Encoding 
---------------------------------------------------------------------------------------------------
                  S_IDLE |                             0001 |                              000
                 S_FETCH |                             0010 |                              001
                   S_DPD |                             0100 |                              010
                  S_SEND |                             1000 |                              011
---------------------------------------------------------------------------------------------------
INFO: [Synth 8-3354] encoded FSM with state register 'cs_reg' using encoding 'one-hot' in module 'cctrl'
---------------------------------------------------------------------------------------------------
                   State |                     New Encoding |                Previous Encoding 
---------------------------------------------------------------------------------------------------
                  S_IDLE |                            00001 |                              000
                 S_FETCH |                            00010 |                              001
                   S_DPD |                            00100 |                              010
                  S_SEND |                            01000 |                              011
                  S_EXEC |                            10000 |                              100
---------------------------------------------------------------------------------------------------
INFO: [Synth 8-3354] encoded FSM with state register 'cs_reg' using encoding 'one-hot' in module 'pctrl'
---------------------------------------------------------------------------------------------------
                   State |                     New Encoding |                Previous Encoding 
---------------------------------------------------------------------------------------------------
                  S_IDLE |                              000 |                              000
                   S_CFG |                              001 |                              001
                 S_PARSE |                              010 |                              010
                  S_SEND |                              011 |                              011
                  S_DONE |                              100 |                              100
---------------------------------------------------------------------------------------------------
INFO: [Synth 8-3354] encoded FSM with state register 'gen_state_machine[1].cs_reg' using encoding 'sequential' in module 'ddr_reader'
---------------------------------------------------------------------------------------------------
                   State |                     New Encoding |                Previous Encoding 
---------------------------------------------------------------------------------------------------
                  S_IDLE |                              000 |                              000
                   S_CFG |                              001 |                              001
                 S_PARSE |                              010 |                              010
                  S_SEND |                              011 |                              011
                  S_DONE |                              100 |                              100
---------------------------------------------------------------------------------------------------
INFO: [Synth 8-3354] encoded FSM with state register 'gen_state_machine[0].cs_reg' using encoding 'sequential' in module 'ddr_reader'
---------------------------------------------------------------------------------------------------
                   State |                     New Encoding |                Previous Encoding 
---------------------------------------------------------------------------------------------------
                 ST_IDLE |                               00 |                               00
          ST_MODE0_TRANS |                               01 |                               01
          ST_MODE1_TRANS |                               10 |                               10
---------------------------------------------------------------------------------------------------
INFO: [Synth 8-3354] encoded FSM with state register 'gen_dm_port_st_machines[1].curr_st_reg' using encoding 'sequential' in module 'cfg_buf_writer_bridge'
---------------------------------------------------------------------------------------------------
                   State |                     New Encoding |                Previous Encoding 
---------------------------------------------------------------------------------------------------
                 ST_IDLE |                               00 |                               00
          ST_MODE0_TRANS |                               01 |                               01
          ST_MODE1_TRANS |                               10 |                               10
---------------------------------------------------------------------------------------------------
INFO: [Synth 8-3354] encoded FSM with state register 'gen_dm_port_st_machines[0].curr_st_reg' using encoding 'sequential' in module 'cfg_buf_writer_bridge'
---------------------------------------------------------------------------------------------------
                   State |                     New Encoding |                Previous Encoding 
---------------------------------------------------------------------------------------------------
                 ST_IDLE |                                0 |                             0000
               ST_TRANS0 |                                1 |                             0001
---------------------------------------------------------------------------------------------------
INFO: [Synth 8-3354] encoded FSM with state register 'state_machines[0].cs_reg' using encoding 'sequential' in module 'cm_buf_wctrl_augm'
INFO: [Synth 8-5555] Implemented Block Ram Cascade chain of height 2 and width 36 for RAM "xpm_memory_base_sdp__parameterized11:/gen_bram_dram.ram_reg"
INFO: [Synth 8-5555] Implemented Block Ram Cascade chain of height 2 and width 36 for RAM "xpm_memory_base_sdp__parameterized11:/gen_bram_dram.ram_reg"
INFO: [Synth 8-5555] Implemented Block Ram Cascade chain of height 2 and width 36 for RAM "xpm_memory_base_sdp__parameterized11:/gen_bram_dram.ram_reg"
INFO: [Synth 8-7030] Implemented Non-Cascaded Block Ram (cascade_height = 1) of width 18 for RAM "xpm_memory_base_sdp__parameterized11:/gen_bram_dram.ram_reg"
INFO: [Synth 8-7030] Implemented Non-Cascaded Block Ram (cascade_height = 1) of width 2 for RAM "xpm_memory_base_sdp__parameterized11:/gen_bram_dram.ram_reg"
INFO: [Synth 8-5780] Default cascade height of 8 will be used for URAM '"xpm_memory_base_sdp__parameterized12:/gen_bram_dram.ram_reg"'.
---------------------------------------------------------------------------------------------------
                   State |                     New Encoding |                Previous Encoding 
---------------------------------------------------------------------------------------------------
                  S_IDLE |                               00 |                               00
                   S_CFG |                               01 |                               01
                  S_RECV |                               10 |                               10
                  S_DONE |                               11 |                               11
---------------------------------------------------------------------------------------------------
INFO: [Synth 8-3354] encoded FSM with state register 'cs_reg' using encoding 'sequential' in module 'save_fetch_param'
---------------------------------------------------------------------------------------------------
                   State |                     New Encoding |                Previous Encoding 
---------------------------------------------------------------------------------------------------
                    IDLE |                               00 |                               00
                    SEND |                               01 |                               10
                    DELY |                               10 |                               11
---------------------------------------------------------------------------------------------------
INFO: [Synth 8-3354] encoded FSM with state register 'cs_reg' using encoding 'sequential' in module 'save_cmd_pipe_fifo'
---------------------------------------------------------------------------------------------------
                   State |                     New Encoding |                Previous Encoding 
---------------------------------------------------------------------------------------------------
                STS_IDLE |                              000 |                              000
                STS_CONF |                              001 |                              001
                STS_WAIT |                              010 |                              010
                STS_SYNC |                              011 |                              011
                STS_DONE |                              100 |                              100
---------------------------------------------------------------------------------------------------
INFO: [Synth 8-3354] encoded FSM with state register 'cs_r_reg' using encoding 'sequential' in module 'conv_ins_ctrl'
---------------------------------------------------------------------------------------------------
                   State |                     New Encoding |                Previous Encoding 
---------------------------------------------------------------------------------------------------
              STAT_INIT0 |                          0000001 |                              000
              STAT_INIT1 |                          0000010 |                              001
              STAT_INIT2 |                          0000100 |                              010
              STAT_INIT3 |                          0001000 |                              011
              STAT_INIT4 |                          0010000 |                              100
             STAT_ASSIGN |                          0100000 |                              110
              STAT_DELAY |                          1000000 |                              111
---------------------------------------------------------------------------------------------------
INFO: [Synth 8-3354] encoded FSM with state register 'sts_reg' using encoding 'one-hot' in module 'alu_ele_parser'
---------------------------------------------------------------------------------------------------
                   State |                     New Encoding |                Previous Encoding 
---------------------------------------------------------------------------------------------------
          STS_WAIT_INSTR |                               00 |                               00
      STS_WAIT_ELEW_DONE |                               01 |                               10
  STS_WAIT_ELEW_DONE_ACK |                               10 |                               11
  STS_WAIT_INIT_DONE_ACK |                               11 |                               01
---------------------------------------------------------------------------------------------------
INFO: [Synth 8-3354] encoded FSM with state register 'ins_sts_reg' using encoding 'sequential' in module 'alu_ele_parser'
---------------------------------------------------------------------------------------------------
                   State |                     New Encoding |                Previous Encoding 
---------------------------------------------------------------------------------------------------
               STAT_IDLE |                           000001 |                              000
               STAT_CONF |                           000010 |                              001
              STAT_DELAY |                           000100 |                              010
             STAT_DELAY1 |                           001000 |                              011
               STAT_WORK |                           010000 |                              100
               STAT_DONE |                           100000 |                              101
---------------------------------------------------------------------------------------------------
INFO: [Synth 8-3354] encoded FSM with state register 'cs_r_reg' using encoding 'one-hot' in module 'alu_mac_parser'
---------------------------------------------------------------------------------------------------
                   State |                     New Encoding |                Previous Encoding 
---------------------------------------------------------------------------------------------------
                    IDLE |                         00000001 |                              000
                  RD_CMD |                         10000000 |                              001
                RD_DELAY |                         01000000 |                              111
                 RD_DATA |                         00100000 |                              010
                  WR_CMD |                         00010000 |                              011
                 WR_DATA |                         00001000 |                              100
                 WR_RESP |                         00000010 |                              110
                  iSTATE |                         00000100 |                              101
*
---------------------------------------------------------------------------------------------------
INFO: [Synth 8-3354] encoded FSM with state register 'state_reg' using encoding 'one-hot' in module 'axi2apb_1toN'
INFO: [Synth 8-6159] Found Keep on FSM register 'gpregsm1.curr_fwft_state_reg' in module 'rd_fwft', re-encoding will not be performed
---------------------------------------------------------------------------------------------------
                   State |                     New Encoding |                Previous Encoding 
---------------------------------------------------------------------------------------------------
                 invalid |                               00 |                               00
            stage1_valid |                               10 |                               10
       both_stages_valid |                               11 |                               11
            stage2_valid |                               01 |                               01
---------------------------------------------------------------------------------------------------
---------------------------------------------------------------------------------------------------
                   State |                     New Encoding |                Previous Encoding 
---------------------------------------------------------------------------------------------------
                    idle |                              000 |                              000
                wt_read1 |                              001 |                              010
                wt_read2 |                              010 |                              011
                    send |                              011 |                              100
                    done |                              100 |                              101
---------------------------------------------------------------------------------------------------
INFO: [Synth 8-3354] encoded FSM with state register 'state_reg' using encoding 'sequential' in module 'gen_stream'
WARNING: [Synth 8-327] inferring latch for variable 'reg_data_out_reg' [/home/user/Documents/dma_test/prj/Vivado/hw/srcs/axi_lite_custom.vhd:358]
---------------------------------------------------------------------------------
Finished RTL Optimization Phase 2 : Time (s): cpu = 00:02:13 ; elapsed = 00:02:16 . Memory (MB): peak = 4768.004 ; gain = 2542.727 ; free physical = 237 ; free virtual = 2266
Synthesis current peak Physical Memory [PSS] (MB): peak = 8808.261; parent = 3916.271; children = 6265.718
Synthesis current peak Virtual Memory [VSS] (MB): peak = 16111.039; parent = 4768.008; children = 11346.949
---------------------------------------------------------------------------------
INFO: [Synth 8-223] decloning instance 'top_i/hier_dpu/DPUCZDX8G/inst/GenDpu0.u_dpu0/m_dpu_top/m_buf_top/u_img_bkrd/GenPtGrp[1].u_routing/GenBgbkDlyNN.GenBgbkDly[4].u_dly_bgbk' (xil_internal_svlib_delay__parameterized0) to 'top_i/hier_dpu/DPUCZDX8G/inst/GenDpu0.u_dpu0/m_dpu_top/m_buf_top/u_img_bkrd/GenPtGrp[1].u_routing/GenBgbkDlyNN.GenBgbkDly[5].u_dly_bgbk'
INFO: [Synth 8-223] decloning instance 'top_i/hier_dpu/DPUCZDX8G/inst/GenDpu0.u_dpu0/m_dpu_top/m_buf_top/u_img_bkrd/GenPtGrp[1].u_routing/GenBgbkDlyNN.GenBgbkDly[4].u_dly_bgbk' (xil_internal_svlib_delay__parameterized0) to 'top_i/hier_dpu/DPUCZDX8G/inst/GenDpu0.u_dpu0/m_dpu_top/m_buf_top/u_img_bkrd/GenPtGrp[1].u_routing/GenBgbkDlyNN.GenBgbkDly[6].u_dly_bgbk'
INFO: [Synth 8-223] decloning instance 'top_i/hier_dpu/DPUCZDX8G/inst/GenDpu0.u_dpu0/m_dpu_top/m_buf_top/u_img_bkrd/GenPtGrp[1].u_routing/GenBgbkDlyNN.GenBgbkDly[4].u_dly_bgbk' (xil_internal_svlib_delay__parameterized0) to 'top_i/hier_dpu/DPUCZDX8G/inst/GenDpu0.u_dpu0/m_dpu_top/m_buf_top/u_img_bkrd/GenPtGrp[1].u_routing/GenBgbkDlyNN.GenBgbkDly[7].u_dly_bgbk'
INFO: [Synth 8-223] decloning instance 'top_i/hier_dpu/DPUCZDX8G/inst/GenDpu0.u_dpu0/m_dpu_top/m_buf_top/u_img_bkrd/GenPtGrp[2].u_routing/GenBgbkDlyNN.GenBgbkDly[1].u_dly_bgbk' (xil_internal_svlib_delay__parameterized0) to 'top_i/hier_dpu/DPUCZDX8G/inst/GenDpu0.u_dpu0/m_dpu_top/m_buf_top/u_img_bkrd/GenPtGrp[2].u_routing/GenBgbkDlyNN.GenBgbkDly[2].u_dly_bgbk'
INFO: [Synth 8-223] decloning instance 'top_i/hier_dpu/DPUCZDX8G/inst/GenDpu0.u_dpu0/m_dpu_top/m_buf_top/u_img_bkrd/GenPtGrp[2].u_routing/GenBgbkDlyNN.GenBgbkDly[1].u_dly_bgbk' (xil_internal_svlib_delay__parameterized0) to 'top_i/hier_dpu/DPUCZDX8G/inst/GenDpu0.u_dpu0/m_dpu_top/m_buf_top/u_img_bkrd/GenPtGrp[2].u_routing/GenBgbkDlyNN.GenBgbkDly[3].u_dly_bgbk'
INFO: [Synth 8-223] decloning instance 'top_i/hier_dpu/DPUCZDX8G/inst/GenDpu0.u_dpu0/m_dpu_top/m_buf_top/u_img_bkrd/GenPtGrp[2].u_routing/GenBgbkDlyNN.GenBgbkDly[1].u_dly_bgbk' (xil_internal_svlib_delay__parameterized0) to 'top_i/hier_dpu/DPUCZDX8G/inst/GenDpu0.u_dpu0/m_dpu_top/m_buf_top/u_img_bkrd/GenPtGrp[2].u_routing/GenBgbkDlyNN.GenBgbkDly[4].u_dly_bgbk'
INFO: [Synth 8-223] decloning instance 'top_i/hier_dpu/DPUCZDX8G/inst/GenDpu0.u_dpu0/m_dpu_top/m_buf_top/u_img_bkrd/GenPtGrp[2].u_routing/GenBgbkDlyNN.GenBgbkDly[1].u_dly_bgbk' (xil_internal_svlib_delay__parameterized0) to 'top_i/hier_dpu/DPUCZDX8G/inst/GenDpu0.u_dpu0/m_dpu_top/m_buf_top/u_img_bkrd/GenPtGrp[2].u_routing/GenBgbkDlyNN.GenBgbkDly[5].u_dly_bgbk'
INFO: [Synth 8-223] decloning instance 'top_i/hier_dpu/DPUCZDX8G/inst/GenDpu0.u_dpu0/m_dpu_top/m_buf_top/u_img_bkrd/GenPtGrp[2].u_routing/GenBgbkDlyNN.GenBgbkDly[1].u_dly_bgbk' (xil_internal_svlib_delay__parameterized0) to 'top_i/hier_dpu/DPUCZDX8G/inst/GenDpu0.u_dpu0/m_dpu_top/m_buf_top/u_img_bkrd/GenPtGrp[2].u_routing/GenBgbkDlyNN.GenBgbkDly[6].u_dly_bgbk'
INFO: [Synth 8-223] decloning instance 'top_i/hier_dpu/DPUCZDX8G/inst/GenDpu0.u_dpu0/m_dpu_top/m_buf_top/u_img_bkrd/GenPtGrp[2].u_routing/GenBgbkDlyNN.GenBgbkDly[1].u_dly_bgbk' (xil_internal_svlib_delay__parameterized0) to 'top_i/hier_dpu/DPUCZDX8G/inst/GenDpu0.u_dpu0/m_dpu_top/m_buf_top/u_img_bkrd/GenPtGrp[2].u_routing/GenBgbkDlyNN.GenBgbkDly[7].u_dly_bgbk'
INFO: [Synth 8-223] decloning instance 'top_i/hier_dpu/DPUCZDX8G/inst/GenDpu0.u_dpu0/m_dpu_top/m_buf_top/u_img_bkrd/GenPtGrp[3].u_routing/GenBgbkDlyNN.GenBgbkDly[1].u_dly_bgbk' (xil_internal_svlib_delay__parameterized0) to 'top_i/hier_dpu/DPUCZDX8G/inst/GenDpu0.u_dpu0/m_dpu_top/m_buf_top/u_img_bkrd/GenPtGrp[3].u_routing/GenBgbkDlyNN.GenBgbkDly[2].u_dly_bgbk'
INFO: [Synth 8-223] decloning instance 'top_i/hier_dpu/DPUCZDX8G/inst/GenDpu0.u_dpu0/m_dpu_top/m_buf_top/u_img_bkrd/GenPtGrp[3].u_routing/GenBgbkDlyNN.GenBgbkDly[1].u_dly_bgbk' (xil_internal_svlib_delay__parameterized0) to 'top_i/hier_dpu/DPUCZDX8G/inst/GenDpu0.u_dpu0/m_dpu_top/m_buf_top/u_img_bkrd/GenPtGrp[3].u_routing/GenBgbkDlyNN.GenBgbkDly[3].u_dly_bgbk'
INFO: [Synth 8-223] decloning instance 'top_i/hier_dpu/DPUCZDX8G/inst/GenDpu0.u_dpu0/m_dpu_top/m_buf_top/u_img_bkrd/GenPtGrp[3].u_routing/GenBgbkDlyNN.GenBgbkDly[1].u_dly_bgbk' (xil_internal_svlib_delay__parameterized0) to 'top_i/hier_dpu/DPUCZDX8G/inst/GenDpu0.u_dpu0/m_dpu_top/m_buf_top/u_img_bkrd/GenPtGrp[3].u_routing/GenBgbkDlyNN.GenBgbkDly[4].u_dly_bgbk'
INFO: [Synth 8-223] decloning instance 'top_i/hier_dpu/DPUCZDX8G/inst/GenDpu0.u_dpu0/m_dpu_top/m_buf_top/u_img_bkrd/GenPtGrp[3].u_routing/GenBgbkDlyNN.GenBgbkDly[1].u_dly_bgbk' (xil_internal_svlib_delay__parameterized0) to 'top_i/hier_dpu/DPUCZDX8G/inst/GenDpu0.u_dpu0/m_dpu_top/m_buf_top/u_img_bkrd/GenPtGrp[3].u_routing/GenBgbkDlyNN.GenBgbkDly[5].u_dly_bgbk'
INFO: [Synth 8-223] decloning instance 'top_i/hier_dpu/DPUCZDX8G/inst/GenDpu0.u_dpu0/m_dpu_top/m_buf_top/u_img_bkrd/GenPtGrp[3].u_routing/GenBgbkDlyNN.GenBgbkDly[1].u_dly_bgbk' (xil_internal_svlib_delay__parameterized0) to 'top_i/hier_dpu/DPUCZDX8G/inst/GenDpu0.u_dpu0/m_dpu_top/m_buf_top/u_img_bkrd/GenPtGrp[3].u_routing/GenBgbkDlyNN.GenBgbkDly[6].u_dly_bgbk'
INFO: [Synth 8-223] decloning instance 'top_i/hier_dpu/DPUCZDX8G/inst/GenDpu0.u_dpu0/m_dpu_top/m_buf_top/u_img_bkrd/GenPtGrp[3].u_routing/GenBgbkDlyNN.GenBgbkDly[1].u_dly_bgbk' (xil_internal_svlib_delay__parameterized0) to 'top_i/hier_dpu/DPUCZDX8G/inst/GenDpu0.u_dpu0/m_dpu_top/m_buf_top/u_img_bkrd/GenPtGrp[3].u_routing/GenBgbkDlyNN.GenBgbkDly[7].u_dly_bgbk'
INFO: [Synth 8-5775] Found 'rw_addr_collision' attribute set to 'no' on SDP RAM gen_wr_a.gen_word_narrow.mem_reg. Setting write mode to NO_CHANGE 


Incremental Synthesis Report Summary:

1. Incremental synthesis run: no

   Reason for not running incremental synthesis : Port sizes have changed


INFO: [Synth 8-7130] Flow is switching to default flow due to incremental criteria not met. If you would like to alter this behaviour and have the flow terminate instead, please set the following parameter config_implementation {autoIncr.Synth.RejectBehavior Terminate}
---------------------------------------------------------------------------------
Start RTL Component Statistics 
---------------------------------------------------------------------------------
Detailed RTL Component Info : 
+---Adders : 
	   2 Input   40 Bit       Adders := 5     
	   3 Input   33 Bit       Adders := 16    
	   3 Input   32 Bit       Adders := 4     
	   2 Input   32 Bit       Adders := 6     
	   3 Input   29 Bit       Adders := 2     
	   3 Input   24 Bit       Adders := 2     
	   2 Input   23 Bit       Adders := 4     
	   3 Input   23 Bit       Adders := 2     
	   3 Input   22 Bit       Adders := 4     
	   3 Input   20 Bit       Adders := 128   
	   2 Input   20 Bit       Adders := 64    
	   2 Input   17 Bit       Adders := 5     
	   4 Input   16 Bit       Adders := 2     
	   3 Input   16 Bit       Adders := 6     
	   2 Input   16 Bit       Adders := 29    
	   3 Input   15 Bit       Adders := 10    
	   2 Input   15 Bit       Adders := 3     
	   3 Input   14 Bit       Adders := 1     
	   2 Input   13 Bit       Adders := 18    
	   3 Input   13 Bit       Adders := 12    
	   2 Input   12 Bit       Adders := 20    
	   2 Input   11 Bit       Adders := 154   
	   3 Input   11 Bit       Adders := 26    
	   2 Input   10 Bit       Adders := 10    
	   2 Input    9 Bit       Adders := 18    
	   2 Input    8 Bit       Adders := 64    
	   3 Input    8 Bit       Adders := 2     
	   4 Input    8 Bit       Adders := 4     
	   2 Input    7 Bit       Adders := 30    
	   3 Input    7 Bit       Adders := 3     
	   4 Input    7 Bit       Adders := 5     
	   2 Input    6 Bit       Adders := 60    
	   5 Input    6 Bit       Adders := 2     
	   3 Input    6 Bit       Adders := 2     
	   4 Input    6 Bit       Adders := 4     
	   3 Input    5 Bit       Adders := 49    
	   2 Input    5 Bit       Adders := 70    
	   5 Input    5 Bit       Adders := 2     
	   4 Input    5 Bit       Adders := 10    
	   2 Input    4 Bit       Adders := 124   
	   3 Input    4 Bit       Adders := 6     
	   4 Input    4 Bit       Adders := 12    
	   2 Input    3 Bit       Adders := 71    
	   3 Input    3 Bit       Adders := 3     
	   2 Input    2 Bit       Adders := 17    
	   4 Input    2 Bit       Adders := 3     
	   2 Input    1 Bit       Adders := 2     
+---XORs : 
	   2 Input      9 Bit         XORs := 1     
	   2 Input      8 Bit         XORs := 2     
	   2 Input      7 Bit         XORs := 9     
	   2 Input      6 Bit         XORs := 13    
	   2 Input      5 Bit         XORs := 3     
	   2 Input      4 Bit         XORs := 34    
	   2 Input      3 Bit         XORs := 2     
	   2 Input      1 Bit         XORs := 352   
+---Registers : 
	             1024 Bit    Registers := 1     
	              512 Bit    Registers := 2     
	              384 Bit    Registers := 2     
	              320 Bit    Registers := 1     
	              192 Bit    Registers := 4     
	              160 Bit    Registers := 9     
	              153 Bit    Registers := 1     
	              146 Bit    Registers := 6     
	              145 Bit    Registers := 1     
	              144 Bit    Registers := 8     
	              143 Bit    Registers := 2     
	              141 Bit    Registers := 1     
	              140 Bit    Registers := 1     
	              139 Bit    Registers := 2     
	              138 Bit    Registers := 2     
	              136 Bit    Registers := 2     
	              134 Bit    Registers := 5     
	              129 Bit    Registers := 4     
	              128 Bit    Registers := 174   
	              126 Bit    Registers := 34    
	              116 Bit    Registers := 1     
	              108 Bit    Registers := 2     
	              102 Bit    Registers := 2     
	               89 Bit    Registers := 1     
	               85 Bit    Registers := 8     
	               72 Bit    Registers := 108   
	               71 Bit    Registers := 1     
	               61 Bit    Registers := 2     
	               60 Bit    Registers := 1     
	               58 Bit    Registers := 1     
	               52 Bit    Registers := 8     
	               51 Bit    Registers := 4     
	               49 Bit    Registers := 4     
	               44 Bit    Registers := 35    
	               40 Bit    Registers := 9     
	               38 Bit    Registers := 4     
	               36 Bit    Registers := 2304  
	               35 Bit    Registers := 1     
	               34 Bit    Registers := 1     
	               33 Bit    Registers := 80    
	               32 Bit    Registers := 122   
	               29 Bit    Registers := 178   
	               28 Bit    Registers := 4     
	               26 Bit    Registers := 1     
	               25 Bit    Registers := 16    
	               24 Bit    Registers := 1     
	               23 Bit    Registers := 7     
	               22 Bit    Registers := 11    
	               20 Bit    Registers := 146   
	               19 Bit    Registers := 4     
	               18 Bit    Registers := 4     
	               17 Bit    Registers := 16    
	               16 Bit    Registers := 117   
	               15 Bit    Registers := 18    
	               14 Bit    Registers := 10    
	               13 Bit    Registers := 20    
	               12 Bit    Registers := 25    
	               11 Bit    Registers := 349   
	               10 Bit    Registers := 227   
	                9 Bit    Registers := 20    
	                8 Bit    Registers := 2445  
	                7 Bit    Registers := 34    
	                6 Bit    Registers := 73    
	                5 Bit    Registers := 226   
	                4 Bit    Registers := 590   
	                3 Bit    Registers := 250   
	                2 Bit    Registers := 297   
	                1 Bit    Registers := 15306 
+---RAMs : 
	             256K Bit	(2048 X 128 bit)          RAMs := 34    
	              18K Bit	(128 X 146 bit)          RAMs := 1     
	              368 Bit	(16 X 23 bit)          RAMs := 1     
	              176 Bit	(16 X 11 bit)          RAMs := 1     
	               64 Bit	(16 X 4 bit)          RAMs := 1     
+---Muxes : 
	   2 Input  384 Bit        Muxes := 2     
	   2 Input  320 Bit        Muxes := 1     
	   2 Input  192 Bit        Muxes := 2     
	   2 Input  153 Bit        Muxes := 1     
	   2 Input  136 Bit        Muxes := 1     
	   2 Input  129 Bit        Muxes := 4     
	   2 Input  128 Bit        Muxes := 87    
	   8 Input  128 Bit        Muxes := 4     
	   4 Input  128 Bit        Muxes := 16    
	  17 Input  128 Bit        Muxes := 2     
	   4 Input  126 Bit        Muxes := 16    
	   2 Input  126 Bit        Muxes := 18    
	   2 Input   85 Bit        Muxes := 8     
	   2 Input   64 Bit        Muxes := 16    
	   2 Input   52 Bit        Muxes := 8     
	   2 Input   51 Bit        Muxes := 4     
	   2 Input   49 Bit        Muxes := 4     
	   2 Input   44 Bit        Muxes := 47    
	   2 Input   40 Bit        Muxes := 19    
	   3 Input   40 Bit        Muxes := 1     
	   2 Input   33 Bit        Muxes := 128   
	   2 Input   32 Bit        Muxes := 110   
	   3 Input   32 Bit        Muxes := 1     
	   5 Input   32 Bit        Muxes := 2     
	   4 Input   32 Bit        Muxes := 3     
	   2 Input   30 Bit        Muxes := 64    
	   2 Input   29 Bit        Muxes := 20    
	   2 Input   25 Bit        Muxes := 16    
	   2 Input   23 Bit        Muxes := 5     
	   4 Input   23 Bit        Muxes := 2     
	   4 Input   22 Bit        Muxes := 2     
	   2 Input   22 Bit        Muxes := 4     
	   2 Input   18 Bit        Muxes := 4     
	   2 Input   17 Bit        Muxes := 1     
	   2 Input   16 Bit        Muxes := 57    
	   3 Input   16 Bit        Muxes := 4     
	   5 Input   16 Bit        Muxes := 1     
	   2 Input   15 Bit        Muxes := 16    
	   2 Input   14 Bit        Muxes := 7     
	   4 Input   14 Bit        Muxes := 2     
	   3 Input   14 Bit        Muxes := 1     
	   2 Input   13 Bit        Muxes := 3     
	   4 Input   13 Bit        Muxes := 24    
	   2 Input   12 Bit        Muxes := 16    
	   2 Input   11 Bit        Muxes := 119   
	   3 Input   11 Bit        Muxes := 4     
	   8 Input   11 Bit        Muxes := 20    
	   4 Input   11 Bit        Muxes := 48    
	  17 Input   11 Bit        Muxes := 2     
	   5 Input   11 Bit        Muxes := 5     
	   3 Input   10 Bit        Muxes := 2     
	   2 Input   10 Bit        Muxes := 181   
	   4 Input   10 Bit        Muxes := 2     
	   2 Input    9 Bit        Muxes := 20    
	   3 Input    9 Bit        Muxes := 1     
	   2 Input    8 Bit        Muxes := 613   
	   4 Input    8 Bit        Muxes := 32    
	   6 Input    8 Bit        Muxes := 1     
	   5 Input    8 Bit        Muxes := 1     
	   8 Input    8 Bit        Muxes := 1     
	   3 Input    8 Bit        Muxes := 1     
	   5 Input    7 Bit        Muxes := 1     
	   7 Input    7 Bit        Muxes := 2     
	   2 Input    7 Bit        Muxes := 10    
	   2 Input    6 Bit        Muxes := 25    
	   4 Input    6 Bit        Muxes := 2     
	   3 Input    6 Bit        Muxes := 2     
	   6 Input    6 Bit        Muxes := 1     
	   2 Input    5 Bit        Muxes := 184   
	   3 Input    5 Bit        Muxes := 4     
	   4 Input    5 Bit        Muxes := 7     
	   5 Input    5 Bit        Muxes := 1     
	  17 Input    5 Bit        Muxes := 1     
	   2 Input    4 Bit        Muxes := 187   
	   3 Input    4 Bit        Muxes := 19    
	   5 Input    4 Bit        Muxes := 1     
	   4 Input    4 Bit        Muxes := 12    
	   9 Input    4 Bit        Muxes := 4     
	   3 Input    3 Bit        Muxes := 14    
	   2 Input    3 Bit        Muxes := 231   
	   5 Input    3 Bit        Muxes := 23    
	   9 Input    3 Bit        Muxes := 32    
	   7 Input    3 Bit        Muxes := 1     
	  14 Input    3 Bit        Muxes := 2     
	   4 Input    3 Bit        Muxes := 6     
	  11 Input    3 Bit        Muxes := 1     
	   6 Input    3 Bit        Muxes := 2     
	   3 Input    2 Bit        Muxes := 67    
	   2 Input    2 Bit        Muxes := 504   
	   4 Input    2 Bit        Muxes := 72    
	   5 Input    2 Bit        Muxes := 15    
	   2 Input    1 Bit        Muxes := 1658  
	   3 Input    1 Bit        Muxes := 233   
	   5 Input    1 Bit        Muxes := 6     
	   6 Input    1 Bit        Muxes := 9     
	   4 Input    1 Bit        Muxes := 123   
	   7 Input    1 Bit        Muxes := 6     
---------------------------------------------------------------------------------
Finished RTL Component Statistics 
---------------------------------------------------------------------------------
---------------------------------------------------------------------------------
Start Part Resource Summary
---------------------------------------------------------------------------------
Part Resources:
DSPs: 1248 (col length:96)
BRAMs: 288 (col length: RAMB18 96 RAMB36 48)
---------------------------------------------------------------------------------
Finished Part Resource Summary
---------------------------------------------------------------------------------
---------------------------------------------------------------------------------
Start Cross Boundary and Area Optimization
---------------------------------------------------------------------------------
DSP Report: Generating DSP u_save_fetch_param/mul_c_reg, operation Mode is: (A2*B2)'.
DSP Report: register u_save_fetch_param/mul_a_reg is absorbed into DSP u_save_fetch_param/mul_c_reg.
DSP Report: register u_save_fetch_param/mul_b_reg is absorbed into DSP u_save_fetch_param/mul_c_reg.
DSP Report: register u_save_fetch_param/mul_c_reg is absorbed into DSP u_save_fetch_param/mul_c_reg.
DSP Report: operator u_save_fetch_param/mul_c0 is absorbed into DSP u_save_fetch_param/mul_c_reg.
WARNING: [Synth 8-3332] Sequential element (EXT_LPF/ACTIVE_LOW_EXT.ACT_LO_EXT/GENERATE_LEVEL_P_S_CDC.SINGLE_BIT.CROSS_PLEVEL_IN2SCNDRY_s_level_out_d5) is unused and will be removed from module proc_sys_reset__2.
WARNING: [Synth 8-3332] Sequential element (EXT_LPF/ACTIVE_LOW_EXT.ACT_LO_EXT/GENERATE_LEVEL_P_S_CDC.SINGLE_BIT.CROSS_PLEVEL_IN2SCNDRY_s_level_out_d6) is unused and will be removed from module proc_sys_reset__2.
WARNING: [Synth 8-3332] Sequential element (EXT_LPF/ACTIVE_LOW_AUX.ACT_LO_AUX/GENERATE_LEVEL_P_S_CDC.SINGLE_BIT.CROSS_PLEVEL_IN2SCNDRY_IN_cdc_to) is unused and will be removed from module proc_sys_reset__2.
WARNING: [Synth 8-3332] Sequential element (EXT_LPF/ACTIVE_LOW_AUX.ACT_LO_AUX/GENERATE_LEVEL_P_S_CDC.SINGLE_BIT.CROSS_PLEVEL_IN2SCNDRY_s_level_out_d2) is unused and will be removed from module proc_sys_reset__2.
WARNING: [Synth 8-3332] Sequential element (EXT_LPF/ACTIVE_LOW_AUX.ACT_LO_AUX/GENERATE_LEVEL_P_S_CDC.SINGLE_BIT.CROSS_PLEVEL_IN2SCNDRY_s_level_out_d3) is unused and will be removed from module proc_sys_reset__2.
WARNING: [Synth 8-3332] Sequential element (EXT_LPF/ACTIVE_LOW_AUX.ACT_LO_AUX/GENERATE_LEVEL_P_S_CDC.SINGLE_BIT.CROSS_PLEVEL_IN2SCNDRY_s_level_out_d4) is unused and will be removed from module proc_sys_reset__2.
WARNING: [Synth 8-3332] Sequential element (EXT_LPF/ACTIVE_LOW_AUX.ACT_LO_AUX/GENERATE_LEVEL_P_S_CDC.SINGLE_BIT.CROSS_PLEVEL_IN2SCNDRY_s_level_out_d5) is unused and will be removed from module proc_sys_reset__2.
WARNING: [Synth 8-3332] Sequential element (EXT_LPF/ACTIVE_LOW_AUX.ACT_LO_AUX/GENERATE_LEVEL_P_S_CDC.SINGLE_BIT.CROSS_PLEVEL_IN2SCNDRY_s_level_out_d6) is unused and will be removed from module proc_sys_reset__2.
WARNING: [Synth 8-3332] Sequential element (FDRE_inst) is unused and will be removed from module proc_sys_reset__2.
WARNING: [Synth 8-3332] Sequential element (BSR_OUT_DFF[0].FDRE_BSR) is unused and will be removed from module proc_sys_reset__2.
WARNING: [Synth 8-3332] Sequential element (PR_OUT_DFF[0].FDRE_PER) is unused and will be removed from module proc_sys_reset__2.
WARNING: [Synth 8-3332] Sequential element (EXT_LPF/ACTIVE_LOW_EXT.ACT_LO_EXT/GENERATE_LEVEL_P_S_CDC.SINGLE_BIT.CROSS_PLEVEL_IN2SCNDRY_s_level_out_d5) is unused and will be removed from module proc_sys_reset__1.
WARNING: [Synth 8-3332] Sequential element (EXT_LPF/ACTIVE_LOW_EXT.ACT_LO_EXT/GENERATE_LEVEL_P_S_CDC.SINGLE_BIT.CROSS_PLEVEL_IN2SCNDRY_s_level_out_d6) is unused and will be removed from module proc_sys_reset__1.
WARNING: [Synth 8-3332] Sequential element (EXT_LPF/ACTIVE_LOW_AUX.ACT_LO_AUX/GENERATE_LEVEL_P_S_CDC.SINGLE_BIT.CROSS_PLEVEL_IN2SCNDRY_IN_cdc_to) is unused and will be removed from module proc_sys_reset__1.
WARNING: [Synth 8-3332] Sequential element (EXT_LPF/ACTIVE_LOW_AUX.ACT_LO_AUX/GENERATE_LEVEL_P_S_CDC.SINGLE_BIT.CROSS_PLEVEL_IN2SCNDRY_s_level_out_d2) is unused and will be removed from module proc_sys_reset__1.
WARNING: [Synth 8-3332] Sequential element (EXT_LPF/ACTIVE_LOW_AUX.ACT_LO_AUX/GENERATE_LEVEL_P_S_CDC.SINGLE_BIT.CROSS_PLEVEL_IN2SCNDRY_s_level_out_d3) is unused and will be removed from module proc_sys_reset__1.
WARNING: [Synth 8-3332] Sequential element (EXT_LPF/ACTIVE_LOW_AUX.ACT_LO_AUX/GENERATE_LEVEL_P_S_CDC.SINGLE_BIT.CROSS_PLEVEL_IN2SCNDRY_s_level_out_d4) is unused and will be removed from module proc_sys_reset__1.
WARNING: [Synth 8-3332] Sequential element (EXT_LPF/ACTIVE_LOW_AUX.ACT_LO_AUX/GENERATE_LEVEL_P_S_CDC.SINGLE_BIT.CROSS_PLEVEL_IN2SCNDRY_s_level_out_d5) is unused and will be removed from module proc_sys_reset__1.
WARNING: [Synth 8-3332] Sequential element (EXT_LPF/ACTIVE_LOW_AUX.ACT_LO_AUX/GENERATE_LEVEL_P_S_CDC.SINGLE_BIT.CROSS_PLEVEL_IN2SCNDRY_s_level_out_d6) is unused and will be removed from module proc_sys_reset__1.
WARNING: [Synth 8-3332] Sequential element (FDRE_inst) is unused and will be removed from module proc_sys_reset__1.
WARNING: [Synth 8-3332] Sequential element (BSR_OUT_DFF[0].FDRE_BSR) is unused and will be removed from module proc_sys_reset__1.
WARNING: [Synth 8-3332] Sequential element (ACTIVE_LOW_BSR_OUT_DFF[0].FDRE_BSR_N) is unused and will be removed from module proc_sys_reset__1.
WARNING: [Synth 8-3332] Sequential element (PR_OUT_DFF[0].FDRE_PER) is unused and will be removed from module proc_sys_reset__1.
WARNING: [Synth 8-3332] Sequential element (ACTIVE_LOW_BSR_OUT_DFF[0].FDRE_BSR_N) is unused and will be removed from module proc_sys_reset__2.
WARNING: [Synth 8-3332] Sequential element (EXT_LPF/ACTIVE_LOW_EXT.ACT_LO_EXT/GENERATE_LEVEL_P_S_CDC.SINGLE_BIT.CROSS_PLEVEL_IN2SCNDRY_IN_cdc_to) is unused and will be removed from module proc_sys_reset__1.
WARNING: [Synth 8-3332] Sequential element (EXT_LPF/ACTIVE_LOW_EXT.ACT_LO_EXT/GENERATE_LEVEL_P_S_CDC.SINGLE_BIT.CROSS_PLEVEL_IN2SCNDRY_s_level_out_d2) is unused and will be removed from module proc_sys_reset__1.
WARNING: [Synth 8-3332] Sequential element (EXT_LPF/ACTIVE_LOW_EXT.ACT_LO_EXT/GENERATE_LEVEL_P_S_CDC.SINGLE_BIT.CROSS_PLEVEL_IN2SCNDRY_s_level_out_d3) is unused and will be removed from module proc_sys_reset__1.
WARNING: [Synth 8-3332] Sequential element (EXT_LPF/ACTIVE_LOW_EXT.ACT_LO_EXT/GENERATE_LEVEL_P_S_CDC.SINGLE_BIT.CROSS_PLEVEL_IN2SCNDRY_s_level_out_d4) is unused and will be removed from module proc_sys_reset__1.
WARNING: [Synth 8-3332] Sequential element (ACTIVE_LOW_PR_OUT_DFF[0].FDRE_PER_N) is unused and will be removed from module proc_sys_reset__1.
WARNING: [Synth 8-3917] design cm_buf_wctrl_augm__GB0 has port load_w_tfail[0] driven by constant 0
INFO: [Common 17-14] Message 'Synth 8-7129' appears 100 times and further instances of the messages will be disabled. Use the Tcl command set_msg_config to change the current settings.
INFO: [Synth 8-3886] merging instance 'state_machines[1].augm_img_mean.load_pad/pad_start_pre1_reg[4]' (FD) to 'state_machines[1].augm_img_mean.load_pad/pad_start_pre1_reg[0]'
INFO: [Synth 8-3886] merging instance 'state_machines[1].augm_img_mean.load_pad/pad_start_pre1_reg[3]' (FD) to 'state_machines[1].augm_img_mean.load_pad/pad_start_pre1_reg[0]'
INFO: [Synth 8-3886] merging instance 'state_machines[1].augm_img_mean.load_pad/pad_start_pre1_reg[2]' (FD) to 'state_machines[1].augm_img_mean.load_pad/pad_start_pre1_reg[0]'
INFO: [Synth 8-3886] merging instance 'state_machines[1].augm_img_mean.load_pad/pad_start_pre1_reg[1]' (FD) to 'state_machines[1].augm_img_mean.load_pad/pad_start_pre1_reg[0]'
INFO: [Synth 8-3333] propagating constant 0 across sequential element (\state_machines[1].augm_img_mean.load_pad /\pad_start_pre1_reg[0] )
INFO: [Synth 8-3886] merging instance 'state_machines[1].augm_img_mean.load_pad/padding_start_mask_pre1_reg[6]' (FDS) to 'state_machines[1].augm_img_mean.load_pad/padding_start_mask_pre1_reg[5]'
INFO: [Synth 8-3886] merging instance 'state_machines[1].augm_img_mean.load_pad/padding_start_mask_pre2_reg[6]' (FDS) to 'state_machines[1].augm_img_mean.load_pad/padding_start_mask_pre2_reg[5]'
INFO: [Synth 8-3886] merging instance 'state_machines[1].augm_img_mean.load_pad/img_mean_forbid.padding_mask_d1_reg[6]' (FD) to 'state_machines[1].augm_img_mean.load_pad/img_mean_forbid.padding_mask_d1_reg[0]'
INFO: [Synth 8-3886] merging instance 'state_machines[1].augm_img_mean.load_pad/padding_start_mask_pre3_reg[6]' (FDS) to 'state_machines[1].augm_img_mean.load_pad/padding_start_mask_pre3_reg[5]'
INFO: [Synth 8-3886] merging instance 'state_machines[1].augm_img_mean.load_pad/padding_start_mask_pre1_reg[5]' (FDS) to 'state_machines[1].augm_img_mean.load_pad/padding_start_mask_pre1_reg[4]'
INFO: [Synth 8-3886] merging instance 'state_machines[1].augm_img_mean.load_pad/padding_start_mask_pre2_reg[5]' (FDS) to 'state_machines[1].augm_img_mean.load_pad/padding_start_mask_pre2_reg[4]'
INFO: [Synth 8-3886] merging instance 'state_machines[1].augm_img_mean.load_pad/img_mean_forbid.padding_mask_d1_reg[5]' (FD) to 'state_machines[1].augm_img_mean.load_pad/img_mean_forbid.padding_mask_d1_reg[0]'
INFO: [Synth 8-3886] merging instance 'state_machines[1].augm_img_mean.load_pad/padding_start_mask_pre3_reg[5]' (FDS) to 'state_machines[1].augm_img_mean.load_pad/padding_start_mask_pre3_reg[4]'
INFO: [Synth 8-3886] merging instance 'state_machines[1].augm_img_mean.load_pad/padding_start_mask_pre1_reg[4]' (FDS) to 'state_machines[1].augm_img_mean.load_pad/padding_start_mask_pre1_reg[3]'
INFO: [Synth 8-3886] merging instance 'state_machines[1].augm_img_mean.load_pad/padding_start_mask_pre2_reg[4]' (FDS) to 'state_machines[1].augm_img_mean.load_pad/padding_start_mask_pre2_reg[3]'
INFO: [Synth 8-3886] merging instance 'state_machines[1].augm_img_mean.load_pad/img_mean_forbid.padding_mask_d1_reg[4]' (FD) to 'state_machines[1].augm_img_mean.load_pad/img_mean_forbid.padding_mask_d1_reg[0]'
INFO: [Synth 8-3886] merging instance 'state_machines[1].augm_img_mean.load_pad/padding_start_mask_pre3_reg[4]' (FDS) to 'state_machines[1].augm_img_mean.load_pad/padding_start_mask_pre3_reg[3]'
INFO: [Synth 8-3886] merging instance 'state_machines[1].augm_img_mean.load_pad/padding_start_mask_pre1_reg[3]' (FDS) to 'state_machines[1].augm_img_mean.load_pad/padding_start_mask_pre1_reg[2]'
INFO: [Synth 8-3886] merging instance 'state_machines[1].augm_img_mean.load_pad/padding_start_mask_pre2_reg[3]' (FDS) to 'state_machines[1].augm_img_mean.load_pad/padding_start_mask_pre2_reg[2]'
INFO: [Synth 8-3886] merging instance 'state_machines[1].augm_img_mean.load_pad/img_mean_forbid.padding_mask_d1_reg[3]' (FD) to 'state_machines[1].augm_img_mean.load_pad/img_mean_forbid.padding_mask_d1_reg[0]'
INFO: [Synth 8-3886] merging instance 'state_machines[1].augm_img_mean.load_pad/padding_start_mask_pre3_reg[3]' (FDS) to 'state_machines[1].augm_img_mean.load_pad/padding_start_mask_pre3_reg[2]'
INFO: [Synth 8-3886] merging instance 'state_machines[1].augm_img_mean.load_pad/padding_start_mask_pre1_reg[2]' (FDS) to 'state_machines[1].augm_img_mean.load_pad/padding_start_mask_pre1_reg[1]'
INFO: [Synth 8-3886] merging instance 'state_machines[1].augm_img_mean.load_pad/padding_start_mask_pre2_reg[2]' (FDS) to 'state_machines[1].augm_img_mean.load_pad/padding_start_mask_pre2_reg[1]'
INFO: [Synth 8-3886] merging instance 'state_machines[1].augm_img_mean.load_pad/img_mean_forbid.padding_mask_d1_reg[2]' (FD) to 'state_machines[1].augm_img_mean.load_pad/img_mean_forbid.padding_mask_d1_reg[0]'
INFO: [Synth 8-3886] merging instance 'state_machines[1].augm_img_mean.load_pad/padding_start_mask_pre3_reg[2]' (FDS) to 'state_machines[1].augm_img_mean.load_pad/padding_start_mask_pre3_reg[1]'
INFO: [Synth 8-3886] merging instance 'state_machines[1].augm_img_mean.load_pad/padding_start_mask_pre1_reg[1]' (FDS) to 'state_machines[1].augm_img_mean.load_pad/padding_start_mask_pre1_reg[0]'
INFO: [Synth 8-3886] merging instance 'state_machines[1].augm_img_mean.load_pad/padding_start_mask_pre2_reg[1]' (FDS) to 'state_machines[1].augm_img_mean.load_pad/padding_start_mask_pre2_reg[0]'
INFO: [Synth 8-3886] merging instance 'state_machines[1].augm_img_mean.load_pad/img_mean_forbid.padding_mask_d1_reg[1]' (FD) to 'state_machines[1].augm_img_mean.load_pad/img_mean_forbid.padding_mask_d1_reg[0]'
INFO: [Synth 8-3886] merging instance 'state_machines[1].augm_img_mean.load_pad/padding_start_mask_pre3_reg[1]' (FDS) to 'state_machines[1].augm_img_mean.load_pad/padding_start_mask_pre3_reg[0]'
INFO: [Synth 8-3886] merging instance 'state_machines[1].augm_img_mean.load_pad/padding_start_mask_pre1_reg[0]' (FDS) to 'state_machines[1].augm_img_mean.load_pad/padding_start_mask_pre1_reg[7]'
INFO: [Synth 8-3886] merging instance 'state_machines[1].augm_img_mean.load_pad/padding_start_mask_pre2_reg[0]' (FDS) to 'state_machines[1].augm_img_mean.load_pad/padding_start_mask_pre2_reg[7]'
INFO: [Synth 8-3886] merging instance 'state_machines[1].augm_img_mean.load_pad/img_mean_forbid.padding_mask_d1_reg[0]' (FD) to 'state_machines[1].augm_img_mean.load_pad/img_mean_forbid.padding_mask_d1_reg[7]'
INFO: [Synth 8-3886] merging instance 'state_machines[1].augm_img_mean.load_pad/padding_start_mask_pre3_reg[0]' (FDS) to 'state_machines[1].augm_img_mean.load_pad/padding_start_mask_pre3_reg[7]'
INFO: [Synth 8-3886] merging instance 'state_machines[1].augm_img_mean.load_pad/padding_end_mask_pre1_reg[13]' (FDS) to 'state_machines[1].augm_img_mean.load_pad/padding_end_mask_pre1_reg[12]'
INFO: [Synth 8-3886] merging instance 'state_machines[1].augm_img_mean.load_pad/padding_end_mask_pre2_reg[13]' (FDS) to 'state_machines[1].augm_img_mean.load_pad/padding_end_mask_pre2_reg[12]'
INFO: [Synth 8-3886] merging instance 'state_machines[1].augm_img_mean.load_pad/img_mean_forbid.padding_mask_d1_reg[13]' (FD) to 'state_machines[1].augm_img_mean.load_pad/img_mean_forbid.padding_mask_d1_reg[8]'
INFO: [Synth 8-3886] merging instance 'state_machines[1].augm_img_mean.load_pad/padding_end_mask_pre3_reg[13]' (FDS) to 'state_machines[1].augm_img_mean.load_pad/padding_end_mask_pre3_reg[12]'
INFO: [Synth 8-3886] merging instance 'state_machines[1].augm_img_mean.load_pad/padding_end_mask_pre1_reg[12]' (FDS) to 'state_machines[1].augm_img_mean.load_pad/padding_end_mask_pre1_reg[11]'
INFO: [Synth 8-3886] merging instance 'state_machines[1].augm_img_mean.load_pad/padding_end_mask_pre2_reg[12]' (FDS) to 'state_machines[1].augm_img_mean.load_pad/padding_end_mask_pre2_reg[11]'
INFO: [Synth 8-3886] merging instance 'state_machines[1].augm_img_mean.load_pad/img_mean_forbid.padding_mask_d1_reg[12]' (FD) to 'state_machines[1].augm_img_mean.load_pad/img_mean_forbid.padding_mask_d1_reg[8]'
INFO: [Synth 8-3886] merging instance 'state_machines[1].augm_img_mean.load_pad/padding_end_mask_pre3_reg[12]' (FDS) to 'state_machines[1].augm_img_mean.load_pad/padding_end_mask_pre3_reg[11]'
INFO: [Synth 8-3886] merging instance 'state_machines[1].augm_img_mean.load_pad/padding_end_mask_pre1_reg[11]' (FDS) to 'state_machines[1].augm_img_mean.load_pad/padding_end_mask_pre1_reg[10]'
INFO: [Synth 8-3886] merging instance 'state_machines[1].augm_img_mean.load_pad/padding_end_mask_pre2_reg[11]' (FDS) to 'state_machines[1].augm_img_mean.load_pad/padding_end_mask_pre2_reg[10]'
INFO: [Synth 8-3886] merging instance 'state_machines[1].augm_img_mean.load_pad/img_mean_forbid.padding_mask_d1_reg[11]' (FD) to 'state_machines[1].augm_img_mean.load_pad/img_mean_forbid.padding_mask_d1_reg[8]'
INFO: [Synth 8-3886] merging instance 'state_machines[1].augm_img_mean.load_pad/padding_end_mask_pre3_reg[11]' (FDS) to 'state_machines[1].augm_img_mean.load_pad/padding_end_mask_pre3_reg[10]'
INFO: [Synth 8-3886] merging instance 'state_machines[1].augm_img_mean.load_pad/padding_end_mask_pre1_reg[10]' (FDS) to 'state_machines[1].augm_img_mean.load_pad/padding_end_mask_pre1_reg[9]'
INFO: [Synth 8-3886] merging instance 'state_machines[1].augm_img_mean.load_pad/padding_end_mask_pre2_reg[10]' (FDS) to 'state_machines[1].augm_img_mean.load_pad/padding_end_mask_pre2_reg[9]'
INFO: [Synth 8-3886] merging instance 'state_machines[1].augm_img_mean.load_pad/img_mean_forbid.padding_mask_d1_reg[10]' (FD) to 'state_machines[1].augm_img_mean.load_pad/img_mean_forbid.padding_mask_d1_reg[8]'
INFO: [Synth 8-3886] merging instance 'state_machines[1].augm_img_mean.load_pad/padding_end_mask_pre3_reg[10]' (FDS) to 'state_machines[1].augm_img_mean.load_pad/padding_end_mask_pre3_reg[9]'
INFO: [Synth 8-3886] merging instance 'state_machines[1].augm_img_mean.load_pad/padding_end_mask_pre1_reg[9]' (FDS) to 'state_machines[1].augm_img_mean.load_pad/padding_end_mask_pre1_reg[8]'
INFO: [Synth 8-3886] merging instance 'state_machines[1].augm_img_mean.load_pad/padding_end_mask_pre2_reg[9]' (FDS) to 'state_machines[1].augm_img_mean.load_pad/padding_end_mask_pre2_reg[8]'
INFO: [Synth 8-3886] merging instance 'state_machines[1].augm_img_mean.load_pad/img_mean_forbid.padding_mask_d1_reg[9]' (FD) to 'state_machines[1].augm_img_mean.load_pad/img_mean_forbid.padding_mask_d1_reg[8]'
INFO: [Synth 8-3886] merging instance 'state_machines[1].augm_img_mean.load_pad/padding_end_mask_pre3_reg[9]' (FDS) to 'state_machines[1].augm_img_mean.load_pad/padding_end_mask_pre3_reg[8]'
INFO: [Synth 8-3886] merging instance 'state_machines[1].augm_img_mean.load_pad/padding_end_mask_pre1_reg[8]' (FDS) to 'state_machines[1].augm_img_mean.load_pad/padding_end_mask_pre1_reg[15]'
INFO: [Synth 8-3886] merging instance 'state_machines[1].augm_img_mean.load_pad/padding_end_mask_pre2_reg[8]' (FDS) to 'state_machines[1].augm_img_mean.load_pad/padding_end_mask_pre2_reg[15]'
INFO: [Synth 8-3886] merging instance 'state_machines[1].augm_img_mean.load_pad/img_mean_forbid.padding_mask_d1_reg[8]' (FD) to 'state_machines[1].augm_img_mean.load_pad/img_mean_forbid.padding_mask_d1_reg[14]'
INFO: [Synth 8-3886] merging instance 'state_machines[1].augm_img_mean.load_pad/padding_end_mask_pre3_reg[8]' (FDS) to 'state_machines[1].augm_img_mean.load_pad/padding_end_mask_pre3_reg[15]'
INFO: [Synth 8-3886] merging instance 'state_machines[1].augm_img_mean.load_pad/padding_start_mask_pre1_reg[20]' (FDS) to 'state_machines[1].augm_img_mean.load_pad/padding_start_mask_pre1_reg[19]'
INFO: [Synth 8-3886] merging instance 'state_machines[1].augm_img_mean.load_pad/padding_start_mask_pre2_reg[20]' (FDS) to 'state_machines[1].augm_img_mean.load_pad/padding_start_mask_pre2_reg[19]'
INFO: [Synth 8-3886] merging instance 'state_machines[1].augm_img_mean.load_pad/img_mean_forbid.padding_mask_d1_reg[20]' (FD) to 'state_machines[1].augm_img_mean.load_pad/img_mean_forbid.padding_mask_d1_reg[16]'
INFO: [Synth 8-3886] merging instance 'state_machines[1].augm_img_mean.load_pad/padding_start_mask_pre3_reg[20]' (FDS) to 'state_machines[1].augm_img_mean.load_pad/padding_start_mask_pre3_reg[19]'
INFO: [Synth 8-3886] merging instance 'state_machines[1].augm_img_mean.load_pad/padding_start_mask_pre1_reg[19]' (FDS) to 'state_machines[1].augm_img_mean.load_pad/padding_start_mask_pre1_reg[18]'
INFO: [Synth 8-3886] merging instance 'state_machines[1].augm_img_mean.load_pad/padding_start_mask_pre2_reg[19]' (FDS) to 'state_machines[1].augm_img_mean.load_pad/padding_start_mask_pre2_reg[18]'
INFO: [Synth 8-3886] merging instance 'state_machines[1].augm_img_mean.load_pad/img_mean_forbid.padding_mask_d1_reg[19]' (FD) to 'state_machines[1].augm_img_mean.load_pad/img_mean_forbid.padding_mask_d1_reg[16]'
INFO: [Synth 8-3886] merging instance 'state_machines[1].augm_img_mean.load_pad/padding_start_mask_pre3_reg[19]' (FDS) to 'state_machines[1].augm_img_mean.load_pad/padding_start_mask_pre3_reg[18]'
INFO: [Synth 8-3886] merging instance 'state_machines[1].augm_img_mean.load_pad/padding_start_mask_pre1_reg[18]' (FDS) to 'state_machines[1].augm_img_mean.load_pad/padding_start_mask_pre1_reg[17]'
INFO: [Synth 8-3886] merging instance 'state_machines[1].augm_img_mean.load_pad/padding_start_mask_pre2_reg[18]' (FDS) to 'state_machines[1].augm_img_mean.load_pad/padding_start_mask_pre2_reg[17]'
INFO: [Synth 8-3886] merging instance 'state_machines[1].augm_img_mean.load_pad/img_mean_forbid.padding_mask_d1_reg[18]' (FD) to 'state_machines[1].augm_img_mean.load_pad/img_mean_forbid.padding_mask_d1_reg[16]'
INFO: [Synth 8-3886] merging instance 'state_machines[1].augm_img_mean.load_pad/padding_start_mask_pre3_reg[18]' (FDS) to 'state_machines[1].augm_img_mean.load_pad/padding_start_mask_pre3_reg[17]'
INFO: [Synth 8-3886] merging instance 'state_machines[1].augm_img_mean.load_pad/padding_start_mask_pre1_reg[17]' (FDS) to 'state_machines[1].augm_img_mean.load_pad/padding_start_mask_pre1_reg[16]'
INFO: [Synth 8-3886] merging instance 'state_machines[1].augm_img_mean.load_pad/padding_start_mask_pre2_reg[17]' (FDS) to 'state_machines[1].augm_img_mean.load_pad/padding_start_mask_pre2_reg[16]'
INFO: [Synth 8-3886] merging instance 'state_machines[1].augm_img_mean.load_pad/img_mean_forbid.padding_mask_d1_reg[17]' (FD) to 'state_machines[1].augm_img_mean.load_pad/img_mean_forbid.padding_mask_d1_reg[16]'
INFO: [Synth 8-3886] merging instance 'state_machines[1].augm_img_mean.load_pad/padding_start_mask_pre3_reg[17]' (FDS) to 'state_machines[1].augm_img_mean.load_pad/padding_start_mask_pre3_reg[16]'
INFO: [Synth 8-3886] merging instance 'state_machines[1].augm_img_mean.load_pad/padding_start_mask_pre1_reg[16]' (FDS) to 'state_machines[1].augm_img_mean.load_pad/padding_start_mask_pre1_reg[23]'
INFO: [Synth 8-3886] merging instance 'state_machines[1].augm_img_mean.load_pad/padding_start_mask_pre2_reg[16]' (FDS) to 'state_machines[1].augm_img_mean.load_pad/padding_start_mask_pre2_reg[23]'
INFO: [Synth 8-3886] merging instance 'state_machines[1].augm_img_mean.load_pad/img_mean_forbid.padding_mask_d1_reg[16]' (FD) to 'state_machines[1].augm_img_mean.load_pad/img_mean_forbid.padding_mask_d1_reg[21]'
INFO: [Synth 8-3886] merging instance 'state_machines[1].augm_img_mean.load_pad/padding_start_mask_pre3_reg[16]' (FDS) to 'state_machines[1].augm_img_mean.load_pad/padding_start_mask_pre3_reg[23]'
INFO: [Synth 8-3886] merging instance 'state_machines[1].augm_img_mean.load_pad/padding_end_mask_pre1_reg[15]' (FDS) to 'state_machines[1].augm_img_mean.load_pad/padding_end_mask_pre1_reg[14]'
INFO: [Synth 8-3886] merging instance 'state_machines[1].augm_img_mean.load_pad/padding_end_mask_pre2_reg[15]' (FDS) to 'state_machines[1].augm_img_mean.load_pad/padding_end_mask_pre2_reg[14]'
INFO: [Synth 8-3886] merging instance 'state_machines[1].augm_img_mean.load_pad/img_mean_forbid.padding_mask_d1_reg[15]' (FD) to 'state_machines[1].augm_img_mean.load_pad/img_mean_forbid.padding_mask_d1_reg[14]'
INFO: [Synth 8-3886] merging instance 'state_machines[1].augm_img_mean.load_pad/padding_end_mask_pre3_reg[15]' (FDS) to 'state_machines[1].augm_img_mean.load_pad/padding_end_mask_pre3_reg[14]'
INFO: [Synth 8-3886] merging instance 'state_machines[1].augm_img_mean.load_pad/padding_end_mask_pre1_reg[27]' (FDS) to 'state_machines[1].augm_img_mean.load_pad/padding_end_mask_pre1_reg[26]'
INFO: [Synth 8-3886] merging instance 'state_machines[1].augm_img_mean.load_pad/padding_end_mask_pre2_reg[27]' (FDS) to 'state_machines[1].augm_img_mean.load_pad/padding_end_mask_pre2_reg[26]'
INFO: [Synth 8-3886] merging instance 'state_machines[1].augm_img_mean.load_pad/img_mean_forbid.padding_mask_d1_reg[27]' (FD) to 'state_machines[1].augm_img_mean.load_pad/img_mean_forbid.padding_mask_d1_reg[24]'
INFO: [Synth 8-3886] merging instance 'state_machines[1].augm_img_mean.load_pad/padding_end_mask_pre3_reg[27]' (FDS) to 'state_machines[1].augm_img_mean.load_pad/padding_end_mask_pre3_reg[26]'
INFO: [Synth 8-3886] merging instance 'state_machines[1].augm_img_mean.load_pad/padding_end_mask_pre1_reg[26]' (FDS) to 'state_machines[1].augm_img_mean.load_pad/padding_end_mask_pre1_reg[25]'
INFO: [Synth 8-3886] merging instance 'state_machines[1].augm_img_mean.load_pad/padding_end_mask_pre2_reg[26]' (FDS) to 'state_machines[1].augm_img_mean.load_pad/padding_end_mask_pre2_reg[25]'
INFO: [Synth 8-3886] merging instance 'state_machines[1].augm_img_mean.load_pad/img_mean_forbid.padding_mask_d1_reg[26]' (FD) to 'state_machines[1].augm_img_mean.load_pad/img_mean_forbid.padding_mask_d1_reg[24]'
INFO: [Synth 8-3886] merging instance 'state_machines[1].augm_img_mean.load_pad/padding_end_mask_pre3_reg[26]' (FDS) to 'state_machines[1].augm_img_mean.load_pad/padding_end_mask_pre3_reg[25]'
INFO: [Synth 8-3886] merging instance 'state_machines[1].augm_img_mean.load_pad/padding_end_mask_pre1_reg[25]' (FDS) to 'state_machines[1].augm_img_mean.load_pad/padding_end_mask_pre1_reg[24]'
INFO: [Synth 8-3886] merging instance 'state_machines[1].augm_img_mean.load_pad/padding_end_mask_pre2_reg[25]' (FDS) to 'state_machines[1].augm_img_mean.load_pad/padding_end_mask_pre2_reg[24]'
INFO: [Synth 8-3886] merging instance 'state_machines[1].augm_img_mean.load_pad/img_mean_forbid.padding_mask_d1_reg[25]' (FD) to 'state_machines[1].augm_img_mean.load_pad/img_mean_forbid.padding_mask_d1_reg[24]'
INFO: [Synth 8-3886] merging instance 'state_machines[1].augm_img_mean.load_pad/padding_end_mask_pre3_reg[25]' (FDS) to 'state_machines[1].augm_img_mean.load_pad/padding_end_mask_pre3_reg[24]'
INFO: [Synth 8-3886] merging instance 'state_machines[1].augm_img_mean.load_pad/padding_end_mask_pre1_reg[24]' (FDS) to 'state_machines[1].augm_img_mean.load_pad/padding_end_mask_pre1_reg[31]'
INFO: [Synth 8-3886] merging instance 'state_machines[1].augm_img_mean.load_pad/padding_end_mask_pre2_reg[24]' (FDS) to 'state_machines[1].augm_img_mean.load_pad/padding_end_mask_pre2_reg[31]'
INFO: [Synth 8-3886] merging instance 'state_machines[1].augm_img_mean.load_pad/img_mean_forbid.padding_mask_d1_reg[24]' (FD) to 'state_machines[1].augm_img_mean.load_pad/img_mean_forbid.padding_mask_d1_reg[28]'
INFO: [Synth 8-3886] merging instance 'state_machines[1].augm_img_mean.load_pad/padding_end_mask_pre3_reg[24]' (FDS) to 'state_machines[1].augm_img_mean.load_pad/padding_end_mask_pre3_reg[31]'
INFO: [Synth 8-3886] merging instance 'state_machines[1].augm_img_mean.load_pad/padding_start_mask_pre1_reg[23]' (FDS) to 'state_machines[1].augm_img_mean.load_pad/padding_start_mask_pre1_reg[22]'
INFO: [Synth 8-3886] merging instance 'state_machines[1].augm_img_mean.load_pad/padding_start_mask_pre2_reg[23]' (FDS) to 'state_machines[1].augm_img_mean.load_pad/padding_start_mask_pre2_reg[22]'
INFO: [Synth 8-3886] merging instance 'state_machines[1].augm_img_mean.load_pad/img_mean_forbid.padding_mask_d1_reg[23]' (FD) to 'state_machines[1].augm_img_mean.load_pad/img_mean_forbid.padding_mask_d1_reg[21]'
INFO: [Synth 8-3886] merging instance 'state_machines[1].augm_img_mean.load_pad/padding_start_mask_pre3_reg[23]' (FDS) to 'state_machines[1].augm_img_mean.load_pad/padding_start_mask_pre3_reg[22]'
INFO: [Common 17-14] Message 'Synth 8-3886' appears 100 times and further instances of the messages will be disabled. Use the Tcl command set_msg_config to change the current settings.
INFO: [Common 17-14] Message 'Synth 8-3886' appears 100 times and further instances of the messages will be disabled. Use the Tcl command set_msg_config to change the current settings.
INFO: [Synth 8-3333] propagating constant 0 across sequential element (\state_machines[0].pop_data3_reg )
WARNING: [Synth 8-3917] design cm_buf_wctrl_augm__GB1 has port load_b_tfail[0] driven by constant 0
WARNING: [Synth 8-3917] design cm_buf_wctrl_augm__GB1 has port state_machines[0].mean_fifo_pfull driven by constant 0
WARNING: [Synth 8-3917] design cm_buf_wctrl_augm__GB1 has port state_machines[0].bias_fifo_pfull driven by constant 0
INFO: [Synth 8-3333] propagating constant 0 across sequential element (\state_machines[0].augm_img_mean.load_pad /\pad_start_pre1_reg[0] )
INFO: [Synth 8-3333] propagating constant 0 across sequential element (\state_machines[1].cs_reg[1] )
WARNING: [Synth 8-3917] design buf_top__GB0 has port mean_ram_rddata[127] driven by constant 0
WARNING: [Synth 8-3917] design buf_top__GB0 has port mean_ram_rddata[126] driven by constant 0
WARNING: [Synth 8-3917] design buf_top__GB0 has port mean_ram_rddata[125] driven by constant 0
WARNING: [Synth 8-3917] design buf_top__GB0 has port mean_ram_rddata[124] driven by constant 0
WARNING: [Synth 8-3917] design buf_top__GB0 has port mean_ram_rddata[123] driven by constant 0
WARNING: [Synth 8-3917] design buf_top__GB0 has port mean_ram_rddata[122] driven by constant 0
WARNING: [Synth 8-3917] design buf_top__GB0 has port mean_ram_rddata[121] driven by constant 0
WARNING: [Synth 8-3917] design buf_top__GB0 has port mean_ram_rddata[120] driven by constant 0
WARNING: [Synth 8-3917] design buf_top__GB0 has port mean_ram_rddata[119] driven by constant 0
WARNING: [Synth 8-3917] design buf_top__GB0 has port mean_ram_rddata[118] driven by constant 0
WARNING: [Synth 8-3917] design buf_top__GB0 has port mean_ram_rddata[117] driven by constant 0
WARNING: [Synth 8-3917] design buf_top__GB0 has port mean_ram_rddata[116] driven by constant 0
WARNING: [Synth 8-3917] design buf_top__GB0 has port mean_ram_rddata[115] driven by constant 0
WARNING: [Synth 8-3917] design buf_top__GB0 has port mean_ram_rddata[114] driven by constant 0
WARNING: [Synth 8-3917] design buf_top__GB0 has port mean_ram_rddata[113] driven by constant 0
WARNING: [Synth 8-3917] design buf_top__GB0 has port mean_ram_rddata[112] driven by constant 0
WARNING: [Synth 8-3917] design buf_top__GB0 has port mean_ram_rddata[111] driven by constant 0
WARNING: [Synth 8-3917] design buf_top__GB0 has port mean_ram_rddata[110] driven by constant 0
WARNING: [Synth 8-3917] design buf_top__GB0 has port mean_ram_rddata[109] driven by constant 0
WARNING: [Synth 8-3917] design buf_top__GB0 has port mean_ram_rddata[108] driven by constant 0
WARNING: [Synth 8-3917] design buf_top__GB0 has port mean_ram_rddata[107] driven by constant 0
WARNING: [Synth 8-3917] design buf_top__GB0 has port mean_ram_rddata[106] driven by constant 0
WARNING: [Synth 8-3917] design buf_top__GB0 has port mean_ram_rddata[105] driven by constant 0
WARNING: [Synth 8-3917] design buf_top__GB0 has port mean_ram_rddata[104] driven by constant 0
WARNING: [Synth 8-3917] design buf_top__GB0 has port mean_ram_rddata[103] driven by constant 0
WARNING: [Synth 8-3917] design buf_top__GB0 has port mean_ram_rddata[102] driven by constant 0
WARNING: [Synth 8-3917] design buf_top__GB0 has port mean_ram_rddata[101] driven by constant 0
WARNING: [Synth 8-3917] design buf_top__GB0 has port mean_ram_rddata[100] driven by constant 0
WARNING: [Synth 8-3917] design buf_top__GB0 has port mean_ram_rddata[99] driven by constant 0
WARNING: [Synth 8-3917] design buf_top__GB0 has port mean_ram_rddata[98] driven by constant 0
WARNING: [Synth 8-3917] design buf_top__GB0 has port mean_ram_rddata[97] driven by constant 0
WARNING: [Synth 8-3917] design buf_top__GB0 has port mean_ram_rddata[96] driven by constant 0
WARNING: [Synth 8-3917] design buf_top__GB0 has port mean_ram_rddata[95] driven by constant 0
WARNING: [Synth 8-3917] design buf_top__GB0 has port mean_ram_rddata[94] driven by constant 0
WARNING: [Synth 8-3917] design buf_top__GB0 has port mean_ram_rddata[93] driven by constant 0
WARNING: [Synth 8-3917] design buf_top__GB0 has port mean_ram_rddata[92] driven by constant 0
WARNING: [Synth 8-3917] design buf_top__GB0 has port mean_ram_rddata[91] driven by constant 0
WARNING: [Synth 8-3917] design buf_top__GB0 has port mean_ram_rddata[90] driven by constant 0
WARNING: [Synth 8-3917] design buf_top__GB0 has port mean_ram_rddata[89] driven by constant 0
WARNING: [Synth 8-3917] design buf_top__GB0 has port mean_ram_rddata[88] driven by constant 0
WARNING: [Synth 8-3917] design buf_top__GB0 has port mean_ram_rddata[87] driven by constant 0
WARNING: [Synth 8-3917] design buf_top__GB0 has port mean_ram_rddata[86] driven by constant 0
WARNING: [Synth 8-3917] design buf_top__GB0 has port mean_ram_rddata[85] driven by constant 0
WARNING: [Synth 8-3917] design buf_top__GB0 has port mean_ram_rddata[84] driven by constant 0
WARNING: [Synth 8-3917] design buf_top__GB0 has port mean_ram_rddata[83] driven by constant 0
WARNING: [Synth 8-3917] design buf_top__GB0 has port mean_ram_rddata[82] driven by constant 0
WARNING: [Synth 8-3917] design buf_top__GB0 has port mean_ram_rddata[81] driven by constant 0
WARNING: [Synth 8-3917] design buf_top__GB0 has port mean_ram_rddata[80] driven by constant 0
WARNING: [Synth 8-3917] design buf_top__GB0 has port mean_ram_rddata[79] driven by constant 0
WARNING: [Synth 8-3917] design buf_top__GB0 has port mean_ram_rddata[78] driven by constant 0
WARNING: [Synth 8-3917] design buf_top__GB0 has port mean_ram_rddata[77] driven by constant 0
WARNING: [Synth 8-3917] design buf_top__GB0 has port mean_ram_rddata[76] driven by constant 0
WARNING: [Synth 8-3917] design buf_top__GB0 has port mean_ram_rddata[75] driven by constant 0
WARNING: [Synth 8-3917] design buf_top__GB0 has port mean_ram_rddata[74] driven by constant 0
WARNING: [Synth 8-3917] design buf_top__GB0 has port mean_ram_rddata[73] driven by constant 0
WARNING: [Synth 8-3917] design buf_top__GB0 has port mean_ram_rddata[72] driven by constant 0
WARNING: [Synth 8-3917] design buf_top__GB0 has port mean_ram_rddata[71] driven by constant 0
WARNING: [Synth 8-3917] design buf_top__GB0 has port mean_ram_rddata[70] driven by constant 0
WARNING: [Synth 8-3917] design buf_top__GB0 has port mean_ram_rddata[69] driven by constant 0
WARNING: [Synth 8-3917] design buf_top__GB0 has port mean_ram_rddata[68] driven by constant 0
WARNING: [Synth 8-3917] design buf_top__GB0 has port mean_ram_rddata[67] driven by constant 0
WARNING: [Synth 8-3917] design buf_top__GB0 has port mean_ram_rddata[66] driven by constant 0
WARNING: [Synth 8-3917] design buf_top__GB0 has port mean_ram_rddata[65] driven by constant 0
WARNING: [Synth 8-3917] design buf_top__GB0 has port mean_ram_rddata[64] driven by constant 0
WARNING: [Synth 8-3917] design buf_top__GB0 has port mean_ram_rddata[63] driven by constant 0
WARNING: [Synth 8-3917] design buf_top__GB0 has port mean_ram_rddata[62] driven by constant 0
WARNING: [Synth 8-3917] design buf_top__GB0 has port mean_ram_rddata[61] driven by constant 0
WARNING: [Synth 8-3917] design buf_top__GB0 has port mean_ram_rddata[60] driven by constant 0
WARNING: [Synth 8-3917] design buf_top__GB0 has port mean_ram_rddata[59] driven by constant 0
WARNING: [Synth 8-3917] design buf_top__GB0 has port mean_ram_rddata[58] driven by constant 0
WARNING: [Synth 8-3917] design buf_top__GB0 has port mean_ram_rddata[57] driven by constant 0
WARNING: [Synth 8-3917] design buf_top__GB0 has port mean_ram_rddata[56] driven by constant 0
WARNING: [Synth 8-3917] design buf_top__GB0 has port mean_ram_rddata[55] driven by constant 0
WARNING: [Synth 8-3917] design buf_top__GB0 has port mean_ram_rddata[54] driven by constant 0
WARNING: [Synth 8-3917] design buf_top__GB0 has port mean_ram_rddata[53] driven by constant 0
WARNING: [Synth 8-3917] design buf_top__GB0 has port mean_ram_rddata[52] driven by constant 0
WARNING: [Synth 8-3917] design buf_top__GB0 has port mean_ram_rddata[51] driven by constant 0
WARNING: [Synth 8-3917] design buf_top__GB0 has port mean_ram_rddata[50] driven by constant 0
WARNING: [Synth 8-3917] design buf_top__GB0 has port mean_ram_rddata[49] driven by constant 0
WARNING: [Synth 8-3917] design buf_top__GB0 has port mean_ram_rddata[48] driven by constant 0
WARNING: [Synth 8-3917] design buf_top__GB0 has port mean_ram_rddata[47] driven by constant 0
WARNING: [Synth 8-3917] design buf_top__GB0 has port mean_ram_rddata[46] driven by constant 0
WARNING: [Synth 8-3917] design buf_top__GB0 has port mean_ram_rddata[45] driven by constant 0
WARNING: [Synth 8-3917] design buf_top__GB0 has port mean_ram_rddata[44] driven by constant 0
WARNING: [Synth 8-3917] design buf_top__GB0 has port mean_ram_rddata[43] driven by constant 0
WARNING: [Synth 8-3917] design buf_top__GB0 has port mean_ram_rddata[42] driven by constant 0
WARNING: [Synth 8-3917] design buf_top__GB0 has port mean_ram_rddata[41] driven by constant 0
WARNING: [Synth 8-3917] design buf_top__GB0 has port mean_ram_rddata[40] driven by constant 0
WARNING: [Synth 8-3917] design buf_top__GB0 has port mean_ram_rddata[39] driven by constant 0
WARNING: [Synth 8-3917] design buf_top__GB0 has port mean_ram_rddata[38] driven by constant 0
WARNING: [Synth 8-3917] design buf_top__GB0 has port mean_ram_rddata[37] driven by constant 0
WARNING: [Synth 8-3917] design buf_top__GB0 has port mean_ram_rddata[36] driven by constant 0
WARNING: [Synth 8-3917] design buf_top__GB0 has port mean_ram_rddata[35] driven by constant 0
WARNING: [Synth 8-3917] design buf_top__GB0 has port mean_ram_rddata[34] driven by constant 0
WARNING: [Synth 8-3917] design buf_top__GB0 has port mean_ram_rddata[33] driven by constant 0
WARNING: [Synth 8-3917] design buf_top__GB0 has port mean_ram_rddata[32] driven by constant 0
INFO: [Common 17-14] Message 'Synth 8-3917' appears 100 times and further instances of the messages will be disabled. Use the Tcl command set_msg_config to change the current settings.
INFO: [Common 17-14] Message 'Synth 8-3917' appears 100 times and further instances of the messages will be disabled. Use the Tcl command set_msg_config to change the current settings.
INFO: [Synth 8-5555] Implemented Block Ram Cascade chain of height 2 and width 36 for RAM "\u_buf_wrapper/u_img_buf/unpack_ram_addr[0].u_ram/gen_bram_dram.ram_reg "
INFO: [Synth 8-5555] Implemented Block Ram Cascade chain of height 2 and width 36 for RAM "\u_buf_wrapper/u_img_buf/unpack_ram_addr[0].u_ram/gen_bram_dram.ram_reg "
INFO: [Synth 8-5555] Implemented Block Ram Cascade chain of height 2 and width 36 for RAM "\u_buf_wrapper/u_img_buf/unpack_ram_addr[0].u_ram/gen_bram_dram.ram_reg "
INFO: [Synth 8-7030] Implemented Non-Cascaded Block Ram (cascade_height = 1) of width 18 for RAM "\u_buf_wrapper/u_img_buf/unpack_ram_addr[0].u_ram/gen_bram_dram.ram_reg "
INFO: [Synth 8-7030] Implemented Non-Cascaded Block Ram (cascade_height = 1) of width 2 for RAM "\u_buf_wrapper/u_img_buf/unpack_ram_addr[0].u_ram/gen_bram_dram.ram_reg "
INFO: [Synth 8-5555] Implemented Block Ram Cascade chain of height 2 and width 36 for RAM "\u_buf_wrapper/u_img_buf/unpack_ram_addr[1].u_ram/gen_bram_dram.ram_reg "
INFO: [Synth 8-5555] Implemented Block Ram Cascade chain of height 2 and width 36 for RAM "\u_buf_wrapper/u_img_buf/unpack_ram_addr[1].u_ram/gen_bram_dram.ram_reg "
INFO: [Synth 8-5555] Implemented Block Ram Cascade chain of height 2 and width 36 for RAM "\u_buf_wrapper/u_img_buf/unpack_ram_addr[1].u_ram/gen_bram_dram.ram_reg "
INFO: [Synth 8-7030] Implemented Non-Cascaded Block Ram (cascade_height = 1) of width 18 for RAM "\u_buf_wrapper/u_img_buf/unpack_ram_addr[1].u_ram/gen_bram_dram.ram_reg "
INFO: [Synth 8-7030] Implemented Non-Cascaded Block Ram (cascade_height = 1) of width 2 for RAM "\u_buf_wrapper/u_img_buf/unpack_ram_addr[1].u_ram/gen_bram_dram.ram_reg "
INFO: [Synth 8-5555] Implemented Block Ram Cascade chain of height 2 and width 36 for RAM "\u_buf_wrapper/u_img_buf/unpack_ram_addr[2].u_ram/gen_bram_dram.ram_reg "
INFO: [Synth 8-5555] Implemented Block Ram Cascade chain of height 2 and width 36 for RAM "\u_buf_wrapper/u_img_buf/unpack_ram_addr[2].u_ram/gen_bram_dram.ram_reg "
INFO: [Synth 8-5555] Implemented Block Ram Cascade chain of height 2 and width 36 for RAM "\u_buf_wrapper/u_img_buf/unpack_ram_addr[2].u_ram/gen_bram_dram.ram_reg "
INFO: [Synth 8-7030] Implemented Non-Cascaded Block Ram (cascade_height = 1) of width 18 for RAM "\u_buf_wrapper/u_img_buf/unpack_ram_addr[2].u_ram/gen_bram_dram.ram_reg "
INFO: [Synth 8-7030] Implemented Non-Cascaded Block Ram (cascade_height = 1) of width 2 for RAM "\u_buf_wrapper/u_img_buf/unpack_ram_addr[2].u_ram/gen_bram_dram.ram_reg "
INFO: [Synth 8-5555] Implemented Block Ram Cascade chain of height 2 and width 36 for RAM "\u_buf_wrapper/u_img_buf/unpack_ram_addr[3].u_ram/gen_bram_dram.ram_reg "
INFO: [Synth 8-5555] Implemented Block Ram Cascade chain of height 2 and width 36 for RAM "\u_buf_wrapper/u_img_buf/unpack_ram_addr[3].u_ram/gen_bram_dram.ram_reg "
INFO: [Synth 8-5555] Implemented Block Ram Cascade chain of height 2 and width 36 for RAM "\u_buf_wrapper/u_img_buf/unpack_ram_addr[3].u_ram/gen_bram_dram.ram_reg "
INFO: [Synth 8-7030] Implemented Non-Cascaded Block Ram (cascade_height = 1) of width 18 for RAM "\u_buf_wrapper/u_img_buf/unpack_ram_addr[3].u_ram/gen_bram_dram.ram_reg "
INFO: [Synth 8-7030] Implemented Non-Cascaded Block Ram (cascade_height = 1) of width 2 for RAM "\u_buf_wrapper/u_img_buf/unpack_ram_addr[3].u_ram/gen_bram_dram.ram_reg "
INFO: [Synth 8-5555] Implemented Block Ram Cascade chain of height 2 and width 36 for RAM "\u_buf_wrapper/u_img_buf/unpack_ram_addr[4].u_ram/gen_bram_dram.ram_reg "
INFO: [Synth 8-5555] Implemented Block Ram Cascade chain of height 2 and width 36 for RAM "\u_buf_wrapper/u_img_buf/unpack_ram_addr[4].u_ram/gen_bram_dram.ram_reg "
INFO: [Synth 8-5555] Implemented Block Ram Cascade chain of height 2 and width 36 for RAM "\u_buf_wrapper/u_img_buf/unpack_ram_addr[4].u_ram/gen_bram_dram.ram_reg "
INFO: [Synth 8-7030] Implemented Non-Cascaded Block Ram (cascade_height = 1) of width 18 for RAM "\u_buf_wrapper/u_img_buf/unpack_ram_addr[4].u_ram/gen_bram_dram.ram_reg "
INFO: [Synth 8-7030] Implemented Non-Cascaded Block Ram (cascade_height = 1) of width 2 for RAM "\u_buf_wrapper/u_img_buf/unpack_ram_addr[4].u_ram/gen_bram_dram.ram_reg "
INFO: [Synth 8-5555] Implemented Block Ram Cascade chain of height 2 and width 36 for RAM "\u_buf_wrapper/u_img_buf/unpack_ram_addr[5].u_ram/gen_bram_dram.ram_reg "
INFO: [Synth 8-5555] Implemented Block Ram Cascade chain of height 2 and width 36 for RAM "\u_buf_wrapper/u_img_buf/unpack_ram_addr[5].u_ram/gen_bram_dram.ram_reg "
INFO: [Synth 8-5555] Implemented Block Ram Cascade chain of height 2 and width 36 for RAM "\u_buf_wrapper/u_img_buf/unpack_ram_addr[5].u_ram/gen_bram_dram.ram_reg "
INFO: [Synth 8-7030] Implemented Non-Cascaded Block Ram (cascade_height = 1) of width 18 for RAM "\u_buf_wrapper/u_img_buf/unpack_ram_addr[5].u_ram/gen_bram_dram.ram_reg "
INFO: [Synth 8-7030] Implemented Non-Cascaded Block Ram (cascade_height = 1) of width 2 for RAM "\u_buf_wrapper/u_img_buf/unpack_ram_addr[5].u_ram/gen_bram_dram.ram_reg "
INFO: [Synth 8-5555] Implemented Block Ram Cascade chain of height 2 and width 36 for RAM "\u_buf_wrapper/u_img_buf/unpack_ram_addr[6].u_ram/gen_bram_dram.ram_reg "
INFO: [Synth 8-5555] Implemented Block Ram Cascade chain of height 2 and width 36 for RAM "\u_buf_wrapper/u_img_buf/unpack_ram_addr[6].u_ram/gen_bram_dram.ram_reg "
INFO: [Synth 8-5555] Implemented Block Ram Cascade chain of height 2 and width 36 for RAM "\u_buf_wrapper/u_img_buf/unpack_ram_addr[6].u_ram/gen_bram_dram.ram_reg "
INFO: [Synth 8-7030] Implemented Non-Cascaded Block Ram (cascade_height = 1) of width 18 for RAM "\u_buf_wrapper/u_img_buf/unpack_ram_addr[6].u_ram/gen_bram_dram.ram_reg "
INFO: [Synth 8-7030] Implemented Non-Cascaded Block Ram (cascade_height = 1) of width 2 for RAM "\u_buf_wrapper/u_img_buf/unpack_ram_addr[6].u_ram/gen_bram_dram.ram_reg "
INFO: [Synth 8-5555] Implemented Block Ram Cascade chain of height 2 and width 36 for RAM "\u_buf_wrapper/u_img_buf/unpack_ram_addr[7].u_ram/gen_bram_dram.ram_reg "
INFO: [Synth 8-5555] Implemented Block Ram Cascade chain of height 2 and width 36 for RAM "\u_buf_wrapper/u_img_buf/unpack_ram_addr[7].u_ram/gen_bram_dram.ram_reg "
INFO: [Synth 8-5555] Implemented Block Ram Cascade chain of height 2 and width 36 for RAM "\u_buf_wrapper/u_img_buf/unpack_ram_addr[7].u_ram/gen_bram_dram.ram_reg "
INFO: [Synth 8-7030] Implemented Non-Cascaded Block Ram (cascade_height = 1) of width 18 for RAM "\u_buf_wrapper/u_img_buf/unpack_ram_addr[7].u_ram/gen_bram_dram.ram_reg "
INFO: [Synth 8-7030] Implemented Non-Cascaded Block Ram (cascade_height = 1) of width 2 for RAM "\u_buf_wrapper/u_img_buf/unpack_ram_addr[7].u_ram/gen_bram_dram.ram_reg "
INFO: [Synth 8-5555] Implemented Block Ram Cascade chain of height 2 and width 36 for RAM "\u_buf_wrapper/u_img_buf/unpack_ram_addr[8].u_ram/gen_bram_dram.ram_reg "
INFO: [Synth 8-5555] Implemented Block Ram Cascade chain of height 2 and width 36 for RAM "\u_buf_wrapper/u_img_buf/unpack_ram_addr[8].u_ram/gen_bram_dram.ram_reg "
INFO: [Synth 8-5555] Implemented Block Ram Cascade chain of height 2 and width 36 for RAM "\u_buf_wrapper/u_img_buf/unpack_ram_addr[8].u_ram/gen_bram_dram.ram_reg "
INFO: [Synth 8-7030] Implemented Non-Cascaded Block Ram (cascade_height = 1) of width 18 for RAM "\u_buf_wrapper/u_img_buf/unpack_ram_addr[8].u_ram/gen_bram_dram.ram_reg "
INFO: [Synth 8-7030] Implemented Non-Cascaded Block Ram (cascade_height = 1) of width 2 for RAM "\u_buf_wrapper/u_img_buf/unpack_ram_addr[8].u_ram/gen_bram_dram.ram_reg "
INFO: [Synth 8-5555] Implemented Block Ram Cascade chain of height 2 and width 36 for RAM "\u_buf_wrapper/u_img_buf/unpack_ram_addr[9].u_ram/gen_bram_dram.ram_reg "
INFO: [Synth 8-5555] Implemented Block Ram Cascade chain of height 2 and width 36 for RAM "\u_buf_wrapper/u_img_buf/unpack_ram_addr[9].u_ram/gen_bram_dram.ram_reg "
INFO: [Synth 8-5555] Implemented Block Ram Cascade chain of height 2 and width 36 for RAM "\u_buf_wrapper/u_img_buf/unpack_ram_addr[9].u_ram/gen_bram_dram.ram_reg "
INFO: [Synth 8-7030] Implemented Non-Cascaded Block Ram (cascade_height = 1) of width 18 for RAM "\u_buf_wrapper/u_img_buf/unpack_ram_addr[9].u_ram/gen_bram_dram.ram_reg "
INFO: [Synth 8-7030] Implemented Non-Cascaded Block Ram (cascade_height = 1) of width 2 for RAM "\u_buf_wrapper/u_img_buf/unpack_ram_addr[9].u_ram/gen_bram_dram.ram_reg "
INFO: [Synth 8-5555] Implemented Block Ram Cascade chain of height 2 and width 36 for RAM "\u_buf_wrapper/u_img_buf/unpack_ram_addr[10].u_ram/gen_bram_dram.ram_reg "
INFO: [Synth 8-5555] Implemented Block Ram Cascade chain of height 2 and width 36 for RAM "\u_buf_wrapper/u_img_buf/unpack_ram_addr[10].u_ram/gen_bram_dram.ram_reg "
INFO: [Synth 8-5555] Implemented Block Ram Cascade chain of height 2 and width 36 for RAM "\u_buf_wrapper/u_img_buf/unpack_ram_addr[10].u_ram/gen_bram_dram.ram_reg "
INFO: [Synth 8-7030] Implemented Non-Cascaded Block Ram (cascade_height = 1) of width 18 for RAM "\u_buf_wrapper/u_img_buf/unpack_ram_addr[10].u_ram/gen_bram_dram.ram_reg "
INFO: [Synth 8-7030] Implemented Non-Cascaded Block Ram (cascade_height = 1) of width 2 for RAM "\u_buf_wrapper/u_img_buf/unpack_ram_addr[10].u_ram/gen_bram_dram.ram_reg "
INFO: [Synth 8-5555] Implemented Block Ram Cascade chain of height 2 and width 36 for RAM "\u_buf_wrapper/u_img_buf/unpack_ram_addr[11].u_ram/gen_bram_dram.ram_reg "
INFO: [Synth 8-5555] Implemented Block Ram Cascade chain of height 2 and width 36 for RAM "\u_buf_wrapper/u_img_buf/unpack_ram_addr[11].u_ram/gen_bram_dram.ram_reg "
INFO: [Synth 8-5555] Implemented Block Ram Cascade chain of height 2 and width 36 for RAM "\u_buf_wrapper/u_img_buf/unpack_ram_addr[11].u_ram/gen_bram_dram.ram_reg "
INFO: [Synth 8-7030] Implemented Non-Cascaded Block Ram (cascade_height = 1) of width 18 for RAM "\u_buf_wrapper/u_img_buf/unpack_ram_addr[11].u_ram/gen_bram_dram.ram_reg "
INFO: [Synth 8-7030] Implemented Non-Cascaded Block Ram (cascade_height = 1) of width 2 for RAM "\u_buf_wrapper/u_img_buf/unpack_ram_addr[11].u_ram/gen_bram_dram.ram_reg "
INFO: [Synth 8-5555] Implemented Block Ram Cascade chain of height 2 and width 36 for RAM "\u_buf_wrapper/u_img_buf/unpack_ram_addr[12].u_ram/gen_bram_dram.ram_reg "
INFO: [Synth 8-5555] Implemented Block Ram Cascade chain of height 2 and width 36 for RAM "\u_buf_wrapper/u_img_buf/unpack_ram_addr[12].u_ram/gen_bram_dram.ram_reg "
INFO: [Synth 8-5555] Implemented Block Ram Cascade chain of height 2 and width 36 for RAM "\u_buf_wrapper/u_img_buf/unpack_ram_addr[12].u_ram/gen_bram_dram.ram_reg "
INFO: [Synth 8-7030] Implemented Non-Cascaded Block Ram (cascade_height = 1) of width 18 for RAM "\u_buf_wrapper/u_img_buf/unpack_ram_addr[12].u_ram/gen_bram_dram.ram_reg "
INFO: [Synth 8-7030] Implemented Non-Cascaded Block Ram (cascade_height = 1) of width 2 for RAM "\u_buf_wrapper/u_img_buf/unpack_ram_addr[12].u_ram/gen_bram_dram.ram_reg "
INFO: [Synth 8-5555] Implemented Block Ram Cascade chain of height 2 and width 36 for RAM "\u_buf_wrapper/u_img_buf/unpack_ram_addr[13].u_ram/gen_bram_dram.ram_reg "
INFO: [Synth 8-5555] Implemented Block Ram Cascade chain of height 2 and width 36 for RAM "\u_buf_wrapper/u_img_buf/unpack_ram_addr[13].u_ram/gen_bram_dram.ram_reg "
INFO: [Synth 8-5555] Implemented Block Ram Cascade chain of height 2 and width 36 for RAM "\u_buf_wrapper/u_img_buf/unpack_ram_addr[13].u_ram/gen_bram_dram.ram_reg "
INFO: [Synth 8-7030] Implemented Non-Cascaded Block Ram (cascade_height = 1) of width 18 for RAM "\u_buf_wrapper/u_img_buf/unpack_ram_addr[13].u_ram/gen_bram_dram.ram_reg "
INFO: [Synth 8-7030] Implemented Non-Cascaded Block Ram (cascade_height = 1) of width 2 for RAM "\u_buf_wrapper/u_img_buf/unpack_ram_addr[13].u_ram/gen_bram_dram.ram_reg "
INFO: [Synth 8-5555] Implemented Block Ram Cascade chain of height 2 and width 36 for RAM "\u_buf_wrapper/u_img_buf/unpack_ram_addr[14].u_ram/gen_bram_dram.ram_reg "
INFO: [Synth 8-5555] Implemented Block Ram Cascade chain of height 2 and width 36 for RAM "\u_buf_wrapper/u_img_buf/unpack_ram_addr[14].u_ram/gen_bram_dram.ram_reg "
INFO: [Synth 8-5555] Implemented Block Ram Cascade chain of height 2 and width 36 for RAM "\u_buf_wrapper/u_img_buf/unpack_ram_addr[14].u_ram/gen_bram_dram.ram_reg "
INFO: [Synth 8-7030] Implemented Non-Cascaded Block Ram (cascade_height = 1) of width 18 for RAM "\u_buf_wrapper/u_img_buf/unpack_ram_addr[14].u_ram/gen_bram_dram.ram_reg "
INFO: [Synth 8-7030] Implemented Non-Cascaded Block Ram (cascade_height = 1) of width 2 for RAM "\u_buf_wrapper/u_img_buf/unpack_ram_addr[14].u_ram/gen_bram_dram.ram_reg "
INFO: [Synth 8-5555] Implemented Block Ram Cascade chain of height 2 and width 36 for RAM "\u_buf_wrapper/u_img_buf/unpack_ram_addr[15].u_ram/gen_bram_dram.ram_reg "
INFO: [Synth 8-5555] Implemented Block Ram Cascade chain of height 2 and width 36 for RAM "\u_buf_wrapper/u_img_buf/unpack_ram_addr[15].u_ram/gen_bram_dram.ram_reg "
INFO: [Synth 8-5555] Implemented Block Ram Cascade chain of height 2 and width 36 for RAM "\u_buf_wrapper/u_img_buf/unpack_ram_addr[15].u_ram/gen_bram_dram.ram_reg "
INFO: [Synth 8-7030] Implemented Non-Cascaded Block Ram (cascade_height = 1) of width 18 for RAM "\u_buf_wrapper/u_img_buf/unpack_ram_addr[15].u_ram/gen_bram_dram.ram_reg "
INFO: [Synth 8-7030] Implemented Non-Cascaded Block Ram (cascade_height = 1) of width 2 for RAM "\u_buf_wrapper/u_img_buf/unpack_ram_addr[15].u_ram/gen_bram_dram.ram_reg "
INFO: [Synth 8-5780] Default cascade height of 8 will be used for URAM '"\u_buf_wrapper/u_weights_buf/unpack_ram_addr[0].u_ram/gen_bram_dram.ram_reg "'.
INFO: [Synth 8-5780] Default cascade height of 8 will be used for URAM '"\u_buf_wrapper/u_weights_buf/unpack_ram_addr[1].u_ram/gen_bram_dram.ram_reg "'.
INFO: [Synth 8-5780] Default cascade height of 8 will be used for URAM '"\u_buf_wrapper/u_weights_buf/unpack_ram_addr[2].u_ram/gen_bram_dram.ram_reg "'.
INFO: [Synth 8-5780] Default cascade height of 8 will be used for URAM '"\u_buf_wrapper/u_weights_buf/unpack_ram_addr[3].u_ram/gen_bram_dram.ram_reg "'.
INFO: [Synth 8-5780] Default cascade height of 8 will be used for URAM '"\u_buf_wrapper/u_weights_buf/unpack_ram_addr[4].u_ram/gen_bram_dram.ram_reg "'.
INFO: [Synth 8-5780] Default cascade height of 8 will be used for URAM '"\u_buf_wrapper/u_weights_buf/unpack_ram_addr[5].u_ram/gen_bram_dram.ram_reg "'.
INFO: [Synth 8-5780] Default cascade height of 8 will be used for URAM '"\u_buf_wrapper/u_weights_buf/unpack_ram_addr[6].u_ram/gen_bram_dram.ram_reg "'.
INFO: [Synth 8-5780] Default cascade height of 8 will be used for URAM '"\u_buf_wrapper/u_weights_buf/unpack_ram_addr[7].u_ram/gen_bram_dram.ram_reg "'.
INFO: [Synth 8-5780] Default cascade height of 8 will be used for URAM '"\u_buf_wrapper/u_weights_buf/unpack_ram_addr[8].u_ram/gen_bram_dram.ram_reg "'.
INFO: [Synth 8-5780] Default cascade height of 8 will be used for URAM '"\u_buf_wrapper/u_weights_buf/unpack_ram_addr[9].u_ram/gen_bram_dram.ram_reg "'.
INFO: [Synth 8-5780] Default cascade height of 8 will be used for URAM '"\u_buf_wrapper/u_weights_buf/unpack_ram_addr[10].u_ram/gen_bram_dram.ram_reg "'.
INFO: [Synth 8-5780] Default cascade height of 8 will be used for URAM '"\u_buf_wrapper/u_weights_buf/unpack_ram_addr[11].u_ram/gen_bram_dram.ram_reg "'.
INFO: [Synth 8-5780] Default cascade height of 8 will be used for URAM '"\u_buf_wrapper/u_weights_buf/unpack_ram_addr[12].u_ram/gen_bram_dram.ram_reg "'.
INFO: [Synth 8-5780] Default cascade height of 8 will be used for URAM '"\u_buf_wrapper/u_weights_buf/unpack_ram_addr[13].u_ram/gen_bram_dram.ram_reg "'.
INFO: [Synth 8-5780] Default cascade height of 8 will be used for URAM '"\u_buf_wrapper/u_weights_buf/unpack_ram_addr[14].u_ram/gen_bram_dram.ram_reg "'.
INFO: [Synth 8-5555] Implemented Block Ram Cascade chain of height 2 and width 36 for RAM "\u_buf_wrapper/u_weights_buf/unpack_ram_addr[15].u_ram/gen_bram_dram.ram_reg "
INFO: [Synth 8-5555] Implemented Block Ram Cascade chain of height 2 and width 36 for RAM "\u_buf_wrapper/u_weights_buf/unpack_ram_addr[15].u_ram/gen_bram_dram.ram_reg "
INFO: [Synth 8-5555] Implemented Block Ram Cascade chain of height 2 and width 36 for RAM "\u_buf_wrapper/u_weights_buf/unpack_ram_addr[15].u_ram/gen_bram_dram.ram_reg "
INFO: [Synth 8-7030] Implemented Non-Cascaded Block Ram (cascade_height = 1) of width 18 for RAM "\u_buf_wrapper/u_weights_buf/unpack_ram_addr[15].u_ram/gen_bram_dram.ram_reg "
INFO: [Synth 8-7030] Implemented Non-Cascaded Block Ram (cascade_height = 1) of width 2 for RAM "\u_buf_wrapper/u_weights_buf/unpack_ram_addr[15].u_ram/gen_bram_dram.ram_reg "
INFO: [Synth 8-5555] Implemented Block Ram Cascade chain of height 2 and width 36 for RAM "\u_buf_wrapper/u_weights_buf/unpack_ram_addr[16].u_ram/gen_bram_dram.ram_reg "
INFO: [Synth 8-5555] Implemented Block Ram Cascade chain of height 2 and width 36 for RAM "\u_buf_wrapper/u_weights_buf/unpack_ram_addr[16].u_ram/gen_bram_dram.ram_reg "
INFO: [Synth 8-5555] Implemented Block Ram Cascade chain of height 2 and width 36 for RAM "\u_buf_wrapper/u_weights_buf/unpack_ram_addr[16].u_ram/gen_bram_dram.ram_reg "
INFO: [Synth 8-7030] Implemented Non-Cascaded Block Ram (cascade_height = 1) of width 18 for RAM "\u_buf_wrapper/u_weights_buf/unpack_ram_addr[16].u_ram/gen_bram_dram.ram_reg "
INFO: [Synth 8-7030] Implemented Non-Cascaded Block Ram (cascade_height = 1) of width 2 for RAM "\u_buf_wrapper/u_weights_buf/unpack_ram_addr[16].u_ram/gen_bram_dram.ram_reg "
INFO: [Synth 8-5780] Default cascade height of 8 will be used for URAM '"\u_buf_wrapper/u_bias_buf/unpack_ram_addr[0].u_ram/gen_bram_dram.ram_reg "'.
INFO: [Synth 8-5780] Default cascade height of 8 will be used for URAM '"\u_buf_wrapper/u_weights_buf/unpack_ram_addr[0].u_ram/gen_bram_dram.ram_reg "'.
INFO: [Synth 8-5780] Default cascade height of 8 will be used for URAM '"\u_buf_wrapper/u_weights_buf/unpack_ram_addr[1].u_ram/gen_bram_dram.ram_reg "'.
INFO: [Synth 8-5780] Default cascade height of 8 will be used for URAM '"\u_buf_wrapper/u_weights_buf/unpack_ram_addr[2].u_ram/gen_bram_dram.ram_reg "'.
INFO: [Synth 8-5780] Default cascade height of 8 will be used for URAM '"\u_buf_wrapper/u_weights_buf/unpack_ram_addr[3].u_ram/gen_bram_dram.ram_reg "'.
INFO: [Synth 8-5780] Default cascade height of 8 will be used for URAM '"\u_buf_wrapper/u_weights_buf/unpack_ram_addr[4].u_ram/gen_bram_dram.ram_reg "'.
INFO: [Synth 8-5780] Default cascade height of 8 will be used for URAM '"\u_buf_wrapper/u_weights_buf/unpack_ram_addr[5].u_ram/gen_bram_dram.ram_reg "'.
INFO: [Synth 8-5780] Default cascade height of 8 will be used for URAM '"\u_buf_wrapper/u_weights_buf/unpack_ram_addr[6].u_ram/gen_bram_dram.ram_reg "'.
INFO: [Synth 8-5780] Default cascade height of 8 will be used for URAM '"\u_buf_wrapper/u_weights_buf/unpack_ram_addr[7].u_ram/gen_bram_dram.ram_reg "'.
INFO: [Synth 8-5780] Default cascade height of 8 will be used for URAM '"\u_buf_wrapper/u_weights_buf/unpack_ram_addr[8].u_ram/gen_bram_dram.ram_reg "'.
INFO: [Synth 8-5780] Default cascade height of 8 will be used for URAM '"\u_buf_wrapper/u_weights_buf/unpack_ram_addr[9].u_ram/gen_bram_dram.ram_reg "'.
INFO: [Synth 8-5780] Default cascade height of 8 will be used for URAM '"\u_buf_wrapper/u_weights_buf/unpack_ram_addr[10].u_ram/gen_bram_dram.ram_reg "'.
INFO: [Synth 8-5780] Default cascade height of 8 will be used for URAM '"\u_buf_wrapper/u_weights_buf/unpack_ram_addr[11].u_ram/gen_bram_dram.ram_reg "'.
INFO: [Synth 8-5780] Default cascade height of 8 will be used for URAM '"\u_buf_wrapper/u_weights_buf/unpack_ram_addr[12].u_ram/gen_bram_dram.ram_reg "'.
INFO: [Synth 8-5780] Default cascade height of 8 will be used for URAM '"\u_buf_wrapper/u_weights_buf/unpack_ram_addr[13].u_ram/gen_bram_dram.ram_reg "'.
INFO: [Synth 8-5780] Default cascade height of 8 will be used for URAM '"\u_buf_wrapper/u_weights_buf/unpack_ram_addr[14].u_ram/gen_bram_dram.ram_reg "'.
INFO: [Synth 8-5780] Default cascade height of 8 will be used for URAM '"\u_buf_wrapper/u_bias_buf/unpack_ram_addr[0].u_ram/gen_bram_dram.ram_reg "'.
INFO: [Synth 8-3333] propagating constant 0 across sequential element (u_img_bkwr/\GenPtGrp[3].u_routing /\AssignBkSelBinary[0].GenOnehot2BinaryPT1.bk_sel_binary_reg[0][0] )
INFO: [Synth 8-3333] propagating constant 0 across sequential element (u_img_bkwr/\GenPtGrp[2].u_routing /\AssignBkSelBinary[0].GenOnehot2BinaryPT1.bk_sel_binary_reg[0][0] )
INFO: [Synth 8-3333] propagating constant 0 across sequential element (u_img_bkwr/\GenPtGrp[1].u_routing /\AssignBkSelBinary[0].GenOnehot2BinaryPT1.bk_sel_binary_reg[0][0] )
INFO: [Synth 8-3333] propagating constant 0 across sequential element (u_img_bkwr/\GenPtGrp[0].u_routing /\AssignBkSelBinary[0].GenOnehot2BinaryPT1.bk_sel_binary_reg[0][0] )
INFO: [Synth 8-4471] merging register 'GenPtGrp[0].AssignBk[0].pt_bk_rden_reg[0][0:0]' into 'GenPtGrp[0].u_routing/bk_sel_reg[0:0]' [/home/user/Documents/dma_test/prj/Vivado/hw/srcs/top/ipshared/53f7/hdl/DPUCZDX8G_v4_1_0_vl_dpu.sv:16047]
INFO: [Synth 8-3333] propagating constant 0 across sequential element (u_wgt_bkwr/\GenPtGrp[1].u_routing /\AssignBkSelBinary[0].GenOnehot2BinaryPT1.bk_sel_binary_reg[0][0] )
INFO: [Synth 8-3333] propagating constant 0 across sequential element (u_wgt_bkwr/\GenPtGrp[0].u_routing /\AssignBkSelBinary[0].GenOnehot2BinaryPT1.bk_sel_binary_reg[0][0] )
INFO: [Synth 8-3333] propagating constant 1 across sequential element (\u_bias_bkwr/GenPtGrp[1].u_routing/GenPgN.u_axi_rs/mode2.storage_data_reg[139] )
INFO: [Synth 8-3333] propagating constant 0 across sequential element (\u_bias_bkwr/GenPtGrp[1].u_routing/GenPgN.u_axi_rs/mode2.storage_data_reg[140] )
INFO: [Synth 8-3333] propagating constant 1 across sequential element (u_wgt_bkwr/\GenPtGrp[1].u_routing /\GenPgN.u_axi_rs/mode2.storage_data_reg[139] )
INFO: [Synth 8-4471] merging register 'GenPtGrp[2].u_routing/AssignBkSelBinary[1].GenOnehot2BinaryPP8.bk_sel_binary_reg[1][2:0]' into 'GenPtGrp[2].u_routing/AssignBkSelBinary[0].GenOnehot2BinaryPP8.bk_sel_binary_reg[0][2:0]' [/home/user/Documents/dma_test/prj/Vivado/hw/srcs/top/ipshared/53f7/hdl/DPUCZDX8G_v4_1_0_vl_dpu.sv:16340]
INFO: [Synth 8-4471] merging register 'GenPtGrp[2].u_routing/AssignBkSelBinary[2].GenOnehot2BinaryPP8.bk_sel_binary_reg[2][2:0]' into 'GenPtGrp[2].u_routing/AssignBkSelBinary[0].GenOnehot2BinaryPP8.bk_sel_binary_reg[0][2:0]' [/home/user/Documents/dma_test/prj/Vivado/hw/srcs/top/ipshared/53f7/hdl/DPUCZDX8G_v4_1_0_vl_dpu.sv:16340]
INFO: [Synth 8-4471] merging register 'GenPtGrp[2].u_routing/AssignBkSelBinary[3].GenOnehot2BinaryPP8.bk_sel_binary_reg[3][2:0]' into 'GenPtGrp[2].u_routing/AssignBkSelBinary[0].GenOnehot2BinaryPP8.bk_sel_binary_reg[0][2:0]' [/home/user/Documents/dma_test/prj/Vivado/hw/srcs/top/ipshared/53f7/hdl/DPUCZDX8G_v4_1_0_vl_dpu.sv:16340]
INFO: [Synth 8-4471] merging register 'GenPtGrp[2].u_routing/AssignBkSelBinary[4].GenOnehot2BinaryPP8.bk_sel_binary_reg[4][2:0]' into 'GenPtGrp[2].u_routing/AssignBkSelBinary[0].GenOnehot2BinaryPP8.bk_sel_binary_reg[0][2:0]' [/home/user/Documents/dma_test/prj/Vivado/hw/srcs/top/ipshared/53f7/hdl/DPUCZDX8G_v4_1_0_vl_dpu.sv:16340]
INFO: [Synth 8-4471] merging register 'GenPtGrp[2].u_routing/AssignBkSelBinary[5].GenOnehot2BinaryPP8.bk_sel_binary_reg[5][2:0]' into 'GenPtGrp[2].u_routing/AssignBkSelBinary[0].GenOnehot2BinaryPP8.bk_sel_binary_reg[0][2:0]' [/home/user/Documents/dma_test/prj/Vivado/hw/srcs/top/ipshared/53f7/hdl/DPUCZDX8G_v4_1_0_vl_dpu.sv:16340]
INFO: [Synth 8-4471] merging register 'GenPtGrp[2].u_routing/AssignBkSelBinary[6].GenOnehot2BinaryPP8.bk_sel_binary_reg[6][2:0]' into 'GenPtGrp[2].u_routing/AssignBkSelBinary[0].GenOnehot2BinaryPP8.bk_sel_binary_reg[0][2:0]' [/home/user/Documents/dma_test/prj/Vivado/hw/srcs/top/ipshared/53f7/hdl/DPUCZDX8G_v4_1_0_vl_dpu.sv:16340]
INFO: [Synth 8-4471] merging register 'GenPtGrp[2].u_routing/AssignBkSelBinary[7].GenOnehot2BinaryPP8.bk_sel_binary_reg[7][2:0]' into 'GenPtGrp[2].u_routing/AssignBkSelBinary[0].GenOnehot2BinaryPP8.bk_sel_binary_reg[0][2:0]' [/home/user/Documents/dma_test/prj/Vivado/hw/srcs/top/ipshared/53f7/hdl/DPUCZDX8G_v4_1_0_vl_dpu.sv:16340]
INFO: [Synth 8-4471] merging register 'GenPtGrp[3].u_routing/AssignBkSelBinary[0].GenOnehot2BinaryPP8.bk_sel_binary_reg[0][2:0]' into 'GenPtGrp[2].u_routing/AssignBkSelBinary[0].GenOnehot2BinaryPP8.bk_sel_binary_reg[0][2:0]' [/home/user/Documents/dma_test/prj/Vivado/hw/srcs/top/ipshared/53f7/hdl/DPUCZDX8G_v4_1_0_vl_dpu.sv:16340]
INFO: [Synth 8-4471] merging register 'GenPtGrp[3].u_routing/AssignBkSelBinary[1].GenOnehot2BinaryPP8.bk_sel_binary_reg[1][2:0]' into 'GenPtGrp[2].u_routing/AssignBkSelBinary[0].GenOnehot2BinaryPP8.bk_sel_binary_reg[0][2:0]' [/home/user/Documents/dma_test/prj/Vivado/hw/srcs/top/ipshared/53f7/hdl/DPUCZDX8G_v4_1_0_vl_dpu.sv:16340]
INFO: [Synth 8-4471] merging register 'GenPtGrp[3].u_routing/AssignBkSelBinary[2].GenOnehot2BinaryPP8.bk_sel_binary_reg[2][2:0]' into 'GenPtGrp[2].u_routing/AssignBkSelBinary[0].GenOnehot2BinaryPP8.bk_sel_binary_reg[0][2:0]' [/home/user/Documents/dma_test/prj/Vivado/hw/srcs/top/ipshared/53f7/hdl/DPUCZDX8G_v4_1_0_vl_dpu.sv:16340]
INFO: [Synth 8-4471] merging register 'GenPtGrp[3].u_routing/AssignBkSelBinary[3].GenOnehot2BinaryPP8.bk_sel_binary_reg[3][2:0]' into 'GenPtGrp[2].u_routing/AssignBkSelBinary[0].GenOnehot2BinaryPP8.bk_sel_binary_reg[0][2:0]' [/home/user/Documents/dma_test/prj/Vivado/hw/srcs/top/ipshared/53f7/hdl/DPUCZDX8G_v4_1_0_vl_dpu.sv:16340]
INFO: [Synth 8-4471] merging register 'GenPtGrp[3].u_routing/AssignBkSelBinary[4].GenOnehot2BinaryPP8.bk_sel_binary_reg[4][2:0]' into 'GenPtGrp[2].u_routing/AssignBkSelBinary[0].GenOnehot2BinaryPP8.bk_sel_binary_reg[0][2:0]' [/home/user/Documents/dma_test/prj/Vivado/hw/srcs/top/ipshared/53f7/hdl/DPUCZDX8G_v4_1_0_vl_dpu.sv:16340]
INFO: [Synth 8-4471] merging register 'GenPtGrp[3].u_routing/AssignBkSelBinary[5].GenOnehot2BinaryPP8.bk_sel_binary_reg[5][2:0]' into 'GenPtGrp[2].u_routing/AssignBkSelBinary[0].GenOnehot2BinaryPP8.bk_sel_binary_reg[0][2:0]' [/home/user/Documents/dma_test/prj/Vivado/hw/srcs/top/ipshared/53f7/hdl/DPUCZDX8G_v4_1_0_vl_dpu.sv:16340]
INFO: [Synth 8-4471] merging register 'GenPtGrp[3].u_routing/AssignBkSelBinary[6].GenOnehot2BinaryPP8.bk_sel_binary_reg[6][2:0]' into 'GenPtGrp[2].u_routing/AssignBkSelBinary[0].GenOnehot2BinaryPP8.bk_sel_binary_reg[0][2:0]' [/home/user/Documents/dma_test/prj/Vivado/hw/srcs/top/ipshared/53f7/hdl/DPUCZDX8G_v4_1_0_vl_dpu.sv:16340]
INFO: [Synth 8-4471] merging register 'GenPtGrp[3].u_routing/AssignBkSelBinary[7].GenOnehot2BinaryPP8.bk_sel_binary_reg[7][2:0]' into 'GenPtGrp[2].u_routing/AssignBkSelBinary[0].GenOnehot2BinaryPP8.bk_sel_binary_reg[0][2:0]' [/home/user/Documents/dma_test/prj/Vivado/hw/srcs/top/ipshared/53f7/hdl/DPUCZDX8G_v4_1_0_vl_dpu.sv:16340]
INFO: [Synth 8-4471] merging register 'GenPtGrp[2].u_routing/GenBgAddr[0].GenBgBkAddrNN.GenBgBkAddr[1].bgbk_addr_reg[1][10:0]' into 'GenPtGrp[2].u_routing/GenBgAddr[0].GenBgBkAddrNN.GenBgBkAddr[0].bgbk_addr_reg[0][10:0]' [/home/user/Documents/dma_test/prj/Vivado/hw/srcs/top/ipshared/53f7/hdl/DPUCZDX8G_v4_1_0_vl_dpu.sv:16411]
INFO: [Synth 8-4471] merging register 'GenPtGrp[2].u_routing/GenBgAddr[0].GenBgBkAddrNN.GenBgBkAddr[2].bgbk_addr_reg[2][10:0]' into 'GenPtGrp[2].u_routing/GenBgAddr[0].GenBgBkAddrNN.GenBgBkAddr[0].bgbk_addr_reg[0][10:0]' [/home/user/Documents/dma_test/prj/Vivado/hw/srcs/top/ipshared/53f7/hdl/DPUCZDX8G_v4_1_0_vl_dpu.sv:16411]
INFO: [Synth 8-4471] merging register 'GenPtGrp[2].u_routing/GenBgAddr[0].GenBgBkAddrNN.GenBgBkAddr[3].bgbk_addr_reg[3][10:0]' into 'GenPtGrp[2].u_routing/GenBgAddr[0].GenBgBkAddrNN.GenBgBkAddr[0].bgbk_addr_reg[0][10:0]' [/home/user/Documents/dma_test/prj/Vivado/hw/srcs/top/ipshared/53f7/hdl/DPUCZDX8G_v4_1_0_vl_dpu.sv:16411]
INFO: [Synth 8-4471] merging register 'GenPtGrp[2].u_routing/GenBgAddr[0].GenBgBkAddrNN.GenBgBkAddr[4].bgbk_addr_reg[4][10:0]' into 'GenPtGrp[2].u_routing/GenBgAddr[0].GenBgBkAddrNN.GenBgBkAddr[0].bgbk_addr_reg[0][10:0]' [/home/user/Documents/dma_test/prj/Vivado/hw/srcs/top/ipshared/53f7/hdl/DPUCZDX8G_v4_1_0_vl_dpu.sv:16411]
INFO: [Synth 8-4471] merging register 'GenPtGrp[2].u_routing/GenBgAddr[0].GenBgBkAddrNN.GenBgBkAddr[5].bgbk_addr_reg[5][10:0]' into 'GenPtGrp[2].u_routing/GenBgAddr[0].GenBgBkAddrNN.GenBgBkAddr[0].bgbk_addr_reg[0][10:0]' [/home/user/Documents/dma_test/prj/Vivado/hw/srcs/top/ipshared/53f7/hdl/DPUCZDX8G_v4_1_0_vl_dpu.sv:16411]
INFO: [Synth 8-4471] merging register 'GenPtGrp[2].u_routing/GenBgAddr[0].GenBgBkAddrNN.GenBgBkAddr[6].bgbk_addr_reg[6][10:0]' into 'GenPtGrp[2].u_routing/GenBgAddr[0].GenBgBkAddrNN.GenBgBkAddr[0].bgbk_addr_reg[0][10:0]' [/home/user/Documents/dma_test/prj/Vivado/hw/srcs/top/ipshared/53f7/hdl/DPUCZDX8G_v4_1_0_vl_dpu.sv:16411]
INFO: [Synth 8-4471] merging register 'GenPtGrp[2].u_routing/GenBgAddr[0].GenBgBkAddrNN.GenBgBkAddr[7].bgbk_addr_reg[7][10:0]' into 'GenPtGrp[2].u_routing/GenBgAddr[0].GenBgBkAddrNN.GenBgBkAddr[0].bgbk_addr_reg[0][10:0]' [/home/user/Documents/dma_test/prj/Vivado/hw/srcs/top/ipshared/53f7/hdl/DPUCZDX8G_v4_1_0_vl_dpu.sv:16411]
INFO: [Synth 8-4471] merging register 'GenPtGrp[3].u_routing/GenBgAddr[0].GenBgBkAddrNN.GenBgBkAddr[1].bgbk_addr_reg[1][10:0]' into 'GenPtGrp[3].u_routing/GenBgAddr[0].GenBgBkAddrNN.GenBgBkAddr[0].bgbk_addr_reg[0][10:0]' [/home/user/Documents/dma_test/prj/Vivado/hw/srcs/top/ipshared/53f7/hdl/DPUCZDX8G_v4_1_0_vl_dpu.sv:16411]
INFO: [Synth 8-4471] merging register 'GenPtGrp[3].u_routing/GenBgAddr[0].GenBgBkAddrNN.GenBgBkAddr[2].bgbk_addr_reg[2][10:0]' into 'GenPtGrp[3].u_routing/GenBgAddr[0].GenBgBkAddrNN.GenBgBkAddr[0].bgbk_addr_reg[0][10:0]' [/home/user/Documents/dma_test/prj/Vivado/hw/srcs/top/ipshared/53f7/hdl/DPUCZDX8G_v4_1_0_vl_dpu.sv:16411]
INFO: [Synth 8-4471] merging register 'GenPtGrp[3].u_routing/GenBgAddr[0].GenBgBkAddrNN.GenBgBkAddr[3].bgbk_addr_reg[3][10:0]' into 'GenPtGrp[3].u_routing/GenBgAddr[0].GenBgBkAddrNN.GenBgBkAddr[0].bgbk_addr_reg[0][10:0]' [/home/user/Documents/dma_test/prj/Vivado/hw/srcs/top/ipshared/53f7/hdl/DPUCZDX8G_v4_1_0_vl_dpu.sv:16411]
INFO: [Synth 8-4471] merging register 'GenPtGrp[3].u_routing/GenBgAddr[0].GenBgBkAddrNN.GenBgBkAddr[4].bgbk_addr_reg[4][10:0]' into 'GenPtGrp[3].u_routing/GenBgAddr[0].GenBgBkAddrNN.GenBgBkAddr[0].bgbk_addr_reg[0][10:0]' [/home/user/Documents/dma_test/prj/Vivado/hw/srcs/top/ipshared/53f7/hdl/DPUCZDX8G_v4_1_0_vl_dpu.sv:16411]
INFO: [Synth 8-4471] merging register 'GenPtGrp[3].u_routing/GenBgAddr[0].GenBgBkAddrNN.GenBgBkAddr[5].bgbk_addr_reg[5][10:0]' into 'GenPtGrp[3].u_routing/GenBgAddr[0].GenBgBkAddrNN.GenBgBkAddr[0].bgbk_addr_reg[0][10:0]' [/home/user/Documents/dma_test/prj/Vivado/hw/srcs/top/ipshared/53f7/hdl/DPUCZDX8G_v4_1_0_vl_dpu.sv:16411]
INFO: [Synth 8-4471] merging register 'GenPtGrp[3].u_routing/GenBgAddr[0].GenBgBkAddrNN.GenBgBkAddr[6].bgbk_addr_reg[6][10:0]' into 'GenPtGrp[3].u_routing/GenBgAddr[0].GenBgBkAddrNN.GenBgBkAddr[0].bgbk_addr_reg[0][10:0]' [/home/user/Documents/dma_test/prj/Vivado/hw/srcs/top/ipshared/53f7/hdl/DPUCZDX8G_v4_1_0_vl_dpu.sv:16411]
INFO: [Synth 8-4471] merging register 'GenPtGrp[3].u_routing/GenBgAddr[0].GenBgBkAddrNN.GenBgBkAddr[7].bgbk_addr_reg[7][10:0]' into 'GenPtGrp[3].u_routing/GenBgAddr[0].GenBgBkAddrNN.GenBgBkAddr[0].bgbk_addr_reg[0][10:0]' [/home/user/Documents/dma_test/prj/Vivado/hw/srcs/top/ipshared/53f7/hdl/DPUCZDX8G_v4_1_0_vl_dpu.sv:16411]
INFO: [Synth 8-4471] merging register 'GenPtGrp[2].u_routing/GenPgN.u_axi_rs/mode2.aresetn_d_reg' into 'GenPtGrp[1].u_routing/GenPgN.u_axi_rs/mode2.aresetn_d_reg' [/home/user/Documents/dma_test/prj/Vivado/hw/srcs/top/ipshared/53f7/hdl/DPUCZDX8G_v4_1_0_vl_dpu.sv:6492]
INFO: [Synth 8-4471] merging register 'GenPtGrp[2].u_routing/GenBgbkDlyNN.GenBgbkDly[1].u_dly_bgbk/BIT[0].D0.d_r_reg[0][2:0]' into 'GenPtGrp[1].u_routing/GenBgbkDlyNN.GenBgbkDly[4].u_dly_bgbk/BIT[0].D0.d_r_reg[0][2:0]' [/home/user/Documents/dma_test/prj/Vivado/hw/srcs/top/ipshared/53f7/hdl/DPUCZDX8G_v4_1_0_vl_dpu.sv:6620]
INFO: [Synth 8-4471] merging register 'GenPtGrp[2].u_routing/GenBgbkDlyNN.GenBgbkDly[1].u_dly_bgbk/BIT[1].DX.d_r_reg[1][2:0]' into 'GenPtGrp[1].u_routing/GenBgbkDlyNN.GenBgbkDly[4].u_dly_bgbk/BIT[1].DX.d_r_reg[1][2:0]' [/home/user/Documents/dma_test/prj/Vivado/hw/srcs/top/ipshared/53f7/hdl/DPUCZDX8G_v4_1_0_vl_dpu.sv:6627]
INFO: [Synth 8-4471] merging register 'GenPtGrp[2].u_routing/GenBgbkDlyNN.GenBgbkDly[1].u_dly_bgbk/BIT[2].DX.d_r_reg[2][2:0]' into 'GenPtGrp[1].u_routing/GenBgbkDlyNN.GenBgbkDly[4].u_dly_bgbk/BIT[2].DX.d_r_reg[2][2:0]' [/home/user/Documents/dma_test/prj/Vivado/hw/srcs/top/ipshared/53f7/hdl/DPUCZDX8G_v4_1_0_vl_dpu.sv:6627]
INFO: [Synth 8-4471] merging register 'GenPtGrp[2].u_routing/GenBgbkDlyNN.GenBgbkDly[1].u_dly_bgbk/BIT[3].DX.d_r_reg[3][2:0]' into 'GenPtGrp[1].u_routing/GenBgbkDlyNN.GenBgbkDly[4].u_dly_bgbk/BIT[3].DX.d_r_reg[3][2:0]' [/home/user/Documents/dma_test/prj/Vivado/hw/srcs/top/ipshared/53f7/hdl/DPUCZDX8G_v4_1_0_vl_dpu.sv:6627]
INFO: [Synth 8-4471] merging register 'GenPtGrp[2].u_routing/GenBgbkDlyNN.GenBgbkDly[1].u_dly_bgbk/BIT[4].DX.d_r_reg[4][2:0]' into 'GenPtGrp[1].u_routing/GenBgbkDlyNN.GenBgbkDly[4].u_dly_bgbk/BIT[4].DX.d_r_reg[4][2:0]' [/home/user/Documents/dma_test/prj/Vivado/hw/srcs/top/ipshared/53f7/hdl/DPUCZDX8G_v4_1_0_vl_dpu.sv:6627]
INFO: [Synth 8-4471] merging register 'GenPtGrp[3].u_routing/GenPgN.u_axi_rs/mode2.aresetn_d_reg' into 'GenPtGrp[1].u_routing/GenPgN.u_axi_rs/mode2.aresetn_d_reg' [/home/user/Documents/dma_test/prj/Vivado/hw/srcs/top/ipshared/53f7/hdl/DPUCZDX8G_v4_1_0_vl_dpu.sv:6492]
INFO: [Synth 8-4471] merging register 'GenPtGrp[3].u_routing/GenBgbkDlyNN.GenBgbkDly[1].u_dly_bgbk/BIT[0].D0.d_r_reg[0][2:0]' into 'GenPtGrp[1].u_routing/GenBgbkDlyNN.GenBgbkDly[4].u_dly_bgbk/BIT[0].D0.d_r_reg[0][2:0]' [/home/user/Documents/dma_test/prj/Vivado/hw/srcs/top/ipshared/53f7/hdl/DPUCZDX8G_v4_1_0_vl_dpu.sv:6620]
INFO: [Synth 8-4471] merging register 'GenPtGrp[3].u_routing/GenBgbkDlyNN.GenBgbkDly[1].u_dly_bgbk/BIT[1].DX.d_r_reg[1][2:0]' into 'GenPtGrp[1].u_routing/GenBgbkDlyNN.GenBgbkDly[4].u_dly_bgbk/BIT[1].DX.d_r_reg[1][2:0]' [/home/user/Documents/dma_test/prj/Vivado/hw/srcs/top/ipshared/53f7/hdl/DPUCZDX8G_v4_1_0_vl_dpu.sv:6627]
INFO: [Synth 8-4471] merging register 'GenPtGrp[3].u_routing/GenBgbkDlyNN.GenBgbkDly[1].u_dly_bgbk/BIT[2].DX.d_r_reg[2][2:0]' into 'GenPtGrp[1].u_routing/GenBgbkDlyNN.GenBgbkDly[4].u_dly_bgbk/BIT[2].DX.d_r_reg[2][2:0]' [/home/user/Documents/dma_test/prj/Vivado/hw/srcs/top/ipshared/53f7/hdl/DPUCZDX8G_v4_1_0_vl_dpu.sv:6627]
INFO: [Synth 8-4471] merging register 'GenPtGrp[3].u_routing/GenBgbkDlyNN.GenBgbkDly[1].u_dly_bgbk/BIT[3].DX.d_r_reg[3][2:0]' into 'GenPtGrp[1].u_routing/GenBgbkDlyNN.GenBgbkDly[4].u_dly_bgbk/BIT[3].DX.d_r_reg[3][2:0]' [/home/user/Documents/dma_test/prj/Vivado/hw/srcs/top/ipshared/53f7/hdl/DPUCZDX8G_v4_1_0_vl_dpu.sv:6627]
INFO: [Synth 8-4471] merging register 'GenPtGrp[3].u_routing/GenBgbkDlyNN.GenBgbkDly[1].u_dly_bgbk/BIT[4].DX.d_r_reg[4][2:0]' into 'GenPtGrp[1].u_routing/GenBgbkDlyNN.GenBgbkDly[4].u_dly_bgbk/BIT[4].DX.d_r_reg[4][2:0]' [/home/user/Documents/dma_test/prj/Vivado/hw/srcs/top/ipshared/53f7/hdl/DPUCZDX8G_v4_1_0_vl_dpu.sv:6627]
WARNING: [Synth 8-3936] Found unconnected internal register 'GenPtGrp[1].u_routing/GenPgN.u_axi_rs/mode2.storage_data_reg' and it is trimmed from '60' to '59' bits. [/home/user/Documents/dma_test/prj/Vivado/hw/srcs/top/ipshared/53f7/hdl/DPUCZDX8G_v4_1_0_vl_dpu.sv:6502]
INFO: [Synth 8-3333] propagating constant 0 across sequential element (u_img_bkrd/\GenPtGrp[2].u_routing/AssignBkSelBinary[0].GenOnehot2BinaryPP8.bk_sel_binary_reg[0][1] )
INFO: [Synth 8-3333] propagating constant 0 across sequential element (u_img_bkrd/\GenPtGrp[2].u_routing/AssignBkSelBinary[0].GenOnehot2BinaryPP8.bk_sel_binary_reg[0][2] )
INFO: [Synth 8-3333] propagating constant 0 across sequential element (u_img_bkrd/\GenPtGrp[2].u_routing/AssignBkSelBinary[0].GenOnehot2BinaryPP8.bk_sel_binary_reg[0][0] )
INFO: [Synth 8-3333] propagating constant 0 across sequential element (data_in_cnt0_inferred/\data_in_cnt_reg[0] )
INFO: [Synth 8-3333] propagating constant 0 across sequential element (data_in_cnt0_inferred/\data_in_cnt_reg[1] )
INFO: [Synth 8-3333] propagating constant 0 across sequential element (data_in_cnt0_inferred/\data_in_cnt_reg[2] )
INFO: [Synth 8-4471] merging register 'GenAddGrp[1].GenAddCh[3].GenMultOcp[0].u_mult_dsp_tree/GenMultPair[1].p_dly_reg[35:0]' into 'GenAddGrp[1].GenAddCh[3].GenMultOcp[0].u_mult_dsp_tree/GenMultPair[1].u_ds_p_act/GenD1.srl_reg[35:0]' [/home/user/Documents/dma_test/prj/Vivado/hw/srcs/top/ipshared/53f7/hdl/DPUCZDX8G_v4_1_0_vl_dpu.sv:10141]
INFO: [Synth 8-4471] merging register 'GenAddGrp[1].GenAddCh[3].GenMultOcp[0].u_mult_dsp_tree/GenMultPair[3].p_dly_reg[35:0]' into 'GenAddGrp[1].GenAddCh[3].GenMultOcp[0].u_mult_dsp_tree/GenMultPair[3].u_ds_p_act/GenD1.srl_reg[35:0]' [/home/user/Documents/dma_test/prj/Vivado/hw/srcs/top/ipshared/53f7/hdl/DPUCZDX8G_v4_1_0_vl_dpu.sv:10141]
INFO: [Synth 8-4471] merging register 'GenAddGrp[1].GenAddCh[3].GenMultOcp[1].u_mult_dsp_tree/GenMultPair[0].p_dly_reg[35:0]' into 'GenAddGrp[1].GenAddCh[3].GenMultOcp[1].u_mult_dsp_tree/GenMultPair[0].u_ds_p_act/GenD1.srl_reg[35:0]' [/home/user/Documents/dma_test/prj/Vivado/hw/srcs/top/ipshared/53f7/hdl/DPUCZDX8G_v4_1_0_vl_dpu.sv:10141]
INFO: [Synth 8-4471] merging register 'GenAddGrp[1].GenAddCh[3].GenMultOcp[1].u_mult_dsp_tree/GenMultPair[2].p_dly_reg[35:0]' into 'GenAddGrp[1].GenAddCh[3].GenMultOcp[1].u_mult_dsp_tree/GenMultPair[2].u_ds_p_act/GenD1.srl_reg[35:0]' [/home/user/Documents/dma_test/prj/Vivado/hw/srcs/top/ipshared/53f7/hdl/DPUCZDX8G_v4_1_0_vl_dpu.sv:10141]
INFO: [Synth 8-4471] merging register 'GenAddGrp[1].GenAddCh[3].GenMultOcp[2].u_mult_dsp_tree/GenMultPair[1].p_dly_reg[35:0]' into 'GenAddGrp[1].GenAddCh[3].GenMultOcp[2].u_mult_dsp_tree/GenMultPair[1].u_ds_p_act/GenD1.srl_reg[35:0]' [/home/user/Documents/dma_test/prj/Vivado/hw/srcs/top/ipshared/53f7/hdl/DPUCZDX8G_v4_1_0_vl_dpu.sv:10141]
INFO: [Synth 8-4471] merging register 'GenAddGrp[1].GenAddCh[3].GenMultOcp[2].u_mult_dsp_tree/GenMultPair[3].p_dly_reg[35:0]' into 'GenAddGrp[1].GenAddCh[3].GenMultOcp[2].u_mult_dsp_tree/GenMultPair[3].u_ds_p_act/GenD1.srl_reg[35:0]' [/home/user/Documents/dma_test/prj/Vivado/hw/srcs/top/ipshared/53f7/hdl/DPUCZDX8G_v4_1_0_vl_dpu.sv:10141]
INFO: [Synth 8-4471] merging register 'GenAddGrp[1].GenAddCh[3].GenMultOcp[3].u_mult_dsp_tree/GenMultPair[0].p_dly_reg[35:0]' into 'GenAddGrp[1].GenAddCh[3].GenMultOcp[3].u_mult_dsp_tree/GenMultPair[0].u_ds_p_act/GenD1.srl_reg[35:0]' [/home/user/Documents/dma_test/prj/Vivado/hw/srcs/top/ipshared/53f7/hdl/DPUCZDX8G_v4_1_0_vl_dpu.sv:10141]
INFO: [Synth 8-4471] merging register 'GenAddGrp[1].GenAddCh[3].GenMultOcp[3].u_mult_dsp_tree/GenMultPair[2].p_dly_reg[35:0]' into 'GenAddGrp[1].GenAddCh[3].GenMultOcp[3].u_mult_dsp_tree/GenMultPair[2].u_ds_p_act/GenD1.srl_reg[35:0]' [/home/user/Documents/dma_test/prj/Vivado/hw/srcs/top/ipshared/53f7/hdl/DPUCZDX8G_v4_1_0_vl_dpu.sv:10141]
INFO: [Synth 8-4471] merging register 'GenAddGrp[1].GenAddCh[3].GenMultOcp[4].u_mult_dsp_tree/GenMultPair[1].p_dly_reg[35:0]' into 'GenAddGrp[1].GenAddCh[3].GenMultOcp[4].u_mult_dsp_tree/GenMultPair[1].u_ds_p_act/GenD1.srl_reg[35:0]' [/home/user/Documents/dma_test/prj/Vivado/hw/srcs/top/ipshared/53f7/hdl/DPUCZDX8G_v4_1_0_vl_dpu.sv:10141]
INFO: [Synth 8-4471] merging register 'GenAddGrp[1].GenAddCh[3].GenMultOcp[4].u_mult_dsp_tree/GenMultPair[3].p_dly_reg[35:0]' into 'GenAddGrp[1].GenAddCh[3].GenMultOcp[4].u_mult_dsp_tree/GenMultPair[3].u_ds_p_act/GenD1.srl_reg[35:0]' [/home/user/Documents/dma_test/prj/Vivado/hw/srcs/top/ipshared/53f7/hdl/DPUCZDX8G_v4_1_0_vl_dpu.sv:10141]
INFO: [Synth 8-4471] merging register 'GenAddGrp[1].GenAddCh[3].GenMultOcp[5].u_mult_dsp_tree/GenMultPair[0].p_dly_reg[35:0]' into 'GenAddGrp[1].GenAddCh[3].GenMultOcp[5].u_mult_dsp_tree/GenMultPair[0].u_ds_p_act/GenD1.srl_reg[35:0]' [/home/user/Documents/dma_test/prj/Vivado/hw/srcs/top/ipshared/53f7/hdl/DPUCZDX8G_v4_1_0_vl_dpu.sv:10141]
INFO: [Synth 8-4471] merging register 'GenAddGrp[1].GenAddCh[3].GenMultOcp[5].u_mult_dsp_tree/GenMultPair[2].p_dly_reg[35:0]' into 'GenAddGrp[1].GenAddCh[3].GenMultOcp[5].u_mult_dsp_tree/GenMultPair[2].u_ds_p_act/GenD1.srl_reg[35:0]' [/home/user/Documents/dma_test/prj/Vivado/hw/srcs/top/ipshared/53f7/hdl/DPUCZDX8G_v4_1_0_vl_dpu.sv:10141]
INFO: [Synth 8-4471] merging register 'GenAddGrp[1].GenAddCh[3].GenMultOcp[6].u_mult_dsp_tree/GenMultPair[1].p_dly_reg[35:0]' into 'GenAddGrp[1].GenAddCh[3].GenMultOcp[6].u_mult_dsp_tree/GenMultPair[1].u_ds_p_act/GenD1.srl_reg[35:0]' [/home/user/Documents/dma_test/prj/Vivado/hw/srcs/top/ipshared/53f7/hdl/DPUCZDX8G_v4_1_0_vl_dpu.sv:10141]
INFO: [Synth 8-4471] merging register 'GenAddGrp[1].GenAddCh[3].GenMultOcp[6].u_mult_dsp_tree/GenMultPair[3].p_dly_reg[35:0]' into 'GenAddGrp[1].GenAddCh[3].GenMultOcp[6].u_mult_dsp_tree/GenMultPair[3].u_ds_p_act/GenD1.srl_reg[35:0]' [/home/user/Documents/dma_test/prj/Vivado/hw/srcs/top/ipshared/53f7/hdl/DPUCZDX8G_v4_1_0_vl_dpu.sv:10141]
INFO: [Synth 8-4471] merging register 'GenAddGrp[1].GenAddCh[3].GenMultOcp[7].u_mult_dsp_tree/GenMultPair[0].p_dly_reg[35:0]' into 'GenAddGrp[1].GenAddCh[3].GenMultOcp[7].u_mult_dsp_tree/GenMultPair[0].u_ds_p_act/GenD1.srl_reg[35:0]' [/home/user/Documents/dma_test/prj/Vivado/hw/srcs/top/ipshared/53f7/hdl/DPUCZDX8G_v4_1_0_vl_dpu.sv:10141]
INFO: [Synth 8-4471] merging register 'GenAddGrp[1].GenAddCh[3].GenMultOcp[7].u_mult_dsp_tree/GenMultPair[2].p_dly_reg[35:0]' into 'GenAddGrp[1].GenAddCh[3].GenMultOcp[7].u_mult_dsp_tree/GenMultPair[2].u_ds_p_act/GenD1.srl_reg[35:0]' [/home/user/Documents/dma_test/prj/Vivado/hw/srcs/top/ipshared/53f7/hdl/DPUCZDX8G_v4_1_0_vl_dpu.sv:10141]
INFO: [Synth 8-4471] merging register 'GenAddGrp[2].GenAddCh[0].u_ds_dv_pre10/GenD1.srl_reg[0:0]' into 'GenAddGrp[1].GenAddCh[0].u_ds_dv_pre10/GenD1.srl_reg[0:0]' [/home/user/Documents/dma_test/prj/Vivado/hw/srcs/top/ipshared/53f7/hdl/DPUCZDX8G_v4_1_0_vl_dpu.sv:6744]
INFO: [Synth 8-4471] merging register 'GenAddGrp[1].GenAddCh[0].u_ds_ws_pre05/GenD1.srl_reg[0:0]' into 'GenAddGrp[2].GenAddCh[0].u_ds_ws_pre05/GenD1.srl_reg[0:0]' [/home/user/Documents/dma_test/prj/Vivado/hw/srcs/top/ipshared/53f7/hdl/DPUCZDX8G_v4_1_0_vl_dpu.sv:6744]
INFO: [Synth 8-4471] merging register 'GenAddGrp[2].GenAddCh[2].GenMultOcp[2].u_mult_dsp_tree/GenMultPair[0].p_dly_reg[35:0]' into 'GenAddGrp[2].GenAddCh[2].GenMultOcp[2].u_mult_dsp_tree/GenMultPair[0].u_ds_p_act/GenD1.srl_reg[35:0]' [/home/user/Documents/dma_test/prj/Vivado/hw/srcs/top/ipshared/53f7/hdl/DPUCZDX8G_v4_1_0_vl_dpu.sv:10141]
INFO: [Synth 8-4471] merging register 'GenAddGrp[2].GenAddCh[2].GenMultOcp[2].u_mult_dsp_tree/GenMultPair[2].p_dly_reg[35:0]' into 'GenAddGrp[2].GenAddCh[2].GenMultOcp[2].u_mult_dsp_tree/GenMultPair[2].u_ds_p_act/GenD1.srl_reg[35:0]' [/home/user/Documents/dma_test/prj/Vivado/hw/srcs/top/ipshared/53f7/hdl/DPUCZDX8G_v4_1_0_vl_dpu.sv:10141]
INFO: [Synth 8-4471] merging register 'GenAddGrp[2].GenAddCh[2].GenMultOcp[3].u_mult_dsp_tree/GenMultPair[1].p_dly_reg[35:0]' into 'GenAddGrp[2].GenAddCh[2].GenMultOcp[3].u_mult_dsp_tree/GenMultPair[1].u_ds_p_act/GenD1.srl_reg[35:0]' [/home/user/Documents/dma_test/prj/Vivado/hw/srcs/top/ipshared/53f7/hdl/DPUCZDX8G_v4_1_0_vl_dpu.sv:10141]
INFO: [Synth 8-4471] merging register 'GenAddGrp[2].GenAddCh[2].GenMultOcp[3].u_mult_dsp_tree/GenMultPair[3].p_dly_reg[35:0]' into 'GenAddGrp[2].GenAddCh[2].GenMultOcp[3].u_mult_dsp_tree/GenMultPair[3].u_ds_p_act/GenD1.srl_reg[35:0]' [/home/user/Documents/dma_test/prj/Vivado/hw/srcs/top/ipshared/53f7/hdl/DPUCZDX8G_v4_1_0_vl_dpu.sv:10141]
INFO: [Synth 8-4471] merging register 'GenAddGrp[2].GenAddCh[2].GenMultOcp[4].u_mult_dsp_tree/GenMultPair[0].p_dly_reg[35:0]' into 'GenAddGrp[2].GenAddCh[2].GenMultOcp[4].u_mult_dsp_tree/GenMultPair[0].u_ds_p_act/GenD1.srl_reg[35:0]' [/home/user/Documents/dma_test/prj/Vivado/hw/srcs/top/ipshared/53f7/hdl/DPUCZDX8G_v4_1_0_vl_dpu.sv:10141]
INFO: [Synth 8-4471] merging register 'GenAddGrp[2].GenAddCh[2].GenMultOcp[4].u_mult_dsp_tree/GenMultPair[2].p_dly_reg[35:0]' into 'GenAddGrp[2].GenAddCh[2].GenMultOcp[4].u_mult_dsp_tree/GenMultPair[2].u_ds_p_act/GenD1.srl_reg[35:0]' [/home/user/Documents/dma_test/prj/Vivado/hw/srcs/top/ipshared/53f7/hdl/DPUCZDX8G_v4_1_0_vl_dpu.sv:10141]
INFO: [Synth 8-4471] merging register 'GenAddGrp[2].GenAddCh[2].GenMultOcp[5].u_mult_dsp_tree/GenMultPair[1].p_dly_reg[35:0]' into 'GenAddGrp[2].GenAddCh[2].GenMultOcp[5].u_mult_dsp_tree/GenMultPair[1].u_ds_p_act/GenD1.srl_reg[35:0]' [/home/user/Documents/dma_test/prj/Vivado/hw/srcs/top/ipshared/53f7/hdl/DPUCZDX8G_v4_1_0_vl_dpu.sv:10141]
INFO: [Synth 8-4471] merging register 'GenAddGrp[2].GenAddCh[2].GenMultOcp[5].u_mult_dsp_tree/GenMultPair[3].p_dly_reg[35:0]' into 'GenAddGrp[2].GenAddCh[2].GenMultOcp[5].u_mult_dsp_tree/GenMultPair[3].u_ds_p_act/GenD1.srl_reg[35:0]' [/home/user/Documents/dma_test/prj/Vivado/hw/srcs/top/ipshared/53f7/hdl/DPUCZDX8G_v4_1_0_vl_dpu.sv:10141]
INFO: [Synth 8-4471] merging register 'GenAddGrp[2].GenAddCh[2].GenMultOcp[6].u_mult_dsp_tree/GenMultPair[0].p_dly_reg[35:0]' into 'GenAddGrp[2].GenAddCh[2].GenMultOcp[6].u_mult_dsp_tree/GenMultPair[0].u_ds_p_act/GenD1.srl_reg[35:0]' [/home/user/Documents/dma_test/prj/Vivado/hw/srcs/top/ipshared/53f7/hdl/DPUCZDX8G_v4_1_0_vl_dpu.sv:10141]
INFO: [Synth 8-4471] merging register 'GenAddGrp[2].GenAddCh[2].GenMultOcp[6].u_mult_dsp_tree/GenMultPair[2].p_dly_reg[35:0]' into 'GenAddGrp[2].GenAddCh[2].GenMultOcp[6].u_mult_dsp_tree/GenMultPair[2].u_ds_p_act/GenD1.srl_reg[35:0]' [/home/user/Documents/dma_test/prj/Vivado/hw/srcs/top/ipshared/53f7/hdl/DPUCZDX8G_v4_1_0_vl_dpu.sv:10141]
INFO: [Synth 8-4471] merging register 'GenAddGrp[2].GenAddCh[2].GenMultOcp[7].u_mult_dsp_tree/GenMultPair[1].p_dly_reg[35:0]' into 'GenAddGrp[2].GenAddCh[2].GenMultOcp[7].u_mult_dsp_tree/GenMultPair[1].u_ds_p_act/GenD1.srl_reg[35:0]' [/home/user/Documents/dma_test/prj/Vivado/hw/srcs/top/ipshared/53f7/hdl/DPUCZDX8G_v4_1_0_vl_dpu.sv:10141]
INFO: [Synth 8-4471] merging register 'GenAddGrp[2].GenAddCh[2].GenMultOcp[7].u_mult_dsp_tree/GenMultPair[3].p_dly_reg[35:0]' into 'GenAddGrp[2].GenAddCh[2].GenMultOcp[7].u_mult_dsp_tree/GenMultPair[3].u_ds_p_act/GenD1.srl_reg[35:0]' [/home/user/Documents/dma_test/prj/Vivado/hw/srcs/top/ipshared/53f7/hdl/DPUCZDX8G_v4_1_0_vl_dpu.sv:10141]
INFO: [Synth 8-4471] merging register 'GenAddGrp[0].GenAddCh[3].GenMultOcp[0].u_mult_dsp_tree/GenMultPair[1].p_dly_reg[35:0]' into 'GenAddGrp[0].GenAddCh[3].GenMultOcp[0].u_mult_dsp_tree/GenMultPair[1].u_ds_p_act/GenD1.srl_reg[35:0]' [/home/user/Documents/dma_test/prj/Vivado/hw/srcs/top/ipshared/53f7/hdl/DPUCZDX8G_v4_1_0_vl_dpu.sv:10141]
INFO: [Synth 8-4471] merging register 'GenAddGrp[0].GenAddCh[3].GenMultOcp[0].u_mult_dsp_tree/GenMultPair[3].p_dly_reg[35:0]' into 'GenAddGrp[0].GenAddCh[3].GenMultOcp[0].u_mult_dsp_tree/GenMultPair[3].u_ds_p_act/GenD1.srl_reg[35:0]' [/home/user/Documents/dma_test/prj/Vivado/hw/srcs/top/ipshared/53f7/hdl/DPUCZDX8G_v4_1_0_vl_dpu.sv:10141]
INFO: [Synth 8-4471] merging register 'GenAddGrp[0].GenAddCh[3].GenMultOcp[1].u_mult_dsp_tree/GenMultPair[0].p_dly_reg[35:0]' into 'GenAddGrp[0].GenAddCh[3].GenMultOcp[1].u_mult_dsp_tree/GenMultPair[0].u_ds_p_act/GenD1.srl_reg[35:0]' [/home/user/Documents/dma_test/prj/Vivado/hw/srcs/top/ipshared/53f7/hdl/DPUCZDX8G_v4_1_0_vl_dpu.sv:10141]
INFO: [Synth 8-4471] merging register 'GenAddGrp[0].GenAddCh[3].GenMultOcp[1].u_mult_dsp_tree/GenMultPair[2].p_dly_reg[35:0]' into 'GenAddGrp[0].GenAddCh[3].GenMultOcp[1].u_mult_dsp_tree/GenMultPair[2].u_ds_p_act/GenD1.srl_reg[35:0]' [/home/user/Documents/dma_test/prj/Vivado/hw/srcs/top/ipshared/53f7/hdl/DPUCZDX8G_v4_1_0_vl_dpu.sv:10141]
INFO: [Synth 8-4471] merging register 'GenAddGrp[0].GenAddCh[3].GenMultOcp[2].u_mult_dsp_tree/GenMultPair[1].p_dly_reg[35:0]' into 'GenAddGrp[0].GenAddCh[3].GenMultOcp[2].u_mult_dsp_tree/GenMultPair[1].u_ds_p_act/GenD1.srl_reg[35:0]' [/home/user/Documents/dma_test/prj/Vivado/hw/srcs/top/ipshared/53f7/hdl/DPUCZDX8G_v4_1_0_vl_dpu.sv:10141]
INFO: [Synth 8-4471] merging register 'GenAddGrp[0].GenAddCh[3].GenMultOcp[2].u_mult_dsp_tree/GenMultPair[3].p_dly_reg[35:0]' into 'GenAddGrp[0].GenAddCh[3].GenMultOcp[2].u_mult_dsp_tree/GenMultPair[3].u_ds_p_act/GenD1.srl_reg[35:0]' [/home/user/Documents/dma_test/prj/Vivado/hw/srcs/top/ipshared/53f7/hdl/DPUCZDX8G_v4_1_0_vl_dpu.sv:10141]
INFO: [Synth 8-4471] merging register 'GenAddGrp[0].GenAddCh[3].GenMultOcp[3].u_mult_dsp_tree/GenMultPair[0].p_dly_reg[35:0]' into 'GenAddGrp[0].GenAddCh[3].GenMultOcp[3].u_mult_dsp_tree/GenMultPair[0].u_ds_p_act/GenD1.srl_reg[35:0]' [/home/user/Documents/dma_test/prj/Vivado/hw/srcs/top/ipshared/53f7/hdl/DPUCZDX8G_v4_1_0_vl_dpu.sv:10141]
INFO: [Synth 8-4471] merging register 'GenAddGrp[0].GenAddCh[3].GenMultOcp[3].u_mult_dsp_tree/GenMultPair[2].p_dly_reg[35:0]' into 'GenAddGrp[0].GenAddCh[3].GenMultOcp[3].u_mult_dsp_tree/GenMultPair[2].u_ds_p_act/GenD1.srl_reg[35:0]' [/home/user/Documents/dma_test/prj/Vivado/hw/srcs/top/ipshared/53f7/hdl/DPUCZDX8G_v4_1_0_vl_dpu.sv:10141]
INFO: [Synth 8-4471] merging register 'GenAddGrp[0].GenAddCh[3].GenMultOcp[4].u_mult_dsp_tree/GenMultPair[1].p_dly_reg[35:0]' into 'GenAddGrp[0].GenAddCh[3].GenMultOcp[4].u_mult_dsp_tree/GenMultPair[1].u_ds_p_act/GenD1.srl_reg[35:0]' [/home/user/Documents/dma_test/prj/Vivado/hw/srcs/top/ipshared/53f7/hdl/DPUCZDX8G_v4_1_0_vl_dpu.sv:10141]
INFO: [Synth 8-4471] merging register 'GenAddGrp[0].GenAddCh[3].GenMultOcp[4].u_mult_dsp_tree/GenMultPair[3].p_dly_reg[35:0]' into 'GenAddGrp[0].GenAddCh[3].GenMultOcp[4].u_mult_dsp_tree/GenMultPair[3].u_ds_p_act/GenD1.srl_reg[35:0]' [/home/user/Documents/dma_test/prj/Vivado/hw/srcs/top/ipshared/53f7/hdl/DPUCZDX8G_v4_1_0_vl_dpu.sv:10141]
INFO: [Synth 8-4471] merging register 'GenAddGrp[0].GenAddCh[3].GenMultOcp[5].u_mult_dsp_tree/GenMultPair[0].p_dly_reg[35:0]' into 'GenAddGrp[0].GenAddCh[3].GenMultOcp[5].u_mult_dsp_tree/GenMultPair[0].u_ds_p_act/GenD1.srl_reg[35:0]' [/home/user/Documents/dma_test/prj/Vivado/hw/srcs/top/ipshared/53f7/hdl/DPUCZDX8G_v4_1_0_vl_dpu.sv:10141]
INFO: [Synth 8-4471] merging register 'GenAddGrp[0].GenAddCh[3].GenMultOcp[5].u_mult_dsp_tree/GenMultPair[2].p_dly_reg[35:0]' into 'GenAddGrp[0].GenAddCh[3].GenMultOcp[5].u_mult_dsp_tree/GenMultPair[2].u_ds_p_act/GenD1.srl_reg[35:0]' [/home/user/Documents/dma_test/prj/Vivado/hw/srcs/top/ipshared/53f7/hdl/DPUCZDX8G_v4_1_0_vl_dpu.sv:10141]
INFO: [Synth 8-4471] merging register 'GenAddGrp[0].GenAddCh[3].GenMultOcp[6].u_mult_dsp_tree/GenMultPair[1].p_dly_reg[35:0]' into 'GenAddGrp[0].GenAddCh[3].GenMultOcp[6].u_mult_dsp_tree/GenMultPair[1].u_ds_p_act/GenD1.srl_reg[35:0]' [/home/user/Documents/dma_test/prj/Vivado/hw/srcs/top/ipshared/53f7/hdl/DPUCZDX8G_v4_1_0_vl_dpu.sv:10141]
INFO: [Synth 8-4471] merging register 'GenAddGrp[0].GenAddCh[3].GenMultOcp[6].u_mult_dsp_tree/GenMultPair[3].p_dly_reg[35:0]' into 'GenAddGrp[0].GenAddCh[3].GenMultOcp[6].u_mult_dsp_tree/GenMultPair[3].u_ds_p_act/GenD1.srl_reg[35:0]' [/home/user/Documents/dma_test/prj/Vivado/hw/srcs/top/ipshared/53f7/hdl/DPUCZDX8G_v4_1_0_vl_dpu.sv:10141]
INFO: [Synth 8-4471] merging register 'GenAddGrp[0].GenAddCh[3].GenMultOcp[7].u_mult_dsp_tree/GenMultPair[0].p_dly_reg[35:0]' into 'GenAddGrp[0].GenAddCh[3].GenMultOcp[7].u_mult_dsp_tree/GenMultPair[0].u_ds_p_act/GenD1.srl_reg[35:0]' [/home/user/Documents/dma_test/prj/Vivado/hw/srcs/top/ipshared/53f7/hdl/DPUCZDX8G_v4_1_0_vl_dpu.sv:10141]
INFO: [Synth 8-4471] merging register 'GenAddGrp[0].GenAddCh[3].GenMultOcp[7].u_mult_dsp_tree/GenMultPair[2].p_dly_reg[35:0]' into 'GenAddGrp[0].GenAddCh[3].GenMultOcp[7].u_mult_dsp_tree/GenMultPair[2].u_ds_p_act/GenD1.srl_reg[35:0]' [/home/user/Documents/dma_test/prj/Vivado/hw/srcs/top/ipshared/53f7/hdl/DPUCZDX8G_v4_1_0_vl_dpu.sv:10141]
INFO: [Synth 8-4471] merging register 'GenAddGrp[0].GenAddCh[4].GenMultOcp[6].u_mult_dsp_tree/GenMultPair[0].p_dly_reg[35:0]' into 'GenAddGrp[0].GenAddCh[4].GenMultOcp[6].u_mult_dsp_tree/GenMultPair[0].u_ds_p_act/GenD1.srl_reg[35:0]' [/home/user/Documents/dma_test/prj/Vivado/hw/srcs/top/ipshared/53f7/hdl/DPUCZDX8G_v4_1_0_vl_dpu.sv:10141]
INFO: [Synth 8-4471] merging register 'GenAddGrp[0].GenAddCh[4].GenMultOcp[6].u_mult_dsp_tree/GenMultPair[2].p_dly_reg[35:0]' into 'GenAddGrp[0].GenAddCh[4].GenMultOcp[6].u_mult_dsp_tree/GenMultPair[2].u_ds_p_act/GenD1.srl_reg[35:0]' [/home/user/Documents/dma_test/prj/Vivado/hw/srcs/top/ipshared/53f7/hdl/DPUCZDX8G_v4_1_0_vl_dpu.sv:10141]
INFO: [Synth 8-4471] merging register 'GenPP[1].GenSystolicCtrlN_packed.at_tvalid_dly_r_reg' into 'GenPP[0].GenAccumDsp.u_accum_dsp/CEP_pre_reg' [/home/user/Documents/dma_test/prj/Vivado/hw/srcs/top/ipshared/53f7/hdl/DPUCZDX8G_v4_1_0_vl_dpu.sv:8910]
INFO: [Synth 8-4471] merging register 'GenPP[2].GenSystolicCtrlN_packed.at_tvalid_dly_r_reg' into 'GenPP[0].GenAccumDsp.u_accum_dsp/CEP_reg' [/home/user/Documents/dma_test/prj/Vivado/hw/srcs/top/ipshared/53f7/hdl/DPUCZDX8G_v4_1_0_vl_dpu.sv:8910]
INFO: [Synth 8-4471] merging register 'GenPP[4].GenSystolicCtrlN_packed.at_tvalid_dly_r_reg' into 'GenPP[3].GenAccumDsp.u_accum_dsp/CEP_pre_reg' [/home/user/Documents/dma_test/prj/Vivado/hw/srcs/top/ipshared/53f7/hdl/DPUCZDX8G_v4_1_0_vl_dpu.sv:8910]
INFO: [Synth 8-4471] merging register 'GenPP[5].GenSystolicCtrlN_packed.at_tvalid_dly_r_reg' into 'GenPP[3].GenAccumDsp.u_accum_dsp/CEP_reg' [/home/user/Documents/dma_test/prj/Vivado/hw/srcs/top/ipshared/53f7/hdl/DPUCZDX8G_v4_1_0_vl_dpu.sv:8910]
INFO: [Synth 8-4471] merging register 'GenPP[7].GenSystolicCtrlN_packed.at_tvalid_dly_r_reg' into 'GenPP[6].GenAccumDsp.u_accum_dsp/CEP_pre_reg' [/home/user/Documents/dma_test/prj/Vivado/hw/srcs/top/ipshared/53f7/hdl/DPUCZDX8G_v4_1_0_vl_dpu.sv:8910]
INFO: [Synth 8-4471] merging register 'GenPP[1].GenAccumDsp.u_accum_dsp/CEP_pre_reg' into 'GenPP[0].GenAccumDsp.u_accum_dsp/CEP_reg' [/home/user/Documents/dma_test/prj/Vivado/hw/srcs/top/ipshared/53f7/hdl/DPUCZDX8G_v4_1_0_vl_dpu.sv:10881]
INFO: [Synth 8-4471] merging register 'GenPP[2].GenAccumDsp.u_accum_dsp/CEP_pre_reg' into 'GenPP[3].GenSystolicCtrlN_packed.at_tvalid_dly_r_reg' [/home/user/Documents/dma_test/prj/Vivado/hw/srcs/top/ipshared/53f7/hdl/DPUCZDX8G_v4_1_0_vl_dpu.sv:10881]
INFO: [Synth 8-4471] merging register 'GenPP[4].GenAccumDsp.u_accum_dsp/CEP_pre_reg' into 'GenPP[3].GenAccumDsp.u_accum_dsp/CEP_reg' [/home/user/Documents/dma_test/prj/Vivado/hw/srcs/top/ipshared/53f7/hdl/DPUCZDX8G_v4_1_0_vl_dpu.sv:10881]
INFO: [Synth 8-4471] merging register 'GenPP[5].GenAccumDsp.u_accum_dsp/CEP_pre_reg' into 'GenPP[6].GenSystolicCtrlN_packed.at_tvalid_dly_r_reg' [/home/user/Documents/dma_test/prj/Vivado/hw/srcs/top/ipshared/53f7/hdl/DPUCZDX8G_v4_1_0_vl_dpu.sv:10881]
INFO: [Synth 8-4471] merging register 'GenPP[7].GenAccumDsp.u_accum_dsp/CEP_pre_reg' into 'GenPP[6].GenAccumDsp.u_accum_dsp/CEP_reg' [/home/user/Documents/dma_test/prj/Vivado/hw/srcs/top/ipshared/53f7/hdl/DPUCZDX8G_v4_1_0_vl_dpu.sv:10881]
INFO: [Common 17-14] Message 'Synth 8-4471' appears 100 times and further instances of the messages will be disabled. Use the Tcl command set_msg_config to change the current settings.
INFO: [Common 17-14] Message 'Synth 8-4471' appears 100 times and further instances of the messages will be disabled. Use the Tcl command set_msg_config to change the current settings.
INFO: [Synth 8-3333] propagating constant 0 across sequential element (u_serdes_bias/\GenDataN.GenEleP[3].GenDataN[4].ele_r_reg[7] )
INFO: [Common 17-14] Message 'Synth 8-3886' appears 100 times and further instances of the messages will be disabled. Use the Tcl command set_msg_config to change the current settings.
INFO: [Synth 8-3333] propagating constant 0 across sequential element (\inst_ins_parser/reg_img_jump_rd_r_reg[10] )
INFO: [Synth 8-3333] propagating constant 0 across sequential element (\inst_ins_parser/reg_str_oset_r_reg[3] )
INFO: [Synth 8-3333] propagating constant 0 across sequential element (\inst_reader/inst_rd_img /\u_pad_mask/GenInitCoorH[0].pix_base_coor_h_r_reg[0][3] )
INFO: [Synth 8-3333] propagating constant 0 across sequential element (\inst_ins_parser/reg_img_w_r_reg[10] )
INFO: [Synth 8-3333] propagating constant 0 across sequential element (\inst_ins_parser/reg_pipe_img_b_lim_r_reg[7] )
INFO: [Synth 8-3333] propagating constant 0 across sequential element (\inst_ins_parser/reg_pipe_img_b_lim_r_reg[10] )
INFO: [Synth 8-3333] propagating constant 0 across sequential element (\inst_ins_parser/reg_nl_relu6_r_reg[7] )
INFO: [Synth 8-3333] propagating constant 0 across sequential element (\GenWp[0].u_writer/u_addr_gen/addr_ch0_inferred /\GenWp[0].u_writer/u_addr_gen/addr_ch_reg[10] )
INFO: [Synth 8-3333] propagating constant 0 across sequential element (\GenWp[0].u_writer/u_addr_gen/addr_ch0_inferred /\GenWp[0].u_writer/u_addr_gen/addr_ch_reg[9] )
INFO: [Synth 8-3333] propagating constant 0 across sequential element (\GenWp[0].u_writer/u_addr_gen/addr_ch0_inferred /\GenWp[0].u_writer/u_addr_gen/addr_ch_reg[0] )
INFO: [Synth 8-3333] propagating constant 0 across sequential element (\GenWp[0].u_writer/u_addr_gen/addr_ch0_inferred /\GenWp[0].u_writer/u_addr_gen/addr_ch_reg[1] )
INFO: [Synth 8-3333] propagating constant 0 across sequential element (\GenWp[0].u_writer/u_addr_gen/addr_ch0_inferred /\GenWp[0].u_writer/u_addr_gen/addr_ch_reg[2] )
INFO: [Synth 8-3333] propagating constant 0 across sequential element (\GenWp[0].u_writer/u_addr_gen/addr_ch0_inferred /\GenWp[0].u_writer/u_addr_gen/addr_ch_reg[3] )
INFO: [Synth 8-3333] propagating constant 0 across sequential element (\GenWp[0].u_writer/u_addr_gen/addr_ch0_inferred /\GenWp[0].u_writer/u_addr_gen/addr_ch_reg[4] )
INFO: [Synth 8-3333] propagating constant 0 across sequential element (\GenWp[0].u_writer/u_addr_gen/addr_ch0_inferred /\GenWp[0].u_writer/u_addr_gen/addr_ch_reg[5] )
INFO: [Synth 8-3333] propagating constant 0 across sequential element (\GenWp[0].u_writer/u_addr_gen/addr_ch0_inferred /\GenWp[0].u_writer/u_addr_gen/addr_ch_reg[6] )
INFO: [Synth 8-3333] propagating constant 0 across sequential element (\GenWp[0].u_writer/u_addr_gen/addr_ch0_inferred /\GenWp[0].u_writer/u_addr_gen/addr_ch_reg[7] )
INFO: [Synth 8-3333] propagating constant 0 across sequential element (\GenWp[0].u_writer/u_addr_gen/addr_ch0_inferred /\GenWp[0].u_writer/u_addr_gen/addr_ch_reg[8] )
INFO: [Common 17-14] Message 'Synth 8-3886' appears 100 times and further instances of the messages will be disabled. Use the Tcl command set_msg_config to change the current settings.
INFO: [Synth 8-3333] propagating constant 0 across sequential element (\inst_ins_parser/reg_pipe_str_oset_r_reg[3] )
INFO: [Synth 8-3333] propagating constant 0 across sequential element (\inst_reader/inst_rd_img /\u_pad_mask/GenCoorH[0].coor_h_r_reg[0][10] )
INFO: [Synth 8-3333] propagating constant 0 across sequential element (\inst_ins_parser/reg_pipe_img_w_r_reg[10] )
INFO: [Synth 8-3333] propagating constant 0 across sequential element (\inst_ins_parser/reg_pipe_res_str_oset_r_reg[3] )
INFO: [Synth 8-3333] propagating constant 0 across sequential element (\inst_ins_parser/reg_pipe2_res_str_oset_r_reg[3] )
INFO: [Synth 8-3333] propagating constant 0 across sequential element (\inst_ins_parser/reg_pipe3_res_str_oset_r_reg[3] )
INFO: [Common 17-14] Message 'Synth 8-7129' appears 100 times and further instances of the messages will be disabled. Use the Tcl command set_msg_config to change the current settings.
INFO: [Synth 8-3333] propagating constant 0 across sequential element (u_alu_pe/u_alu_pe_mult/\DSP_1XCLK.gen_cp[0].gen_pp[3].Gen10x10.u_mult_dsp/inm_reg[3] )
INFO: [Synth 8-3333] propagating constant 0 across sequential element (u_alu_pe/u_alu_pe_mult/\DSP_1XCLK.gen_cp[0].gen_pp[3].Gen10x10.u_mult_dsp/inm_reg[4] )
INFO: [Synth 8-3333] propagating constant 0 across sequential element (u_alu_pe/u_alu_pe_mult/\DSP_1XCLK.gen_cp[1].gen_pp[3].Gen10x10.u_mult_dsp/inm_reg[3] )
INFO: [Synth 8-3333] propagating constant 0 across sequential element (u_alu_pe/u_alu_pe_mult/\DSP_1XCLK.gen_cp[1].gen_pp[3].Gen10x10.u_mult_dsp/inm_reg[4] )
INFO: [Synth 8-3333] propagating constant 0 across sequential element (u_alu_pe/u_alu_pe_mult/\DSP_1XCLK.gen_cp[2].gen_pp[3].Gen10x10.u_mult_dsp/inm_reg[3] )
INFO: [Synth 8-3333] propagating constant 0 across sequential element (u_alu_pe/u_alu_pe_mult/\DSP_1XCLK.gen_cp[2].gen_pp[3].Gen10x10.u_mult_dsp/inm_reg[4] )
INFO: [Synth 8-3333] propagating constant 0 across sequential element (u_alu_pe/u_alu_pe_mult/\DSP_1XCLK.gen_cp[3].gen_pp[3].Gen10x10.u_mult_dsp/inm_reg[3] )
INFO: [Synth 8-3333] propagating constant 0 across sequential element (u_alu_pe/u_alu_pe_mult/\DSP_1XCLK.gen_cp[3].gen_pp[3].Gen10x10.u_mult_dsp/inm_reg[4] )
INFO: [Synth 8-3333] propagating constant 0 across sequential element (u_alu_pe/u_alu_pe_mult/\DSP_1XCLK.gen_cp[4].gen_pp[3].Gen10x10.u_mult_dsp/inm_reg[3] )
INFO: [Synth 8-3333] propagating constant 0 across sequential element (u_alu_pe/u_alu_pe_mult/\DSP_1XCLK.gen_cp[4].gen_pp[3].Gen10x10.u_mult_dsp/inm_reg[4] )
INFO: [Synth 8-3333] propagating constant 0 across sequential element (u_alu_pe/u_alu_pe_mult/\DSP_1XCLK.gen_cp[5].gen_pp[3].Gen10x10.u_mult_dsp/inm_reg[3] )
INFO: [Synth 8-3333] propagating constant 0 across sequential element (u_alu_pe/u_alu_pe_mult/\DSP_1XCLK.gen_cp[5].gen_pp[3].Gen10x10.u_mult_dsp/inm_reg[4] )
INFO: [Synth 8-3333] propagating constant 0 across sequential element (u_alu_pe/u_alu_pe_mult/\DSP_1XCLK.gen_cp[6].gen_pp[3].Gen10x10.u_mult_dsp/inm_reg[3] )
INFO: [Synth 8-3333] propagating constant 0 across sequential element (u_alu_pe/u_alu_pe_mult/\DSP_1XCLK.gen_cp[6].gen_pp[3].Gen10x10.u_mult_dsp/inm_reg[4] )
INFO: [Synth 8-3333] propagating constant 0 across sequential element (u_alu_pe/u_alu_pe_mult/\DSP_1XCLK.gen_cp[7].gen_pp[3].Gen10x10.u_mult_dsp/inm_reg[3] )
INFO: [Synth 8-3333] propagating constant 0 across sequential element (u_alu_pe/u_alu_pe_mult/\DSP_1XCLK.gen_cp[7].gen_pp[3].Gen10x10.u_mult_dsp/inm_reg[4] )
INFO: [Synth 8-3333] propagating constant 0 across sequential element (u_alu_pe/u_alu_pe_mult/\DSP_1XCLK.gen_cp[8].gen_pp[3].Gen10x10.u_mult_dsp/inm_reg[3] )
INFO: [Synth 8-3333] propagating constant 0 across sequential element (u_alu_pe/u_alu_pe_mult/\DSP_1XCLK.gen_cp[8].gen_pp[3].Gen10x10.u_mult_dsp/inm_reg[4] )
INFO: [Synth 8-3333] propagating constant 0 across sequential element (u_alu_pe/u_alu_pe_mult/\DSP_1XCLK.gen_cp[9].gen_pp[3].Gen10x10.u_mult_dsp/inm_reg[3] )
INFO: [Synth 8-3333] propagating constant 0 across sequential element (u_alu_pe/u_alu_pe_mult/\DSP_1XCLK.gen_cp[9].gen_pp[3].Gen10x10.u_mult_dsp/inm_reg[4] )
INFO: [Synth 8-3333] propagating constant 0 across sequential element (u_alu_pe/u_alu_pe_mult/\DSP_1XCLK.gen_cp[10].gen_pp[3].Gen10x10.u_mult_dsp/inm_reg[3] )
INFO: [Synth 8-3333] propagating constant 0 across sequential element (u_alu_pe/u_alu_pe_mult/\DSP_1XCLK.gen_cp[10].gen_pp[3].Gen10x10.u_mult_dsp/inm_reg[4] )
INFO: [Synth 8-3333] propagating constant 0 across sequential element (u_alu_pe/u_alu_pe_mult/\DSP_1XCLK.gen_cp[11].gen_pp[3].Gen10x10.u_mult_dsp/inm_reg[3] )
INFO: [Synth 8-3333] propagating constant 0 across sequential element (u_alu_pe/u_alu_pe_mult/\DSP_1XCLK.gen_cp[11].gen_pp[3].Gen10x10.u_mult_dsp/inm_reg[4] )
INFO: [Synth 8-3333] propagating constant 0 across sequential element (u_alu_pe/u_alu_pe_mult/\DSP_1XCLK.gen_cp[12].gen_pp[3].Gen10x10.u_mult_dsp/inm_reg[3] )
INFO: [Synth 8-3333] propagating constant 0 across sequential element (u_alu_pe/u_alu_pe_mult/\DSP_1XCLK.gen_cp[12].gen_pp[3].Gen10x10.u_mult_dsp/inm_reg[4] )
INFO: [Synth 8-3333] propagating constant 0 across sequential element (u_alu_pe/u_alu_pe_mult/\DSP_1XCLK.gen_cp[13].gen_pp[3].Gen10x10.u_mult_dsp/inm_reg[3] )
INFO: [Synth 8-3333] propagating constant 0 across sequential element (u_alu_pe/u_alu_pe_mult/\DSP_1XCLK.gen_cp[13].gen_pp[3].Gen10x10.u_mult_dsp/inm_reg[4] )
INFO: [Synth 8-3333] propagating constant 0 across sequential element (u_alu_pe/u_alu_pe_mult/\DSP_1XCLK.gen_cp[14].gen_pp[3].Gen10x10.u_mult_dsp/inm_reg[3] )
INFO: [Synth 8-3333] propagating constant 0 across sequential element (u_alu_pe/u_alu_pe_mult/\DSP_1XCLK.gen_cp[14].gen_pp[3].Gen10x10.u_mult_dsp/inm_reg[4] )
INFO: [Synth 8-3333] propagating constant 0 across sequential element (u_alu_pe/u_alu_pe_mult/\DSP_1XCLK.gen_cp[15].gen_pp[3].Gen10x10.u_mult_dsp/inm_reg[3] )
INFO: [Synth 8-3333] propagating constant 0 across sequential element (u_alu_pe/u_alu_pe_mult/\DSP_1XCLK.gen_cp[15].gen_pp[3].Gen10x10.u_mult_dsp/inm_reg[4] )
INFO: [Synth 8-3333] propagating constant 0 across sequential element (u_alu_pe/u_alu_pe_mult/\DSP_1XCLK.gen_cp[0].gen_pp[2].Gen10x10.u_mult_dsp/inm_reg[3] )
INFO: [Synth 8-3333] propagating constant 0 across sequential element (u_alu_pe/u_alu_pe_mult/\DSP_1XCLK.gen_cp[0].gen_pp[2].Gen10x10.u_mult_dsp/inm_reg[4] )
INFO: [Synth 8-3333] propagating constant 0 across sequential element (u_alu_pe/u_alu_pe_mult/\DSP_1XCLK.gen_cp[1].gen_pp[2].Gen10x10.u_mult_dsp/inm_reg[3] )
INFO: [Synth 8-3333] propagating constant 0 across sequential element (u_alu_pe/u_alu_pe_mult/\DSP_1XCLK.gen_cp[1].gen_pp[2].Gen10x10.u_mult_dsp/inm_reg[4] )
INFO: [Synth 8-3333] propagating constant 0 across sequential element (u_alu_pe/u_alu_pe_mult/\DSP_1XCLK.gen_cp[2].gen_pp[2].Gen10x10.u_mult_dsp/inm_reg[3] )
INFO: [Synth 8-3333] propagating constant 0 across sequential element (u_alu_pe/u_alu_pe_mult/\DSP_1XCLK.gen_cp[2].gen_pp[2].Gen10x10.u_mult_dsp/inm_reg[4] )
INFO: [Synth 8-3333] propagating constant 0 across sequential element (u_alu_pe/u_alu_pe_mult/\DSP_1XCLK.gen_cp[3].gen_pp[2].Gen10x10.u_mult_dsp/inm_reg[3] )
INFO: [Synth 8-3333] propagating constant 0 across sequential element (u_alu_pe/u_alu_pe_mult/\DSP_1XCLK.gen_cp[3].gen_pp[2].Gen10x10.u_mult_dsp/inm_reg[4] )
INFO: [Synth 8-3333] propagating constant 0 across sequential element (u_alu_pe/u_alu_pe_mult/\DSP_1XCLK.gen_cp[4].gen_pp[2].Gen10x10.u_mult_dsp/inm_reg[3] )
INFO: [Synth 8-3333] propagating constant 0 across sequential element (u_alu_pe/u_alu_pe_mult/\DSP_1XCLK.gen_cp[4].gen_pp[2].Gen10x10.u_mult_dsp/inm_reg[4] )
INFO: [Synth 8-3333] propagating constant 0 across sequential element (u_alu_pe/u_alu_pe_mult/\DSP_1XCLK.gen_cp[5].gen_pp[2].Gen10x10.u_mult_dsp/inm_reg[3] )
INFO: [Synth 8-3333] propagating constant 0 across sequential element (u_alu_pe/u_alu_pe_mult/\DSP_1XCLK.gen_cp[5].gen_pp[2].Gen10x10.u_mult_dsp/inm_reg[4] )
INFO: [Synth 8-3333] propagating constant 0 across sequential element (u_alu_pe/u_alu_pe_mult/\DSP_1XCLK.gen_cp[6].gen_pp[2].Gen10x10.u_mult_dsp/inm_reg[3] )
INFO: [Synth 8-3333] propagating constant 0 across sequential element (u_alu_pe/u_alu_pe_mult/\DSP_1XCLK.gen_cp[6].gen_pp[2].Gen10x10.u_mult_dsp/inm_reg[4] )
INFO: [Synth 8-3333] propagating constant 0 across sequential element (u_alu_pe/u_alu_pe_mult/\DSP_1XCLK.gen_cp[7].gen_pp[2].Gen10x10.u_mult_dsp/inm_reg[3] )
INFO: [Synth 8-3333] propagating constant 0 across sequential element (u_alu_pe/u_alu_pe_mult/\DSP_1XCLK.gen_cp[7].gen_pp[2].Gen10x10.u_mult_dsp/inm_reg[4] )
INFO: [Synth 8-3333] propagating constant 0 across sequential element (u_alu_pe/u_alu_pe_mult/\DSP_1XCLK.gen_cp[8].gen_pp[2].Gen10x10.u_mult_dsp/inm_reg[3] )
INFO: [Synth 8-3333] propagating constant 0 across sequential element (u_alu_pe/u_alu_pe_mult/\DSP_1XCLK.gen_cp[8].gen_pp[2].Gen10x10.u_mult_dsp/inm_reg[4] )
INFO: [Synth 8-3333] propagating constant 0 across sequential element (u_alu_pe/u_alu_pe_mult/\DSP_1XCLK.gen_cp[9].gen_pp[2].Gen10x10.u_mult_dsp/inm_reg[3] )
INFO: [Synth 8-3333] propagating constant 0 across sequential element (u_alu_pe/u_alu_pe_mult/\DSP_1XCLK.gen_cp[9].gen_pp[2].Gen10x10.u_mult_dsp/inm_reg[4] )
INFO: [Synth 8-3333] propagating constant 0 across sequential element (u_alu_pe/u_alu_pe_mult/\DSP_1XCLK.gen_cp[10].gen_pp[2].Gen10x10.u_mult_dsp/inm_reg[3] )
INFO: [Synth 8-3333] propagating constant 0 across sequential element (u_alu_pe/u_alu_pe_mult/\DSP_1XCLK.gen_cp[10].gen_pp[2].Gen10x10.u_mult_dsp/inm_reg[4] )
INFO: [Synth 8-3333] propagating constant 0 across sequential element (u_alu_pe/u_alu_pe_mult/\DSP_1XCLK.gen_cp[11].gen_pp[2].Gen10x10.u_mult_dsp/inm_reg[3] )
INFO: [Synth 8-3333] propagating constant 0 across sequential element (u_alu_pe/u_alu_pe_mult/\DSP_1XCLK.gen_cp[11].gen_pp[2].Gen10x10.u_mult_dsp/inm_reg[4] )
INFO: [Common 17-14] Message 'Synth 8-3333' appears 100 times and further instances of the messages will be disabled. Use the Tcl command set_msg_config to change the current settings.
INFO: [Common 17-14] Message 'Synth 8-3333' appears 100 times and further instances of the messages will be disabled. Use the Tcl command set_msg_config to change the current settings.
INFO: [Common 17-14] Message 'Synth 8-3886' appears 100 times and further instances of the messages will be disabled. Use the Tcl command set_msg_config to change the current settings.
WARNING: [Synth 8-3936] Found unconnected internal register 'en_dly_reg' and it is trimmed from '3' to '2' bits. [/home/user/Documents/dma_test/prj/Vivado/hw/srcs/top/ipshared/53f7/hdl/DPUCZDX8G_v4_1_0_vl_dpu.sv:29333]
INFO: [Common 17-14] Message 'Synth 8-7129' appears 100 times and further instances of the messages will be disabled. Use the Tcl command set_msg_config to change the current settings.
INFO: [Synth 8-5544] ROM "sub_instr_num0" won't be mapped to Block RAM because address size (4) smaller than threshold (5)
INFO: [Synth 8-6904] The RAM "\m_scheduler_top/m_scheduler_thdl /m_lctrl/dpdby_ir_reg" of size (depth=16 x width=4) is automatically implemented using LUTRAM. BRAM implementation would be inefficient 
INFO: [Synth 8-6904] The RAM "\m_scheduler_top/m_scheduler_thdl /m_lctrl/dpdby_ir_reg" of size (depth=16 x width=4) is automatically implemented using LUTRAM. BRAM implementation would be inefficient 
INFO: [Synth 8-6904] The RAM "axi_dma_0/U0/\I_PRMRY_DATAMOVER/GEN_S2MM_FULL.I_S2MM_FULL_WRAPPER /\GEN_INCLUDE_REALIGNER.I_S2MM_REALIGNER /\GEN_INCLUDE_SCATTER.I_S2MM_SCATTER/I_TSTRB_FIFO/USE_SYNC_FIFO.I_SYNC_FIFO/NON_BLK_MEM.I_SYNC_FIFOGEN_FIFO/xpm_fifo_instance.xpm_fifo_sync_inst /xpm_fifo_base_inst/\gen_sdpram.xpm_memory_base_inst /gen_wr_a.gen_word_narrow.mem_reg" of size (depth=16 x width=23) is automatically implemented using LUTRAM. BRAM implementation would be inefficient 
INFO: [Synth 8-5544] ROM "GEN_INCLUDE_SCATTER.I_S2MM_SCATTER/I_SCATTER_STROBE_GEN/var_end_vector" won't be mapped to Block RAM because address size (4) smaller than threshold (5)
INFO: [Synth 8-5544] ROM "GEN_INCLUDE_SCATTER.I_S2MM_SCATTER/I_SCATTER_STROBE_GEN/var_start_vector" won't be mapped to Block RAM because address size (4) smaller than threshold (5)
INFO: [Synth 8-6904] The RAM "axi_dma_0/U0/\I_PRMRY_DATAMOVER/GEN_S2MM_FULL.I_S2MM_FULL_WRAPPER /\GEN_ENABLE_INDET_BTT_SF.I_INDET_BTT /\I_XD_FIFO/NON_BLK_MEM.I_SYNC_FIFOGEN_FIFO/xpm_fifo_instance.xpm_fifo_sync_inst /xpm_fifo_base_inst/\gen_sdpram.xpm_memory_base_inst /gen_wr_a.gen_word_narrow.mem_reg" of size (depth=16 x width=11) is automatically implemented using LUTRAM. BRAM implementation would be inefficient 
INFO: [Synth 8-5546] ROM "SAME_WIDTH_NO_DRE.I_IBTTCC_STBS_SET/lvar_num_set" won't be mapped to RAM because it is too sparse
INFO: [Synth 8-5546] ROM "SAME_WIDTH_NO_DRE.I_IBTTCC_STBS_SET/lvar_num_set" won't be mapped to RAM because it is too sparse
INFO: [Synth 8-5546] ROM "SAME_WIDTH_NO_DRE_WDC.I_WDC_STBS_SET/lvar_num_set" won't be mapped to RAM because it is too sparse
INFO: [Synth 8-5546] ROM "SAME_WIDTH_NO_DRE_WDC.I_WDC_STBS_SET/lvar_num_set" won't be mapped to RAM because it is too sparse
INFO: [Synth 8-5546] ROM "SAME_WIDTH_NO_DRE.I_IBTTCC_STBS_SET/lvar_num_set" won't be mapped to RAM because it is too sparse
INFO: [Synth 8-5546] ROM "SAME_WIDTH_NO_DRE.I_IBTTCC_STBS_SET/lvar_num_set" won't be mapped to RAM because it is too sparse
INFO: [Synth 8-5546] ROM "SAME_WIDTH_NO_DRE_WDC.I_WDC_STBS_SET/lvar_num_set" won't be mapped to RAM because it is too sparse
INFO: [Synth 8-5546] ROM "SAME_WIDTH_NO_DRE_WDC.I_WDC_STBS_SET/lvar_num_set" won't be mapped to RAM because it is too sparse
INFO: [Synth 8-5544] ROM "GEN_INDET_BTT.I_STRT_STRB_GEN/var_end_vector" won't be mapped to Block RAM because address size (4) smaller than threshold (5)
INFO: [Synth 8-5544] ROM "GEN_INDET_BTT.I_STRT_STRB_GEN/var_start_vector" won't be mapped to Block RAM because address size (4) smaller than threshold (5)
INFO: [Synth 8-3936] Found unconnected internal register 'INCLUDE_S2MM_SOF_EOF_GENERATOR.I_S2MM_DMA_MNGR/GEN_S2MM_DMA_CONTROL.GEN_SIMPLE_DMA_MODE.I_S2MM_SMPL_SM/GEN_CMD_BTT_LESS_23.cmnd_data_reg' and it is trimmed from '153' to '75' bits. [/home/user/Documents/dma_test/prj/Vivado/hw/srcs/top/ipshared/70c4/hdl/axi_dma_v7_1_vh_rfs.vhd:12136]
INFO: [Synth 8-3936] Found unconnected internal register 'inst/gen_axilite.gen_b2s_conv.axilite_b2s/SI_REG/aw.aw_pipe/m_payload_i_reg' and it is trimmed from '85' to '77' bits. [/home/user/Documents/dma_test/prj/Vivado/hw/srcs/top/ipshared/f0b4/hdl/axi_register_slice_v2_1_vl_rfs.v:1731]
INFO: [Synth 8-3936] Found unconnected internal register 'inst/gen_axilite.gen_b2s_conv.axilite_b2s/SI_REG/ar.ar_pipe/m_payload_i_reg' and it is trimmed from '85' to '77' bits. [/home/user/Documents/dma_test/prj/Vivado/hw/srcs/top/ipshared/f0b4/hdl/axi_register_slice_v2_1_vl_rfs.v:1731]
INFO: [Synth 8-3936] Found unconnected internal register 'inst/gen_axilite.gen_b2s_conv.axilite_b2s/SI_REG/aw.aw_pipe/m_payload_i_reg' and it is trimmed from '85' to '77' bits. [/home/user/Documents/dma_test/prj/Vivado/hw/srcs/top/ipshared/f0b4/hdl/axi_register_slice_v2_1_vl_rfs.v:1731]
INFO: [Synth 8-3936] Found unconnected internal register 'inst/gen_axilite.gen_b2s_conv.axilite_b2s/SI_REG/ar.ar_pipe/m_payload_i_reg' and it is trimmed from '85' to '77' bits. [/home/user/Documents/dma_test/prj/Vivado/hw/srcs/top/ipshared/f0b4/hdl/axi_register_slice_v2_1_vl_rfs.v:1731]
INFO: [Synth 8-6904] The RAM "axi_dma_0/U0/\I_PRMRY_DATAMOVER/GEN_S2MM_FULL.I_S2MM_FULL_WRAPPER/GEN_INCLUDE_REALIGNER.I_S2MM_REALIGNER/GEN_INCLUDE_SCATTER.I_S2MM_SCATTER/I_TSTRB_FIFO/USE_SYNC_FIFO.I_SYNC_FIFO/NON_BLK_MEM.I_SYNC_FIFOGEN_FIFO/xpm_fifo_instance.xpm_fifo_sync_inst /xpm_fifo_base_inst/\gen_sdpram.xpm_memory_base_inst /gen_wr_a.gen_word_narrow.mem_reg" of size (depth=16 x width=23) is automatically implemented using LUTRAM. BRAM implementation would be inefficient 
INFO: [Synth 8-6904] The RAM "axi_dma_0/U0/\I_PRMRY_DATAMOVER/GEN_S2MM_FULL.I_S2MM_FULL_WRAPPER/GEN_ENABLE_INDET_BTT_SF.I_INDET_BTT/I_XD_FIFO/NON_BLK_MEM.I_SYNC_FIFOGEN_FIFO/xpm_fifo_instance.xpm_fifo_sync_inst /xpm_fifo_base_inst/\gen_sdpram.xpm_memory_base_inst /gen_wr_a.gen_word_narrow.mem_reg" of size (depth=16 x width=11) is automatically implemented using LUTRAM. BRAM implementation would be inefficient 
INFO: [Synth 8-5775] Found 'rw_addr_collision' attribute set to 'no' on SDP RAM gen_wr_a.gen_word_narrow.mem_reg. Setting write mode to NO_CHANGE 
INFO: [Synth 8-5775] Found 'rw_addr_collision' attribute set to 'no' on SDP RAM gen_wr_a.gen_word_narrow.mem_reg. Setting write mode to NO_CHANGE 
INFO: [Synth 8-5775] Found 'rw_addr_collision' attribute set to 'no' on SDP RAM gen_wr_a.gen_word_narrow.mem_reg. Setting write mode to NO_CHANGE 
INFO: [Synth 8-5775] Found 'rw_addr_collision' attribute set to 'no' on SDP RAM gen_wr_a.gen_word_narrow.mem_reg. Setting write mode to NO_CHANGE 
INFO: [Synth 8-5775] Found 'rw_addr_collision' attribute set to 'no' on SDP RAM gen_wr_a.gen_word_narrow.mem_reg. Setting write mode to NO_CHANGE 
INFO: [Synth 8-5775] Found 'rw_addr_collision' attribute set to 'no' on SDP RAM gen_wr_a.gen_word_narrow.mem_reg. Setting write mode to NO_CHANGE 
INFO: [Synth 8-3332] Sequential element (I_RST_MODULE/REG_HRD_RST/GENERATE_LEVEL_P_S_CDC.SINGLE_BIT.CROSS_PLEVEL_IN2SCNDRY_s_level_out_d5) is unused and will be removed from module axi_dma.
INFO: [Synth 8-3332] Sequential element (I_RST_MODULE/REG_HRD_RST/GENERATE_LEVEL_P_S_CDC.SINGLE_BIT.CROSS_PLEVEL_IN2SCNDRY_s_level_out_d6) is unused and will be removed from module axi_dma.
INFO: [Synth 8-3332] Sequential element (I_RST_MODULE/REG_HRD_RST_OUT/GENERATE_LEVEL_P_S_CDC.SINGLE_BIT.CROSS_PLEVEL_IN2SCNDRY_s_level_out_d5) is unused and will be removed from module axi_dma.
INFO: [Synth 8-3332] Sequential element (I_RST_MODULE/REG_HRD_RST_OUT/GENERATE_LEVEL_P_S_CDC.SINGLE_BIT.CROSS_PLEVEL_IN2SCNDRY_s_level_out_d6) is unused and will be removed from module axi_dma.
INFO: [Synth 8-3332] Sequential element (I_PRMRY_DATAMOVER/GEN_S2MM_FULL.I_S2MM_FULL_WRAPPER/GEN_INCLUDE_IBTTCC.I_S2MM_MSTR_IBTTCC/FSM_onehot_sig_csm_state_reg[3]) is unused and will be removed from module axi_dma.
INFO: [Synth 8-3332] Sequential element (inst/gen_samd.crossbar_samd/gen_slave_slots[0].gen_si_write.wdata_router_w/wrouter_aw_fifo/FSM_onehot_state_reg[2]) is unused and will be removed from module top_xbar_1.
WARNING: [Synth 8-3332] Sequential element (EXT_LPF/ACTIVE_LOW_EXT.ACT_LO_EXT/GENERATE_LEVEL_P_S_CDC.SINGLE_BIT.CROSS_PLEVEL_IN2SCNDRY_s_level_out_d5) is unused and will be removed from module proc_sys_reset.
WARNING: [Synth 8-3332] Sequential element (EXT_LPF/ACTIVE_LOW_EXT.ACT_LO_EXT/GENERATE_LEVEL_P_S_CDC.SINGLE_BIT.CROSS_PLEVEL_IN2SCNDRY_s_level_out_d6) is unused and will be removed from module proc_sys_reset.
WARNING: [Synth 8-3332] Sequential element (EXT_LPF/ACTIVE_LOW_AUX.ACT_LO_AUX/GENERATE_LEVEL_P_S_CDC.SINGLE_BIT.CROSS_PLEVEL_IN2SCNDRY_IN_cdc_to) is unused and will be removed from module proc_sys_reset.
WARNING: [Synth 8-3332] Sequential element (EXT_LPF/ACTIVE_LOW_AUX.ACT_LO_AUX/GENERATE_LEVEL_P_S_CDC.SINGLE_BIT.CROSS_PLEVEL_IN2SCNDRY_s_level_out_d2) is unused and will be removed from module proc_sys_reset.
WARNING: [Synth 8-3332] Sequential element (EXT_LPF/ACTIVE_LOW_AUX.ACT_LO_AUX/GENERATE_LEVEL_P_S_CDC.SINGLE_BIT.CROSS_PLEVEL_IN2SCNDRY_s_level_out_d3) is unused and will be removed from module proc_sys_reset.
WARNING: [Synth 8-3332] Sequential element (EXT_LPF/ACTIVE_LOW_AUX.ACT_LO_AUX/GENERATE_LEVEL_P_S_CDC.SINGLE_BIT.CROSS_PLEVEL_IN2SCNDRY_s_level_out_d4) is unused and will be removed from module proc_sys_reset.
WARNING: [Synth 8-3332] Sequential element (EXT_LPF/ACTIVE_LOW_AUX.ACT_LO_AUX/GENERATE_LEVEL_P_S_CDC.SINGLE_BIT.CROSS_PLEVEL_IN2SCNDRY_s_level_out_d5) is unused and will be removed from module proc_sys_reset.
WARNING: [Synth 8-3332] Sequential element (EXT_LPF/ACTIVE_LOW_AUX.ACT_LO_AUX/GENERATE_LEVEL_P_S_CDC.SINGLE_BIT.CROSS_PLEVEL_IN2SCNDRY_s_level_out_d6) is unused and will be removed from module proc_sys_reset.
WARNING: [Synth 8-3332] Sequential element (FDRE_inst) is unused and will be removed from module proc_sys_reset.
WARNING: [Synth 8-3332] Sequential element (BSR_OUT_DFF[0].FDRE_BSR) is unused and will be removed from module proc_sys_reset.
WARNING: [Synth 8-3332] Sequential element (ACTIVE_LOW_BSR_OUT_DFF[0].FDRE_BSR_N) is unused and will be removed from module proc_sys_reset.
WARNING: [Synth 8-3332] Sequential element (PR_OUT_DFF[0].FDRE_PER) is unused and will be removed from module proc_sys_reset.
WARNING: [Synth 8-3332] Sequential element (EXT_LPF/ACTIVE_LOW_EXT.ACT_LO_EXT/GENERATE_LEVEL_P_S_CDC.SINGLE_BIT.CROSS_PLEVEL_IN2SCNDRY_s_level_out_d5) is unused and will be removed from module proc_sys_reset__3.
WARNING: [Synth 8-3332] Sequential element (EXT_LPF/ACTIVE_LOW_EXT.ACT_LO_EXT/GENERATE_LEVEL_P_S_CDC.SINGLE_BIT.CROSS_PLEVEL_IN2SCNDRY_s_level_out_d6) is unused and will be removed from module proc_sys_reset__3.
WARNING: [Synth 8-3332] Sequential element (EXT_LPF/ACTIVE_LOW_AUX.ACT_LO_AUX/GENERATE_LEVEL_P_S_CDC.SINGLE_BIT.CROSS_PLEVEL_IN2SCNDRY_IN_cdc_to) is unused and will be removed from module proc_sys_reset__3.
WARNING: [Synth 8-3332] Sequential element (EXT_LPF/ACTIVE_LOW_AUX.ACT_LO_AUX/GENERATE_LEVEL_P_S_CDC.SINGLE_BIT.CROSS_PLEVEL_IN2SCNDRY_s_level_out_d2) is unused and will be removed from module proc_sys_reset__3.
WARNING: [Synth 8-3332] Sequential element (EXT_LPF/ACTIVE_LOW_AUX.ACT_LO_AUX/GENERATE_LEVEL_P_S_CDC.SINGLE_BIT.CROSS_PLEVEL_IN2SCNDRY_s_level_out_d3) is unused and will be removed from module proc_sys_reset__3.
WARNING: [Synth 8-3332] Sequential element (EXT_LPF/ACTIVE_LOW_AUX.ACT_LO_AUX/GENERATE_LEVEL_P_S_CDC.SINGLE_BIT.CROSS_PLEVEL_IN2SCNDRY_s_level_out_d4) is unused and will be removed from module proc_sys_reset__3.
WARNING: [Synth 8-3332] Sequential element (EXT_LPF/ACTIVE_LOW_AUX.ACT_LO_AUX/GENERATE_LEVEL_P_S_CDC.SINGLE_BIT.CROSS_PLEVEL_IN2SCNDRY_s_level_out_d5) is unused and will be removed from module proc_sys_reset__3.
WARNING: [Synth 8-3332] Sequential element (EXT_LPF/ACTIVE_LOW_AUX.ACT_LO_AUX/GENERATE_LEVEL_P_S_CDC.SINGLE_BIT.CROSS_PLEVEL_IN2SCNDRY_s_level_out_d6) is unused and will be removed from module proc_sys_reset__3.
WARNING: [Synth 8-3332] Sequential element (FDRE_inst) is unused and will be removed from module proc_sys_reset__3.
WARNING: [Synth 8-3332] Sequential element (BSR_OUT_DFF[0].FDRE_BSR) is unused and will be removed from module proc_sys_reset__3.
---------------------------------------------------------------------------------
Finished Cross Boundary and Area Optimization : Time (s): cpu = 00:02:54 ; elapsed = 00:03:11 . Memory (MB): peak = 4768.008 ; gain = 2542.730 ; free physical = 380 ; free virtual = 1918
Synthesis current peak Physical Memory [PSS] (MB): peak = 8949.139; parent = 3916.271; children = 6538.857
Synthesis current peak Virtual Memory [VSS] (MB): peak = 16310.391; parent = 4768.008; children = 11546.301
---------------------------------------------------------------------------------
INFO: [Synth 8-5775] Found 'rw_addr_collision' attribute set to 'no' on SDP RAM gen_wr_a.gen_word_narrow.mem_reg. Setting write mode to NO_CHANGE 
INFO: [Synth 8-5775] Found 'rw_addr_collision' attribute set to 'no' on SDP RAM gen_wr_a.gen_word_narrow.mem_reg. Setting write mode to NO_CHANGE 
WARNING: [Synth 8-6057] Memory: "gen_bram_dram.ram_reg" defined in module: "\u_buf_wrapper/u_weights_buf/unpack_ram_addr[0].u_ram " implemented as Ultra-Ram has no pipeline registers. It is recommended to use pipeline registers to achieve high performance.
WARNING: [Synth 8-6057] Memory: "gen_bram_dram.ram_reg" defined in module: "\u_buf_wrapper/u_weights_buf/unpack_ram_addr[1].u_ram " implemented as Ultra-Ram has no pipeline registers. It is recommended to use pipeline registers to achieve high performance.
WARNING: [Synth 8-6057] Memory: "gen_bram_dram.ram_reg" defined in module: "\u_buf_wrapper/u_weights_buf/unpack_ram_addr[2].u_ram " implemented as Ultra-Ram has no pipeline registers. It is recommended to use pipeline registers to achieve high performance.
WARNING: [Synth 8-6057] Memory: "gen_bram_dram.ram_reg" defined in module: "\u_buf_wrapper/u_weights_buf/unpack_ram_addr[3].u_ram " implemented as Ultra-Ram has no pipeline registers. It is recommended to use pipeline registers to achieve high performance.
WARNING: [Synth 8-6057] Memory: "gen_bram_dram.ram_reg" defined in module: "\u_buf_wrapper/u_weights_buf/unpack_ram_addr[4].u_ram " implemented as Ultra-Ram has no pipeline registers. It is recommended to use pipeline registers to achieve high performance.
WARNING: [Synth 8-6057] Memory: "gen_bram_dram.ram_reg" defined in module: "\u_buf_wrapper/u_weights_buf/unpack_ram_addr[5].u_ram " implemented as Ultra-Ram has no pipeline registers. It is recommended to use pipeline registers to achieve high performance.
WARNING: [Synth 8-6057] Memory: "gen_bram_dram.ram_reg" defined in module: "\u_buf_wrapper/u_weights_buf/unpack_ram_addr[6].u_ram " implemented as Ultra-Ram has no pipeline registers. It is recommended to use pipeline registers to achieve high performance.
WARNING: [Synth 8-6057] Memory: "gen_bram_dram.ram_reg" defined in module: "\u_buf_wrapper/u_weights_buf/unpack_ram_addr[7].u_ram " implemented as Ultra-Ram has no pipeline registers. It is recommended to use pipeline registers to achieve high performance.
WARNING: [Synth 8-6057] Memory: "gen_bram_dram.ram_reg" defined in module: "\u_buf_wrapper/u_weights_buf/unpack_ram_addr[8].u_ram " implemented as Ultra-Ram has no pipeline registers. It is recommended to use pipeline registers to achieve high performance.
WARNING: [Synth 8-6057] Memory: "gen_bram_dram.ram_reg" defined in module: "\u_buf_wrapper/u_weights_buf/unpack_ram_addr[9].u_ram " implemented as Ultra-Ram has no pipeline registers. It is recommended to use pipeline registers to achieve high performance.
WARNING: [Synth 8-6057] Memory: "gen_bram_dram.ram_reg" defined in module: "\u_buf_wrapper/u_weights_buf/unpack_ram_addr[10].u_ram " implemented as Ultra-Ram has no pipeline registers. It is recommended to use pipeline registers to achieve high performance.
WARNING: [Synth 8-6057] Memory: "gen_bram_dram.ram_reg" defined in module: "\u_buf_wrapper/u_weights_buf/unpack_ram_addr[11].u_ram " implemented as Ultra-Ram has no pipeline registers. It is recommended to use pipeline registers to achieve high performance.
WARNING: [Synth 8-6057] Memory: "gen_bram_dram.ram_reg" defined in module: "\u_buf_wrapper/u_weights_buf/unpack_ram_addr[12].u_ram " implemented as Ultra-Ram has no pipeline registers. It is recommended to use pipeline registers to achieve high performance.
WARNING: [Synth 8-6057] Memory: "gen_bram_dram.ram_reg" defined in module: "\u_buf_wrapper/u_weights_buf/unpack_ram_addr[13].u_ram " implemented as Ultra-Ram has no pipeline registers. It is recommended to use pipeline registers to achieve high performance.
WARNING: [Synth 8-6057] Memory: "gen_bram_dram.ram_reg" defined in module: "\u_buf_wrapper/u_weights_buf/unpack_ram_addr[14].u_ram " implemented as Ultra-Ram has no pipeline registers. It is recommended to use pipeline registers to achieve high performance.
WARNING: [Synth 8-6057] Memory: "gen_bram_dram.ram_reg" defined in module: "\u_buf_wrapper/u_bias_buf/unpack_ram_addr[0].u_ram " implemented as Ultra-Ram has no pipeline registers. It is recommended to use pipeline registers to achieve high performance.
---------------------------------------------------------------------------------
Start ROM, RAM, DSP, Shift Register and Retiming Reporting
---------------------------------------------------------------------------------

ROM: Preliminary Mapping Report
+-------------------+--------------------------------------------+---------------+----------------+
|Module Name        | RTL Object                                 | Depth x Width | Implemented As | 
+-------------------+--------------------------------------------+---------------+----------------+
|load_pad           | pad_mask_tmph                              | 32x128        | LUT            | 
|load_pad           | pad_mask_tmpl                              | 32x128        | LUT            | 
|load_pad           | pad_mask_tmph                              | 32x128        | LUT            | 
|load_pad           | pad_mask_tmpl                              | 32x128        | LUT            | 
|load_pad           | pad_mask_tmph                              | 32x128        | LUT            | 
|load_pad           | pad_mask_tmpl                              | 32x128        | LUT            | 
|cm_buf_wctrl_augm  | pad_mask_tmpl                              | 32x16         | LUT            | 
|cm_buf_wctrl_augm  | pad_mask_tmpl                              | 32x16         | LUT            | 
|hamming_weight_c63 | r                                          | 64x3          | LUT            | 
|PE_adder           | GenPP[0].GenFixPPh.u_hw/GenHw.u_hw6/u_s1/r | 64x3          | LUT            | 
|PE_adder           | GenPP[2].GenFixPPh.u_hw/GenHw.u_hw6/u_s1/r | 64x3          | LUT            | 
|PE_adder           | GenPP[4].GenFixPPh.u_hw/GenHw.u_hw6/u_s1/r | 64x3          | LUT            | 
|PE_adder           | GenPP[6].GenFixPPh.u_hw/GenHw.u_hw6/u_s1/r | 64x3          | LUT            | 
|PE_adder           | GenPP[0].GenFixPPh.u_hw/GenHw.u_hw6/u_s1/r | 64x3          | LUT            | 
|PE_adder           | GenPP[2].GenFixPPh.u_hw/GenHw.u_hw6/u_s1/r | 64x3          | LUT            | 
|PE_adder           | GenPP[4].GenFixPPh.u_hw/GenHw.u_hw6/u_s1/r | 64x3          | LUT            | 
|PE_adder           | GenPP[6].GenFixPPh.u_hw/GenHw.u_hw6/u_s1/r | 64x3          | LUT            | 
|PE_adder           | GenPP[0].GenFixPPh.u_hw/GenHw.u_hw6/u_s1/r | 64x3          | LUT            | 
|PE_adder           | GenPP[2].GenFixPPh.u_hw/GenHw.u_hw6/u_s1/r | 64x3          | LUT            | 
|PE_adder           | GenPP[4].GenFixPPh.u_hw/GenHw.u_hw6/u_s1/r | 64x3          | LUT            | 
|PE_adder           | GenPP[6].GenFixPPh.u_hw/GenHw.u_hw6/u_s1/r | 64x3          | LUT            | 
|PE_adder           | GenPP[0].GenFixPPh.u_hw/GenHw.u_hw6/u_s1/r | 64x3          | LUT            | 
|PE_adder           | GenPP[2].GenFixPPh.u_hw/GenHw.u_hw6/u_s1/r | 64x3          | LUT            | 
|PE_adder           | GenPP[4].GenFixPPh.u_hw/GenHw.u_hw6/u_s1/r | 64x3          | LUT            | 
|PE_adder           | GenPP[6].GenFixPPh.u_hw/GenHw.u_hw6/u_s1/r | 64x3          | LUT            | 
+-------------------+--------------------------------------------+---------------+----------------+


Ultra RAM: Preliminary Mapping Report (see note below)
+--------------------------------------------------------+-----------------------+------------------------+---+---+------------------------+---+---+------------------+---------+--------------+--------------------------+-------------+
|Module Name                                             | RTL Object            | PORT A (Depth x Width) | W | R | PORT B (Depth x Width) | W | R | Ports driving FF | URAM288 | Matrix Shape | FF provided for Pipeline | FF absorbed | 
+--------------------------------------------------------+-----------------------+------------------------+---+---+------------------------+---+---+------------------+---------+--------------+--------------------------+-------------+
|\u_buf_wrapper/u_weights_buf/unpack_ram_addr[0].u_ram   | gen_bram_dram.ram_reg | 2 K x 128              |   | R | 2 K x 128              | W |   | Port A and B     | 2       | 1x1          | 0                        | 0           | 
|\u_buf_wrapper/u_weights_buf/unpack_ram_addr[1].u_ram   | gen_bram_dram.ram_reg | 2 K x 128              |   | R | 2 K x 128              | W |   | Port A and B     | 2       | 1x1          | 0                        | 0           | 
|\u_buf_wrapper/u_weights_buf/unpack_ram_addr[2].u_ram   | gen_bram_dram.ram_reg | 2 K x 128              |   | R | 2 K x 128              | W |   | Port A and B     | 2       | 1x1          | 0                        | 0           | 
|\u_buf_wrapper/u_weights_buf/unpack_ram_addr[3].u_ram   | gen_bram_dram.ram_reg | 2 K x 128              |   | R | 2 K x 128              | W |   | Port A and B     | 2       | 1x1          | 0                        | 0           | 
|\u_buf_wrapper/u_weights_buf/unpack_ram_addr[4].u_ram   | gen_bram_dram.ram_reg | 2 K x 128              |   | R | 2 K x 128              | W |   | Port A and B     | 2       | 1x1          | 0                        | 0           | 
|\u_buf_wrapper/u_weights_buf/unpack_ram_addr[5].u_ram   | gen_bram_dram.ram_reg | 2 K x 128              |   | R | 2 K x 128              | W |   | Port A and B     | 2       | 1x1          | 0                        | 0           | 
|\u_buf_wrapper/u_weights_buf/unpack_ram_addr[6].u_ram   | gen_bram_dram.ram_reg | 2 K x 128              |   | R | 2 K x 128              | W |   | Port A and B     | 2       | 1x1          | 0                        | 0           | 
|\u_buf_wrapper/u_weights_buf/unpack_ram_addr[7].u_ram   | gen_bram_dram.ram_reg | 2 K x 128              |   | R | 2 K x 128              | W |   | Port A and B     | 2       | 1x1          | 0                        | 0           | 
|\u_buf_wrapper/u_weights_buf/unpack_ram_addr[8].u_ram   | gen_bram_dram.ram_reg | 2 K x 128              |   | R | 2 K x 128              | W |   | Port A and B     | 2       | 1x1          | 0                        | 0           | 
|\u_buf_wrapper/u_weights_buf/unpack_ram_addr[9].u_ram   | gen_bram_dram.ram_reg | 2 K x 128              |   | R | 2 K x 128              | W |   | Port A and B     | 2       | 1x1          | 0                        | 0           | 
|\u_buf_wrapper/u_weights_buf/unpack_ram_addr[10].u_ram  | gen_bram_dram.ram_reg | 2 K x 128              |   | R | 2 K x 128              | W |   | Port A and B     | 2       | 1x1          | 0                        | 0           | 
|\u_buf_wrapper/u_weights_buf/unpack_ram_addr[11].u_ram  | gen_bram_dram.ram_reg | 2 K x 128              |   | R | 2 K x 128              | W |   | Port A and B     | 2       | 1x1          | 0                        | 0           | 
|\u_buf_wrapper/u_weights_buf/unpack_ram_addr[12].u_ram  | gen_bram_dram.ram_reg | 2 K x 128              |   | R | 2 K x 128              | W |   | Port A and B     | 2       | 1x1          | 0                        | 0           | 
|\u_buf_wrapper/u_weights_buf/unpack_ram_addr[13].u_ram  | gen_bram_dram.ram_reg | 2 K x 128              |   | R | 2 K x 128              | W |   | Port A and B     | 2       | 1x1          | 0                        | 0           | 
|\u_buf_wrapper/u_weights_buf/unpack_ram_addr[14].u_ram  | gen_bram_dram.ram_reg | 2 K x 128              |   | R | 2 K x 128              | W |   | Port A and B     | 2       | 1x1          | 0                        | 0           | 
|\u_buf_wrapper/u_bias_buf/unpack_ram_addr[0].u_ram      | gen_bram_dram.ram_reg | 2 K x 128              |   | R | 2 K x 128              | W |   | Port A and B     | 2       | 1x1          | 0                        | 0           | 
+--------------------------------------------------------+-----------------------+------------------------+---+---+------------------------+---+---+------------------+---------+--------------+--------------------------+-------------+

Note: The table above is a preliminary report that shows the Ultra RAMs at the current stage of the synthesis flow. Some Ultra RAMs may be reimplemented as non Ultra RAM primitives later in the synthesis flow. Multiple instantiated Ultra RAMs are reported only once. Fields "FF provided for Pipeline" and "FF absorbed" respectively indicate number of registers available for pipelining and number of registers absorbed in the URAM matrix for pipelining. 

Block RAM: Preliminary Mapping Report (see note below)
+-----------------------------------------------------------------------------------------------------------------------------------------------------------------------------------------------------------------------------------------+----------------------------------+------------------------+---+---+------------------------+---+---+------------------+--------+--------+-----------------+
|Module Name                                                                                                                                                                                                                              | RTL Object                       | PORT A (Depth x Width) | W | R | PORT B (Depth x Width) | W | R | Ports driving FF | RAMB18 | RAMB36 | Cascade Heights | 
+-----------------------------------------------------------------------------------------------------------------------------------------------------------------------------------------------------------------------------------------+----------------------------------+------------------------+---+---+------------------------+---+---+------------------+--------+--------+-----------------+
|\u_buf_wrapper/u_img_buf/unpack_ram_addr[0].u_ram                                                                                                                                                                                        | gen_bram_dram.ram_reg            | 2 K x 128(READ_FIRST)  | W |   | 2 K x 128(WRITE_FIRST) |   | R | Port A and B     | 1      | 7      | 2,2,2,1,1       | 
|\u_buf_wrapper/u_img_buf/unpack_ram_addr[1].u_ram                                                                                                                                                                                        | gen_bram_dram.ram_reg            | 2 K x 128(READ_FIRST)  | W |   | 2 K x 128(WRITE_FIRST) |   | R | Port A and B     | 1      | 7      | 2,2,2,1,1       | 
|\u_buf_wrapper/u_img_buf/unpack_ram_addr[2].u_ram                                                                                                                                                                                        | gen_bram_dram.ram_reg            | 2 K x 128(READ_FIRST)  | W |   | 2 K x 128(WRITE_FIRST) |   | R | Port A and B     | 1      | 7      | 2,2,2,1,1       | 
|\u_buf_wrapper/u_img_buf/unpack_ram_addr[3].u_ram                                                                                                                                                                                        | gen_bram_dram.ram_reg            | 2 K x 128(READ_FIRST)  | W |   | 2 K x 128(WRITE_FIRST) |   | R | Port A and B     | 1      | 7      | 2,2,2,1,1       | 
|\u_buf_wrapper/u_img_buf/unpack_ram_addr[4].u_ram                                                                                                                                                                                        | gen_bram_dram.ram_reg            | 2 K x 128(READ_FIRST)  | W |   | 2 K x 128(WRITE_FIRST) |   | R | Port A and B     | 1      | 7      | 2,2,2,1,1       | 
|\u_buf_wrapper/u_img_buf/unpack_ram_addr[5].u_ram                                                                                                                                                                                        | gen_bram_dram.ram_reg            | 2 K x 128(READ_FIRST)  | W |   | 2 K x 128(WRITE_FIRST) |   | R | Port A and B     | 1      | 7      | 2,2,2,1,1       | 
|\u_buf_wrapper/u_img_buf/unpack_ram_addr[6].u_ram                                                                                                                                                                                        | gen_bram_dram.ram_reg            | 2 K x 128(READ_FIRST)  | W |   | 2 K x 128(WRITE_FIRST) |   | R | Port A and B     | 1      | 7      | 2,2,2,1,1       | 
|\u_buf_wrapper/u_img_buf/unpack_ram_addr[7].u_ram                                                                                                                                                                                        | gen_bram_dram.ram_reg            | 2 K x 128(READ_FIRST)  | W |   | 2 K x 128(WRITE_FIRST) |   | R | Port A and B     | 1      | 7      | 2,2,2,1,1       | 
|\u_buf_wrapper/u_img_buf/unpack_ram_addr[8].u_ram                                                                                                                                                                                        | gen_bram_dram.ram_reg            | 2 K x 128(READ_FIRST)  | W |   | 2 K x 128(WRITE_FIRST) |   | R | Port A and B     | 1      | 7      | 2,2,2,1,1       | 
|\u_buf_wrapper/u_img_buf/unpack_ram_addr[9].u_ram                                                                                                                                                                                        | gen_bram_dram.ram_reg            | 2 K x 128(READ_FIRST)  | W |   | 2 K x 128(WRITE_FIRST) |   | R | Port A and B     | 1      | 7      | 2,2,2,1,1       | 
|\u_buf_wrapper/u_img_buf/unpack_ram_addr[10].u_ram                                                                                                                                                                                       | gen_bram_dram.ram_reg            | 2 K x 128(READ_FIRST)  | W |   | 2 K x 128(WRITE_FIRST) |   | R | Port A and B     | 1      | 7      | 2,2,2,1,1       | 
|\u_buf_wrapper/u_img_buf/unpack_ram_addr[11].u_ram                                                                                                                                                                                       | gen_bram_dram.ram_reg            | 2 K x 128(READ_FIRST)  | W |   | 2 K x 128(WRITE_FIRST) |   | R | Port A and B     | 1      | 7      | 2,2,2,1,1       | 
|\u_buf_wrapper/u_img_buf/unpack_ram_addr[12].u_ram                                                                                                                                                                                       | gen_bram_dram.ram_reg            | 2 K x 128(READ_FIRST)  | W |   | 2 K x 128(WRITE_FIRST) |   | R | Port A and B     | 1      | 7      | 2,2,2,1,1       | 
|\u_buf_wrapper/u_img_buf/unpack_ram_addr[13].u_ram                                                                                                                                                                                       | gen_bram_dram.ram_reg            | 2 K x 128(READ_FIRST)  | W |   | 2 K x 128(WRITE_FIRST) |   | R | Port A and B     | 1      | 7      | 2,2,2,1,1       | 
|\u_buf_wrapper/u_img_buf/unpack_ram_addr[14].u_ram                                                                                                                                                                                       | gen_bram_dram.ram_reg            | 2 K x 128(READ_FIRST)  | W |   | 2 K x 128(WRITE_FIRST) |   | R | Port A and B     | 1      | 7      | 2,2,2,1,1       | 
|\u_buf_wrapper/u_img_buf/unpack_ram_addr[15].u_ram                                                                                                                                                                                       | gen_bram_dram.ram_reg            | 2 K x 128(READ_FIRST)  | W |   | 2 K x 128(WRITE_FIRST) |   | R | Port A and B     | 1      | 7      | 2,2,2,1,1       | 
|\u_buf_wrapper/u_weights_buf/unpack_ram_addr[15].u_ram                                                                                                                                                                                   | gen_bram_dram.ram_reg            | 2 K x 128(READ_FIRST)  | W |   | 2 K x 128(WRITE_FIRST) |   | R | Port A and B     | 1      | 7      | 2,2,2,1,1       | 
|\u_buf_wrapper/u_weights_buf/unpack_ram_addr[16].u_ram                                                                                                                                                                                   | gen_bram_dram.ram_reg            | 2 K x 128(READ_FIRST)  | W |   | 2 K x 128(WRITE_FIRST) |   | R | Port A and B     | 1      | 7      | 2,2,2,1,1       | 
|axi_dma_0/U0/\I_PRMRY_DATAMOVER/GEN_S2MM_FULL.I_S2MM_FULL_WRAPPER/GEN_ENABLE_INDET_BTT_SF.I_INDET_BTT/I_DATA_FIFO/BLK_MEM.I_SYNC_FIFOGEN_FIFO/xpm_fifo_instance.xpm_fifo_sync_inst /xpm_fifo_base_inst/\gen_sdpram.xpm_memory_base_inst  | gen_wr_a.gen_word_narrow.mem_reg | 128 x 146(NO_CHANGE)   | W |   | 128 x 146(NO_CHANGE)   |   | R | Port A and B     | 1      | 2      |                 | 
+-----------------------------------------------------------------------------------------------------------------------------------------------------------------------------------------------------------------------------------------+----------------------------------+------------------------+---+---+------------------------+---+---+------------------+--------+--------+-----------------+

Note: The table above is a preliminary report that shows the Block RAMs at the current stage of the synthesis flow. Some Block RAMs may be reimplemented as non Block RAM primitives later in the synthesis flow. Multiple instantiated Block RAMs are reported only once. 

Distributed RAM: Preliminary Mapping Report (see note below)
+--------------------------------------------------------------------------------------------------------------------------------------------------------------------------------------------------------------------------------------------------------------------------------------------------------------+-----------------------------------------------------------------------------------------------------------+----------------+----------------------+----------------+
|Module Name                                                                                                                                                                                                                                                                                                   | RTL Object                                                                                                | Inference      | Size (Depth x Width) | Primitives     | 
+--------------------------------------------------------------------------------------------------------------------------------------------------------------------------------------------------------------------------------------------------------------------------------------------------------------+-----------------------------------------------------------------------------------------------------------+----------------+----------------------+----------------+
|\state_machines[0].u_wrfifo_img /\GenLoadN.u_fifo_load_wr_img/m_ram                                                                                                                                                                                                                                           | gen_bram_dram.ram_reg                                                                                     | User Attribute | 128 x 143            | RAM64M8 x 42   | 
|\state_machines[1].u_wrfifo_img /\GenLoadN.u_fifo_load_wr_img/m_ram                                                                                                                                                                                                                                           | gen_bram_dram.ram_reg                                                                                     | User Attribute | 128 x 143            | RAM64M8 x 42   | 
|\state_machines[1].u_wrfifo_wgt /\GenLoadN.u_fifo_load_wr_img/m_ram                                                                                                                                                                                                                                           | gen_bram_dram.ram_reg                                                                                     | User Attribute | 64 x 144             | RAM64M8 x 21   | 
|\state_machines[1].u_wrfifo_mean /\GenLoadN.u_fifo_load_wr_img/m_ram                                                                                                                                                                                                                                          | gen_bram_dram.ram_reg                                                                                     | User Attribute | 32 x 134             | RAM32M16 x 10  | 
|\state_machines[1].u_wrfifo_bias /\GenLoadN.u_fifo_load_wr_img/m_ram                                                                                                                                                                                                                                          | gen_bram_dram.ram_reg                                                                                     | User Attribute | 32 x 140             | RAM32M16 x 10  | 
|top_i/\hier_dpu/DPUCZDX8G /inst/m_buf_writeri_3/u_ddr_reader/\gen_state_machine[0].u_fifo_data_last/m_ram                                                                                                                                                                                                     | gen_bram_dram.ram_reg                                                                                     | User Attribute | 8 x 12               | RAM32M16 x 1   | 
|top_i/\hier_dpu/DPUCZDX8G /inst/m_buf_writeri_3/u_ddr_reader/\gen_state_machine[1].u_fifo_data_last/m_ram                                                                                                                                                                                                     | gen_bram_dram.ram_reg                                                                                     | User Attribute | 8 x 12               | RAM32M16 x 1   | 
|top_i/\hier_dpu/DPUCZDX8G /inst/m_buf_writeri_3/u_cfg_buf_writer_bridge/\gen_dm_port_st_machines[0].u_cfg_fifo/m_ram                                                                                                                                                                                          | gen_bram_dram.ram_reg                                                                                     | User Attribute | 4 x 108              | RAM32M16 x 8   | 
|top_i/\hier_dpu/DPUCZDX8G /inst/m_buf_writeri_3/u_cfg_buf_writer_bridge/\gen_dm_port_st_machines[1].u_cfg_fifo/m_ram                                                                                                                                                                                          | gen_bram_dram.ram_reg                                                                                     | User Attribute | 4 x 108              | RAM32M16 x 8   | 
|\GenImgDataFifo[13].u_fifo/u_axis_sync_fifo/m_ram                                                                                                                                                                                                                                                             | gen_bram_dram.ram_reg                                                                                     | User Attribute | 32 x 128             | RAM32M16 x 10  | 
|\GenImgDataFifo[12].u_fifo/u_axis_sync_fifo/m_ram                                                                                                                                                                                                                                                             | gen_bram_dram.ram_reg                                                                                     | User Attribute | 32 x 128             | RAM32M16 x 10  | 
|save_data__GBM1:/\data_cmd_fifo_u0/u_cmd_fifo_0/m_ram                                                                                                                                                                                                                                                         | gen_bram_dram.ram_reg                                                                                     | User Attribute | 8 x 138              | RAM32M16 x 10  | 
|save_data__GBM1:/\argmax_switch_u0/u_save_argmax/fifo_u0/m_ram                                                                                                                                                                                                                                                | gen_bram_dram.ram_reg                                                                                     | User Attribute | 32 x 8               | RAM32M16 x 1   | 
|top_i/\hier_dpu/DPUCZDX8G /inst/u_save_data_and_cmdi_9/\save_hp2_hp0[0].u_savedatafifo/m_ram                                                                                                                                                                                                                  | gen_bram_dram.ram_reg                                                                                     | User Attribute | 32 x 144             | RAM32M16 x 11  | 
|top_i/\hier_dpu/DPUCZDX8G /inst/u_save_data_and_cmdi_9/\save_hp2_hp0[1].u_savedatafifo/m_ram                                                                                                                                                                                                                  | gen_bram_dram.ram_reg                                                                                     | User Attribute | 32 x 144             | RAM32M16 x 11  | 
|top_i/\hier_dpu/DPUCZDX8G /inst/m_save_topi_10/\u_save_datacmd2hp/u_cmd_fifo_0/m_ram                                                                                                                                                                                                                          | gen_bram_dram.ram_reg                                                                                     | User Attribute | 64 x 8               | RAM64M8 x 2    | 
|top_i/\hier_dpu/DPUCZDX8G /inst/m_save_topi_10/\u_save_datacmd2hp/u_cmd_fifo_2/m_ram                                                                                                                                                                                                                          | gen_bram_dram.ram_reg                                                                                     | User Attribute | 64 x 8               | RAM64M8 x 2    | 
|\inst_ins_parser/u_insctrl/u_fifo_done/m_ram                                                                                                                                                                                                                                                                  | gen_bram_dram.ram_reg                                                                                     | User Attribute | 32 x 1               | RAM32X1D x 1   | 
|\inst_reader/inst_rd_img /\u_rfifo/u_axis_sync_fifo/m_ram                                                                                                                                                                                                                                                     | gen_bram_dram.ram_reg                                                                                     | User Attribute | 32 x 17              | RAM32M16 x 2   | 
|u_alu_img_reader/\GenArFifoEna.u_arfifo /\u_axis_sync_fifo/m_ram                                                                                                                                                                                                                                              | gen_bram_dram.ram_reg                                                                                     | User Attribute | 16 x 61              | RAM32M16 x 5   | 
|u_alu_img_reader/u_rfifo/\u_axis_sync_fifo/m_ram                                                                                                                                                                                                                                                              | gen_bram_dram.ram_reg                                                                                     | User Attribute | 32 x 16              | RAM32M16 x 2   | 
|\u_alu_ele_reader/GenArFifoEna.u_arfifo/u_axis_sync_fifo/m_ram                                                                                                                                                                                                                                                | gen_bram_dram.ram_reg                                                                                     | User Attribute | 16 x 61              | RAM32M16 x 5   | 
|\u_alu_writer_gen[0].u_alu_writer/u_fifo_alu_wr/m_ram                                                                                                                                                                                                                                                         | gen_bram_dram.ram_reg                                                                                     | User Attribute | 64 x 144             | RAM64M8 x 21   | 
|\m_scheduler_top/m_scheduler_thdl /m_distribute/\instr_fifo/m_ram                                                                                                                                                                                                                                             | gen_bram_dram.ram_reg                                                                                     | User Attribute | 256 x 32             | RAM64M8 x 20   | 
|\m_scheduler_top/m_scheduler_thdl /m_lctrl/\gen_cmp_ptr[0].cmp_ptr_fifo/m_ram                                                                                                                                                                                                                                 | gen_bram_dram.ram_reg                                                                                     | User Attribute | 32 x 4               | RAM32M16 x 1   | 
|\m_scheduler_top/m_scheduler_thdl /m_lctrl/\gen_cmp_ptr[1].cmp_ptr_fifo/m_ram                                                                                                                                                                                                                                 | gen_bram_dram.ram_reg                                                                                     | User Attribute | 32 x 4               | RAM32M16 x 1   | 
|\m_scheduler_top/m_scheduler_thdl /m_lctrl/\instr_fifo/m_ram                                                                                                                                                                                                                                                  | gen_bram_dram.ram_reg                                                                                     | User Attribute | 64 x 160             | RAM64M8 x 23   | 
|\m_scheduler_top/m_scheduler_thdl /m_lctrl                                                                                                                                                                                                                                                                    | dpdby_ir_reg                                                                                              | Implied        | 16 x 4               | RAM32M16 x 1   | 
|\m_scheduler_top/m_scheduler_thdl /m_sctrl/\instr_fifo/m_ram                                                                                                                                                                                                                                                  | gen_bram_dram.ram_reg                                                                                     | User Attribute | 64 x 160             | RAM64M8 x 23   | 
|\m_scheduler_top/m_scheduler_thdl /m_cctrl/\instr_fifo/m_ram                                                                                                                                                                                                                                                  | gen_bram_dram.ram_reg                                                                                     | User Attribute | 64 x 160             | RAM64M8 x 23   | 
|\m_scheduler_top/m_scheduler_thdl /m_cctrl/\u_fifo_dpdby/m_ram                                                                                                                                                                                                                                                | gen_bram_dram.ram_reg                                                                                     | User Attribute | 64 x 4               | RAM64M8 x 1    | 
|\m_scheduler_top/m_scheduler_thdl /m_pctrl/\instr_fifo/m_ram                                                                                                                                                                                                                                                  | gen_bram_dram.ram_reg                                                                                     | User Attribute | 64 x 192             | RAM64M8 x 28   | 
|top_i/hier_dpui_2/\hier_dpu_ghp/dpu_intc_M_AXI_HP0_FPD /\s00_couplers/auto_cc /inst/\gen_clock_conv.gen_async_conv.asyncfifo_axi                                                                                                                                                                              | inst_fifo_gen/gaxi_full_lite.gwrite_ch.gwach2.axi_wach/grf.rf/gntv_or_sync_fifo.mem/gdm.dm_gen.dm/RAM_reg | User Attribute | 16 x 72              | RAM32M16 x 6   | 
|top_i/hier_dpui_2/\hier_dpu_ghp/dpu_intc_M_AXI_HP0_FPD /\s00_couplers/auto_cc /inst/\gen_clock_conv.gen_async_conv.asyncfifo_axi                                                                                                                                                                              | inst_fifo_gen/gaxi_full_lite.gwrite_ch.gwdch2.axi_wdch/grf.rf/gntv_or_sync_fifo.mem/gdm.dm_gen.dm/RAM_reg | User Attribute | 16 x 146             | RAM32M16 x 11  | 
|top_i/hier_dpui_2/\hier_dpu_ghp/dpu_intc_M_AXI_HP0_FPD /\s00_couplers/auto_cc /inst/\gen_clock_conv.gen_async_conv.asyncfifo_axi                                                                                                                                                                              | inst_fifo_gen/gaxi_full_lite.gread_ch.grach2.axi_rach/grf.rf/gntv_or_sync_fifo.mem/gdm.dm_gen.dm/RAM_reg  | User Attribute | 16 x 72              | RAM32M16 x 6   | 
|top_i/hier_dpui_2/\hier_dpu_ghp/dpu_intc_M_AXI_HP0_FPD /\s00_couplers/auto_cc /inst/\gen_clock_conv.gen_async_conv.asyncfifo_axi                                                                                                                                                                              | inst_fifo_gen/gaxi_full_lite.gread_ch.grdch2.axi_rdch/grf.rf/gntv_or_sync_fifo.mem/gdm.dm_gen.dm/RAM_reg  | User Attribute | 16 x 134             | RAM32M16 x 10  | 
|top_i/hier_dpui_2/\hier_dpu_ghp/dpu_intc_M_AXI_HP1_FPD /\s00_couplers/auto_cc /inst/\gen_clock_conv.gen_async_conv.asyncfifo_axi                                                                                                                                                                              | inst_fifo_gen/gaxi_full_lite.gwrite_ch.gwach2.axi_wach/grf.rf/gntv_or_sync_fifo.mem/gdm.dm_gen.dm/RAM_reg | User Attribute | 16 x 72              | RAM32M16 x 6   | 
|top_i/hier_dpui_2/\hier_dpu_ghp/dpu_intc_M_AXI_HP1_FPD /\s00_couplers/auto_cc /inst/\gen_clock_conv.gen_async_conv.asyncfifo_axi                                                                                                                                                                              | inst_fifo_gen/gaxi_full_lite.gwrite_ch.gwdch2.axi_wdch/grf.rf/gntv_or_sync_fifo.mem/gdm.dm_gen.dm/RAM_reg | User Attribute | 16 x 146             | RAM32M16 x 11  | 
|top_i/hier_dpui_2/\hier_dpu_ghp/dpu_intc_M_AXI_HP1_FPD /\s00_couplers/auto_cc /inst/\gen_clock_conv.gen_async_conv.asyncfifo_axi                                                                                                                                                                              | inst_fifo_gen/gaxi_full_lite.gread_ch.grach2.axi_rach/grf.rf/gntv_or_sync_fifo.mem/gdm.dm_gen.dm/RAM_reg  | User Attribute | 16 x 72              | RAM32M16 x 6   | 
|top_i/hier_dpui_2/\hier_dpu_ghp/dpu_intc_M_AXI_HP1_FPD /\s00_couplers/auto_cc /inst/\gen_clock_conv.gen_async_conv.asyncfifo_axi                                                                                                                                                                              | inst_fifo_gen/gaxi_full_lite.gread_ch.grdch2.axi_rdch/grf.rf/gntv_or_sync_fifo.mem/gdm.dm_gen.dm/RAM_reg  | User Attribute | 16 x 134             | RAM32M16 x 10  | 
|top_i/hier_dpui_2/\hier_dpu_ghp/dpu_intc_M_AXI_LPD /\s00_couplers/auto_cc /inst/\gen_clock_conv.gen_async_conv.asyncfifo_axi                                                                                                                                                                                  | inst_fifo_gen/gaxi_full_lite.gwrite_ch.gwach2.axi_wach/grf.rf/gntv_or_sync_fifo.mem/gdm.dm_gen.dm/RAM_reg | User Attribute | 16 x 72              | RAM32M16 x 6   | 
|top_i/hier_dpui_2/\hier_dpu_ghp/dpu_intc_M_AXI_LPD /\s00_couplers/auto_cc /inst/\gen_clock_conv.gen_async_conv.asyncfifo_axi                                                                                                                                                                                  | inst_fifo_gen/gaxi_full_lite.gwrite_ch.gwdch2.axi_wdch/grf.rf/gntv_or_sync_fifo.mem/gdm.dm_gen.dm/RAM_reg | User Attribute | 16 x 38              | RAM32M16 x 3   | 
|top_i/hier_dpui_2/\hier_dpu_ghp/dpu_intc_M_AXI_LPD /\s00_couplers/auto_cc /inst/\gen_clock_conv.gen_async_conv.asyncfifo_axi                                                                                                                                                                                  | inst_fifo_gen/gaxi_full_lite.gwrite_ch.gwrch2.axi_wrch/grf.rf/gntv_or_sync_fifo.mem/gdm.dm_gen.dm/RAM_reg | User Attribute | 16 x 5               | RAM32M16 x 1   | 
|top_i/hier_dpui_2/\hier_dpu_ghp/dpu_intc_M_AXI_LPD /\s00_couplers/auto_cc /inst/\gen_clock_conv.gen_async_conv.asyncfifo_axi                                                                                                                                                                                  | inst_fifo_gen/gaxi_full_lite.gread_ch.grach2.axi_rach/grf.rf/gntv_or_sync_fifo.mem/gdm.dm_gen.dm/RAM_reg  | User Attribute | 16 x 72              | RAM32M16 x 6   | 
|top_i/hier_dpui_2/\hier_dpu_ghp/dpu_intc_M_AXI_LPD /\s00_couplers/auto_cc /inst/\gen_clock_conv.gen_async_conv.asyncfifo_axi                                                                                                                                                                                  | inst_fifo_gen/gaxi_full_lite.gread_ch.grdch2.axi_rdch/grf.rf/gntv_or_sync_fifo.mem/gdm.dm_gen.dm/RAM_reg  | User Attribute | 16 x 38              | RAM32M16 x 3   | 
|axi_dma_0/U0/\I_PRMRY_DATAMOVER/GEN_S2MM_FULL.I_S2MM_FULL_WRAPPER/GEN_INCLUDE_REALIGNER.I_S2MM_REALIGNER/GEN_INCLUDE_SCATTER.I_S2MM_SCATTER/I_TSTRB_FIFO/USE_SYNC_FIFO.I_SYNC_FIFO/NON_BLK_MEM.I_SYNC_FIFOGEN_FIFO/xpm_fifo_instance.xpm_fifo_sync_inst /xpm_fifo_base_inst/\gen_sdpram.xpm_memory_base_inst  | gen_wr_a.gen_word_narrow.mem_reg                                                                          | Implied        | 16 x 23              | RAM32M16 x 2   | 
|axi_dma_0/U0/\I_PRMRY_DATAMOVER/GEN_S2MM_FULL.I_S2MM_FULL_WRAPPER/GEN_ENABLE_INDET_BTT_SF.I_INDET_BTT/I_XD_FIFO/NON_BLK_MEM.I_SYNC_FIFOGEN_FIFO/xpm_fifo_instance.xpm_fifo_sync_inst /xpm_fifo_base_inst/\gen_sdpram.xpm_memory_base_inst                                                                     | gen_wr_a.gen_word_narrow.mem_reg                                                                          | Implied        | 16 x 11              | RAM32M16 x 1   | 
+--------------------------------------------------------------------------------------------------------------------------------------------------------------------------------------------------------------------------------------------------------------------------------------------------------------+-----------------------------------------------------------------------------------------------------------+----------------+----------------------+----------------+

Note: The table above is a preliminary report that shows the Distributed RAMs at the current stage of the synthesis flow. Some Distributed RAMs may be reimplemented as non Distributed RAM primitives later in the synthesis flow. Multiple instantiated RAMs are reported only once.

DSP: Preliminary Mapping Report (see note below. The ' indicates corresponding REG is set)
+-----------------+-------------+--------+--------+--------+--------+--------+------+------+------+------+-------+------+------+
|Module Name      | DSP Mapping | A Size | B Size | C Size | D Size | P Size | AREG | BREG | CREG | DREG | ADREG | MREG | PREG | 
+-----------------+-------------+--------+--------+--------+--------+--------+------+------+------+------+-------+------+------+
|save_fetch_param | (A2*B2)'    | 13     | 11     | -      | -      | 22     | 1    | 1    | -    | -    | -     | 1    | 0    | 
+-----------------+-------------+--------+--------+--------+--------+--------+------+------+------+------+-------+------+------+

Note: The table above is a preliminary report that shows the DSPs inferred at the current stage of the synthesis flow. Some DSP may be reimplemented as non DSP primitives later in the synthesis flow. Multiple instantiated DSPs are reported only once.
---------------------------------------------------------------------------------
Finished ROM, RAM, DSP, Shift Register and Retiming Reporting
---------------------------------------------------------------------------------
---------------------------------------------------------------------------------
Start Applying XDC Timing Constraints
---------------------------------------------------------------------------------
INFO: [Synth 8-5578] Moved timing constraint from pin 'top_i/hier_dpu/hier_dpu_clk/dpu_clk_wiz/inst/clk_in1' to pin 'zynq_ultra_ps_e/U0/buffer_pl_clk_0.PL_CLK_0_BUFG/O'
WARNING: [Synth 8-3321] set_false_path : Empty to list for constraint at line 49 of /home/user/Documents/dma_test/prj/Vivado/hw/srcs/top/ip/top_rst_gen_clk_dsp_0/top_rst_gen_clk_dsp_0.xdc. [/home/user/Documents/dma_test/prj/Vivado/hw/srcs/top/ip/top_rst_gen_clk_dsp_0/top_rst_gen_clk_dsp_0.xdc:49]
INFO: [Synth 8-5819] Moved 1 constraints on hierarchical pins to their respective driving/loading pins
---------------------------------------------------------------------------------
Finished Applying XDC Timing Constraints : Time (s): cpu = 00:03:10 ; elapsed = 00:03:30 . Memory (MB): peak = 5246.789 ; gain = 3021.512 ; free physical = 154 ; free virtual = 333
Synthesis current peak Physical Memory [PSS] (MB): peak = 10550.351; parent = 4169.218; children = 6538.857
Synthesis current peak Virtual Memory [VSS] (MB): peak = 16793.094; parent = 5246.793; children = 11546.301
---------------------------------------------------------------------------------
---------------------------------------------------------------------------------
Start Timing Optimization
---------------------------------------------------------------------------------
INFO: [Synth 8-5775] Found 'rw_addr_collision' attribute set to 'no' on SDP RAM gen_wr_a.gen_word_narrow.mem_reg. Setting write mode to NO_CHANGE 
INFO: [Synth 8-5556] The block RAM "top_i/\hier_dpu/DPUCZDX8G /inst/m_buf_topi_4/\GenDpu0.u_dpu0/m_dpu_top/m_buf_top/u_buf_wrapper/u_img_buf/unpack_ram_addr[0].u_ram /gen_bram_dram.ram_reg" may be mapped as a cascade chain, because it is not timing critical.
INFO: [Synth 8-5555] Implemented Block Ram Cascade chain of height 2 and width 36 for RAM "top_i/\hier_dpu/DPUCZDX8G /inst/m_buf_topi_4/\GenDpu0.u_dpu0/m_dpu_top/m_buf_top/u_buf_wrapper/u_img_buf/unpack_ram_addr[0].u_ram /gen_bram_dram.ram_reg"
INFO: [Synth 8-5555] Implemented Block Ram Cascade chain of height 2 and width 36 for RAM "top_i/\hier_dpu/DPUCZDX8G /inst/m_buf_topi_4/\GenDpu0.u_dpu0/m_dpu_top/m_buf_top/u_buf_wrapper/u_img_buf/unpack_ram_addr[0].u_ram /gen_bram_dram.ram_reg"
INFO: [Synth 8-5555] Implemented Block Ram Cascade chain of height 2 and width 36 for RAM "top_i/\hier_dpu/DPUCZDX8G /inst/m_buf_topi_4/\GenDpu0.u_dpu0/m_dpu_top/m_buf_top/u_buf_wrapper/u_img_buf/unpack_ram_addr[0].u_ram /gen_bram_dram.ram_reg"
INFO: [Synth 8-7030] Implemented Non-Cascaded Block Ram (cascade_height = 1) of width 18 for RAM "top_i/\hier_dpu/DPUCZDX8G /inst/m_buf_topi_4/\GenDpu0.u_dpu0/m_dpu_top/m_buf_top/u_buf_wrapper/u_img_buf/unpack_ram_addr[0].u_ram /gen_bram_dram.ram_reg"
INFO: [Synth 8-7030] Implemented Non-Cascaded Block Ram (cascade_height = 1) of width 2 for RAM "top_i/\hier_dpu/DPUCZDX8G /inst/m_buf_topi_4/\GenDpu0.u_dpu0/m_dpu_top/m_buf_top/u_buf_wrapper/u_img_buf/unpack_ram_addr[0].u_ram /gen_bram_dram.ram_reg"
INFO: [Synth 8-5556] The block RAM "top_i/\hier_dpu/DPUCZDX8G /inst/m_buf_topi_4/\GenDpu0.u_dpu0/m_dpu_top/m_buf_top/u_buf_wrapper/u_img_buf/unpack_ram_addr[1].u_ram /gen_bram_dram.ram_reg" may be mapped as a cascade chain, because it is not timing critical.
INFO: [Synth 8-5555] Implemented Block Ram Cascade chain of height 2 and width 36 for RAM "top_i/\hier_dpu/DPUCZDX8G /inst/m_buf_topi_4/\GenDpu0.u_dpu0/m_dpu_top/m_buf_top/u_buf_wrapper/u_img_buf/unpack_ram_addr[1].u_ram /gen_bram_dram.ram_reg"
INFO: [Synth 8-5555] Implemented Block Ram Cascade chain of height 2 and width 36 for RAM "top_i/\hier_dpu/DPUCZDX8G /inst/m_buf_topi_4/\GenDpu0.u_dpu0/m_dpu_top/m_buf_top/u_buf_wrapper/u_img_buf/unpack_ram_addr[1].u_ram /gen_bram_dram.ram_reg"
INFO: [Synth 8-5555] Implemented Block Ram Cascade chain of height 2 and width 36 for RAM "top_i/\hier_dpu/DPUCZDX8G /inst/m_buf_topi_4/\GenDpu0.u_dpu0/m_dpu_top/m_buf_top/u_buf_wrapper/u_img_buf/unpack_ram_addr[1].u_ram /gen_bram_dram.ram_reg"
INFO: [Synth 8-7030] Implemented Non-Cascaded Block Ram (cascade_height = 1) of width 18 for RAM "top_i/\hier_dpu/DPUCZDX8G /inst/m_buf_topi_4/\GenDpu0.u_dpu0/m_dpu_top/m_buf_top/u_buf_wrapper/u_img_buf/unpack_ram_addr[1].u_ram /gen_bram_dram.ram_reg"
INFO: [Synth 8-7030] Implemented Non-Cascaded Block Ram (cascade_height = 1) of width 2 for RAM "top_i/\hier_dpu/DPUCZDX8G /inst/m_buf_topi_4/\GenDpu0.u_dpu0/m_dpu_top/m_buf_top/u_buf_wrapper/u_img_buf/unpack_ram_addr[1].u_ram /gen_bram_dram.ram_reg"
INFO: [Synth 8-5556] The block RAM "top_i/\hier_dpu/DPUCZDX8G /inst/m_buf_topi_4/\GenDpu0.u_dpu0/m_dpu_top/m_buf_top/u_buf_wrapper/u_img_buf/unpack_ram_addr[2].u_ram /gen_bram_dram.ram_reg" may be mapped as a cascade chain, because it is not timing critical.
INFO: [Synth 8-5555] Implemented Block Ram Cascade chain of height 2 and width 36 for RAM "top_i/\hier_dpu/DPUCZDX8G /inst/m_buf_topi_4/\GenDpu0.u_dpu0/m_dpu_top/m_buf_top/u_buf_wrapper/u_img_buf/unpack_ram_addr[2].u_ram /gen_bram_dram.ram_reg"
INFO: [Synth 8-5555] Implemented Block Ram Cascade chain of height 2 and width 36 for RAM "top_i/\hier_dpu/DPUCZDX8G /inst/m_buf_topi_4/\GenDpu0.u_dpu0/m_dpu_top/m_buf_top/u_buf_wrapper/u_img_buf/unpack_ram_addr[2].u_ram /gen_bram_dram.ram_reg"
INFO: [Synth 8-5555] Implemented Block Ram Cascade chain of height 2 and width 36 for RAM "top_i/\hier_dpu/DPUCZDX8G /inst/m_buf_topi_4/\GenDpu0.u_dpu0/m_dpu_top/m_buf_top/u_buf_wrapper/u_img_buf/unpack_ram_addr[2].u_ram /gen_bram_dram.ram_reg"
INFO: [Synth 8-7030] Implemented Non-Cascaded Block Ram (cascade_height = 1) of width 18 for RAM "top_i/\hier_dpu/DPUCZDX8G /inst/m_buf_topi_4/\GenDpu0.u_dpu0/m_dpu_top/m_buf_top/u_buf_wrapper/u_img_buf/unpack_ram_addr[2].u_ram /gen_bram_dram.ram_reg"
INFO: [Synth 8-7030] Implemented Non-Cascaded Block Ram (cascade_height = 1) of width 2 for RAM "top_i/\hier_dpu/DPUCZDX8G /inst/m_buf_topi_4/\GenDpu0.u_dpu0/m_dpu_top/m_buf_top/u_buf_wrapper/u_img_buf/unpack_ram_addr[2].u_ram /gen_bram_dram.ram_reg"
INFO: [Synth 8-5556] The block RAM "top_i/\hier_dpu/DPUCZDX8G /inst/m_buf_topi_4/\GenDpu0.u_dpu0/m_dpu_top/m_buf_top/u_buf_wrapper/u_img_buf/unpack_ram_addr[3].u_ram /gen_bram_dram.ram_reg" may be mapped as a cascade chain, because it is not timing critical.
INFO: [Synth 8-5555] Implemented Block Ram Cascade chain of height 2 and width 36 for RAM "top_i/\hier_dpu/DPUCZDX8G /inst/m_buf_topi_4/\GenDpu0.u_dpu0/m_dpu_top/m_buf_top/u_buf_wrapper/u_img_buf/unpack_ram_addr[3].u_ram /gen_bram_dram.ram_reg"
INFO: [Synth 8-5555] Implemented Block Ram Cascade chain of height 2 and width 36 for RAM "top_i/\hier_dpu/DPUCZDX8G /inst/m_buf_topi_4/\GenDpu0.u_dpu0/m_dpu_top/m_buf_top/u_buf_wrapper/u_img_buf/unpack_ram_addr[3].u_ram /gen_bram_dram.ram_reg"
INFO: [Synth 8-5555] Implemented Block Ram Cascade chain of height 2 and width 36 for RAM "top_i/\hier_dpu/DPUCZDX8G /inst/m_buf_topi_4/\GenDpu0.u_dpu0/m_dpu_top/m_buf_top/u_buf_wrapper/u_img_buf/unpack_ram_addr[3].u_ram /gen_bram_dram.ram_reg"
INFO: [Synth 8-7030] Implemented Non-Cascaded Block Ram (cascade_height = 1) of width 18 for RAM "top_i/\hier_dpu/DPUCZDX8G /inst/m_buf_topi_4/\GenDpu0.u_dpu0/m_dpu_top/m_buf_top/u_buf_wrapper/u_img_buf/unpack_ram_addr[3].u_ram /gen_bram_dram.ram_reg"
INFO: [Synth 8-7030] Implemented Non-Cascaded Block Ram (cascade_height = 1) of width 2 for RAM "top_i/\hier_dpu/DPUCZDX8G /inst/m_buf_topi_4/\GenDpu0.u_dpu0/m_dpu_top/m_buf_top/u_buf_wrapper/u_img_buf/unpack_ram_addr[3].u_ram /gen_bram_dram.ram_reg"
INFO: [Synth 8-5556] The block RAM "top_i/\hier_dpu/DPUCZDX8G /inst/m_buf_topi_4/\GenDpu0.u_dpu0/m_dpu_top/m_buf_top/u_buf_wrapper/u_img_buf/unpack_ram_addr[4].u_ram /gen_bram_dram.ram_reg" may be mapped as a cascade chain, because it is not timing critical.
INFO: [Synth 8-5555] Implemented Block Ram Cascade chain of height 2 and width 36 for RAM "top_i/\hier_dpu/DPUCZDX8G /inst/m_buf_topi_4/\GenDpu0.u_dpu0/m_dpu_top/m_buf_top/u_buf_wrapper/u_img_buf/unpack_ram_addr[4].u_ram /gen_bram_dram.ram_reg"
INFO: [Synth 8-5555] Implemented Block Ram Cascade chain of height 2 and width 36 for RAM "top_i/\hier_dpu/DPUCZDX8G /inst/m_buf_topi_4/\GenDpu0.u_dpu0/m_dpu_top/m_buf_top/u_buf_wrapper/u_img_buf/unpack_ram_addr[4].u_ram /gen_bram_dram.ram_reg"
INFO: [Synth 8-5555] Implemented Block Ram Cascade chain of height 2 and width 36 for RAM "top_i/\hier_dpu/DPUCZDX8G /inst/m_buf_topi_4/\GenDpu0.u_dpu0/m_dpu_top/m_buf_top/u_buf_wrapper/u_img_buf/unpack_ram_addr[4].u_ram /gen_bram_dram.ram_reg"
INFO: [Synth 8-7030] Implemented Non-Cascaded Block Ram (cascade_height = 1) of width 18 for RAM "top_i/\hier_dpu/DPUCZDX8G /inst/m_buf_topi_4/\GenDpu0.u_dpu0/m_dpu_top/m_buf_top/u_buf_wrapper/u_img_buf/unpack_ram_addr[4].u_ram /gen_bram_dram.ram_reg"
INFO: [Synth 8-7030] Implemented Non-Cascaded Block Ram (cascade_height = 1) of width 2 for RAM "top_i/\hier_dpu/DPUCZDX8G /inst/m_buf_topi_4/\GenDpu0.u_dpu0/m_dpu_top/m_buf_top/u_buf_wrapper/u_img_buf/unpack_ram_addr[4].u_ram /gen_bram_dram.ram_reg"
INFO: [Synth 8-5556] The block RAM "top_i/\hier_dpu/DPUCZDX8G /inst/m_buf_topi_4/\GenDpu0.u_dpu0/m_dpu_top/m_buf_top/u_buf_wrapper/u_img_buf/unpack_ram_addr[5].u_ram /gen_bram_dram.ram_reg" may be mapped as a cascade chain, because it is not timing critical.
INFO: [Synth 8-5555] Implemented Block Ram Cascade chain of height 2 and width 36 for RAM "top_i/\hier_dpu/DPUCZDX8G /inst/m_buf_topi_4/\GenDpu0.u_dpu0/m_dpu_top/m_buf_top/u_buf_wrapper/u_img_buf/unpack_ram_addr[5].u_ram /gen_bram_dram.ram_reg"
INFO: [Synth 8-5555] Implemented Block Ram Cascade chain of height 2 and width 36 for RAM "top_i/\hier_dpu/DPUCZDX8G /inst/m_buf_topi_4/\GenDpu0.u_dpu0/m_dpu_top/m_buf_top/u_buf_wrapper/u_img_buf/unpack_ram_addr[5].u_ram /gen_bram_dram.ram_reg"
INFO: [Synth 8-5555] Implemented Block Ram Cascade chain of height 2 and width 36 for RAM "top_i/\hier_dpu/DPUCZDX8G /inst/m_buf_topi_4/\GenDpu0.u_dpu0/m_dpu_top/m_buf_top/u_buf_wrapper/u_img_buf/unpack_ram_addr[5].u_ram /gen_bram_dram.ram_reg"
INFO: [Synth 8-7030] Implemented Non-Cascaded Block Ram (cascade_height = 1) of width 18 for RAM "top_i/\hier_dpu/DPUCZDX8G /inst/m_buf_topi_4/\GenDpu0.u_dpu0/m_dpu_top/m_buf_top/u_buf_wrapper/u_img_buf/unpack_ram_addr[5].u_ram /gen_bram_dram.ram_reg"
INFO: [Synth 8-7030] Implemented Non-Cascaded Block Ram (cascade_height = 1) of width 2 for RAM "top_i/\hier_dpu/DPUCZDX8G /inst/m_buf_topi_4/\GenDpu0.u_dpu0/m_dpu_top/m_buf_top/u_buf_wrapper/u_img_buf/unpack_ram_addr[5].u_ram /gen_bram_dram.ram_reg"
INFO: [Synth 8-5556] The block RAM "top_i/\hier_dpu/DPUCZDX8G /inst/m_buf_topi_4/\GenDpu0.u_dpu0/m_dpu_top/m_buf_top/u_buf_wrapper/u_img_buf/unpack_ram_addr[6].u_ram /gen_bram_dram.ram_reg" may be mapped as a cascade chain, because it is not timing critical.
INFO: [Synth 8-5555] Implemented Block Ram Cascade chain of height 2 and width 36 for RAM "top_i/\hier_dpu/DPUCZDX8G /inst/m_buf_topi_4/\GenDpu0.u_dpu0/m_dpu_top/m_buf_top/u_buf_wrapper/u_img_buf/unpack_ram_addr[6].u_ram /gen_bram_dram.ram_reg"
INFO: [Synth 8-5555] Implemented Block Ram Cascade chain of height 2 and width 36 for RAM "top_i/\hier_dpu/DPUCZDX8G /inst/m_buf_topi_4/\GenDpu0.u_dpu0/m_dpu_top/m_buf_top/u_buf_wrapper/u_img_buf/unpack_ram_addr[6].u_ram /gen_bram_dram.ram_reg"
INFO: [Synth 8-5555] Implemented Block Ram Cascade chain of height 2 and width 36 for RAM "top_i/\hier_dpu/DPUCZDX8G /inst/m_buf_topi_4/\GenDpu0.u_dpu0/m_dpu_top/m_buf_top/u_buf_wrapper/u_img_buf/unpack_ram_addr[6].u_ram /gen_bram_dram.ram_reg"
INFO: [Synth 8-7030] Implemented Non-Cascaded Block Ram (cascade_height = 1) of width 18 for RAM "top_i/\hier_dpu/DPUCZDX8G /inst/m_buf_topi_4/\GenDpu0.u_dpu0/m_dpu_top/m_buf_top/u_buf_wrapper/u_img_buf/unpack_ram_addr[6].u_ram /gen_bram_dram.ram_reg"
INFO: [Synth 8-7030] Implemented Non-Cascaded Block Ram (cascade_height = 1) of width 2 for RAM "top_i/\hier_dpu/DPUCZDX8G /inst/m_buf_topi_4/\GenDpu0.u_dpu0/m_dpu_top/m_buf_top/u_buf_wrapper/u_img_buf/unpack_ram_addr[6].u_ram /gen_bram_dram.ram_reg"
INFO: [Synth 8-5556] The block RAM "top_i/\hier_dpu/DPUCZDX8G /inst/m_buf_topi_4/\GenDpu0.u_dpu0/m_dpu_top/m_buf_top/u_buf_wrapper/u_img_buf/unpack_ram_addr[7].u_ram /gen_bram_dram.ram_reg" may be mapped as a cascade chain, because it is not timing critical.
INFO: [Synth 8-5555] Implemented Block Ram Cascade chain of height 2 and width 36 for RAM "top_i/\hier_dpu/DPUCZDX8G /inst/m_buf_topi_4/\GenDpu0.u_dpu0/m_dpu_top/m_buf_top/u_buf_wrapper/u_img_buf/unpack_ram_addr[7].u_ram /gen_bram_dram.ram_reg"
INFO: [Synth 8-5555] Implemented Block Ram Cascade chain of height 2 and width 36 for RAM "top_i/\hier_dpu/DPUCZDX8G /inst/m_buf_topi_4/\GenDpu0.u_dpu0/m_dpu_top/m_buf_top/u_buf_wrapper/u_img_buf/unpack_ram_addr[7].u_ram /gen_bram_dram.ram_reg"
INFO: [Synth 8-5555] Implemented Block Ram Cascade chain of height 2 and width 36 for RAM "top_i/\hier_dpu/DPUCZDX8G /inst/m_buf_topi_4/\GenDpu0.u_dpu0/m_dpu_top/m_buf_top/u_buf_wrapper/u_img_buf/unpack_ram_addr[7].u_ram /gen_bram_dram.ram_reg"
INFO: [Synth 8-7030] Implemented Non-Cascaded Block Ram (cascade_height = 1) of width 18 for RAM "top_i/\hier_dpu/DPUCZDX8G /inst/m_buf_topi_4/\GenDpu0.u_dpu0/m_dpu_top/m_buf_top/u_buf_wrapper/u_img_buf/unpack_ram_addr[7].u_ram /gen_bram_dram.ram_reg"
INFO: [Synth 8-7030] Implemented Non-Cascaded Block Ram (cascade_height = 1) of width 2 for RAM "top_i/\hier_dpu/DPUCZDX8G /inst/m_buf_topi_4/\GenDpu0.u_dpu0/m_dpu_top/m_buf_top/u_buf_wrapper/u_img_buf/unpack_ram_addr[7].u_ram /gen_bram_dram.ram_reg"
INFO: [Synth 8-5556] The block RAM "top_i/\hier_dpu/DPUCZDX8G /inst/m_buf_topi_4/\GenDpu0.u_dpu0/m_dpu_top/m_buf_top/u_buf_wrapper/u_img_buf/unpack_ram_addr[8].u_ram /gen_bram_dram.ram_reg" may be mapped as a cascade chain, because it is not timing critical.
INFO: [Synth 8-5555] Implemented Block Ram Cascade chain of height 2 and width 36 for RAM "top_i/\hier_dpu/DPUCZDX8G /inst/m_buf_topi_4/\GenDpu0.u_dpu0/m_dpu_top/m_buf_top/u_buf_wrapper/u_img_buf/unpack_ram_addr[8].u_ram /gen_bram_dram.ram_reg"
INFO: [Synth 8-5555] Implemented Block Ram Cascade chain of height 2 and width 36 for RAM "top_i/\hier_dpu/DPUCZDX8G /inst/m_buf_topi_4/\GenDpu0.u_dpu0/m_dpu_top/m_buf_top/u_buf_wrapper/u_img_buf/unpack_ram_addr[8].u_ram /gen_bram_dram.ram_reg"
INFO: [Synth 8-5555] Implemented Block Ram Cascade chain of height 2 and width 36 for RAM "top_i/\hier_dpu/DPUCZDX8G /inst/m_buf_topi_4/\GenDpu0.u_dpu0/m_dpu_top/m_buf_top/u_buf_wrapper/u_img_buf/unpack_ram_addr[8].u_ram /gen_bram_dram.ram_reg"
INFO: [Synth 8-7030] Implemented Non-Cascaded Block Ram (cascade_height = 1) of width 18 for RAM "top_i/\hier_dpu/DPUCZDX8G /inst/m_buf_topi_4/\GenDpu0.u_dpu0/m_dpu_top/m_buf_top/u_buf_wrapper/u_img_buf/unpack_ram_addr[8].u_ram /gen_bram_dram.ram_reg"
INFO: [Synth 8-7030] Implemented Non-Cascaded Block Ram (cascade_height = 1) of width 2 for RAM "top_i/\hier_dpu/DPUCZDX8G /inst/m_buf_topi_4/\GenDpu0.u_dpu0/m_dpu_top/m_buf_top/u_buf_wrapper/u_img_buf/unpack_ram_addr[8].u_ram /gen_bram_dram.ram_reg"
INFO: [Synth 8-5556] The block RAM "top_i/\hier_dpu/DPUCZDX8G /inst/m_buf_topi_4/\GenDpu0.u_dpu0/m_dpu_top/m_buf_top/u_buf_wrapper/u_img_buf/unpack_ram_addr[9].u_ram /gen_bram_dram.ram_reg" may be mapped as a cascade chain, because it is not timing critical.
INFO: [Synth 8-5555] Implemented Block Ram Cascade chain of height 2 and width 36 for RAM "top_i/\hier_dpu/DPUCZDX8G /inst/m_buf_topi_4/\GenDpu0.u_dpu0/m_dpu_top/m_buf_top/u_buf_wrapper/u_img_buf/unpack_ram_addr[9].u_ram /gen_bram_dram.ram_reg"
INFO: [Synth 8-5555] Implemented Block Ram Cascade chain of height 2 and width 36 for RAM "top_i/\hier_dpu/DPUCZDX8G /inst/m_buf_topi_4/\GenDpu0.u_dpu0/m_dpu_top/m_buf_top/u_buf_wrapper/u_img_buf/unpack_ram_addr[9].u_ram /gen_bram_dram.ram_reg"
INFO: [Synth 8-5555] Implemented Block Ram Cascade chain of height 2 and width 36 for RAM "top_i/\hier_dpu/DPUCZDX8G /inst/m_buf_topi_4/\GenDpu0.u_dpu0/m_dpu_top/m_buf_top/u_buf_wrapper/u_img_buf/unpack_ram_addr[9].u_ram /gen_bram_dram.ram_reg"
INFO: [Synth 8-7030] Implemented Non-Cascaded Block Ram (cascade_height = 1) of width 18 for RAM "top_i/\hier_dpu/DPUCZDX8G /inst/m_buf_topi_4/\GenDpu0.u_dpu0/m_dpu_top/m_buf_top/u_buf_wrapper/u_img_buf/unpack_ram_addr[9].u_ram /gen_bram_dram.ram_reg"
INFO: [Synth 8-7030] Implemented Non-Cascaded Block Ram (cascade_height = 1) of width 2 for RAM "top_i/\hier_dpu/DPUCZDX8G /inst/m_buf_topi_4/\GenDpu0.u_dpu0/m_dpu_top/m_buf_top/u_buf_wrapper/u_img_buf/unpack_ram_addr[9].u_ram /gen_bram_dram.ram_reg"
INFO: [Synth 8-5556] The block RAM "top_i/\hier_dpu/DPUCZDX8G /inst/m_buf_topi_4/\GenDpu0.u_dpu0/m_dpu_top/m_buf_top/u_buf_wrapper/u_img_buf/unpack_ram_addr[10].u_ram /gen_bram_dram.ram_reg" may be mapped as a cascade chain, because it is not timing critical.
INFO: [Synth 8-5555] Implemented Block Ram Cascade chain of height 2 and width 36 for RAM "top_i/\hier_dpu/DPUCZDX8G /inst/m_buf_topi_4/\GenDpu0.u_dpu0/m_dpu_top/m_buf_top/u_buf_wrapper/u_img_buf/unpack_ram_addr[10].u_ram /gen_bram_dram.ram_reg"
INFO: [Synth 8-5555] Implemented Block Ram Cascade chain of height 2 and width 36 for RAM "top_i/\hier_dpu/DPUCZDX8G /inst/m_buf_topi_4/\GenDpu0.u_dpu0/m_dpu_top/m_buf_top/u_buf_wrapper/u_img_buf/unpack_ram_addr[10].u_ram /gen_bram_dram.ram_reg"
INFO: [Synth 8-5555] Implemented Block Ram Cascade chain of height 2 and width 36 for RAM "top_i/\hier_dpu/DPUCZDX8G /inst/m_buf_topi_4/\GenDpu0.u_dpu0/m_dpu_top/m_buf_top/u_buf_wrapper/u_img_buf/unpack_ram_addr[10].u_ram /gen_bram_dram.ram_reg"
INFO: [Synth 8-7030] Implemented Non-Cascaded Block Ram (cascade_height = 1) of width 18 for RAM "top_i/\hier_dpu/DPUCZDX8G /inst/m_buf_topi_4/\GenDpu0.u_dpu0/m_dpu_top/m_buf_top/u_buf_wrapper/u_img_buf/unpack_ram_addr[10].u_ram /gen_bram_dram.ram_reg"
INFO: [Synth 8-7030] Implemented Non-Cascaded Block Ram (cascade_height = 1) of width 2 for RAM "top_i/\hier_dpu/DPUCZDX8G /inst/m_buf_topi_4/\GenDpu0.u_dpu0/m_dpu_top/m_buf_top/u_buf_wrapper/u_img_buf/unpack_ram_addr[10].u_ram /gen_bram_dram.ram_reg"
INFO: [Synth 8-5556] The block RAM "top_i/\hier_dpu/DPUCZDX8G /inst/m_buf_topi_4/\GenDpu0.u_dpu0/m_dpu_top/m_buf_top/u_buf_wrapper/u_img_buf/unpack_ram_addr[11].u_ram /gen_bram_dram.ram_reg" may be mapped as a cascade chain, because it is not timing critical.
INFO: [Synth 8-5555] Implemented Block Ram Cascade chain of height 2 and width 36 for RAM "top_i/\hier_dpu/DPUCZDX8G /inst/m_buf_topi_4/\GenDpu0.u_dpu0/m_dpu_top/m_buf_top/u_buf_wrapper/u_img_buf/unpack_ram_addr[11].u_ram /gen_bram_dram.ram_reg"
INFO: [Synth 8-5555] Implemented Block Ram Cascade chain of height 2 and width 36 for RAM "top_i/\hier_dpu/DPUCZDX8G /inst/m_buf_topi_4/\GenDpu0.u_dpu0/m_dpu_top/m_buf_top/u_buf_wrapper/u_img_buf/unpack_ram_addr[11].u_ram /gen_bram_dram.ram_reg"
INFO: [Synth 8-5555] Implemented Block Ram Cascade chain of height 2 and width 36 for RAM "top_i/\hier_dpu/DPUCZDX8G /inst/m_buf_topi_4/\GenDpu0.u_dpu0/m_dpu_top/m_buf_top/u_buf_wrapper/u_img_buf/unpack_ram_addr[11].u_ram /gen_bram_dram.ram_reg"
INFO: [Synth 8-7030] Implemented Non-Cascaded Block Ram (cascade_height = 1) of width 18 for RAM "top_i/\hier_dpu/DPUCZDX8G /inst/m_buf_topi_4/\GenDpu0.u_dpu0/m_dpu_top/m_buf_top/u_buf_wrapper/u_img_buf/unpack_ram_addr[11].u_ram /gen_bram_dram.ram_reg"
INFO: [Synth 8-7030] Implemented Non-Cascaded Block Ram (cascade_height = 1) of width 2 for RAM "top_i/\hier_dpu/DPUCZDX8G /inst/m_buf_topi_4/\GenDpu0.u_dpu0/m_dpu_top/m_buf_top/u_buf_wrapper/u_img_buf/unpack_ram_addr[11].u_ram /gen_bram_dram.ram_reg"
INFO: [Synth 8-5556] The block RAM "top_i/\hier_dpu/DPUCZDX8G /inst/m_buf_topi_4/\GenDpu0.u_dpu0/m_dpu_top/m_buf_top/u_buf_wrapper/u_img_buf/unpack_ram_addr[12].u_ram /gen_bram_dram.ram_reg" may be mapped as a cascade chain, because it is not timing critical.
INFO: [Synth 8-5555] Implemented Block Ram Cascade chain of height 2 and width 36 for RAM "top_i/\hier_dpu/DPUCZDX8G /inst/m_buf_topi_4/\GenDpu0.u_dpu0/m_dpu_top/m_buf_top/u_buf_wrapper/u_img_buf/unpack_ram_addr[12].u_ram /gen_bram_dram.ram_reg"
INFO: [Synth 8-5555] Implemented Block Ram Cascade chain of height 2 and width 36 for RAM "top_i/\hier_dpu/DPUCZDX8G /inst/m_buf_topi_4/\GenDpu0.u_dpu0/m_dpu_top/m_buf_top/u_buf_wrapper/u_img_buf/unpack_ram_addr[12].u_ram /gen_bram_dram.ram_reg"
INFO: [Synth 8-5555] Implemented Block Ram Cascade chain of height 2 and width 36 for RAM "top_i/\hier_dpu/DPUCZDX8G /inst/m_buf_topi_4/\GenDpu0.u_dpu0/m_dpu_top/m_buf_top/u_buf_wrapper/u_img_buf/unpack_ram_addr[12].u_ram /gen_bram_dram.ram_reg"
INFO: [Synth 8-7030] Implemented Non-Cascaded Block Ram (cascade_height = 1) of width 18 for RAM "top_i/\hier_dpu/DPUCZDX8G /inst/m_buf_topi_4/\GenDpu0.u_dpu0/m_dpu_top/m_buf_top/u_buf_wrapper/u_img_buf/unpack_ram_addr[12].u_ram /gen_bram_dram.ram_reg"
INFO: [Synth 8-7030] Implemented Non-Cascaded Block Ram (cascade_height = 1) of width 2 for RAM "top_i/\hier_dpu/DPUCZDX8G /inst/m_buf_topi_4/\GenDpu0.u_dpu0/m_dpu_top/m_buf_top/u_buf_wrapper/u_img_buf/unpack_ram_addr[12].u_ram /gen_bram_dram.ram_reg"
INFO: [Synth 8-5556] The block RAM "top_i/\hier_dpu/DPUCZDX8G /inst/m_buf_topi_4/\GenDpu0.u_dpu0/m_dpu_top/m_buf_top/u_buf_wrapper/u_img_buf/unpack_ram_addr[13].u_ram /gen_bram_dram.ram_reg" may be mapped as a cascade chain, because it is not timing critical.
INFO: [Synth 8-5555] Implemented Block Ram Cascade chain of height 2 and width 36 for RAM "top_i/\hier_dpu/DPUCZDX8G /inst/m_buf_topi_4/\GenDpu0.u_dpu0/m_dpu_top/m_buf_top/u_buf_wrapper/u_img_buf/unpack_ram_addr[13].u_ram /gen_bram_dram.ram_reg"
INFO: [Synth 8-5555] Implemented Block Ram Cascade chain of height 2 and width 36 for RAM "top_i/\hier_dpu/DPUCZDX8G /inst/m_buf_topi_4/\GenDpu0.u_dpu0/m_dpu_top/m_buf_top/u_buf_wrapper/u_img_buf/unpack_ram_addr[13].u_ram /gen_bram_dram.ram_reg"
INFO: [Synth 8-5555] Implemented Block Ram Cascade chain of height 2 and width 36 for RAM "top_i/\hier_dpu/DPUCZDX8G /inst/m_buf_topi_4/\GenDpu0.u_dpu0/m_dpu_top/m_buf_top/u_buf_wrapper/u_img_buf/unpack_ram_addr[13].u_ram /gen_bram_dram.ram_reg"
INFO: [Synth 8-7030] Implemented Non-Cascaded Block Ram (cascade_height = 1) of width 18 for RAM "top_i/\hier_dpu/DPUCZDX8G /inst/m_buf_topi_4/\GenDpu0.u_dpu0/m_dpu_top/m_buf_top/u_buf_wrapper/u_img_buf/unpack_ram_addr[13].u_ram /gen_bram_dram.ram_reg"
INFO: [Synth 8-7030] Implemented Non-Cascaded Block Ram (cascade_height = 1) of width 2 for RAM "top_i/\hier_dpu/DPUCZDX8G /inst/m_buf_topi_4/\GenDpu0.u_dpu0/m_dpu_top/m_buf_top/u_buf_wrapper/u_img_buf/unpack_ram_addr[13].u_ram /gen_bram_dram.ram_reg"
INFO: [Synth 8-5556] The block RAM "top_i/\hier_dpu/DPUCZDX8G /inst/m_buf_topi_4/\GenDpu0.u_dpu0/m_dpu_top/m_buf_top/u_buf_wrapper/u_img_buf/unpack_ram_addr[14].u_ram /gen_bram_dram.ram_reg" may be mapped as a cascade chain, because it is not timing critical.
INFO: [Synth 8-5555] Implemented Block Ram Cascade chain of height 2 and width 36 for RAM "top_i/\hier_dpu/DPUCZDX8G /inst/m_buf_topi_4/\GenDpu0.u_dpu0/m_dpu_top/m_buf_top/u_buf_wrapper/u_img_buf/unpack_ram_addr[14].u_ram /gen_bram_dram.ram_reg"
INFO: [Common 17-14] Message 'Synth 8-5555' appears 100 times and further instances of the messages will be disabled. Use the Tcl command set_msg_config to change the current settings.
INFO: [Synth 8-7030] Implemented Non-Cascaded Block Ram (cascade_height = 1) of width 18 for RAM "top_i/\hier_dpu/DPUCZDX8G /inst/m_buf_topi_4/\GenDpu0.u_dpu0/m_dpu_top/m_buf_top/u_buf_wrapper/u_img_buf/unpack_ram_addr[14].u_ram /gen_bram_dram.ram_reg"
INFO: [Synth 8-7030] Implemented Non-Cascaded Block Ram (cascade_height = 1) of width 2 for RAM "top_i/\hier_dpu/DPUCZDX8G /inst/m_buf_topi_4/\GenDpu0.u_dpu0/m_dpu_top/m_buf_top/u_buf_wrapper/u_img_buf/unpack_ram_addr[14].u_ram /gen_bram_dram.ram_reg"
INFO: [Synth 8-5556] The block RAM "top_i/\hier_dpu/DPUCZDX8G /inst/m_buf_topi_4/\GenDpu0.u_dpu0/m_dpu_top/m_buf_top/u_buf_wrapper/u_img_buf/unpack_ram_addr[15].u_ram /gen_bram_dram.ram_reg" may be mapped as a cascade chain, because it is not timing critical.
INFO: [Synth 8-7030] Implemented Non-Cascaded Block Ram (cascade_height = 1) of width 18 for RAM "top_i/\hier_dpu/DPUCZDX8G /inst/m_buf_topi_4/\GenDpu0.u_dpu0/m_dpu_top/m_buf_top/u_buf_wrapper/u_img_buf/unpack_ram_addr[15].u_ram /gen_bram_dram.ram_reg"
INFO: [Synth 8-7030] Implemented Non-Cascaded Block Ram (cascade_height = 1) of width 2 for RAM "top_i/\hier_dpu/DPUCZDX8G /inst/m_buf_topi_4/\GenDpu0.u_dpu0/m_dpu_top/m_buf_top/u_buf_wrapper/u_img_buf/unpack_ram_addr[15].u_ram /gen_bram_dram.ram_reg"
INFO: [Synth 8-5556] The block RAM "top_i/\hier_dpu/DPUCZDX8G /inst/m_buf_topi_4/\GenDpu0.u_dpu0/m_dpu_top/m_buf_top/u_buf_wrapper/u_weights_buf/unpack_ram_addr[15].u_ram /gen_bram_dram.ram_reg" may be mapped as a cascade chain, because it is not timing critical.
INFO: [Synth 8-7030] Implemented Non-Cascaded Block Ram (cascade_height = 1) of width 18 for RAM "top_i/\hier_dpu/DPUCZDX8G /inst/m_buf_topi_4/\GenDpu0.u_dpu0/m_dpu_top/m_buf_top/u_buf_wrapper/u_weights_buf/unpack_ram_addr[15].u_ram /gen_bram_dram.ram_reg"
INFO: [Synth 8-7030] Implemented Non-Cascaded Block Ram (cascade_height = 1) of width 2 for RAM "top_i/\hier_dpu/DPUCZDX8G /inst/m_buf_topi_4/\GenDpu0.u_dpu0/m_dpu_top/m_buf_top/u_buf_wrapper/u_weights_buf/unpack_ram_addr[15].u_ram /gen_bram_dram.ram_reg"
INFO: [Synth 8-5556] The block RAM "top_i/\hier_dpu/DPUCZDX8G /inst/m_buf_topi_4/\GenDpu0.u_dpu0/m_dpu_top/m_buf_top/u_buf_wrapper/u_weights_buf/unpack_ram_addr[16].u_ram /gen_bram_dram.ram_reg" may be mapped as a cascade chain, because it is not timing critical.
INFO: [Synth 8-7030] Implemented Non-Cascaded Block Ram (cascade_height = 1) of width 18 for RAM "top_i/\hier_dpu/DPUCZDX8G /inst/m_buf_topi_4/\GenDpu0.u_dpu0/m_dpu_top/m_buf_top/u_buf_wrapper/u_weights_buf/unpack_ram_addr[16].u_ram /gen_bram_dram.ram_reg"
INFO: [Synth 8-7030] Implemented Non-Cascaded Block Ram (cascade_height = 1) of width 2 for RAM "top_i/\hier_dpu/DPUCZDX8G /inst/m_buf_topi_4/\GenDpu0.u_dpu0/m_dpu_top/m_buf_top/u_buf_wrapper/u_weights_buf/unpack_ram_addr[16].u_ram /gen_bram_dram.ram_reg"
---------------------------------------------------------------------------------
Finished Timing Optimization : Time (s): cpu = 00:03:52 ; elapsed = 00:13:06 . Memory (MB): peak = 5679.812 ; gain = 3454.535 ; free physical = 3276 ; free virtual = 5686
Synthesis current peak Physical Memory [PSS] (MB): peak = 10824.688; parent = 4579.944; children = 6538.857
Synthesis current peak Virtual Memory [VSS] (MB): peak = 17226.117; parent = 5679.816; children = 11546.301
---------------------------------------------------------------------------------
WARNING: [Synth 8-6057] Memory: "gen_bram_dram.ram_reg" defined in module: "\u_buf_wrapper/u_weights_buf/unpack_ram_addr[0].u_ram " implemented as Ultra-Ram has no pipeline registers. It is recommended to use pipeline registers to achieve high performance.
WARNING: [Synth 8-6057] Memory: "gen_bram_dram.ram_reg" defined in module: "\u_buf_wrapper/u_weights_buf/unpack_ram_addr[1].u_ram " implemented as Ultra-Ram has no pipeline registers. It is recommended to use pipeline registers to achieve high performance.
WARNING: [Synth 8-6057] Memory: "gen_bram_dram.ram_reg" defined in module: "\u_buf_wrapper/u_weights_buf/unpack_ram_addr[2].u_ram " implemented as Ultra-Ram has no pipeline registers. It is recommended to use pipeline registers to achieve high performance.
WARNING: [Synth 8-6057] Memory: "gen_bram_dram.ram_reg" defined in module: "\u_buf_wrapper/u_weights_buf/unpack_ram_addr[3].u_ram " implemented as Ultra-Ram has no pipeline registers. It is recommended to use pipeline registers to achieve high performance.
WARNING: [Synth 8-6057] Memory: "gen_bram_dram.ram_reg" defined in module: "\u_buf_wrapper/u_weights_buf/unpack_ram_addr[4].u_ram " implemented as Ultra-Ram has no pipeline registers. It is recommended to use pipeline registers to achieve high performance.
WARNING: [Synth 8-6057] Memory: "gen_bram_dram.ram_reg" defined in module: "\u_buf_wrapper/u_weights_buf/unpack_ram_addr[5].u_ram " implemented as Ultra-Ram has no pipeline registers. It is recommended to use pipeline registers to achieve high performance.
WARNING: [Synth 8-6057] Memory: "gen_bram_dram.ram_reg" defined in module: "\u_buf_wrapper/u_weights_buf/unpack_ram_addr[6].u_ram " implemented as Ultra-Ram has no pipeline registers. It is recommended to use pipeline registers to achieve high performance.
WARNING: [Synth 8-6057] Memory: "gen_bram_dram.ram_reg" defined in module: "\u_buf_wrapper/u_weights_buf/unpack_ram_addr[7].u_ram " implemented as Ultra-Ram has no pipeline registers. It is recommended to use pipeline registers to achieve high performance.
WARNING: [Synth 8-6057] Memory: "gen_bram_dram.ram_reg" defined in module: "\u_buf_wrapper/u_weights_buf/unpack_ram_addr[8].u_ram " implemented as Ultra-Ram has no pipeline registers. It is recommended to use pipeline registers to achieve high performance.
WARNING: [Synth 8-6057] Memory: "gen_bram_dram.ram_reg" defined in module: "\u_buf_wrapper/u_weights_buf/unpack_ram_addr[9].u_ram " implemented as Ultra-Ram has no pipeline registers. It is recommended to use pipeline registers to achieve high performance.
WARNING: [Synth 8-6057] Memory: "gen_bram_dram.ram_reg" defined in module: "\u_buf_wrapper/u_weights_buf/unpack_ram_addr[10].u_ram " implemented as Ultra-Ram has no pipeline registers. It is recommended to use pipeline registers to achieve high performance.
WARNING: [Synth 8-6057] Memory: "gen_bram_dram.ram_reg" defined in module: "\u_buf_wrapper/u_weights_buf/unpack_ram_addr[11].u_ram " implemented as Ultra-Ram has no pipeline registers. It is recommended to use pipeline registers to achieve high performance.
WARNING: [Synth 8-6057] Memory: "gen_bram_dram.ram_reg" defined in module: "\u_buf_wrapper/u_weights_buf/unpack_ram_addr[12].u_ram " implemented as Ultra-Ram has no pipeline registers. It is recommended to use pipeline registers to achieve high performance.
WARNING: [Synth 8-6057] Memory: "gen_bram_dram.ram_reg" defined in module: "\u_buf_wrapper/u_weights_buf/unpack_ram_addr[13].u_ram " implemented as Ultra-Ram has no pipeline registers. It is recommended to use pipeline registers to achieve high performance.
WARNING: [Synth 8-6057] Memory: "gen_bram_dram.ram_reg" defined in module: "\u_buf_wrapper/u_weights_buf/unpack_ram_addr[14].u_ram " implemented as Ultra-Ram has no pipeline registers. It is recommended to use pipeline registers to achieve high performance.
WARNING: [Synth 8-6057] Memory: "gen_bram_dram.ram_reg" defined in module: "\u_buf_wrapper/u_bias_buf/unpack_ram_addr[0].u_ram " implemented as Ultra-Ram has no pipeline registers. It is recommended to use pipeline registers to achieve high performance.
---------------------------------------------------------------------------------
Start ROM, RAM, DSP, Shift Register and Retiming Reporting
---------------------------------------------------------------------------------

Ultra RAM: Final Mapping Report (see note below)
+--------------------------------------------------------+-----------------------+------------------------+---+---+------------------------+---+---+------------------+---------+--------------+--------------------------+-------------+
|Module Name                                             | RTL Object            | PORT A (Depth x Width) | W | R | PORT B (Depth x Width) | W | R | Ports driving FF | URAM288 | Matrix Shape | FF provided for Pipeline | FF absorbed | 
+--------------------------------------------------------+-----------------------+------------------------+---+---+------------------------+---+---+------------------+---------+--------------+--------------------------+-------------+
|\u_buf_wrapper/u_weights_buf/unpack_ram_addr[0].u_ram   | gen_bram_dram.ram_reg | 2 K x 128              |   | R | 2 K x 128              | W |   | Port A and B     | 2       | 1x1          | 0                        | 0           | 
|\u_buf_wrapper/u_weights_buf/unpack_ram_addr[1].u_ram   | gen_bram_dram.ram_reg | 2 K x 128              |   | R | 2 K x 128              | W |   | Port A and B     | 2       | 1x1          | 0                        | 0           | 
|\u_buf_wrapper/u_weights_buf/unpack_ram_addr[2].u_ram   | gen_bram_dram.ram_reg | 2 K x 128              |   | R | 2 K x 128              | W |   | Port A and B     | 2       | 1x1          | 0                        | 0           | 
|\u_buf_wrapper/u_weights_buf/unpack_ram_addr[3].u_ram   | gen_bram_dram.ram_reg | 2 K x 128              |   | R | 2 K x 128              | W |   | Port A and B     | 2       | 1x1          | 0                        | 0           | 
|\u_buf_wrapper/u_weights_buf/unpack_ram_addr[4].u_ram   | gen_bram_dram.ram_reg | 2 K x 128              |   | R | 2 K x 128              | W |   | Port A and B     | 2       | 1x1          | 0                        | 0           | 
|\u_buf_wrapper/u_weights_buf/unpack_ram_addr[5].u_ram   | gen_bram_dram.ram_reg | 2 K x 128              |   | R | 2 K x 128              | W |   | Port A and B     | 2       | 1x1          | 0                        | 0           | 
|\u_buf_wrapper/u_weights_buf/unpack_ram_addr[6].u_ram   | gen_bram_dram.ram_reg | 2 K x 128              |   | R | 2 K x 128              | W |   | Port A and B     | 2       | 1x1          | 0                        | 0           | 
|\u_buf_wrapper/u_weights_buf/unpack_ram_addr[7].u_ram   | gen_bram_dram.ram_reg | 2 K x 128              |   | R | 2 K x 128              | W |   | Port A and B     | 2       | 1x1          | 0                        | 0           | 
|\u_buf_wrapper/u_weights_buf/unpack_ram_addr[8].u_ram   | gen_bram_dram.ram_reg | 2 K x 128              |   | R | 2 K x 128              | W |   | Port A and B     | 2       | 1x1          | 0                        | 0           | 
|\u_buf_wrapper/u_weights_buf/unpack_ram_addr[9].u_ram   | gen_bram_dram.ram_reg | 2 K x 128              |   | R | 2 K x 128              | W |   | Port A and B     | 2       | 1x1          | 0                        | 0           | 
|\u_buf_wrapper/u_weights_buf/unpack_ram_addr[10].u_ram  | gen_bram_dram.ram_reg | 2 K x 128              |   | R | 2 K x 128              | W |   | Port A and B     | 2       | 1x1          | 0                        | 0           | 
|\u_buf_wrapper/u_weights_buf/unpack_ram_addr[11].u_ram  | gen_bram_dram.ram_reg | 2 K x 128              |   | R | 2 K x 128              | W |   | Port A and B     | 2       | 1x1          | 0                        | 0           | 
|\u_buf_wrapper/u_weights_buf/unpack_ram_addr[12].u_ram  | gen_bram_dram.ram_reg | 2 K x 128              |   | R | 2 K x 128              | W |   | Port A and B     | 2       | 1x1          | 0                        | 0           | 
|\u_buf_wrapper/u_weights_buf/unpack_ram_addr[13].u_ram  | gen_bram_dram.ram_reg | 2 K x 128              |   | R | 2 K x 128              | W |   | Port A and B     | 2       | 1x1          | 0                        | 0           | 
|\u_buf_wrapper/u_weights_buf/unpack_ram_addr[14].u_ram  | gen_bram_dram.ram_reg | 2 K x 128              |   | R | 2 K x 128              | W |   | Port A and B     | 2       | 1x1          | 0                        | 0           | 
|\u_buf_wrapper/u_bias_buf/unpack_ram_addr[0].u_ram      | gen_bram_dram.ram_reg | 2 K x 128              |   | R | 2 K x 128              | W |   | Port A and B     | 2       | 1x1          | 0                        | 0           | 
+--------------------------------------------------------+-----------------------+------------------------+---+---+------------------------+---+---+------------------+---------+--------------+--------------------------+-------------+


Block RAM: Final Mapping Report
+-----------------------------------------------------------------------------------------------------------------------------------------------------------------------------------------------------------------------------------------+----------------------------------+------------------------+---+---+------------------------+---+---+------------------+--------+--------+-----------------+
|Module Name                                                                                                                                                                                                                              | RTL Object                       | PORT A (Depth x Width) | W | R | PORT B (Depth x Width) | W | R | Ports driving FF | RAMB18 | RAMB36 | Cascade Heights | 
+-----------------------------------------------------------------------------------------------------------------------------------------------------------------------------------------------------------------------------------------+----------------------------------+------------------------+---+---+------------------------+---+---+------------------+--------+--------+-----------------+
|top_i/\hier_dpu/DPUCZDX8G /inst/m_buf_topi_4/\GenDpu0.u_dpu0/m_dpu_top/m_buf_top/u_buf_wrapper/u_img_buf/unpack_ram_addr[0].u_ram                                                                                                        | gen_bram_dram.ram_reg            | 2 K x 128(READ_FIRST)  | W |   | 2 K x 128(WRITE_FIRST) |   | R | Port A and B     | 1      | 7      | 2,2,2,1,1       | 
|top_i/\hier_dpu/DPUCZDX8G /inst/m_buf_topi_4/\GenDpu0.u_dpu0/m_dpu_top/m_buf_top/u_buf_wrapper/u_img_buf/unpack_ram_addr[1].u_ram                                                                                                        | gen_bram_dram.ram_reg            | 2 K x 128(READ_FIRST)  | W |   | 2 K x 128(WRITE_FIRST) |   | R | Port A and B     | 1      | 7      | 2,2,2,1,1       | 
|top_i/\hier_dpu/DPUCZDX8G /inst/m_buf_topi_4/\GenDpu0.u_dpu0/m_dpu_top/m_buf_top/u_buf_wrapper/u_img_buf/unpack_ram_addr[2].u_ram                                                                                                        | gen_bram_dram.ram_reg            | 2 K x 128(READ_FIRST)  | W |   | 2 K x 128(WRITE_FIRST) |   | R | Port A and B     | 1      | 7      | 2,2,2,1,1       | 
|top_i/\hier_dpu/DPUCZDX8G /inst/m_buf_topi_4/\GenDpu0.u_dpu0/m_dpu_top/m_buf_top/u_buf_wrapper/u_img_buf/unpack_ram_addr[3].u_ram                                                                                                        | gen_bram_dram.ram_reg            | 2 K x 128(READ_FIRST)  | W |   | 2 K x 128(WRITE_FIRST) |   | R | Port A and B     | 1      | 7      | 2,2,2,1,1       | 
|top_i/\hier_dpu/DPUCZDX8G /inst/m_buf_topi_4/\GenDpu0.u_dpu0/m_dpu_top/m_buf_top/u_buf_wrapper/u_img_buf/unpack_ram_addr[4].u_ram                                                                                                        | gen_bram_dram.ram_reg            | 2 K x 128(READ_FIRST)  | W |   | 2 K x 128(WRITE_FIRST) |   | R | Port A and B     | 1      | 7      | 2,2,2,1,1       | 
|top_i/\hier_dpu/DPUCZDX8G /inst/m_buf_topi_4/\GenDpu0.u_dpu0/m_dpu_top/m_buf_top/u_buf_wrapper/u_img_buf/unpack_ram_addr[5].u_ram                                                                                                        | gen_bram_dram.ram_reg            | 2 K x 128(READ_FIRST)  | W |   | 2 K x 128(WRITE_FIRST) |   | R | Port A and B     | 1      | 7      | 2,2,2,1,1       | 
|top_i/\hier_dpu/DPUCZDX8G /inst/m_buf_topi_4/\GenDpu0.u_dpu0/m_dpu_top/m_buf_top/u_buf_wrapper/u_img_buf/unpack_ram_addr[6].u_ram                                                                                                        | gen_bram_dram.ram_reg            | 2 K x 128(READ_FIRST)  | W |   | 2 K x 128(WRITE_FIRST) |   | R | Port A and B     | 1      | 7      | 2,2,2,1,1       | 
|top_i/\hier_dpu/DPUCZDX8G /inst/m_buf_topi_4/\GenDpu0.u_dpu0/m_dpu_top/m_buf_top/u_buf_wrapper/u_img_buf/unpack_ram_addr[7].u_ram                                                                                                        | gen_bram_dram.ram_reg            | 2 K x 128(READ_FIRST)  | W |   | 2 K x 128(WRITE_FIRST) |   | R | Port A and B     | 1      | 7      | 2,2,2,1,1       | 
|top_i/\hier_dpu/DPUCZDX8G /inst/m_buf_topi_4/\GenDpu0.u_dpu0/m_dpu_top/m_buf_top/u_buf_wrapper/u_img_buf/unpack_ram_addr[8].u_ram                                                                                                        | gen_bram_dram.ram_reg            | 2 K x 128(READ_FIRST)  | W |   | 2 K x 128(WRITE_FIRST) |   | R | Port A and B     | 1      | 7      | 2,2,2,1,1       | 
|top_i/\hier_dpu/DPUCZDX8G /inst/m_buf_topi_4/\GenDpu0.u_dpu0/m_dpu_top/m_buf_top/u_buf_wrapper/u_img_buf/unpack_ram_addr[9].u_ram                                                                                                        | gen_bram_dram.ram_reg            | 2 K x 128(READ_FIRST)  | W |   | 2 K x 128(WRITE_FIRST) |   | R | Port A and B     | 1      | 7      | 2,2,2,1,1       | 
|top_i/\hier_dpu/DPUCZDX8G /inst/m_buf_topi_4/\GenDpu0.u_dpu0/m_dpu_top/m_buf_top/u_buf_wrapper/u_img_buf/unpack_ram_addr[10].u_ram                                                                                                       | gen_bram_dram.ram_reg            | 2 K x 128(READ_FIRST)  | W |   | 2 K x 128(WRITE_FIRST) |   | R | Port A and B     | 1      | 7      | 2,2,2,1,1       | 
|top_i/\hier_dpu/DPUCZDX8G /inst/m_buf_topi_4/\GenDpu0.u_dpu0/m_dpu_top/m_buf_top/u_buf_wrapper/u_img_buf/unpack_ram_addr[11].u_ram                                                                                                       | gen_bram_dram.ram_reg            | 2 K x 128(READ_FIRST)  | W |   | 2 K x 128(WRITE_FIRST) |   | R | Port A and B     | 1      | 7      | 2,2,2,1,1       | 
|top_i/\hier_dpu/DPUCZDX8G /inst/m_buf_topi_4/\GenDpu0.u_dpu0/m_dpu_top/m_buf_top/u_buf_wrapper/u_img_buf/unpack_ram_addr[12].u_ram                                                                                                       | gen_bram_dram.ram_reg            | 2 K x 128(READ_FIRST)  | W |   | 2 K x 128(WRITE_FIRST) |   | R | Port A and B     | 1      | 7      | 2,2,2,1,1       | 
|top_i/\hier_dpu/DPUCZDX8G /inst/m_buf_topi_4/\GenDpu0.u_dpu0/m_dpu_top/m_buf_top/u_buf_wrapper/u_img_buf/unpack_ram_addr[13].u_ram                                                                                                       | gen_bram_dram.ram_reg            | 2 K x 128(READ_FIRST)  | W |   | 2 K x 128(WRITE_FIRST) |   | R | Port A and B     | 1      | 7      | 2,2,2,1,1       | 
|top_i/\hier_dpu/DPUCZDX8G /inst/m_buf_topi_4/\GenDpu0.u_dpu0/m_dpu_top/m_buf_top/u_buf_wrapper/u_img_buf/unpack_ram_addr[14].u_ram                                                                                                       | gen_bram_dram.ram_reg            | 2 K x 128(READ_FIRST)  | W |   | 2 K x 128(WRITE_FIRST) |   | R | Port A and B     | 1      | 7      | 2,2,2,1,1       | 
|top_i/\hier_dpu/DPUCZDX8G /inst/m_buf_topi_4/\GenDpu0.u_dpu0/m_dpu_top/m_buf_top/u_buf_wrapper/u_img_buf/unpack_ram_addr[15].u_ram                                                                                                       | gen_bram_dram.ram_reg            | 2 K x 128(READ_FIRST)  | W |   | 2 K x 128(WRITE_FIRST) |   | R | Port A and B     | 1      | 7      | 2,2,2,1,1       | 
|top_i/\hier_dpu/DPUCZDX8G /inst/m_buf_topi_4/\GenDpu0.u_dpu0/m_dpu_top/m_buf_top/u_buf_wrapper/u_weights_buf/unpack_ram_addr[15].u_ram                                                                                                   | gen_bram_dram.ram_reg            | 2 K x 128(READ_FIRST)  | W |   | 2 K x 128(WRITE_FIRST) |   | R | Port A and B     | 1      | 7      | 2,2,2,1,1       | 
|top_i/\hier_dpu/DPUCZDX8G /inst/m_buf_topi_4/\GenDpu0.u_dpu0/m_dpu_top/m_buf_top/u_buf_wrapper/u_weights_buf/unpack_ram_addr[16].u_ram                                                                                                   | gen_bram_dram.ram_reg            | 2 K x 128(READ_FIRST)  | W |   | 2 K x 128(WRITE_FIRST) |   | R | Port A and B     | 1      | 7      | 2,2,2,1,1       | 
|axi_dma_0/U0/\I_PRMRY_DATAMOVER/GEN_S2MM_FULL.I_S2MM_FULL_WRAPPER/GEN_ENABLE_INDET_BTT_SF.I_INDET_BTT/I_DATA_FIFO/BLK_MEM.I_SYNC_FIFOGEN_FIFO/xpm_fifo_instance.xpm_fifo_sync_inst /xpm_fifo_base_inst/\gen_sdpram.xpm_memory_base_inst  | gen_wr_a.gen_word_narrow.mem_reg | 128 x 146(NO_CHANGE)   | W |   | 128 x 146(NO_CHANGE)   |   | R | Port A and B     | 1      | 2      |                 | 
+-----------------------------------------------------------------------------------------------------------------------------------------------------------------------------------------------------------------------------------------+----------------------------------+------------------------+---+---+------------------------+---+---+------------------+--------+--------+-----------------+


Distributed RAM: Final Mapping Report
+--------------------------------------------------------------------------------------------------------------------------------------------------------------------------------------------------------------------------------------------------------------------------------------------------------------+-----------------------------------------------------------------------------------------------------------+----------------+----------------------+----------------+
|Module Name                                                                                                                                                                                                                                                                                                   | RTL Object                                                                                                | Inference      | Size (Depth x Width) | Primitives     | 
+--------------------------------------------------------------------------------------------------------------------------------------------------------------------------------------------------------------------------------------------------------------------------------------------------------------+-----------------------------------------------------------------------------------------------------------+----------------+----------------------+----------------+
|\state_machines[0].u_wrfifo_img /\GenLoadN.u_fifo_load_wr_img/m_ram                                                                                                                                                                                                                                           | gen_bram_dram.ram_reg                                                                                     | User Attribute | 128 x 143            | RAM64M8 x 42   | 
|\state_machines[1].u_wrfifo_img /\GenLoadN.u_fifo_load_wr_img/m_ram                                                                                                                                                                                                                                           | gen_bram_dram.ram_reg                                                                                     | User Attribute | 128 x 143            | RAM64M8 x 42   | 
|\state_machines[1].u_wrfifo_wgt /\GenLoadN.u_fifo_load_wr_img/m_ram                                                                                                                                                                                                                                           | gen_bram_dram.ram_reg                                                                                     | User Attribute | 64 x 144             | RAM64M8 x 21   | 
|\state_machines[1].u_wrfifo_bias /\GenLoadN.u_fifo_load_wr_img/m_ram                                                                                                                                                                                                                                          | gen_bram_dram.ram_reg                                                                                     | User Attribute | 32 x 140             | RAM32M16 x 10  | 
|\GenImgDataFifo[13].u_fifo/u_axis_sync_fifo/m_ram                                                                                                                                                                                                                                                             | gen_bram_dram.ram_reg                                                                                     | User Attribute | 32 x 128             | RAM32M16 x 10  | 
|\GenImgDataFifo[12].u_fifo/u_axis_sync_fifo/m_ram                                                                                                                                                                                                                                                             | gen_bram_dram.ram_reg                                                                                     | User Attribute | 32 x 128             | RAM32M16 x 10  | 
|save_data__GBM1:/\data_cmd_fifo_u0/u_cmd_fifo_0/m_ram                                                                                                                                                                                                                                                         | gen_bram_dram.ram_reg                                                                                     | User Attribute | 8 x 138              | RAM32M16 x 10  | 
|save_data__GBM1:/\argmax_switch_u0/u_save_argmax/fifo_u0/m_ram                                                                                                                                                                                                                                                | gen_bram_dram.ram_reg                                                                                     | User Attribute | 32 x 8               | RAM32M16 x 1   | 
|top_i/\hier_dpu/DPUCZDX8G /inst/u_save_data_and_cmdi_9/\save_hp2_hp0[0].u_savedatafifo/m_ram                                                                                                                                                                                                                  | gen_bram_dram.ram_reg                                                                                     | User Attribute | 32 x 144             | RAM32M16 x 11  | 
|top_i/\hier_dpu/DPUCZDX8G /inst/u_save_data_and_cmdi_9/\save_hp2_hp0[1].u_savedatafifo/m_ram                                                                                                                                                                                                                  | gen_bram_dram.ram_reg                                                                                     | User Attribute | 32 x 144             | RAM32M16 x 11  | 
|top_i/\hier_dpu/DPUCZDX8G /inst/m_save_topi_10/\u_save_datacmd2hp/u_cmd_fifo_0/m_ram                                                                                                                                                                                                                          | gen_bram_dram.ram_reg                                                                                     | User Attribute | 64 x 8               | RAM64M8 x 2    | 
|top_i/\hier_dpu/DPUCZDX8G /inst/m_save_topi_10/\u_save_datacmd2hp/u_cmd_fifo_2/m_ram                                                                                                                                                                                                                          | gen_bram_dram.ram_reg                                                                                     | User Attribute | 64 x 8               | RAM64M8 x 2    | 
|\inst_ins_parser/u_insctrl/u_fifo_done/m_ram                                                                                                                                                                                                                                                                  | gen_bram_dram.ram_reg                                                                                     | User Attribute | 32 x 1               | RAM32X1D x 1   | 
|\inst_reader/inst_rd_img /\u_rfifo/u_axis_sync_fifo/m_ram                                                                                                                                                                                                                                                     | gen_bram_dram.ram_reg                                                                                     | User Attribute | 32 x 17              | RAM32M16 x 2   | 
|u_alu_img_reader/\GenArFifoEna.u_arfifo /\u_axis_sync_fifo/m_ram                                                                                                                                                                                                                                              | gen_bram_dram.ram_reg                                                                                     | User Attribute | 16 x 61              | RAM32M16 x 5   | 
|u_alu_img_reader/u_rfifo/\u_axis_sync_fifo/m_ram                                                                                                                                                                                                                                                              | gen_bram_dram.ram_reg                                                                                     | User Attribute | 32 x 16              | RAM32M16 x 2   | 
|\u_alu_ele_reader/GenArFifoEna.u_arfifo/u_axis_sync_fifo/m_ram                                                                                                                                                                                                                                                | gen_bram_dram.ram_reg                                                                                     | User Attribute | 16 x 61              | RAM32M16 x 5   | 
|\u_alu_writer_gen[0].u_alu_writer/u_fifo_alu_wr/m_ram                                                                                                                                                                                                                                                         | gen_bram_dram.ram_reg                                                                                     | User Attribute | 64 x 144             | RAM64M8 x 21   | 
|\m_scheduler_top/m_scheduler_thdl /m_distribute/\instr_fifo/m_ram                                                                                                                                                                                                                                             | gen_bram_dram.ram_reg                                                                                     | User Attribute | 256 x 32             | RAM64M8 x 20   | 
|\m_scheduler_top/m_scheduler_thdl /m_lctrl/\gen_cmp_ptr[0].cmp_ptr_fifo/m_ram                                                                                                                                                                                                                                 | gen_bram_dram.ram_reg                                                                                     | User Attribute | 32 x 4               | RAM32M16 x 1   | 
|\m_scheduler_top/m_scheduler_thdl /m_lctrl/\gen_cmp_ptr[1].cmp_ptr_fifo/m_ram                                                                                                                                                                                                                                 | gen_bram_dram.ram_reg                                                                                     | User Attribute | 32 x 4               | RAM32M16 x 1   | 
|\m_scheduler_top/m_scheduler_thdl /m_lctrl/\instr_fifo/m_ram                                                                                                                                                                                                                                                  | gen_bram_dram.ram_reg                                                                                     | User Attribute | 64 x 160             | RAM64M8 x 23   | 
|\m_scheduler_top/m_scheduler_thdl /m_lctrl                                                                                                                                                                                                                                                                    | dpdby_ir_reg                                                                                              | Implied        | 16 x 4               | RAM32M16 x 1   | 
|\m_scheduler_top/m_scheduler_thdl /m_sctrl/\instr_fifo/m_ram                                                                                                                                                                                                                                                  | gen_bram_dram.ram_reg                                                                                     | User Attribute | 64 x 160             | RAM64M8 x 23   | 
|\m_scheduler_top/m_scheduler_thdl /m_cctrl/\instr_fifo/m_ram                                                                                                                                                                                                                                                  | gen_bram_dram.ram_reg                                                                                     | User Attribute | 64 x 160             | RAM64M8 x 23   | 
|\m_scheduler_top/m_scheduler_thdl /m_cctrl/\u_fifo_dpdby/m_ram                                                                                                                                                                                                                                                | gen_bram_dram.ram_reg                                                                                     | User Attribute | 64 x 4               | RAM64M8 x 1    | 
|\m_scheduler_top/m_scheduler_thdl /m_pctrl/\instr_fifo/m_ram                                                                                                                                                                                                                                                  | gen_bram_dram.ram_reg                                                                                     | User Attribute | 64 x 192             | RAM64M8 x 28   | 
|top_i/\hier_dpu/DPUCZDX8G /inst/m_buf_writeri_3/u_ddr_reader/\gen_state_machine[0].u_fifo_data_last/m_ram                                                                                                                                                                                                     | gen_bram_dram.ram_reg                                                                                     | User Attribute | 8 x 12               | RAM32M16 x 1   | 
|top_i/\hier_dpu/DPUCZDX8G /inst/m_buf_writeri_3/u_ddr_reader/\gen_state_machine[1].u_fifo_data_last/m_ram                                                                                                                                                                                                     | gen_bram_dram.ram_reg                                                                                     | User Attribute | 8 x 12               | RAM32M16 x 1   | 
|top_i/\hier_dpu/DPUCZDX8G /inst/m_buf_writeri_3/u_cfg_buf_writer_bridge/\gen_dm_port_st_machines[0].u_cfg_fifo/m_ram                                                                                                                                                                                          | gen_bram_dram.ram_reg                                                                                     | User Attribute | 4 x 108              | RAM32M16 x 8   | 
|top_i/\hier_dpu/DPUCZDX8G /inst/m_buf_writeri_3/u_cfg_buf_writer_bridge/\gen_dm_port_st_machines[1].u_cfg_fifo/m_ram                                                                                                                                                                                          | gen_bram_dram.ram_reg                                                                                     | User Attribute | 4 x 108              | RAM32M16 x 8   | 
|top_i/hier_dpui_2/\hier_dpu_ghp/dpu_intc_M_AXI_HP0_FPD /\s00_couplers/auto_cc /inst/\gen_clock_conv.gen_async_conv.asyncfifo_axi                                                                                                                                                                              | inst_fifo_gen/gaxi_full_lite.gwrite_ch.gwach2.axi_wach/grf.rf/gntv_or_sync_fifo.mem/gdm.dm_gen.dm/RAM_reg | User Attribute | 16 x 72              | RAM32M16 x 6   | 
|top_i/hier_dpui_2/\hier_dpu_ghp/dpu_intc_M_AXI_HP0_FPD /\s00_couplers/auto_cc /inst/\gen_clock_conv.gen_async_conv.asyncfifo_axi                                                                                                                                                                              | inst_fifo_gen/gaxi_full_lite.gwrite_ch.gwdch2.axi_wdch/grf.rf/gntv_or_sync_fifo.mem/gdm.dm_gen.dm/RAM_reg | User Attribute | 16 x 146             | RAM32M16 x 11  | 
|top_i/hier_dpui_2/\hier_dpu_ghp/dpu_intc_M_AXI_HP0_FPD /\s00_couplers/auto_cc /inst/\gen_clock_conv.gen_async_conv.asyncfifo_axi                                                                                                                                                                              | inst_fifo_gen/gaxi_full_lite.gread_ch.grach2.axi_rach/grf.rf/gntv_or_sync_fifo.mem/gdm.dm_gen.dm/RAM_reg  | User Attribute | 16 x 72              | RAM32M16 x 6   | 
|top_i/hier_dpui_2/\hier_dpu_ghp/dpu_intc_M_AXI_HP0_FPD /\s00_couplers/auto_cc /inst/\gen_clock_conv.gen_async_conv.asyncfifo_axi                                                                                                                                                                              | inst_fifo_gen/gaxi_full_lite.gread_ch.grdch2.axi_rdch/grf.rf/gntv_or_sync_fifo.mem/gdm.dm_gen.dm/RAM_reg  | User Attribute | 16 x 134             | RAM32M16 x 10  | 
|top_i/hier_dpui_2/\hier_dpu_ghp/dpu_intc_M_AXI_HP1_FPD /\s00_couplers/auto_cc /inst/\gen_clock_conv.gen_async_conv.asyncfifo_axi                                                                                                                                                                              | inst_fifo_gen/gaxi_full_lite.gwrite_ch.gwach2.axi_wach/grf.rf/gntv_or_sync_fifo.mem/gdm.dm_gen.dm/RAM_reg | User Attribute | 16 x 72              | RAM32M16 x 6   | 
|top_i/hier_dpui_2/\hier_dpu_ghp/dpu_intc_M_AXI_HP1_FPD /\s00_couplers/auto_cc /inst/\gen_clock_conv.gen_async_conv.asyncfifo_axi                                                                                                                                                                              | inst_fifo_gen/gaxi_full_lite.gwrite_ch.gwdch2.axi_wdch/grf.rf/gntv_or_sync_fifo.mem/gdm.dm_gen.dm/RAM_reg | User Attribute | 16 x 146             | RAM32M16 x 11  | 
|top_i/hier_dpui_2/\hier_dpu_ghp/dpu_intc_M_AXI_HP1_FPD /\s00_couplers/auto_cc /inst/\gen_clock_conv.gen_async_conv.asyncfifo_axi                                                                                                                                                                              | inst_fifo_gen/gaxi_full_lite.gread_ch.grach2.axi_rach/grf.rf/gntv_or_sync_fifo.mem/gdm.dm_gen.dm/RAM_reg  | User Attribute | 16 x 72              | RAM32M16 x 6   | 
|top_i/hier_dpui_2/\hier_dpu_ghp/dpu_intc_M_AXI_HP1_FPD /\s00_couplers/auto_cc /inst/\gen_clock_conv.gen_async_conv.asyncfifo_axi                                                                                                                                                                              | inst_fifo_gen/gaxi_full_lite.gread_ch.grdch2.axi_rdch/grf.rf/gntv_or_sync_fifo.mem/gdm.dm_gen.dm/RAM_reg  | User Attribute | 16 x 134             | RAM32M16 x 10  | 
|top_i/hier_dpui_2/\hier_dpu_ghp/dpu_intc_M_AXI_LPD /\s00_couplers/auto_cc /inst/\gen_clock_conv.gen_async_conv.asyncfifo_axi                                                                                                                                                                                  | inst_fifo_gen/gaxi_full_lite.gwrite_ch.gwach2.axi_wach/grf.rf/gntv_or_sync_fifo.mem/gdm.dm_gen.dm/RAM_reg | User Attribute | 16 x 72              | RAM32M16 x 6   | 
|top_i/hier_dpui_2/\hier_dpu_ghp/dpu_intc_M_AXI_LPD /\s00_couplers/auto_cc /inst/\gen_clock_conv.gen_async_conv.asyncfifo_axi                                                                                                                                                                                  | inst_fifo_gen/gaxi_full_lite.gwrite_ch.gwdch2.axi_wdch/grf.rf/gntv_or_sync_fifo.mem/gdm.dm_gen.dm/RAM_reg | User Attribute | 16 x 38              | RAM32M16 x 3   | 
|top_i/hier_dpui_2/\hier_dpu_ghp/dpu_intc_M_AXI_LPD /\s00_couplers/auto_cc /inst/\gen_clock_conv.gen_async_conv.asyncfifo_axi                                                                                                                                                                                  | inst_fifo_gen/gaxi_full_lite.gread_ch.grach2.axi_rach/grf.rf/gntv_or_sync_fifo.mem/gdm.dm_gen.dm/RAM_reg  | User Attribute | 16 x 72              | RAM32M16 x 6   | 
|top_i/hier_dpui_2/\hier_dpu_ghp/dpu_intc_M_AXI_LPD /\s00_couplers/auto_cc /inst/\gen_clock_conv.gen_async_conv.asyncfifo_axi                                                                                                                                                                                  | inst_fifo_gen/gaxi_full_lite.gread_ch.grdch2.axi_rdch/grf.rf/gntv_or_sync_fifo.mem/gdm.dm_gen.dm/RAM_reg  | User Attribute | 16 x 38              | RAM32M16 x 3   | 
|axi_dma_0/U0/\I_PRMRY_DATAMOVER/GEN_S2MM_FULL.I_S2MM_FULL_WRAPPER/GEN_INCLUDE_REALIGNER.I_S2MM_REALIGNER/GEN_INCLUDE_SCATTER.I_S2MM_SCATTER/I_TSTRB_FIFO/USE_SYNC_FIFO.I_SYNC_FIFO/NON_BLK_MEM.I_SYNC_FIFOGEN_FIFO/xpm_fifo_instance.xpm_fifo_sync_inst /xpm_fifo_base_inst/\gen_sdpram.xpm_memory_base_inst  | gen_wr_a.gen_word_narrow.mem_reg                                                                          | Implied        | 16 x 23              | RAM32M16 x 2   | 
|axi_dma_0/U0/\I_PRMRY_DATAMOVER/GEN_S2MM_FULL.I_S2MM_FULL_WRAPPER/GEN_ENABLE_INDET_BTT_SF.I_INDET_BTT/I_XD_FIFO/NON_BLK_MEM.I_SYNC_FIFOGEN_FIFO/xpm_fifo_instance.xpm_fifo_sync_inst /xpm_fifo_base_inst/\gen_sdpram.xpm_memory_base_inst                                                                     | gen_wr_a.gen_word_narrow.mem_reg                                                                          | Implied        | 16 x 11              | RAM32M16 x 1   | 
+--------------------------------------------------------------------------------------------------------------------------------------------------------------------------------------------------------------------------------------------------------------------------------------------------------------+-----------------------------------------------------------------------------------------------------------+----------------+----------------------+----------------+

---------------------------------------------------------------------------------
Finished ROM, RAM, DSP, Shift Register and Retiming Reporting
---------------------------------------------------------------------------------
---------------------------------------------------------------------------------
Start Technology Mapping
---------------------------------------------------------------------------------
---------------------------------------------------------------------------------
Finished Technology Mapping : Time (s): cpu = 00:05:00 ; elapsed = 00:14:57 . Memory (MB): peak = 5707.887 ; gain = 3482.609 ; free physical = 258 ; free virtual = 1231
Synthesis current peak Physical Memory [PSS] (MB): peak = 13199.363; parent = 4579.944; children = 9012.506
Synthesis current peak Virtual Memory [VSS] (MB): peak = 21739.668; parent = 5703.973; children = 16035.699
---------------------------------------------------------------------------------
---------------------------------------------------------------------------------
Start IO Insertion
---------------------------------------------------------------------------------
---------------------------------------------------------------------------------
Start Flattening Before IO Insertion
---------------------------------------------------------------------------------
---------------------------------------------------------------------------------
Finished Flattening Before IO Insertion
---------------------------------------------------------------------------------
---------------------------------------------------------------------------------
Start Final Netlist Cleanup
---------------------------------------------------------------------------------
---------------------------------------------------------------------------------
Finished Final Netlist Cleanup
---------------------------------------------------------------------------------
WARNING: [Synth 8-3295] tying undriven pin I_AXI_DMA_REG_MODULE/strm_valid_int2_inferred:in0 to constant 0
WARNING: [Synth 8-3295] tying undriven pin I_AXI_DMA_REG_MODULE/strm_valid_int_cdc_to_inferred:in0 to constant 0
WARNING: [Synth 8-3295] tying undriven pin trace_ctl_pipe[0]_inferred:in0 to constant 0
WARNING: [Synth 8-3295] tying undriven pin trace_data_pipe[0]_inferred:in0[31] to constant 0
WARNING: [Synth 8-3295] tying undriven pin trace_data_pipe[0]_inferred:in0[30] to constant 0
WARNING: [Synth 8-3295] tying undriven pin trace_data_pipe[0]_inferred:in0[29] to constant 0
WARNING: [Synth 8-3295] tying undriven pin trace_data_pipe[0]_inferred:in0[28] to constant 0
WARNING: [Synth 8-3295] tying undriven pin trace_data_pipe[0]_inferred:in0[27] to constant 0
WARNING: [Synth 8-3295] tying undriven pin trace_data_pipe[0]_inferred:in0[26] to constant 0
WARNING: [Synth 8-3295] tying undriven pin trace_data_pipe[0]_inferred:in0[25] to constant 0
WARNING: [Synth 8-3295] tying undriven pin trace_data_pipe[0]_inferred:in0[24] to constant 0
WARNING: [Synth 8-3295] tying undriven pin trace_data_pipe[0]_inferred:in0[23] to constant 0
WARNING: [Synth 8-3295] tying undriven pin trace_data_pipe[0]_inferred:in0[22] to constant 0
WARNING: [Synth 8-3295] tying undriven pin trace_data_pipe[0]_inferred:in0[21] to constant 0
WARNING: [Synth 8-3295] tying undriven pin trace_data_pipe[0]_inferred:in0[20] to constant 0
WARNING: [Synth 8-3295] tying undriven pin trace_data_pipe[0]_inferred:in0[19] to constant 0
WARNING: [Synth 8-3295] tying undriven pin trace_data_pipe[0]_inferred:in0[18] to constant 0
WARNING: [Synth 8-3295] tying undriven pin trace_data_pipe[0]_inferred:in0[17] to constant 0
WARNING: [Synth 8-3295] tying undriven pin trace_data_pipe[0]_inferred:in0[16] to constant 0
WARNING: [Synth 8-3295] tying undriven pin trace_data_pipe[0]_inferred:in0[15] to constant 0
WARNING: [Synth 8-3295] tying undriven pin trace_data_pipe[0]_inferred:in0[14] to constant 0
WARNING: [Synth 8-3295] tying undriven pin trace_data_pipe[0]_inferred:in0[13] to constant 0
WARNING: [Synth 8-3295] tying undriven pin trace_data_pipe[0]_inferred:in0[12] to constant 0
WARNING: [Synth 8-3295] tying undriven pin trace_data_pipe[0]_inferred:in0[11] to constant 0
WARNING: [Synth 8-3295] tying undriven pin trace_data_pipe[0]_inferred:in0[10] to constant 0
WARNING: [Synth 8-3295] tying undriven pin trace_data_pipe[0]_inferred:in0[9] to constant 0
WARNING: [Synth 8-3295] tying undriven pin trace_data_pipe[0]_inferred:in0[8] to constant 0
WARNING: [Synth 8-3295] tying undriven pin trace_data_pipe[0]_inferred:in0[7] to constant 0
WARNING: [Synth 8-3295] tying undriven pin trace_data_pipe[0]_inferred:in0[6] to constant 0
WARNING: [Synth 8-3295] tying undriven pin trace_data_pipe[0]_inferred:in0[5] to constant 0
WARNING: [Synth 8-3295] tying undriven pin trace_data_pipe[0]_inferred:in0[4] to constant 0
WARNING: [Synth 8-3295] tying undriven pin trace_data_pipe[0]_inferred:in0[3] to constant 0
WARNING: [Synth 8-3295] tying undriven pin trace_data_pipe[0]_inferred:in0[2] to constant 0
WARNING: [Synth 8-3295] tying undriven pin trace_data_pipe[0]_inferred:in0[1] to constant 0
WARNING: [Synth 8-3295] tying undriven pin trace_data_pipe[0]_inferred:in0[0] to constant 0
WARNING: [Synth 8-3295] tying undriven pin trace_ctl_pipe[7]_inferred:in0 to constant 0
WARNING: [Synth 8-3295] tying undriven pin trace_ctl_pipe[6]_inferred:in0 to constant 0
WARNING: [Synth 8-3295] tying undriven pin trace_ctl_pipe[5]_inferred:in0 to constant 0
WARNING: [Synth 8-3295] tying undriven pin trace_ctl_pipe[4]_inferred:in0 to constant 0
WARNING: [Synth 8-3295] tying undriven pin trace_ctl_pipe[3]_inferred:in0 to constant 0
WARNING: [Synth 8-3295] tying undriven pin trace_ctl_pipe[2]_inferred:in0 to constant 0
WARNING: [Synth 8-3295] tying undriven pin trace_ctl_pipe[1]_inferred:in0 to constant 0
WARNING: [Synth 8-3295] tying undriven pin trace_data_pipe[7]_inferred:in0[31] to constant 0
WARNING: [Synth 8-3295] tying undriven pin trace_data_pipe[7]_inferred:in0[30] to constant 0
WARNING: [Synth 8-3295] tying undriven pin trace_data_pipe[7]_inferred:in0[29] to constant 0
WARNING: [Synth 8-3295] tying undriven pin trace_data_pipe[7]_inferred:in0[28] to constant 0
WARNING: [Synth 8-3295] tying undriven pin trace_data_pipe[7]_inferred:in0[27] to constant 0
WARNING: [Synth 8-3295] tying undriven pin trace_data_pipe[7]_inferred:in0[26] to constant 0
WARNING: [Synth 8-3295] tying undriven pin trace_data_pipe[7]_inferred:in0[25] to constant 0
WARNING: [Synth 8-3295] tying undriven pin trace_data_pipe[7]_inferred:in0[24] to constant 0
WARNING: [Synth 8-3295] tying undriven pin trace_data_pipe[7]_inferred:in0[23] to constant 0
WARNING: [Synth 8-3295] tying undriven pin trace_data_pipe[7]_inferred:in0[22] to constant 0
WARNING: [Synth 8-3295] tying undriven pin trace_data_pipe[7]_inferred:in0[21] to constant 0
WARNING: [Synth 8-3295] tying undriven pin trace_data_pipe[7]_inferred:in0[20] to constant 0
WARNING: [Synth 8-3295] tying undriven pin trace_data_pipe[7]_inferred:in0[19] to constant 0
WARNING: [Synth 8-3295] tying undriven pin trace_data_pipe[7]_inferred:in0[18] to constant 0
WARNING: [Synth 8-3295] tying undriven pin trace_data_pipe[7]_inferred:in0[17] to constant 0
WARNING: [Synth 8-3295] tying undriven pin trace_data_pipe[7]_inferred:in0[16] to constant 0
WARNING: [Synth 8-3295] tying undriven pin trace_data_pipe[7]_inferred:in0[15] to constant 0
WARNING: [Synth 8-3295] tying undriven pin trace_data_pipe[7]_inferred:in0[14] to constant 0
WARNING: [Synth 8-3295] tying undriven pin trace_data_pipe[7]_inferred:in0[13] to constant 0
WARNING: [Synth 8-3295] tying undriven pin trace_data_pipe[7]_inferred:in0[12] to constant 0
WARNING: [Synth 8-3295] tying undriven pin trace_data_pipe[7]_inferred:in0[11] to constant 0
WARNING: [Synth 8-3295] tying undriven pin trace_data_pipe[7]_inferred:in0[10] to constant 0
WARNING: [Synth 8-3295] tying undriven pin trace_data_pipe[7]_inferred:in0[9] to constant 0
WARNING: [Synth 8-3295] tying undriven pin trace_data_pipe[7]_inferred:in0[8] to constant 0
WARNING: [Synth 8-3295] tying undriven pin trace_data_pipe[7]_inferred:in0[7] to constant 0
WARNING: [Synth 8-3295] tying undriven pin trace_data_pipe[7]_inferred:in0[6] to constant 0
WARNING: [Synth 8-3295] tying undriven pin trace_data_pipe[7]_inferred:in0[5] to constant 0
WARNING: [Synth 8-3295] tying undriven pin trace_data_pipe[7]_inferred:in0[4] to constant 0
WARNING: [Synth 8-3295] tying undriven pin trace_data_pipe[7]_inferred:in0[3] to constant 0
WARNING: [Synth 8-3295] tying undriven pin trace_data_pipe[7]_inferred:in0[2] to constant 0
WARNING: [Synth 8-3295] tying undriven pin trace_data_pipe[7]_inferred:in0[1] to constant 0
WARNING: [Synth 8-3295] tying undriven pin trace_data_pipe[7]_inferred:in0[0] to constant 0
WARNING: [Synth 8-3295] tying undriven pin trace_data_pipe[6]_inferred:in0[31] to constant 0
WARNING: [Synth 8-3295] tying undriven pin trace_data_pipe[6]_inferred:in0[30] to constant 0
WARNING: [Synth 8-3295] tying undriven pin trace_data_pipe[6]_inferred:in0[29] to constant 0
WARNING: [Synth 8-3295] tying undriven pin trace_data_pipe[6]_inferred:in0[28] to constant 0
WARNING: [Synth 8-3295] tying undriven pin trace_data_pipe[6]_inferred:in0[27] to constant 0
WARNING: [Synth 8-3295] tying undriven pin trace_data_pipe[6]_inferred:in0[26] to constant 0
WARNING: [Synth 8-3295] tying undriven pin trace_data_pipe[6]_inferred:in0[25] to constant 0
WARNING: [Synth 8-3295] tying undriven pin trace_data_pipe[6]_inferred:in0[24] to constant 0
WARNING: [Synth 8-3295] tying undriven pin trace_data_pipe[6]_inferred:in0[23] to constant 0
WARNING: [Synth 8-3295] tying undriven pin trace_data_pipe[6]_inferred:in0[22] to constant 0
WARNING: [Synth 8-3295] tying undriven pin trace_data_pipe[6]_inferred:in0[21] to constant 0
WARNING: [Synth 8-3295] tying undriven pin trace_data_pipe[6]_inferred:in0[20] to constant 0
WARNING: [Synth 8-3295] tying undriven pin trace_data_pipe[6]_inferred:in0[19] to constant 0
WARNING: [Synth 8-3295] tying undriven pin trace_data_pipe[6]_inferred:in0[18] to constant 0
WARNING: [Synth 8-3295] tying undriven pin trace_data_pipe[6]_inferred:in0[17] to constant 0
WARNING: [Synth 8-3295] tying undriven pin trace_data_pipe[6]_inferred:in0[16] to constant 0
WARNING: [Synth 8-3295] tying undriven pin trace_data_pipe[6]_inferred:in0[15] to constant 0
WARNING: [Synth 8-3295] tying undriven pin trace_data_pipe[6]_inferred:in0[14] to constant 0
WARNING: [Synth 8-3295] tying undriven pin trace_data_pipe[6]_inferred:in0[13] to constant 0
WARNING: [Synth 8-3295] tying undriven pin trace_data_pipe[6]_inferred:in0[12] to constant 0
WARNING: [Synth 8-3295] tying undriven pin trace_data_pipe[6]_inferred:in0[11] to constant 0
WARNING: [Synth 8-3295] tying undriven pin trace_data_pipe[6]_inferred:in0[10] to constant 0
WARNING: [Synth 8-3295] tying undriven pin trace_data_pipe[6]_inferred:in0[9] to constant 0
WARNING: [Synth 8-3295] tying undriven pin trace_data_pipe[6]_inferred:in0[8] to constant 0
WARNING: [Synth 8-3295] tying undriven pin trace_data_pipe[6]_inferred:in0[7] to constant 0
WARNING: [Synth 8-3295] tying undriven pin trace_data_pipe[6]_inferred:in0[6] to constant 0
INFO: [Common 17-14] Message 'Synth 8-3295' appears 100 times and further instances of the messages will be disabled. Use the Tcl command set_msg_config to change the current settings.
CRITICAL WARNING: [Synth 8-4442] BlackBox module \u_wrapper_dma_test/udata_ram  has unconnected pin a[5]
CRITICAL WARNING: [Synth 8-4442] BlackBox module \u_wrapper_dma_test/udata_ram  has unconnected pin a[4]
CRITICAL WARNING: [Synth 8-4442] BlackBox module \u_wrapper_dma_test/udata_ram  has unconnected pin a[3]
CRITICAL WARNING: [Synth 8-4442] BlackBox module \u_wrapper_dma_test/udata_ram  has unconnected pin a[2]
CRITICAL WARNING: [Synth 8-4442] BlackBox module \u_wrapper_dma_test/udata_ram  has unconnected pin a[1]
CRITICAL WARNING: [Synth 8-4442] BlackBox module \u_wrapper_dma_test/udata_ram  has unconnected pin a[0]
WARNING: [Synth 8-5396] Clock pin C has keep related attribute (keep/mark_debug/dont_touch) which could create extra logic on its net [/tools/Xilinx/Vivado/2022.2/data/ip/xpm/xpm_cdc/hdl/xpm_cdc.sv:1242]
WARNING: [Synth 8-5396] Clock pin C has keep related attribute (keep/mark_debug/dont_touch) which could create extra logic on its net [/tools/Xilinx/Vivado/2022.2/data/ip/xpm/xpm_cdc/hdl/xpm_cdc.sv:1242]
WARNING: [Synth 8-5396] Clock pin C has keep related attribute (keep/mark_debug/dont_touch) which could create extra logic on its net [/tools/Xilinx/Vivado/2022.2/data/ip/xpm/xpm_cdc/hdl/xpm_cdc.sv:221]
WARNING: [Synth 8-5396] Clock pin C has keep related attribute (keep/mark_debug/dont_touch) which could create extra logic on its net [/tools/Xilinx/Vivado/2022.2/data/ip/xpm/xpm_cdc/hdl/xpm_cdc.sv:221]
WARNING: [Synth 8-5396] Clock pin C has keep related attribute (keep/mark_debug/dont_touch) which could create extra logic on its net [/tools/Xilinx/Vivado/2022.2/data/ip/xpm/xpm_cdc/hdl/xpm_cdc.sv:221]
WARNING: [Synth 8-5396] Clock pin C has keep related attribute (keep/mark_debug/dont_touch) which could create extra logic on its net [/tools/Xilinx/Vivado/2022.2/data/ip/xpm/xpm_cdc/hdl/xpm_cdc.sv:221]
WARNING: [Synth 8-5396] Clock pin C has keep related attribute (keep/mark_debug/dont_touch) which could create extra logic on its net [/tools/Xilinx/Vivado/2022.2/data/ip/xpm/xpm_cdc/hdl/xpm_cdc.sv:221]
WARNING: [Synth 8-5396] Clock pin C has keep related attribute (keep/mark_debug/dont_touch) which could create extra logic on its net [/tools/Xilinx/Vivado/2022.2/data/ip/xpm/xpm_cdc/hdl/xpm_cdc.sv:385]
WARNING: [Synth 8-5396] Clock pin C has keep related attribute (keep/mark_debug/dont_touch) which could create extra logic on its net [/tools/Xilinx/Vivado/2022.2/data/ip/xpm/xpm_cdc/hdl/xpm_cdc.sv:385]
WARNING: [Synth 8-5396] Clock pin C has keep related attribute (keep/mark_debug/dont_touch) which could create extra logic on its net [/tools/Xilinx/Vivado/2022.2/data/ip/xpm/xpm_cdc/hdl/xpm_cdc.sv:385]
WARNING: [Synth 8-5396] Clock pin C has keep related attribute (keep/mark_debug/dont_touch) which could create extra logic on its net [/tools/Xilinx/Vivado/2022.2/data/ip/xpm/xpm_cdc/hdl/xpm_cdc.sv:385]
WARNING: [Synth 8-5396] Clock pin C has keep related attribute (keep/mark_debug/dont_touch) which could create extra logic on its net [/tools/Xilinx/Vivado/2022.2/data/ip/xpm/xpm_cdc/hdl/xpm_cdc.sv:379]
WARNING: [Synth 8-5396] Clock pin C has keep related attribute (keep/mark_debug/dont_touch) which could create extra logic on its net [/tools/Xilinx/Vivado/2022.2/data/ip/xpm/xpm_cdc/hdl/xpm_cdc.sv:379]
WARNING: [Synth 8-5396] Clock pin C has keep related attribute (keep/mark_debug/dont_touch) which could create extra logic on its net [/tools/Xilinx/Vivado/2022.2/data/ip/xpm/xpm_cdc/hdl/xpm_cdc.sv:379]
WARNING: [Synth 8-5396] Clock pin C has keep related attribute (keep/mark_debug/dont_touch) which could create extra logic on its net [/tools/Xilinx/Vivado/2022.2/data/ip/xpm/xpm_cdc/hdl/xpm_cdc.sv:379]
WARNING: [Synth 8-5396] Clock pin C has keep related attribute (keep/mark_debug/dont_touch) which could create extra logic on its net [/tools/Xilinx/Vivado/2022.2/data/ip/xpm/xpm_cdc/hdl/xpm_cdc.sv:379]
WARNING: [Synth 8-5396] Clock pin C has keep related attribute (keep/mark_debug/dont_touch) which could create extra logic on its net [/tools/Xilinx/Vivado/2022.2/data/ip/xpm/xpm_cdc/hdl/xpm_cdc.sv:379]
WARNING: [Synth 8-5396] Clock pin C has keep related attribute (keep/mark_debug/dont_touch) which could create extra logic on its net [/tools/Xilinx/Vivado/2022.2/data/ip/xpm/xpm_cdc/hdl/xpm_cdc.sv:379]
WARNING: [Synth 8-5396] Clock pin C has keep related attribute (keep/mark_debug/dont_touch) which could create extra logic on its net [/tools/Xilinx/Vivado/2022.2/data/ip/xpm/xpm_cdc/hdl/xpm_cdc.sv:379]
WARNING: [Synth 8-5396] Clock pin C has keep related attribute (keep/mark_debug/dont_touch) which could create extra logic on its net [/tools/Xilinx/Vivado/2022.2/data/ip/xpm/xpm_cdc/hdl/xpm_cdc.sv:379]
WARNING: [Synth 8-5396] Clock pin C has keep related attribute (keep/mark_debug/dont_touch) which could create extra logic on its net [/tools/Xilinx/Vivado/2022.2/data/ip/xpm/xpm_cdc/hdl/xpm_cdc.sv:379]
WARNING: [Synth 8-5396] Clock pin C has keep related attribute (keep/mark_debug/dont_touch) which could create extra logic on its net [/tools/Xilinx/Vivado/2022.2/data/ip/xpm/xpm_cdc/hdl/xpm_cdc.sv:379]
WARNING: [Synth 8-5396] Clock pin C has keep related attribute (keep/mark_debug/dont_touch) which could create extra logic on its net [/tools/Xilinx/Vivado/2022.2/data/ip/xpm/xpm_cdc/hdl/xpm_cdc.sv:379]
WARNING: [Synth 8-5396] Clock pin C has keep related attribute (keep/mark_debug/dont_touch) which could create extra logic on its net [/tools/Xilinx/Vivado/2022.2/data/ip/xpm/xpm_cdc/hdl/xpm_cdc.sv:399]
WARNING: [Synth 8-5396] Clock pin C has keep related attribute (keep/mark_debug/dont_touch) which could create extra logic on its net [/tools/Xilinx/Vivado/2022.2/data/ip/xpm/xpm_cdc/hdl/xpm_cdc.sv:399]
WARNING: [Synth 8-5396] Clock pin C has keep related attribute (keep/mark_debug/dont_touch) which could create extra logic on its net [/tools/Xilinx/Vivado/2022.2/data/ip/xpm/xpm_cdc/hdl/xpm_cdc.sv:399]
WARNING: [Synth 8-5396] Clock pin C has keep related attribute (keep/mark_debug/dont_touch) which could create extra logic on its net [/tools/Xilinx/Vivado/2022.2/data/ip/xpm/xpm_cdc/hdl/xpm_cdc.sv:399]
WARNING: [Synth 8-5396] Clock pin C has keep related attribute (keep/mark_debug/dont_touch) which could create extra logic on its net [/tools/Xilinx/Vivado/2022.2/data/ip/xpm/xpm_cdc/hdl/xpm_cdc.sv:1242]
WARNING: [Synth 8-5396] Clock pin C has keep related attribute (keep/mark_debug/dont_touch) which could create extra logic on its net [/tools/Xilinx/Vivado/2022.2/data/ip/xpm/xpm_cdc/hdl/xpm_cdc.sv:1242]
WARNING: [Synth 8-5396] Clock pin C has keep related attribute (keep/mark_debug/dont_touch) which could create extra logic on its net [/tools/Xilinx/Vivado/2022.2/data/ip/xpm/xpm_cdc/hdl/xpm_cdc.sv:221]
WARNING: [Synth 8-5396] Clock pin C has keep related attribute (keep/mark_debug/dont_touch) which could create extra logic on its net [/tools/Xilinx/Vivado/2022.2/data/ip/xpm/xpm_cdc/hdl/xpm_cdc.sv:221]
WARNING: [Synth 8-5396] Clock pin C has keep related attribute (keep/mark_debug/dont_touch) which could create extra logic on its net [/tools/Xilinx/Vivado/2022.2/data/ip/xpm/xpm_cdc/hdl/xpm_cdc.sv:221]
WARNING: [Synth 8-5396] Clock pin C has keep related attribute (keep/mark_debug/dont_touch) which could create extra logic on its net [/tools/Xilinx/Vivado/2022.2/data/ip/xpm/xpm_cdc/hdl/xpm_cdc.sv:221]
WARNING: [Synth 8-5396] Clock pin C has keep related attribute (keep/mark_debug/dont_touch) which could create extra logic on its net [/tools/Xilinx/Vivado/2022.2/data/ip/xpm/xpm_cdc/hdl/xpm_cdc.sv:221]
WARNING: [Synth 8-5396] Clock pin C has keep related attribute (keep/mark_debug/dont_touch) which could create extra logic on its net [/tools/Xilinx/Vivado/2022.2/data/ip/xpm/xpm_cdc/hdl/xpm_cdc.sv:385]
WARNING: [Synth 8-5396] Clock pin C has keep related attribute (keep/mark_debug/dont_touch) which could create extra logic on its net [/tools/Xilinx/Vivado/2022.2/data/ip/xpm/xpm_cdc/hdl/xpm_cdc.sv:385]
WARNING: [Synth 8-5396] Clock pin C has keep related attribute (keep/mark_debug/dont_touch) which could create extra logic on its net [/tools/Xilinx/Vivado/2022.2/data/ip/xpm/xpm_cdc/hdl/xpm_cdc.sv:385]
WARNING: [Synth 8-5396] Clock pin C has keep related attribute (keep/mark_debug/dont_touch) which could create extra logic on its net [/tools/Xilinx/Vivado/2022.2/data/ip/xpm/xpm_cdc/hdl/xpm_cdc.sv:385]
WARNING: [Synth 8-5396] Clock pin C has keep related attribute (keep/mark_debug/dont_touch) which could create extra logic on its net [/tools/Xilinx/Vivado/2022.2/data/ip/xpm/xpm_cdc/hdl/xpm_cdc.sv:379]
WARNING: [Synth 8-5396] Clock pin C has keep related attribute (keep/mark_debug/dont_touch) which could create extra logic on its net [/tools/Xilinx/Vivado/2022.2/data/ip/xpm/xpm_cdc/hdl/xpm_cdc.sv:379]
WARNING: [Synth 8-5396] Clock pin C has keep related attribute (keep/mark_debug/dont_touch) which could create extra logic on its net [/tools/Xilinx/Vivado/2022.2/data/ip/xpm/xpm_cdc/hdl/xpm_cdc.sv:379]
WARNING: [Synth 8-5396] Clock pin C has keep related attribute (keep/mark_debug/dont_touch) which could create extra logic on its net [/tools/Xilinx/Vivado/2022.2/data/ip/xpm/xpm_cdc/hdl/xpm_cdc.sv:379]
WARNING: [Synth 8-5396] Clock pin C has keep related attribute (keep/mark_debug/dont_touch) which could create extra logic on its net [/tools/Xilinx/Vivado/2022.2/data/ip/xpm/xpm_cdc/hdl/xpm_cdc.sv:379]
WARNING: [Synth 8-5396] Clock pin C has keep related attribute (keep/mark_debug/dont_touch) which could create extra logic on its net [/tools/Xilinx/Vivado/2022.2/data/ip/xpm/xpm_cdc/hdl/xpm_cdc.sv:379]
WARNING: [Synth 8-5396] Clock pin C has keep related attribute (keep/mark_debug/dont_touch) which could create extra logic on its net [/tools/Xilinx/Vivado/2022.2/data/ip/xpm/xpm_cdc/hdl/xpm_cdc.sv:379]
WARNING: [Synth 8-5396] Clock pin C has keep related attribute (keep/mark_debug/dont_touch) which could create extra logic on its net [/tools/Xilinx/Vivado/2022.2/data/ip/xpm/xpm_cdc/hdl/xpm_cdc.sv:379]
WARNING: [Synth 8-5396] Clock pin C has keep related attribute (keep/mark_debug/dont_touch) which could create extra logic on its net [/tools/Xilinx/Vivado/2022.2/data/ip/xpm/xpm_cdc/hdl/xpm_cdc.sv:379]
WARNING: [Synth 8-5396] Clock pin C has keep related attribute (keep/mark_debug/dont_touch) which could create extra logic on its net [/tools/Xilinx/Vivado/2022.2/data/ip/xpm/xpm_cdc/hdl/xpm_cdc.sv:379]
WARNING: [Synth 8-5396] Clock pin C has keep related attribute (keep/mark_debug/dont_touch) which could create extra logic on its net [/tools/Xilinx/Vivado/2022.2/data/ip/xpm/xpm_cdc/hdl/xpm_cdc.sv:379]
WARNING: [Synth 8-5396] Clock pin C has keep related attribute (keep/mark_debug/dont_touch) which could create extra logic on its net [/tools/Xilinx/Vivado/2022.2/data/ip/xpm/xpm_cdc/hdl/xpm_cdc.sv:379]
WARNING: [Synth 8-5396] Clock pin C has keep related attribute (keep/mark_debug/dont_touch) which could create extra logic on its net [/tools/Xilinx/Vivado/2022.2/data/ip/xpm/xpm_cdc/hdl/xpm_cdc.sv:399]
WARNING: [Synth 8-5396] Clock pin C has keep related attribute (keep/mark_debug/dont_touch) which could create extra logic on its net [/tools/Xilinx/Vivado/2022.2/data/ip/xpm/xpm_cdc/hdl/xpm_cdc.sv:399]
WARNING: [Synth 8-5396] Clock pin C has keep related attribute (keep/mark_debug/dont_touch) which could create extra logic on its net [/tools/Xilinx/Vivado/2022.2/data/ip/xpm/xpm_cdc/hdl/xpm_cdc.sv:399]
WARNING: [Synth 8-5396] Clock pin C has keep related attribute (keep/mark_debug/dont_touch) which could create extra logic on its net [/tools/Xilinx/Vivado/2022.2/data/ip/xpm/xpm_cdc/hdl/xpm_cdc.sv:399]
WARNING: [Synth 8-5396] Clock pin C has keep related attribute (keep/mark_debug/dont_touch) which could create extra logic on its net [/tools/Xilinx/Vivado/2022.2/data/ip/xpm/xpm_cdc/hdl/xpm_cdc.sv:1242]
WARNING: [Synth 8-5396] Clock pin C has keep related attribute (keep/mark_debug/dont_touch) which could create extra logic on its net [/tools/Xilinx/Vivado/2022.2/data/ip/xpm/xpm_cdc/hdl/xpm_cdc.sv:1242]
WARNING: [Synth 8-5396] Clock pin C has keep related attribute (keep/mark_debug/dont_touch) which could create extra logic on its net [/tools/Xilinx/Vivado/2022.2/data/ip/xpm/xpm_cdc/hdl/xpm_cdc.sv:221]
WARNING: [Synth 8-5396] Clock pin C has keep related attribute (keep/mark_debug/dont_touch) which could create extra logic on its net [/tools/Xilinx/Vivado/2022.2/data/ip/xpm/xpm_cdc/hdl/xpm_cdc.sv:221]
WARNING: [Synth 8-5396] Clock pin C has keep related attribute (keep/mark_debug/dont_touch) which could create extra logic on its net [/tools/Xilinx/Vivado/2022.2/data/ip/xpm/xpm_cdc/hdl/xpm_cdc.sv:221]
WARNING: [Synth 8-5396] Clock pin C has keep related attribute (keep/mark_debug/dont_touch) which could create extra logic on its net [/tools/Xilinx/Vivado/2022.2/data/ip/xpm/xpm_cdc/hdl/xpm_cdc.sv:221]
WARNING: [Synth 8-5396] Clock pin C has keep related attribute (keep/mark_debug/dont_touch) which could create extra logic on its net [/tools/Xilinx/Vivado/2022.2/data/ip/xpm/xpm_cdc/hdl/xpm_cdc.sv:221]
WARNING: [Synth 8-5396] Clock pin C has keep related attribute (keep/mark_debug/dont_touch) which could create extra logic on its net [/tools/Xilinx/Vivado/2022.2/data/ip/xpm/xpm_cdc/hdl/xpm_cdc.sv:379]
WARNING: [Synth 8-5396] Clock pin C has keep related attribute (keep/mark_debug/dont_touch) which could create extra logic on its net [/tools/Xilinx/Vivado/2022.2/data/ip/xpm/xpm_cdc/hdl/xpm_cdc.sv:379]
WARNING: [Synth 8-5396] Clock pin C has keep related attribute (keep/mark_debug/dont_touch) which could create extra logic on its net [/tools/Xilinx/Vivado/2022.2/data/ip/xpm/xpm_cdc/hdl/xpm_cdc.sv:379]
WARNING: [Synth 8-5396] Clock pin C has keep related attribute (keep/mark_debug/dont_touch) which could create extra logic on its net [/tools/Xilinx/Vivado/2022.2/data/ip/xpm/xpm_cdc/hdl/xpm_cdc.sv:379]
WARNING: [Synth 8-5396] Clock pin C has keep related attribute (keep/mark_debug/dont_touch) which could create extra logic on its net [/tools/Xilinx/Vivado/2022.2/data/ip/xpm/xpm_cdc/hdl/xpm_cdc.sv:379]
WARNING: [Synth 8-5396] Clock pin C has keep related attribute (keep/mark_debug/dont_touch) which could create extra logic on its net [/tools/Xilinx/Vivado/2022.2/data/ip/xpm/xpm_cdc/hdl/xpm_cdc.sv:379]
WARNING: [Synth 8-5396] Clock pin C has keep related attribute (keep/mark_debug/dont_touch) which could create extra logic on its net [/tools/Xilinx/Vivado/2022.2/data/ip/xpm/xpm_cdc/hdl/xpm_cdc.sv:379]
WARNING: [Synth 8-5396] Clock pin C has keep related attribute (keep/mark_debug/dont_touch) which could create extra logic on its net [/tools/Xilinx/Vivado/2022.2/data/ip/xpm/xpm_cdc/hdl/xpm_cdc.sv:379]
WARNING: [Synth 8-5396] Clock pin C has keep related attribute (keep/mark_debug/dont_touch) which could create extra logic on its net [/tools/Xilinx/Vivado/2022.2/data/ip/xpm/xpm_cdc/hdl/xpm_cdc.sv:379]
WARNING: [Synth 8-5396] Clock pin C has keep related attribute (keep/mark_debug/dont_touch) which could create extra logic on its net [/tools/Xilinx/Vivado/2022.2/data/ip/xpm/xpm_cdc/hdl/xpm_cdc.sv:379]
WARNING: [Synth 8-5396] Clock pin C has keep related attribute (keep/mark_debug/dont_touch) which could create extra logic on its net [/tools/Xilinx/Vivado/2022.2/data/ip/xpm/xpm_cdc/hdl/xpm_cdc.sv:379]
WARNING: [Synth 8-5396] Clock pin C has keep related attribute (keep/mark_debug/dont_touch) which could create extra logic on its net [/tools/Xilinx/Vivado/2022.2/data/ip/xpm/xpm_cdc/hdl/xpm_cdc.sv:379]
WARNING: [Synth 8-5396] Clock pin C has keep related attribute (keep/mark_debug/dont_touch) which could create extra logic on its net [/tools/Xilinx/Vivado/2022.2/data/ip/xpm/xpm_cdc/hdl/xpm_cdc.sv:399]
WARNING: [Synth 8-5396] Clock pin C has keep related attribute (keep/mark_debug/dont_touch) which could create extra logic on its net [/tools/Xilinx/Vivado/2022.2/data/ip/xpm/xpm_cdc/hdl/xpm_cdc.sv:399]
WARNING: [Synth 8-5396] Clock pin C has keep related attribute (keep/mark_debug/dont_touch) which could create extra logic on its net [/tools/Xilinx/Vivado/2022.2/data/ip/xpm/xpm_cdc/hdl/xpm_cdc.sv:399]
WARNING: [Synth 8-5396] Clock pin C has keep related attribute (keep/mark_debug/dont_touch) which could create extra logic on its net [/tools/Xilinx/Vivado/2022.2/data/ip/xpm/xpm_cdc/hdl/xpm_cdc.sv:399]
WARNING: [Synth 8-5396] Clock pin C has keep related attribute (keep/mark_debug/dont_touch) which could create extra logic on its net [/tools/Xilinx/Vivado/2022.2/data/ip/xpm/xpm_cdc/hdl/xpm_cdc.sv:385]
WARNING: [Synth 8-5396] Clock pin C has keep related attribute (keep/mark_debug/dont_touch) which could create extra logic on its net [/tools/Xilinx/Vivado/2022.2/data/ip/xpm/xpm_cdc/hdl/xpm_cdc.sv:385]
WARNING: [Synth 8-5396] Clock pin C has keep related attribute (keep/mark_debug/dont_touch) which could create extra logic on its net [/tools/Xilinx/Vivado/2022.2/data/ip/xpm/xpm_cdc/hdl/xpm_cdc.sv:385]
WARNING: [Synth 8-5396] Clock pin C has keep related attribute (keep/mark_debug/dont_touch) which could create extra logic on its net [/tools/Xilinx/Vivado/2022.2/data/ip/xpm/xpm_cdc/hdl/xpm_cdc.sv:385]
WARNING: [Synth 8-5396] Clock pin C has keep related attribute (keep/mark_debug/dont_touch) which could create extra logic on its net [/tools/Xilinx/Vivado/2022.2/data/ip/xpm/xpm_cdc/hdl/xpm_cdc.sv:227]
WARNING: [Synth 8-5396] Clock pin C has keep related attribute (keep/mark_debug/dont_touch) which could create extra logic on its net [/tools/Xilinx/Vivado/2022.2/data/ip/xpm/xpm_cdc/hdl/xpm_cdc.sv:227]
WARNING: [Synth 8-5396] Clock pin C has keep related attribute (keep/mark_debug/dont_touch) which could create extra logic on its net [/tools/Xilinx/Vivado/2022.2/data/ip/xpm/xpm_cdc/hdl/xpm_cdc.sv:227]
WARNING: [Synth 8-5396] Clock pin C has keep related attribute (keep/mark_debug/dont_touch) which could create extra logic on its net [/tools/Xilinx/Vivado/2022.2/data/ip/xpm/xpm_cdc/hdl/xpm_cdc.sv:385]
WARNING: [Synth 8-5396] Clock pin C has keep related attribute (keep/mark_debug/dont_touch) which could create extra logic on its net [/tools/Xilinx/Vivado/2022.2/data/ip/xpm/xpm_cdc/hdl/xpm_cdc.sv:385]
WARNING: [Synth 8-5396] Clock pin C has keep related attribute (keep/mark_debug/dont_touch) which could create extra logic on its net [/tools/Xilinx/Vivado/2022.2/data/ip/xpm/xpm_cdc/hdl/xpm_cdc.sv:385]
WARNING: [Synth 8-5396] Clock pin C has keep related attribute (keep/mark_debug/dont_touch) which could create extra logic on its net [/tools/Xilinx/Vivado/2022.2/data/ip/xpm/xpm_cdc/hdl/xpm_cdc.sv:385]
WARNING: [Synth 8-5396] Clock pin C has keep related attribute (keep/mark_debug/dont_touch) which could create extra logic on its net [/tools/Xilinx/Vivado/2022.2/data/ip/xpm/xpm_cdc/hdl/xpm_cdc.sv:379]
WARNING: [Synth 8-5396] Clock pin C has keep related attribute (keep/mark_debug/dont_touch) which could create extra logic on its net [/tools/Xilinx/Vivado/2022.2/data/ip/xpm/xpm_cdc/hdl/xpm_cdc.sv:379]
WARNING: [Synth 8-5396] Clock pin C has keep related attribute (keep/mark_debug/dont_touch) which could create extra logic on its net [/tools/Xilinx/Vivado/2022.2/data/ip/xpm/xpm_cdc/hdl/xpm_cdc.sv:379]
WARNING: [Synth 8-5396] Clock pin C has keep related attribute (keep/mark_debug/dont_touch) which could create extra logic on its net [/tools/Xilinx/Vivado/2022.2/data/ip/xpm/xpm_cdc/hdl/xpm_cdc.sv:379]
WARNING: [Synth 8-5396] Clock pin C has keep related attribute (keep/mark_debug/dont_touch) which could create extra logic on its net [/tools/Xilinx/Vivado/2022.2/data/ip/xpm/xpm_cdc/hdl/xpm_cdc.sv:379]
WARNING: [Synth 8-5396] Clock pin C has keep related attribute (keep/mark_debug/dont_touch) which could create extra logic on its net [/tools/Xilinx/Vivado/2022.2/data/ip/xpm/xpm_cdc/hdl/xpm_cdc.sv:379]
WARNING: [Synth 8-5396] Clock pin C has keep related attribute (keep/mark_debug/dont_touch) which could create extra logic on its net [/tools/Xilinx/Vivado/2022.2/data/ip/xpm/xpm_cdc/hdl/xpm_cdc.sv:379]
WARNING: [Synth 8-5396] Clock pin C has keep related attribute (keep/mark_debug/dont_touch) which could create extra logic on its net [/tools/Xilinx/Vivado/2022.2/data/ip/xpm/xpm_cdc/hdl/xpm_cdc.sv:379]
WARNING: [Synth 8-5396] Clock pin C has keep related attribute (keep/mark_debug/dont_touch) which could create extra logic on its net [/tools/Xilinx/Vivado/2022.2/data/ip/xpm/xpm_cdc/hdl/xpm_cdc.sv:379]
WARNING: [Synth 8-5396] Clock pin C has keep related attribute (keep/mark_debug/dont_touch) which could create extra logic on its net [/tools/Xilinx/Vivado/2022.2/data/ip/xpm/xpm_cdc/hdl/xpm_cdc.sv:379]
WARNING: [Synth 8-5396] Clock pin C has keep related attribute (keep/mark_debug/dont_touch) which could create extra logic on its net [/tools/Xilinx/Vivado/2022.2/data/ip/xpm/xpm_cdc/hdl/xpm_cdc.sv:379]
WARNING: [Synth 8-5396] Clock pin C has keep related attribute (keep/mark_debug/dont_touch) which could create extra logic on its net [/tools/Xilinx/Vivado/2022.2/data/ip/xpm/xpm_cdc/hdl/xpm_cdc.sv:379]
INFO: [Common 17-14] Message 'Synth 8-5396' appears 100 times and further instances of the messages will be disabled. Use the Tcl command set_msg_config to change the current settings.
---------------------------------------------------------------------------------
Finished IO Insertion : Time (s): cpu = 00:05:25 ; elapsed = 00:15:23 . Memory (MB): peak = 5875.457 ; gain = 3650.180 ; free physical = 270 ; free virtual = 1234
Synthesis current peak Physical Memory [PSS] (MB): peak = 13299.445; parent = 4579.944; children = 9012.506
Synthesis current peak Virtual Memory [VSS] (MB): peak = 21911.160; parent = 5875.461; children = 16035.699
---------------------------------------------------------------------------------
---------------------------------------------------------------------------------
Start Renaming Generated Instances
---------------------------------------------------------------------------------
---------------------------------------------------------------------------------
Finished Renaming Generated Instances : Time (s): cpu = 00:05:26 ; elapsed = 00:15:24 . Memory (MB): peak = 5875.457 ; gain = 3650.180 ; free physical = 270 ; free virtual = 1234
Synthesis current peak Physical Memory [PSS] (MB): peak = 13299.445; parent = 4579.944; children = 9012.506
Synthesis current peak Virtual Memory [VSS] (MB): peak = 21911.160; parent = 5875.461; children = 16035.699
---------------------------------------------------------------------------------
---------------------------------------------------------------------------------
Start Rebuilding User Hierarchy
---------------------------------------------------------------------------------
---------------------------------------------------------------------------------
Finished Rebuilding User Hierarchy : Time (s): cpu = 00:06:22 ; elapsed = 00:16:22 . Memory (MB): peak = 5929.723 ; gain = 3704.445 ; free physical = 149 ; free virtual = 817
Synthesis current peak Physical Memory [PSS] (MB): peak = 13482.664; parent = 4788.994; children = 9012.506
Synthesis current peak Virtual Memory [VSS] (MB): peak = 21965.426; parent = 5929.727; children = 16035.699
---------------------------------------------------------------------------------
---------------------------------------------------------------------------------
Start Renaming Generated Ports
---------------------------------------------------------------------------------
---------------------------------------------------------------------------------
Finished Renaming Generated Ports : Time (s): cpu = 00:06:23 ; elapsed = 00:16:24 . Memory (MB): peak = 5929.723 ; gain = 3704.445 ; free physical = 149 ; free virtual = 817
Synthesis current peak Physical Memory [PSS] (MB): peak = 13482.665; parent = 4788.997; children = 9012.506
Synthesis current peak Virtual Memory [VSS] (MB): peak = 21965.426; parent = 5929.727; children = 16035.699
---------------------------------------------------------------------------------
---------------------------------------------------------------------------------
Start Handling Custom Attributes
---------------------------------------------------------------------------------
---------------------------------------------------------------------------------
Finished Handling Custom Attributes : Time (s): cpu = 00:06:27 ; elapsed = 00:16:28 . Memory (MB): peak = 5929.723 ; gain = 3704.445 ; free physical = 151 ; free virtual = 819
Synthesis current peak Physical Memory [PSS] (MB): peak = 13485.106; parent = 4791.438; children = 9012.506
Synthesis current peak Virtual Memory [VSS] (MB): peak = 21965.426; parent = 5929.727; children = 16035.699
---------------------------------------------------------------------------------
---------------------------------------------------------------------------------
Start Renaming Generated Nets
---------------------------------------------------------------------------------
---------------------------------------------------------------------------------
Finished Renaming Generated Nets : Time (s): cpu = 00:06:28 ; elapsed = 00:16:29 . Memory (MB): peak = 5929.723 ; gain = 3704.445 ; free physical = 151 ; free virtual = 819
Synthesis current peak Physical Memory [PSS] (MB): peak = 13485.591; parent = 4791.923; children = 9012.506
Synthesis current peak Virtual Memory [VSS] (MB): peak = 21965.426; parent = 5929.727; children = 16035.699
---------------------------------------------------------------------------------
---------------------------------------------------------------------------------
Start ROM, RAM, DSP, Shift Register and Retiming Reporting
---------------------------------------------------------------------------------

Static Shift Register Report:
+-----------------+-------------------------------------------------------------------------------------------------------------------------------------+--------+-------+--------------+--------------------+-------------------+--------+---------+
|Module Name      | RTL Name                                                                                                                            | Length | Width | Reset Signal | Pull out first Reg | Pull out last Reg | SRL16E | SRLC32E | 
+-----------------+-------------------------------------------------------------------------------------------------------------------------------------+--------+-------+--------------+--------------------+-------------------+--------+---------+
|DPUCZDX8G_v4_1_0 | GenDpu0.u_dpu0/m_dpu_top/m_buf_top/u_img_bkwr/GenPtGrp[0].u_routing/GenBgAddr[0].GenBgDinNN.GenBgDin[0].bgbk_data_reg[0][127]       | 3      | 96    | NO           | NO                 | YES               | 96     | 0       | 
|DPUCZDX8G_v4_1_0 | GenDpu0.u_dpu0/m_dpu_top/m_buf_top/u_img_bkwr/GenPtGrp[0].u_routing/GenBgAddr[0].GenBgDinNN.GenBgDin[0].bgbk_data_reg[0][111]       | 4      | 32    | NO           | NO                 | YES               | 32     | 0       | 
|DPUCZDX8G_v4_1_0 | GenDpu0.u_dpu0/m_dpu_top/m_buf_top/u_wgt_bkwr/GenPtGrp[0].u_routing/GenBgAddr[0].GenBgDinNN.GenBgDin[0].bgbk_addr_reg[0][10]        | 3      | 11    | NO           | NO                 | YES               | 11     | 0       | 
|DPUCZDX8G_v4_1_0 | GenDpu0.u_dpu0/m_dpu_top/m_buf_top/u_bias_bkrd/GenPtGrp[0].u_routing/u_dly_rvalid/BIT[2].DX.d_r_reg[2][0]                           | 3      | 2     | NO           | NO                 | YES               | 2      | 0       | 
|DPUCZDX8G_v4_1_0 | GenDpu0.u_dpu0/m_dpu_top/m_buf_top/u_img_bkrd/GenPtGrp[0].u_routing/GenBgDlyNN.u_dly_bg/BIT[4].DX.d_r_reg[4][0]                     | 5      | 4     | NO           | NO                 | YES               | 4      | 0       | 
|DPUCZDX8G_v4_1_0 | GenDpu0.u_dpu0/m_dpu_top/m_buf_top/u_img_bkrd/GenPtGrp[0].u_routing/GenBgbkDlyNN.GenBgbkDly[0].u_dly_bgbk/BIT[5].DX.d_r_reg[5][2]   | 6      | 46    | NO           | NO                 | YES               | 46     | 0       | 
|DPUCZDX8G_v4_1_0 | GenDpu0.u_dpu0/m_dpu_top/m_save_top/u_save_data_and_cmd/save_hp2_hp0[0].u_savedata/u_save_data_split/dly_ena_reg[3]                 | 4      | 4     | NO           | NO                 | YES               | 4      | 0       | 
|DPUCZDX8G_v4_1_0 | GenDpu0.u_dpu0/m_dpu_top/m_save_top/u_save_data_and_cmd/save_hp2_hp0[0].u_savedata/argmax_switch_u0/u_save_argmax/tvalid_reg_reg[5] | 6      | 10    | NO           | NO                 | YES               | 10     | 0       | 
|DPUCZDX8G_v4_1_0 | GenDpu0.u_dpu0/m_dpu_top/m_save_top/u_save_data_and_cmd/save_hp2_hp0[0].u_savedata/argmax_switch_u0/u_save_argmax/chn_tlast_reg[5]  | 5      | 4     | NO           | NO                 | YES               | 4      | 0       | 
|DPUCZDX8G_v4_1_0 | GenDpu0.u_dpu0/m_dpu_top/m_conv_top/inst_pea/u_ds_sig_at_vld_pre/BIT[8].DX.d_r_reg[8][0]                                            | 9      | 1     | NO           | NO                 | YES               | 1      | 0       | 
|DPUCZDX8G_v4_1_0 | GenDpu0.u_dpu0/m_dpu_top/m_conv_top/inst_pea/u_ds_sig_at_last_pre2/BIT[7].DX.d_r_reg[7][0]                                          | 8      | 1     | NO           | NO                 | YES               | 1      | 0       | 
|DPUCZDX8G_v4_1_0 | GenDpu0.u_dpu0/m_dpu_top/m_conv_top/inst_pea/u_ds_sig_at_last_all/BIT[13].DX.d_r_reg[13][0]                                         | 14     | 1     | NO           | NO                 | YES               | 1      | 0       | 
|DPUCZDX8G_v4_1_0 | GenDpu0.u_dpu0/m_dpu_top/m_conv_top/inst_pea/u_ds_sig_soatvld_pre4/BIT[7].DX.d_r_reg[7][0]                                          | 8      | 1     | NO           | NO                 | YES               | 1      | 0       | 
|DPUCZDX8G_v4_1_0 | GenDpu0.u_dpu0/m_dpu_top/m_conv_top/inst_pea/u_ds_sig_sotbias_pre2/BIT[9].DX.d_r_reg[9][0]                                          | 10     | 1     | NO           | NO                 | YES               | 1      | 0       | 
|DPUCZDX8G_v4_1_0 | GenDpu0.u_dpu0/m_dpu_top/m_conv_top/inst_pea/u_ds_sig_accu_tvalid_pre/BIT[3].DX.d_r_reg[3][0]                                       | 4      | 1     | NO           | NO                 | YES               | 1      | 0       | 
|DPUCZDX8G_v4_1_0 | GenDpu0.u_dpu0/m_dpu_top/m_conv_top/inst_reader/inst_rd_img/u_ds_last_ch/BIT[1].DX.d_r_reg[1][0]                                    | 3      | 1     | NO           | NO                 | YES               | 1      | 0       | 
|DPUCZDX8G_v4_1_0 | GenDpu0.u_dpu0/m_dpu_top/m_alu_top/start_img_r_reg[5]                                                                               | 6      | 1     | NO           | NO                 | YES               | 1      | 0       | 
|DPUCZDX8G_v4_1_0 | GenDpu0.u_dpu0/m_dpu_top/m_buf_writer/u_ddr_reader/gen_state_machine[1].dm_cmd_rd_ready_d4_reg                                      | 3      | 2     | NO           | NO                 | YES               | 2      | 0       | 
+-----------------+-------------------------------------------------------------------------------------------------------------------------------------+--------+-------+--------------+--------------------+-------------------+--------+---------+


Dynamic Shift Register Report:
+------------+------------------------------------------------+--------+------------+--------+---------+--------+--------+--------+
|Module Name | RTL Name                                       | Length | Data Width | SRL16E | SRLC32E | Mux F7 | Mux F8 | Mux F9 | 
+------------+------------------------------------------------+--------+------------+--------+---------+--------+--------+--------+
|dsrl        | INFERRED_GEN.data_reg[5]                       | 2      | 2          | 2      | 0       | 0      | 0      | 0      | 
|dsrl__1     | INFERRED_GEN.data_reg[5]                       | 21     | 21         | 21     | 0       | 0      | 0      | 0      | 
|dsrl__2     | INFERRED_GEN.data_reg[3]                       | 25     | 25         | 25     | 0       | 0      | 0      | 0      | 
|dsrl__3     | INFERRED_GEN.data_reg[3]                       | 59     | 59         | 59     | 0       | 0      | 0      | 0      | 
|dsrl__4     | INFERRED_GEN.data_reg[3]                       | 53     | 53         | 53     | 0       | 0      | 0      | 0      | 
|dsrl__5     | memory_reg[3]                                  | 24     | 24         | 24     | 0       | 0      | 0      | 0      | 
|dsrl__6     | memory_reg[3]                                  | 2      | 2          | 2      | 0       | 0      | 0      | 0      | 
|dsrl__7     | memory_reg[31]                                 | 34     | 34         | 0      | 34      | 0      | 0      | 0      | 
|dsrl__8     | memory_reg[31]                                 | 17     | 17         | 0      | 17      | 0      | 0      | 0      | 
|dsrl__9     | gen_rtl_shifter.gen_inferred_srl.shift_reg_reg | 32     | 1          | 0      | 1       | 0      | 0      | 0      | 
|dsrl__10    | gen_rtl_shifter.gen_inferred_srl.shift_reg_reg | 32     | 1          | 0      | 1       | 0      | 0      | 0      | 
|dsrl__11    | gen_rtl_shifter.gen_inferred_srl.shift_reg_reg | 32     | 1          | 0      | 1       | 0      | 0      | 0      | 
+------------+------------------------------------------------+--------+------------+--------+---------+--------+--------+--------+

---------------------------------------------------------------------------------
Finished ROM, RAM, DSP, Shift Register and Retiming Reporting
---------------------------------------------------------------------------------
---------------------------------------------------------------------------------
Start Writing Synthesis Report
---------------------------------------------------------------------------------

DSP Final Report (the ' indicates corresponding REG is set)
+-------------------------------------+-------------------------+--------+--------+--------+--------+--------+------+------+------+------+-------+------+------+
|Module Name                          | DSP Mapping             | A Size | B Size | C Size | D Size | P Size | AREG | BREG | CREG | DREG | ADREG | MREG | PREG | 
+-------------------------------------+-------------------------+--------+--------+--------+--------+--------+------+------+------+------+-------+------+------+
|dsp48ex_wrapper__parameterized2_2675 | (C'+((D'+A')'*B'')')'   | 24     | 16     | 0      | 0      | 32     | 1    | 2    | 2    | 2    | 1     | 1    | 1    | 
|dsp48ex_wrapper__parameterized2_2674 | (C'+((D'+A')'*B'')')'   | 24     | 17     | 0      | 0      | 32     | 1    | 2    | 2    | 2    | 1     | 1    | 1    | 
|dsp48ex_wrapper__parameterized3      | (C'+((D'+A')'*B'')')'   | 22     | 17     | 35     | 0      | 38     | 1    | 2    | 2    | 2    | 1     | 1    | 1    | 
|dsp48ex_wrapper__parameterized2      | (C'+((D'+A')'*B'')')'   | 24     | 17     | 29     | 0      | 32     | 1    | 2    | 2    | 2    | 1     | 1    | 1    | 
|dsp48ex_wrapper__parameterized4_2671 | Dynamic                 | -      | -      | -      | -      | 40     | -    | -    | -    | -    | 1     | 1    | 1    | 
|dsp48ex_wrapper__parameterized4_2670 | Dynamic                 | -      | -      | -      | -      | 40     | -    | -    | -    | -    | 1     | 1    | 1    | 
|dsp48ex_wrapper__parameterized4_2669 | Dynamic                 | -      | -      | -      | -      | 40     | -    | -    | -    | -    | 1     | 1    | 1    | 
|dsp48ex_wrapper__parameterized4_2668 | Dynamic                 | -      | -      | -      | -      | 40     | -    | -    | -    | -    | 1     | 1    | 1    | 
|dsp48ex_wrapper__parameterized4_2667 | Dynamic                 | -      | -      | -      | -      | 40     | -    | -    | -    | -    | 1     | 1    | 1    | 
|dsp48ex_wrapper__parameterized4_2666 | Dynamic                 | -      | -      | -      | -      | 40     | -    | -    | -    | -    | 1     | 1    | 1    | 
|dsp48ex_wrapper__parameterized4_2665 | Dynamic                 | -      | -      | -      | -      | 40     | -    | -    | -    | -    | 1     | 1    | 1    | 
|dsp48ex_wrapper__parameterized4_2664 | Dynamic                 | -      | -      | -      | -      | 40     | -    | -    | -    | -    | 1     | 1    | 1    | 
|dsp48ex_wrapper__parameterized4_2663 | Dynamic                 | -      | -      | -      | -      | 40     | -    | -    | -    | -    | 1     | 1    | 1    | 
|dsp48ex_wrapper__parameterized4_2662 | Dynamic                 | -      | -      | -      | -      | 40     | -    | -    | -    | -    | 1     | 1    | 1    | 
|dsp48ex_wrapper__parameterized4_2661 | Dynamic                 | -      | -      | -      | -      | 40     | -    | -    | -    | -    | 1     | 1    | 1    | 
|dsp48ex_wrapper__parameterized4_2660 | Dynamic                 | -      | -      | -      | -      | 40     | -    | -    | -    | -    | 1     | 1    | 1    | 
|dsp48ex_wrapper__parameterized4_2659 | Dynamic                 | -      | -      | -      | -      | 40     | -    | -    | -    | -    | 1     | 1    | 1    | 
|dsp48ex_wrapper__parameterized4_2658 | Dynamic                 | -      | -      | -      | -      | 40     | -    | -    | -    | -    | 1     | 1    | 1    | 
|dsp48ex_wrapper__parameterized4_2657 | Dynamic                 | -      | -      | -      | -      | 40     | -    | -    | -    | -    | 1     | 1    | 1    | 
|dsp48ex_wrapper__parameterized4_2656 | Dynamic                 | -      | -      | -      | -      | 40     | -    | -    | -    | -    | 1     | 1    | 1    | 
|dsp48ex_wrapper__parameterized4_2655 | Dynamic                 | -      | -      | -      | -      | 40     | -    | -    | -    | -    | 1     | 1    | 1    | 
|dsp48ex_wrapper__parameterized4_2654 | Dynamic                 | -      | -      | -      | -      | 40     | -    | -    | -    | -    | 1     | 1    | 1    | 
|dsp48ex_wrapper__parameterized4_2653 | Dynamic                 | -      | -      | -      | -      | 40     | -    | -    | -    | -    | 1     | 1    | 1    | 
|dsp48ex_wrapper__parameterized4_2652 | Dynamic                 | -      | -      | -      | -      | 40     | -    | -    | -    | -    | 1     | 1    | 1    | 
|dsp48ex_wrapper__parameterized4_2651 | Dynamic                 | -      | -      | -      | -      | 40     | -    | -    | -    | -    | 1     | 1    | 1    | 
|dsp48ex_wrapper__parameterized4_2650 | Dynamic                 | -      | -      | -      | -      | 40     | -    | -    | -    | -    | 1     | 1    | 1    | 
|dsp48ex_wrapper__parameterized4_2649 | Dynamic                 | -      | -      | -      | -      | 40     | -    | -    | -    | -    | 1     | 1    | 1    | 
|dsp48ex_wrapper__parameterized4_2648 | Dynamic                 | -      | -      | -      | -      | 40     | -    | -    | -    | -    | 1     | 1    | 1    | 
|dsp48ex_wrapper__parameterized4_2647 | Dynamic                 | -      | -      | -      | -      | 40     | -    | -    | -    | -    | 1     | 1    | 1    | 
|dsp48ex_wrapper__parameterized4_2646 | Dynamic                 | -      | -      | -      | -      | 40     | -    | -    | -    | -    | 1     | 1    | 1    | 
|dsp48ex_wrapper__parameterized4_2645 | Dynamic                 | -      | -      | -      | -      | 40     | -    | -    | -    | -    | 1     | 1    | 1    | 
|dsp48ex_wrapper__parameterized4_2644 | Dynamic                 | -      | -      | -      | -      | 40     | -    | -    | -    | -    | 1     | 1    | 1    | 
|dsp48ex_wrapper__parameterized4_2643 | Dynamic                 | -      | -      | -      | -      | 40     | -    | -    | -    | -    | 1     | 1    | 1    | 
|dsp48ex_wrapper__parameterized4_2642 | Dynamic                 | -      | -      | -      | -      | 40     | -    | -    | -    | -    | 1     | 1    | 1    | 
|dsp48ex_wrapper__parameterized4_2641 | Dynamic                 | -      | -      | -      | -      | 40     | -    | -    | -    | -    | 1     | 1    | 1    | 
|dsp48ex_wrapper__parameterized4_2640 | Dynamic                 | -      | -      | -      | -      | 40     | -    | -    | -    | -    | 1     | 1    | 1    | 
|dsp48ex_wrapper__parameterized4_2639 | Dynamic                 | -      | -      | -      | -      | 40     | -    | -    | -    | -    | 1     | 1    | 1    | 
|dsp48ex_wrapper__parameterized4_2638 | Dynamic                 | -      | -      | -      | -      | 40     | -    | -    | -    | -    | 1     | 1    | 1    | 
|dsp48ex_wrapper__parameterized4_2637 | Dynamic                 | -      | -      | -      | -      | 40     | -    | -    | -    | -    | 1     | 1    | 1    | 
|dsp48ex_wrapper__parameterized4_2636 | Dynamic                 | -      | -      | -      | -      | 40     | -    | -    | -    | -    | 1     | 1    | 1    | 
|dsp48ex_wrapper__parameterized4_2635 | Dynamic                 | -      | -      | -      | -      | 40     | -    | -    | -    | -    | 1     | 1    | 1    | 
|dsp48ex_wrapper__parameterized4_2634 | Dynamic                 | -      | -      | -      | -      | 40     | -    | -    | -    | -    | 1     | 1    | 1    | 
|dsp48ex_wrapper__parameterized4_2633 | Dynamic                 | -      | -      | -      | -      | 40     | -    | -    | -    | -    | 1     | 1    | 1    | 
|dsp48ex_wrapper__parameterized4_2632 | Dynamic                 | -      | -      | -      | -      | 40     | -    | -    | -    | -    | 1     | 1    | 1    | 
|dsp48ex_wrapper__parameterized4_2631 | Dynamic                 | -      | -      | -      | -      | 40     | -    | -    | -    | -    | 1     | 1    | 1    | 
|dsp48ex_wrapper__parameterized4_2630 | Dynamic                 | -      | -      | -      | -      | 40     | -    | -    | -    | -    | 1     | 1    | 1    | 
|dsp48ex_wrapper__parameterized4_2629 | Dynamic                 | -      | -      | -      | -      | 40     | -    | -    | -    | -    | 1     | 1    | 1    | 
|dsp48ex_wrapper__parameterized4_2628 | Dynamic                 | -      | -      | -      | -      | 40     | -    | -    | -    | -    | 1     | 1    | 1    | 
|dsp48ex_wrapper__parameterized4_2627 | Dynamic                 | -      | -      | -      | -      | 40     | -    | -    | -    | -    | 1     | 1    | 1    | 
|dsp48ex_wrapper__parameterized4_2626 | Dynamic                 | -      | -      | -      | -      | 40     | -    | -    | -    | -    | 1     | 1    | 1    | 
|dsp48ex_wrapper__parameterized4_2625 | Dynamic                 | -      | -      | -      | -      | 40     | -    | -    | -    | -    | 1     | 1    | 1    | 
|dsp48ex_wrapper__parameterized4_2624 | Dynamic                 | -      | -      | -      | -      | 40     | -    | -    | -    | -    | 1     | 1    | 1    | 
|dsp48ex_wrapper__parameterized4_2623 | Dynamic                 | -      | -      | -      | -      | 40     | -    | -    | -    | -    | 1     | 1    | 1    | 
|dsp48ex_wrapper__parameterized4_2622 | Dynamic                 | -      | -      | -      | -      | 40     | -    | -    | -    | -    | 1     | 1    | 1    | 
|dsp48ex_wrapper__parameterized4_2621 | Dynamic                 | -      | -      | -      | -      | 40     | -    | -    | -    | -    | 1     | 1    | 1    | 
|dsp48ex_wrapper__parameterized4_2620 | Dynamic                 | -      | -      | -      | -      | 40     | -    | -    | -    | -    | 1     | 1    | 1    | 
|dsp48ex_wrapper__parameterized4_2619 | Dynamic                 | -      | -      | -      | -      | 40     | -    | -    | -    | -    | 1     | 1    | 1    | 
|dsp48ex_wrapper__parameterized4_2618 | Dynamic                 | -      | -      | -      | -      | 40     | -    | -    | -    | -    | 1     | 1    | 1    | 
|dsp48ex_wrapper__parameterized4_2617 | Dynamic                 | -      | -      | -      | -      | 40     | -    | -    | -    | -    | 1     | 1    | 1    | 
|dsp48ex_wrapper__parameterized4_2616 | Dynamic                 | -      | -      | -      | -      | 40     | -    | -    | -    | -    | 1     | 1    | 1    | 
|dsp48ex_wrapper__parameterized4_2615 | Dynamic                 | -      | -      | -      | -      | 40     | -    | -    | -    | -    | 1     | 1    | 1    | 
|dsp48ex_wrapper__parameterized4_2614 | Dynamic                 | -      | -      | -      | -      | 40     | -    | -    | -    | -    | 1     | 1    | 1    | 
|dsp48ex_wrapper__parameterized4_2613 | Dynamic                 | -      | -      | -      | -      | 40     | -    | -    | -    | -    | 1     | 1    | 1    | 
|dsp48ex_wrapper__parameterized4_2612 | Dynamic                 | -      | -      | -      | -      | 40     | -    | -    | -    | -    | 1     | 1    | 1    | 
|dsp48ex_wrapper__parameterized4_2611 | Dynamic                 | -      | -      | -      | -      | 40     | -    | -    | -    | -    | 1     | 1    | 1    | 
|dsp48ex_wrapper__parameterized4_2610 | Dynamic                 | -      | -      | -      | -      | 40     | -    | -    | -    | -    | 1     | 1    | 1    | 
|dsp48ex_wrapper__parameterized4_2609 | Dynamic                 | -      | -      | -      | -      | 40     | -    | -    | -    | -    | 1     | 1    | 1    | 
|dsp48ex_wrapper__parameterized4      | Dynamic                 | -      | -      | -      | -      | 40     | -    | -    | -    | -    | 1     | 1    | 1    | 
|dsp48ex_wrapper                      | C'+((D'+A')'*B'')'      | 25     | 16     | 0      | 10     | 45     | 1    | 2    | 2    | 2    | 1     | 1    | 0    | 
|dsp48ex_wrapper__parameterized1_2299 | Dynamic                 | -      | -      | -      | -      | 48     | -    | -    | -    | -    | 0     | 1    | 1    | 
|dsp48ex_wrapper__parameterized1_2298 | Dynamic                 | -      | -      | -      | -      | 48     | -    | -    | -    | -    | 0     | 1    | 1    | 
|dsp48ex_wrapper__parameterized1_2297 | Dynamic                 | -      | -      | -      | -      | 48     | -    | -    | -    | -    | 0     | 1    | 1    | 
|dsp48ex_wrapper__parameterized1_2296 | Dynamic                 | -      | -      | -      | -      | 48     | -    | -    | -    | -    | 0     | 1    | 1    | 
|dsp48ex_wrapper__parameterized1_2295 | Dynamic                 | -      | -      | -      | -      | 48     | -    | -    | -    | -    | 0     | 1    | 1    | 
|dsp48ex_wrapper__parameterized1_2294 | Dynamic                 | -      | -      | -      | -      | 48     | -    | -    | -    | -    | 0     | 1    | 1    | 
|dsp48ex_wrapper__parameterized1_2293 | Dynamic                 | -      | -      | -      | -      | 48     | -    | -    | -    | -    | 0     | 1    | 1    | 
|dsp48ex_wrapper__parameterized1_2292 | Dynamic                 | -      | -      | -      | -      | 48     | -    | -    | -    | -    | 0     | 1    | 1    | 
|dsp48ex_wrapper__parameterized1_2263 | Dynamic                 | -      | -      | -      | -      | 48     | -    | -    | -    | -    | 0     | 1    | 1    | 
|dsp48ex_wrapper__parameterized1_2262 | Dynamic                 | -      | -      | -      | -      | 48     | -    | -    | -    | -    | 0     | 1    | 1    | 
|dsp48ex_wrapper__parameterized1_2261 | Dynamic                 | -      | -      | -      | -      | 48     | -    | -    | -    | -    | 0     | 1    | 1    | 
|dsp48ex_wrapper__parameterized1_2260 | Dynamic                 | -      | -      | -      | -      | 48     | -    | -    | -    | -    | 0     | 1    | 1    | 
|dsp48ex_wrapper__parameterized1_2259 | Dynamic                 | -      | -      | -      | -      | 48     | -    | -    | -    | -    | 0     | 1    | 1    | 
|dsp48ex_wrapper__parameterized1_2258 | Dynamic                 | -      | -      | -      | -      | 48     | -    | -    | -    | -    | 0     | 1    | 1    | 
|dsp48ex_wrapper__parameterized1_2257 | Dynamic                 | -      | -      | -      | -      | 48     | -    | -    | -    | -    | 0     | 1    | 1    | 
|dsp48ex_wrapper__parameterized1_2256 | Dynamic                 | -      | -      | -      | -      | 48     | -    | -    | -    | -    | 0     | 1    | 1    | 
|dsp48ex_wrapper__parameterized1_2227 | Dynamic                 | -      | -      | -      | -      | 48     | -    | -    | -    | -    | 0     | 1    | 1    | 
|dsp48ex_wrapper__parameterized1_2226 | Dynamic                 | -      | -      | -      | -      | 48     | -    | -    | -    | -    | 0     | 1    | 1    | 
|dsp48ex_wrapper__parameterized1_2225 | Dynamic                 | -      | -      | -      | -      | 48     | -    | -    | -    | -    | 0     | 1    | 1    | 
|dsp48ex_wrapper__parameterized1_2224 | Dynamic                 | -      | -      | -      | -      | 48     | -    | -    | -    | -    | 0     | 1    | 1    | 
|dsp48ex_wrapper__parameterized1_2223 | Dynamic                 | -      | -      | -      | -      | 48     | -    | -    | -    | -    | 0     | 1    | 1    | 
|dsp48ex_wrapper__parameterized1_2222 | Dynamic                 | -      | -      | -      | -      | 48     | -    | -    | -    | -    | 0     | 1    | 1    | 
|dsp48ex_wrapper__parameterized1_2221 | Dynamic                 | -      | -      | -      | -      | 48     | -    | -    | -    | -    | 0     | 1    | 1    | 
|dsp48ex_wrapper__parameterized1_2220 | Dynamic                 | -      | -      | -      | -      | 48     | -    | -    | -    | -    | 0     | 1    | 1    | 
|dsp48ex_wrapper__parameterized1_2191 | Dynamic                 | -      | -      | -      | -      | 48     | -    | -    | -    | -    | 0     | 1    | 1    | 
|dsp48ex_wrapper__parameterized1_2190 | Dynamic                 | -      | -      | -      | -      | 48     | -    | -    | -    | -    | 0     | 1    | 1    | 
|dsp48ex_wrapper__parameterized1_2189 | Dynamic                 | -      | -      | -      | -      | 48     | -    | -    | -    | -    | 0     | 1    | 1    | 
|dsp48ex_wrapper__parameterized1_2188 | Dynamic                 | -      | -      | -      | -      | 48     | -    | -    | -    | -    | 0     | 1    | 1    | 
|dsp48ex_wrapper__parameterized1_2187 | Dynamic                 | -      | -      | -      | -      | 48     | -    | -    | -    | -    | 0     | 1    | 1    | 
|dsp48ex_wrapper__parameterized1_2186 | Dynamic                 | -      | -      | -      | -      | 48     | -    | -    | -    | -    | 0     | 1    | 1    | 
|dsp48ex_wrapper__parameterized1_2185 | Dynamic                 | -      | -      | -      | -      | 48     | -    | -    | -    | -    | 0     | 1    | 1    | 
|dsp48ex_wrapper__parameterized1_2184 | Dynamic                 | -      | -      | -      | -      | 48     | -    | -    | -    | -    | 0     | 1    | 1    | 
|dsp48ex_wrapper__parameterized1_2155 | Dynamic                 | -      | -      | -      | -      | 48     | -    | -    | -    | -    | 0     | 1    | 1    | 
|dsp48ex_wrapper__parameterized1_2154 | Dynamic                 | -      | -      | -      | -      | 48     | -    | -    | -    | -    | 0     | 1    | 1    | 
|dsp48ex_wrapper__parameterized1_2153 | Dynamic                 | -      | -      | -      | -      | 48     | -    | -    | -    | -    | 0     | 1    | 1    | 
|dsp48ex_wrapper__parameterized1_2152 | Dynamic                 | -      | -      | -      | -      | 48     | -    | -    | -    | -    | 0     | 1    | 1    | 
|dsp48ex_wrapper__parameterized1_2151 | Dynamic                 | -      | -      | -      | -      | 48     | -    | -    | -    | -    | 0     | 1    | 1    | 
|dsp48ex_wrapper__parameterized1_2150 | Dynamic                 | -      | -      | -      | -      | 48     | -    | -    | -    | -    | 0     | 1    | 1    | 
|dsp48ex_wrapper__parameterized1_2149 | Dynamic                 | -      | -      | -      | -      | 48     | -    | -    | -    | -    | 0     | 1    | 1    | 
|dsp48ex_wrapper__parameterized1_2148 | Dynamic                 | -      | -      | -      | -      | 48     | -    | -    | -    | -    | 0     | 1    | 1    | 
|dsp48ex_wrapper__parameterized1_2119 | Dynamic                 | -      | -      | -      | -      | 48     | -    | -    | -    | -    | 0     | 1    | 1    | 
|dsp48ex_wrapper__parameterized1_2118 | Dynamic                 | -      | -      | -      | -      | 48     | -    | -    | -    | -    | 0     | 1    | 1    | 
|dsp48ex_wrapper__parameterized1_2117 | Dynamic                 | -      | -      | -      | -      | 48     | -    | -    | -    | -    | 0     | 1    | 1    | 
|dsp48ex_wrapper__parameterized1_2116 | Dynamic                 | -      | -      | -      | -      | 48     | -    | -    | -    | -    | 0     | 1    | 1    | 
|dsp48ex_wrapper__parameterized1_2115 | Dynamic                 | -      | -      | -      | -      | 48     | -    | -    | -    | -    | 0     | 1    | 1    | 
|dsp48ex_wrapper__parameterized1_2114 | Dynamic                 | -      | -      | -      | -      | 48     | -    | -    | -    | -    | 0     | 1    | 1    | 
|dsp48ex_wrapper__parameterized1_2113 | Dynamic                 | -      | -      | -      | -      | 48     | -    | -    | -    | -    | 0     | 1    | 1    | 
|dsp48ex_wrapper__parameterized1_2112 | Dynamic                 | -      | -      | -      | -      | 48     | -    | -    | -    | -    | 0     | 1    | 1    | 
|dsp48ex_wrapper__parameterized1_2083 | Dynamic                 | -      | -      | -      | -      | 48     | -    | -    | -    | -    | 0     | 1    | 1    | 
|dsp48ex_wrapper__parameterized1_2082 | Dynamic                 | -      | -      | -      | -      | 48     | -    | -    | -    | -    | 0     | 1    | 1    | 
|dsp48ex_wrapper__parameterized1_2081 | Dynamic                 | -      | -      | -      | -      | 48     | -    | -    | -    | -    | 0     | 1    | 1    | 
|dsp48ex_wrapper__parameterized1_2080 | Dynamic                 | -      | -      | -      | -      | 48     | -    | -    | -    | -    | 0     | 1    | 1    | 
|dsp48ex_wrapper__parameterized1_2079 | Dynamic                 | -      | -      | -      | -      | 48     | -    | -    | -    | -    | 0     | 1    | 1    | 
|dsp48ex_wrapper__parameterized1_2078 | Dynamic                 | -      | -      | -      | -      | 48     | -    | -    | -    | -    | 0     | 1    | 1    | 
|dsp48ex_wrapper__parameterized1_2077 | Dynamic                 | -      | -      | -      | -      | 48     | -    | -    | -    | -    | 0     | 1    | 1    | 
|dsp48ex_wrapper__parameterized1_2076 | Dynamic                 | -      | -      | -      | -      | 48     | -    | -    | -    | -    | 0     | 1    | 1    | 
|dsp48ex_wrapper__parameterized1_2047 | Dynamic                 | -      | -      | -      | -      | 48     | -    | -    | -    | -    | 0     | 1    | 1    | 
|dsp48ex_wrapper__parameterized1_2046 | Dynamic                 | -      | -      | -      | -      | 48     | -    | -    | -    | -    | 0     | 1    | 1    | 
|dsp48ex_wrapper__parameterized1_2045 | Dynamic                 | -      | -      | -      | -      | 48     | -    | -    | -    | -    | 0     | 1    | 1    | 
|dsp48ex_wrapper__parameterized1_2044 | Dynamic                 | -      | -      | -      | -      | 48     | -    | -    | -    | -    | 0     | 1    | 1    | 
|dsp48ex_wrapper__parameterized1_2043 | Dynamic                 | -      | -      | -      | -      | 48     | -    | -    | -    | -    | 0     | 1    | 1    | 
|dsp48ex_wrapper__parameterized1_2042 | Dynamic                 | -      | -      | -      | -      | 48     | -    | -    | -    | -    | 0     | 1    | 1    | 
|dsp48ex_wrapper__parameterized1_2041 | Dynamic                 | -      | -      | -      | -      | 48     | -    | -    | -    | -    | 0     | 1    | 1    | 
|dsp48ex_wrapper__parameterized1_2040 | Dynamic                 | -      | -      | -      | -      | 48     | -    | -    | -    | -    | 0     | 1    | 1    | 
|dsp48ex_wrapper__parameterized1_2011 | Dynamic                 | -      | -      | -      | -      | 48     | -    | -    | -    | -    | 0     | 1    | 1    | 
|dsp48ex_wrapper__parameterized1_2010 | Dynamic                 | -      | -      | -      | -      | 48     | -    | -    | -    | -    | 0     | 1    | 1    | 
|dsp48ex_wrapper__parameterized1_2009 | Dynamic                 | -      | -      | -      | -      | 48     | -    | -    | -    | -    | 0     | 1    | 1    | 
|dsp48ex_wrapper__parameterized1_2008 | Dynamic                 | -      | -      | -      | -      | 48     | -    | -    | -    | -    | 0     | 1    | 1    | 
|dsp48ex_wrapper__parameterized1_2007 | Dynamic                 | -      | -      | -      | -      | 48     | -    | -    | -    | -    | 0     | 1    | 1    | 
|dsp48ex_wrapper__parameterized1_2006 | Dynamic                 | -      | -      | -      | -      | 48     | -    | -    | -    | -    | 0     | 1    | 1    | 
|dsp48ex_wrapper__parameterized1_2005 | Dynamic                 | -      | -      | -      | -      | 48     | -    | -    | -    | -    | 0     | 1    | 1    | 
|dsp48ex_wrapper__parameterized1_2004 | Dynamic                 | -      | -      | -      | -      | 48     | -    | -    | -    | -    | 0     | 1    | 1    | 
|dsp48ex_wrapper__parameterized1_1975 | Dynamic                 | -      | -      | -      | -      | 48     | -    | -    | -    | -    | 0     | 1    | 1    | 
|dsp48ex_wrapper__parameterized1_1974 | Dynamic                 | -      | -      | -      | -      | 48     | -    | -    | -    | -    | 0     | 1    | 1    | 
|dsp48ex_wrapper__parameterized1_1973 | Dynamic                 | -      | -      | -      | -      | 48     | -    | -    | -    | -    | 0     | 1    | 1    | 
|dsp48ex_wrapper__parameterized1_1972 | Dynamic                 | -      | -      | -      | -      | 48     | -    | -    | -    | -    | 0     | 1    | 1    | 
|dsp48ex_wrapper__parameterized1_1971 | Dynamic                 | -      | -      | -      | -      | 48     | -    | -    | -    | -    | 0     | 1    | 1    | 
|dsp48ex_wrapper__parameterized1_1970 | Dynamic                 | -      | -      | -      | -      | 48     | -    | -    | -    | -    | 0     | 1    | 1    | 
|dsp48ex_wrapper__parameterized1_1969 | Dynamic                 | -      | -      | -      | -      | 48     | -    | -    | -    | -    | 0     | 1    | 1    | 
|dsp48ex_wrapper__parameterized1_1968 | Dynamic                 | -      | -      | -      | -      | 48     | -    | -    | -    | -    | 0     | 1    | 1    | 
|dsp48ex_wrapper__parameterized1_1939 | Dynamic                 | -      | -      | -      | -      | 48     | -    | -    | -    | -    | 0     | 1    | 1    | 
|dsp48ex_wrapper__parameterized1_1938 | Dynamic                 | -      | -      | -      | -      | 48     | -    | -    | -    | -    | 0     | 1    | 1    | 
|dsp48ex_wrapper__parameterized1_1937 | Dynamic                 | -      | -      | -      | -      | 48     | -    | -    | -    | -    | 0     | 1    | 1    | 
|dsp48ex_wrapper__parameterized1_1936 | Dynamic                 | -      | -      | -      | -      | 48     | -    | -    | -    | -    | 0     | 1    | 1    | 
|dsp48ex_wrapper__parameterized1_1935 | Dynamic                 | -      | -      | -      | -      | 48     | -    | -    | -    | -    | 0     | 1    | 1    | 
|dsp48ex_wrapper__parameterized1_1934 | Dynamic                 | -      | -      | -      | -      | 48     | -    | -    | -    | -    | 0     | 1    | 1    | 
|dsp48ex_wrapper__parameterized1_1933 | Dynamic                 | -      | -      | -      | -      | 48     | -    | -    | -    | -    | 0     | 1    | 1    | 
|dsp48ex_wrapper__parameterized1_1932 | Dynamic                 | -      | -      | -      | -      | 48     | -    | -    | -    | -    | 0     | 1    | 1    | 
|dsp48ex_wrapper__parameterized1_1903 | Dynamic                 | -      | -      | -      | -      | 48     | -    | -    | -    | -    | 0     | 1    | 1    | 
|dsp48ex_wrapper__parameterized1_1902 | Dynamic                 | -      | -      | -      | -      | 48     | -    | -    | -    | -    | 0     | 1    | 1    | 
|dsp48ex_wrapper__parameterized1_1901 | Dynamic                 | -      | -      | -      | -      | 48     | -    | -    | -    | -    | 0     | 1    | 1    | 
|dsp48ex_wrapper__parameterized1_1900 | Dynamic                 | -      | -      | -      | -      | 48     | -    | -    | -    | -    | 0     | 1    | 1    | 
|dsp48ex_wrapper__parameterized1_1899 | Dynamic                 | -      | -      | -      | -      | 48     | -    | -    | -    | -    | 0     | 1    | 1    | 
|dsp48ex_wrapper__parameterized1_1898 | Dynamic                 | -      | -      | -      | -      | 48     | -    | -    | -    | -    | 0     | 1    | 1    | 
|dsp48ex_wrapper__parameterized1_1897 | Dynamic                 | -      | -      | -      | -      | 48     | -    | -    | -    | -    | 0     | 1    | 1    | 
|dsp48ex_wrapper__parameterized1_1896 | Dynamic                 | -      | -      | -      | -      | 48     | -    | -    | -    | -    | 0     | 1    | 1    | 
|dsp48ex_wrapper__parameterized1_1867 | Dynamic                 | -      | -      | -      | -      | 48     | -    | -    | -    | -    | 0     | 1    | 1    | 
|dsp48ex_wrapper__parameterized1_1866 | Dynamic                 | -      | -      | -      | -      | 48     | -    | -    | -    | -    | 0     | 1    | 1    | 
|dsp48ex_wrapper__parameterized1_1865 | Dynamic                 | -      | -      | -      | -      | 48     | -    | -    | -    | -    | 0     | 1    | 1    | 
|dsp48ex_wrapper__parameterized1_1864 | Dynamic                 | -      | -      | -      | -      | 48     | -    | -    | -    | -    | 0     | 1    | 1    | 
|dsp48ex_wrapper__parameterized1_1863 | Dynamic                 | -      | -      | -      | -      | 48     | -    | -    | -    | -    | 0     | 1    | 1    | 
|dsp48ex_wrapper__parameterized1_1862 | Dynamic                 | -      | -      | -      | -      | 48     | -    | -    | -    | -    | 0     | 1    | 1    | 
|dsp48ex_wrapper__parameterized1_1861 | Dynamic                 | -      | -      | -      | -      | 48     | -    | -    | -    | -    | 0     | 1    | 1    | 
|dsp48ex_wrapper__parameterized1_1860 | Dynamic                 | -      | -      | -      | -      | 48     | -    | -    | -    | -    | 0     | 1    | 1    | 
|dsp48ex_wrapper__parameterized1_1831 | Dynamic                 | -      | -      | -      | -      | 48     | -    | -    | -    | -    | 0     | 1    | 1    | 
|dsp48ex_wrapper__parameterized1_1830 | Dynamic                 | -      | -      | -      | -      | 48     | -    | -    | -    | -    | 0     | 1    | 1    | 
|dsp48ex_wrapper__parameterized1_1829 | Dynamic                 | -      | -      | -      | -      | 48     | -    | -    | -    | -    | 0     | 1    | 1    | 
|dsp48ex_wrapper__parameterized1_1828 | Dynamic                 | -      | -      | -      | -      | 48     | -    | -    | -    | -    | 0     | 1    | 1    | 
|dsp48ex_wrapper__parameterized1_1827 | Dynamic                 | -      | -      | -      | -      | 48     | -    | -    | -    | -    | 0     | 1    | 1    | 
|dsp48ex_wrapper__parameterized1_1826 | Dynamic                 | -      | -      | -      | -      | 48     | -    | -    | -    | -    | 0     | 1    | 1    | 
|dsp48ex_wrapper__parameterized1_1825 | Dynamic                 | -      | -      | -      | -      | 48     | -    | -    | -    | -    | 0     | 1    | 1    | 
|dsp48ex_wrapper__parameterized1_1824 | Dynamic                 | -      | -      | -      | -      | 48     | -    | -    | -    | -    | 0     | 1    | 1    | 
|dsp48ex_wrapper__parameterized1_1796 | Dynamic                 | -      | -      | -      | -      | 48     | -    | -    | -    | -    | 0     | 1    | 1    | 
|dsp48ex_wrapper__parameterized1_1795 | Dynamic                 | -      | -      | -      | -      | 48     | -    | -    | -    | -    | 0     | 1    | 1    | 
|dsp48ex_wrapper__parameterized1_1794 | Dynamic                 | -      | -      | -      | -      | 48     | -    | -    | -    | -    | 0     | 1    | 1    | 
|dsp48ex_wrapper__parameterized1_1793 | Dynamic                 | -      | -      | -      | -      | 48     | -    | -    | -    | -    | 0     | 1    | 1    | 
|dsp48ex_wrapper__parameterized1_1792 | Dynamic                 | -      | -      | -      | -      | 48     | -    | -    | -    | -    | 0     | 1    | 1    | 
|dsp48ex_wrapper__parameterized1_1791 | Dynamic                 | -      | -      | -      | -      | 48     | -    | -    | -    | -    | 0     | 1    | 1    | 
|dsp48ex_wrapper__parameterized1_1790 | Dynamic                 | -      | -      | -      | -      | 48     | -    | -    | -    | -    | 0     | 1    | 1    | 
|dsp48ex_wrapper__parameterized1_1789 | Dynamic                 | -      | -      | -      | -      | 48     | -    | -    | -    | -    | 0     | 1    | 1    | 
|dsp48ex_wrapper__parameterized1_1760 | Dynamic                 | -      | -      | -      | -      | 48     | -    | -    | -    | -    | 0     | 1    | 1    | 
|dsp48ex_wrapper__parameterized1_1759 | Dynamic                 | -      | -      | -      | -      | 48     | -    | -    | -    | -    | 0     | 1    | 1    | 
|dsp48ex_wrapper__parameterized1_1758 | Dynamic                 | -      | -      | -      | -      | 48     | -    | -    | -    | -    | 0     | 1    | 1    | 
|dsp48ex_wrapper__parameterized1_1757 | Dynamic                 | -      | -      | -      | -      | 48     | -    | -    | -    | -    | 0     | 1    | 1    | 
|dsp48ex_wrapper__parameterized1_1756 | Dynamic                 | -      | -      | -      | -      | 48     | -    | -    | -    | -    | 0     | 1    | 1    | 
|dsp48ex_wrapper__parameterized1_1755 | Dynamic                 | -      | -      | -      | -      | 48     | -    | -    | -    | -    | 0     | 1    | 1    | 
|dsp48ex_wrapper__parameterized1_1754 | Dynamic                 | -      | -      | -      | -      | 48     | -    | -    | -    | -    | 0     | 1    | 1    | 
|dsp48ex_wrapper__parameterized1      | Dynamic                 | -      | -      | -      | -      | 48     | -    | -    | -    | -    | 0     | 1    | 1    | 
|dsp48ex_wrapper__parameterized0_1733 | (C'+((D'-A')'*B'')')'   | 26     | 18     | 0      | 25     | 46     | 1    | 2    | 2    | 2    | 1     | 1    | 1    | 
|dsp48ex_wrapper__parameterized0_1732 | (C'+((D'-A')'*B'')')'   | 26     | 18     | 0      | 25     | 46     | 1    | 2    | 2    | 2    | 1     | 1    | 1    | 
|dsp48ex_wrapper__parameterized0_1731 | (C'+((D'-A')'*B'')')'   | 26     | 18     | 0      | 25     | 46     | 1    | 2    | 2    | 2    | 1     | 1    | 1    | 
|dsp48ex_wrapper__parameterized0_1730 | (C'+((D'-A')'*B'')')'   | 26     | 18     | 0      | 25     | 46     | 1    | 2    | 2    | 2    | 1     | 1    | 1    | 
|dsp48ex_wrapper__parameterized0_1725 | (C'+((D'-A')'*B'')')'   | 26     | 18     | 0      | 25     | 46     | 1    | 2    | 2    | 2    | 1     | 1    | 1    | 
|dsp48ex_wrapper__parameterized0_1724 | (C'+((D'-A')'*B'')')'   | 26     | 18     | 0      | 25     | 46     | 1    | 2    | 2    | 2    | 1     | 1    | 1    | 
|dsp48ex_wrapper__parameterized0_1723 | (C'+((D'-A')'*B'')')'   | 26     | 18     | 0      | 25     | 46     | 1    | 2    | 2    | 2    | 1     | 1    | 1    | 
|dsp48ex_wrapper__parameterized0_1722 | (C'+((D'-A')'*B'')')'   | 26     | 18     | 0      | 25     | 46     | 1    | 2    | 2    | 2    | 1     | 1    | 1    | 
|dsp48ex_wrapper__parameterized0_1717 | (C'+((D'-A')'*B'')')'   | 26     | 18     | 0      | 25     | 46     | 1    | 2    | 2    | 2    | 1     | 1    | 1    | 
|dsp48ex_wrapper__parameterized0_1716 | (C'+((D'-A')'*B'')')'   | 26     | 18     | 0      | 25     | 46     | 1    | 2    | 2    | 2    | 1     | 1    | 1    | 
|dsp48ex_wrapper__parameterized0_1715 | (C'+((D'-A')'*B'')')'   | 26     | 18     | 0      | 25     | 46     | 1    | 2    | 2    | 2    | 1     | 1    | 1    | 
|dsp48ex_wrapper__parameterized0_1714 | (C'+((D'-A')'*B'')')'   | 26     | 18     | 0      | 25     | 46     | 1    | 2    | 2    | 2    | 1     | 1    | 1    | 
|dsp48ex_wrapper__parameterized0_1709 | (C'+((D'-A')'*B'')')'   | 26     | 18     | 0      | 25     | 46     | 1    | 2    | 2    | 2    | 1     | 1    | 1    | 
|dsp48ex_wrapper__parameterized0_1708 | (C'+((D'-A')'*B'')')'   | 26     | 18     | 0      | 25     | 46     | 1    | 2    | 2    | 2    | 1     | 1    | 1    | 
|dsp48ex_wrapper__parameterized0_1707 | (C'+((D'-A')'*B'')')'   | 26     | 18     | 0      | 25     | 46     | 1    | 2    | 2    | 2    | 1     | 1    | 1    | 
|dsp48ex_wrapper__parameterized0_1706 | (C'+((D'-A')'*B'')')'   | 26     | 18     | 0      | 25     | 46     | 1    | 2    | 2    | 2    | 1     | 1    | 1    | 
|dsp48ex_wrapper__parameterized0_1701 | (C'+((D'-A')'*B'')')'   | 26     | 18     | 0      | 25     | 46     | 1    | 2    | 2    | 2    | 1     | 1    | 1    | 
|dsp48ex_wrapper__parameterized0_1700 | (C'+((D'-A')'*B'')')'   | 26     | 18     | 0      | 25     | 46     | 1    | 2    | 2    | 2    | 1     | 1    | 1    | 
|dsp48ex_wrapper__parameterized0_1699 | (C'+((D'-A')'*B'')')'   | 26     | 18     | 0      | 25     | 46     | 1    | 2    | 2    | 2    | 1     | 1    | 1    | 
|dsp48ex_wrapper__parameterized0_1698 | (C'+((D'-A')'*B'')')'   | 26     | 18     | 0      | 25     | 46     | 1    | 2    | 2    | 2    | 1     | 1    | 1    | 
|dsp48ex_wrapper__parameterized0_1693 | (C'+((D'-A')'*B'')')'   | 26     | 18     | 0      | 25     | 46     | 1    | 2    | 2    | 2    | 1     | 1    | 1    | 
|dsp48ex_wrapper__parameterized0_1692 | (C'+((D'-A')'*B'')')'   | 26     | 18     | 0      | 25     | 46     | 1    | 2    | 2    | 2    | 1     | 1    | 1    | 
|dsp48ex_wrapper__parameterized0_1691 | (C'+((D'-A')'*B'')')'   | 26     | 18     | 0      | 25     | 46     | 1    | 2    | 2    | 2    | 1     | 1    | 1    | 
|dsp48ex_wrapper__parameterized0_1690 | (C'+((D'-A')'*B'')')'   | 26     | 18     | 0      | 25     | 46     | 1    | 2    | 2    | 2    | 1     | 1    | 1    | 
|dsp48ex_wrapper__parameterized0_1685 | (C'+((D'-A')'*B'')')'   | 26     | 18     | 0      | 25     | 46     | 1    | 2    | 2    | 2    | 1     | 1    | 1    | 
|dsp48ex_wrapper__parameterized0_1684 | (C'+((D'-A')'*B'')')'   | 26     | 18     | 0      | 25     | 46     | 1    | 2    | 2    | 2    | 1     | 1    | 1    | 
|dsp48ex_wrapper__parameterized0_1683 | (C'+((D'-A')'*B'')')'   | 26     | 18     | 0      | 25     | 46     | 1    | 2    | 2    | 2    | 1     | 1    | 1    | 
|dsp48ex_wrapper__parameterized0_1682 | (C'+((D'-A')'*B'')')'   | 26     | 18     | 0      | 25     | 46     | 1    | 2    | 2    | 2    | 1     | 1    | 1    | 
|dsp48ex_wrapper__parameterized0_1677 | (C'+((D'-A')'*B'')')'   | 26     | 18     | 0      | 25     | 46     | 1    | 2    | 2    | 2    | 1     | 1    | 1    | 
|dsp48ex_wrapper__parameterized0_1676 | (C'+((D'-A')'*B'')')'   | 26     | 18     | 0      | 25     | 46     | 1    | 2    | 2    | 2    | 1     | 1    | 1    | 
|dsp48ex_wrapper__parameterized0_1675 | (C'+((D'-A')'*B'')')'   | 26     | 18     | 0      | 25     | 46     | 1    | 2    | 2    | 2    | 1     | 1    | 1    | 
|dsp48ex_wrapper__parameterized0_1674 | (C'+((D'-A')'*B'')')'   | 26     | 18     | 0      | 25     | 46     | 1    | 2    | 2    | 2    | 1     | 1    | 1    | 
|dsp48ex_wrapper__parameterized0_1669 | (PCIN+((D'-A')'*B'')')' | 26     | 18     | -      | 25     | 46     | 1    | 2    | -    | 2    | 1     | 1    | 1    | 
|dsp48ex_wrapper__parameterized0_1668 | (PCIN+((D'-A')'*B'')')' | 26     | 18     | -      | 25     | 46     | 1    | 2    | -    | 2    | 1     | 1    | 1    | 
|dsp48ex_wrapper__parameterized0_1667 | (PCIN+((D'-A')'*B'')')' | 26     | 18     | -      | 25     | 46     | 1    | 2    | -    | 2    | 1     | 1    | 1    | 
|dsp48ex_wrapper__parameterized0_1666 | (PCIN+((D'-A')'*B'')')' | 26     | 18     | -      | 25     | 46     | 1    | 2    | -    | 2    | 1     | 1    | 1    | 
|dsp48ex_wrapper__parameterized0_1661 | (PCIN+((D'-A')'*B'')')' | 26     | 18     | -      | 25     | 46     | 1    | 2    | -    | 2    | 1     | 1    | 1    | 
|dsp48ex_wrapper__parameterized0_1660 | (PCIN+((D'-A')'*B'')')' | 26     | 18     | -      | 25     | 46     | 1    | 2    | -    | 2    | 1     | 1    | 1    | 
|dsp48ex_wrapper__parameterized0_1659 | (PCIN+((D'-A')'*B'')')' | 26     | 18     | -      | 25     | 46     | 1    | 2    | -    | 2    | 1     | 1    | 1    | 
|dsp48ex_wrapper__parameterized0_1658 | (PCIN+((D'-A')'*B'')')' | 26     | 18     | -      | 25     | 46     | 1    | 2    | -    | 2    | 1     | 1    | 1    | 
|dsp48ex_wrapper__parameterized0_1653 | (PCIN+((D'-A')'*B'')')' | 26     | 18     | -      | 25     | 46     | 1    | 2    | -    | 2    | 1     | 1    | 1    | 
|dsp48ex_wrapper__parameterized0_1652 | (PCIN+((D'-A')'*B'')')' | 26     | 18     | -      | 25     | 46     | 1    | 2    | -    | 2    | 1     | 1    | 1    | 
|dsp48ex_wrapper__parameterized0_1651 | (PCIN+((D'-A')'*B'')')' | 26     | 18     | -      | 25     | 46     | 1    | 2    | -    | 2    | 1     | 1    | 1    | 
|dsp48ex_wrapper__parameterized0_1650 | (PCIN+((D'-A')'*B'')')' | 26     | 18     | -      | 25     | 46     | 1    | 2    | -    | 2    | 1     | 1    | 1    | 
|dsp48ex_wrapper__parameterized0_1645 | (PCIN+((D'-A')'*B'')')' | 26     | 18     | -      | 25     | 46     | 1    | 2    | -    | 2    | 1     | 1    | 1    | 
|dsp48ex_wrapper__parameterized0_1644 | (PCIN+((D'-A')'*B'')')' | 26     | 18     | -      | 25     | 46     | 1    | 2    | -    | 2    | 1     | 1    | 1    | 
|dsp48ex_wrapper__parameterized0_1643 | (PCIN+((D'-A')'*B'')')' | 26     | 18     | -      | 25     | 46     | 1    | 2    | -    | 2    | 1     | 1    | 1    | 
|dsp48ex_wrapper__parameterized0_1642 | (PCIN+((D'-A')'*B'')')' | 26     | 18     | -      | 25     | 46     | 1    | 2    | -    | 2    | 1     | 1    | 1    | 
|dsp48ex_wrapper__parameterized0_1637 | (PCIN+((D'-A')'*B'')')' | 26     | 18     | -      | 25     | 46     | 1    | 2    | -    | 2    | 1     | 1    | 1    | 
|dsp48ex_wrapper__parameterized0_1636 | (PCIN+((D'-A')'*B'')')' | 26     | 18     | -      | 25     | 46     | 1    | 2    | -    | 2    | 1     | 1    | 1    | 
|dsp48ex_wrapper__parameterized0_1635 | (PCIN+((D'-A')'*B'')')' | 26     | 18     | -      | 25     | 46     | 1    | 2    | -    | 2    | 1     | 1    | 1    | 
|dsp48ex_wrapper__parameterized0_1634 | (PCIN+((D'-A')'*B'')')' | 26     | 18     | -      | 25     | 46     | 1    | 2    | -    | 2    | 1     | 1    | 1    | 
|dsp48ex_wrapper__parameterized0_1629 | (PCIN+((D'-A')'*B'')')' | 26     | 18     | -      | 25     | 46     | 1    | 2    | -    | 2    | 1     | 1    | 1    | 
|dsp48ex_wrapper__parameterized0_1628 | (PCIN+((D'-A')'*B'')')' | 26     | 18     | -      | 25     | 46     | 1    | 2    | -    | 2    | 1     | 1    | 1    | 
|dsp48ex_wrapper__parameterized0_1627 | (PCIN+((D'-A')'*B'')')' | 26     | 18     | -      | 25     | 46     | 1    | 2    | -    | 2    | 1     | 1    | 1    | 
|dsp48ex_wrapper__parameterized0_1626 | (PCIN+((D'-A')'*B'')')' | 26     | 18     | -      | 25     | 46     | 1    | 2    | -    | 2    | 1     | 1    | 1    | 
|dsp48ex_wrapper__parameterized0_1621 | (PCIN+((D'-A')'*B'')')' | 26     | 18     | -      | 25     | 46     | 1    | 2    | -    | 2    | 1     | 1    | 1    | 
|dsp48ex_wrapper__parameterized0_1620 | (PCIN+((D'-A')'*B'')')' | 26     | 18     | -      | 25     | 46     | 1    | 2    | -    | 2    | 1     | 1    | 1    | 
|dsp48ex_wrapper__parameterized0_1619 | (PCIN+((D'-A')'*B'')')' | 26     | 18     | -      | 25     | 46     | 1    | 2    | -    | 2    | 1     | 1    | 1    | 
|dsp48ex_wrapper__parameterized0_1618 | (PCIN+((D'-A')'*B'')')' | 26     | 18     | -      | 25     | 46     | 1    | 2    | -    | 2    | 1     | 1    | 1    | 
|dsp48ex_wrapper__parameterized0_1613 | (PCIN+((D'-A')'*B'')')' | 26     | 18     | -      | 25     | 46     | 1    | 2    | -    | 2    | 1     | 1    | 1    | 
|dsp48ex_wrapper__parameterized0_1612 | (PCIN+((D'-A')'*B'')')' | 26     | 18     | -      | 25     | 46     | 1    | 2    | -    | 2    | 1     | 1    | 1    | 
|dsp48ex_wrapper__parameterized0_1611 | (PCIN+((D'-A')'*B'')')' | 26     | 18     | -      | 25     | 46     | 1    | 2    | -    | 2    | 1     | 1    | 1    | 
|dsp48ex_wrapper__parameterized0_1610 | (PCIN+((D'-A')'*B'')')' | 26     | 18     | -      | 25     | 46     | 1    | 2    | -    | 2    | 1     | 1    | 1    | 
|dsp48ex_wrapper__parameterized0_1605 | (PCIN+((D'-A')'*B'')')' | 26     | 18     | -      | 25     | 46     | 1    | 2    | -    | 2    | 1     | 1    | 1    | 
|dsp48ex_wrapper__parameterized0_1604 | (PCIN+((D'-A')'*B'')')' | 26     | 18     | -      | 25     | 46     | 1    | 2    | -    | 2    | 1     | 1    | 1    | 
|dsp48ex_wrapper__parameterized0_1603 | (PCIN+((D'-A')'*B'')')' | 26     | 18     | -      | 25     | 46     | 1    | 2    | -    | 2    | 1     | 1    | 1    | 
|dsp48ex_wrapper__parameterized0_1602 | (PCIN+((D'-A')'*B'')')' | 26     | 18     | -      | 25     | 46     | 1    | 2    | -    | 2    | 1     | 1    | 1    | 
|dsp48ex_wrapper__parameterized0_1597 | (PCIN+((D'-A')'*B'')')' | 26     | 18     | -      | 25     | 46     | 1    | 2    | -    | 2    | 1     | 1    | 1    | 
|dsp48ex_wrapper__parameterized0_1596 | (PCIN+((D'-A')'*B'')')' | 26     | 18     | -      | 25     | 46     | 1    | 2    | -    | 2    | 1     | 1    | 1    | 
|dsp48ex_wrapper__parameterized0_1595 | (PCIN+((D'-A')'*B'')')' | 26     | 18     | -      | 25     | 46     | 1    | 2    | -    | 2    | 1     | 1    | 1    | 
|dsp48ex_wrapper__parameterized0_1594 | (PCIN+((D'-A')'*B'')')' | 26     | 18     | -      | 25     | 46     | 1    | 2    | -    | 2    | 1     | 1    | 1    | 
|dsp48ex_wrapper__parameterized0_1589 | (PCIN+((D'-A')'*B'')')' | 26     | 18     | -      | 25     | 46     | 1    | 2    | -    | 2    | 1     | 1    | 1    | 
|dsp48ex_wrapper__parameterized0_1588 | (PCIN+((D'-A')'*B'')')' | 26     | 18     | -      | 25     | 46     | 1    | 2    | -    | 2    | 1     | 1    | 1    | 
|dsp48ex_wrapper__parameterized0_1587 | (PCIN+((D'-A')'*B'')')' | 26     | 18     | -      | 25     | 46     | 1    | 2    | -    | 2    | 1     | 1    | 1    | 
|dsp48ex_wrapper__parameterized0_1586 | (PCIN+((D'-A')'*B'')')' | 26     | 18     | -      | 25     | 46     | 1    | 2    | -    | 2    | 1     | 1    | 1    | 
|dsp48ex_wrapper__parameterized0_1581 | (PCIN+((D'-A')'*B'')')' | 26     | 18     | -      | 25     | 46     | 1    | 2    | -    | 2    | 1     | 1    | 1    | 
|dsp48ex_wrapper__parameterized0_1580 | (PCIN+((D'-A')'*B'')')' | 26     | 18     | -      | 25     | 46     | 1    | 2    | -    | 2    | 1     | 1    | 1    | 
|dsp48ex_wrapper__parameterized0_1579 | (PCIN+((D'-A')'*B'')')' | 26     | 18     | -      | 25     | 46     | 1    | 2    | -    | 2    | 1     | 1    | 1    | 
|dsp48ex_wrapper__parameterized0_1578 | (PCIN+((D'-A')'*B'')')' | 26     | 18     | -      | 25     | 46     | 1    | 2    | -    | 2    | 1     | 1    | 1    | 
|dsp48ex_wrapper__parameterized0_1573 | (PCIN+((D'-A')'*B'')')' | 26     | 18     | -      | 25     | 46     | 1    | 2    | -    | 2    | 1     | 1    | 1    | 
|dsp48ex_wrapper__parameterized0_1572 | (PCIN+((D'-A')'*B'')')' | 26     | 18     | -      | 25     | 46     | 1    | 2    | -    | 2    | 1     | 1    | 1    | 
|dsp48ex_wrapper__parameterized0_1571 | (PCIN+((D'-A')'*B'')')' | 26     | 18     | -      | 25     | 46     | 1    | 2    | -    | 2    | 1     | 1    | 1    | 
|dsp48ex_wrapper__parameterized0_1570 | (PCIN+((D'-A')'*B'')')' | 26     | 18     | -      | 25     | 46     | 1    | 2    | -    | 2    | 1     | 1    | 1    | 
|dsp48ex_wrapper__parameterized0_1565 | (PCIN+((D'-A')'*B'')')' | 26     | 18     | -      | 25     | 46     | 1    | 2    | -    | 2    | 1     | 1    | 1    | 
|dsp48ex_wrapper__parameterized0_1564 | (PCIN+((D'-A')'*B'')')' | 26     | 18     | -      | 25     | 46     | 1    | 2    | -    | 2    | 1     | 1    | 1    | 
|dsp48ex_wrapper__parameterized0_1563 | (PCIN+((D'-A')'*B'')')' | 26     | 18     | -      | 25     | 46     | 1    | 2    | -    | 2    | 1     | 1    | 1    | 
|dsp48ex_wrapper__parameterized0_1562 | (PCIN+((D'-A')'*B'')')' | 26     | 18     | -      | 25     | 46     | 1    | 2    | -    | 2    | 1     | 1    | 1    | 
|dsp48ex_wrapper__parameterized0_1557 | (PCIN+((D'-A')'*B'')')' | 26     | 18     | -      | 25     | 46     | 1    | 2    | -    | 2    | 1     | 1    | 1    | 
|dsp48ex_wrapper__parameterized0_1556 | (PCIN+((D'-A')'*B'')')' | 26     | 18     | -      | 25     | 46     | 1    | 2    | -    | 2    | 1     | 1    | 1    | 
|dsp48ex_wrapper__parameterized0_1555 | (PCIN+((D'-A')'*B'')')' | 26     | 18     | -      | 25     | 46     | 1    | 2    | -    | 2    | 1     | 1    | 1    | 
|dsp48ex_wrapper__parameterized0_1554 | (PCIN+((D'-A')'*B'')')' | 26     | 18     | -      | 25     | 46     | 1    | 2    | -    | 2    | 1     | 1    | 1    | 
|dsp48ex_wrapper__parameterized0_1549 | (PCIN+((D'-A')'*B'')')' | 26     | 18     | -      | 25     | 46     | 1    | 2    | -    | 2    | 1     | 1    | 1    | 
|dsp48ex_wrapper__parameterized0_1548 | (PCIN+((D'-A')'*B'')')' | 26     | 18     | -      | 25     | 46     | 1    | 2    | -    | 2    | 1     | 1    | 1    | 
|dsp48ex_wrapper__parameterized0_1547 | (PCIN+((D'-A')'*B'')')' | 26     | 18     | -      | 25     | 46     | 1    | 2    | -    | 2    | 1     | 1    | 1    | 
|dsp48ex_wrapper__parameterized0_1546 | (PCIN+((D'-A')'*B'')')' | 26     | 18     | -      | 25     | 46     | 1    | 2    | -    | 2    | 1     | 1    | 1    | 
|dsp48ex_wrapper__parameterized0_1541 | (PCIN+((D'-A')'*B'')')' | 26     | 18     | -      | 25     | 46     | 1    | 2    | -    | 2    | 1     | 1    | 1    | 
|dsp48ex_wrapper__parameterized0_1540 | (PCIN+((D'-A')'*B'')')' | 26     | 18     | -      | 25     | 46     | 1    | 2    | -    | 2    | 1     | 1    | 1    | 
|dsp48ex_wrapper__parameterized0_1539 | (PCIN+((D'-A')'*B'')')' | 26     | 18     | -      | 25     | 46     | 1    | 2    | -    | 2    | 1     | 1    | 1    | 
|dsp48ex_wrapper__parameterized0_1538 | (PCIN+((D'-A')'*B'')')' | 26     | 18     | -      | 25     | 46     | 1    | 2    | -    | 2    | 1     | 1    | 1    | 
|dsp48ex_wrapper__parameterized0_1531 | (PCIN+((D'-A')'*B'')')' | 26     | 18     | -      | 25     | 46     | 1    | 2    | -    | 2    | 1     | 1    | 1    | 
|dsp48ex_wrapper__parameterized0_1530 | (PCIN+((D'-A')'*B'')')' | 26     | 18     | -      | 25     | 46     | 1    | 2    | -    | 2    | 1     | 1    | 1    | 
|dsp48ex_wrapper__parameterized0_1529 | (PCIN+((D'-A')'*B'')')' | 26     | 18     | -      | 25     | 46     | 1    | 2    | -    | 2    | 1     | 1    | 1    | 
|dsp48ex_wrapper__parameterized0_1528 | (PCIN+((D'-A')'*B'')')' | 26     | 18     | -      | 25     | 46     | 1    | 2    | -    | 2    | 1     | 1    | 1    | 
|dsp48ex_wrapper__parameterized0_1521 | (PCIN+((D'-A')'*B'')')' | 26     | 18     | -      | 25     | 46     | 1    | 2    | -    | 2    | 1     | 1    | 1    | 
|dsp48ex_wrapper__parameterized0_1520 | (PCIN+((D'-A')'*B'')')' | 26     | 18     | -      | 25     | 46     | 1    | 2    | -    | 2    | 1     | 1    | 1    | 
|dsp48ex_wrapper__parameterized0_1519 | (PCIN+((D'-A')'*B'')')' | 26     | 18     | -      | 25     | 46     | 1    | 2    | -    | 2    | 1     | 1    | 1    | 
|dsp48ex_wrapper__parameterized0_1518 | (PCIN+((D'-A')'*B'')')' | 26     | 18     | -      | 25     | 46     | 1    | 2    | -    | 2    | 1     | 1    | 1    | 
|dsp48ex_wrapper__parameterized0_1511 | (PCIN+((D'-A')'*B'')')' | 26     | 18     | -      | 25     | 46     | 1    | 2    | -    | 2    | 1     | 1    | 1    | 
|dsp48ex_wrapper__parameterized0_1510 | (PCIN+((D'-A')'*B'')')' | 26     | 18     | -      | 25     | 46     | 1    | 2    | -    | 2    | 1     | 1    | 1    | 
|dsp48ex_wrapper__parameterized0_1509 | (PCIN+((D'-A')'*B'')')' | 26     | 18     | -      | 25     | 46     | 1    | 2    | -    | 2    | 1     | 1    | 1    | 
|dsp48ex_wrapper__parameterized0_1508 | (PCIN+((D'-A')'*B'')')' | 26     | 18     | -      | 25     | 46     | 1    | 2    | -    | 2    | 1     | 1    | 1    | 
|dsp48ex_wrapper__parameterized0_1501 | (PCIN+((D'-A')'*B'')')' | 26     | 18     | -      | 25     | 46     | 1    | 2    | -    | 2    | 1     | 1    | 1    | 
|dsp48ex_wrapper__parameterized0_1500 | (PCIN+((D'-A')'*B'')')' | 26     | 18     | -      | 25     | 46     | 1    | 2    | -    | 2    | 1     | 1    | 1    | 
|dsp48ex_wrapper__parameterized0_1499 | (PCIN+((D'-A')'*B'')')' | 26     | 18     | -      | 25     | 46     | 1    | 2    | -    | 2    | 1     | 1    | 1    | 
|dsp48ex_wrapper__parameterized0_1498 | (PCIN+((D'-A')'*B'')')' | 26     | 18     | -      | 25     | 46     | 1    | 2    | -    | 2    | 1     | 1    | 1    | 
|dsp48ex_wrapper__parameterized0_1491 | (PCIN+((D'-A')'*B'')')' | 26     | 18     | -      | 25     | 46     | 1    | 2    | -    | 2    | 1     | 1    | 1    | 
|dsp48ex_wrapper__parameterized0_1490 | (PCIN+((D'-A')'*B'')')' | 26     | 18     | -      | 25     | 46     | 1    | 2    | -    | 2    | 1     | 1    | 1    | 
|dsp48ex_wrapper__parameterized0_1489 | (PCIN+((D'-A')'*B'')')' | 26     | 18     | -      | 25     | 46     | 1    | 2    | -    | 2    | 1     | 1    | 1    | 
|dsp48ex_wrapper__parameterized0_1488 | (PCIN+((D'-A')'*B'')')' | 26     | 18     | -      | 25     | 46     | 1    | 2    | -    | 2    | 1     | 1    | 1    | 
|dsp48ex_wrapper__parameterized0_1481 | (PCIN+((D'-A')'*B'')')' | 26     | 18     | -      | 25     | 46     | 1    | 2    | -    | 2    | 1     | 1    | 1    | 
|dsp48ex_wrapper__parameterized0_1480 | (PCIN+((D'-A')'*B'')')' | 26     | 18     | -      | 25     | 46     | 1    | 2    | -    | 2    | 1     | 1    | 1    | 
|dsp48ex_wrapper__parameterized0_1479 | (PCIN+((D'-A')'*B'')')' | 26     | 18     | -      | 25     | 46     | 1    | 2    | -    | 2    | 1     | 1    | 1    | 
|dsp48ex_wrapper__parameterized0_1478 | (PCIN+((D'-A')'*B'')')' | 26     | 18     | -      | 25     | 46     | 1    | 2    | -    | 2    | 1     | 1    | 1    | 
|dsp48ex_wrapper__parameterized0_1471 | (PCIN+((D'-A')'*B'')')' | 26     | 18     | -      | 25     | 46     | 1    | 2    | -    | 2    | 1     | 1    | 1    | 
|dsp48ex_wrapper__parameterized0_1470 | (PCIN+((D'-A')'*B'')')' | 26     | 18     | -      | 25     | 46     | 1    | 2    | -    | 2    | 1     | 1    | 1    | 
|dsp48ex_wrapper__parameterized0_1469 | (PCIN+((D'-A')'*B'')')' | 26     | 18     | -      | 25     | 46     | 1    | 2    | -    | 2    | 1     | 1    | 1    | 
|dsp48ex_wrapper__parameterized0_1468 | (PCIN+((D'-A')'*B'')')' | 26     | 18     | -      | 25     | 46     | 1    | 2    | -    | 2    | 1     | 1    | 1    | 
|dsp48ex_wrapper__parameterized0_1461 | (C'+((D'-A')'*B'')')'   | 26     | 18     | 48     | 25     | 46     | 1    | 2    | 2    | 2    | 1     | 1    | 1    | 
|dsp48ex_wrapper__parameterized0_1460 | (C'+((D'-A')'*B'')')'   | 26     | 18     | 48     | 25     | 46     | 1    | 2    | 2    | 2    | 1     | 1    | 1    | 
|dsp48ex_wrapper__parameterized0_1459 | (C'+((D'-A')'*B'')')'   | 26     | 18     | 48     | 25     | 46     | 1    | 2    | 2    | 2    | 1     | 1    | 1    | 
|dsp48ex_wrapper__parameterized0_1458 | (C'+((D'-A')'*B'')')'   | 26     | 18     | 48     | 25     | 46     | 1    | 2    | 2    | 2    | 1     | 1    | 1    | 
|dsp48ex_wrapper__parameterized0_1453 | (C'+((D'-A')'*B'')')'   | 26     | 18     | 48     | 25     | 46     | 1    | 2    | 2    | 2    | 1     | 1    | 1    | 
|dsp48ex_wrapper__parameterized0_1452 | (C'+((D'-A')'*B'')')'   | 26     | 18     | 48     | 25     | 46     | 1    | 2    | 2    | 2    | 1     | 1    | 1    | 
|dsp48ex_wrapper__parameterized0_1451 | (C'+((D'-A')'*B'')')'   | 26     | 18     | 48     | 25     | 46     | 1    | 2    | 2    | 2    | 1     | 1    | 1    | 
|dsp48ex_wrapper__parameterized0_1450 | (C'+((D'-A')'*B'')')'   | 26     | 18     | 48     | 25     | 46     | 1    | 2    | 2    | 2    | 1     | 1    | 1    | 
|dsp48ex_wrapper__parameterized0_1445 | (C'+((D'-A')'*B'')')'   | 26     | 18     | 48     | 25     | 46     | 1    | 2    | 2    | 2    | 1     | 1    | 1    | 
|dsp48ex_wrapper__parameterized0_1444 | (C'+((D'-A')'*B'')')'   | 26     | 18     | 48     | 25     | 46     | 1    | 2    | 2    | 2    | 1     | 1    | 1    | 
|dsp48ex_wrapper__parameterized0_1443 | (C'+((D'-A')'*B'')')'   | 26     | 18     | 48     | 25     | 46     | 1    | 2    | 2    | 2    | 1     | 1    | 1    | 
|dsp48ex_wrapper__parameterized0_1442 | (C'+((D'-A')'*B'')')'   | 26     | 18     | 48     | 25     | 46     | 1    | 2    | 2    | 2    | 1     | 1    | 1    | 
|dsp48ex_wrapper__parameterized0_1437 | (C'+((D'-A')'*B'')')'   | 26     | 18     | 48     | 25     | 46     | 1    | 2    | 2    | 2    | 1     | 1    | 1    | 
|dsp48ex_wrapper__parameterized0_1436 | (C'+((D'-A')'*B'')')'   | 26     | 18     | 48     | 25     | 46     | 1    | 2    | 2    | 2    | 1     | 1    | 1    | 
|dsp48ex_wrapper__parameterized0_1435 | (C'+((D'-A')'*B'')')'   | 26     | 18     | 48     | 25     | 46     | 1    | 2    | 2    | 2    | 1     | 1    | 1    | 
|dsp48ex_wrapper__parameterized0_1434 | (C'+((D'-A')'*B'')')'   | 26     | 18     | 48     | 25     | 46     | 1    | 2    | 2    | 2    | 1     | 1    | 1    | 
|dsp48ex_wrapper__parameterized0_1429 | (C'+((D'-A')'*B'')')'   | 26     | 18     | 48     | 25     | 46     | 1    | 2    | 2    | 2    | 1     | 1    | 1    | 
|dsp48ex_wrapper__parameterized0_1428 | (C'+((D'-A')'*B'')')'   | 26     | 18     | 48     | 25     | 46     | 1    | 2    | 2    | 2    | 1     | 1    | 1    | 
|dsp48ex_wrapper__parameterized0_1427 | (C'+((D'-A')'*B'')')'   | 26     | 18     | 48     | 25     | 46     | 1    | 2    | 2    | 2    | 1     | 1    | 1    | 
|dsp48ex_wrapper__parameterized0_1426 | (C'+((D'-A')'*B'')')'   | 26     | 18     | 48     | 25     | 46     | 1    | 2    | 2    | 2    | 1     | 1    | 1    | 
|dsp48ex_wrapper__parameterized0_1421 | (C'+((D'-A')'*B'')')'   | 26     | 18     | 48     | 25     | 46     | 1    | 2    | 2    | 2    | 1     | 1    | 1    | 
|dsp48ex_wrapper__parameterized0_1420 | (C'+((D'-A')'*B'')')'   | 26     | 18     | 48     | 25     | 46     | 1    | 2    | 2    | 2    | 1     | 1    | 1    | 
|dsp48ex_wrapper__parameterized0_1419 | (C'+((D'-A')'*B'')')'   | 26     | 18     | 48     | 25     | 46     | 1    | 2    | 2    | 2    | 1     | 1    | 1    | 
|dsp48ex_wrapper__parameterized0_1418 | (C'+((D'-A')'*B'')')'   | 26     | 18     | 48     | 25     | 46     | 1    | 2    | 2    | 2    | 1     | 1    | 1    | 
|dsp48ex_wrapper__parameterized0_1413 | (C'+((D'-A')'*B'')')'   | 26     | 18     | 48     | 25     | 46     | 1    | 2    | 2    | 2    | 1     | 1    | 1    | 
|dsp48ex_wrapper__parameterized0_1412 | (C'+((D'-A')'*B'')')'   | 26     | 18     | 48     | 25     | 46     | 1    | 2    | 2    | 2    | 1     | 1    | 1    | 
|dsp48ex_wrapper__parameterized0_1411 | (C'+((D'-A')'*B'')')'   | 26     | 18     | 48     | 25     | 46     | 1    | 2    | 2    | 2    | 1     | 1    | 1    | 
|dsp48ex_wrapper__parameterized0_1410 | (C'+((D'-A')'*B'')')'   | 26     | 18     | 48     | 25     | 46     | 1    | 2    | 2    | 2    | 1     | 1    | 1    | 
|dsp48ex_wrapper__parameterized0_1405 | (C'+((D'-A')'*B'')')'   | 26     | 18     | 48     | 25     | 46     | 1    | 2    | 2    | 2    | 1     | 1    | 1    | 
|dsp48ex_wrapper__parameterized0_1404 | (C'+((D'-A')'*B'')')'   | 26     | 18     | 48     | 25     | 46     | 1    | 2    | 2    | 2    | 1     | 1    | 1    | 
|dsp48ex_wrapper__parameterized0_1403 | (C'+((D'-A')'*B'')')'   | 26     | 18     | 48     | 25     | 46     | 1    | 2    | 2    | 2    | 1     | 1    | 1    | 
|dsp48ex_wrapper__parameterized0_1402 | (C'+((D'-A')'*B'')')'   | 26     | 18     | 48     | 25     | 46     | 1    | 2    | 2    | 2    | 1     | 1    | 1    | 
|dsp48ex_wrapper__parameterized0_1397 | (PCIN+((D'-A')'*B'')')' | 26     | 18     | -      | 25     | 46     | 1    | 2    | -    | 2    | 1     | 1    | 1    | 
|dsp48ex_wrapper__parameterized0_1396 | (PCIN+((D'-A')'*B'')')' | 26     | 18     | -      | 25     | 46     | 1    | 2    | -    | 2    | 1     | 1    | 1    | 
|dsp48ex_wrapper__parameterized0_1395 | (PCIN+((D'-A')'*B'')')' | 26     | 18     | -      | 25     | 46     | 1    | 2    | -    | 2    | 1     | 1    | 1    | 
|dsp48ex_wrapper__parameterized0_1394 | (PCIN+((D'-A')'*B'')')' | 26     | 18     | -      | 25     | 46     | 1    | 2    | -    | 2    | 1     | 1    | 1    | 
|dsp48ex_wrapper__parameterized0_1387 | (PCIN+((D'-A')'*B'')')' | 26     | 18     | -      | 25     | 46     | 1    | 2    | -    | 2    | 1     | 1    | 1    | 
|dsp48ex_wrapper__parameterized0_1386 | (PCIN+((D'-A')'*B'')')' | 26     | 18     | -      | 25     | 46     | 1    | 2    | -    | 2    | 1     | 1    | 1    | 
|dsp48ex_wrapper__parameterized0_1385 | (PCIN+((D'-A')'*B'')')' | 26     | 18     | -      | 25     | 46     | 1    | 2    | -    | 2    | 1     | 1    | 1    | 
|dsp48ex_wrapper__parameterized0_1384 | (PCIN+((D'-A')'*B'')')' | 26     | 18     | -      | 25     | 46     | 1    | 2    | -    | 2    | 1     | 1    | 1    | 
|dsp48ex_wrapper__parameterized0_1377 | (PCIN+((D'-A')'*B'')')' | 26     | 18     | -      | 25     | 46     | 1    | 2    | -    | 2    | 1     | 1    | 1    | 
|dsp48ex_wrapper__parameterized0_1376 | (PCIN+((D'-A')'*B'')')' | 26     | 18     | -      | 25     | 46     | 1    | 2    | -    | 2    | 1     | 1    | 1    | 
|dsp48ex_wrapper__parameterized0_1375 | (PCIN+((D'-A')'*B'')')' | 26     | 18     | -      | 25     | 46     | 1    | 2    | -    | 2    | 1     | 1    | 1    | 
|dsp48ex_wrapper__parameterized0_1374 | (PCIN+((D'-A')'*B'')')' | 26     | 18     | -      | 25     | 46     | 1    | 2    | -    | 2    | 1     | 1    | 1    | 
|dsp48ex_wrapper__parameterized0_1367 | (PCIN+((D'-A')'*B'')')' | 26     | 18     | -      | 25     | 46     | 1    | 2    | -    | 2    | 1     | 1    | 1    | 
|dsp48ex_wrapper__parameterized0_1366 | (PCIN+((D'-A')'*B'')')' | 26     | 18     | -      | 25     | 46     | 1    | 2    | -    | 2    | 1     | 1    | 1    | 
|dsp48ex_wrapper__parameterized0_1365 | (PCIN+((D'-A')'*B'')')' | 26     | 18     | -      | 25     | 46     | 1    | 2    | -    | 2    | 1     | 1    | 1    | 
|dsp48ex_wrapper__parameterized0_1364 | (PCIN+((D'-A')'*B'')')' | 26     | 18     | -      | 25     | 46     | 1    | 2    | -    | 2    | 1     | 1    | 1    | 
|dsp48ex_wrapper__parameterized0_1357 | (PCIN+((D'-A')'*B'')')' | 26     | 18     | -      | 25     | 46     | 1    | 2    | -    | 2    | 1     | 1    | 1    | 
|dsp48ex_wrapper__parameterized0_1356 | (PCIN+((D'-A')'*B'')')' | 26     | 18     | -      | 25     | 46     | 1    | 2    | -    | 2    | 1     | 1    | 1    | 
|dsp48ex_wrapper__parameterized0_1355 | (PCIN+((D'-A')'*B'')')' | 26     | 18     | -      | 25     | 46     | 1    | 2    | -    | 2    | 1     | 1    | 1    | 
|dsp48ex_wrapper__parameterized0_1354 | (PCIN+((D'-A')'*B'')')' | 26     | 18     | -      | 25     | 46     | 1    | 2    | -    | 2    | 1     | 1    | 1    | 
|dsp48ex_wrapper__parameterized0_1347 | (PCIN+((D'-A')'*B'')')' | 26     | 18     | -      | 25     | 46     | 1    | 2    | -    | 2    | 1     | 1    | 1    | 
|dsp48ex_wrapper__parameterized0_1346 | (PCIN+((D'-A')'*B'')')' | 26     | 18     | -      | 25     | 46     | 1    | 2    | -    | 2    | 1     | 1    | 1    | 
|dsp48ex_wrapper__parameterized0_1345 | (PCIN+((D'-A')'*B'')')' | 26     | 18     | -      | 25     | 46     | 1    | 2    | -    | 2    | 1     | 1    | 1    | 
|dsp48ex_wrapper__parameterized0_1344 | (PCIN+((D'-A')'*B'')')' | 26     | 18     | -      | 25     | 46     | 1    | 2    | -    | 2    | 1     | 1    | 1    | 
|dsp48ex_wrapper__parameterized0_1337 | (PCIN+((D'-A')'*B'')')' | 26     | 18     | -      | 25     | 46     | 1    | 2    | -    | 2    | 1     | 1    | 1    | 
|dsp48ex_wrapper__parameterized0_1336 | (PCIN+((D'-A')'*B'')')' | 26     | 18     | -      | 25     | 46     | 1    | 2    | -    | 2    | 1     | 1    | 1    | 
|dsp48ex_wrapper__parameterized0_1335 | (PCIN+((D'-A')'*B'')')' | 26     | 18     | -      | 25     | 46     | 1    | 2    | -    | 2    | 1     | 1    | 1    | 
|dsp48ex_wrapper__parameterized0_1334 | (PCIN+((D'-A')'*B'')')' | 26     | 18     | -      | 25     | 46     | 1    | 2    | -    | 2    | 1     | 1    | 1    | 
|dsp48ex_wrapper__parameterized0_1327 | (PCIN+((D'-A')'*B'')')' | 26     | 18     | -      | 25     | 46     | 1    | 2    | -    | 2    | 1     | 1    | 1    | 
|dsp48ex_wrapper__parameterized0_1326 | (PCIN+((D'-A')'*B'')')' | 26     | 18     | -      | 25     | 46     | 1    | 2    | -    | 2    | 1     | 1    | 1    | 
|dsp48ex_wrapper__parameterized0_1325 | (PCIN+((D'-A')'*B'')')' | 26     | 18     | -      | 25     | 46     | 1    | 2    | -    | 2    | 1     | 1    | 1    | 
|dsp48ex_wrapper__parameterized0_1324 | (PCIN+((D'-A')'*B'')')' | 26     | 18     | -      | 25     | 46     | 1    | 2    | -    | 2    | 1     | 1    | 1    | 
|dsp48ex_wrapper__parameterized0_1317 | (C'+((D'-A')'*B'')')'   | 26     | 18     | 0      | 25     | 46     | 1    | 2    | 2    | 2    | 1     | 1    | 1    | 
|dsp48ex_wrapper__parameterized0_1316 | (C'+((D'-A')'*B'')')'   | 26     | 18     | 0      | 25     | 46     | 1    | 2    | 2    | 2    | 1     | 1    | 1    | 
|dsp48ex_wrapper__parameterized0_1315 | (C'+((D'-A')'*B'')')'   | 26     | 18     | 0      | 25     | 46     | 1    | 2    | 2    | 2    | 1     | 1    | 1    | 
|dsp48ex_wrapper__parameterized0_1314 | (C'+((D'-A')'*B'')')'   | 26     | 18     | 0      | 25     | 46     | 1    | 2    | 2    | 2    | 1     | 1    | 1    | 
|dsp48ex_wrapper__parameterized0_1309 | (C'+((D'-A')'*B'')')'   | 26     | 18     | 0      | 25     | 46     | 1    | 2    | 2    | 2    | 1     | 1    | 1    | 
|dsp48ex_wrapper__parameterized0_1308 | (C'+((D'-A')'*B'')')'   | 26     | 18     | 0      | 25     | 46     | 1    | 2    | 2    | 2    | 1     | 1    | 1    | 
|dsp48ex_wrapper__parameterized0_1307 | (C'+((D'-A')'*B'')')'   | 26     | 18     | 0      | 25     | 46     | 1    | 2    | 2    | 2    | 1     | 1    | 1    | 
|dsp48ex_wrapper__parameterized0_1306 | (C'+((D'-A')'*B'')')'   | 26     | 18     | 0      | 25     | 46     | 1    | 2    | 2    | 2    | 1     | 1    | 1    | 
|dsp48ex_wrapper__parameterized0_1301 | (C'+((D'-A')'*B'')')'   | 26     | 18     | 0      | 25     | 46     | 1    | 2    | 2    | 2    | 1     | 1    | 1    | 
|dsp48ex_wrapper__parameterized0_1300 | (C'+((D'-A')'*B'')')'   | 26     | 18     | 0      | 25     | 46     | 1    | 2    | 2    | 2    | 1     | 1    | 1    | 
|dsp48ex_wrapper__parameterized0_1299 | (C'+((D'-A')'*B'')')'   | 26     | 18     | 0      | 25     | 46     | 1    | 2    | 2    | 2    | 1     | 1    | 1    | 
|dsp48ex_wrapper__parameterized0_1298 | (C'+((D'-A')'*B'')')'   | 26     | 18     | 0      | 25     | 46     | 1    | 2    | 2    | 2    | 1     | 1    | 1    | 
|dsp48ex_wrapper__parameterized0_1293 | (C'+((D'-A')'*B'')')'   | 26     | 18     | 0      | 25     | 46     | 1    | 2    | 2    | 2    | 1     | 1    | 1    | 
|dsp48ex_wrapper__parameterized0_1292 | (C'+((D'-A')'*B'')')'   | 26     | 18     | 0      | 25     | 46     | 1    | 2    | 2    | 2    | 1     | 1    | 1    | 
|dsp48ex_wrapper__parameterized0_1291 | (C'+((D'-A')'*B'')')'   | 26     | 18     | 0      | 25     | 46     | 1    | 2    | 2    | 2    | 1     | 1    | 1    | 
|dsp48ex_wrapper__parameterized0_1290 | (C'+((D'-A')'*B'')')'   | 26     | 18     | 0      | 25     | 46     | 1    | 2    | 2    | 2    | 1     | 1    | 1    | 
|dsp48ex_wrapper__parameterized0_1285 | (C'+((D'-A')'*B'')')'   | 26     | 18     | 0      | 25     | 46     | 1    | 2    | 2    | 2    | 1     | 1    | 1    | 
|dsp48ex_wrapper__parameterized0_1284 | (C'+((D'-A')'*B'')')'   | 26     | 18     | 0      | 25     | 46     | 1    | 2    | 2    | 2    | 1     | 1    | 1    | 
|dsp48ex_wrapper__parameterized0_1283 | (C'+((D'-A')'*B'')')'   | 26     | 18     | 0      | 25     | 46     | 1    | 2    | 2    | 2    | 1     | 1    | 1    | 
|dsp48ex_wrapper__parameterized0_1282 | (C'+((D'-A')'*B'')')'   | 26     | 18     | 0      | 25     | 46     | 1    | 2    | 2    | 2    | 1     | 1    | 1    | 
|dsp48ex_wrapper__parameterized0_1277 | (C'+((D'-A')'*B'')')'   | 26     | 18     | 0      | 25     | 46     | 1    | 2    | 2    | 2    | 1     | 1    | 1    | 
|dsp48ex_wrapper__parameterized0_1276 | (C'+((D'-A')'*B'')')'   | 26     | 18     | 0      | 25     | 46     | 1    | 2    | 2    | 2    | 1     | 1    | 1    | 
|dsp48ex_wrapper__parameterized0_1275 | (C'+((D'-A')'*B'')')'   | 26     | 18     | 0      | 25     | 46     | 1    | 2    | 2    | 2    | 1     | 1    | 1    | 
|dsp48ex_wrapper__parameterized0_1274 | (C'+((D'-A')'*B'')')'   | 26     | 18     | 0      | 25     | 46     | 1    | 2    | 2    | 2    | 1     | 1    | 1    | 
|dsp48ex_wrapper__parameterized0_1269 | (C'+((D'-A')'*B'')')'   | 26     | 18     | 0      | 25     | 46     | 1    | 2    | 2    | 2    | 1     | 1    | 1    | 
|dsp48ex_wrapper__parameterized0_1268 | (C'+((D'-A')'*B'')')'   | 26     | 18     | 0      | 25     | 46     | 1    | 2    | 2    | 2    | 1     | 1    | 1    | 
|dsp48ex_wrapper__parameterized0_1267 | (C'+((D'-A')'*B'')')'   | 26     | 18     | 0      | 25     | 46     | 1    | 2    | 2    | 2    | 1     | 1    | 1    | 
|dsp48ex_wrapper__parameterized0_1266 | (C'+((D'-A')'*B'')')'   | 26     | 18     | 0      | 25     | 46     | 1    | 2    | 2    | 2    | 1     | 1    | 1    | 
|dsp48ex_wrapper__parameterized0_1261 | (C'+((D'-A')'*B'')')'   | 26     | 18     | 0      | 25     | 46     | 1    | 2    | 2    | 2    | 1     | 1    | 1    | 
|dsp48ex_wrapper__parameterized0_1260 | (C'+((D'-A')'*B'')')'   | 26     | 18     | 0      | 25     | 46     | 1    | 2    | 2    | 2    | 1     | 1    | 1    | 
|dsp48ex_wrapper__parameterized0_1259 | (C'+((D'-A')'*B'')')'   | 26     | 18     | 0      | 25     | 46     | 1    | 2    | 2    | 2    | 1     | 1    | 1    | 
|dsp48ex_wrapper__parameterized0_1258 | (C'+((D'-A')'*B'')')'   | 26     | 18     | 0      | 25     | 46     | 1    | 2    | 2    | 2    | 1     | 1    | 1    | 
|dsp48ex_wrapper__parameterized0_1253 | (PCIN+((D'-A')'*B'')')' | 26     | 18     | -      | 25     | 46     | 1    | 2    | -    | 2    | 1     | 1    | 1    | 
|dsp48ex_wrapper__parameterized0_1252 | (PCIN+((D'-A')'*B'')')' | 26     | 18     | -      | 25     | 46     | 1    | 2    | -    | 2    | 1     | 1    | 1    | 
|dsp48ex_wrapper__parameterized0_1251 | (PCIN+((D'-A')'*B'')')' | 26     | 18     | -      | 25     | 46     | 1    | 2    | -    | 2    | 1     | 1    | 1    | 
|dsp48ex_wrapper__parameterized0_1250 | (PCIN+((D'-A')'*B'')')' | 26     | 18     | -      | 25     | 46     | 1    | 2    | -    | 2    | 1     | 1    | 1    | 
|dsp48ex_wrapper__parameterized0_1245 | (PCIN+((D'-A')'*B'')')' | 26     | 18     | -      | 25     | 46     | 1    | 2    | -    | 2    | 1     | 1    | 1    | 
|dsp48ex_wrapper__parameterized0_1244 | (PCIN+((D'-A')'*B'')')' | 26     | 18     | -      | 25     | 46     | 1    | 2    | -    | 2    | 1     | 1    | 1    | 
|dsp48ex_wrapper__parameterized0_1243 | (PCIN+((D'-A')'*B'')')' | 26     | 18     | -      | 25     | 46     | 1    | 2    | -    | 2    | 1     | 1    | 1    | 
|dsp48ex_wrapper__parameterized0_1242 | (PCIN+((D'-A')'*B'')')' | 26     | 18     | -      | 25     | 46     | 1    | 2    | -    | 2    | 1     | 1    | 1    | 
|dsp48ex_wrapper__parameterized0_1237 | (PCIN+((D'-A')'*B'')')' | 26     | 18     | -      | 25     | 46     | 1    | 2    | -    | 2    | 1     | 1    | 1    | 
|dsp48ex_wrapper__parameterized0_1236 | (PCIN+((D'-A')'*B'')')' | 26     | 18     | -      | 25     | 46     | 1    | 2    | -    | 2    | 1     | 1    | 1    | 
|dsp48ex_wrapper__parameterized0_1235 | (PCIN+((D'-A')'*B'')')' | 26     | 18     | -      | 25     | 46     | 1    | 2    | -    | 2    | 1     | 1    | 1    | 
|dsp48ex_wrapper__parameterized0_1234 | (PCIN+((D'-A')'*B'')')' | 26     | 18     | -      | 25     | 46     | 1    | 2    | -    | 2    | 1     | 1    | 1    | 
|dsp48ex_wrapper__parameterized0_1229 | (PCIN+((D'-A')'*B'')')' | 26     | 18     | -      | 25     | 46     | 1    | 2    | -    | 2    | 1     | 1    | 1    | 
|dsp48ex_wrapper__parameterized0_1228 | (PCIN+((D'-A')'*B'')')' | 26     | 18     | -      | 25     | 46     | 1    | 2    | -    | 2    | 1     | 1    | 1    | 
|dsp48ex_wrapper__parameterized0_1227 | (PCIN+((D'-A')'*B'')')' | 26     | 18     | -      | 25     | 46     | 1    | 2    | -    | 2    | 1     | 1    | 1    | 
|dsp48ex_wrapper__parameterized0_1226 | (PCIN+((D'-A')'*B'')')' | 26     | 18     | -      | 25     | 46     | 1    | 2    | -    | 2    | 1     | 1    | 1    | 
|dsp48ex_wrapper__parameterized0_1221 | (PCIN+((D'-A')'*B'')')' | 26     | 18     | -      | 25     | 46     | 1    | 2    | -    | 2    | 1     | 1    | 1    | 
|dsp48ex_wrapper__parameterized0_1220 | (PCIN+((D'-A')'*B'')')' | 26     | 18     | -      | 25     | 46     | 1    | 2    | -    | 2    | 1     | 1    | 1    | 
|dsp48ex_wrapper__parameterized0_1219 | (PCIN+((D'-A')'*B'')')' | 26     | 18     | -      | 25     | 46     | 1    | 2    | -    | 2    | 1     | 1    | 1    | 
|dsp48ex_wrapper__parameterized0_1218 | (PCIN+((D'-A')'*B'')')' | 26     | 18     | -      | 25     | 46     | 1    | 2    | -    | 2    | 1     | 1    | 1    | 
|dsp48ex_wrapper__parameterized0_1213 | (PCIN+((D'-A')'*B'')')' | 26     | 18     | -      | 25     | 46     | 1    | 2    | -    | 2    | 1     | 1    | 1    | 
|dsp48ex_wrapper__parameterized0_1212 | (PCIN+((D'-A')'*B'')')' | 26     | 18     | -      | 25     | 46     | 1    | 2    | -    | 2    | 1     | 1    | 1    | 
|dsp48ex_wrapper__parameterized0_1211 | (PCIN+((D'-A')'*B'')')' | 26     | 18     | -      | 25     | 46     | 1    | 2    | -    | 2    | 1     | 1    | 1    | 
|dsp48ex_wrapper__parameterized0_1210 | (PCIN+((D'-A')'*B'')')' | 26     | 18     | -      | 25     | 46     | 1    | 2    | -    | 2    | 1     | 1    | 1    | 
|dsp48ex_wrapper__parameterized0_1205 | (PCIN+((D'-A')'*B'')')' | 26     | 18     | -      | 25     | 46     | 1    | 2    | -    | 2    | 1     | 1    | 1    | 
|dsp48ex_wrapper__parameterized0_1204 | (PCIN+((D'-A')'*B'')')' | 26     | 18     | -      | 25     | 46     | 1    | 2    | -    | 2    | 1     | 1    | 1    | 
|dsp48ex_wrapper__parameterized0_1203 | (PCIN+((D'-A')'*B'')')' | 26     | 18     | -      | 25     | 46     | 1    | 2    | -    | 2    | 1     | 1    | 1    | 
|dsp48ex_wrapper__parameterized0_1202 | (PCIN+((D'-A')'*B'')')' | 26     | 18     | -      | 25     | 46     | 1    | 2    | -    | 2    | 1     | 1    | 1    | 
|dsp48ex_wrapper__parameterized0_1197 | (PCIN+((D'-A')'*B'')')' | 26     | 18     | -      | 25     | 46     | 1    | 2    | -    | 2    | 1     | 1    | 1    | 
|dsp48ex_wrapper__parameterized0_1196 | (PCIN+((D'-A')'*B'')')' | 26     | 18     | -      | 25     | 46     | 1    | 2    | -    | 2    | 1     | 1    | 1    | 
|dsp48ex_wrapper__parameterized0_1195 | (PCIN+((D'-A')'*B'')')' | 26     | 18     | -      | 25     | 46     | 1    | 2    | -    | 2    | 1     | 1    | 1    | 
|dsp48ex_wrapper__parameterized0_1194 | (PCIN+((D'-A')'*B'')')' | 26     | 18     | -      | 25     | 46     | 1    | 2    | -    | 2    | 1     | 1    | 1    | 
|dsp48ex_wrapper__parameterized0_1189 | (PCIN+((D'-A')'*B'')')' | 26     | 18     | -      | 25     | 46     | 1    | 2    | -    | 2    | 1     | 1    | 1    | 
|dsp48ex_wrapper__parameterized0_1188 | (PCIN+((D'-A')'*B'')')' | 26     | 18     | -      | 25     | 46     | 1    | 2    | -    | 2    | 1     | 1    | 1    | 
|dsp48ex_wrapper__parameterized0_1187 | (PCIN+((D'-A')'*B'')')' | 26     | 18     | -      | 25     | 46     | 1    | 2    | -    | 2    | 1     | 1    | 1    | 
|dsp48ex_wrapper__parameterized0_1186 | (PCIN+((D'-A')'*B'')')' | 26     | 18     | -      | 25     | 46     | 1    | 2    | -    | 2    | 1     | 1    | 1    | 
|dsp48ex_wrapper__parameterized0_1181 | (PCIN+((D'-A')'*B'')')' | 26     | 18     | -      | 25     | 46     | 1    | 2    | -    | 2    | 1     | 1    | 1    | 
|dsp48ex_wrapper__parameterized0_1180 | (PCIN+((D'-A')'*B'')')' | 26     | 18     | -      | 25     | 46     | 1    | 2    | -    | 2    | 1     | 1    | 1    | 
|dsp48ex_wrapper__parameterized0_1179 | (PCIN+((D'-A')'*B'')')' | 26     | 18     | -      | 25     | 46     | 1    | 2    | -    | 2    | 1     | 1    | 1    | 
|dsp48ex_wrapper__parameterized0_1178 | (PCIN+((D'-A')'*B'')')' | 26     | 18     | -      | 25     | 46     | 1    | 2    | -    | 2    | 1     | 1    | 1    | 
|dsp48ex_wrapper__parameterized0_1173 | (PCIN+((D'-A')'*B'')')' | 26     | 18     | -      | 25     | 46     | 1    | 2    | -    | 2    | 1     | 1    | 1    | 
|dsp48ex_wrapper__parameterized0_1172 | (PCIN+((D'-A')'*B'')')' | 26     | 18     | -      | 25     | 46     | 1    | 2    | -    | 2    | 1     | 1    | 1    | 
|dsp48ex_wrapper__parameterized0_1171 | (PCIN+((D'-A')'*B'')')' | 26     | 18     | -      | 25     | 46     | 1    | 2    | -    | 2    | 1     | 1    | 1    | 
|dsp48ex_wrapper__parameterized0_1170 | (PCIN+((D'-A')'*B'')')' | 26     | 18     | -      | 25     | 46     | 1    | 2    | -    | 2    | 1     | 1    | 1    | 
|dsp48ex_wrapper__parameterized0_1165 | (PCIN+((D'-A')'*B'')')' | 26     | 18     | -      | 25     | 46     | 1    | 2    | -    | 2    | 1     | 1    | 1    | 
|dsp48ex_wrapper__parameterized0_1164 | (PCIN+((D'-A')'*B'')')' | 26     | 18     | -      | 25     | 46     | 1    | 2    | -    | 2    | 1     | 1    | 1    | 
|dsp48ex_wrapper__parameterized0_1163 | (PCIN+((D'-A')'*B'')')' | 26     | 18     | -      | 25     | 46     | 1    | 2    | -    | 2    | 1     | 1    | 1    | 
|dsp48ex_wrapper__parameterized0_1162 | (PCIN+((D'-A')'*B'')')' | 26     | 18     | -      | 25     | 46     | 1    | 2    | -    | 2    | 1     | 1    | 1    | 
|dsp48ex_wrapper__parameterized0_1157 | (PCIN+((D'-A')'*B'')')' | 26     | 18     | -      | 25     | 46     | 1    | 2    | -    | 2    | 1     | 1    | 1    | 
|dsp48ex_wrapper__parameterized0_1156 | (PCIN+((D'-A')'*B'')')' | 26     | 18     | -      | 25     | 46     | 1    | 2    | -    | 2    | 1     | 1    | 1    | 
|dsp48ex_wrapper__parameterized0_1155 | (PCIN+((D'-A')'*B'')')' | 26     | 18     | -      | 25     | 46     | 1    | 2    | -    | 2    | 1     | 1    | 1    | 
|dsp48ex_wrapper__parameterized0_1154 | (PCIN+((D'-A')'*B'')')' | 26     | 18     | -      | 25     | 46     | 1    | 2    | -    | 2    | 1     | 1    | 1    | 
|dsp48ex_wrapper__parameterized0_1149 | (PCIN+((D'-A')'*B'')')' | 26     | 18     | -      | 25     | 46     | 1    | 2    | -    | 2    | 1     | 1    | 1    | 
|dsp48ex_wrapper__parameterized0_1148 | (PCIN+((D'-A')'*B'')')' | 26     | 18     | -      | 25     | 46     | 1    | 2    | -    | 2    | 1     | 1    | 1    | 
|dsp48ex_wrapper__parameterized0_1147 | (PCIN+((D'-A')'*B'')')' | 26     | 18     | -      | 25     | 46     | 1    | 2    | -    | 2    | 1     | 1    | 1    | 
|dsp48ex_wrapper__parameterized0_1146 | (PCIN+((D'-A')'*B'')')' | 26     | 18     | -      | 25     | 46     | 1    | 2    | -    | 2    | 1     | 1    | 1    | 
|dsp48ex_wrapper__parameterized0_1141 | (PCIN+((D'-A')'*B'')')' | 26     | 18     | -      | 25     | 46     | 1    | 2    | -    | 2    | 1     | 1    | 1    | 
|dsp48ex_wrapper__parameterized0_1140 | (PCIN+((D'-A')'*B'')')' | 26     | 18     | -      | 25     | 46     | 1    | 2    | -    | 2    | 1     | 1    | 1    | 
|dsp48ex_wrapper__parameterized0_1139 | (PCIN+((D'-A')'*B'')')' | 26     | 18     | -      | 25     | 46     | 1    | 2    | -    | 2    | 1     | 1    | 1    | 
|dsp48ex_wrapper__parameterized0_1138 | (PCIN+((D'-A')'*B'')')' | 26     | 18     | -      | 25     | 46     | 1    | 2    | -    | 2    | 1     | 1    | 1    | 
|dsp48ex_wrapper__parameterized0_1133 | (PCIN+((D'-A')'*B'')')' | 26     | 18     | -      | 25     | 46     | 1    | 2    | -    | 2    | 1     | 1    | 1    | 
|dsp48ex_wrapper__parameterized0_1132 | (PCIN+((D'-A')'*B'')')' | 26     | 18     | -      | 25     | 46     | 1    | 2    | -    | 2    | 1     | 1    | 1    | 
|dsp48ex_wrapper__parameterized0_1131 | (PCIN+((D'-A')'*B'')')' | 26     | 18     | -      | 25     | 46     | 1    | 2    | -    | 2    | 1     | 1    | 1    | 
|dsp48ex_wrapper__parameterized0_1130 | (PCIN+((D'-A')'*B'')')' | 26     | 18     | -      | 25     | 46     | 1    | 2    | -    | 2    | 1     | 1    | 1    | 
|dsp48ex_wrapper__parameterized0_1125 | (PCIN+((D'-A')'*B'')')' | 26     | 18     | -      | 25     | 46     | 1    | 2    | -    | 2    | 1     | 1    | 1    | 
|dsp48ex_wrapper__parameterized0_1124 | (PCIN+((D'-A')'*B'')')' | 26     | 18     | -      | 25     | 46     | 1    | 2    | -    | 2    | 1     | 1    | 1    | 
|dsp48ex_wrapper__parameterized0_1123 | (PCIN+((D'-A')'*B'')')' | 26     | 18     | -      | 25     | 46     | 1    | 2    | -    | 2    | 1     | 1    | 1    | 
|dsp48ex_wrapper__parameterized0_1122 | (PCIN+((D'-A')'*B'')')' | 26     | 18     | -      | 25     | 46     | 1    | 2    | -    | 2    | 1     | 1    | 1    | 
|dsp48ex_wrapper__parameterized0_1115 | (PCIN+((D'-A')'*B'')')' | 26     | 18     | -      | 25     | 46     | 1    | 2    | -    | 2    | 1     | 1    | 1    | 
|dsp48ex_wrapper__parameterized0_1114 | (PCIN+((D'-A')'*B'')')' | 26     | 18     | -      | 25     | 46     | 1    | 2    | -    | 2    | 1     | 1    | 1    | 
|dsp48ex_wrapper__parameterized0_1113 | (PCIN+((D'-A')'*B'')')' | 26     | 18     | -      | 25     | 46     | 1    | 2    | -    | 2    | 1     | 1    | 1    | 
|dsp48ex_wrapper__parameterized0_1112 | (PCIN+((D'-A')'*B'')')' | 26     | 18     | -      | 25     | 46     | 1    | 2    | -    | 2    | 1     | 1    | 1    | 
|dsp48ex_wrapper__parameterized0_1105 | (PCIN+((D'-A')'*B'')')' | 26     | 18     | -      | 25     | 46     | 1    | 2    | -    | 2    | 1     | 1    | 1    | 
|dsp48ex_wrapper__parameterized0_1104 | (PCIN+((D'-A')'*B'')')' | 26     | 18     | -      | 25     | 46     | 1    | 2    | -    | 2    | 1     | 1    | 1    | 
|dsp48ex_wrapper__parameterized0_1103 | (PCIN+((D'-A')'*B'')')' | 26     | 18     | -      | 25     | 46     | 1    | 2    | -    | 2    | 1     | 1    | 1    | 
|dsp48ex_wrapper__parameterized0_1102 | (PCIN+((D'-A')'*B'')')' | 26     | 18     | -      | 25     | 46     | 1    | 2    | -    | 2    | 1     | 1    | 1    | 
|dsp48ex_wrapper__parameterized0_1095 | (PCIN+((D'-A')'*B'')')' | 26     | 18     | -      | 25     | 46     | 1    | 2    | -    | 2    | 1     | 1    | 1    | 
|dsp48ex_wrapper__parameterized0_1094 | (PCIN+((D'-A')'*B'')')' | 26     | 18     | -      | 25     | 46     | 1    | 2    | -    | 2    | 1     | 1    | 1    | 
|dsp48ex_wrapper__parameterized0_1093 | (PCIN+((D'-A')'*B'')')' | 26     | 18     | -      | 25     | 46     | 1    | 2    | -    | 2    | 1     | 1    | 1    | 
|dsp48ex_wrapper__parameterized0_1092 | (PCIN+((D'-A')'*B'')')' | 26     | 18     | -      | 25     | 46     | 1    | 2    | -    | 2    | 1     | 1    | 1    | 
|dsp48ex_wrapper__parameterized0_1085 | (PCIN+((D'-A')'*B'')')' | 26     | 18     | -      | 25     | 46     | 1    | 2    | -    | 2    | 1     | 1    | 1    | 
|dsp48ex_wrapper__parameterized0_1084 | (PCIN+((D'-A')'*B'')')' | 26     | 18     | -      | 25     | 46     | 1    | 2    | -    | 2    | 1     | 1    | 1    | 
|dsp48ex_wrapper__parameterized0_1083 | (PCIN+((D'-A')'*B'')')' | 26     | 18     | -      | 25     | 46     | 1    | 2    | -    | 2    | 1     | 1    | 1    | 
|dsp48ex_wrapper__parameterized0_1082 | (PCIN+((D'-A')'*B'')')' | 26     | 18     | -      | 25     | 46     | 1    | 2    | -    | 2    | 1     | 1    | 1    | 
|dsp48ex_wrapper__parameterized0_1075 | (PCIN+((D'-A')'*B'')')' | 26     | 18     | -      | 25     | 46     | 1    | 2    | -    | 2    | 1     | 1    | 1    | 
|dsp48ex_wrapper__parameterized0_1074 | (PCIN+((D'-A')'*B'')')' | 26     | 18     | -      | 25     | 46     | 1    | 2    | -    | 2    | 1     | 1    | 1    | 
|dsp48ex_wrapper__parameterized0_1073 | (PCIN+((D'-A')'*B'')')' | 26     | 18     | -      | 25     | 46     | 1    | 2    | -    | 2    | 1     | 1    | 1    | 
|dsp48ex_wrapper__parameterized0_1072 | (PCIN+((D'-A')'*B'')')' | 26     | 18     | -      | 25     | 46     | 1    | 2    | -    | 2    | 1     | 1    | 1    | 
|dsp48ex_wrapper__parameterized0_1065 | (PCIN+((D'-A')'*B'')')' | 26     | 18     | -      | 25     | 46     | 1    | 2    | -    | 2    | 1     | 1    | 1    | 
|dsp48ex_wrapper__parameterized0_1064 | (PCIN+((D'-A')'*B'')')' | 26     | 18     | -      | 25     | 46     | 1    | 2    | -    | 2    | 1     | 1    | 1    | 
|dsp48ex_wrapper__parameterized0_1063 | (PCIN+((D'-A')'*B'')')' | 26     | 18     | -      | 25     | 46     | 1    | 2    | -    | 2    | 1     | 1    | 1    | 
|dsp48ex_wrapper__parameterized0_1062 | (PCIN+((D'-A')'*B'')')' | 26     | 18     | -      | 25     | 46     | 1    | 2    | -    | 2    | 1     | 1    | 1    | 
|dsp48ex_wrapper__parameterized0_1055 | (PCIN+((D'-A')'*B'')')' | 26     | 18     | -      | 25     | 46     | 1    | 2    | -    | 2    | 1     | 1    | 1    | 
|dsp48ex_wrapper__parameterized0_1054 | (PCIN+((D'-A')'*B'')')' | 26     | 18     | -      | 25     | 46     | 1    | 2    | -    | 2    | 1     | 1    | 1    | 
|dsp48ex_wrapper__parameterized0_1053 | (PCIN+((D'-A')'*B'')')' | 26     | 18     | -      | 25     | 46     | 1    | 2    | -    | 2    | 1     | 1    | 1    | 
|dsp48ex_wrapper__parameterized0_1052 | (PCIN+((D'-A')'*B'')')' | 26     | 18     | -      | 25     | 46     | 1    | 2    | -    | 2    | 1     | 1    | 1    | 
|dsp48ex_wrapper__parameterized0_1045 | (C'+((D'-A')'*B'')')'   | 26     | 18     | 48     | 25     | 46     | 1    | 2    | 2    | 2    | 1     | 1    | 1    | 
|dsp48ex_wrapper__parameterized0_1044 | (C'+((D'-A')'*B'')')'   | 26     | 18     | 48     | 25     | 46     | 1    | 2    | 2    | 2    | 1     | 1    | 1    | 
|dsp48ex_wrapper__parameterized0_1043 | (C'+((D'-A')'*B'')')'   | 26     | 18     | 48     | 25     | 46     | 1    | 2    | 2    | 2    | 1     | 1    | 1    | 
|dsp48ex_wrapper__parameterized0_1042 | (C'+((D'-A')'*B'')')'   | 26     | 18     | 48     | 25     | 46     | 1    | 2    | 2    | 2    | 1     | 1    | 1    | 
|dsp48ex_wrapper__parameterized0_1037 | (C'+((D'-A')'*B'')')'   | 26     | 18     | 48     | 25     | 46     | 1    | 2    | 2    | 2    | 1     | 1    | 1    | 
|dsp48ex_wrapper__parameterized0_1036 | (C'+((D'-A')'*B'')')'   | 26     | 18     | 48     | 25     | 46     | 1    | 2    | 2    | 2    | 1     | 1    | 1    | 
|dsp48ex_wrapper__parameterized0_1035 | (C'+((D'-A')'*B'')')'   | 26     | 18     | 48     | 25     | 46     | 1    | 2    | 2    | 2    | 1     | 1    | 1    | 
|dsp48ex_wrapper__parameterized0_1034 | (C'+((D'-A')'*B'')')'   | 26     | 18     | 48     | 25     | 46     | 1    | 2    | 2    | 2    | 1     | 1    | 1    | 
|dsp48ex_wrapper__parameterized0_1029 | (C'+((D'-A')'*B'')')'   | 26     | 18     | 48     | 25     | 46     | 1    | 2    | 2    | 2    | 1     | 1    | 1    | 
|dsp48ex_wrapper__parameterized0_1028 | (C'+((D'-A')'*B'')')'   | 26     | 18     | 48     | 25     | 46     | 1    | 2    | 2    | 2    | 1     | 1    | 1    | 
|dsp48ex_wrapper__parameterized0_1027 | (C'+((D'-A')'*B'')')'   | 26     | 18     | 48     | 25     | 46     | 1    | 2    | 2    | 2    | 1     | 1    | 1    | 
|dsp48ex_wrapper__parameterized0_1026 | (C'+((D'-A')'*B'')')'   | 26     | 18     | 48     | 25     | 46     | 1    | 2    | 2    | 2    | 1     | 1    | 1    | 
|dsp48ex_wrapper__parameterized0_1021 | (C'+((D'-A')'*B'')')'   | 26     | 18     | 48     | 25     | 46     | 1    | 2    | 2    | 2    | 1     | 1    | 1    | 
|dsp48ex_wrapper__parameterized0_1020 | (C'+((D'-A')'*B'')')'   | 26     | 18     | 48     | 25     | 46     | 1    | 2    | 2    | 2    | 1     | 1    | 1    | 
|dsp48ex_wrapper__parameterized0_1019 | (C'+((D'-A')'*B'')')'   | 26     | 18     | 48     | 25     | 46     | 1    | 2    | 2    | 2    | 1     | 1    | 1    | 
|dsp48ex_wrapper__parameterized0_1018 | (C'+((D'-A')'*B'')')'   | 26     | 18     | 48     | 25     | 46     | 1    | 2    | 2    | 2    | 1     | 1    | 1    | 
|dsp48ex_wrapper__parameterized0_1013 | (C'+((D'-A')'*B'')')'   | 26     | 18     | 48     | 25     | 46     | 1    | 2    | 2    | 2    | 1     | 1    | 1    | 
|dsp48ex_wrapper__parameterized0_1012 | (C'+((D'-A')'*B'')')'   | 26     | 18     | 48     | 25     | 46     | 1    | 2    | 2    | 2    | 1     | 1    | 1    | 
|dsp48ex_wrapper__parameterized0_1011 | (C'+((D'-A')'*B'')')'   | 26     | 18     | 48     | 25     | 46     | 1    | 2    | 2    | 2    | 1     | 1    | 1    | 
|dsp48ex_wrapper__parameterized0_1010 | (C'+((D'-A')'*B'')')'   | 26     | 18     | 48     | 25     | 46     | 1    | 2    | 2    | 2    | 1     | 1    | 1    | 
|dsp48ex_wrapper__parameterized0_1005 | (C'+((D'-A')'*B'')')'   | 26     | 18     | 48     | 25     | 46     | 1    | 2    | 2    | 2    | 1     | 1    | 1    | 
|dsp48ex_wrapper__parameterized0_1004 | (C'+((D'-A')'*B'')')'   | 26     | 18     | 48     | 25     | 46     | 1    | 2    | 2    | 2    | 1     | 1    | 1    | 
|dsp48ex_wrapper__parameterized0_1003 | (C'+((D'-A')'*B'')')'   | 26     | 18     | 48     | 25     | 46     | 1    | 2    | 2    | 2    | 1     | 1    | 1    | 
|dsp48ex_wrapper__parameterized0_1002 | (C'+((D'-A')'*B'')')'   | 26     | 18     | 48     | 25     | 46     | 1    | 2    | 2    | 2    | 1     | 1    | 1    | 
|dsp48ex_wrapper__parameterized0_997  | (C'+((D'-A')'*B'')')'   | 26     | 18     | 48     | 25     | 46     | 1    | 2    | 2    | 2    | 1     | 1    | 1    | 
|dsp48ex_wrapper__parameterized0_996  | (C'+((D'-A')'*B'')')'   | 26     | 18     | 48     | 25     | 46     | 1    | 2    | 2    | 2    | 1     | 1    | 1    | 
|dsp48ex_wrapper__parameterized0_995  | (C'+((D'-A')'*B'')')'   | 26     | 18     | 48     | 25     | 46     | 1    | 2    | 2    | 2    | 1     | 1    | 1    | 
|dsp48ex_wrapper__parameterized0_994  | (C'+((D'-A')'*B'')')'   | 26     | 18     | 48     | 25     | 46     | 1    | 2    | 2    | 2    | 1     | 1    | 1    | 
|dsp48ex_wrapper__parameterized0_989  | (C'+((D'-A')'*B'')')'   | 26     | 18     | 48     | 25     | 46     | 1    | 2    | 2    | 2    | 1     | 1    | 1    | 
|dsp48ex_wrapper__parameterized0_988  | (C'+((D'-A')'*B'')')'   | 26     | 18     | 48     | 25     | 46     | 1    | 2    | 2    | 2    | 1     | 1    | 1    | 
|dsp48ex_wrapper__parameterized0_987  | (C'+((D'-A')'*B'')')'   | 26     | 18     | 48     | 25     | 46     | 1    | 2    | 2    | 2    | 1     | 1    | 1    | 
|dsp48ex_wrapper__parameterized0_986  | (C'+((D'-A')'*B'')')'   | 26     | 18     | 48     | 25     | 46     | 1    | 2    | 2    | 2    | 1     | 1    | 1    | 
|dsp48ex_wrapper__parameterized0_981  | (PCIN+((D'-A')'*B'')')' | 26     | 18     | -      | 25     | 46     | 1    | 2    | -    | 2    | 1     | 1    | 1    | 
|dsp48ex_wrapper__parameterized0_980  | (PCIN+((D'-A')'*B'')')' | 26     | 18     | -      | 25     | 46     | 1    | 2    | -    | 2    | 1     | 1    | 1    | 
|dsp48ex_wrapper__parameterized0_979  | (PCIN+((D'-A')'*B'')')' | 26     | 18     | -      | 25     | 46     | 1    | 2    | -    | 2    | 1     | 1    | 1    | 
|dsp48ex_wrapper__parameterized0_978  | (PCIN+((D'-A')'*B'')')' | 26     | 18     | -      | 25     | 46     | 1    | 2    | -    | 2    | 1     | 1    | 1    | 
|dsp48ex_wrapper__parameterized0_971  | (PCIN+((D'-A')'*B'')')' | 26     | 18     | -      | 25     | 46     | 1    | 2    | -    | 2    | 1     | 1    | 1    | 
|dsp48ex_wrapper__parameterized0_970  | (PCIN+((D'-A')'*B'')')' | 26     | 18     | -      | 25     | 46     | 1    | 2    | -    | 2    | 1     | 1    | 1    | 
|dsp48ex_wrapper__parameterized0_969  | (PCIN+((D'-A')'*B'')')' | 26     | 18     | -      | 25     | 46     | 1    | 2    | -    | 2    | 1     | 1    | 1    | 
|dsp48ex_wrapper__parameterized0_968  | (PCIN+((D'-A')'*B'')')' | 26     | 18     | -      | 25     | 46     | 1    | 2    | -    | 2    | 1     | 1    | 1    | 
|dsp48ex_wrapper__parameterized0_961  | (PCIN+((D'-A')'*B'')')' | 26     | 18     | -      | 25     | 46     | 1    | 2    | -    | 2    | 1     | 1    | 1    | 
|dsp48ex_wrapper__parameterized0_960  | (PCIN+((D'-A')'*B'')')' | 26     | 18     | -      | 25     | 46     | 1    | 2    | -    | 2    | 1     | 1    | 1    | 
|dsp48ex_wrapper__parameterized0_959  | (PCIN+((D'-A')'*B'')')' | 26     | 18     | -      | 25     | 46     | 1    | 2    | -    | 2    | 1     | 1    | 1    | 
|dsp48ex_wrapper__parameterized0_958  | (PCIN+((D'-A')'*B'')')' | 26     | 18     | -      | 25     | 46     | 1    | 2    | -    | 2    | 1     | 1    | 1    | 
|dsp48ex_wrapper__parameterized0_951  | (PCIN+((D'-A')'*B'')')' | 26     | 18     | -      | 25     | 46     | 1    | 2    | -    | 2    | 1     | 1    | 1    | 
|dsp48ex_wrapper__parameterized0_950  | (PCIN+((D'-A')'*B'')')' | 26     | 18     | -      | 25     | 46     | 1    | 2    | -    | 2    | 1     | 1    | 1    | 
|dsp48ex_wrapper__parameterized0_949  | (PCIN+((D'-A')'*B'')')' | 26     | 18     | -      | 25     | 46     | 1    | 2    | -    | 2    | 1     | 1    | 1    | 
|dsp48ex_wrapper__parameterized0_948  | (PCIN+((D'-A')'*B'')')' | 26     | 18     | -      | 25     | 46     | 1    | 2    | -    | 2    | 1     | 1    | 1    | 
|dsp48ex_wrapper__parameterized0_941  | (PCIN+((D'-A')'*B'')')' | 26     | 18     | -      | 25     | 46     | 1    | 2    | -    | 2    | 1     | 1    | 1    | 
|dsp48ex_wrapper__parameterized0_940  | (PCIN+((D'-A')'*B'')')' | 26     | 18     | -      | 25     | 46     | 1    | 2    | -    | 2    | 1     | 1    | 1    | 
|dsp48ex_wrapper__parameterized0_939  | (PCIN+((D'-A')'*B'')')' | 26     | 18     | -      | 25     | 46     | 1    | 2    | -    | 2    | 1     | 1    | 1    | 
|dsp48ex_wrapper__parameterized0_938  | (PCIN+((D'-A')'*B'')')' | 26     | 18     | -      | 25     | 46     | 1    | 2    | -    | 2    | 1     | 1    | 1    | 
|dsp48ex_wrapper__parameterized0_931  | (PCIN+((D'-A')'*B'')')' | 26     | 18     | -      | 25     | 46     | 1    | 2    | -    | 2    | 1     | 1    | 1    | 
|dsp48ex_wrapper__parameterized0_930  | (PCIN+((D'-A')'*B'')')' | 26     | 18     | -      | 25     | 46     | 1    | 2    | -    | 2    | 1     | 1    | 1    | 
|dsp48ex_wrapper__parameterized0_929  | (PCIN+((D'-A')'*B'')')' | 26     | 18     | -      | 25     | 46     | 1    | 2    | -    | 2    | 1     | 1    | 1    | 
|dsp48ex_wrapper__parameterized0_928  | (PCIN+((D'-A')'*B'')')' | 26     | 18     | -      | 25     | 46     | 1    | 2    | -    | 2    | 1     | 1    | 1    | 
|dsp48ex_wrapper__parameterized0_921  | (PCIN+((D'-A')'*B'')')' | 26     | 18     | -      | 25     | 46     | 1    | 2    | -    | 2    | 1     | 1    | 1    | 
|dsp48ex_wrapper__parameterized0_920  | (PCIN+((D'-A')'*B'')')' | 26     | 18     | -      | 25     | 46     | 1    | 2    | -    | 2    | 1     | 1    | 1    | 
|dsp48ex_wrapper__parameterized0_919  | (PCIN+((D'-A')'*B'')')' | 26     | 18     | -      | 25     | 46     | 1    | 2    | -    | 2    | 1     | 1    | 1    | 
|dsp48ex_wrapper__parameterized0_918  | (PCIN+((D'-A')'*B'')')' | 26     | 18     | -      | 25     | 46     | 1    | 2    | -    | 2    | 1     | 1    | 1    | 
|dsp48ex_wrapper__parameterized0_911  | (PCIN+((D'-A')'*B'')')' | 26     | 18     | -      | 25     | 46     | 1    | 2    | -    | 2    | 1     | 1    | 1    | 
|dsp48ex_wrapper__parameterized0_910  | (PCIN+((D'-A')'*B'')')' | 26     | 18     | -      | 25     | 46     | 1    | 2    | -    | 2    | 1     | 1    | 1    | 
|dsp48ex_wrapper__parameterized0_909  | (PCIN+((D'-A')'*B'')')' | 26     | 18     | -      | 25     | 46     | 1    | 2    | -    | 2    | 1     | 1    | 1    | 
|dsp48ex_wrapper__parameterized0_908  | (PCIN+((D'-A')'*B'')')' | 26     | 18     | -      | 25     | 46     | 1    | 2    | -    | 2    | 1     | 1    | 1    | 
|dsp48ex_wrapper__parameterized0_901  | (C'+((D'-A')'*B'')')'   | 26     | 18     | 0      | 25     | 46     | 1    | 2    | 2    | 2    | 1     | 1    | 1    | 
|dsp48ex_wrapper__parameterized0_900  | (C'+((D'-A')'*B'')')'   | 26     | 18     | 0      | 25     | 46     | 1    | 2    | 2    | 2    | 1     | 1    | 1    | 
|dsp48ex_wrapper__parameterized0_899  | (C'+((D'-A')'*B'')')'   | 26     | 18     | 0      | 25     | 46     | 1    | 2    | 2    | 2    | 1     | 1    | 1    | 
|dsp48ex_wrapper__parameterized0_898  | (C'+((D'-A')'*B'')')'   | 26     | 18     | 0      | 25     | 46     | 1    | 2    | 2    | 2    | 1     | 1    | 1    | 
|dsp48ex_wrapper__parameterized0_893  | (C'+((D'-A')'*B'')')'   | 26     | 18     | 0      | 25     | 46     | 1    | 2    | 2    | 2    | 1     | 1    | 1    | 
|dsp48ex_wrapper__parameterized0_892  | (C'+((D'-A')'*B'')')'   | 26     | 18     | 0      | 25     | 46     | 1    | 2    | 2    | 2    | 1     | 1    | 1    | 
|dsp48ex_wrapper__parameterized0_891  | (C'+((D'-A')'*B'')')'   | 26     | 18     | 0      | 25     | 46     | 1    | 2    | 2    | 2    | 1     | 1    | 1    | 
|dsp48ex_wrapper__parameterized0_890  | (C'+((D'-A')'*B'')')'   | 26     | 18     | 0      | 25     | 46     | 1    | 2    | 2    | 2    | 1     | 1    | 1    | 
|dsp48ex_wrapper__parameterized0_885  | (C'+((D'-A')'*B'')')'   | 26     | 18     | 0      | 25     | 46     | 1    | 2    | 2    | 2    | 1     | 1    | 1    | 
|dsp48ex_wrapper__parameterized0_884  | (C'+((D'-A')'*B'')')'   | 26     | 18     | 0      | 25     | 46     | 1    | 2    | 2    | 2    | 1     | 1    | 1    | 
|dsp48ex_wrapper__parameterized0_883  | (C'+((D'-A')'*B'')')'   | 26     | 18     | 0      | 25     | 46     | 1    | 2    | 2    | 2    | 1     | 1    | 1    | 
|dsp48ex_wrapper__parameterized0_882  | (C'+((D'-A')'*B'')')'   | 26     | 18     | 0      | 25     | 46     | 1    | 2    | 2    | 2    | 1     | 1    | 1    | 
|dsp48ex_wrapper__parameterized0_877  | (C'+((D'-A')'*B'')')'   | 26     | 18     | 0      | 25     | 46     | 1    | 2    | 2    | 2    | 1     | 1    | 1    | 
|dsp48ex_wrapper__parameterized0_876  | (C'+((D'-A')'*B'')')'   | 26     | 18     | 0      | 25     | 46     | 1    | 2    | 2    | 2    | 1     | 1    | 1    | 
|dsp48ex_wrapper__parameterized0_875  | (C'+((D'-A')'*B'')')'   | 26     | 18     | 0      | 25     | 46     | 1    | 2    | 2    | 2    | 1     | 1    | 1    | 
|dsp48ex_wrapper__parameterized0_874  | (C'+((D'-A')'*B'')')'   | 26     | 18     | 0      | 25     | 46     | 1    | 2    | 2    | 2    | 1     | 1    | 1    | 
|dsp48ex_wrapper__parameterized0_869  | (C'+((D'-A')'*B'')')'   | 26     | 18     | 0      | 25     | 46     | 1    | 2    | 2    | 2    | 1     | 1    | 1    | 
|dsp48ex_wrapper__parameterized0_868  | (C'+((D'-A')'*B'')')'   | 26     | 18     | 0      | 25     | 46     | 1    | 2    | 2    | 2    | 1     | 1    | 1    | 
|dsp48ex_wrapper__parameterized0_867  | (C'+((D'-A')'*B'')')'   | 26     | 18     | 0      | 25     | 46     | 1    | 2    | 2    | 2    | 1     | 1    | 1    | 
|dsp48ex_wrapper__parameterized0_866  | (C'+((D'-A')'*B'')')'   | 26     | 18     | 0      | 25     | 46     | 1    | 2    | 2    | 2    | 1     | 1    | 1    | 
|dsp48ex_wrapper__parameterized0_861  | (C'+((D'-A')'*B'')')'   | 26     | 18     | 0      | 25     | 46     | 1    | 2    | 2    | 2    | 1     | 1    | 1    | 
|dsp48ex_wrapper__parameterized0_860  | (C'+((D'-A')'*B'')')'   | 26     | 18     | 0      | 25     | 46     | 1    | 2    | 2    | 2    | 1     | 1    | 1    | 
|dsp48ex_wrapper__parameterized0_859  | (C'+((D'-A')'*B'')')'   | 26     | 18     | 0      | 25     | 46     | 1    | 2    | 2    | 2    | 1     | 1    | 1    | 
|dsp48ex_wrapper__parameterized0_858  | (C'+((D'-A')'*B'')')'   | 26     | 18     | 0      | 25     | 46     | 1    | 2    | 2    | 2    | 1     | 1    | 1    | 
|dsp48ex_wrapper__parameterized0_853  | (C'+((D'-A')'*B'')')'   | 26     | 18     | 0      | 25     | 46     | 1    | 2    | 2    | 2    | 1     | 1    | 1    | 
|dsp48ex_wrapper__parameterized0_852  | (C'+((D'-A')'*B'')')'   | 26     | 18     | 0      | 25     | 46     | 1    | 2    | 2    | 2    | 1     | 1    | 1    | 
|dsp48ex_wrapper__parameterized0_851  | (C'+((D'-A')'*B'')')'   | 26     | 18     | 0      | 25     | 46     | 1    | 2    | 2    | 2    | 1     | 1    | 1    | 
|dsp48ex_wrapper__parameterized0_850  | (C'+((D'-A')'*B'')')'   | 26     | 18     | 0      | 25     | 46     | 1    | 2    | 2    | 2    | 1     | 1    | 1    | 
|dsp48ex_wrapper__parameterized0_845  | (C'+((D'-A')'*B'')')'   | 26     | 18     | 0      | 25     | 46     | 1    | 2    | 2    | 2    | 1     | 1    | 1    | 
|dsp48ex_wrapper__parameterized0_844  | (C'+((D'-A')'*B'')')'   | 26     | 18     | 0      | 25     | 46     | 1    | 2    | 2    | 2    | 1     | 1    | 1    | 
|dsp48ex_wrapper__parameterized0_843  | (C'+((D'-A')'*B'')')'   | 26     | 18     | 0      | 25     | 46     | 1    | 2    | 2    | 2    | 1     | 1    | 1    | 
|dsp48ex_wrapper__parameterized0_842  | (C'+((D'-A')'*B'')')'   | 26     | 18     | 0      | 25     | 46     | 1    | 2    | 2    | 2    | 1     | 1    | 1    | 
|dsp48ex_wrapper__parameterized0_838  | (PCIN+((D'-A')'*B'')')' | 26     | 18     | -      | 25     | 46     | 1    | 2    | -    | 2    | 1     | 1    | 1    | 
|dsp48ex_wrapper__parameterized0_837  | (PCIN+((D'-A')'*B'')')' | 26     | 18     | -      | 25     | 46     | 1    | 2    | -    | 2    | 1     | 1    | 1    | 
|dsp48ex_wrapper__parameterized0_836  | (PCIN+((D'-A')'*B'')')' | 26     | 18     | -      | 25     | 46     | 1    | 2    | -    | 2    | 1     | 1    | 1    | 
|dsp48ex_wrapper__parameterized0_835  | (PCIN+((D'-A')'*B'')')' | 26     | 18     | -      | 25     | 46     | 1    | 2    | -    | 2    | 1     | 1    | 1    | 
|dsp48ex_wrapper__parameterized0_830  | (PCIN+((D'-A')'*B'')')' | 26     | 18     | -      | 25     | 46     | 1    | 2    | -    | 2    | 1     | 1    | 1    | 
|dsp48ex_wrapper__parameterized0_829  | (PCIN+((D'-A')'*B'')')' | 26     | 18     | -      | 25     | 46     | 1    | 2    | -    | 2    | 1     | 1    | 1    | 
|dsp48ex_wrapper__parameterized0_828  | (PCIN+((D'-A')'*B'')')' | 26     | 18     | -      | 25     | 46     | 1    | 2    | -    | 2    | 1     | 1    | 1    | 
|dsp48ex_wrapper__parameterized0_827  | (PCIN+((D'-A')'*B'')')' | 26     | 18     | -      | 25     | 46     | 1    | 2    | -    | 2    | 1     | 1    | 1    | 
|dsp48ex_wrapper__parameterized0_822  | (PCIN+((D'-A')'*B'')')' | 26     | 18     | -      | 25     | 46     | 1    | 2    | -    | 2    | 1     | 1    | 1    | 
|dsp48ex_wrapper__parameterized0_821  | (PCIN+((D'-A')'*B'')')' | 26     | 18     | -      | 25     | 46     | 1    | 2    | -    | 2    | 1     | 1    | 1    | 
|dsp48ex_wrapper__parameterized0_820  | (PCIN+((D'-A')'*B'')')' | 26     | 18     | -      | 25     | 46     | 1    | 2    | -    | 2    | 1     | 1    | 1    | 
|dsp48ex_wrapper__parameterized0_819  | (PCIN+((D'-A')'*B'')')' | 26     | 18     | -      | 25     | 46     | 1    | 2    | -    | 2    | 1     | 1    | 1    | 
|dsp48ex_wrapper__parameterized0_814  | (PCIN+((D'-A')'*B'')')' | 26     | 18     | -      | 25     | 46     | 1    | 2    | -    | 2    | 1     | 1    | 1    | 
|dsp48ex_wrapper__parameterized0_813  | (PCIN+((D'-A')'*B'')')' | 26     | 18     | -      | 25     | 46     | 1    | 2    | -    | 2    | 1     | 1    | 1    | 
|dsp48ex_wrapper__parameterized0_812  | (PCIN+((D'-A')'*B'')')' | 26     | 18     | -      | 25     | 46     | 1    | 2    | -    | 2    | 1     | 1    | 1    | 
|dsp48ex_wrapper__parameterized0_811  | (PCIN+((D'-A')'*B'')')' | 26     | 18     | -      | 25     | 46     | 1    | 2    | -    | 2    | 1     | 1    | 1    | 
|dsp48ex_wrapper__parameterized0_806  | (PCIN+((D'-A')'*B'')')' | 26     | 18     | -      | 25     | 46     | 1    | 2    | -    | 2    | 1     | 1    | 1    | 
|dsp48ex_wrapper__parameterized0_805  | (PCIN+((D'-A')'*B'')')' | 26     | 18     | -      | 25     | 46     | 1    | 2    | -    | 2    | 1     | 1    | 1    | 
|dsp48ex_wrapper__parameterized0_804  | (PCIN+((D'-A')'*B'')')' | 26     | 18     | -      | 25     | 46     | 1    | 2    | -    | 2    | 1     | 1    | 1    | 
|dsp48ex_wrapper__parameterized0_803  | (PCIN+((D'-A')'*B'')')' | 26     | 18     | -      | 25     | 46     | 1    | 2    | -    | 2    | 1     | 1    | 1    | 
|dsp48ex_wrapper__parameterized0_798  | (PCIN+((D'-A')'*B'')')' | 26     | 18     | -      | 25     | 46     | 1    | 2    | -    | 2    | 1     | 1    | 1    | 
|dsp48ex_wrapper__parameterized0_797  | (PCIN+((D'-A')'*B'')')' | 26     | 18     | -      | 25     | 46     | 1    | 2    | -    | 2    | 1     | 1    | 1    | 
|dsp48ex_wrapper__parameterized0_796  | (PCIN+((D'-A')'*B'')')' | 26     | 18     | -      | 25     | 46     | 1    | 2    | -    | 2    | 1     | 1    | 1    | 
|dsp48ex_wrapper__parameterized0_795  | (PCIN+((D'-A')'*B'')')' | 26     | 18     | -      | 25     | 46     | 1    | 2    | -    | 2    | 1     | 1    | 1    | 
|dsp48ex_wrapper__parameterized0_790  | (PCIN+((D'-A')'*B'')')' | 26     | 18     | -      | 25     | 46     | 1    | 2    | -    | 2    | 1     | 1    | 1    | 
|dsp48ex_wrapper__parameterized0_789  | (PCIN+((D'-A')'*B'')')' | 26     | 18     | -      | 25     | 46     | 1    | 2    | -    | 2    | 1     | 1    | 1    | 
|dsp48ex_wrapper__parameterized0_788  | (PCIN+((D'-A')'*B'')')' | 26     | 18     | -      | 25     | 46     | 1    | 2    | -    | 2    | 1     | 1    | 1    | 
|dsp48ex_wrapper__parameterized0_787  | (PCIN+((D'-A')'*B'')')' | 26     | 18     | -      | 25     | 46     | 1    | 2    | -    | 2    | 1     | 1    | 1    | 
|dsp48ex_wrapper__parameterized0_782  | (PCIN+((D'-A')'*B'')')' | 26     | 18     | -      | 25     | 46     | 1    | 2    | -    | 2    | 1     | 1    | 1    | 
|dsp48ex_wrapper__parameterized0_781  | (PCIN+((D'-A')'*B'')')' | 26     | 18     | -      | 25     | 46     | 1    | 2    | -    | 2    | 1     | 1    | 1    | 
|dsp48ex_wrapper__parameterized0_780  | (PCIN+((D'-A')'*B'')')' | 26     | 18     | -      | 25     | 46     | 1    | 2    | -    | 2    | 1     | 1    | 1    | 
|dsp48ex_wrapper__parameterized0_779  | (PCIN+((D'-A')'*B'')')' | 26     | 18     | -      | 25     | 46     | 1    | 2    | -    | 2    | 1     | 1    | 1    | 
|dsp48ex_wrapper__parameterized0_774  | (PCIN+((D'-A')'*B'')')' | 26     | 18     | -      | 25     | 46     | 1    | 2    | -    | 2    | 1     | 1    | 1    | 
|dsp48ex_wrapper__parameterized0_773  | (PCIN+((D'-A')'*B'')')' | 26     | 18     | -      | 25     | 46     | 1    | 2    | -    | 2    | 1     | 1    | 1    | 
|dsp48ex_wrapper__parameterized0_772  | (PCIN+((D'-A')'*B'')')' | 26     | 18     | -      | 25     | 46     | 1    | 2    | -    | 2    | 1     | 1    | 1    | 
|dsp48ex_wrapper__parameterized0_771  | (PCIN+((D'-A')'*B'')')' | 26     | 18     | -      | 25     | 46     | 1    | 2    | -    | 2    | 1     | 1    | 1    | 
|dsp48ex_wrapper__parameterized0_766  | (PCIN+((D'-A')'*B'')')' | 26     | 18     | -      | 25     | 46     | 1    | 2    | -    | 2    | 1     | 1    | 1    | 
|dsp48ex_wrapper__parameterized0_765  | (PCIN+((D'-A')'*B'')')' | 26     | 18     | -      | 25     | 46     | 1    | 2    | -    | 2    | 1     | 1    | 1    | 
|dsp48ex_wrapper__parameterized0_764  | (PCIN+((D'-A')'*B'')')' | 26     | 18     | -      | 25     | 46     | 1    | 2    | -    | 2    | 1     | 1    | 1    | 
|dsp48ex_wrapper__parameterized0_763  | (PCIN+((D'-A')'*B'')')' | 26     | 18     | -      | 25     | 46     | 1    | 2    | -    | 2    | 1     | 1    | 1    | 
|dsp48ex_wrapper__parameterized0_758  | (PCIN+((D'-A')'*B'')')' | 26     | 18     | -      | 25     | 46     | 1    | 2    | -    | 2    | 1     | 1    | 1    | 
|dsp48ex_wrapper__parameterized0_757  | (PCIN+((D'-A')'*B'')')' | 26     | 18     | -      | 25     | 46     | 1    | 2    | -    | 2    | 1     | 1    | 1    | 
|dsp48ex_wrapper__parameterized0_756  | (PCIN+((D'-A')'*B'')')' | 26     | 18     | -      | 25     | 46     | 1    | 2    | -    | 2    | 1     | 1    | 1    | 
|dsp48ex_wrapper__parameterized0_755  | (PCIN+((D'-A')'*B'')')' | 26     | 18     | -      | 25     | 46     | 1    | 2    | -    | 2    | 1     | 1    | 1    | 
|dsp48ex_wrapper__parameterized0_750  | (PCIN+((D'-A')'*B'')')' | 26     | 18     | -      | 25     | 46     | 1    | 2    | -    | 2    | 1     | 1    | 1    | 
|dsp48ex_wrapper__parameterized0_749  | (PCIN+((D'-A')'*B'')')' | 26     | 18     | -      | 25     | 46     | 1    | 2    | -    | 2    | 1     | 1    | 1    | 
|dsp48ex_wrapper__parameterized0_748  | (PCIN+((D'-A')'*B'')')' | 26     | 18     | -      | 25     | 46     | 1    | 2    | -    | 2    | 1     | 1    | 1    | 
|dsp48ex_wrapper__parameterized0_747  | (PCIN+((D'-A')'*B'')')' | 26     | 18     | -      | 25     | 46     | 1    | 2    | -    | 2    | 1     | 1    | 1    | 
|dsp48ex_wrapper__parameterized0_742  | (PCIN+((D'-A')'*B'')')' | 26     | 18     | -      | 25     | 46     | 1    | 2    | -    | 2    | 1     | 1    | 1    | 
|dsp48ex_wrapper__parameterized0_741  | (PCIN+((D'-A')'*B'')')' | 26     | 18     | -      | 25     | 46     | 1    | 2    | -    | 2    | 1     | 1    | 1    | 
|dsp48ex_wrapper__parameterized0_740  | (PCIN+((D'-A')'*B'')')' | 26     | 18     | -      | 25     | 46     | 1    | 2    | -    | 2    | 1     | 1    | 1    | 
|dsp48ex_wrapper__parameterized0_739  | (PCIN+((D'-A')'*B'')')' | 26     | 18     | -      | 25     | 46     | 1    | 2    | -    | 2    | 1     | 1    | 1    | 
|dsp48ex_wrapper__parameterized0_734  | (PCIN+((D'-A')'*B'')')' | 26     | 18     | -      | 25     | 46     | 1    | 2    | -    | 2    | 1     | 1    | 1    | 
|dsp48ex_wrapper__parameterized0_733  | (PCIN+((D'-A')'*B'')')' | 26     | 18     | -      | 25     | 46     | 1    | 2    | -    | 2    | 1     | 1    | 1    | 
|dsp48ex_wrapper__parameterized0_732  | (PCIN+((D'-A')'*B'')')' | 26     | 18     | -      | 25     | 46     | 1    | 2    | -    | 2    | 1     | 1    | 1    | 
|dsp48ex_wrapper__parameterized0_731  | (PCIN+((D'-A')'*B'')')' | 26     | 18     | -      | 25     | 46     | 1    | 2    | -    | 2    | 1     | 1    | 1    | 
|dsp48ex_wrapper__parameterized0_726  | (PCIN+((D'-A')'*B'')')' | 26     | 18     | -      | 25     | 46     | 1    | 2    | -    | 2    | 1     | 1    | 1    | 
|dsp48ex_wrapper__parameterized0_725  | (PCIN+((D'-A')'*B'')')' | 26     | 18     | -      | 25     | 46     | 1    | 2    | -    | 2    | 1     | 1    | 1    | 
|dsp48ex_wrapper__parameterized0_724  | (PCIN+((D'-A')'*B'')')' | 26     | 18     | -      | 25     | 46     | 1    | 2    | -    | 2    | 1     | 1    | 1    | 
|dsp48ex_wrapper__parameterized0_723  | (PCIN+((D'-A')'*B'')')' | 26     | 18     | -      | 25     | 46     | 1    | 2    | -    | 2    | 1     | 1    | 1    | 
|dsp48ex_wrapper__parameterized0_718  | (PCIN+((D'-A')'*B'')')' | 26     | 18     | -      | 25     | 46     | 1    | 2    | -    | 2    | 1     | 1    | 1    | 
|dsp48ex_wrapper__parameterized0_717  | (PCIN+((D'-A')'*B'')')' | 26     | 18     | -      | 25     | 46     | 1    | 2    | -    | 2    | 1     | 1    | 1    | 
|dsp48ex_wrapper__parameterized0_716  | (PCIN+((D'-A')'*B'')')' | 26     | 18     | -      | 25     | 46     | 1    | 2    | -    | 2    | 1     | 1    | 1    | 
|dsp48ex_wrapper__parameterized0_715  | (PCIN+((D'-A')'*B'')')' | 26     | 18     | -      | 25     | 46     | 1    | 2    | -    | 2    | 1     | 1    | 1    | 
|dsp48ex_wrapper__parameterized0_710  | (PCIN+((D'-A')'*B'')')' | 26     | 18     | -      | 25     | 46     | 1    | 2    | -    | 2    | 1     | 1    | 1    | 
|dsp48ex_wrapper__parameterized0_709  | (PCIN+((D'-A')'*B'')')' | 26     | 18     | -      | 25     | 46     | 1    | 2    | -    | 2    | 1     | 1    | 1    | 
|dsp48ex_wrapper__parameterized0_708  | (PCIN+((D'-A')'*B'')')' | 26     | 18     | -      | 25     | 46     | 1    | 2    | -    | 2    | 1     | 1    | 1    | 
|dsp48ex_wrapper__parameterized0_707  | (PCIN+((D'-A')'*B'')')' | 26     | 18     | -      | 25     | 46     | 1    | 2    | -    | 2    | 1     | 1    | 1    | 
|dsp48ex_wrapper__parameterized0_696  | (PCIN+((D'-A')'*B'')')' | 26     | 18     | -      | 25     | 46     | 1    | 2    | -    | 2    | 1     | 1    | 1    | 
|dsp48ex_wrapper__parameterized0_695  | (PCIN+((D'-A')'*B'')')' | 26     | 18     | -      | 25     | 46     | 1    | 2    | -    | 2    | 1     | 1    | 1    | 
|dsp48ex_wrapper__parameterized0_694  | (PCIN+((D'-A')'*B'')')' | 26     | 18     | -      | 25     | 46     | 1    | 2    | -    | 2    | 1     | 1    | 1    | 
|dsp48ex_wrapper__parameterized0_693  | (PCIN+((D'-A')'*B'')')' | 26     | 18     | -      | 25     | 46     | 1    | 2    | -    | 2    | 1     | 1    | 1    | 
|dsp48ex_wrapper__parameterized0_682  | (PCIN+((D'-A')'*B'')')' | 26     | 18     | -      | 25     | 46     | 1    | 2    | -    | 2    | 1     | 1    | 1    | 
|dsp48ex_wrapper__parameterized0_681  | (PCIN+((D'-A')'*B'')')' | 26     | 18     | -      | 25     | 46     | 1    | 2    | -    | 2    | 1     | 1    | 1    | 
|dsp48ex_wrapper__parameterized0_680  | (PCIN+((D'-A')'*B'')')' | 26     | 18     | -      | 25     | 46     | 1    | 2    | -    | 2    | 1     | 1    | 1    | 
|dsp48ex_wrapper__parameterized0_679  | (PCIN+((D'-A')'*B'')')' | 26     | 18     | -      | 25     | 46     | 1    | 2    | -    | 2    | 1     | 1    | 1    | 
|dsp48ex_wrapper__parameterized0_668  | (PCIN+((D'-A')'*B'')')' | 26     | 18     | -      | 25     | 46     | 1    | 2    | -    | 2    | 1     | 1    | 1    | 
|dsp48ex_wrapper__parameterized0_667  | (PCIN+((D'-A')'*B'')')' | 26     | 18     | -      | 25     | 46     | 1    | 2    | -    | 2    | 1     | 1    | 1    | 
|dsp48ex_wrapper__parameterized0_666  | (PCIN+((D'-A')'*B'')')' | 26     | 18     | -      | 25     | 46     | 1    | 2    | -    | 2    | 1     | 1    | 1    | 
|dsp48ex_wrapper__parameterized0_665  | (PCIN+((D'-A')'*B'')')' | 26     | 18     | -      | 25     | 46     | 1    | 2    | -    | 2    | 1     | 1    | 1    | 
|dsp48ex_wrapper__parameterized0_654  | (PCIN+((D'-A')'*B'')')' | 26     | 18     | -      | 25     | 46     | 1    | 2    | -    | 2    | 1     | 1    | 1    | 
|dsp48ex_wrapper__parameterized0_653  | (PCIN+((D'-A')'*B'')')' | 26     | 18     | -      | 25     | 46     | 1    | 2    | -    | 2    | 1     | 1    | 1    | 
|dsp48ex_wrapper__parameterized0_652  | (PCIN+((D'-A')'*B'')')' | 26     | 18     | -      | 25     | 46     | 1    | 2    | -    | 2    | 1     | 1    | 1    | 
|dsp48ex_wrapper__parameterized0_651  | (PCIN+((D'-A')'*B'')')' | 26     | 18     | -      | 25     | 46     | 1    | 2    | -    | 2    | 1     | 1    | 1    | 
|dsp48ex_wrapper__parameterized0_640  | (PCIN+((D'-A')'*B'')')' | 26     | 18     | -      | 25     | 46     | 1    | 2    | -    | 2    | 1     | 1    | 1    | 
|dsp48ex_wrapper__parameterized0_639  | (PCIN+((D'-A')'*B'')')' | 26     | 18     | -      | 25     | 46     | 1    | 2    | -    | 2    | 1     | 1    | 1    | 
|dsp48ex_wrapper__parameterized0_638  | (PCIN+((D'-A')'*B'')')' | 26     | 18     | -      | 25     | 46     | 1    | 2    | -    | 2    | 1     | 1    | 1    | 
|dsp48ex_wrapper__parameterized0_637  | (PCIN+((D'-A')'*B'')')' | 26     | 18     | -      | 25     | 46     | 1    | 2    | -    | 2    | 1     | 1    | 1    | 
|dsp48ex_wrapper__parameterized0_626  | (PCIN+((D'-A')'*B'')')' | 26     | 18     | -      | 25     | 46     | 1    | 2    | -    | 2    | 1     | 1    | 1    | 
|dsp48ex_wrapper__parameterized0_625  | (PCIN+((D'-A')'*B'')')' | 26     | 18     | -      | 25     | 46     | 1    | 2    | -    | 2    | 1     | 1    | 1    | 
|dsp48ex_wrapper__parameterized0_624  | (PCIN+((D'-A')'*B'')')' | 26     | 18     | -      | 25     | 46     | 1    | 2    | -    | 2    | 1     | 1    | 1    | 
|dsp48ex_wrapper__parameterized0_623  | (PCIN+((D'-A')'*B'')')' | 26     | 18     | -      | 25     | 46     | 1    | 2    | -    | 2    | 1     | 1    | 1    | 
|dsp48ex_wrapper__parameterized0_612  | (PCIN+((D'-A')'*B'')')' | 26     | 18     | -      | 25     | 46     | 1    | 2    | -    | 2    | 1     | 1    | 1    | 
|dsp48ex_wrapper__parameterized0_611  | (PCIN+((D'-A')'*B'')')' | 26     | 18     | -      | 25     | 46     | 1    | 2    | -    | 2    | 1     | 1    | 1    | 
|dsp48ex_wrapper__parameterized0_610  | (PCIN+((D'-A')'*B'')')' | 26     | 18     | -      | 25     | 46     | 1    | 2    | -    | 2    | 1     | 1    | 1    | 
|dsp48ex_wrapper__parameterized0      | (PCIN+((D'-A')'*B'')')' | 26     | 18     | -      | 25     | 46     | 1    | 2    | -    | 2    | 1     | 1    | 1    | 
|save_fetch_param                     | (A'*B')'                | 13     | 11     | -      | -      | 22     | 1    | 1    | -    | -    | -     | 0    | 1    | 
+-------------------------------------+-------------------------+--------+--------+--------+--------+--------+------+------+------+------+-------+------+------+


Report BlackBoxes: 
+------+---------------+----------+
|      |BlackBox name  |Instances |
+------+---------------+----------+
|1     |dist_mem_gen_0 |         1|
+------+---------------+----------+

Report Cell Usage: 
+------+--------------------+-------+
|      |Cell                |Count  |
+------+--------------------+-------+
|1     |dist_mem_gen_0_bbox |      1|
|2     |BUFG                |      1|
|3     |BUFGCE_DIV          |      2|
|5     |BUFG_PS             |      2|
|6     |CARRY8              |   1324|
|7     |DSP_ALU             |    710|
|10    |DSP_A_B_DATA        |    710|
|13    |DSP_C_DATA          |    710|
|15    |DSP_MULTIPLIER      |    710|
|17    |DSP_M_DATA          |    710|
|19    |DSP_OUTPUT          |    710|
|21    |DSP_PREADD          |    710|
|22    |DSP_PREADD_DATA     |    710|
|25    |LUT1                |   1311|
|26    |LUT2                |   4534|
|27    |LUT3                |  20623|
|28    |LUT4                |   9087|
|29    |LUT5                |   5227|
|30    |LUT6                |  21748|
|31    |MUXF7               |   2570|
|32    |MUXF8               |     14|
|33    |PLLE4_ADV           |      1|
|34    |PS8                 |      1|
|35    |RAM32M              |     10|
|36    |RAM32M16            |    162|
|37    |RAM32X1D            |      6|
|38    |RAM64M              |      5|
|39    |RAM64M8             |    240|
|40    |RAM64X1D            |      2|
|41    |RAMB18E2            |     19|
|43    |RAMB36E2            |    128|
|47    |SRL16               |      3|
|48    |SRL16E              |   8463|
|50    |SRLC32E             |    102|
|51    |URAM288             |     32|
|52    |FDCE                |    370|
|53    |FDPE                |    341|
|54    |FDR                 |     20|
|55    |FDRE                | 104958|
|56    |FDSE                |    636|
|57    |LD                  |     32|
|58    |IBUF                |      1|
+------+--------------------+-------+
---------------------------------------------------------------------------------
Finished Writing Synthesis Report : Time (s): cpu = 00:06:29 ; elapsed = 00:16:30 . Memory (MB): peak = 5929.723 ; gain = 3704.445 ; free physical = 149 ; free virtual = 818
Synthesis current peak Physical Memory [PSS] (MB): peak = 13486.306; parent = 4792.656; children = 9012.506
Synthesis current peak Virtual Memory [VSS] (MB): peak = 21965.426; parent = 5929.727; children = 16035.699
---------------------------------------------------------------------------------
Synthesis finished with 0 errors, 6 critical warnings and 3836 warnings.
Synthesis Optimization Runtime : Time (s): cpu = 00:05:31 ; elapsed = 00:15:58 . Memory (MB): peak = 5933.633 ; gain = 2282.402 ; free physical = 8751 ; free virtual = 11184
Synthesis Optimization Complete : Time (s): cpu = 00:06:33 ; elapsed = 00:16:45 . Memory (MB): peak = 5933.633 ; gain = 3708.355 ; free physical = 8782 ; free virtual = 11192
INFO: [Project 1-571] Translating synthesized netlist
Netlist sorting complete. Time (s): cpu = 00:00:02 ; elapsed = 00:00:02 . Memory (MB): peak = 6196.316 ; gain = 0.000 ; free physical = 8520 ; free virtual = 10933
INFO: [Netlist 29-17] Analyzing 5101 Unisim elements for replacement
INFO: [Netlist 29-28] Unisim Transformation completed in 4 CPU seconds
INFO: [Project 1-570] Preparing netlist for logic optimization
WARNING: [Opt 31-32] Removing redundant IBUF since it is not being driven by a top-level port. top_i/hier_dpu/hier_dpu_clk/dpu_clk_wiz/inst/clkin1_ibuf 
Resolution: The tool has removed redundant IBUF. To resolve this warning, check for redundant IBUF in the input design.
INFO: [Opt 31-138] Pushed 0 inverter(s) to 0 load pin(s).
INFO: [Opt 31-326] The CLKFBOUT to CLKFBIN net for instance top_i/hier_dpu/hier_dpu_clk/dpu_clk_wiz/inst/plle4_adv_inst with COMPENSATION=INTERNAL is optimized away to aid design routability
Netlist sorting complete. Time (s): cpu = 00:00:00.03 ; elapsed = 00:00:00.04 . Memory (MB): peak = 6518.695 ; gain = 0.000 ; free physical = 8178 ; free virtual = 10609
INFO: [Project 1-111] Unisim Transformation Summary:
  A total of 1191 instances were transformed.
  BUFG => BUFGCE: 1 instance 
  DSP48E2 => DSP48E2 (DSP_ALU, DSP_A_B_DATA, DSP_C_DATA, DSP_MULTIPLIER, DSP_M_DATA, DSP_OUTPUT, DSP_PREADD, DSP_PREADD_DATA): 710 instances
  FDR => FDRE: 20 instances
  LD => LDCE: 32 instances
  RAM32M => RAM32M (RAMD32(x6), RAMS32(x2)): 10 instances
  RAM32M16 => RAM32M16 (RAMD32(x14), RAMS32(x2)): 162 instances
  RAM32X1D => RAM32X1D (RAMD32(x2)): 6 instances
  RAM64M => RAM64M (RAMD64E(x4)): 5 instances
  RAM64M8 => RAM64M8 (RAMD64E(x8)): 240 instances
  RAM64X1D => RAM64X1D (RAMD64E(x2)): 2 instances
  SRL16 => SRL16E: 3 instances

Synth Design complete, checksum: ee1e418a
INFO: [Common 17-83] Releasing license: Synthesis
1167 Infos, 769 Warnings, 6 Critical Warnings and 0 Errors encountered.
synth_design completed successfully
synth_design: Time (s): cpu = 00:07:16 ; elapsed = 00:17:29 . Memory (MB): peak = 6518.695 ; gain = 5192.918 ; free physical = 10075 ; free virtual = 12507
INFO: [runtcl-6] Synthesis results are not added to the cache due to CRITICAL_WARNING
INFO: [Common 17-1381] The checkpoint '/home/user/Documents/dma_test/prj/Vivado/hw/prj/KR260.runs/synth_1/top_level.dcp' has been generated.
write_checkpoint: Time (s): cpu = 00:00:31 ; elapsed = 00:00:25 . Memory (MB): peak = 6590.730 ; gain = 72.035 ; free physical = 9534 ; free virtual = 12514
INFO: [runtcl-4] Executing : report_utilization -file top_level_utilization_synth.rpt -pb top_level_utilization_synth.pb
INFO: [Common 17-206] Exiting Vivado at Tue Dec 16 01:46:12 2025...
