#-----------------------------------------------------------
# Vivado v2022.2 (64-bit)
# SW Build 3671981 on Fri Oct 14 04:59:54 MDT 2022
# IP Build 3669848 on Fri Oct 14 08:30:02 MDT 2022
# Start of session at: Thu Mar  5 01:18:22 2026
# Process ID: 22094
# Current directory: /home/user/Documents/kria-vitis-platforms/kv260/platforms/vivado/kv260_ispMipiRx_vcu_DP
# Command line: vivado -mode batch -notrace -source scripts/main.tcl -tclargs -jobs 2
# Log file: /home/user/Documents/kria-vitis-platforms/kv260/platforms/vivado/kv260_ispMipiRx_vcu_DP/vivado.log
# Journal file: /home/user/Documents/kria-vitis-platforms/kv260/platforms/vivado/kv260_ispMipiRx_vcu_DP/vivado.jou
# Running On: ubuntu, OS: Linux, CPU Frequency: 2803.212 MHz, CPU Physical cores: 4, Host memory: 16728 MB
#-----------------------------------------------------------
source scripts/main.tcl -notrace
WARNING: [Board 49-26] cannot add Board Part xilinx.com:ac701:part0:1.4 available at /tools/Xilinx/Vivado/2022.2/data/xhub/boards/XilinxBoardStore/boards/Xilinx/ac701/1.4/board.xml as part xc7a200tfbg676-2 specified in board_part file is either invalid or not available
WARNING: [Board 49-26] cannot add Board Part xilinx.com:kc705:part0:1.6 available at /tools/Xilinx/Vivado/2022.2/data/xhub/boards/XilinxBoardStore/boards/Xilinx/kc705/1.6/board.xml as part xc7k325tffg900-2 specified in board_part file is either invalid or not available
WARNING: [Board 49-26] cannot add Board Part xilinx.com:kcu105:part0:1.6 available at /tools/Xilinx/Vivado/2022.2/data/xhub/boards/XilinxBoardStore/boards/Xilinx/kcu105/1.6/board.xml as part xcku040-ffva1156-2-e specified in board_part file is either invalid or not available
WARNING: [Board 49-26] cannot add Board Part xilinx.com:kcu105:part0:1.7 available at /tools/Xilinx/Vivado/2022.2/data/xhub/boards/XilinxBoardStore/boards/Xilinx/kcu105/1.7/board.xml as part xcku040-ffva1156-2-e specified in board_part file is either invalid or not available
WARNING: [Board 49-26] cannot add Board Part xilinx.com:kcu1500:part0:1.2 available at /tools/Xilinx/Vivado/2022.2/data/xhub/boards/XilinxBoardStore/boards/Xilinx/kcu1500/1.2/board.xml as part xcku115-flvb2104-2-e specified in board_part file is either invalid or not available
WARNING: [Board 49-26] cannot add Board Part xilinx.com:sp701:part0:1.0 available at /tools/Xilinx/Vivado/2022.2/data/xhub/boards/XilinxBoardStore/boards/Xilinx/sp701/1.0/board.xml as part xc7s100fgga676-2 specified in board_part file is either invalid or not available
WARNING: [Board 49-26] cannot add Board Part xilinx.com:sp701:part0:1.1 available at /tools/Xilinx/Vivado/2022.2/data/xhub/boards/XilinxBoardStore/boards/Xilinx/sp701/1.1/board.xml as part xc7s100fgga676-2 specified in board_part file is either invalid or not available
WARNING: [Board 49-26] cannot add Board Part xilinx.com:vc707:part0:1.4 available at /tools/Xilinx/Vivado/2022.2/data/xhub/boards/XilinxBoardStore/boards/Xilinx/vc707/1.4/board.xml as part xc7vx485tffg1761-2 specified in board_part file is either invalid or not available
WARNING: [Board 49-26] cannot add Board Part xilinx.com:vc709:part0:1.8 available at /tools/Xilinx/Vivado/2022.2/data/xhub/boards/XilinxBoardStore/boards/Xilinx/vc709/1.8/board.xml as part xc7vx690tffg1761-2 specified in board_part file is either invalid or not available
WARNING: [Board 49-26] cannot add Board Part xilinx.com:vck190:part0:2.2 available at /tools/Xilinx/Vivado/2022.2/data/xhub/boards/XilinxBoardStore/boards/Xilinx/vck190/production/2.2/board.xml as part xcvc1902-vsva2197-2mp-e-s specified in board_part file is either invalid or not available
WARNING: [Board 49-26] cannot add Board Part xilinx.com:vck190:part0:3.0 available at /tools/Xilinx/Vivado/2022.2/data/xhub/boards/XilinxBoardStore/boards/Xilinx/vck190/production/3.0/board.xml as part xcvc1902-vsva2197-2mp-e-s specified in board_part file is either invalid or not available
WARNING: [Board 49-26] cannot add Board Part xilinx.com:vck190:part0:3.1 available at /tools/Xilinx/Vivado/2022.2/data/xhub/boards/XilinxBoardStore/boards/Xilinx/vck190/production/3.1/board.xml as part xcvc1902-vsva2197-2mp-e-s specified in board_part file is either invalid or not available
WARNING: [Board 49-26] cannot add Board Part xilinx.com:vck190_newl:part0:1.0 available at /tools/Xilinx/Vivado/2022.2/data/xhub/boards/XilinxBoardStore/boards/Xilinx/vck190_newl/production/1.0/board.xml as part xcvc1902-vsva2197-2mp-e-s specified in board_part file is either invalid or not available
WARNING: [Board 49-26] cannot add Board Part xilinx.com:vcu108:part0:1.6 available at /tools/Xilinx/Vivado/2022.2/data/xhub/boards/XilinxBoardStore/boards/Xilinx/vcu108/1.6/board.xml as part xcvu095-ffva2104-2-e specified in board_part file is either invalid or not available
WARNING: [Board 49-26] cannot add Board Part xilinx.com:vcu108:part0:1.7 available at /tools/Xilinx/Vivado/2022.2/data/xhub/boards/XilinxBoardStore/boards/Xilinx/vcu108/1.7/board.xml as part xcvu095-ffva2104-2-e specified in board_part file is either invalid or not available
WARNING: [Board 49-26] cannot add Board Part xilinx.com:vcu110:part0:1.4 available at /tools/Xilinx/Vivado/2022.2/data/xhub/boards/XilinxBoardStore/boards/Xilinx/vcu110/1.4/board.xml as part xcvu190-flgc2104-2-e specified in board_part file is either invalid or not available
WARNING: [Board 49-26] cannot add Board Part xilinx.com:vcu118:part0:2.0 available at /tools/Xilinx/Vivado/2022.2/data/xhub/boards/XilinxBoardStore/boards/Xilinx/vcu118/2.0/board.xml as part xcvu9p-flga2104-2l-e specified in board_part file is either invalid or not available
WARNING: [Board 49-26] cannot add Board Part xilinx.com:vcu118:part0:2.3 available at /tools/Xilinx/Vivado/2022.2/data/xhub/boards/XilinxBoardStore/boards/Xilinx/vcu118/2.3/board.xml as part xcvu9p-flga2104-2l-e specified in board_part file is either invalid or not available
WARNING: [Board 49-26] cannot add Board Part xilinx.com:vcu118:part0:2.4 available at /tools/Xilinx/Vivado/2022.2/data/xhub/boards/XilinxBoardStore/boards/Xilinx/vcu118/2.4/board.xml as part xcvu9p-flga2104-2l-e specified in board_part file is either invalid or not available
WARNING: [Board 49-26] cannot add Board Part xilinx.com:vcu128:part0:1.0 available at /tools/Xilinx/Vivado/2022.2/data/xhub/boards/XilinxBoardStore/boards/Xilinx/vcu128/production/1.0/board.xml as part xcvu37p-fsvh2892-2l-e specified in board_part file is either invalid or not available
WARNING: [Board 49-26] cannot add Board Part xilinx.com:vcu129:part0:1.0 available at /tools/Xilinx/Vivado/2022.2/data/xhub/boards/XilinxBoardStore/boards/Xilinx/vcu129/production/1.0/board.xml as part xcvu29p-fsga2577-2l-e specified in board_part file is either invalid or not available
WARNING: [Board 49-26] cannot add Board Part xilinx.com:vcu1525:part0:1.3 available at /tools/Xilinx/Vivado/2022.2/data/xhub/boards/XilinxBoardStore/boards/Xilinx/vcu1525/1.3/board.xml as part xcvu9p-fsgd2104-2l-e specified in board_part file is either invalid or not available
WARNING: [Board 49-26] cannot add Board Part xilinx.com:vek280_es:part0:1.0 available at /tools/Xilinx/Vivado/2022.2/data/xhub/boards/XilinxBoardStore/boards/Xilinx/vek280/es/1.0/board.xml as part xcve2802-vsvh1760-2lp-e-s-es1 specified in board_part file is either invalid or not available
WARNING: [Board 49-26] cannot add Board Part xilinx.com:vermeo_t1_mpsoc:part0:1.0 available at /tools/Xilinx/Vivado/2022.2/data/xhub/boards/XilinxBoardStore/boards/Xilinx/vermeo_t1_mpsoc/1.0/board.xml as part xczu19eg-ffvd1760-2l-e specified in board_part file is either invalid or not available
WARNING: [Board 49-26] cannot add Board Part xilinx.com:vermeo_t1_rfsoc:part0:1.0 available at /tools/Xilinx/Vivado/2022.2/data/xhub/boards/XilinxBoardStore/boards/Xilinx/vermeo_t1_rfsoc/1.0/board.xml as part xczu21dr-ffvd1156-2l-e specified in board_part file is either invalid or not available
WARNING: [Board 49-26] cannot add Board Part xilinx.com:vhk158_es:part0:1.0 available at /tools/Xilinx/Vivado/2022.2/data/xhub/boards/XilinxBoardStore/boards/Xilinx/vhk158/es/1.0/board.xml as part xcvh1582-vsva3697-2mp-e-s-es1 specified in board_part file is either invalid or not available
WARNING: [Board 49-26] cannot add Board Part xilinx.com:vmk180:part0:2.2 available at /tools/Xilinx/Vivado/2022.2/data/xhub/boards/XilinxBoardStore/boards/Xilinx/vmk180/production/2.2/board.xml as part xcvm1802-vsva2197-2mp-e-s specified in board_part file is either invalid or not available
WARNING: [Board 49-26] cannot add Board Part xilinx.com:vmk180:part0:3.0 available at /tools/Xilinx/Vivado/2022.2/data/xhub/boards/XilinxBoardStore/boards/Xilinx/vmk180/production/3.0/board.xml as part xcvm1802-vsva2197-2mp-e-s specified in board_part file is either invalid or not available
WARNING: [Board 49-26] cannot add Board Part xilinx.com:vmk180:part0:3.1 available at /tools/Xilinx/Vivado/2022.2/data/xhub/boards/XilinxBoardStore/boards/Xilinx/vmk180/production/3.1/board.xml as part xcvm1802-vsva2197-2mp-e-s specified in board_part file is either invalid or not available
WARNING: [Board 49-26] cannot add Board Part xilinx.com:vmk180_newl:part0:1.0 available at /tools/Xilinx/Vivado/2022.2/data/xhub/boards/XilinxBoardStore/boards/Xilinx/vmk180_newl/production/1.0/board.xml as part xcvm1802-vsva2197-2mp-e-s specified in board_part file is either invalid or not available
WARNING: [Board 49-26] cannot add Board Part xilinx.com:vpk120:part0:1.0 available at /tools/Xilinx/Vivado/2022.2/data/xhub/boards/XilinxBoardStore/boards/Xilinx/vpk120/production/1.0/board.xml as part xcvp1202-vsva2785-2mp-e-s specified in board_part file is either invalid or not available
WARNING: [Board 49-26] cannot add Board Part xilinx.com:vpk120_es:part0:1.2 available at /tools/Xilinx/Vivado/2022.2/data/xhub/boards/XilinxBoardStore/boards/Xilinx/vpk120/es/1.2/board.xml as part xcvp1202-vsva2785-2mp-e-s-es1 specified in board_part file is either invalid or not available
WARNING: [Board 49-26] cannot add Board Part xilinx.com:vpk120_es_revb:part0:1.0 available at /tools/Xilinx/Vivado/2022.2/data/xhub/boards/XilinxBoardStore/boards/Xilinx/vpk120_revb/es/1.0/board.xml as part xcvp1202-vsva2785-2mp-e-s-es1 specified in board_part file is either invalid or not available
WARNING: [Board 49-26] cannot add Board Part xilinx.com:vpk180_es:part0:1.0 available at /tools/Xilinx/Vivado/2022.2/data/xhub/boards/XilinxBoardStore/boards/Xilinx/vpk180/es/1.0/board.xml as part xcvp1802-lsvc4072-2mp-e-s-es1 specified in board_part file is either invalid or not available
WARNING: [Board 49-26] cannot add Board Part xilinx.com:zc702:part0:1.4 available at /tools/Xilinx/Vivado/2022.2/data/xhub/boards/XilinxBoardStore/boards/Xilinx/zc702/1.4/board.xml as part xc7z020clg484-1 specified in board_part file is either invalid or not available
WARNING: [Board 49-26] cannot add Board Part xilinx.com:zc706:part0:1.4 available at /tools/Xilinx/Vivado/2022.2/data/xhub/boards/XilinxBoardStore/boards/Xilinx/zc706/1.4/board.xml as part xc7z045ffg900-2 specified in board_part file is either invalid or not available
WARNING: [Board 49-26] cannot add Board Part xilinx.com:zcu102:part0:3.3 available at /tools/Xilinx/Vivado/2022.2/data/xhub/boards/XilinxBoardStore/boards/Xilinx/zcu102/3.3/board.xml as part xczu9eg-ffvb1156-2-e specified in board_part file is either invalid or not available
WARNING: [Board 49-26] cannot add Board Part xilinx.com:zcu102:part0:3.4 available at /tools/Xilinx/Vivado/2022.2/data/xhub/boards/XilinxBoardStore/boards/Xilinx/zcu102/3.4/board.xml as part xczu9eg-ffvb1156-2-e specified in board_part file is either invalid or not available
WARNING: [Board 49-26] cannot add Board Part xilinx.com:zcu111:part0:1.2 available at /tools/Xilinx/Vivado/2022.2/data/xhub/boards/XilinxBoardStore/boards/Xilinx/zcu111/1.2/board.xml as part xczu28dr-ffvg1517-2-e specified in board_part file is either invalid or not available
WARNING: [Board 49-26] cannot add Board Part xilinx.com:zcu111:part0:1.3 available at /tools/Xilinx/Vivado/2022.2/data/xhub/boards/XilinxBoardStore/boards/Xilinx/zcu111/1.3/board.xml as part xczu28dr-ffvg1517-2-e specified in board_part file is either invalid or not available
WARNING: [Board 49-26] cannot add Board Part xilinx.com:zcu111:part0:1.4 available at /tools/Xilinx/Vivado/2022.2/data/xhub/boards/XilinxBoardStore/boards/Xilinx/zcu111/1.4/board.xml as part xczu28dr-ffvg1517-2-e specified in board_part file is either invalid or not available
WARNING: [Board 49-26] cannot add Board Part xilinx.com:zcu1275:part0:1.0 available at /tools/Xilinx/Vivado/2022.2/data/xhub/boards/XilinxBoardStore/boards/Xilinx/zcu1275/1.0/board.xml as part xczu29dr-ffvf1760-2-e specified in board_part file is either invalid or not available
WARNING: [Board 49-26] cannot add Board Part xilinx.com:zcu1285:part0:1.0 available at /tools/Xilinx/Vivado/2022.2/data/xhub/boards/XilinxBoardStore/boards/Xilinx/zcu1285/1.0/board.xml as part xczu39dr-ffvf1760-2-i specified in board_part file is either invalid or not available
WARNING: [Board 49-26] cannot add Board Part xilinx.com:zcu208:part0:2.0 available at /tools/Xilinx/Vivado/2022.2/data/xhub/boards/XilinxBoardStore/boards/Xilinx/zcu208/production/2.0/board.xml as part xczu48dr-fsvg1517-2-e specified in board_part file is either invalid or not available
WARNING: [Board 49-26] cannot add Board Part xilinx.com:zcu208ld:part0:2.0 available at /tools/Xilinx/Vivado/2022.2/data/xhub/boards/XilinxBoardStore/boards/Xilinx/zcu208ld/production/2.0/board.xml as part xczu58dr-fsvg1517-2-i specified in board_part file is either invalid or not available
WARNING: [Board 49-26] cannot add Board Part xilinx.com:zcu216:part0:2.0 available at /tools/Xilinx/Vivado/2022.2/data/xhub/boards/XilinxBoardStore/boards/Xilinx/zcu216/production/2.0/board.xml as part xczu49dr-ffvf1760-2-e specified in board_part file is either invalid or not available
WARNING: [Board 49-26] cannot add Board Part xilinx.com:zcu216ld:part0:2.0 available at /tools/Xilinx/Vivado/2022.2/data/xhub/boards/XilinxBoardStore/boards/Xilinx/zcu216ld/production/2.0/board.xml as part xczu59dr-ffvf1760-2-i specified in board_part file is either invalid or not available
WARNING: [Board 49-26] cannot add Board Part xilinx.com:zcu670:part0:2.0 available at /tools/Xilinx/Vivado/2022.2/data/xhub/boards/XilinxBoardStore/boards/Xilinx/zcu670/2.0/board.xml as part xczu67dr-fsve1156-2-i specified in board_part file is either invalid or not available
WARNING: [Board 49-26] cannot add Board Part xilinx.com:zcu670ld:part0:1.0 available at /tools/Xilinx/Vivado/2022.2/data/xhub/boards/XilinxBoardStore/boards/Xilinx/zcu670ld/1.0/board.xml as part xczu57dr-fsve1156-2-i specified in board_part file is either invalid or not available
get_board_parts: Time (s): cpu = 00:00:05 ; elapsed = 00:00:15 . Memory (MB): peak = 1331.688 ; gain = 0.023 ; free physical = 9522 ; free virtual = 11269
WARNING: [Board 49-26] cannot add Board Part xilinx.com:ac701:part0:1.4 available at /tools/Xilinx/Vivado/2022.2/data/xhub/boards/XilinxBoardStore/boards/Xilinx/ac701/1.4/board.xml as part xc7a200tfbg676-2 specified in board_part file is either invalid or not available
WARNING: [Board 49-26] cannot add Board Part xilinx.com:kc705:part0:1.6 available at /tools/Xilinx/Vivado/2022.2/data/xhub/boards/XilinxBoardStore/boards/Xilinx/kc705/1.6/board.xml as part xc7k325tffg900-2 specified in board_part file is either invalid or not available
WARNING: [Board 49-26] cannot add Board Part xilinx.com:kcu105:part0:1.6 available at /tools/Xilinx/Vivado/2022.2/data/xhub/boards/XilinxBoardStore/boards/Xilinx/kcu105/1.6/board.xml as part xcku040-ffva1156-2-e specified in board_part file is either invalid or not available
WARNING: [Board 49-26] cannot add Board Part xilinx.com:kcu105:part0:1.7 available at /tools/Xilinx/Vivado/2022.2/data/xhub/boards/XilinxBoardStore/boards/Xilinx/kcu105/1.7/board.xml as part xcku040-ffva1156-2-e specified in board_part file is either invalid or not available
WARNING: [Board 49-26] cannot add Board Part xilinx.com:kcu1500:part0:1.2 available at /tools/Xilinx/Vivado/2022.2/data/xhub/boards/XilinxBoardStore/boards/Xilinx/kcu1500/1.2/board.xml as part xcku115-flvb2104-2-e specified in board_part file is either invalid or not available
WARNING: [Board 49-26] cannot add Board Part xilinx.com:sp701:part0:1.0 available at /tools/Xilinx/Vivado/2022.2/data/xhub/boards/XilinxBoardStore/boards/Xilinx/sp701/1.0/board.xml as part xc7s100fgga676-2 specified in board_part file is either invalid or not available
WARNING: [Board 49-26] cannot add Board Part xilinx.com:sp701:part0:1.1 available at /tools/Xilinx/Vivado/2022.2/data/xhub/boards/XilinxBoardStore/boards/Xilinx/sp701/1.1/board.xml as part xc7s100fgga676-2 specified in board_part file is either invalid or not available
WARNING: [Board 49-26] cannot add Board Part xilinx.com:vc707:part0:1.4 available at /tools/Xilinx/Vivado/2022.2/data/xhub/boards/XilinxBoardStore/boards/Xilinx/vc707/1.4/board.xml as part xc7vx485tffg1761-2 specified in board_part file is either invalid or not available
WARNING: [Board 49-26] cannot add Board Part xilinx.com:vc709:part0:1.8 available at /tools/Xilinx/Vivado/2022.2/data/xhub/boards/XilinxBoardStore/boards/Xilinx/vc709/1.8/board.xml as part xc7vx690tffg1761-2 specified in board_part file is either invalid or not available
WARNING: [Board 49-26] cannot add Board Part xilinx.com:vck190:part0:2.2 available at /tools/Xilinx/Vivado/2022.2/data/xhub/boards/XilinxBoardStore/boards/Xilinx/vck190/production/2.2/board.xml as part xcvc1902-vsva2197-2mp-e-s specified in board_part file is either invalid or not available
WARNING: [Board 49-26] cannot add Board Part xilinx.com:vck190:part0:3.0 available at /tools/Xilinx/Vivado/2022.2/data/xhub/boards/XilinxBoardStore/boards/Xilinx/vck190/production/3.0/board.xml as part xcvc1902-vsva2197-2mp-e-s specified in board_part file is either invalid or not available
WARNING: [Board 49-26] cannot add Board Part xilinx.com:vck190:part0:3.1 available at /tools/Xilinx/Vivado/2022.2/data/xhub/boards/XilinxBoardStore/boards/Xilinx/vck190/production/3.1/board.xml as part xcvc1902-vsva2197-2mp-e-s specified in board_part file is either invalid or not available
WARNING: [Board 49-26] cannot add Board Part xilinx.com:vck190_newl:part0:1.0 available at /tools/Xilinx/Vivado/2022.2/data/xhub/boards/XilinxBoardStore/boards/Xilinx/vck190_newl/production/1.0/board.xml as part xcvc1902-vsva2197-2mp-e-s specified in board_part file is either invalid or not available
WARNING: [Board 49-26] cannot add Board Part xilinx.com:vcu108:part0:1.6 available at /tools/Xilinx/Vivado/2022.2/data/xhub/boards/XilinxBoardStore/boards/Xilinx/vcu108/1.6/board.xml as part xcvu095-ffva2104-2-e specified in board_part file is either invalid or not available
WARNING: [Board 49-26] cannot add Board Part xilinx.com:vcu108:part0:1.7 available at /tools/Xilinx/Vivado/2022.2/data/xhub/boards/XilinxBoardStore/boards/Xilinx/vcu108/1.7/board.xml as part xcvu095-ffva2104-2-e specified in board_part file is either invalid or not available
WARNING: [Board 49-26] cannot add Board Part xilinx.com:vcu110:part0:1.4 available at /tools/Xilinx/Vivado/2022.2/data/xhub/boards/XilinxBoardStore/boards/Xilinx/vcu110/1.4/board.xml as part xcvu190-flgc2104-2-e specified in board_part file is either invalid or not available
WARNING: [Board 49-26] cannot add Board Part xilinx.com:vcu118:part0:2.0 available at /tools/Xilinx/Vivado/2022.2/data/xhub/boards/XilinxBoardStore/boards/Xilinx/vcu118/2.0/board.xml as part xcvu9p-flga2104-2l-e specified in board_part file is either invalid or not available
WARNING: [Board 49-26] cannot add Board Part xilinx.com:vcu118:part0:2.3 available at /tools/Xilinx/Vivado/2022.2/data/xhub/boards/XilinxBoardStore/boards/Xilinx/vcu118/2.3/board.xml as part xcvu9p-flga2104-2l-e specified in board_part file is either invalid or not available
WARNING: [Board 49-26] cannot add Board Part xilinx.com:vcu118:part0:2.4 available at /tools/Xilinx/Vivado/2022.2/data/xhub/boards/XilinxBoardStore/boards/Xilinx/vcu118/2.4/board.xml as part xcvu9p-flga2104-2l-e specified in board_part file is either invalid or not available
WARNING: [Board 49-26] cannot add Board Part xilinx.com:vcu128:part0:1.0 available at /tools/Xilinx/Vivado/2022.2/data/xhub/boards/XilinxBoardStore/boards/Xilinx/vcu128/production/1.0/board.xml as part xcvu37p-fsvh2892-2l-e specified in board_part file is either invalid or not available
WARNING: [Board 49-26] cannot add Board Part xilinx.com:vcu129:part0:1.0 available at /tools/Xilinx/Vivado/2022.2/data/xhub/boards/XilinxBoardStore/boards/Xilinx/vcu129/production/1.0/board.xml as part xcvu29p-fsga2577-2l-e specified in board_part file is either invalid or not available
WARNING: [Board 49-26] cannot add Board Part xilinx.com:vcu1525:part0:1.3 available at /tools/Xilinx/Vivado/2022.2/data/xhub/boards/XilinxBoardStore/boards/Xilinx/vcu1525/1.3/board.xml as part xcvu9p-fsgd2104-2l-e specified in board_part file is either invalid or not available
WARNING: [Board 49-26] cannot add Board Part xilinx.com:vek280_es:part0:1.0 available at /tools/Xilinx/Vivado/2022.2/data/xhub/boards/XilinxBoardStore/boards/Xilinx/vek280/es/1.0/board.xml as part xcve2802-vsvh1760-2lp-e-s-es1 specified in board_part file is either invalid or not available
WARNING: [Board 49-26] cannot add Board Part xilinx.com:vermeo_t1_mpsoc:part0:1.0 available at /tools/Xilinx/Vivado/2022.2/data/xhub/boards/XilinxBoardStore/boards/Xilinx/vermeo_t1_mpsoc/1.0/board.xml as part xczu19eg-ffvd1760-2l-e specified in board_part file is either invalid or not available
WARNING: [Board 49-26] cannot add Board Part xilinx.com:vermeo_t1_rfsoc:part0:1.0 available at /tools/Xilinx/Vivado/2022.2/data/xhub/boards/XilinxBoardStore/boards/Xilinx/vermeo_t1_rfsoc/1.0/board.xml as part xczu21dr-ffvd1156-2l-e specified in board_part file is either invalid or not available
WARNING: [Board 49-26] cannot add Board Part xilinx.com:vhk158_es:part0:1.0 available at /tools/Xilinx/Vivado/2022.2/data/xhub/boards/XilinxBoardStore/boards/Xilinx/vhk158/es/1.0/board.xml as part xcvh1582-vsva3697-2mp-e-s-es1 specified in board_part file is either invalid or not available
WARNING: [Board 49-26] cannot add Board Part xilinx.com:vmk180:part0:2.2 available at /tools/Xilinx/Vivado/2022.2/data/xhub/boards/XilinxBoardStore/boards/Xilinx/vmk180/production/2.2/board.xml as part xcvm1802-vsva2197-2mp-e-s specified in board_part file is either invalid or not available
WARNING: [Board 49-26] cannot add Board Part xilinx.com:vmk180:part0:3.0 available at /tools/Xilinx/Vivado/2022.2/data/xhub/boards/XilinxBoardStore/boards/Xilinx/vmk180/production/3.0/board.xml as part xcvm1802-vsva2197-2mp-e-s specified in board_part file is either invalid or not available
WARNING: [Board 49-26] cannot add Board Part xilinx.com:vmk180:part0:3.1 available at /tools/Xilinx/Vivado/2022.2/data/xhub/boards/XilinxBoardStore/boards/Xilinx/vmk180/production/3.1/board.xml as part xcvm1802-vsva2197-2mp-e-s specified in board_part file is either invalid or not available
WARNING: [Board 49-26] cannot add Board Part xilinx.com:vmk180_newl:part0:1.0 available at /tools/Xilinx/Vivado/2022.2/data/xhub/boards/XilinxBoardStore/boards/Xilinx/vmk180_newl/production/1.0/board.xml as part xcvm1802-vsva2197-2mp-e-s specified in board_part file is either invalid or not available
WARNING: [Board 49-26] cannot add Board Part xilinx.com:vpk120:part0:1.0 available at /tools/Xilinx/Vivado/2022.2/data/xhub/boards/XilinxBoardStore/boards/Xilinx/vpk120/production/1.0/board.xml as part xcvp1202-vsva2785-2mp-e-s specified in board_part file is either invalid or not available
WARNING: [Board 49-26] cannot add Board Part xilinx.com:vpk120_es:part0:1.2 available at /tools/Xilinx/Vivado/2022.2/data/xhub/boards/XilinxBoardStore/boards/Xilinx/vpk120/es/1.2/board.xml as part xcvp1202-vsva2785-2mp-e-s-es1 specified in board_part file is either invalid or not available
WARNING: [Board 49-26] cannot add Board Part xilinx.com:vpk120_es_revb:part0:1.0 available at /tools/Xilinx/Vivado/2022.2/data/xhub/boards/XilinxBoardStore/boards/Xilinx/vpk120_revb/es/1.0/board.xml as part xcvp1202-vsva2785-2mp-e-s-es1 specified in board_part file is either invalid or not available
WARNING: [Board 49-26] cannot add Board Part xilinx.com:vpk180_es:part0:1.0 available at /tools/Xilinx/Vivado/2022.2/data/xhub/boards/XilinxBoardStore/boards/Xilinx/vpk180/es/1.0/board.xml as part xcvp1802-lsvc4072-2mp-e-s-es1 specified in board_part file is either invalid or not available
WARNING: [Board 49-26] cannot add Board Part xilinx.com:zc702:part0:1.4 available at /tools/Xilinx/Vivado/2022.2/data/xhub/boards/XilinxBoardStore/boards/Xilinx/zc702/1.4/board.xml as part xc7z020clg484-1 specified in board_part file is either invalid or not available
WARNING: [Board 49-26] cannot add Board Part xilinx.com:zc706:part0:1.4 available at /tools/Xilinx/Vivado/2022.2/data/xhub/boards/XilinxBoardStore/boards/Xilinx/zc706/1.4/board.xml as part xc7z045ffg900-2 specified in board_part file is either invalid or not available
WARNING: [Board 49-26] cannot add Board Part xilinx.com:zcu102:part0:3.3 available at /tools/Xilinx/Vivado/2022.2/data/xhub/boards/XilinxBoardStore/boards/Xilinx/zcu102/3.3/board.xml as part xczu9eg-ffvb1156-2-e specified in board_part file is either invalid or not available
WARNING: [Board 49-26] cannot add Board Part xilinx.com:zcu102:part0:3.4 available at /tools/Xilinx/Vivado/2022.2/data/xhub/boards/XilinxBoardStore/boards/Xilinx/zcu102/3.4/board.xml as part xczu9eg-ffvb1156-2-e specified in board_part file is either invalid or not available
WARNING: [Board 49-26] cannot add Board Part xilinx.com:zcu111:part0:1.2 available at /tools/Xilinx/Vivado/2022.2/data/xhub/boards/XilinxBoardStore/boards/Xilinx/zcu111/1.2/board.xml as part xczu28dr-ffvg1517-2-e specified in board_part file is either invalid or not available
WARNING: [Board 49-26] cannot add Board Part xilinx.com:zcu111:part0:1.3 available at /tools/Xilinx/Vivado/2022.2/data/xhub/boards/XilinxBoardStore/boards/Xilinx/zcu111/1.3/board.xml as part xczu28dr-ffvg1517-2-e specified in board_part file is either invalid or not available
WARNING: [Board 49-26] cannot add Board Part xilinx.com:zcu111:part0:1.4 available at /tools/Xilinx/Vivado/2022.2/data/xhub/boards/XilinxBoardStore/boards/Xilinx/zcu111/1.4/board.xml as part xczu28dr-ffvg1517-2-e specified in board_part file is either invalid or not available
WARNING: [Board 49-26] cannot add Board Part xilinx.com:zcu1275:part0:1.0 available at /tools/Xilinx/Vivado/2022.2/data/xhub/boards/XilinxBoardStore/boards/Xilinx/zcu1275/1.0/board.xml as part xczu29dr-ffvf1760-2-e specified in board_part file is either invalid or not available
WARNING: [Board 49-26] cannot add Board Part xilinx.com:zcu1285:part0:1.0 available at /tools/Xilinx/Vivado/2022.2/data/xhub/boards/XilinxBoardStore/boards/Xilinx/zcu1285/1.0/board.xml as part xczu39dr-ffvf1760-2-i specified in board_part file is either invalid or not available
WARNING: [Board 49-26] cannot add Board Part xilinx.com:zcu208:part0:2.0 available at /tools/Xilinx/Vivado/2022.2/data/xhub/boards/XilinxBoardStore/boards/Xilinx/zcu208/production/2.0/board.xml as part xczu48dr-fsvg1517-2-e specified in board_part file is either invalid or not available
WARNING: [Board 49-26] cannot add Board Part xilinx.com:zcu208ld:part0:2.0 available at /tools/Xilinx/Vivado/2022.2/data/xhub/boards/XilinxBoardStore/boards/Xilinx/zcu208ld/production/2.0/board.xml as part xczu58dr-fsvg1517-2-i specified in board_part file is either invalid or not available
WARNING: [Board 49-26] cannot add Board Part xilinx.com:zcu216:part0:2.0 available at /tools/Xilinx/Vivado/2022.2/data/xhub/boards/XilinxBoardStore/boards/Xilinx/zcu216/production/2.0/board.xml as part xczu49dr-ffvf1760-2-e specified in board_part file is either invalid or not available
WARNING: [Board 49-26] cannot add Board Part xilinx.com:zcu216ld:part0:2.0 available at /tools/Xilinx/Vivado/2022.2/data/xhub/boards/XilinxBoardStore/boards/Xilinx/zcu216ld/production/2.0/board.xml as part xczu59dr-ffvf1760-2-i specified in board_part file is either invalid or not available
WARNING: [Board 49-26] cannot add Board Part xilinx.com:zcu670:part0:2.0 available at /tools/Xilinx/Vivado/2022.2/data/xhub/boards/XilinxBoardStore/boards/Xilinx/zcu670/2.0/board.xml as part xczu67dr-fsve1156-2-i specified in board_part file is either invalid or not available
WARNING: [Board 49-26] cannot add Board Part xilinx.com:zcu670ld:part0:1.0 available at /tools/Xilinx/Vivado/2022.2/data/xhub/boards/XilinxBoardStore/boards/Xilinx/zcu670ld/1.0/board.xml as part xczu57dr-fsve1156-2-i specified in board_part file is either invalid or not available
INFO: [IP_Flow 19-234] Refreshing IP repositories
INFO: [IP_Flow 19-1700] Loaded user IP repository '/home/user/Documents/kria-vitis-platforms/kv260/platforms/vivado/kv260_ispMipiRx_vcu_DP/ip'.
INFO: [IP_Flow 19-2313] Loaded Vivado IP repository '/tools/Xilinx/Vivado/2022.2/data/ip'.
Wrote  : </home/user/Documents/kria-vitis-platforms/kv260/platforms/vivado/kv260_ispMipiRx_vcu_DP/project/kv260_ispMipiRx_vcu_DP.srcs/sources_1/bd/kv260_ispMipiRx_vcu_DP/kv260_ispMipiRx_vcu_DP.bd> 
INFO: [PSU-1]  DP_AUDIO clock source: RPLL is also being used by other peripheral clocks. Their outputs may get impacted if any driver changes DP_AUDIO PLL source to support runtime audio change 
INFO: [PSU-1]  DP_AUDIO clock source: RPLL is also being used by other peripheral clocks. Their outputs may get impacted if any driver changes DP_AUDIO PLL source to support runtime audio change 
INFO: [Ipptcl 7-1463] No Compatible Board Interface found. Board Tab not created in customize GUI
create_bd_cell: Time (s): cpu = 00:00:12 ; elapsed = 00:00:14 . Memory (MB): peak = 2442.836 ; gain = 948.070 ; free physical = 10570 ; free virtual = 12425
WARNING: [IP_Flow 19-3374] An attempt to modify the value of disabled parameter 'MMCM_DIVCLK_DIVIDE' from '4' to '7' has been ignored for IP 'audio_ss_0/clk_wiz_audio'
WARNING: [IP_Flow 19-3374] An attempt to modify the value of disabled parameter 'MMCM_CLKFBOUT_MULT_F' from '50.875' to '80.000' has been ignored for IP 'audio_ss_0/clk_wiz_audio'
WARNING: [IP_Flow 19-3374] An attempt to modify the value of disabled parameter 'MMCM_CLKOUT0_DIVIDE_F' from '69.000' to '62.000' has been ignored for IP 'audio_ss_0/clk_wiz_audio'
WARNING: [IP_Flow 19-3374] An attempt to modify the value of disabled parameter 'MMCM_CLKOUT1_DIVIDE' from '69' to '62' has been ignored for IP 'audio_ss_0/clk_wiz_audio'
INFO: [Ipptcl 7-1463] No Compatible Board Interface found. Board Tab not created in customize GUI
INFO: [Device 21-403] Loading part xck26-sfvc784-2LV-c
INFO: [Ipptcl 7-1463] No Compatible Board Interface found. Board Tab not created in customize GUI
too many nested evaluations (infinite loop?)
INFO: [Ipptcl 7-1463] No Compatible Board Interface found. Board Tab not created in customize GUI
too many nested evaluations (infinite loop?)
INFO: [Ipptcl 7-1463] No Compatible Board Interface found. Board Tab not created in customize GUI
INFO: [Ipptcl 7-1463] No Compatible Board Interface found. Board Tab not created in customize GUI
INFO: [Ipptcl 7-1463] No Compatible Board Interface found. Board Tab not created in customize GUI
INFO: [Ipptcl 7-1463] No Compatible Board Interface found. Board Tab not created in customize GUI
INFO: [xilinx.com:ip:vcu:1.2-17] /vcu/vcu_0: Init 
WARNING: [IP_Flow 19-4684] Expected long value for param ENC_BUFFER_SIZE_ACTUAL but, float/scientific notation value 284.533935546875 is provided. The value is converted to long type(284)
WARNING: [IP_Flow 19-4684] Expected long value for param ENC_BUFFER_SIZE but, float/scientific notation value 253.0301513671875 is provided. The value is converted to long type(253)
WARNING: [IP_Flow 19-4684] Expected long value for param ENC_BUFFER_SIZE_ACTUAL but, float/scientific notation value 284.533935546875 is provided. The value is converted to long type(284)
WARNING: [IP_Flow 19-4684] Expected long value for param ENC_BUFFER_SIZE but, float/scientific notation value 253.0301513671875 is provided. The value is converted to long type(253)
WARNING: [BD 41-1306] The connection to interface pin </PS_0/emio_gpio_o> is being overridden by the user with net <PS_0_emio_gpio_o>. This pin will not be connected as a part of interface connection <GPIO_0>.
Slave segment '/audio_ss_0/audio_formatter_0/s_axi_lite/reg0' is being assigned into address space '/PS_0/Data' at <0x8004_0000 [ 64K ]>.
Slave segment '/axi_iic_0/S_AXI/Reg' is being assigned into address space '/PS_0/Data' at <0x8003_0000 [ 64K ]>.
Slave segment '/axi_vip_0/S_AXI/Reg' is being assigned into address space '/PS_0/Data' at <0xA000_0000 [ 64K ]>.
Slave segment '/audio_ss_0/i2s_receiver_0/s_axi_ctrl/Reg' is being assigned into address space '/PS_0/Data' at <0x8006_0000 [ 64K ]>.
Slave segment '/audio_ss_0/i2s_transmitter_0/s_axi_ctrl/Reg' is being assigned into address space '/PS_0/Data' at <0x8007_0000 [ 64K ]>.
Slave segment '/capture_pipeline/mipi_csi2_rx_subsyst_0/csirxss_s_axi/Reg' is being assigned into address space '/PS_0/Data' at <0x8000_0000 [ 8K ]>.
Slave segment '/capture_pipeline/v_frmbuf_wr_0/s_axi_CTRL/Reg' is being assigned into address space '/PS_0/Data' at <0xB001_0000 [ 64K ]>.
Slave segment '/vcu/vcu_0/S_AXI_LITE/Reg' is being assigned into address space '/PS_0/Data' at <0x8010_0000 [ 1M ]>.
Slave segment '/PS_0/SAXIGP6/LPD_DDR_LOW' is being assigned into address space '/audio_ss_0/audio_formatter_0/m_axi_mm2s' at <0x0000_0000 [ 2G ]>.
Slave segment '/PS_0/SAXIGP6/LPD_DDR_LOW' is being assigned into address space '/audio_ss_0/audio_formatter_0/m_axi_s2mm' at <0x0000_0000 [ 2G ]>.
Slave segment '/PS_0/SAXIGP2/HP0_DDR_LOW' is being assigned into address space '/capture_pipeline/v_frmbuf_wr_0/Data_m_axi_mm_video' at <0x0000_0000 [ 2G ]>.
Slave segment '/PS_0/SAXIGP4/HP2_DDR_LOW' is being assigned into address space '/vcu/vcu_0/DecData0' at <0x0000_0000 [ 2G ]>.
WARNING: [BD 5-700] No address spaces matched 'get_bd_addr_spaces vcu/vcu_0/DeccData1'
Slave segment '/PS_0/SAXIGP4/HP2_DDR_LOW' is being assigned into address space '/vcu/vcu_0/DecData1' at <0x0000_0000 [ 2G ]>.
Slave segment '/PS_0/SAXIGP0/HPC0_DDR_LOW' is being assigned into address space '/vcu/vcu_0/EncData0' at <0x0000_0000 [ 2G ]>.
Slave segment '/PS_0/SAXIGP0/HPC0_DDR_LOW' is being assigned into address space '/vcu/vcu_0/EncData1' at <0x0000_0000 [ 2G ]>.
Slave segment '/PS_0/SAXIGP6/LPD_DDR_LOW' is being assigned into address space '/vcu/vcu_0/Code' at <0x0000_0000 [ 2G ]>.
WARNING: [IP_Flow 19-4684] Expected long value for param HDL_PLL_CLK_LO but, float/scientific notation value 0.0 is provided. The value is converted to long type(0)
WARNING: [IP_Flow 19-4684] Expected long value for param HDL_PLL_CLK_HI but, float/scientific notation value 50.0 is provided. The value is converted to long type(50)
INFO: [xilinx.com:ip:vcu:1.2-603] kv260_ispMipiRx_vcu_DP_vcu_0_0:  in flao2hex  update method .. 0.0 
INFO: [xilinx.com:ip:vcu:1.2-603] kv260_ispMipiRx_vcu_DP_vcu_0_0:  in HDL_AXI_ENC_CLK  update method ..0 
INFO: [xilinx.com:ip:vcu:1.2-603] kv260_ispMipiRx_vcu_DP_vcu_0_0:  in HDL_AXI_DEC_CLK  update method ..0 
INFO: [xilinx.com:ip:vcu:1.2-603] kv260_ispMipiRx_vcu_DP_vcu_0_0:  in flao2hex  update method .. 3.0 
INFO: [xilinx.com:ip:vcu:1.2-603] kv260_ispMipiRx_vcu_DP_vcu_0_0:  in HDL_AXI_MCU_CLK  update method ..1077936128 
INFO: [xilinx.com:ip:vcu:1.2-603] kv260_ispMipiRx_vcu_DP_vcu_0_0:  in flao2hex  update method .. 2.99 
INFO: [xilinx.com:ip:vcu:1.2-603] kv260_ispMipiRx_vcu_DP_vcu_0_0:  in HDL_AXI_MCU_CLK  update method ..1077894184 
INFO: [PSU-1]  DP_AUDIO clock source: RPLL is also being used by other peripheral clocks. Their outputs may get impacted if any driver changes DP_AUDIO PLL source to support runtime audio change 
INFO: [xilinx.com:ip:clk_wiz:6.0-1] /clk_wiz_0 clk_wiz propagate
INFO: [xilinx.com:ip:vcu:1.2-17] /vcu/vcu_0:Pre-Propagate  .
INFO: [xilinx.com:ip:vcu:1.2-17] /vcu/vcu_0: Post Propogate  .
INFO: [xilinx.com:ip:clk_wiz:6.0-1] /audio_ss_0/clk_wiz_audio clk_wiz propagate
WARNING: [BD 41-237] Bus Interface property AWUSER_WIDTH does not match between /axi_ic_ctrl_300/s00_couplers/auto_pc/S_AXI(0) and /PS_0/M_AXI_HPM1_FPD(16)
WARNING: [BD 41-237] Bus Interface property ARUSER_WIDTH does not match between /axi_ic_ctrl_300/s00_couplers/auto_pc/S_AXI(0) and /PS_0/M_AXI_HPM1_FPD(16)
WARNING: [BD 41-237] Bus Interface property ARUSER_WIDTH does not match between /axi_ic_audio_mcu/s01_couplers/auto_us/S_AXI(0) and /axi_ic_audio_mcu/s01_couplers/s01_regslice/M_AXI(4)
WARNING: [BD 41-237] Bus Interface property AWUSER_WIDTH does not match between /axi_ic_audio_mcu/s02_couplers/auto_us/S_AXI(0) and /axi_ic_audio_mcu/s02_couplers/s02_regslice/M_AXI(4)
WARNING: [BD 41-237] Bus Interface property AWUSER_WIDTH does not match between /PS_0/S_AXI_LPD(1) and /axi_ic_audio_mcu/m00_couplers/m00_regslice/M_AXI(0)
WARNING: [BD 41-237] Bus Interface property ARUSER_WIDTH does not match between /PS_0/S_AXI_LPD(1) and /axi_ic_audio_mcu/m00_couplers/m00_regslice/M_AXI(0)
WARNING: [BD 41-237] Bus Interface property AWUSER_WIDTH does not match between /axi_ic_ctrl_100/s00_couplers/auto_pc/S_AXI(0) and /axi_ic_ctrl_100/s00_couplers/s00_regslice/M_AXI(16)
WARNING: [BD 41-237] Bus Interface property ARUSER_WIDTH does not match between /axi_ic_ctrl_100/s00_couplers/auto_pc/S_AXI(0) and /axi_ic_ctrl_100/s00_couplers/s00_regslice/M_AXI(16)
WARNING: [BD 41-237] Bus Interface property AWUSER_WIDTH does not match between /PS_0/S_AXI_HP0_FPD(1) and /capture_pipeline/v_frmbuf_wr_0/m_axi_mm_video(0)
WARNING: [BD 41-237] Bus Interface property ARUSER_WIDTH does not match between /PS_0/S_AXI_HP0_FPD(1) and /capture_pipeline/v_frmbuf_wr_0/m_axi_mm_video(0)
WARNING: [BD 41-237] Bus Interface property AWUSER_WIDTH does not match between /PS_0/S_AXI_HP2_FPD(1) and /vcu/axi_ic_vcu_dec/m00_couplers/m00_regslice/M_AXI(0)
WARNING: [BD 41-237] Bus Interface property ARUSER_WIDTH does not match between /PS_0/S_AXI_HP2_FPD(1) and /vcu/axi_ic_vcu_dec/m00_couplers/m00_regslice/M_AXI(0)
WARNING: [BD 41-237] Bus Interface property AWUSER_WIDTH does not match between /PS_0/S_AXI_HPC0_FPD(1) and /vcu/axi_ic_vcu_enc/m00_couplers/m00_regslice/M_AXI(0)
WARNING: [BD 41-237] Bus Interface property ARUSER_WIDTH does not match between /PS_0/S_AXI_HPC0_FPD(1) and /vcu/axi_ic_vcu_enc/m00_couplers/m00_regslice/M_AXI(0)
validate_bd_design: Time (s): cpu = 00:00:09 ; elapsed = 00:00:09 . Memory (MB): peak = 2896.977 ; gain = 29.688 ; free physical = 10074 ; free virtual = 11974
Wrote  : </home/user/Documents/kria-vitis-platforms/kv260/platforms/vivado/kv260_ispMipiRx_vcu_DP/project/kv260_ispMipiRx_vcu_DP.srcs/sources_1/bd/kv260_ispMipiRx_vcu_DP/kv260_ispMipiRx_vcu_DP.bd> 
INFO: [BD 41-1662] The design 'kv260_ispMipiRx_vcu_DP.bd' is already validated. Therefore parameter propagation will not be re-run.
WARNING: [BD 41-2384] Width mismatch when connecting pin: '/audio_ss_0/i2s_transmitter_0/s_axis_aud_tid'(3) to pin: '/audio_ss_0/audio_formatter_0/m_axis_mm2s_tid'(8) - Only lower order bits will be connected.
WARNING: [BD 41-2384] Width mismatch when connecting pin: '/audio_ss_0/audio_formatter_0/s_axis_s2mm_tid'(8) to pin: '/audio_ss_0/i2s_receiver_0/m_axis_aud_tid'(3) - Only lower order bits will be connected.
WARNING: [BD 41-2384] Width mismatch when connecting pin: '/axi_ic_audio_mcu/m00_couplers/m00_regslice/m_axi_rid'(2) to pin: '/axi_ic_audio_mcu/m00_couplers/M_AXI_rid'(6) - Only lower order bits will be connected.
WARNING: [BD 41-2384] Width mismatch when connecting pin: '/axi_ic_audio_mcu/m00_couplers/m00_regslice/m_axi_bid'(2) to pin: '/axi_ic_audio_mcu/m00_couplers/M_AXI_bid'(6) - Only lower order bits will be connected.
WARNING: [BD 41-2384] Width mismatch when connecting pin: '/vcu/axi_ic_vcu_dec/s00_couplers/s00_regslice/m_axi_rid'(4) to pin: '/vcu/axi_ic_vcu_dec/s00_couplers/M_AXI_rid'(5) - Only lower order bits will be connected.
WARNING: [BD 41-2384] Width mismatch when connecting pin: '/vcu/axi_ic_vcu_dec/s00_couplers/s00_regslice/m_axi_bid'(4) to pin: '/vcu/axi_ic_vcu_dec/s00_couplers/M_AXI_bid'(5) - Only lower order bits will be connected.
WARNING: [BD 41-2384] Width mismatch when connecting pin: '/vcu/axi_ic_vcu_dec/s01_couplers/s01_regslice/m_axi_rid'(4) to pin: '/vcu/axi_ic_vcu_dec/s01_couplers/M_AXI_rid'(5) - Only lower order bits will be connected.
WARNING: [BD 41-2384] Width mismatch when connecting pin: '/vcu/axi_ic_vcu_dec/s01_couplers/s01_regslice/m_axi_bid'(4) to pin: '/vcu/axi_ic_vcu_dec/s01_couplers/M_AXI_bid'(5) - Only lower order bits will be connected.
WARNING: [BD 41-2384] Width mismatch when connecting pin: '/vcu/axi_ic_vcu_dec/m00_couplers/m00_regslice/m_axi_rid'(5) to pin: '/vcu/axi_ic_vcu_dec/m00_couplers/M_AXI_rid'(6) - Only lower order bits will be connected.
WARNING: [BD 41-2384] Width mismatch when connecting pin: '/vcu/axi_ic_vcu_dec/m00_couplers/m00_regslice/m_axi_bid'(5) to pin: '/vcu/axi_ic_vcu_dec/m00_couplers/M_AXI_bid'(6) - Only lower order bits will be connected.
WARNING: [BD 41-2384] Width mismatch when connecting pin: '/vcu/axi_ic_vcu_dec/xbar/s_axi_awid'(5) to pin: '/vcu/axi_ic_vcu_dec/s00_couplers/M_AXI_awid'(4) - Only lower order bits will be connected.
WARNING: [BD 41-2384] Width mismatch when connecting pin: '/vcu/axi_ic_vcu_dec/xbar/s_axi_arid'(5) to pin: '/vcu/axi_ic_vcu_dec/s00_couplers/M_AXI_arid'(4) - Only lower order bits will be connected.
WARNING: [BD 41-2384] Width mismatch when connecting pin: '/vcu/axi_ic_vcu_dec/xbar/s_axi_awid'(5) to pin: '/vcu/axi_ic_vcu_dec/s01_couplers/M_AXI_awid'(4) - Only lower order bits will be connected.
WARNING: [BD 41-2384] Width mismatch when connecting pin: '/vcu/axi_ic_vcu_dec/xbar/s_axi_arid'(5) to pin: '/vcu/axi_ic_vcu_dec/s01_couplers/M_AXI_arid'(4) - Only lower order bits will be connected.
WARNING: [BD 41-2384] Width mismatch when connecting pin: '/vcu/axi_ic_vcu_enc/s00_couplers/s00_regslice/m_axi_rid'(4) to pin: '/vcu/axi_ic_vcu_enc/s00_couplers/M_AXI_rid'(5) - Only lower order bits will be connected.
WARNING: [BD 41-2384] Width mismatch when connecting pin: '/vcu/axi_ic_vcu_enc/s00_couplers/s00_regslice/m_axi_bid'(4) to pin: '/vcu/axi_ic_vcu_enc/s00_couplers/M_AXI_bid'(5) - Only lower order bits will be connected.
WARNING: [BD 41-2384] Width mismatch when connecting pin: '/vcu/axi_ic_vcu_enc/s01_couplers/s01_regslice/m_axi_rid'(4) to pin: '/vcu/axi_ic_vcu_enc/s01_couplers/M_AXI_rid'(5) - Only lower order bits will be connected.
WARNING: [BD 41-2384] Width mismatch when connecting pin: '/vcu/axi_ic_vcu_enc/s01_couplers/s01_regslice/m_axi_bid'(4) to pin: '/vcu/axi_ic_vcu_enc/s01_couplers/M_AXI_bid'(5) - Only lower order bits will be connected.
WARNING: [BD 41-2384] Width mismatch when connecting pin: '/vcu/axi_ic_vcu_enc/m00_couplers/m00_regslice/m_axi_rid'(5) to pin: '/vcu/axi_ic_vcu_enc/m00_couplers/M_AXI_rid'(6) - Only lower order bits will be connected.
WARNING: [BD 41-2384] Width mismatch when connecting pin: '/vcu/axi_ic_vcu_enc/m00_couplers/m00_regslice/m_axi_bid'(5) to pin: '/vcu/axi_ic_vcu_enc/m00_couplers/M_AXI_bid'(6) - Only lower order bits will be connected.
WARNING: [BD 41-2384] Width mismatch when connecting pin: '/vcu/axi_ic_vcu_enc/xbar/s_axi_awid'(5) to pin: '/vcu/axi_ic_vcu_enc/s00_couplers/M_AXI_awid'(4) - Only lower order bits will be connected.
WARNING: [BD 41-2384] Width mismatch when connecting pin: '/vcu/axi_ic_vcu_enc/xbar/s_axi_arid'(5) to pin: '/vcu/axi_ic_vcu_enc/s00_couplers/M_AXI_arid'(4) - Only lower order bits will be connected.
WARNING: [BD 41-2384] Width mismatch when connecting pin: '/vcu/axi_ic_vcu_enc/xbar/s_axi_awid'(5) to pin: '/vcu/axi_ic_vcu_enc/s01_couplers/M_AXI_awid'(4) - Only lower order bits will be connected.
WARNING: [BD 41-2384] Width mismatch when connecting pin: '/vcu/axi_ic_vcu_enc/xbar/s_axi_arid'(5) to pin: '/vcu/axi_ic_vcu_enc/s01_couplers/M_AXI_arid'(4) - Only lower order bits will be connected.
WARNING: [BD 41-2384] Width mismatch when connecting pin: '/PS_0/saxigp6_awid'(6) to pin: '/axi_ic_audio_mcu/M00_AXI_awid'(2) - Only lower order bits will be connected.
WARNING: [BD 41-2384] Width mismatch when connecting pin: '/PS_0/saxigp6_arid'(6) to pin: '/axi_ic_audio_mcu/M00_AXI_arid'(2) - Only lower order bits will be connected.
WARNING: [BD 41-2384] Width mismatch when connecting pin: '/PS_0/saxigp0_awid'(6) to pin: '/vcu/M00_AXI_VCU_EN_awid'(5) - Only lower order bits will be connected.
WARNING: [BD 41-2384] Width mismatch when connecting pin: '/PS_0/saxigp0_arid'(6) to pin: '/vcu/M00_AXI_VCU_EN_arid'(5) - Only lower order bits will be connected.
WARNING: [BD 41-2384] Width mismatch when connecting pin: '/PS_0/saxigp4_awid'(6) to pin: '/vcu/M00_AXI_VCU_DEC_awid'(5) - Only lower order bits will be connected.
WARNING: [BD 41-2384] Width mismatch when connecting pin: '/PS_0/saxigp4_arid'(6) to pin: '/vcu/M00_AXI_VCU_DEC_arid'(5) - Only lower order bits will be connected.
Verilog Output written to : /home/user/Documents/kria-vitis-platforms/kv260/platforms/vivado/kv260_ispMipiRx_vcu_DP/project/kv260_ispMipiRx_vcu_DP.gen/sources_1/bd/kv260_ispMipiRx_vcu_DP/synth/kv260_ispMipiRx_vcu_DP.v
WARNING: [BD 41-2384] Width mismatch when connecting pin: '/audio_ss_0/i2s_transmitter_0/s_axis_aud_tid'(3) to pin: '/audio_ss_0/audio_formatter_0/m_axis_mm2s_tid'(8) - Only lower order bits will be connected.
WARNING: [BD 41-2384] Width mismatch when connecting pin: '/audio_ss_0/audio_formatter_0/s_axis_s2mm_tid'(8) to pin: '/audio_ss_0/i2s_receiver_0/m_axis_aud_tid'(3) - Only lower order bits will be connected.
WARNING: [BD 41-2384] Width mismatch when connecting pin: '/axi_ic_audio_mcu/m00_couplers/m00_regslice/m_axi_rid'(2) to pin: '/axi_ic_audio_mcu/m00_couplers/M_AXI_rid'(6) - Only lower order bits will be connected.
WARNING: [BD 41-2384] Width mismatch when connecting pin: '/axi_ic_audio_mcu/m00_couplers/m00_regslice/m_axi_bid'(2) to pin: '/axi_ic_audio_mcu/m00_couplers/M_AXI_bid'(6) - Only lower order bits will be connected.
WARNING: [BD 41-2384] Width mismatch when connecting pin: '/vcu/axi_ic_vcu_dec/s00_couplers/s00_regslice/m_axi_rid'(4) to pin: '/vcu/axi_ic_vcu_dec/s00_couplers/M_AXI_rid'(5) - Only lower order bits will be connected.
WARNING: [BD 41-2384] Width mismatch when connecting pin: '/vcu/axi_ic_vcu_dec/s00_couplers/s00_regslice/m_axi_bid'(4) to pin: '/vcu/axi_ic_vcu_dec/s00_couplers/M_AXI_bid'(5) - Only lower order bits will be connected.
WARNING: [BD 41-2384] Width mismatch when connecting pin: '/vcu/axi_ic_vcu_dec/s01_couplers/s01_regslice/m_axi_rid'(4) to pin: '/vcu/axi_ic_vcu_dec/s01_couplers/M_AXI_rid'(5) - Only lower order bits will be connected.
WARNING: [BD 41-2384] Width mismatch when connecting pin: '/vcu/axi_ic_vcu_dec/s01_couplers/s01_regslice/m_axi_bid'(4) to pin: '/vcu/axi_ic_vcu_dec/s01_couplers/M_AXI_bid'(5) - Only lower order bits will be connected.
WARNING: [BD 41-2384] Width mismatch when connecting pin: '/vcu/axi_ic_vcu_dec/m00_couplers/m00_regslice/m_axi_rid'(5) to pin: '/vcu/axi_ic_vcu_dec/m00_couplers/M_AXI_rid'(6) - Only lower order bits will be connected.
WARNING: [BD 41-2384] Width mismatch when connecting pin: '/vcu/axi_ic_vcu_dec/m00_couplers/m00_regslice/m_axi_bid'(5) to pin: '/vcu/axi_ic_vcu_dec/m00_couplers/M_AXI_bid'(6) - Only lower order bits will be connected.
WARNING: [BD 41-2384] Width mismatch when connecting pin: '/vcu/axi_ic_vcu_dec/xbar/s_axi_awid'(5) to pin: '/vcu/axi_ic_vcu_dec/s00_couplers/M_AXI_awid'(4) - Only lower order bits will be connected.
WARNING: [BD 41-2384] Width mismatch when connecting pin: '/vcu/axi_ic_vcu_dec/xbar/s_axi_arid'(5) to pin: '/vcu/axi_ic_vcu_dec/s00_couplers/M_AXI_arid'(4) - Only lower order bits will be connected.
WARNING: [BD 41-2384] Width mismatch when connecting pin: '/vcu/axi_ic_vcu_dec/xbar/s_axi_awid'(5) to pin: '/vcu/axi_ic_vcu_dec/s01_couplers/M_AXI_awid'(4) - Only lower order bits will be connected.
WARNING: [BD 41-2384] Width mismatch when connecting pin: '/vcu/axi_ic_vcu_dec/xbar/s_axi_arid'(5) to pin: '/vcu/axi_ic_vcu_dec/s01_couplers/M_AXI_arid'(4) - Only lower order bits will be connected.
WARNING: [BD 41-2384] Width mismatch when connecting pin: '/vcu/axi_ic_vcu_enc/s00_couplers/s00_regslice/m_axi_rid'(4) to pin: '/vcu/axi_ic_vcu_enc/s00_couplers/M_AXI_rid'(5) - Only lower order bits will be connected.
WARNING: [BD 41-2384] Width mismatch when connecting pin: '/vcu/axi_ic_vcu_enc/s00_couplers/s00_regslice/m_axi_bid'(4) to pin: '/vcu/axi_ic_vcu_enc/s00_couplers/M_AXI_bid'(5) - Only lower order bits will be connected.
WARNING: [BD 41-2384] Width mismatch when connecting pin: '/vcu/axi_ic_vcu_enc/s01_couplers/s01_regslice/m_axi_rid'(4) to pin: '/vcu/axi_ic_vcu_enc/s01_couplers/M_AXI_rid'(5) - Only lower order bits will be connected.
WARNING: [BD 41-2384] Width mismatch when connecting pin: '/vcu/axi_ic_vcu_enc/s01_couplers/s01_regslice/m_axi_bid'(4) to pin: '/vcu/axi_ic_vcu_enc/s01_couplers/M_AXI_bid'(5) - Only lower order bits will be connected.
WARNING: [BD 41-2384] Width mismatch when connecting pin: '/vcu/axi_ic_vcu_enc/m00_couplers/m00_regslice/m_axi_rid'(5) to pin: '/vcu/axi_ic_vcu_enc/m00_couplers/M_AXI_rid'(6) - Only lower order bits will be connected.
WARNING: [BD 41-2384] Width mismatch when connecting pin: '/vcu/axi_ic_vcu_enc/m00_couplers/m00_regslice/m_axi_bid'(5) to pin: '/vcu/axi_ic_vcu_enc/m00_couplers/M_AXI_bid'(6) - Only lower order bits will be connected.
WARNING: [BD 41-2384] Width mismatch when connecting pin: '/vcu/axi_ic_vcu_enc/xbar/s_axi_awid'(5) to pin: '/vcu/axi_ic_vcu_enc/s00_couplers/M_AXI_awid'(4) - Only lower order bits will be connected.
WARNING: [BD 41-2384] Width mismatch when connecting pin: '/vcu/axi_ic_vcu_enc/xbar/s_axi_arid'(5) to pin: '/vcu/axi_ic_vcu_enc/s00_couplers/M_AXI_arid'(4) - Only lower order bits will be connected.
WARNING: [BD 41-2384] Width mismatch when connecting pin: '/vcu/axi_ic_vcu_enc/xbar/s_axi_awid'(5) to pin: '/vcu/axi_ic_vcu_enc/s01_couplers/M_AXI_awid'(4) - Only lower order bits will be connected.
WARNING: [BD 41-2384] Width mismatch when connecting pin: '/vcu/axi_ic_vcu_enc/xbar/s_axi_arid'(5) to pin: '/vcu/axi_ic_vcu_enc/s01_couplers/M_AXI_arid'(4) - Only lower order bits will be connected.
WARNING: [BD 41-2384] Width mismatch when connecting pin: '/PS_0/saxigp6_awid'(6) to pin: '/axi_ic_audio_mcu/M00_AXI_awid'(2) - Only lower order bits will be connected.
WARNING: [BD 41-2384] Width mismatch when connecting pin: '/PS_0/saxigp6_arid'(6) to pin: '/axi_ic_audio_mcu/M00_AXI_arid'(2) - Only lower order bits will be connected.
WARNING: [BD 41-2384] Width mismatch when connecting pin: '/PS_0/saxigp0_awid'(6) to pin: '/vcu/M00_AXI_VCU_EN_awid'(5) - Only lower order bits will be connected.
WARNING: [BD 41-2384] Width mismatch when connecting pin: '/PS_0/saxigp0_arid'(6) to pin: '/vcu/M00_AXI_VCU_EN_arid'(5) - Only lower order bits will be connected.
WARNING: [BD 41-2384] Width mismatch when connecting pin: '/PS_0/saxigp4_awid'(6) to pin: '/vcu/M00_AXI_VCU_DEC_awid'(5) - Only lower order bits will be connected.
WARNING: [BD 41-2384] Width mismatch when connecting pin: '/PS_0/saxigp4_arid'(6) to pin: '/vcu/M00_AXI_VCU_DEC_arid'(5) - Only lower order bits will be connected.
Verilog Output written to : /home/user/Documents/kria-vitis-platforms/kv260/platforms/vivado/kv260_ispMipiRx_vcu_DP/project/kv260_ispMipiRx_vcu_DP.gen/sources_1/bd/kv260_ispMipiRx_vcu_DP/sim/kv260_ispMipiRx_vcu_DP.v
Verilog Output written to : /home/user/Documents/kria-vitis-platforms/kv260/platforms/vivado/kv260_ispMipiRx_vcu_DP/project/kv260_ispMipiRx_vcu_DP.gen/sources_1/bd/kv260_ispMipiRx_vcu_DP/hdl/kv260_ispMipiRx_vcu_DP_wrapper.v
INFO: [Project 1-1716] Could not find the wrapper file ./project/kv260_ispMipiRx_vcu_DP.srcs/sources_1/bd/kv260_ispMipiRx_vcu_DP/hdl/kv260_ispMipiRx_vcu_DP_wrapper.v, checking in project .gen location instead.
INFO: [Vivado 12-12391] Found file ./project/kv260_ispMipiRx_vcu_DP.gen/sources_1/bd/kv260_ispMipiRx_vcu_DP/hdl/kv260_ispMipiRx_vcu_DP_wrapper.v, importing it to Project
INFO: [BD 5-320] Validate design is not run, since the design is already validated.
INFO: [BD 41-1662] The design 'kv260_ispMipiRx_vcu_DP.bd' is already validated. Therefore parameter propagation will not be re-run.
WARNING: [BD 41-2384] Width mismatch when connecting pin: '/audio_ss_0/i2s_transmitter_0/s_axis_aud_tid'(3) to pin: '/audio_ss_0/audio_formatter_0/m_axis_mm2s_tid'(8) - Only lower order bits will be connected.
WARNING: [BD 41-2384] Width mismatch when connecting pin: '/audio_ss_0/audio_formatter_0/s_axis_s2mm_tid'(8) to pin: '/audio_ss_0/i2s_receiver_0/m_axis_aud_tid'(3) - Only lower order bits will be connected.
WARNING: [BD 41-2384] Width mismatch when connecting pin: '/axi_ic_audio_mcu/m00_couplers/m00_regslice/m_axi_rid'(2) to pin: '/axi_ic_audio_mcu/m00_couplers/M_AXI_rid'(6) - Only lower order bits will be connected.
WARNING: [BD 41-2384] Width mismatch when connecting pin: '/axi_ic_audio_mcu/m00_couplers/m00_regslice/m_axi_bid'(2) to pin: '/axi_ic_audio_mcu/m00_couplers/M_AXI_bid'(6) - Only lower order bits will be connected.
WARNING: [BD 41-2384] Width mismatch when connecting pin: '/vcu/axi_ic_vcu_dec/s00_couplers/s00_regslice/m_axi_rid'(4) to pin: '/vcu/axi_ic_vcu_dec/s00_couplers/M_AXI_rid'(5) - Only lower order bits will be connected.
WARNING: [BD 41-2384] Width mismatch when connecting pin: '/vcu/axi_ic_vcu_dec/s00_couplers/s00_regslice/m_axi_bid'(4) to pin: '/vcu/axi_ic_vcu_dec/s00_couplers/M_AXI_bid'(5) - Only lower order bits will be connected.
WARNING: [BD 41-2384] Width mismatch when connecting pin: '/vcu/axi_ic_vcu_dec/s01_couplers/s01_regslice/m_axi_rid'(4) to pin: '/vcu/axi_ic_vcu_dec/s01_couplers/M_AXI_rid'(5) - Only lower order bits will be connected.
WARNING: [BD 41-2384] Width mismatch when connecting pin: '/vcu/axi_ic_vcu_dec/s01_couplers/s01_regslice/m_axi_bid'(4) to pin: '/vcu/axi_ic_vcu_dec/s01_couplers/M_AXI_bid'(5) - Only lower order bits will be connected.
WARNING: [BD 41-2384] Width mismatch when connecting pin: '/vcu/axi_ic_vcu_dec/m00_couplers/m00_regslice/m_axi_rid'(5) to pin: '/vcu/axi_ic_vcu_dec/m00_couplers/M_AXI_rid'(6) - Only lower order bits will be connected.
WARNING: [BD 41-2384] Width mismatch when connecting pin: '/vcu/axi_ic_vcu_dec/m00_couplers/m00_regslice/m_axi_bid'(5) to pin: '/vcu/axi_ic_vcu_dec/m00_couplers/M_AXI_bid'(6) - Only lower order bits will be connected.
WARNING: [BD 41-2384] Width mismatch when connecting pin: '/vcu/axi_ic_vcu_dec/xbar/s_axi_awid'(5) to pin: '/vcu/axi_ic_vcu_dec/s00_couplers/M_AXI_awid'(4) - Only lower order bits will be connected.
WARNING: [BD 41-2384] Width mismatch when connecting pin: '/vcu/axi_ic_vcu_dec/xbar/s_axi_arid'(5) to pin: '/vcu/axi_ic_vcu_dec/s00_couplers/M_AXI_arid'(4) - Only lower order bits will be connected.
WARNING: [BD 41-2384] Width mismatch when connecting pin: '/vcu/axi_ic_vcu_dec/xbar/s_axi_awid'(5) to pin: '/vcu/axi_ic_vcu_dec/s01_couplers/M_AXI_awid'(4) - Only lower order bits will be connected.
WARNING: [BD 41-2384] Width mismatch when connecting pin: '/vcu/axi_ic_vcu_dec/xbar/s_axi_arid'(5) to pin: '/vcu/axi_ic_vcu_dec/s01_couplers/M_AXI_arid'(4) - Only lower order bits will be connected.
WARNING: [BD 41-2384] Width mismatch when connecting pin: '/vcu/axi_ic_vcu_enc/s00_couplers/s00_regslice/m_axi_rid'(4) to pin: '/vcu/axi_ic_vcu_enc/s00_couplers/M_AXI_rid'(5) - Only lower order bits will be connected.
WARNING: [BD 41-2384] Width mismatch when connecting pin: '/vcu/axi_ic_vcu_enc/s00_couplers/s00_regslice/m_axi_bid'(4) to pin: '/vcu/axi_ic_vcu_enc/s00_couplers/M_AXI_bid'(5) - Only lower order bits will be connected.
WARNING: [BD 41-2384] Width mismatch when connecting pin: '/vcu/axi_ic_vcu_enc/s01_couplers/s01_regslice/m_axi_rid'(4) to pin: '/vcu/axi_ic_vcu_enc/s01_couplers/M_AXI_rid'(5) - Only lower order bits will be connected.
WARNING: [BD 41-2384] Width mismatch when connecting pin: '/vcu/axi_ic_vcu_enc/s01_couplers/s01_regslice/m_axi_bid'(4) to pin: '/vcu/axi_ic_vcu_enc/s01_couplers/M_AXI_bid'(5) - Only lower order bits will be connected.
WARNING: [BD 41-2384] Width mismatch when connecting pin: '/vcu/axi_ic_vcu_enc/m00_couplers/m00_regslice/m_axi_rid'(5) to pin: '/vcu/axi_ic_vcu_enc/m00_couplers/M_AXI_rid'(6) - Only lower order bits will be connected.
WARNING: [BD 41-2384] Width mismatch when connecting pin: '/vcu/axi_ic_vcu_enc/m00_couplers/m00_regslice/m_axi_bid'(5) to pin: '/vcu/axi_ic_vcu_enc/m00_couplers/M_AXI_bid'(6) - Only lower order bits will be connected.
WARNING: [BD 41-2384] Width mismatch when connecting pin: '/vcu/axi_ic_vcu_enc/xbar/s_axi_awid'(5) to pin: '/vcu/axi_ic_vcu_enc/s00_couplers/M_AXI_awid'(4) - Only lower order bits will be connected.
WARNING: [BD 41-2384] Width mismatch when connecting pin: '/vcu/axi_ic_vcu_enc/xbar/s_axi_arid'(5) to pin: '/vcu/axi_ic_vcu_enc/s00_couplers/M_AXI_arid'(4) - Only lower order bits will be connected.
WARNING: [BD 41-2384] Width mismatch when connecting pin: '/vcu/axi_ic_vcu_enc/xbar/s_axi_awid'(5) to pin: '/vcu/axi_ic_vcu_enc/s01_couplers/M_AXI_awid'(4) - Only lower order bits will be connected.
WARNING: [BD 41-2384] Width mismatch when connecting pin: '/vcu/axi_ic_vcu_enc/xbar/s_axi_arid'(5) to pin: '/vcu/axi_ic_vcu_enc/s01_couplers/M_AXI_arid'(4) - Only lower order bits will be connected.
WARNING: [BD 41-2384] Width mismatch when connecting pin: '/PS_0/saxigp6_awid'(6) to pin: '/axi_ic_audio_mcu/M00_AXI_awid'(2) - Only lower order bits will be connected.
WARNING: [BD 41-2384] Width mismatch when connecting pin: '/PS_0/saxigp6_arid'(6) to pin: '/axi_ic_audio_mcu/M00_AXI_arid'(2) - Only lower order bits will be connected.
WARNING: [BD 41-2384] Width mismatch when connecting pin: '/PS_0/saxigp0_awid'(6) to pin: '/vcu/M00_AXI_VCU_EN_awid'(5) - Only lower order bits will be connected.
WARNING: [BD 41-2384] Width mismatch when connecting pin: '/PS_0/saxigp0_arid'(6) to pin: '/vcu/M00_AXI_VCU_EN_arid'(5) - Only lower order bits will be connected.
WARNING: [BD 41-2384] Width mismatch when connecting pin: '/PS_0/saxigp4_awid'(6) to pin: '/vcu/M00_AXI_VCU_DEC_awid'(5) - Only lower order bits will be connected.
WARNING: [BD 41-2384] Width mismatch when connecting pin: '/PS_0/saxigp4_arid'(6) to pin: '/vcu/M00_AXI_VCU_DEC_arid'(5) - Only lower order bits will be connected.
Verilog Output written to : /home/user/Documents/kria-vitis-platforms/kv260/platforms/vivado/kv260_ispMipiRx_vcu_DP/project/kv260_ispMipiRx_vcu_DP.gen/sources_1/bd/kv260_ispMipiRx_vcu_DP/synth/kv260_ispMipiRx_vcu_DP.v
WARNING: [BD 41-2384] Width mismatch when connecting pin: '/audio_ss_0/i2s_transmitter_0/s_axis_aud_tid'(3) to pin: '/audio_ss_0/audio_formatter_0/m_axis_mm2s_tid'(8) - Only lower order bits will be connected.
WARNING: [BD 41-2384] Width mismatch when connecting pin: '/audio_ss_0/audio_formatter_0/s_axis_s2mm_tid'(8) to pin: '/audio_ss_0/i2s_receiver_0/m_axis_aud_tid'(3) - Only lower order bits will be connected.
WARNING: [BD 41-2384] Width mismatch when connecting pin: '/axi_ic_audio_mcu/m00_couplers/m00_regslice/m_axi_rid'(2) to pin: '/axi_ic_audio_mcu/m00_couplers/M_AXI_rid'(6) - Only lower order bits will be connected.
WARNING: [BD 41-2384] Width mismatch when connecting pin: '/axi_ic_audio_mcu/m00_couplers/m00_regslice/m_axi_bid'(2) to pin: '/axi_ic_audio_mcu/m00_couplers/M_AXI_bid'(6) - Only lower order bits will be connected.
WARNING: [BD 41-2384] Width mismatch when connecting pin: '/vcu/axi_ic_vcu_dec/s00_couplers/s00_regslice/m_axi_rid'(4) to pin: '/vcu/axi_ic_vcu_dec/s00_couplers/M_AXI_rid'(5) - Only lower order bits will be connected.
WARNING: [BD 41-2384] Width mismatch when connecting pin: '/vcu/axi_ic_vcu_dec/s00_couplers/s00_regslice/m_axi_bid'(4) to pin: '/vcu/axi_ic_vcu_dec/s00_couplers/M_AXI_bid'(5) - Only lower order bits will be connected.
WARNING: [BD 41-2384] Width mismatch when connecting pin: '/vcu/axi_ic_vcu_dec/s01_couplers/s01_regslice/m_axi_rid'(4) to pin: '/vcu/axi_ic_vcu_dec/s01_couplers/M_AXI_rid'(5) - Only lower order bits will be connected.
WARNING: [BD 41-2384] Width mismatch when connecting pin: '/vcu/axi_ic_vcu_dec/s01_couplers/s01_regslice/m_axi_bid'(4) to pin: '/vcu/axi_ic_vcu_dec/s01_couplers/M_AXI_bid'(5) - Only lower order bits will be connected.
WARNING: [BD 41-2384] Width mismatch when connecting pin: '/vcu/axi_ic_vcu_dec/m00_couplers/m00_regslice/m_axi_rid'(5) to pin: '/vcu/axi_ic_vcu_dec/m00_couplers/M_AXI_rid'(6) - Only lower order bits will be connected.
WARNING: [BD 41-2384] Width mismatch when connecting pin: '/vcu/axi_ic_vcu_dec/m00_couplers/m00_regslice/m_axi_bid'(5) to pin: '/vcu/axi_ic_vcu_dec/m00_couplers/M_AXI_bid'(6) - Only lower order bits will be connected.
WARNING: [BD 41-2384] Width mismatch when connecting pin: '/vcu/axi_ic_vcu_dec/xbar/s_axi_awid'(5) to pin: '/vcu/axi_ic_vcu_dec/s00_couplers/M_AXI_awid'(4) - Only lower order bits will be connected.
WARNING: [BD 41-2384] Width mismatch when connecting pin: '/vcu/axi_ic_vcu_dec/xbar/s_axi_arid'(5) to pin: '/vcu/axi_ic_vcu_dec/s00_couplers/M_AXI_arid'(4) - Only lower order bits will be connected.
WARNING: [BD 41-2384] Width mismatch when connecting pin: '/vcu/axi_ic_vcu_dec/xbar/s_axi_awid'(5) to pin: '/vcu/axi_ic_vcu_dec/s01_couplers/M_AXI_awid'(4) - Only lower order bits will be connected.
WARNING: [BD 41-2384] Width mismatch when connecting pin: '/vcu/axi_ic_vcu_dec/xbar/s_axi_arid'(5) to pin: '/vcu/axi_ic_vcu_dec/s01_couplers/M_AXI_arid'(4) - Only lower order bits will be connected.
WARNING: [BD 41-2384] Width mismatch when connecting pin: '/vcu/axi_ic_vcu_enc/s00_couplers/s00_regslice/m_axi_rid'(4) to pin: '/vcu/axi_ic_vcu_enc/s00_couplers/M_AXI_rid'(5) - Only lower order bits will be connected.
WARNING: [BD 41-2384] Width mismatch when connecting pin: '/vcu/axi_ic_vcu_enc/s00_couplers/s00_regslice/m_axi_bid'(4) to pin: '/vcu/axi_ic_vcu_enc/s00_couplers/M_AXI_bid'(5) - Only lower order bits will be connected.
WARNING: [BD 41-2384] Width mismatch when connecting pin: '/vcu/axi_ic_vcu_enc/s01_couplers/s01_regslice/m_axi_rid'(4) to pin: '/vcu/axi_ic_vcu_enc/s01_couplers/M_AXI_rid'(5) - Only lower order bits will be connected.
WARNING: [BD 41-2384] Width mismatch when connecting pin: '/vcu/axi_ic_vcu_enc/s01_couplers/s01_regslice/m_axi_bid'(4) to pin: '/vcu/axi_ic_vcu_enc/s01_couplers/M_AXI_bid'(5) - Only lower order bits will be connected.
WARNING: [BD 41-2384] Width mismatch when connecting pin: '/vcu/axi_ic_vcu_enc/m00_couplers/m00_regslice/m_axi_rid'(5) to pin: '/vcu/axi_ic_vcu_enc/m00_couplers/M_AXI_rid'(6) - Only lower order bits will be connected.
WARNING: [BD 41-2384] Width mismatch when connecting pin: '/vcu/axi_ic_vcu_enc/m00_couplers/m00_regslice/m_axi_bid'(5) to pin: '/vcu/axi_ic_vcu_enc/m00_couplers/M_AXI_bid'(6) - Only lower order bits will be connected.
WARNING: [BD 41-2384] Width mismatch when connecting pin: '/vcu/axi_ic_vcu_enc/xbar/s_axi_awid'(5) to pin: '/vcu/axi_ic_vcu_enc/s00_couplers/M_AXI_awid'(4) - Only lower order bits will be connected.
WARNING: [BD 41-2384] Width mismatch when connecting pin: '/vcu/axi_ic_vcu_enc/xbar/s_axi_arid'(5) to pin: '/vcu/axi_ic_vcu_enc/s00_couplers/M_AXI_arid'(4) - Only lower order bits will be connected.
WARNING: [BD 41-2384] Width mismatch when connecting pin: '/vcu/axi_ic_vcu_enc/xbar/s_axi_awid'(5) to pin: '/vcu/axi_ic_vcu_enc/s01_couplers/M_AXI_awid'(4) - Only lower order bits will be connected.
WARNING: [BD 41-2384] Width mismatch when connecting pin: '/vcu/axi_ic_vcu_enc/xbar/s_axi_arid'(5) to pin: '/vcu/axi_ic_vcu_enc/s01_couplers/M_AXI_arid'(4) - Only lower order bits will be connected.
WARNING: [BD 41-2384] Width mismatch when connecting pin: '/PS_0/saxigp6_awid'(6) to pin: '/axi_ic_audio_mcu/M00_AXI_awid'(2) - Only lower order bits will be connected.
WARNING: [BD 41-2384] Width mismatch when connecting pin: '/PS_0/saxigp6_arid'(6) to pin: '/axi_ic_audio_mcu/M00_AXI_arid'(2) - Only lower order bits will be connected.
WARNING: [BD 41-2384] Width mismatch when connecting pin: '/PS_0/saxigp0_awid'(6) to pin: '/vcu/M00_AXI_VCU_EN_awid'(5) - Only lower order bits will be connected.
WARNING: [BD 41-2384] Width mismatch when connecting pin: '/PS_0/saxigp0_arid'(6) to pin: '/vcu/M00_AXI_VCU_EN_arid'(5) - Only lower order bits will be connected.
WARNING: [BD 41-2384] Width mismatch when connecting pin: '/PS_0/saxigp4_awid'(6) to pin: '/vcu/M00_AXI_VCU_DEC_awid'(5) - Only lower order bits will be connected.
WARNING: [BD 41-2384] Width mismatch when connecting pin: '/PS_0/saxigp4_arid'(6) to pin: '/vcu/M00_AXI_VCU_DEC_arid'(5) - Only lower order bits will be connected.
Verilog Output written to : /home/user/Documents/kria-vitis-platforms/kv260/platforms/vivado/kv260_ispMipiRx_vcu_DP/project/kv260_ispMipiRx_vcu_DP.gen/sources_1/bd/kv260_ispMipiRx_vcu_DP/sim/kv260_ispMipiRx_vcu_DP.v
Verilog Output written to : /home/user/Documents/kria-vitis-platforms/kv260/platforms/vivado/kv260_ispMipiRx_vcu_DP/project/kv260_ispMipiRx_vcu_DP.gen/sources_1/bd/kv260_ispMipiRx_vcu_DP/hdl/kv260_ispMipiRx_vcu_DP_wrapper.v
INFO: [xilinx.com:ip:zynq_ultra_ps_e:3.4-0] kv260_ispMipiRx_vcu_DP_PS_0_0: 
Changes in your design (including the PCW configuration settings) are not automatically exported from Vivado to Xilinx's SDK, Petalinux or Yocto.
This is by design to avoid disrupting existing embedded development efforts. To have any changes of your design taking effect in the embedded software flow please export your
design by going through Vivado's main menu, click on File, then Export finally select Export Hardware, please ensure you click on the Include BitStream option.
The auto-generated HDF file is all you need to import in Xilinx's SDK, Petalinux or Yocto for your changes to be reflected in the Embedded Software Flow.
For more information, please consult PG201, section: Exporting PCW Settings to Embedded Software Flows
INFO: [PSU-0] Address Range of DDR (0x7ff00000 to 0x7fffffff) is reserved by PMU for internal purpose.
INFO: [IP_Flow 19-5611] Unable to find an associated reset port for the interface 'M_AXI_HPM0_FPD'. A default connection has been created.
INFO: [IP_Flow 19-5611] Unable to find an associated reset port for the interface 'M_AXI_HPM1_FPD'. A default connection has been created.
INFO: [IP_Flow 19-5611] Unable to find an associated reset port for the interface 'M_AXI_HPM0_LPD'. A default connection has been created.
INFO: [IP_Flow 19-5611] Unable to find an associated reset port for the interface 'S_AXI_HPC0_FPD'. A default connection has been created.
INFO: [IP_Flow 19-5611] Unable to find an associated reset port for the interface 'S_AXI_HPC1_FPD'. A default connection has been created.
INFO: [IP_Flow 19-5611] Unable to find an associated reset port for the interface 'S_AXI_HP0_FPD'. A default connection has been created.
INFO: [IP_Flow 19-5611] Unable to find an associated reset port for the interface 'S_AXI_HP1_FPD'. A default connection has been created.
INFO: [IP_Flow 19-5611] Unable to find an associated reset port for the interface 'S_AXI_HP2_FPD'. A default connection has been created.
INFO: [IP_Flow 19-5611] Unable to find an associated reset port for the interface 'S_AXI_HP3_FPD'. A default connection has been created.
INFO: [IP_Flow 19-5611] Unable to find an associated reset port for the interface 'S_AXI_LPD'. A default connection has been created.
INFO: [BD 41-1029] Generation completed for the IP Integrator block PS_0 .
INFO: [BD 41-1029] Generation completed for the IP Integrator block audio_ss_0/audio_formatter_0 .
WARNING: [IP_Flow 19-4994] Overwriting existing constraint file '/home/user/Documents/kria-vitis-platforms/kv260/platforms/vivado/kv260_ispMipiRx_vcu_DP/project/kv260_ispMipiRx_vcu_DP.gen/sources_1/bd/kv260_ispMipiRx_vcu_DP/ip/kv260_ispMipiRx_vcu_DP_axi_clock_converter_mm2s_0/kv260_ispMipiRx_vcu_DP_axi_clock_converter_mm2s_0_ooc.xdc'
INFO: [IP_Flow 19-5611] Unable to find an associated reset port for the interface 'S_AXI'. A default connection has been created.
INFO: [IP_Flow 19-5611] Unable to find an associated reset port for the interface 'M_AXI'. A default connection has been created.
INFO: [BD 41-1029] Generation completed for the IP Integrator block audio_ss_0/axi_clock_converter_mm2s .
WARNING: [IP_Flow 19-4994] Overwriting existing constraint file '/home/user/Documents/kria-vitis-platforms/kv260/platforms/vivado/kv260_ispMipiRx_vcu_DP/project/kv260_ispMipiRx_vcu_DP.gen/sources_1/bd/kv260_ispMipiRx_vcu_DP/ip/kv260_ispMipiRx_vcu_DP_axi_clock_converter_s2mm_0/kv260_ispMipiRx_vcu_DP_axi_clock_converter_s2mm_0_ooc.xdc'
INFO: [IP_Flow 19-5611] Unable to find an associated reset port for the interface 'S_AXI'. A default connection has been created.
INFO: [IP_Flow 19-5611] Unable to find an associated reset port for the interface 'M_AXI'. A default connection has been created.
INFO: [BD 41-1029] Generation completed for the IP Integrator block audio_ss_0/axi_clock_converter_s2mm .
INFO: [BD 41-1029] Generation completed for the IP Integrator block audio_ss_0/clk_wiz_audio .
INFO: [BD 41-1029] Generation completed for the IP Integrator block audio_ss_0/i2s_receiver_0 .
INFO: [BD 41-1029] Generation completed for the IP Integrator block audio_ss_0/i2s_transmitter_0 .
INFO: [BD 41-1029] Generation completed for the IP Integrator block audio_ss_0/oddr_rx .
INFO: [BD 41-1029] Generation completed for the IP Integrator block audio_ss_0/oddr_tx .
INFO: [BD 41-1029] Generation completed for the IP Integrator block audio_ss_0/proc_sys_reset_18MHz .
INFO: [BD 41-1029] Generation completed for the IP Integrator block axi_ic_accel_ctrl/s00_couplers/s00_regslice .
INFO: [BD 41-1029] Generation completed for the IP Integrator block axi_ic_audio_mcu/xbar .
INFO: [BD 41-1029] Generation completed for the IP Integrator block axi_ic_audio_mcu/s00_couplers/s00_regslice .
WARNING: [IP_Flow 19-4994] Overwriting existing constraint file '/home/user/Documents/kria-vitis-platforms/kv260/platforms/vivado/kv260_ispMipiRx_vcu_DP/project/kv260_ispMipiRx_vcu_DP.gen/sources_1/bd/kv260_ispMipiRx_vcu_DP/ip/kv260_ispMipiRx_vcu_DP_auto_us_0/kv260_ispMipiRx_vcu_DP_auto_us_0_ooc.xdc'
INFO: [IP_Flow 19-5611] Unable to find an associated reset port for the interface 'S_AXI'. A default connection has been created.
INFO: [IP_Flow 19-5611] Unable to find an associated reset port for the interface 'M_AXI'. A default connection has been created.
INFO: [BD 41-1029] Generation completed for the IP Integrator block axi_ic_audio_mcu/s00_couplers/auto_us .
INFO: [BD 41-1029] Generation completed for the IP Integrator block axi_ic_audio_mcu/s01_couplers/s01_regslice .
WARNING: [IP_Flow 19-4994] Overwriting existing constraint file '/home/user/Documents/kria-vitis-platforms/kv260/platforms/vivado/kv260_ispMipiRx_vcu_DP/project/kv260_ispMipiRx_vcu_DP.gen/sources_1/bd/kv260_ispMipiRx_vcu_DP/ip/kv260_ispMipiRx_vcu_DP_auto_us_1/kv260_ispMipiRx_vcu_DP_auto_us_1_ooc.xdc'
INFO: [IP_Flow 19-5611] Unable to find an associated reset port for the interface 'S_AXI'. A default connection has been created.
INFO: [IP_Flow 19-5611] Unable to find an associated reset port for the interface 'M_AXI'. A default connection has been created.
INFO: [BD 41-1029] Generation completed for the IP Integrator block axi_ic_audio_mcu/s01_couplers/auto_us .
INFO: [BD 41-1029] Generation completed for the IP Integrator block axi_ic_audio_mcu/s02_couplers/s02_regslice .
WARNING: [IP_Flow 19-4994] Overwriting existing constraint file '/home/user/Documents/kria-vitis-platforms/kv260/platforms/vivado/kv260_ispMipiRx_vcu_DP/project/kv260_ispMipiRx_vcu_DP.gen/sources_1/bd/kv260_ispMipiRx_vcu_DP/ip/kv260_ispMipiRx_vcu_DP_auto_us_2/kv260_ispMipiRx_vcu_DP_auto_us_2_ooc.xdc'
INFO: [IP_Flow 19-5611] Unable to find an associated reset port for the interface 'S_AXI'. A default connection has been created.
INFO: [IP_Flow 19-5611] Unable to find an associated reset port for the interface 'M_AXI'. A default connection has been created.
INFO: [BD 41-1029] Generation completed for the IP Integrator block axi_ic_audio_mcu/s02_couplers/auto_us .
INFO: [BD 41-1029] Generation completed for the IP Integrator block axi_ic_audio_mcu/m00_couplers/m00_regslice .
INFO: [BD 41-1029] Generation completed for the IP Integrator block axi_ic_audio_mcu/s00_mmu .
INFO: [BD 41-1029] Generation completed for the IP Integrator block axi_ic_audio_mcu/s01_mmu .
INFO: [BD 41-1029] Generation completed for the IP Integrator block axi_ic_audio_mcu/s02_mmu .
INFO: [BD 41-1029] Generation completed for the IP Integrator block axi_ic_ctrl_100/xbar .
INFO: [BD 41-1029] Generation completed for the IP Integrator block axi_ic_ctrl_100/s00_couplers/s00_regslice .
WARNING: [IP_Flow 19-4994] Overwriting existing constraint file '/home/user/Documents/kria-vitis-platforms/kv260/platforms/vivado/kv260_ispMipiRx_vcu_DP/project/kv260_ispMipiRx_vcu_DP.gen/sources_1/bd/kv260_ispMipiRx_vcu_DP/ip/kv260_ispMipiRx_vcu_DP_auto_pc_0/kv260_ispMipiRx_vcu_DP_auto_pc_0_ooc.xdc'
INFO: [BD 41-1029] Generation completed for the IP Integrator block axi_ic_ctrl_100/s00_couplers/auto_pc .
WARNING: [IP_Flow 19-4994] Overwriting existing constraint file '/home/user/Documents/kria-vitis-platforms/kv260/platforms/vivado/kv260_ispMipiRx_vcu_DP/project/kv260_ispMipiRx_vcu_DP.gen/sources_1/bd/kv260_ispMipiRx_vcu_DP/ip/kv260_ispMipiRx_vcu_DP_auto_pc_1/kv260_ispMipiRx_vcu_DP_auto_pc_1_ooc.xdc'
INFO: [BD 41-1029] Generation completed for the IP Integrator block axi_ic_ctrl_300/s00_couplers/auto_pc .
INFO: [BD 41-1029] Generation completed for the IP Integrator block axi_iic_0 .
INFO: [BD 41-1029] Generation completed for the IP Integrator block axi_vip_0 .
INFO: [BD 41-1029] Generation completed for the IP Integrator block capture_pipeline/axis_data_fifo_cap .
WARNING: [IP_Flow 19-4994] Overwriting existing constraint file '/home/user/Documents/kria-vitis-platforms/kv260/platforms/vivado/kv260_ispMipiRx_vcu_DP/project/kv260_ispMipiRx_vcu_DP.gen/sources_1/bd/kv260_ispMipiRx_vcu_DP/ip/kv260_ispMipiRx_vcu_DP_axis_subset_converter_0_0/kv260_ispMipiRx_vcu_DP_axis_subset_converter_0_0_ooc.xdc'
INFO: [BD 41-1029] Generation completed for the IP Integrator block capture_pipeline/axis_subset_converter_0 .
Exporting to file /home/user/Documents/kria-vitis-platforms/kv260/platforms/vivado/kv260_ispMipiRx_vcu_DP/project/kv260_ispMipiRx_vcu_DP.gen/sources_1/bd/kv260_ispMipiRx_vcu_DP/ip/kv260_ispMipiRx_vcu_DP_mipi_csi2_rx_subsyst_0_0/bd_0/hw_handoff/kv260_ispMipiRx_vcu_DP_mipi_csi2_rx_subsyst_0_0.hwh
Generated Hardware Definition File /home/user/Documents/kria-vitis-platforms/kv260/platforms/vivado/kv260_ispMipiRx_vcu_DP/project/kv260_ispMipiRx_vcu_DP.gen/sources_1/bd/kv260_ispMipiRx_vcu_DP/ip/kv260_ispMipiRx_vcu_DP_mipi_csi2_rx_subsyst_0_0/bd_0/synth/kv260_ispMipiRx_vcu_DP_mipi_csi2_rx_subsyst_0_0.hwdef
INFO: [BD 41-1029] Generation completed for the IP Integrator block capture_pipeline/mipi_csi2_rx_subsyst_0 .
WARNING: [IP_Flow 19-1971] File named "sim/kv260_ispMipiRx_vcu_DP_v_frmbuf_wr_0_0.v" already exists in file group "xilinx_verilogsimulationwrapper", cannot add it again.
INFO: [BD 41-1029] Generation completed for the IP Integrator block capture_pipeline/v_frmbuf_wr_0 .
INFO: [BD 41-1029] Generation completed for the IP Integrator block capture_pipeline/xlslice_0 .
INFO: [BD 41-1029] Generation completed for the IP Integrator block clk_wiz_0 .
INFO: [BD 41-1029] Generation completed for the IP Integrator block proc_sys_reset_100MHz .
INFO: [BD 41-1029] Generation completed for the IP Integrator block proc_sys_reset_300MHz .
INFO: [BD 41-1029] Generation completed for the IP Integrator block proc_sys_reset_600MHz .
INFO: [BD 41-1029] Generation completed for the IP Integrator block vcu/axi_ic_vcu_dec/xbar .
INFO: [BD 41-1029] Generation completed for the IP Integrator block vcu/axi_ic_vcu_dec/s00_couplers/s00_regslice .
INFO: [BD 41-1029] Generation completed for the IP Integrator block vcu/axi_ic_vcu_dec/s01_couplers/s01_regslice .
INFO: [BD 41-1029] Generation completed for the IP Integrator block vcu/axi_ic_vcu_dec/m00_couplers/m00_regslice .
INFO: [BD 41-1029] Generation completed for the IP Integrator block vcu/axi_ic_vcu_dec/s00_mmu .
INFO: [BD 41-1029] Generation completed for the IP Integrator block vcu/axi_ic_vcu_dec/s01_mmu .
INFO: [BD 41-1029] Generation completed for the IP Integrator block vcu/axi_ic_vcu_enc/xbar .
INFO: [BD 41-1029] Generation completed for the IP Integrator block vcu/axi_ic_vcu_enc/s00_couplers/s00_regslice .
INFO: [BD 41-1029] Generation completed for the IP Integrator block vcu/axi_ic_vcu_enc/s01_couplers/s01_regslice .
INFO: [BD 41-1029] Generation completed for the IP Integrator block vcu/axi_ic_vcu_enc/m00_couplers/m00_regslice .
INFO: [BD 41-1029] Generation completed for the IP Integrator block vcu/axi_ic_vcu_enc/s00_mmu .
INFO: [BD 41-1029] Generation completed for the IP Integrator block vcu/axi_ic_vcu_enc/s01_mmu .
INFO: [BD 41-1029] Generation completed for the IP Integrator block vcu/axi_reg_slice_vmcu .
FAMILY is zynquplus
DEVICE is xck26
PACKAGE is sfvc784
SPEEDGRADE is -2LV
SILICON_REVISION is 
TEMPERATURE_GRADE is C
INFO: [BD 41-1029] Generation completed for the IP Integrator block vcu/vcu_0 .
INFO: [BD 41-1029] Generation completed for the IP Integrator block vcu/xlslice_0 .
INFO: [BD 41-1029] Generation completed for the IP Integrator block xlconcat_0_0 .
INFO: [BD 41-1029] Generation completed for the IP Integrator block xlconstant_0 .
INFO: [BD 41-1029] Generation completed for the IP Integrator block xlslice_0 .
INFO: [BD 41-1029] Generation completed for the IP Integrator block xlslice_ttc_0 .
Exporting to file /home/user/Documents/kria-vitis-platforms/kv260/platforms/vivado/kv260_ispMipiRx_vcu_DP/project/kv260_ispMipiRx_vcu_DP.gen/sources_1/bd/kv260_ispMipiRx_vcu_DP/hw_handoff/kv260_ispMipiRx_vcu_DP.hwh
Generated Hardware Definition File /home/user/Documents/kria-vitis-platforms/kv260/platforms/vivado/kv260_ispMipiRx_vcu_DP/project/kv260_ispMipiRx_vcu_DP.gen/sources_1/bd/kv260_ispMipiRx_vcu_DP/synth/kv260_ispMipiRx_vcu_DP.hwdef
generate_target: Time (s): cpu = 00:00:29 ; elapsed = 00:00:31 . Memory (MB): peak = 3015.801 ; gain = 77.969 ; free physical = 11459 ; free virtual = 13607
INFO: [IP_Flow 19-6930] IPCACHE: runCacheChecks() number of threads = 8
INFO: [IP_Flow 19-6921] IPCACHE: Adding cache check func to thread queue for IP kv260_ispMipiRx_vcu_DP_PS_0_0
INFO: [IP_Flow 19-6921] IPCACHE: Adding cache check func to thread queue for IP kv260_ispMipiRx_vcu_DP_audio_formatter_0_0
INFO: [IP_Flow 19-6921] IPCACHE: Adding cache check func to thread queue for IP kv260_ispMipiRx_vcu_DP_auto_pc_0
INFO: [IP_Flow 19-6921] IPCACHE: Adding cache check func to thread queue for IP kv260_ispMipiRx_vcu_DP_auto_pc_1
INFO: [IP_Flow 19-6921] IPCACHE: Adding cache check func to thread queue for IP kv260_ispMipiRx_vcu_DP_auto_us_0
INFO: [IP_Flow 19-6921] IPCACHE: Adding cache check func to thread queue for IP kv260_ispMipiRx_vcu_DP_auto_us_1
INFO: [IP_Flow 19-6921] IPCACHE: Adding cache check func to thread queue for IP kv260_ispMipiRx_vcu_DP_auto_us_2
INFO: [IP_Flow 19-6921] IPCACHE: Adding cache check func to thread queue for IP kv260_ispMipiRx_vcu_DP_axi_clock_converter_mm2s_0
INFO: [IP_Flow 19-6921] IPCACHE: Adding cache check func to thread queue for IP kv260_ispMipiRx_vcu_DP_axi_clock_converter_s2mm_0
INFO: [IP_Flow 19-6921] IPCACHE: Adding cache check func to thread queue for IP kv260_ispMipiRx_vcu_DP_axi_iic_0_0
INFO: [IP_Flow 19-6921] IPCACHE: Adding cache check func to thread queue for IP kv260_ispMipiRx_vcu_DP_axi_reg_slice_vmcu_0
INFO: [IP_Flow 19-6921] IPCACHE: Adding cache check func to thread queue for IP kv260_ispMipiRx_vcu_DP_axi_vip_0_0
INFO: [IP_Flow 19-6921] IPCACHE: Adding cache check func to thread queue for IP kv260_ispMipiRx_vcu_DP_axis_data_fifo_cap_0
INFO: [IP_Flow 19-6921] IPCACHE: Adding cache check func to thread queue for IP kv260_ispMipiRx_vcu_DP_axis_subset_converter_0_0
INFO: [IP_Flow 19-6921] IPCACHE: Adding cache check func to thread queue for IP kv260_ispMipiRx_vcu_DP_clk_wiz_0_0
INFO: [IP_Flow 19-6921] IPCACHE: Adding cache check func to thread queue for IP kv260_ispMipiRx_vcu_DP_clk_wiz_audio_0
INFO: [IP_Flow 19-6921] IPCACHE: Adding cache check func to thread queue for IP kv260_ispMipiRx_vcu_DP_i2s_receiver_0_0
INFO: [IP_Flow 19-6921] IPCACHE: Adding cache check func to thread queue for IP kv260_ispMipiRx_vcu_DP_i2s_transmitter_0_0
INFO: [IP_Flow 19-6921] IPCACHE: Adding cache check func to thread queue for IP kv260_ispMipiRx_vcu_DP_m00_regslice_3
INFO: [IP_Flow 19-6921] IPCACHE: Adding cache check func to thread queue for IP kv260_ispMipiRx_vcu_DP_m00_regslice_4
INFO: [IP_Flow 19-6921] IPCACHE: Adding cache check func to thread queue for IP kv260_ispMipiRx_vcu_DP_m00_regslice_5
INFO: [IP_Flow 19-6921] IPCACHE: Adding cache check func to thread queue for IP kv260_ispMipiRx_vcu_DP_mipi_csi2_rx_subsyst_0_0
INFO: [IP_Flow 19-6921] IPCACHE: Adding cache check func to thread queue for IP kv260_ispMipiRx_vcu_DP_oddr_rx_0
INFO: [IP_Flow 19-6921] IPCACHE: Adding cache check func to thread queue for IP kv260_ispMipiRx_vcu_DP_oddr_tx_0
INFO: [IP_Flow 19-6921] IPCACHE: Adding cache check func to thread queue for IP kv260_ispMipiRx_vcu_DP_proc_sys_reset_100MHz_0
INFO: [IP_Flow 19-6921] IPCACHE: Adding cache check func to thread queue for IP kv260_ispMipiRx_vcu_DP_proc_sys_reset_18MHz_0
INFO: [IP_Flow 19-6921] IPCACHE: Adding cache check func to thread queue for IP kv260_ispMipiRx_vcu_DP_proc_sys_reset_300MHz_0
INFO: [IP_Flow 19-6921] IPCACHE: Adding cache check func to thread queue for IP kv260_ispMipiRx_vcu_DP_proc_sys_reset_600MHz_0
INFO: [IP_Flow 19-6921] IPCACHE: Adding cache check func to thread queue for IP kv260_ispMipiRx_vcu_DP_s00_mmu_0
INFO: [IP_Flow 19-6921] IPCACHE: Adding cache check func to thread queue for IP kv260_ispMipiRx_vcu_DP_s00_mmu_1
INFO: [IP_Flow 19-6921] IPCACHE: Adding cache check func to thread queue for IP kv260_ispMipiRx_vcu_DP_s00_mmu_2
INFO: [IP_Flow 19-6921] IPCACHE: Adding cache check func to thread queue for IP kv260_ispMipiRx_vcu_DP_s00_regslice_5
INFO: [IP_Flow 19-6921] IPCACHE: Adding cache check func to thread queue for IP kv260_ispMipiRx_vcu_DP_s00_regslice_6
INFO: [IP_Flow 19-6921] IPCACHE: Adding cache check func to thread queue for IP kv260_ispMipiRx_vcu_DP_s00_regslice_7
INFO: [IP_Flow 19-6921] IPCACHE: Adding cache check func to thread queue for IP kv260_ispMipiRx_vcu_DP_s00_regslice_8
INFO: [IP_Flow 19-6921] IPCACHE: Adding cache check func to thread queue for IP kv260_ispMipiRx_vcu_DP_s00_regslice_9
INFO: [IP_Flow 19-6921] IPCACHE: Adding cache check func to thread queue for IP kv260_ispMipiRx_vcu_DP_s01_mmu_0
INFO: [IP_Flow 19-6921] IPCACHE: Adding cache check func to thread queue for IP kv260_ispMipiRx_vcu_DP_s01_mmu_1
INFO: [IP_Flow 19-6921] IPCACHE: Adding cache check func to thread queue for IP kv260_ispMipiRx_vcu_DP_s01_mmu_2
INFO: [IP_Flow 19-6921] IPCACHE: Adding cache check func to thread queue for IP kv260_ispMipiRx_vcu_DP_s01_regslice_3
INFO: [IP_Flow 19-6921] IPCACHE: Adding cache check func to thread queue for IP kv260_ispMipiRx_vcu_DP_s01_regslice_4
INFO: [IP_Flow 19-6921] IPCACHE: Adding cache check func to thread queue for IP kv260_ispMipiRx_vcu_DP_s01_regslice_5
INFO: [IP_Flow 19-6921] IPCACHE: Adding cache check func to thread queue for IP kv260_ispMipiRx_vcu_DP_s02_mmu_0
INFO: [IP_Flow 19-6921] IPCACHE: Adding cache check func to thread queue for IP kv260_ispMipiRx_vcu_DP_s02_regslice_0
INFO: [IP_Flow 19-6921] IPCACHE: Adding cache check func to thread queue for IP kv260_ispMipiRx_vcu_DP_v_frmbuf_wr_0_0
INFO: [IP_Flow 19-6921] IPCACHE: Adding cache check func to thread queue for IP kv260_ispMipiRx_vcu_DP_vcu_0_0
INFO: [IP_Flow 19-6921] IPCACHE: Adding cache check func to thread queue for IP kv260_ispMipiRx_vcu_DP_xbar_0
INFO: [IP_Flow 19-6921] IPCACHE: Adding cache check func to thread queue for IP kv260_ispMipiRx_vcu_DP_xbar_1
INFO: [IP_Flow 19-6921] IPCACHE: Adding cache check func to thread queue for IP kv260_ispMipiRx_vcu_DP_xbar_2
INFO: [IP_Flow 19-6921] IPCACHE: Adding cache check func to thread queue for IP kv260_ispMipiRx_vcu_DP_xbar_3
INFO: [IP_Flow 19-6921] IPCACHE: Adding cache check func to thread queue for IP bd_fb21_phy_0
INFO: [IP_Flow 19-6921] IPCACHE: Adding cache check func to thread queue for IP bd_fb21_r_sync_0
INFO: [IP_Flow 19-6921] IPCACHE: Adding cache check func to thread queue for IP bd_fb21_rx_0
INFO: [IP_Flow 19-6921] IPCACHE: Adding cache check func to thread queue for IP bd_fb21_vfb_0_0
INFO: [IP_Flow 19-8020] IPCACHE: runCacheChecks() calling threadPool finishWork()
INFO: [IP_Flow 19-6924] IPCACHE: Running cache check for IP inst: kv260_ispMipiRx_vcu_DP_PS_0_0
INFO: [IP_Flow 19-6924] IPCACHE: Running cache check for IP inst: kv260_ispMipiRx_vcu_DP_s00_mmu_0
INFO: [IP_Flow 19-6924] IPCACHE: Running cache check for IP inst: kv260_ispMipiRx_vcu_DP_s01_mmu_2
INFO: [IP_Flow 19-6924] IPCACHE: Running cache check for IP inst: kv260_ispMipiRx_vcu_DP_xbar_1
INFO: [IP_Flow 19-6924] IPCACHE: Running cache check for IP inst: kv260_ispMipiRx_vcu_DP_audio_formatter_0_0
INFO: [IP_Flow 19-6924] IPCACHE: Running cache check for IP inst: kv260_ispMipiRx_vcu_DP_auto_pc_1
INFO: [IP_Flow 19-6924] IPCACHE: Running cache check for IP inst: kv260_ispMipiRx_vcu_DP_auto_us_2
INFO: [IP_Flow 19-6924] IPCACHE: Running cache check for IP inst: kv260_ispMipiRx_vcu_DP_clk_wiz_0_0
INFO: [IP_Flow 19-6924] IPCACHE: Running cache check for IP inst: kv260_ispMipiRx_vcu_DP_m00_regslice_3
INFO: [IP_Flow 19-6924] IPCACHE: Running cache check for IP inst: kv260_ispMipiRx_vcu_DP_mipi_csi2_rx_subsyst_0_0
INFO: [IP_Flow 19-6924] IPCACHE: Running cache check for IP inst: kv260_ispMipiRx_vcu_DP_s00_regslice_5
INFO: [IP_Flow 19-6924] IPCACHE: Running cache check for IP inst: kv260_ispMipiRx_vcu_DP_s00_regslice_7
INFO: [IP_Flow 19-6924] IPCACHE: Running cache check for IP inst: kv260_ispMipiRx_vcu_DP_s00_regslice_9
INFO: [IP_Flow 19-6924] IPCACHE: Running cache check for IP inst: kv260_ispMipiRx_vcu_DP_s01_mmu_1
INFO: [IP_Flow 19-6924] IPCACHE: Running cache check for IP inst: kv260_ispMipiRx_vcu_DP_auto_pc_0
INFO: [IP_Flow 19-6924] IPCACHE: Running cache check for IP inst: kv260_ispMipiRx_vcu_DP_auto_us_0
INFO: [IP_Flow 19-6924] IPCACHE: Running cache check for IP inst: kv260_ispMipiRx_vcu_DP_s00_regslice_6
INFO: [IP_Flow 19-6924] IPCACHE: Running cache check for IP inst: kv260_ispMipiRx_vcu_DP_s00_regslice_8
INFO: [IP_Flow 19-6924] IPCACHE: Running cache check for IP inst: kv260_ispMipiRx_vcu_DP_s01_mmu_0
INFO: [IP_Flow 19-6924] IPCACHE: Running cache check for IP inst: kv260_ispMipiRx_vcu_DP_v_frmbuf_wr_0_0
INFO: [IP_Flow 19-6924] IPCACHE: Running cache check for IP inst: kv260_ispMipiRx_vcu_DP_xbar_2
INFO: [IP_Flow 19-6924] IPCACHE: Running cache check for IP inst: kv260_ispMipiRx_vcu_DP_auto_us_1
INFO: [IP_Flow 19-6924] IPCACHE: Running cache check for IP inst: kv260_ispMipiRx_vcu_DP_clk_wiz_audio_0
INFO: [IP_Flow 19-6924] IPCACHE: Running cache check for IP inst: kv260_ispMipiRx_vcu_DP_m00_regslice_5
INFO: [IP_Flow 19-6924] IPCACHE: Running cache check for IP inst: kv260_ispMipiRx_vcu_DP_oddr_tx_0
INFO: [IP_Flow 19-6924] IPCACHE: Running cache check for IP inst: kv260_ispMipiRx_vcu_DP_proc_sys_reset_18MHz_0
INFO: [IP_Flow 19-6924] IPCACHE: Running cache check for IP inst: kv260_ispMipiRx_vcu_DP_proc_sys_reset_600MHz_0
INFO: [IP_Flow 19-6924] IPCACHE: Running cache check for IP inst: kv260_ispMipiRx_vcu_DP_s00_mmu_2
INFO: [IP_Flow 19-6924] IPCACHE: Running cache check for IP inst: kv260_ispMipiRx_vcu_DP_s01_regslice_3
INFO: [IP_Flow 19-6924] IPCACHE: Running cache check for IP inst: kv260_ispMipiRx_vcu_DP_s02_mmu_0
INFO: [IP_Flow 19-6924] IPCACHE: Running cache check for IP inst: kv260_ispMipiRx_vcu_DP_xbar_3
INFO: [IP_Flow 19-6924] IPCACHE: Running cache check for IP inst: kv260_ispMipiRx_vcu_DP_axi_clock_converter_mm2s_0
INFO: [IP_Flow 19-6924] IPCACHE: Running cache check for IP inst: kv260_ispMipiRx_vcu_DP_axis_subset_converter_0_0
INFO: [IP_Flow 19-6924] IPCACHE: Running cache check for IP inst: kv260_ispMipiRx_vcu_DP_i2s_receiver_0_0
INFO: [IP_Flow 19-6924] IPCACHE: Running cache check for IP inst: kv260_ispMipiRx_vcu_DP_i2s_transmitter_0_0
INFO: [IP_Flow 19-6924] IPCACHE: Running cache check for IP inst: kv260_ispMipiRx_vcu_DP_m00_regslice_4
INFO: [IP_Flow 19-6924] IPCACHE: Running cache check for IP inst: kv260_ispMipiRx_vcu_DP_oddr_rx_0
INFO: [IP_Flow 19-6924] IPCACHE: Running cache check for IP inst: kv260_ispMipiRx_vcu_DP_proc_sys_reset_100MHz_0
INFO: [IP_Flow 19-6924] IPCACHE: Running cache check for IP inst: kv260_ispMipiRx_vcu_DP_proc_sys_reset_300MHz_0
INFO: [IP_Flow 19-6924] IPCACHE: Running cache check for IP inst: kv260_ispMipiRx_vcu_DP_s00_mmu_1
INFO: [IP_Flow 19-6924] IPCACHE: Running cache check for IP inst: kv260_ispMipiRx_vcu_DP_axi_clock_converter_s2mm_0
INFO: [IP_Flow 19-6924] IPCACHE: Running cache check for IP inst: bd_fb21_r_sync_0
INFO: [IP_Flow 19-6924] IPCACHE: Running cache check for IP inst: bd_fb21_vfb_0_0
INFO: [IP_Flow 19-6924] IPCACHE: Running cache check for IP inst: kv260_ispMipiRx_vcu_DP_axi_iic_0_0
INFO: [IP_Flow 19-6924] IPCACHE: Running cache check for IP inst: kv260_ispMipiRx_vcu_DP_axis_data_fifo_cap_0
INFO: [IP_Flow 19-6924] IPCACHE: Running cache check for IP inst: bd_fb21_phy_0
INFO: [IP_Flow 19-6924] IPCACHE: Running cache check for IP inst: bd_fb21_rx_0
INFO: [IP_Flow 19-6924] IPCACHE: Running cache check for IP inst: kv260_ispMipiRx_vcu_DP_axi_reg_slice_vmcu_0
INFO: [IP_Flow 19-6924] IPCACHE: Running cache check for IP inst: kv260_ispMipiRx_vcu_DP_axi_vip_0_0
INFO: [IP_Flow 19-6924] IPCACHE: Running cache check for IP inst: kv260_ispMipiRx_vcu_DP_s01_regslice_4
INFO: [IP_Flow 19-6924] IPCACHE: Running cache check for IP inst: kv260_ispMipiRx_vcu_DP_s01_regslice_5
INFO: [IP_Flow 19-6924] IPCACHE: Running cache check for IP inst: kv260_ispMipiRx_vcu_DP_s02_regslice_0
INFO: [IP_Flow 19-6924] IPCACHE: Running cache check for IP inst: kv260_ispMipiRx_vcu_DP_vcu_0_0
INFO: [IP_Flow 19-6924] IPCACHE: Running cache check for IP inst: kv260_ispMipiRx_vcu_DP_xbar_0
WARNING: [Vivado 12-7122] Auto Incremental Compile:: No reference checkpoint was found in run synth_1. Auto-incremental flow will not be run, the standard flow will be run instead.
[Thu Mar  5 01:20:17 2026] Launched bd_fb21_rx_0_synth_1, bd_fb21_phy_0_synth_1, kv260_ispMipiRx_vcu_DP_s00_mmu_0_synth_1, kv260_ispMipiRx_vcu_DP_s01_mmu_0_synth_1, kv260_ispMipiRx_vcu_DP_s02_mmu_0_synth_1, kv260_ispMipiRx_vcu_DP_xbar_1_synth_1, kv260_ispMipiRx_vcu_DP_s00_regslice_7_synth_1, bd_fb21_r_sync_0_synth_1, kv260_ispMipiRx_vcu_DP_mipi_csi2_rx_subsyst_0_0_synth_1, kv260_ispMipiRx_vcu_DP_axis_subset_converter_0_0_synth_1, kv260_ispMipiRx_vcu_DP_axis_data_fifo_cap_0_synth_1, kv260_ispMipiRx_vcu_DP_auto_pc_0_synth_1, kv260_ispMipiRx_vcu_DP_auto_pc_1_synth_1, kv260_ispMipiRx_vcu_DP_axi_iic_0_0_synth_1, kv260_ispMipiRx_vcu_DP_axi_vip_0_0_synth_1, kv260_ispMipiRx_vcu_DP_vcu_0_0_synth_1, kv260_ispMipiRx_vcu_DP_axi_reg_slice_vmcu_0_synth_1, kv260_ispMipiRx_vcu_DP_s01_mmu_2_synth_1, kv260_ispMipiRx_vcu_DP_s00_mmu_2_synth_1, kv260_ispMipiRx_vcu_DP_m00_regslice_5_synth_1, kv260_ispMipiRx_vcu_DP_s01_regslice_5_synth_1, kv260_ispMipiRx_vcu_DP_s00_regslice_9_synth_1, kv260_ispMipiRx_vcu_DP_xbar_3_synth_1, kv260_ispMipiRx_vcu_DP_s01_mmu_1_synth_1, kv260_ispMipiRx_vcu_DP_s00_mmu_1_synth_1, kv260_ispMipiRx_vcu_DP_m00_regslice_4_synth_1, kv260_ispMipiRx_vcu_DP_s01_regslice_4_synth_1, kv260_ispMipiRx_vcu_DP_s00_regslice_8_synth_1, kv260_ispMipiRx_vcu_DP_xbar_2_synth_1, kv260_ispMipiRx_vcu_DP_auto_us_0_synth_1, kv260_ispMipiRx_vcu_DP_s01_regslice_3_synth_1, kv260_ispMipiRx_vcu_DP_proc_sys_reset_600MHz_0_synth_1, kv260_ispMipiRx_vcu_DP_proc_sys_reset_300MHz_0_synth_1, kv260_ispMipiRx_vcu_DP_proc_sys_reset_100MHz_0_synth_1, kv260_ispMipiRx_vcu_DP_clk_wiz_0_0_synth_1, kv260_ispMipiRx_vcu_DP_v_frmbuf_wr_0_0_synth_1, kv260_ispMipiRx_vcu_DP_oddr_rx_0_synth_1, kv260_ispMipiRx_vcu_DP_i2s_transmitter_0_0_synth_1, kv260_ispMipiRx_vcu_DP_i2s_receiver_0_0_synth_1, kv260_ispMipiRx_vcu_DP_clk_wiz_audio_0_synth_1, kv260_ispMipiRx_vcu_DP_axi_clock_converter_s2mm_0_synth_1, kv260_ispMipiRx_vcu_DP_s00_regslice_6_synth_1, kv260_ispMipiRx_vcu_DP_xbar_0_synth_1, kv260_ispMipiRx_vcu_DP_auto_us_1_synth_1, kv260_ispMipiRx_vcu_DP_s02_regslice_0_synth_1, kv260_ispMipiRx_vcu_DP_auto_us_2_synth_1, kv260_ispMipiRx_vcu_DP_m00_regslice_3_synth_1, kv260_ispMipiRx_vcu_DP_s00_regslice_5_synth_1, kv260_ispMipiRx_vcu_DP_proc_sys_reset_18MHz_0_synth_1, kv260_ispMipiRx_vcu_DP_oddr_tx_0_synth_1, kv260_ispMipiRx_vcu_DP_PS_0_0_synth_1, kv260_ispMipiRx_vcu_DP_audio_formatter_0_0_synth_1, kv260_ispMipiRx_vcu_DP_axi_clock_converter_mm2s_0_synth_1, bd_fb21_vfb_0_0_synth_1...
Run output will be captured here:
bd_fb21_rx_0_synth_1: /home/user/Documents/kria-vitis-platforms/kv260/platforms/vivado/kv260_ispMipiRx_vcu_DP/project/kv260_ispMipiRx_vcu_DP.runs/bd_fb21_rx_0_synth_1/runme.log
bd_fb21_phy_0_synth_1: /home/user/Documents/kria-vitis-platforms/kv260/platforms/vivado/kv260_ispMipiRx_vcu_DP/project/kv260_ispMipiRx_vcu_DP.runs/bd_fb21_phy_0_synth_1/runme.log
kv260_ispMipiRx_vcu_DP_s00_mmu_0_synth_1: /home/user/Documents/kria-vitis-platforms/kv260/platforms/vivado/kv260_ispMipiRx_vcu_DP/project/kv260_ispMipiRx_vcu_DP.runs/kv260_ispMipiRx_vcu_DP_s00_mmu_0_synth_1/runme.log
kv260_ispMipiRx_vcu_DP_s01_mmu_0_synth_1: /home/user/Documents/kria-vitis-platforms/kv260/platforms/vivado/kv260_ispMipiRx_vcu_DP/project/kv260_ispMipiRx_vcu_DP.runs/kv260_ispMipiRx_vcu_DP_s01_mmu_0_synth_1/runme.log
kv260_ispMipiRx_vcu_DP_s02_mmu_0_synth_1: /home/user/Documents/kria-vitis-platforms/kv260/platforms/vivado/kv260_ispMipiRx_vcu_DP/project/kv260_ispMipiRx_vcu_DP.runs/kv260_ispMipiRx_vcu_DP_s02_mmu_0_synth_1/runme.log
kv260_ispMipiRx_vcu_DP_xbar_1_synth_1: /home/user/Documents/kria-vitis-platforms/kv260/platforms/vivado/kv260_ispMipiRx_vcu_DP/project/kv260_ispMipiRx_vcu_DP.runs/kv260_ispMipiRx_vcu_DP_xbar_1_synth_1/runme.log
kv260_ispMipiRx_vcu_DP_s00_regslice_7_synth_1: /home/user/Documents/kria-vitis-platforms/kv260/platforms/vivado/kv260_ispMipiRx_vcu_DP/project/kv260_ispMipiRx_vcu_DP.runs/kv260_ispMipiRx_vcu_DP_s00_regslice_7_synth_1/runme.log
bd_fb21_r_sync_0_synth_1: /home/user/Documents/kria-vitis-platforms/kv260/platforms/vivado/kv260_ispMipiRx_vcu_DP/project/kv260_ispMipiRx_vcu_DP.runs/bd_fb21_r_sync_0_synth_1/runme.log
kv260_ispMipiRx_vcu_DP_mipi_csi2_rx_subsyst_0_0_synth_1: /home/user/Documents/kria-vitis-platforms/kv260/platforms/vivado/kv260_ispMipiRx_vcu_DP/project/kv260_ispMipiRx_vcu_DP.runs/kv260_ispMipiRx_vcu_DP_mipi_csi2_rx_subsyst_0_0_synth_1/runme.log
kv260_ispMipiRx_vcu_DP_axis_subset_converter_0_0_synth_1: /home/user/Documents/kria-vitis-platforms/kv260/platforms/vivado/kv260_ispMipiRx_vcu_DP/project/kv260_ispMipiRx_vcu_DP.runs/kv260_ispMipiRx_vcu_DP_axis_subset_converter_0_0_synth_1/runme.log
kv260_ispMipiRx_vcu_DP_axis_data_fifo_cap_0_synth_1: /home/user/Documents/kria-vitis-platforms/kv260/platforms/vivado/kv260_ispMipiRx_vcu_DP/project/kv260_ispMipiRx_vcu_DP.runs/kv260_ispMipiRx_vcu_DP_axis_data_fifo_cap_0_synth_1/runme.log
kv260_ispMipiRx_vcu_DP_auto_pc_0_synth_1: /home/user/Documents/kria-vitis-platforms/kv260/platforms/vivado/kv260_ispMipiRx_vcu_DP/project/kv260_ispMipiRx_vcu_DP.runs/kv260_ispMipiRx_vcu_DP_auto_pc_0_synth_1/runme.log
kv260_ispMipiRx_vcu_DP_auto_pc_1_synth_1: /home/user/Documents/kria-vitis-platforms/kv260/platforms/vivado/kv260_ispMipiRx_vcu_DP/project/kv260_ispMipiRx_vcu_DP.runs/kv260_ispMipiRx_vcu_DP_auto_pc_1_synth_1/runme.log
kv260_ispMipiRx_vcu_DP_axi_iic_0_0_synth_1: /home/user/Documents/kria-vitis-platforms/kv260/platforms/vivado/kv260_ispMipiRx_vcu_DP/project/kv260_ispMipiRx_vcu_DP.runs/kv260_ispMipiRx_vcu_DP_axi_iic_0_0_synth_1/runme.log
kv260_ispMipiRx_vcu_DP_axi_vip_0_0_synth_1: /home/user/Documents/kria-vitis-platforms/kv260/platforms/vivado/kv260_ispMipiRx_vcu_DP/project/kv260_ispMipiRx_vcu_DP.runs/kv260_ispMipiRx_vcu_DP_axi_vip_0_0_synth_1/runme.log
kv260_ispMipiRx_vcu_DP_vcu_0_0_synth_1: /home/user/Documents/kria-vitis-platforms/kv260/platforms/vivado/kv260_ispMipiRx_vcu_DP/project/kv260_ispMipiRx_vcu_DP.runs/kv260_ispMipiRx_vcu_DP_vcu_0_0_synth_1/runme.log
kv260_ispMipiRx_vcu_DP_axi_reg_slice_vmcu_0_synth_1: /home/user/Documents/kria-vitis-platforms/kv260/platforms/vivado/kv260_ispMipiRx_vcu_DP/project/kv260_ispMipiRx_vcu_DP.runs/kv260_ispMipiRx_vcu_DP_axi_reg_slice_vmcu_0_synth_1/runme.log
kv260_ispMipiRx_vcu_DP_s01_mmu_2_synth_1: /home/user/Documents/kria-vitis-platforms/kv260/platforms/vivado/kv260_ispMipiRx_vcu_DP/project/kv260_ispMipiRx_vcu_DP.runs/kv260_ispMipiRx_vcu_DP_s01_mmu_2_synth_1/runme.log
kv260_ispMipiRx_vcu_DP_s00_mmu_2_synth_1: /home/user/Documents/kria-vitis-platforms/kv260/platforms/vivado/kv260_ispMipiRx_vcu_DP/project/kv260_ispMipiRx_vcu_DP.runs/kv260_ispMipiRx_vcu_DP_s00_mmu_2_synth_1/runme.log
kv260_ispMipiRx_vcu_DP_m00_regslice_5_synth_1: /home/user/Documents/kria-vitis-platforms/kv260/platforms/vivado/kv260_ispMipiRx_vcu_DP/project/kv260_ispMipiRx_vcu_DP.runs/kv260_ispMipiRx_vcu_DP_m00_regslice_5_synth_1/runme.log
kv260_ispMipiRx_vcu_DP_s01_regslice_5_synth_1: /home/user/Documents/kria-vitis-platforms/kv260/platforms/vivado/kv260_ispMipiRx_vcu_DP/project/kv260_ispMipiRx_vcu_DP.runs/kv260_ispMipiRx_vcu_DP_s01_regslice_5_synth_1/runme.log
kv260_ispMipiRx_vcu_DP_s00_regslice_9_synth_1: /home/user/Documents/kria-vitis-platforms/kv260/platforms/vivado/kv260_ispMipiRx_vcu_DP/project/kv260_ispMipiRx_vcu_DP.runs/kv260_ispMipiRx_vcu_DP_s00_regslice_9_synth_1/runme.log
kv260_ispMipiRx_vcu_DP_xbar_3_synth_1: /home/user/Documents/kria-vitis-platforms/kv260/platforms/vivado/kv260_ispMipiRx_vcu_DP/project/kv260_ispMipiRx_vcu_DP.runs/kv260_ispMipiRx_vcu_DP_xbar_3_synth_1/runme.log
kv260_ispMipiRx_vcu_DP_s01_mmu_1_synth_1: /home/user/Documents/kria-vitis-platforms/kv260/platforms/vivado/kv260_ispMipiRx_vcu_DP/project/kv260_ispMipiRx_vcu_DP.runs/kv260_ispMipiRx_vcu_DP_s01_mmu_1_synth_1/runme.log
kv260_ispMipiRx_vcu_DP_s00_mmu_1_synth_1: /home/user/Documents/kria-vitis-platforms/kv260/platforms/vivado/kv260_ispMipiRx_vcu_DP/project/kv260_ispMipiRx_vcu_DP.runs/kv260_ispMipiRx_vcu_DP_s00_mmu_1_synth_1/runme.log
kv260_ispMipiRx_vcu_DP_m00_regslice_4_synth_1: /home/user/Documents/kria-vitis-platforms/kv260/platforms/vivado/kv260_ispMipiRx_vcu_DP/project/kv260_ispMipiRx_vcu_DP.runs/kv260_ispMipiRx_vcu_DP_m00_regslice_4_synth_1/runme.log
kv260_ispMipiRx_vcu_DP_s01_regslice_4_synth_1: /home/user/Documents/kria-vitis-platforms/kv260/platforms/vivado/kv260_ispMipiRx_vcu_DP/project/kv260_ispMipiRx_vcu_DP.runs/kv260_ispMipiRx_vcu_DP_s01_regslice_4_synth_1/runme.log
kv260_ispMipiRx_vcu_DP_s00_regslice_8_synth_1: /home/user/Documents/kria-vitis-platforms/kv260/platforms/vivado/kv260_ispMipiRx_vcu_DP/project/kv260_ispMipiRx_vcu_DP.runs/kv260_ispMipiRx_vcu_DP_s00_regslice_8_synth_1/runme.log
kv260_ispMipiRx_vcu_DP_xbar_2_synth_1: /home/user/Documents/kria-vitis-platforms/kv260/platforms/vivado/kv260_ispMipiRx_vcu_DP/project/kv260_ispMipiRx_vcu_DP.runs/kv260_ispMipiRx_vcu_DP_xbar_2_synth_1/runme.log
kv260_ispMipiRx_vcu_DP_auto_us_0_synth_1: /home/user/Documents/kria-vitis-platforms/kv260/platforms/vivado/kv260_ispMipiRx_vcu_DP/project/kv260_ispMipiRx_vcu_DP.runs/kv260_ispMipiRx_vcu_DP_auto_us_0_synth_1/runme.log
kv260_ispMipiRx_vcu_DP_s01_regslice_3_synth_1: /home/user/Documents/kria-vitis-platforms/kv260/platforms/vivado/kv260_ispMipiRx_vcu_DP/project/kv260_ispMipiRx_vcu_DP.runs/kv260_ispMipiRx_vcu_DP_s01_regslice_3_synth_1/runme.log
kv260_ispMipiRx_vcu_DP_proc_sys_reset_600MHz_0_synth_1: /home/user/Documents/kria-vitis-platforms/kv260/platforms/vivado/kv260_ispMipiRx_vcu_DP/project/kv260_ispMipiRx_vcu_DP.runs/kv260_ispMipiRx_vcu_DP_proc_sys_reset_600MHz_0_synth_1/runme.log
kv260_ispMipiRx_vcu_DP_proc_sys_reset_300MHz_0_synth_1: /home/user/Documents/kria-vitis-platforms/kv260/platforms/vivado/kv260_ispMipiRx_vcu_DP/project/kv260_ispMipiRx_vcu_DP.runs/kv260_ispMipiRx_vcu_DP_proc_sys_reset_300MHz_0_synth_1/runme.log
kv260_ispMipiRx_vcu_DP_proc_sys_reset_100MHz_0_synth_1: /home/user/Documents/kria-vitis-platforms/kv260/platforms/vivado/kv260_ispMipiRx_vcu_DP/project/kv260_ispMipiRx_vcu_DP.runs/kv260_ispMipiRx_vcu_DP_proc_sys_reset_100MHz_0_synth_1/runme.log
kv260_ispMipiRx_vcu_DP_clk_wiz_0_0_synth_1: /home/user/Documents/kria-vitis-platforms/kv260/platforms/vivado/kv260_ispMipiRx_vcu_DP/project/kv260_ispMipiRx_vcu_DP.runs/kv260_ispMipiRx_vcu_DP_clk_wiz_0_0_synth_1/runme.log
kv260_ispMipiRx_vcu_DP_v_frmbuf_wr_0_0_synth_1: /home/user/Documents/kria-vitis-platforms/kv260/platforms/vivado/kv260_ispMipiRx_vcu_DP/project/kv260_ispMipiRx_vcu_DP.runs/kv260_ispMipiRx_vcu_DP_v_frmbuf_wr_0_0_synth_1/runme.log
kv260_ispMipiRx_vcu_DP_oddr_rx_0_synth_1: /home/user/Documents/kria-vitis-platforms/kv260/platforms/vivado/kv260_ispMipiRx_vcu_DP/project/kv260_ispMipiRx_vcu_DP.runs/kv260_ispMipiRx_vcu_DP_oddr_rx_0_synth_1/runme.log
kv260_ispMipiRx_vcu_DP_i2s_transmitter_0_0_synth_1: /home/user/Documents/kria-vitis-platforms/kv260/platforms/vivado/kv260_ispMipiRx_vcu_DP/project/kv260_ispMipiRx_vcu_DP.runs/kv260_ispMipiRx_vcu_DP_i2s_transmitter_0_0_synth_1/runme.log
kv260_ispMipiRx_vcu_DP_i2s_receiver_0_0_synth_1: /home/user/Documents/kria-vitis-platforms/kv260/platforms/vivado/kv260_ispMipiRx_vcu_DP/project/kv260_ispMipiRx_vcu_DP.runs/kv260_ispMipiRx_vcu_DP_i2s_receiver_0_0_synth_1/runme.log
kv260_ispMipiRx_vcu_DP_clk_wiz_audio_0_synth_1: /home/user/Documents/kria-vitis-platforms/kv260/platforms/vivado/kv260_ispMipiRx_vcu_DP/project/kv260_ispMipiRx_vcu_DP.runs/kv260_ispMipiRx_vcu_DP_clk_wiz_audio_0_synth_1/runme.log
kv260_ispMipiRx_vcu_DP_axi_clock_converter_s2mm_0_synth_1: /home/user/Documents/kria-vitis-platforms/kv260/platforms/vivado/kv260_ispMipiRx_vcu_DP/project/kv260_ispMipiRx_vcu_DP.runs/kv260_ispMipiRx_vcu_DP_axi_clock_converter_s2mm_0_synth_1/runme.log
kv260_ispMipiRx_vcu_DP_s00_regslice_6_synth_1: /home/user/Documents/kria-vitis-platforms/kv260/platforms/vivado/kv260_ispMipiRx_vcu_DP/project/kv260_ispMipiRx_vcu_DP.runs/kv260_ispMipiRx_vcu_DP_s00_regslice_6_synth_1/runme.log
kv260_ispMipiRx_vcu_DP_xbar_0_synth_1: /home/user/Documents/kria-vitis-platforms/kv260/platforms/vivado/kv260_ispMipiRx_vcu_DP/project/kv260_ispMipiRx_vcu_DP.runs/kv260_ispMipiRx_vcu_DP_xbar_0_synth_1/runme.log
kv260_ispMipiRx_vcu_DP_auto_us_1_synth_1: /home/user/Documents/kria-vitis-platforms/kv260/platforms/vivado/kv260_ispMipiRx_vcu_DP/project/kv260_ispMipiRx_vcu_DP.runs/kv260_ispMipiRx_vcu_DP_auto_us_1_synth_1/runme.log
kv260_ispMipiRx_vcu_DP_s02_regslice_0_synth_1: /home/user/Documents/kria-vitis-platforms/kv260/platforms/vivado/kv260_ispMipiRx_vcu_DP/project/kv260_ispMipiRx_vcu_DP.runs/kv260_ispMipiRx_vcu_DP_s02_regslice_0_synth_1/runme.log
kv260_ispMipiRx_vcu_DP_auto_us_2_synth_1: /home/user/Documents/kria-vitis-platforms/kv260/platforms/vivado/kv260_ispMipiRx_vcu_DP/project/kv260_ispMipiRx_vcu_DP.runs/kv260_ispMipiRx_vcu_DP_auto_us_2_synth_1/runme.log
kv260_ispMipiRx_vcu_DP_m00_regslice_3_synth_1: /home/user/Documents/kria-vitis-platforms/kv260/platforms/vivado/kv260_ispMipiRx_vcu_DP/project/kv260_ispMipiRx_vcu_DP.runs/kv260_ispMipiRx_vcu_DP_m00_regslice_3_synth_1/runme.log
kv260_ispMipiRx_vcu_DP_s00_regslice_5_synth_1: /home/user/Documents/kria-vitis-platforms/kv260/platforms/vivado/kv260_ispMipiRx_vcu_DP/project/kv260_ispMipiRx_vcu_DP.runs/kv260_ispMipiRx_vcu_DP_s00_regslice_5_synth_1/runme.log
kv260_ispMipiRx_vcu_DP_proc_sys_reset_18MHz_0_synth_1: /home/user/Documents/kria-vitis-platforms/kv260/platforms/vivado/kv260_ispMipiRx_vcu_DP/project/kv260_ispMipiRx_vcu_DP.runs/kv260_ispMipiRx_vcu_DP_proc_sys_reset_18MHz_0_synth_1/runme.log
kv260_ispMipiRx_vcu_DP_oddr_tx_0_synth_1: /home/user/Documents/kria-vitis-platforms/kv260/platforms/vivado/kv260_ispMipiRx_vcu_DP/project/kv260_ispMipiRx_vcu_DP.runs/kv260_ispMipiRx_vcu_DP_oddr_tx_0_synth_1/runme.log
kv260_ispMipiRx_vcu_DP_PS_0_0_synth_1: /home/user/Documents/kria-vitis-platforms/kv260/platforms/vivado/kv260_ispMipiRx_vcu_DP/project/kv260_ispMipiRx_vcu_DP.runs/kv260_ispMipiRx_vcu_DP_PS_0_0_synth_1/runme.log
kv260_ispMipiRx_vcu_DP_audio_formatter_0_0_synth_1: /home/user/Documents/kria-vitis-platforms/kv260/platforms/vivado/kv260_ispMipiRx_vcu_DP/project/kv260_ispMipiRx_vcu_DP.runs/kv260_ispMipiRx_vcu_DP_audio_formatter_0_0_synth_1/runme.log
kv260_ispMipiRx_vcu_DP_axi_clock_converter_mm2s_0_synth_1: /home/user/Documents/kria-vitis-platforms/kv260/platforms/vivado/kv260_ispMipiRx_vcu_DP/project/kv260_ispMipiRx_vcu_DP.runs/kv260_ispMipiRx_vcu_DP_axi_clock_converter_mm2s_0_synth_1/runme.log
bd_fb21_vfb_0_0_synth_1: /home/user/Documents/kria-vitis-platforms/kv260/platforms/vivado/kv260_ispMipiRx_vcu_DP/project/kv260_ispMipiRx_vcu_DP.runs/bd_fb21_vfb_0_0_synth_1/runme.log
[Thu Mar  5 01:20:17 2026] Launched synth_1...
Run output will be captured here: /home/user/Documents/kria-vitis-platforms/kv260/platforms/vivado/kv260_ispMipiRx_vcu_DP/project/kv260_ispMipiRx_vcu_DP.runs/synth_1/runme.log
[Thu Mar  5 01:20:17 2026] Waiting for synth_1 to finish...
WARNING: [IP_Flow 19-4318] IP-XACT file does not exist: /home/user/Documents/kria-vitis-platforms/kv260/platforms/vivado/kv260_ispMipiRx_vcu_DP/project/kv260_ispMipiRx_vcu_DP.srcs/sources_1/bd/kv260_ispMipiRx_vcu_DP/ip/kv260_ispMipiRx_vcu_DP_PS_0_0/kv260_ispMipiRx_vcu_DP_PS_0_0.xml. It will be created.
WARNING: [IP_Flow 19-4318] IP-XACT file does not exist: /home/user/Documents/kria-vitis-platforms/kv260/platforms/vivado/kv260_ispMipiRx_vcu_DP/project/kv260_ispMipiRx_vcu_DP.srcs/sources_1/bd/kv260_ispMipiRx_vcu_DP/ip/kv260_ispMipiRx_vcu_DP_audio_formatter_0_0/kv260_ispMipiRx_vcu_DP_audio_formatter_0_0.xml. It will be created.
WARNING: [IP_Flow 19-4318] IP-XACT file does not exist: /home/user/Documents/kria-vitis-platforms/kv260/platforms/vivado/kv260_ispMipiRx_vcu_DP/project/kv260_ispMipiRx_vcu_DP.srcs/sources_1/bd/kv260_ispMipiRx_vcu_DP/ip/kv260_ispMipiRx_vcu_DP_axi_clock_converter_mm2s_0/kv260_ispMipiRx_vcu_DP_axi_clock_converter_mm2s_0.xml. It will be created.
WARNING: [IP_Flow 19-4318] IP-XACT file does not exist: /home/user/Documents/kria-vitis-platforms/kv260/platforms/vivado/kv260_ispMipiRx_vcu_DP/project/kv260_ispMipiRx_vcu_DP.srcs/sources_1/bd/kv260_ispMipiRx_vcu_DP/ip/kv260_ispMipiRx_vcu_DP_axi_clock_converter_s2mm_0/kv260_ispMipiRx_vcu_DP_axi_clock_converter_s2mm_0.xml. It will be created.
WARNING: [IP_Flow 19-4318] IP-XACT file does not exist: /home/user/Documents/kria-vitis-platforms/kv260/platforms/vivado/kv260_ispMipiRx_vcu_DP/project/kv260_ispMipiRx_vcu_DP.srcs/sources_1/bd/kv260_ispMipiRx_vcu_DP/ip/kv260_ispMipiRx_vcu_DP_clk_wiz_audio_0/kv260_ispMipiRx_vcu_DP_clk_wiz_audio_0.xml. It will be created.
WARNING: [IP_Flow 19-4318] IP-XACT file does not exist: /home/user/Documents/kria-vitis-platforms/kv260/platforms/vivado/kv260_ispMipiRx_vcu_DP/project/kv260_ispMipiRx_vcu_DP.srcs/sources_1/bd/kv260_ispMipiRx_vcu_DP/ip/kv260_ispMipiRx_vcu_DP_i2s_receiver_0_0/kv260_ispMipiRx_vcu_DP_i2s_receiver_0_0.xml. It will be created.
WARNING: [IP_Flow 19-4318] IP-XACT file does not exist: /home/user/Documents/kria-vitis-platforms/kv260/platforms/vivado/kv260_ispMipiRx_vcu_DP/project/kv260_ispMipiRx_vcu_DP.srcs/sources_1/bd/kv260_ispMipiRx_vcu_DP/ip/kv260_ispMipiRx_vcu_DP_i2s_transmitter_0_0/kv260_ispMipiRx_vcu_DP_i2s_transmitter_0_0.xml. It will be created.
WARNING: [IP_Flow 19-4318] IP-XACT file does not exist: /home/user/Documents/kria-vitis-platforms/kv260/platforms/vivado/kv260_ispMipiRx_vcu_DP/project/kv260_ispMipiRx_vcu_DP.srcs/sources_1/bd/kv260_ispMipiRx_vcu_DP/ip/kv260_ispMipiRx_vcu_DP_oddr_rx_0/kv260_ispMipiRx_vcu_DP_oddr_rx_0.xml. It will be created.
WARNING: [IP_Flow 19-4318] IP-XACT file does not exist: /home/user/Documents/kria-vitis-platforms/kv260/platforms/vivado/kv260_ispMipiRx_vcu_DP/project/kv260_ispMipiRx_vcu_DP.srcs/sources_1/bd/kv260_ispMipiRx_vcu_DP/ip/kv260_ispMipiRx_vcu_DP_oddr_tx_0/kv260_ispMipiRx_vcu_DP_oddr_tx_0.xml. It will be created.
WARNING: [IP_Flow 19-4318] IP-XACT file does not exist: /home/user/Documents/kria-vitis-platforms/kv260/platforms/vivado/kv260_ispMipiRx_vcu_DP/project/kv260_ispMipiRx_vcu_DP.srcs/sources_1/bd/kv260_ispMipiRx_vcu_DP/ip/kv260_ispMipiRx_vcu_DP_proc_sys_reset_18MHz_0/kv260_ispMipiRx_vcu_DP_proc_sys_reset_18MHz_0.xml. It will be created.
WARNING: [IP_Flow 19-4318] IP-XACT file does not exist: /home/user/Documents/kria-vitis-platforms/kv260/platforms/vivado/kv260_ispMipiRx_vcu_DP/project/kv260_ispMipiRx_vcu_DP.srcs/sources_1/bd/kv260_ispMipiRx_vcu_DP/ip/kv260_ispMipiRx_vcu_DP_s00_regslice_5/kv260_ispMipiRx_vcu_DP_s00_regslice_5.xml. It will be created.
WARNING: [IP_Flow 19-4318] IP-XACT file does not exist: /home/user/Documents/kria-vitis-platforms/kv260/platforms/vivado/kv260_ispMipiRx_vcu_DP/project/kv260_ispMipiRx_vcu_DP.srcs/sources_1/bd/kv260_ispMipiRx_vcu_DP/ip/kv260_ispMipiRx_vcu_DP_axi_ic_accel_ctrl_0/kv260_ispMipiRx_vcu_DP_axi_ic_accel_ctrl_0.xml. It will be created.
WARNING: [IP_Flow 19-4318] IP-XACT file does not exist: /home/user/Documents/kria-vitis-platforms/kv260/platforms/vivado/kv260_ispMipiRx_vcu_DP/project/kv260_ispMipiRx_vcu_DP.srcs/sources_1/bd/kv260_ispMipiRx_vcu_DP/ip/kv260_ispMipiRx_vcu_DP_xbar_0/kv260_ispMipiRx_vcu_DP_xbar_0.xml. It will be created.
WARNING: [IP_Flow 19-4318] IP-XACT file does not exist: /home/user/Documents/kria-vitis-platforms/kv260/platforms/vivado/kv260_ispMipiRx_vcu_DP/project/kv260_ispMipiRx_vcu_DP.srcs/sources_1/bd/kv260_ispMipiRx_vcu_DP/ip/kv260_ispMipiRx_vcu_DP_s00_regslice_6/kv260_ispMipiRx_vcu_DP_s00_regslice_6.xml. It will be created.
WARNING: [IP_Flow 19-4318] IP-XACT file does not exist: /home/user/Documents/kria-vitis-platforms/kv260/platforms/vivado/kv260_ispMipiRx_vcu_DP/project/kv260_ispMipiRx_vcu_DP.srcs/sources_1/bd/kv260_ispMipiRx_vcu_DP/ip/kv260_ispMipiRx_vcu_DP_auto_us_0/kv260_ispMipiRx_vcu_DP_auto_us_0.xml. It will be created.
WARNING: [IP_Flow 19-4318] IP-XACT file does not exist: /home/user/Documents/kria-vitis-platforms/kv260/platforms/vivado/kv260_ispMipiRx_vcu_DP/project/kv260_ispMipiRx_vcu_DP.srcs/sources_1/bd/kv260_ispMipiRx_vcu_DP/ip/kv260_ispMipiRx_vcu_DP_s01_regslice_3/kv260_ispMipiRx_vcu_DP_s01_regslice_3.xml. It will be created.
WARNING: [IP_Flow 19-4318] IP-XACT file does not exist: /home/user/Documents/kria-vitis-platforms/kv260/platforms/vivado/kv260_ispMipiRx_vcu_DP/project/kv260_ispMipiRx_vcu_DP.srcs/sources_1/bd/kv260_ispMipiRx_vcu_DP/ip/kv260_ispMipiRx_vcu_DP_auto_us_1/kv260_ispMipiRx_vcu_DP_auto_us_1.xml. It will be created.
WARNING: [IP_Flow 19-4318] IP-XACT file does not exist: /home/user/Documents/kria-vitis-platforms/kv260/platforms/vivado/kv260_ispMipiRx_vcu_DP/project/kv260_ispMipiRx_vcu_DP.srcs/sources_1/bd/kv260_ispMipiRx_vcu_DP/ip/kv260_ispMipiRx_vcu_DP_s02_regslice_0/kv260_ispMipiRx_vcu_DP_s02_regslice_0.xml. It will be created.
WARNING: [IP_Flow 19-4318] IP-XACT file does not exist: /home/user/Documents/kria-vitis-platforms/kv260/platforms/vivado/kv260_ispMipiRx_vcu_DP/project/kv260_ispMipiRx_vcu_DP.srcs/sources_1/bd/kv260_ispMipiRx_vcu_DP/ip/kv260_ispMipiRx_vcu_DP_auto_us_2/kv260_ispMipiRx_vcu_DP_auto_us_2.xml. It will be created.
WARNING: [IP_Flow 19-4318] IP-XACT file does not exist: /home/user/Documents/kria-vitis-platforms/kv260/platforms/vivado/kv260_ispMipiRx_vcu_DP/project/kv260_ispMipiRx_vcu_DP.srcs/sources_1/bd/kv260_ispMipiRx_vcu_DP/ip/kv260_ispMipiRx_vcu_DP_m00_regslice_3/kv260_ispMipiRx_vcu_DP_m00_regslice_3.xml. It will be created.
WARNING: [IP_Flow 19-4318] IP-XACT file does not exist: /home/user/Documents/kria-vitis-platforms/kv260/platforms/vivado/kv260_ispMipiRx_vcu_DP/project/kv260_ispMipiRx_vcu_DP.srcs/sources_1/bd/kv260_ispMipiRx_vcu_DP/ip/kv260_ispMipiRx_vcu_DP_s00_mmu_0/kv260_ispMipiRx_vcu_DP_s00_mmu_0.xml. It will be created.
WARNING: [IP_Flow 19-4318] IP-XACT file does not exist: /home/user/Documents/kria-vitis-platforms/kv260/platforms/vivado/kv260_ispMipiRx_vcu_DP/project/kv260_ispMipiRx_vcu_DP.srcs/sources_1/bd/kv260_ispMipiRx_vcu_DP/ip/kv260_ispMipiRx_vcu_DP_s01_mmu_0/kv260_ispMipiRx_vcu_DP_s01_mmu_0.xml. It will be created.
WARNING: [IP_Flow 19-4318] IP-XACT file does not exist: /home/user/Documents/kria-vitis-platforms/kv260/platforms/vivado/kv260_ispMipiRx_vcu_DP/project/kv260_ispMipiRx_vcu_DP.srcs/sources_1/bd/kv260_ispMipiRx_vcu_DP/ip/kv260_ispMipiRx_vcu_DP_s02_mmu_0/kv260_ispMipiRx_vcu_DP_s02_mmu_0.xml. It will be created.
WARNING: [IP_Flow 19-4318] IP-XACT file does not exist: /home/user/Documents/kria-vitis-platforms/kv260/platforms/vivado/kv260_ispMipiRx_vcu_DP/project/kv260_ispMipiRx_vcu_DP.srcs/sources_1/bd/kv260_ispMipiRx_vcu_DP/ip/kv260_ispMipiRx_vcu_DP_axi_ic_audio_mcu_0/kv260_ispMipiRx_vcu_DP_axi_ic_audio_mcu_0.xml. It will be created.
WARNING: [IP_Flow 19-4318] IP-XACT file does not exist: /home/user/Documents/kria-vitis-platforms/kv260/platforms/vivado/kv260_ispMipiRx_vcu_DP/project/kv260_ispMipiRx_vcu_DP.srcs/sources_1/bd/kv260_ispMipiRx_vcu_DP/ip/kv260_ispMipiRx_vcu_DP_xbar_1/kv260_ispMipiRx_vcu_DP_xbar_1.xml. It will be created.
WARNING: [IP_Flow 19-4318] IP-XACT file does not exist: /home/user/Documents/kria-vitis-platforms/kv260/platforms/vivado/kv260_ispMipiRx_vcu_DP/project/kv260_ispMipiRx_vcu_DP.srcs/sources_1/bd/kv260_ispMipiRx_vcu_DP/ip/kv260_ispMipiRx_vcu_DP_s00_regslice_7/kv260_ispMipiRx_vcu_DP_s00_regslice_7.xml. It will be created.
WARNING: [IP_Flow 19-4318] IP-XACT file does not exist: /home/user/Documents/kria-vitis-platforms/kv260/platforms/vivado/kv260_ispMipiRx_vcu_DP/project/kv260_ispMipiRx_vcu_DP.srcs/sources_1/bd/kv260_ispMipiRx_vcu_DP/ip/kv260_ispMipiRx_vcu_DP_auto_pc_0/kv260_ispMipiRx_vcu_DP_auto_pc_0.xml. It will be created.
WARNING: [IP_Flow 19-4318] IP-XACT file does not exist: /home/user/Documents/kria-vitis-platforms/kv260/platforms/vivado/kv260_ispMipiRx_vcu_DP/project/kv260_ispMipiRx_vcu_DP.srcs/sources_1/bd/kv260_ispMipiRx_vcu_DP/ip/kv260_ispMipiRx_vcu_DP_axi_ic_ctrl_100_0/kv260_ispMipiRx_vcu_DP_axi_ic_ctrl_100_0.xml. It will be created.
WARNING: [IP_Flow 19-4318] IP-XACT file does not exist: /home/user/Documents/kria-vitis-platforms/kv260/platforms/vivado/kv260_ispMipiRx_vcu_DP/project/kv260_ispMipiRx_vcu_DP.srcs/sources_1/bd/kv260_ispMipiRx_vcu_DP/ip/kv260_ispMipiRx_vcu_DP_auto_pc_1/kv260_ispMipiRx_vcu_DP_auto_pc_1.xml. It will be created.
WARNING: [IP_Flow 19-4318] IP-XACT file does not exist: /home/user/Documents/kria-vitis-platforms/kv260/platforms/vivado/kv260_ispMipiRx_vcu_DP/project/kv260_ispMipiRx_vcu_DP.srcs/sources_1/bd/kv260_ispMipiRx_vcu_DP/ip/kv260_ispMipiRx_vcu_DP_axi_ic_ctrl_300_0/kv260_ispMipiRx_vcu_DP_axi_ic_ctrl_300_0.xml. It will be created.
WARNING: [IP_Flow 19-4318] IP-XACT file does not exist: /home/user/Documents/kria-vitis-platforms/kv260/platforms/vivado/kv260_ispMipiRx_vcu_DP/project/kv260_ispMipiRx_vcu_DP.srcs/sources_1/bd/kv260_ispMipiRx_vcu_DP/ip/kv260_ispMipiRx_vcu_DP_axi_iic_0_0/kv260_ispMipiRx_vcu_DP_axi_iic_0_0.xml. It will be created.
WARNING: [IP_Flow 19-4318] IP-XACT file does not exist: /home/user/Documents/kria-vitis-platforms/kv260/platforms/vivado/kv260_ispMipiRx_vcu_DP/project/kv260_ispMipiRx_vcu_DP.srcs/sources_1/bd/kv260_ispMipiRx_vcu_DP/ip/kv260_ispMipiRx_vcu_DP_axi_vip_0_0/kv260_ispMipiRx_vcu_DP_axi_vip_0_0.xml. It will be created.
WARNING: [IP_Flow 19-4318] IP-XACT file does not exist: /home/user/Documents/kria-vitis-platforms/kv260/platforms/vivado/kv260_ispMipiRx_vcu_DP/project/kv260_ispMipiRx_vcu_DP.srcs/sources_1/bd/kv260_ispMipiRx_vcu_DP/ip/kv260_ispMipiRx_vcu_DP_axis_data_fifo_cap_0/kv260_ispMipiRx_vcu_DP_axis_data_fifo_cap_0.xml. It will be created.
WARNING: [IP_Flow 19-4318] IP-XACT file does not exist: /home/user/Documents/kria-vitis-platforms/kv260/platforms/vivado/kv260_ispMipiRx_vcu_DP/project/kv260_ispMipiRx_vcu_DP.srcs/sources_1/bd/kv260_ispMipiRx_vcu_DP/ip/kv260_ispMipiRx_vcu_DP_axis_subset_converter_0_0/kv260_ispMipiRx_vcu_DP_axis_subset_converter_0_0.xml. It will be created.
WARNING: [IP_Flow 19-4318] IP-XACT file does not exist: /home/user/Documents/kria-vitis-platforms/kv260/platforms/vivado/kv260_ispMipiRx_vcu_DP/project/kv260_ispMipiRx_vcu_DP.srcs/sources_1/bd/kv260_ispMipiRx_vcu_DP/ip/kv260_ispMipiRx_vcu_DP_mipi_csi2_rx_subsyst_0_0/kv260_ispMipiRx_vcu_DP_mipi_csi2_rx_subsyst_0_0.xml. It will be created.
WARNING: [IP_Flow 19-4318] IP-XACT file does not exist: /home/user/Documents/kria-vitis-platforms/kv260/platforms/vivado/kv260_ispMipiRx_vcu_DP/project/kv260_ispMipiRx_vcu_DP.srcs/sources_1/bd/kv260_ispMipiRx_vcu_DP/ip/kv260_ispMipiRx_vcu_DP_v_frmbuf_wr_0_0/kv260_ispMipiRx_vcu_DP_v_frmbuf_wr_0_0.xml. It will be created.
WARNING: [IP_Flow 19-4318] IP-XACT file does not exist: /home/user/Documents/kria-vitis-platforms/kv260/platforms/vivado/kv260_ispMipiRx_vcu_DP/project/kv260_ispMipiRx_vcu_DP.srcs/sources_1/bd/kv260_ispMipiRx_vcu_DP/ip/kv260_ispMipiRx_vcu_DP_xlslice_0_0/kv260_ispMipiRx_vcu_DP_xlslice_0_0.xml. It will be created.
WARNING: [IP_Flow 19-4318] IP-XACT file does not exist: /home/user/Documents/kria-vitis-platforms/kv260/platforms/vivado/kv260_ispMipiRx_vcu_DP/project/kv260_ispMipiRx_vcu_DP.srcs/sources_1/bd/kv260_ispMipiRx_vcu_DP/ip/kv260_ispMipiRx_vcu_DP_clk_wiz_0_0/kv260_ispMipiRx_vcu_DP_clk_wiz_0_0.xml. It will be created.
WARNING: [IP_Flow 19-4318] IP-XACT file does not exist: /home/user/Documents/kria-vitis-platforms/kv260/platforms/vivado/kv260_ispMipiRx_vcu_DP/project/kv260_ispMipiRx_vcu_DP.srcs/sources_1/bd/kv260_ispMipiRx_vcu_DP/ip/kv260_ispMipiRx_vcu_DP_proc_sys_reset_100MHz_0/kv260_ispMipiRx_vcu_DP_proc_sys_reset_100MHz_0.xml. It will be created.
WARNING: [IP_Flow 19-4318] IP-XACT file does not exist: /home/user/Documents/kria-vitis-platforms/kv260/platforms/vivado/kv260_ispMipiRx_vcu_DP/project/kv260_ispMipiRx_vcu_DP.srcs/sources_1/bd/kv260_ispMipiRx_vcu_DP/ip/kv260_ispMipiRx_vcu_DP_proc_sys_reset_300MHz_0/kv260_ispMipiRx_vcu_DP_proc_sys_reset_300MHz_0.xml. It will be created.
WARNING: [IP_Flow 19-4318] IP-XACT file does not exist: /home/user/Documents/kria-vitis-platforms/kv260/platforms/vivado/kv260_ispMipiRx_vcu_DP/project/kv260_ispMipiRx_vcu_DP.srcs/sources_1/bd/kv260_ispMipiRx_vcu_DP/ip/kv260_ispMipiRx_vcu_DP_proc_sys_reset_600MHz_0/kv260_ispMipiRx_vcu_DP_proc_sys_reset_600MHz_0.xml. It will be created.
WARNING: [IP_Flow 19-4318] IP-XACT file does not exist: /home/user/Documents/kria-vitis-platforms/kv260/platforms/vivado/kv260_ispMipiRx_vcu_DP/project/kv260_ispMipiRx_vcu_DP.srcs/sources_1/bd/kv260_ispMipiRx_vcu_DP/ip/kv260_ispMipiRx_vcu_DP_xbar_2/kv260_ispMipiRx_vcu_DP_xbar_2.xml. It will be created.
WARNING: [IP_Flow 19-4318] IP-XACT file does not exist: /home/user/Documents/kria-vitis-platforms/kv260/platforms/vivado/kv260_ispMipiRx_vcu_DP/project/kv260_ispMipiRx_vcu_DP.srcs/sources_1/bd/kv260_ispMipiRx_vcu_DP/ip/kv260_ispMipiRx_vcu_DP_s00_regslice_8/kv260_ispMipiRx_vcu_DP_s00_regslice_8.xml. It will be created.
WARNING: [IP_Flow 19-4318] IP-XACT file does not exist: /home/user/Documents/kria-vitis-platforms/kv260/platforms/vivado/kv260_ispMipiRx_vcu_DP/project/kv260_ispMipiRx_vcu_DP.srcs/sources_1/bd/kv260_ispMipiRx_vcu_DP/ip/kv260_ispMipiRx_vcu_DP_s01_regslice_4/kv260_ispMipiRx_vcu_DP_s01_regslice_4.xml. It will be created.
WARNING: [IP_Flow 19-4318] IP-XACT file does not exist: /home/user/Documents/kria-vitis-platforms/kv260/platforms/vivado/kv260_ispMipiRx_vcu_DP/project/kv260_ispMipiRx_vcu_DP.srcs/sources_1/bd/kv260_ispMipiRx_vcu_DP/ip/kv260_ispMipiRx_vcu_DP_m00_regslice_4/kv260_ispMipiRx_vcu_DP_m00_regslice_4.xml. It will be created.
WARNING: [IP_Flow 19-4318] IP-XACT file does not exist: /home/user/Documents/kria-vitis-platforms/kv260/platforms/vivado/kv260_ispMipiRx_vcu_DP/project/kv260_ispMipiRx_vcu_DP.srcs/sources_1/bd/kv260_ispMipiRx_vcu_DP/ip/kv260_ispMipiRx_vcu_DP_s00_mmu_1/kv260_ispMipiRx_vcu_DP_s00_mmu_1.xml. It will be created.
WARNING: [IP_Flow 19-4318] IP-XACT file does not exist: /home/user/Documents/kria-vitis-platforms/kv260/platforms/vivado/kv260_ispMipiRx_vcu_DP/project/kv260_ispMipiRx_vcu_DP.srcs/sources_1/bd/kv260_ispMipiRx_vcu_DP/ip/kv260_ispMipiRx_vcu_DP_s01_mmu_1/kv260_ispMipiRx_vcu_DP_s01_mmu_1.xml. It will be created.
WARNING: [IP_Flow 19-4318] IP-XACT file does not exist: /home/user/Documents/kria-vitis-platforms/kv260/platforms/vivado/kv260_ispMipiRx_vcu_DP/project/kv260_ispMipiRx_vcu_DP.srcs/sources_1/bd/kv260_ispMipiRx_vcu_DP/ip/kv260_ispMipiRx_vcu_DP_axi_ic_vcu_dec_0/kv260_ispMipiRx_vcu_DP_axi_ic_vcu_dec_0.xml. It will be created.
WARNING: [IP_Flow 19-4318] IP-XACT file does not exist: /home/user/Documents/kria-vitis-platforms/kv260/platforms/vivado/kv260_ispMipiRx_vcu_DP/project/kv260_ispMipiRx_vcu_DP.srcs/sources_1/bd/kv260_ispMipiRx_vcu_DP/ip/kv260_ispMipiRx_vcu_DP_xbar_3/kv260_ispMipiRx_vcu_DP_xbar_3.xml. It will be created.
WARNING: [IP_Flow 19-4318] IP-XACT file does not exist: /home/user/Documents/kria-vitis-platforms/kv260/platforms/vivado/kv260_ispMipiRx_vcu_DP/project/kv260_ispMipiRx_vcu_DP.srcs/sources_1/bd/kv260_ispMipiRx_vcu_DP/ip/kv260_ispMipiRx_vcu_DP_s00_regslice_9/kv260_ispMipiRx_vcu_DP_s00_regslice_9.xml. It will be created.
WARNING: [IP_Flow 19-4318] IP-XACT file does not exist: /home/user/Documents/kria-vitis-platforms/kv260/platforms/vivado/kv260_ispMipiRx_vcu_DP/project/kv260_ispMipiRx_vcu_DP.srcs/sources_1/bd/kv260_ispMipiRx_vcu_DP/ip/kv260_ispMipiRx_vcu_DP_s01_regslice_5/kv260_ispMipiRx_vcu_DP_s01_regslice_5.xml. It will be created.
WARNING: [IP_Flow 19-4318] IP-XACT file does not exist: /home/user/Documents/kria-vitis-platforms/kv260/platforms/vivado/kv260_ispMipiRx_vcu_DP/project/kv260_ispMipiRx_vcu_DP.srcs/sources_1/bd/kv260_ispMipiRx_vcu_DP/ip/kv260_ispMipiRx_vcu_DP_m00_regslice_5/kv260_ispMipiRx_vcu_DP_m00_regslice_5.xml. It will be created.
WARNING: [IP_Flow 19-4318] IP-XACT file does not exist: /home/user/Documents/kria-vitis-platforms/kv260/platforms/vivado/kv260_ispMipiRx_vcu_DP/project/kv260_ispMipiRx_vcu_DP.srcs/sources_1/bd/kv260_ispMipiRx_vcu_DP/ip/kv260_ispMipiRx_vcu_DP_s00_mmu_2/kv260_ispMipiRx_vcu_DP_s00_mmu_2.xml. It will be created.
WARNING: [IP_Flow 19-4318] IP-XACT file does not exist: /home/user/Documents/kria-vitis-platforms/kv260/platforms/vivado/kv260_ispMipiRx_vcu_DP/project/kv260_ispMipiRx_vcu_DP.srcs/sources_1/bd/kv260_ispMipiRx_vcu_DP/ip/kv260_ispMipiRx_vcu_DP_s01_mmu_2/kv260_ispMipiRx_vcu_DP_s01_mmu_2.xml. It will be created.
WARNING: [IP_Flow 19-4318] IP-XACT file does not exist: /home/user/Documents/kria-vitis-platforms/kv260/platforms/vivado/kv260_ispMipiRx_vcu_DP/project/kv260_ispMipiRx_vcu_DP.srcs/sources_1/bd/kv260_ispMipiRx_vcu_DP/ip/kv260_ispMipiRx_vcu_DP_axi_ic_vcu_enc_0/kv260_ispMipiRx_vcu_DP_axi_ic_vcu_enc_0.xml. It will be created.
WARNING: [IP_Flow 19-4318] IP-XACT file does not exist: /home/user/Documents/kria-vitis-platforms/kv260/platforms/vivado/kv260_ispMipiRx_vcu_DP/project/kv260_ispMipiRx_vcu_DP.srcs/sources_1/bd/kv260_ispMipiRx_vcu_DP/ip/kv260_ispMipiRx_vcu_DP_axi_reg_slice_vmcu_0/kv260_ispMipiRx_vcu_DP_axi_reg_slice_vmcu_0.xml. It will be created.
WARNING: [IP_Flow 19-4318] IP-XACT file does not exist: /home/user/Documents/kria-vitis-platforms/kv260/platforms/vivado/kv260_ispMipiRx_vcu_DP/project/kv260_ispMipiRx_vcu_DP.srcs/sources_1/bd/kv260_ispMipiRx_vcu_DP/ip/kv260_ispMipiRx_vcu_DP_vcu_0_0/kv260_ispMipiRx_vcu_DP_vcu_0_0.xml. It will be created.
WARNING: [IP_Flow 19-4318] IP-XACT file does not exist: /home/user/Documents/kria-vitis-platforms/kv260/platforms/vivado/kv260_ispMipiRx_vcu_DP/project/kv260_ispMipiRx_vcu_DP.srcs/sources_1/bd/kv260_ispMipiRx_vcu_DP/ip/kv260_ispMipiRx_vcu_DP_xlslice_0_1/kv260_ispMipiRx_vcu_DP_xlslice_0_1.xml. It will be created.
WARNING: [IP_Flow 19-4318] IP-XACT file does not exist: /home/user/Documents/kria-vitis-platforms/kv260/platforms/vivado/kv260_ispMipiRx_vcu_DP/project/kv260_ispMipiRx_vcu_DP.srcs/sources_1/bd/kv260_ispMipiRx_vcu_DP/ip/kv260_ispMipiRx_vcu_DP_xlconcat_0_0_0/kv260_ispMipiRx_vcu_DP_xlconcat_0_0_0.xml. It will be created.
WARNING: [IP_Flow 19-4318] IP-XACT file does not exist: /home/user/Documents/kria-vitis-platforms/kv260/platforms/vivado/kv260_ispMipiRx_vcu_DP/project/kv260_ispMipiRx_vcu_DP.srcs/sources_1/bd/kv260_ispMipiRx_vcu_DP/ip/kv260_ispMipiRx_vcu_DP_xlconstant_0_0/kv260_ispMipiRx_vcu_DP_xlconstant_0_0.xml. It will be created.
WARNING: [IP_Flow 19-4318] IP-XACT file does not exist: /home/user/Documents/kria-vitis-platforms/kv260/platforms/vivado/kv260_ispMipiRx_vcu_DP/project/kv260_ispMipiRx_vcu_DP.srcs/sources_1/bd/kv260_ispMipiRx_vcu_DP/ip/kv260_ispMipiRx_vcu_DP_xlslice_0_2/kv260_ispMipiRx_vcu_DP_xlslice_0_2.xml. It will be created.
WARNING: [IP_Flow 19-4318] IP-XACT file does not exist: /home/user/Documents/kria-vitis-platforms/kv260/platforms/vivado/kv260_ispMipiRx_vcu_DP/project/kv260_ispMipiRx_vcu_DP.srcs/sources_1/bd/kv260_ispMipiRx_vcu_DP/ip/kv260_ispMipiRx_vcu_DP_xlslice_ttc_0_0/kv260_ispMipiRx_vcu_DP_xlslice_ttc_0_0.xml. It will be created.
[Thu Mar  5 01:44:33 2026] synth_1 finished
WARNING: [Vivado 12-13638] Failed runs(s) : 'kv260_ispMipiRx_vcu_DP_v_frmbuf_wr_0_0_synth_1'
 'kv260_ispMipiRx_vcu_DP_v_frmbuf_wr_0_0_synth_1' run failed with below errors.
ERROR: [Vivado 12-8300] Launch HLS failed! Please see vitis_hls.log for details.

wait_on_runs: Time (s): cpu = 00:00:06 ; elapsed = 00:24:16 . Memory (MB): peak = 3504.039 ; gain = 0.000 ; free physical = 10606 ; free virtual = 13312
WARNING: [Project 1-971] Hardware Platform (Shell) metadata attributes vendor, board, name, version will be populated from project properties platform.vendor (xilinx), platform.board_id (kv260_ispMipiRx_vcu_DP), platform.name (kv260_ispMipiRx_vcu_DP) and platform.version (1.0). The values from PFM_NAME property (xilinx.com:kv260:kv260_ispMipiRx_vcu_DP:1.0) on the BD will be over-ridden.
INFO: [Project 1-1918] Creating Hardware Platform: /home/user/Documents/kria-vitis-platforms/kv260/platforms/vivado/kv260_ispMipiRx_vcu_DP/project/kv260_ispMipiRx_vcu_DP.xsa ...
INFO: [Project 1-1906] Skipping semantic label enumeration.
WARNING: [BD 41-2589] Platform should have atleast one axi memory mapped master interface. Enable a master AXI interface as platform AXI_PORT.
INFO: [PFM-62] PFM.AXI_PORT for axi_ic_accel_ctrl/M01_AXI does not have an sptag specified, so is being assigned an auto generated name of GP
INFO: [PFM-62] PFM.AXI_PORT for axi_ic_accel_ctrl/M02_AXI does not have an sptag specified, so is being assigned an auto generated name of GP
INFO: [PFM-62] PFM.AXI_PORT for axi_ic_accel_ctrl/M03_AXI does not have an sptag specified, so is being assigned an auto generated name of GP
INFO: [PFM-62] PFM.AXI_PORT for axi_ic_accel_ctrl/M04_AXI does not have an sptag specified, so is being assigned an auto generated name of GP
INFO: [PFM-62] PFM.AXI_PORT for axi_ic_accel_ctrl/M05_AXI does not have an sptag specified, so is being assigned an auto generated name of GP
INFO: [PFM-62] PFM.AXI_PORT for axi_ic_accel_ctrl/M06_AXI does not have an sptag specified, so is being assigned an auto generated name of GP
INFO: [PFM-62] PFM.AXI_PORT for axi_ic_accel_ctrl/M07_AXI does not have an sptag specified, so is being assigned an auto generated name of GP
INFO: [PFM-62] PFM.AXI_PORT for axi_ic_accel_ctrl/M08_AXI does not have an sptag specified, so is being assigned an auto generated name of GP
INFO: [PFM-62] PFM.AXI_PORT for axi_ic_accel_ctrl/M09_AXI does not have an sptag specified, so is being assigned an auto generated name of GP
INFO: [PFM-62] PFM.AXI_PORT for axi_ic_accel_ctrl/M10_AXI does not have an sptag specified, so is being assigned an auto generated name of GP
INFO: [PFM-62] PFM.AXI_PORT for axi_ic_accel_ctrl/M11_AXI does not have an sptag specified, so is being assigned an auto generated name of GP
INFO: [PFM-62] PFM.AXI_PORT for axi_ic_accel_ctrl/M12_AXI does not have an sptag specified, so is being assigned an auto generated name of GP
INFO: [PFM-62] PFM.AXI_PORT for axi_ic_accel_ctrl/M13_AXI does not have an sptag specified, so is being assigned an auto generated name of GP
INFO: [PFM-62] PFM.AXI_PORT for axi_ic_accel_ctrl/M14_AXI does not have an sptag specified, so is being assigned an auto generated name of GP
INFO: [PFM-62] PFM.AXI_PORT for axi_ic_accel_ctrl/M15_AXI does not have an sptag specified, so is being assigned an auto generated name of GP
INFO: [Project 1-1042] Successfully generated hpfm file
write_project_tcl: Time (s): cpu = 00:48:00 ; elapsed = 00:01:42 . Memory (MB): peak = 3773.121 ; gain = 269.082 ; free physical = 10441 ; free virtual = 13419
INFO: [Project 1-1945] The Hardware Platform can be used for Hardware and Hardware Emulation
INFO: [Project 1-1941] Successfully created Hardware Platform: /home/user/Documents/kria-vitis-platforms/kv260/platforms/vivado/kv260_ispMipiRx_vcu_DP/project/kv260_ispMipiRx_vcu_DP.xsa
INFO: [Hsi 55-2053] elapsed time for repository (/tools/Xilinx/Vivado/2022.2/data/embeddedsw) loading 0 seconds
write_hw_platform: Time (s): cpu = 00:48:09 ; elapsed = 00:01:52 . Memory (MB): peak = 3773.121 ; gain = 269.082 ; free physical = 10618 ; free virtual = 13470
INFO: [Vivado 12-12082] Found metadata file: xsa.json
INFO: [Vivado 12-6078] Validating platform properties...
INFO: [Vivado 12-6079] Validating unified platform...
INFO: [Vivado 12-6073] Validating 'pre_synth' platform state...
INFO: [Vivado 12-6077] Validating platform files...
INFO: [Vivado 12-6067] Found file 'kv260_ispMipiRx_vcu_DP.hpfm' of type 'HPFM' in the Hardware Platform.
INFO: [Vivado 12-6067] Found file 'prj/rebuild.tcl' of type 'REBUILD_TCL' in the Hardware Platform.
INFO: [Vivado 12-6067] Found file 'prj/kv260_ispMipiRx_vcu_DP.srcs/sources_1/bd/kv260_ispMipiRx_vcu_DP/kv260_ispMipiRx_vcu_DP.bd' of type 'TOP_BD' in the Hardware Platform.
INFO: [Vivado 12-6066] Finished running validate_hw_platform for file: './project/kv260_ispMipiRx_vcu_DP.xsa'
INFO: [Common 17-206] Exiting Vivado at Thu Mar  5 01:46:26 2026...
