Copyright 1986-2022 Xilinx, Inc. All Rights Reserved.
--------------------------------------------------------------------------------------------------------------------------------------------------------------------------------------------------------------------------------
| Tool Version      : Vivado v.2022.2 (lin64) Build 3671981 Fri Oct 14 04:59:54 MDT 2022
| Date              : Fri Mar  6 02:42:57 2026
| Host              : ubuntu running 64-bit Ubuntu 20.04.6 LTS
| Command           : report_bus_skew -warn_on_violation -file kv260_ispMipiRx_vcu_DP_wrapper_bus_skew_routed.rpt -pb kv260_ispMipiRx_vcu_DP_wrapper_bus_skew_routed.pb -rpx kv260_ispMipiRx_vcu_DP_wrapper_bus_skew_routed.rpx
| Design            : kv260_ispMipiRx_vcu_DP_wrapper
| Device            : xck26-sfvc784
| Speed File        : -2LV  PRODUCTION 1.30 05-15-2022
| Temperature Grade : C
--------------------------------------------------------------------------------------------------------------------------------------------------------------------------------------------------------------------------------

Bus Skew Report

Table of Contents
-----------------
1. Bus Skew Report Summary
2. Bus Skew Report Per Constraint

1. Bus Skew Report Summary
--------------------------

Id  Position  From                            To                              Corner  Requirement(ns)  Actual(ns)  Slack(ns)
--  --------  ------------------------------  ------------------------------  ------  ---------------  ----------  ---------
1   106       [get_cells [list {kv260_ispMipiRx_vcu_DP_i/raspi_pipeline/raspi_pipeline/mipi_csi2_rx_subsyst_0/inst/rx/inst/gen_pkt_fifo/pkt_fifo/gnuram_async_fifo.xpm_fifo_base_inst/gen_cdc_pntr.rd_pntr_cdc_inst/src_gray_ff_reg[0]} {kv260_ispMipiRx_vcu_DP_i/raspi_pipeline/raspi_pipeline/mipi_csi2_rx_subsyst_0/inst/rx/inst/gen_pkt_fifo/pkt_fifo/gnuram_async_fifo.xpm_fifo_base_inst/gen_cdc_pntr.rd_pntr_cdc_inst/src_gray_ff_reg[1]} {kv260_ispMipiRx_vcu_DP_i/raspi_pipeline/raspi_pipeline/mipi_csi2_rx_subsyst_0/inst/rx/inst/gen_pkt_fifo/pkt_fifo/gnuram_async_fifo.xpm_fifo_base_inst/gen_cdc_pntr.rd_pntr_cdc_inst/src_gray_ff_reg[2]} {kv260_ispMipiRx_vcu_DP_i/raspi_pipeline/raspi_pipeline/mipi_csi2_rx_subsyst_0/inst/rx/inst/gen_pkt_fifo/pkt_fifo/gnuram_async_fifo.xpm_fifo_base_inst/gen_cdc_pntr.rd_pntr_cdc_inst/src_gray_ff_reg[3]} {kv260_ispMipiRx_vcu_DP_i/raspi_pipeline/raspi_pipeline/mipi_csi2_rx_subsyst_0/inst/rx/inst/gen_pkt_fifo/pkt_fifo/gnuram_async_fifo.xpm_fifo_base_inst/gen_cdc_pntr.rd_pntr_cdc_inst/src_gray_ff_reg[4]}]]
                                              [get_cells [list {kv260_ispMipiRx_vcu_DP_i/raspi_pipeline/raspi_pipeline/mipi_csi2_rx_subsyst_0/inst/rx/inst/gen_pkt_fifo/pkt_fifo/gnuram_async_fifo.xpm_fifo_base_inst/gen_cdc_pntr.rd_pntr_cdc_inst/dest_graysync_ff_reg[0][0]} {kv260_ispMipiRx_vcu_DP_i/raspi_pipeline/raspi_pipeline/mipi_csi2_rx_subsyst_0/inst/rx/inst/gen_pkt_fifo/pkt_fifo/gnuram_async_fifo.xpm_fifo_base_inst/gen_cdc_pntr.rd_pntr_cdc_inst/dest_graysync_ff_reg[0][1]} {kv260_ispMipiRx_vcu_DP_i/raspi_pipeline/raspi_pipeline/mipi_csi2_rx_subsyst_0/inst/rx/inst/gen_pkt_fifo/pkt_fifo/gnuram_async_fifo.xpm_fifo_base_inst/gen_cdc_pntr.rd_pntr_cdc_inst/dest_graysync_ff_reg[0][2]} {kv260_ispMipiRx_vcu_DP_i/raspi_pipeline/raspi_pipeline/mipi_csi2_rx_subsyst_0/inst/rx/inst/gen_pkt_fifo/pkt_fifo/gnuram_async_fifo.xpm_fifo_base_inst/gen_cdc_pntr.rd_pntr_cdc_inst/dest_graysync_ff_reg[0][3]} {kv260_ispMipiRx_vcu_DP_i/raspi_pipeline/raspi_pipeline/mipi_csi2_rx_subsyst_0/inst/rx/inst/gen_pkt_fifo/pkt_fifo/gnuram_async_fifo.xpm_fifo_base_inst/gen_cdc_pntr.rd_pntr_cdc_inst/dest_graysync_ff_reg[0][4]}]]
                                                                              Slow              5.000       0.411      4.589
2   108       [get_cells [list {kv260_ispMipiRx_vcu_DP_i/raspi_pipeline/raspi_pipeline/mipi_csi2_rx_subsyst_0/inst/rx/inst/AXI_LITE.reg_inf/gen_spkt_fifo/generic_pkt/gnuram_async_fifo.xpm_fifo_base_inst/gen_cdc_pntr.wr_pntr_cdc_inst/src_gray_ff_reg[0]} {kv260_ispMipiRx_vcu_DP_i/raspi_pipeline/raspi_pipeline/mipi_csi2_rx_subsyst_0/inst/rx/inst/AXI_LITE.reg_inf/gen_spkt_fifo/generic_pkt/gnuram_async_fifo.xpm_fifo_base_inst/gen_cdc_pntr.wr_pntr_cdc_inst/src_gray_ff_reg[1]} {kv260_ispMipiRx_vcu_DP_i/raspi_pipeline/raspi_pipeline/mipi_csi2_rx_subsyst_0/inst/rx/inst/AXI_LITE.reg_inf/gen_spkt_fifo/generic_pkt/gnuram_async_fifo.xpm_fifo_base_inst/gen_cdc_pntr.wr_pntr_cdc_inst/src_gray_ff_reg[2]} {kv260_ispMipiRx_vcu_DP_i/raspi_pipeline/raspi_pipeline/mipi_csi2_rx_subsyst_0/inst/rx/inst/AXI_LITE.reg_inf/gen_spkt_fifo/generic_pkt/gnuram_async_fifo.xpm_fifo_base_inst/gen_cdc_pntr.wr_pntr_cdc_inst/src_gray_ff_reg[3]} {kv260_ispMipiRx_vcu_DP_i/raspi_pipeline/raspi_pipeline/mipi_csi2_rx_subsyst_0/inst/rx/inst/AXI_LITE.reg_inf/gen_spkt_fifo/generic_pkt/gnuram_async_fifo.xpm_fifo_base_inst/gen_cdc_pntr.wr_pntr_cdc_inst/src_gray_ff_reg[4]}]]
                                              [get_cells [list {kv260_ispMipiRx_vcu_DP_i/raspi_pipeline/raspi_pipeline/mipi_csi2_rx_subsyst_0/inst/rx/inst/AXI_LITE.reg_inf/gen_spkt_fifo/generic_pkt/gnuram_async_fifo.xpm_fifo_base_inst/gen_cdc_pntr.wr_pntr_cdc_inst/dest_graysync_ff_reg[0][0]} {kv260_ispMipiRx_vcu_DP_i/raspi_pipeline/raspi_pipeline/mipi_csi2_rx_subsyst_0/inst/rx/inst/AXI_LITE.reg_inf/gen_spkt_fifo/generic_pkt/gnuram_async_fifo.xpm_fifo_base_inst/gen_cdc_pntr.wr_pntr_cdc_inst/dest_graysync_ff_reg[0][1]} {kv260_ispMipiRx_vcu_DP_i/raspi_pipeline/raspi_pipeline/mipi_csi2_rx_subsyst_0/inst/rx/inst/AXI_LITE.reg_inf/gen_spkt_fifo/generic_pkt/gnuram_async_fifo.xpm_fifo_base_inst/gen_cdc_pntr.wr_pntr_cdc_inst/dest_graysync_ff_reg[0][2]} {kv260_ispMipiRx_vcu_DP_i/raspi_pipeline/raspi_pipeline/mipi_csi2_rx_subsyst_0/inst/rx/inst/AXI_LITE.reg_inf/gen_spkt_fifo/generic_pkt/gnuram_async_fifo.xpm_fifo_base_inst/gen_cdc_pntr.wr_pntr_cdc_inst/dest_graysync_ff_reg[0][3]} {kv260_ispMipiRx_vcu_DP_i/raspi_pipeline/raspi_pipeline/mipi_csi2_rx_subsyst_0/inst/rx/inst/AXI_LITE.reg_inf/gen_spkt_fifo/generic_pkt/gnuram_async_fifo.xpm_fifo_base_inst/gen_cdc_pntr.wr_pntr_cdc_inst/dest_graysync_ff_reg[0][4]}]]
                                                                              Slow              5.000       0.781      4.219
3   110       [get_cells [list {kv260_ispMipiRx_vcu_DP_i/raspi_pipeline/raspi_pipeline/mipi_csi2_rx_subsyst_0/inst/rx/inst/AXI_LITE.reg_inf/gen_spkt_fifo/generic_pkt/gnuram_async_fifo.xpm_fifo_base_inst/gen_cdc_pntr.rd_pntr_cdc_inst/src_gray_ff_reg[0]} {kv260_ispMipiRx_vcu_DP_i/raspi_pipeline/raspi_pipeline/mipi_csi2_rx_subsyst_0/inst/rx/inst/AXI_LITE.reg_inf/gen_spkt_fifo/generic_pkt/gnuram_async_fifo.xpm_fifo_base_inst/gen_cdc_pntr.rd_pntr_cdc_inst/src_gray_ff_reg[1]} {kv260_ispMipiRx_vcu_DP_i/raspi_pipeline/raspi_pipeline/mipi_csi2_rx_subsyst_0/inst/rx/inst/AXI_LITE.reg_inf/gen_spkt_fifo/generic_pkt/gnuram_async_fifo.xpm_fifo_base_inst/gen_cdc_pntr.rd_pntr_cdc_inst/src_gray_ff_reg[2]} {kv260_ispMipiRx_vcu_DP_i/raspi_pipeline/raspi_pipeline/mipi_csi2_rx_subsyst_0/inst/rx/inst/AXI_LITE.reg_inf/gen_spkt_fifo/generic_pkt/gnuram_async_fifo.xpm_fifo_base_inst/gen_cdc_pntr.rd_pntr_cdc_inst/src_gray_ff_reg[3]} {kv260_ispMipiRx_vcu_DP_i/raspi_pipeline/raspi_pipeline/mipi_csi2_rx_subsyst_0/inst/rx/inst/AXI_LITE.reg_inf/gen_spkt_fifo/generic_pkt/gnuram_async_fifo.xpm_fifo_base_inst/gen_cdc_pntr.rd_pntr_cdc_inst/src_gray_ff_reg[4]}]]
                                              [get_cells [list {kv260_ispMipiRx_vcu_DP_i/raspi_pipeline/raspi_pipeline/mipi_csi2_rx_subsyst_0/inst/rx/inst/AXI_LITE.reg_inf/gen_spkt_fifo/generic_pkt/gnuram_async_fifo.xpm_fifo_base_inst/gen_cdc_pntr.rd_pntr_cdc_inst/dest_graysync_ff_reg[0][0]} {kv260_ispMipiRx_vcu_DP_i/raspi_pipeline/raspi_pipeline/mipi_csi2_rx_subsyst_0/inst/rx/inst/AXI_LITE.reg_inf/gen_spkt_fifo/generic_pkt/gnuram_async_fifo.xpm_fifo_base_inst/gen_cdc_pntr.rd_pntr_cdc_inst/dest_graysync_ff_reg[0][1]} {kv260_ispMipiRx_vcu_DP_i/raspi_pipeline/raspi_pipeline/mipi_csi2_rx_subsyst_0/inst/rx/inst/AXI_LITE.reg_inf/gen_spkt_fifo/generic_pkt/gnuram_async_fifo.xpm_fifo_base_inst/gen_cdc_pntr.rd_pntr_cdc_inst/dest_graysync_ff_reg[0][2]} {kv260_ispMipiRx_vcu_DP_i/raspi_pipeline/raspi_pipeline/mipi_csi2_rx_subsyst_0/inst/rx/inst/AXI_LITE.reg_inf/gen_spkt_fifo/generic_pkt/gnuram_async_fifo.xpm_fifo_base_inst/gen_cdc_pntr.rd_pntr_cdc_inst/dest_graysync_ff_reg[0][3]} {kv260_ispMipiRx_vcu_DP_i/raspi_pipeline/raspi_pipeline/mipi_csi2_rx_subsyst_0/inst/rx/inst/AXI_LITE.reg_inf/gen_spkt_fifo/generic_pkt/gnuram_async_fifo.xpm_fifo_base_inst/gen_cdc_pntr.rd_pntr_cdc_inst/dest_graysync_ff_reg[0][4]}]]
                                                                              Slow              5.000       0.423      4.577
4   112       [get_cells [list {kv260_ispMipiRx_vcu_DP_i/raspi_pipeline/raspi_pipeline/mipi_csi2_rx_subsyst_0/inst/rx/inst/gen_pkt_fifo/pkt_fifo/gnuram_async_fifo.xpm_fifo_base_inst/gen_cdc_pntr.wr_pntr_cdc_inst/src_gray_ff_reg[0]} {kv260_ispMipiRx_vcu_DP_i/raspi_pipeline/raspi_pipeline/mipi_csi2_rx_subsyst_0/inst/rx/inst/gen_pkt_fifo/pkt_fifo/gnuram_async_fifo.xpm_fifo_base_inst/gen_cdc_pntr.wr_pntr_cdc_inst/src_gray_ff_reg[1]} {kv260_ispMipiRx_vcu_DP_i/raspi_pipeline/raspi_pipeline/mipi_csi2_rx_subsyst_0/inst/rx/inst/gen_pkt_fifo/pkt_fifo/gnuram_async_fifo.xpm_fifo_base_inst/gen_cdc_pntr.wr_pntr_cdc_inst/src_gray_ff_reg[2]} {kv260_ispMipiRx_vcu_DP_i/raspi_pipeline/raspi_pipeline/mipi_csi2_rx_subsyst_0/inst/rx/inst/gen_pkt_fifo/pkt_fifo/gnuram_async_fifo.xpm_fifo_base_inst/gen_cdc_pntr.wr_pntr_cdc_inst/src_gray_ff_reg[3]} {kv260_ispMipiRx_vcu_DP_i/raspi_pipeline/raspi_pipeline/mipi_csi2_rx_subsyst_0/inst/rx/inst/gen_pkt_fifo/pkt_fifo/gnuram_async_fifo.xpm_fifo_base_inst/gen_cdc_pntr.wr_pntr_cdc_inst/src_gray_ff_reg[4]}]]
                                              [get_cells [list {kv260_ispMipiRx_vcu_DP_i/raspi_pipeline/raspi_pipeline/mipi_csi2_rx_subsyst_0/inst/rx/inst/gen_pkt_fifo/pkt_fifo/gnuram_async_fifo.xpm_fifo_base_inst/gen_cdc_pntr.wr_pntr_cdc_inst/dest_graysync_ff_reg[0][0]} {kv260_ispMipiRx_vcu_DP_i/raspi_pipeline/raspi_pipeline/mipi_csi2_rx_subsyst_0/inst/rx/inst/gen_pkt_fifo/pkt_fifo/gnuram_async_fifo.xpm_fifo_base_inst/gen_cdc_pntr.wr_pntr_cdc_inst/dest_graysync_ff_reg[0][1]} {kv260_ispMipiRx_vcu_DP_i/raspi_pipeline/raspi_pipeline/mipi_csi2_rx_subsyst_0/inst/rx/inst/gen_pkt_fifo/pkt_fifo/gnuram_async_fifo.xpm_fifo_base_inst/gen_cdc_pntr.wr_pntr_cdc_inst/dest_graysync_ff_reg[0][2]} {kv260_ispMipiRx_vcu_DP_i/raspi_pipeline/raspi_pipeline/mipi_csi2_rx_subsyst_0/inst/rx/inst/gen_pkt_fifo/pkt_fifo/gnuram_async_fifo.xpm_fifo_base_inst/gen_cdc_pntr.wr_pntr_cdc_inst/dest_graysync_ff_reg[0][3]} {kv260_ispMipiRx_vcu_DP_i/raspi_pipeline/raspi_pipeline/mipi_csi2_rx_subsyst_0/inst/rx/inst/gen_pkt_fifo/pkt_fifo/gnuram_async_fifo.xpm_fifo_base_inst/gen_cdc_pntr.wr_pntr_cdc_inst/dest_graysync_ff_reg[0][4]}]]
                                                                              Slow              5.000       0.477      4.523
5   124       [get_cells [list {kv260_ispMipiRx_vcu_DP_i/raspi_pipeline/raspi_pipeline/mipi_csi2_rx_subsyst_0/inst/rx/inst/AXI_LITE.isr_cdc/ecc_cdc/src_hsdata_ff_reg[0]} {kv260_ispMipiRx_vcu_DP_i/raspi_pipeline/raspi_pipeline/mipi_csi2_rx_subsyst_0/inst/rx/inst/AXI_LITE.isr_cdc/ecc_cdc/src_hsdata_ff_reg[1]}]]
                                              [get_cells [list {kv260_ispMipiRx_vcu_DP_i/raspi_pipeline/raspi_pipeline/mipi_csi2_rx_subsyst_0/inst/rx/inst/AXI_LITE.isr_cdc/ecc_cdc/dest_hsdata_ff_reg[0]} {kv260_ispMipiRx_vcu_DP_i/raspi_pipeline/raspi_pipeline/mipi_csi2_rx_subsyst_0/inst/rx/inst/AXI_LITE.isr_cdc/ecc_cdc/dest_hsdata_ff_reg[1]}]]
                                                                              Slow             30.000       0.296     29.704
6   126       [get_cells [list {kv260_ispMipiRx_vcu_DP_i/raspi_pipeline/raspi_pipeline/mipi_csi2_rx_subsyst_0/inst/rx/inst/AXI_LITE.reg_inf/img_info_cdc/src_hsdata_ff_reg[0]} \
          {kv260_ispMipiRx_vcu_DP_i/raspi_pipeline/raspi_pipeline/mipi_csi2_rx_subsyst_0/inst/rx/inst/AXI_LITE.reg_inf/img_info_cdc/src_hsdata_ff_reg[10]} \
          {kv260_ispMipiRx_vcu_DP_i/raspi_pipeline/raspi_pipeline/mipi_csi2_rx_subsyst_0/inst/rx/inst/AXI_LITE.reg_inf/img_info_cdc/src_hsdata_ff_reg[11]} \
          {kv260_ispMipiRx_vcu_DP_i/raspi_pipeline/raspi_pipeline/mipi_csi2_rx_subsyst_0/inst/rx/inst/AXI_LITE.reg_inf/img_info_cdc/src_hsdata_ff_reg[12]} \
          {kv260_ispMipiRx_vcu_DP_i/raspi_pipeline/raspi_pipeline/mipi_csi2_rx_subsyst_0/inst/rx/inst/AXI_LITE.reg_inf/img_info_cdc/src_hsdata_ff_reg[13]} \
          {kv260_ispMipiRx_vcu_DP_i/raspi_pipeline/raspi_pipeline/mipi_csi2_rx_subsyst_0/inst/rx/inst/AXI_LITE.reg_inf/img_info_cdc/src_hsdata_ff_reg[14]} \
          {kv260_ispMipiRx_vcu_DP_i/raspi_pipeline/raspi_pipeline/mipi_csi2_rx_subsyst_0/inst/rx/inst/AXI_LITE.reg_inf/img_info_cdc/src_hsdata_ff_reg[15]} \
          {kv260_ispMipiRx_vcu_DP_i/raspi_pipeline/raspi_pipeline/mipi_csi2_rx_subsyst_0/inst/rx/inst/AXI_LITE.reg_inf/img_info_cdc/src_hsdata_ff_reg[16]} \
          {kv260_ispMipiRx_vcu_DP_i/raspi_pipeline/raspi_pipeline/mipi_csi2_rx_subsyst_0/inst/rx/inst/AXI_LITE.reg_inf/img_info_cdc/src_hsdata_ff_reg[17]} \
          {kv260_ispMipiRx_vcu_DP_i/raspi_pipeline/raspi_pipeline/mipi_csi2_rx_subsyst_0/inst/rx/inst/AXI_LITE.reg_inf/img_info_cdc/src_hsdata_ff_reg[18]} \
          {kv260_ispMipiRx_vcu_DP_i/raspi_pipeline/raspi_pipeline/mipi_csi2_rx_subsyst_0/inst/rx/inst/AXI_LITE.reg_inf/img_info_cdc/src_hsdata_ff_reg[19]} \
          {kv260_ispMipiRx_vcu_DP_i/raspi_pipeline/raspi_pipeline/mipi_csi2_rx_subsyst_0/inst/rx/inst/AXI_LITE.reg_inf/img_info_cdc/src_hsdata_ff_reg[1]} \
          {kv260_ispMipiRx_vcu_DP_i/raspi_pipeline/raspi_pipeline/mipi_csi2_rx_subsyst_0/inst/rx/inst/AXI_LITE.reg_inf/img_info_cdc/src_hsdata_ff_reg[20]} \
          {kv260_ispMipiRx_vcu_DP_i/raspi_pipeline/raspi_pipeline/mipi_csi2_rx_subsyst_0/inst/rx/inst/AXI_LITE.reg_inf/img_info_cdc/src_hsdata_ff_reg[21]} \
          {kv260_ispMipiRx_vcu_DP_i/raspi_pipeline/raspi_pipeline/mipi_csi2_rx_subsyst_0/inst/rx/inst/AXI_LITE.reg_inf/img_info_cdc/src_hsdata_ff_reg[22]} \
          {kv260_ispMipiRx_vcu_DP_i/raspi_pipeline/raspi_pipeline/mipi_csi2_rx_subsyst_0/inst/rx/inst/AXI_LITE.reg_inf/img_info_cdc/src_hsdata_ff_reg[23]} \
          {kv260_ispMipiRx_vcu_DP_i/raspi_pipeline/raspi_pipeline/mipi_csi2_rx_subsyst_0/inst/rx/inst/AXI_LITE.reg_inf/img_info_cdc/src_hsdata_ff_reg[24]} \
          {kv260_ispMipiRx_vcu_DP_i/raspi_pipeline/raspi_pipeline/mipi_csi2_rx_subsyst_0/inst/rx/inst/AXI_LITE.reg_inf/img_info_cdc/src_hsdata_ff_reg[25]} \
          {kv260_ispMipiRx_vcu_DP_i/raspi_pipeline/raspi_pipeline/mipi_csi2_rx_subsyst_0/inst/rx/inst/AXI_LITE.reg_inf/img_info_cdc/src_hsdata_ff_reg[2]} \
          {kv260_ispMipiRx_vcu_DP_i/raspi_pipeline/raspi_pipeline/mipi_csi2_rx_subsyst_0/inst/rx/inst/AXI_LITE.reg_inf/img_info_cdc/src_hsdata_ff_reg[3]} \
          {kv260_ispMipiRx_vcu_DP_i/raspi_pipeline/raspi_pipeline/mipi_csi2_rx_subsyst_0/inst/rx/inst/AXI_LITE.reg_inf/img_info_cdc/src_hsdata_ff_reg[4]} \
          {kv260_ispMipiRx_vcu_DP_i/raspi_pipeline/raspi_pipeline/mipi_csi2_rx_subsyst_0/inst/rx/inst/AXI_LITE.reg_inf/img_info_cdc/src_hsdata_ff_reg[5]} \
          {kv260_ispMipiRx_vcu_DP_i/raspi_pipeline/raspi_pipeline/mipi_csi2_rx_subsyst_0/inst/rx/inst/AXI_LITE.reg_inf/img_info_cdc/src_hsdata_ff_reg[6]} \
          {kv260_ispMipiRx_vcu_DP_i/raspi_pipeline/raspi_pipeline/mipi_csi2_rx_subsyst_0/inst/rx/inst/AXI_LITE.reg_inf/img_info_cdc/src_hsdata_ff_reg[7]} \
          {kv260_ispMipiRx_vcu_DP_i/raspi_pipeline/raspi_pipeline/mipi_csi2_rx_subsyst_0/inst/rx/inst/AXI_LITE.reg_inf/img_info_cdc/src_hsdata_ff_reg[8]} \
          {kv260_ispMipiRx_vcu_DP_i/raspi_pipeline/raspi_pipeline/mipi_csi2_rx_subsyst_0/inst/rx/inst/AXI_LITE.reg_inf/img_info_cdc/src_hsdata_ff_reg[9]}]]
                                              [get_cells [list {kv260_ispMipiRx_vcu_DP_i/raspi_pipeline/raspi_pipeline/mipi_csi2_rx_subsyst_0/inst/rx/inst/AXI_LITE.reg_inf/img_info_cdc/dest_hsdata_ff_reg[0]} \
          {kv260_ispMipiRx_vcu_DP_i/raspi_pipeline/raspi_pipeline/mipi_csi2_rx_subsyst_0/inst/rx/inst/AXI_LITE.reg_inf/img_info_cdc/dest_hsdata_ff_reg[10]} \
          {kv260_ispMipiRx_vcu_DP_i/raspi_pipeline/raspi_pipeline/mipi_csi2_rx_subsyst_0/inst/rx/inst/AXI_LITE.reg_inf/img_info_cdc/dest_hsdata_ff_reg[11]} \
          {kv260_ispMipiRx_vcu_DP_i/raspi_pipeline/raspi_pipeline/mipi_csi2_rx_subsyst_0/inst/rx/inst/AXI_LITE.reg_inf/img_info_cdc/dest_hsdata_ff_reg[12]} \
          {kv260_ispMipiRx_vcu_DP_i/raspi_pipeline/raspi_pipeline/mipi_csi2_rx_subsyst_0/inst/rx/inst/AXI_LITE.reg_inf/img_info_cdc/dest_hsdata_ff_reg[13]} \
          {kv260_ispMipiRx_vcu_DP_i/raspi_pipeline/raspi_pipeline/mipi_csi2_rx_subsyst_0/inst/rx/inst/AXI_LITE.reg_inf/img_info_cdc/dest_hsdata_ff_reg[14]} \
          {kv260_ispMipiRx_vcu_DP_i/raspi_pipeline/raspi_pipeline/mipi_csi2_rx_subsyst_0/inst/rx/inst/AXI_LITE.reg_inf/img_info_cdc/dest_hsdata_ff_reg[15]} \
          {kv260_ispMipiRx_vcu_DP_i/raspi_pipeline/raspi_pipeline/mipi_csi2_rx_subsyst_0/inst/rx/inst/AXI_LITE.reg_inf/img_info_cdc/dest_hsdata_ff_reg[16]} \
          {kv260_ispMipiRx_vcu_DP_i/raspi_pipeline/raspi_pipeline/mipi_csi2_rx_subsyst_0/inst/rx/inst/AXI_LITE.reg_inf/img_info_cdc/dest_hsdata_ff_reg[17]} \
          {kv260_ispMipiRx_vcu_DP_i/raspi_pipeline/raspi_pipeline/mipi_csi2_rx_subsyst_0/inst/rx/inst/AXI_LITE.reg_inf/img_info_cdc/dest_hsdata_ff_reg[18]} \
          {kv260_ispMipiRx_vcu_DP_i/raspi_pipeline/raspi_pipeline/mipi_csi2_rx_subsyst_0/inst/rx/inst/AXI_LITE.reg_inf/img_info_cdc/dest_hsdata_ff_reg[19]} \
          {kv260_ispMipiRx_vcu_DP_i/raspi_pipeline/raspi_pipeline/mipi_csi2_rx_subsyst_0/inst/rx/inst/AXI_LITE.reg_inf/img_info_cdc/dest_hsdata_ff_reg[1]} \
          {kv260_ispMipiRx_vcu_DP_i/raspi_pipeline/raspi_pipeline/mipi_csi2_rx_subsyst_0/inst/rx/inst/AXI_LITE.reg_inf/img_info_cdc/dest_hsdata_ff_reg[20]} \
          {kv260_ispMipiRx_vcu_DP_i/raspi_pipeline/raspi_pipeline/mipi_csi2_rx_subsyst_0/inst/rx/inst/AXI_LITE.reg_inf/img_info_cdc/dest_hsdata_ff_reg[21]} \
          {kv260_ispMipiRx_vcu_DP_i/raspi_pipeline/raspi_pipeline/mipi_csi2_rx_subsyst_0/inst/rx/inst/AXI_LITE.reg_inf/img_info_cdc/dest_hsdata_ff_reg[22]} \
          {kv260_ispMipiRx_vcu_DP_i/raspi_pipeline/raspi_pipeline/mipi_csi2_rx_subsyst_0/inst/rx/inst/AXI_LITE.reg_inf/img_info_cdc/dest_hsdata_ff_reg[23]} \
          {kv260_ispMipiRx_vcu_DP_i/raspi_pipeline/raspi_pipeline/mipi_csi2_rx_subsyst_0/inst/rx/inst/AXI_LITE.reg_inf/img_info_cdc/dest_hsdata_ff_reg[24]} \
          {kv260_ispMipiRx_vcu_DP_i/raspi_pipeline/raspi_pipeline/mipi_csi2_rx_subsyst_0/inst/rx/inst/AXI_LITE.reg_inf/img_info_cdc/dest_hsdata_ff_reg[25]} \
          {kv260_ispMipiRx_vcu_DP_i/raspi_pipeline/raspi_pipeline/mipi_csi2_rx_subsyst_0/inst/rx/inst/AXI_LITE.reg_inf/img_info_cdc/dest_hsdata_ff_reg[2]} \
          {kv260_ispMipiRx_vcu_DP_i/raspi_pipeline/raspi_pipeline/mipi_csi2_rx_subsyst_0/inst/rx/inst/AXI_LITE.reg_inf/img_info_cdc/dest_hsdata_ff_reg[3]} \
          {kv260_ispMipiRx_vcu_DP_i/raspi_pipeline/raspi_pipeline/mipi_csi2_rx_subsyst_0/inst/rx/inst/AXI_LITE.reg_inf/img_info_cdc/dest_hsdata_ff_reg[4]} \
          {kv260_ispMipiRx_vcu_DP_i/raspi_pipeline/raspi_pipeline/mipi_csi2_rx_subsyst_0/inst/rx/inst/AXI_LITE.reg_inf/img_info_cdc/dest_hsdata_ff_reg[5]} \
          {kv260_ispMipiRx_vcu_DP_i/raspi_pipeline/raspi_pipeline/mipi_csi2_rx_subsyst_0/inst/rx/inst/AXI_LITE.reg_inf/img_info_cdc/dest_hsdata_ff_reg[6]} \
          {kv260_ispMipiRx_vcu_DP_i/raspi_pipeline/raspi_pipeline/mipi_csi2_rx_subsyst_0/inst/rx/inst/AXI_LITE.reg_inf/img_info_cdc/dest_hsdata_ff_reg[7]} \
          {kv260_ispMipiRx_vcu_DP_i/raspi_pipeline/raspi_pipeline/mipi_csi2_rx_subsyst_0/inst/rx/inst/AXI_LITE.reg_inf/img_info_cdc/dest_hsdata_ff_reg[8]} \
          {kv260_ispMipiRx_vcu_DP_i/raspi_pipeline/raspi_pipeline/mipi_csi2_rx_subsyst_0/inst/rx/inst/AXI_LITE.reg_inf/img_info_cdc/dest_hsdata_ff_reg[9]}]]
                                                                              Slow             30.000       1.024     28.976


2. Bus Skew Report Per Constraint
---------------------------------

Id: 1
set_bus_skew -from [get_cells [list {kv260_ispMipiRx_vcu_DP_i/raspi_pipeline/raspi_pipeline/mipi_csi2_rx_subsyst_0/inst/rx/inst/gen_pkt_fifo/pkt_fifo/gnuram_async_fifo.xpm_fifo_base_inst/gen_cdc_pntr.rd_pntr_cdc_inst/src_gray_ff_reg[0]} {kv260_ispMipiRx_vcu_DP_i/raspi_pipeline/raspi_pipeline/mipi_csi2_rx_subsyst_0/inst/rx/inst/gen_pkt_fifo/pkt_fifo/gnuram_async_fifo.xpm_fifo_base_inst/gen_cdc_pntr.rd_pntr_cdc_inst/src_gray_ff_reg[1]} {kv260_ispMipiRx_vcu_DP_i/raspi_pipeline/raspi_pipeline/mipi_csi2_rx_subsyst_0/inst/rx/inst/gen_pkt_fifo/pkt_fifo/gnuram_async_fifo.xpm_fifo_base_inst/gen_cdc_pntr.rd_pntr_cdc_inst/src_gray_ff_reg[2]} {kv260_ispMipiRx_vcu_DP_i/raspi_pipeline/raspi_pipeline/mipi_csi2_rx_subsyst_0/inst/rx/inst/gen_pkt_fifo/pkt_fifo/gnuram_async_fifo.xpm_fifo_base_inst/gen_cdc_pntr.rd_pntr_cdc_inst/src_gray_ff_reg[3]} {kv260_ispMipiRx_vcu_DP_i/raspi_pipeline/raspi_pipeline/mipi_csi2_rx_subsyst_0/inst/rx/inst/gen_pkt_fifo/pkt_fifo/gnuram_async_fifo.xpm_fifo_base_inst/gen_cdc_pntr.rd_pntr_cdc_inst/src_gray_ff_reg[4]}]] -to [get_cells [list {kv260_ispMipiRx_vcu_DP_i/raspi_pipeline/raspi_pipeline/mipi_csi2_rx_subsyst_0/inst/rx/inst/gen_pkt_fifo/pkt_fifo/gnuram_async_fifo.xpm_fifo_base_inst/gen_cdc_pntr.rd_pntr_cdc_inst/dest_graysync_ff_reg[0][0]} {kv260_ispMipiRx_vcu_DP_i/raspi_pipeline/raspi_pipeline/mipi_csi2_rx_subsyst_0/inst/rx/inst/gen_pkt_fifo/pkt_fifo/gnuram_async_fifo.xpm_fifo_base_inst/gen_cdc_pntr.rd_pntr_cdc_inst/dest_graysync_ff_reg[0][1]} {kv260_ispMipiRx_vcu_DP_i/raspi_pipeline/raspi_pipeline/mipi_csi2_rx_subsyst_0/inst/rx/inst/gen_pkt_fifo/pkt_fifo/gnuram_async_fifo.xpm_fifo_base_inst/gen_cdc_pntr.rd_pntr_cdc_inst/dest_graysync_ff_reg[0][2]} {kv260_ispMipiRx_vcu_DP_i/raspi_pipeline/raspi_pipeline/mipi_csi2_rx_subsyst_0/inst/rx/inst/gen_pkt_fifo/pkt_fifo/gnuram_async_fifo.xpm_fifo_base_inst/gen_cdc_pntr.rd_pntr_cdc_inst/dest_graysync_ff_reg[0][3]} {kv260_ispMipiRx_vcu_DP_i/raspi_pipeline/raspi_pipeline/mipi_csi2_rx_subsyst_0/inst/rx/inst/gen_pkt_fifo/pkt_fifo/gnuram_async_fifo.xpm_fifo_base_inst/gen_cdc_pntr.rd_pntr_cdc_inst/dest_graysync_ff_reg[0][4]}]] 5.000
Requirement: 5.000ns
Endpoints: 5

From Clock            To Clock              Endpoint Pin                    Reference Pin                   Corner  Actual(ns)  Slack(ns)
--------------------  --------------------  ------------------------------  ------------------------------  ------  ----------  ---------
clkv_200M_kv260_ispMipiRx_vcu_DP_clk_wiz_0_0
                      mipi_phy_if_clk_p_FIFO_WRCLK_OUT
                                            kv260_ispMipiRx_vcu_DP_i/raspi_pipeline/raspi_pipeline/mipi_csi2_rx_subsyst_0/inst/rx/inst/gen_pkt_fifo/pkt_fifo/gnuram_async_fifo.xpm_fifo_base_inst/gen_cdc_pntr.rd_pntr_cdc_inst/dest_graysync_ff_reg[0][2]/D
                                                                            kv260_ispMipiRx_vcu_DP_i/raspi_pipeline/raspi_pipeline/mipi_csi2_rx_subsyst_0/inst/rx/inst/gen_pkt_fifo/pkt_fifo/gnuram_async_fifo.xpm_fifo_base_inst/gen_cdc_pntr.rd_pntr_cdc_inst/dest_graysync_ff_reg[0][1]/D
                                                                                                            Slow         0.411      4.589


Slack (MET) :             4.589ns  (requirement - actual skew)
  Endpoint Source:        kv260_ispMipiRx_vcu_DP_i/raspi_pipeline/raspi_pipeline/mipi_csi2_rx_subsyst_0/inst/rx/inst/gen_pkt_fifo/pkt_fifo/gnuram_async_fifo.xpm_fifo_base_inst/gen_cdc_pntr.rd_pntr_cdc_inst/src_gray_ff_reg[2]/C
                            (rising edge-triggered cell FDRE clocked by clkv_200M_kv260_ispMipiRx_vcu_DP_clk_wiz_0_0)
  Endpoint Destination:   kv260_ispMipiRx_vcu_DP_i/raspi_pipeline/raspi_pipeline/mipi_csi2_rx_subsyst_0/inst/rx/inst/gen_pkt_fifo/pkt_fifo/gnuram_async_fifo.xpm_fifo_base_inst/gen_cdc_pntr.rd_pntr_cdc_inst/dest_graysync_ff_reg[0][2]/D
                            (rising edge-triggered cell FDRE clocked by mipi_phy_if_clk_p_FIFO_WRCLK_OUT)
  Reference Source:       kv260_ispMipiRx_vcu_DP_i/raspi_pipeline/raspi_pipeline/mipi_csi2_rx_subsyst_0/inst/rx/inst/gen_pkt_fifo/pkt_fifo/gnuram_async_fifo.xpm_fifo_base_inst/gen_cdc_pntr.rd_pntr_cdc_inst/src_gray_ff_reg[1]/C
                            (rising edge-triggered cell FDRE clocked by clkv_200M_kv260_ispMipiRx_vcu_DP_clk_wiz_0_0)
  Reference Destination:  kv260_ispMipiRx_vcu_DP_i/raspi_pipeline/raspi_pipeline/mipi_csi2_rx_subsyst_0/inst/rx/inst/gen_pkt_fifo/pkt_fifo/gnuram_async_fifo.xpm_fifo_base_inst/gen_cdc_pntr.rd_pntr_cdc_inst/dest_graysync_ff_reg[0][1]/D
                            (rising edge-triggered cell FDRE clocked by mipi_phy_if_clk_p_FIFO_WRCLK_OUT)
  Path Type:              Bus Skew (Max at Slow Process Corner)
  Requirement:            5.000ns
  Endpoint Relative Delay:    2.254ns
  Reference Relative Delay:   0.976ns
  Relative CRPR:              0.866ns
  Actual Bus Skew:            0.411ns  (Endpoint Relative Delay - Reference Relative Delay - Relative CRPR)

Endpoint path:
    Location             Delay type                Incr(ns)  Path(ns)    Netlist Resource(s)
  -------------------------------------------------------------------    -------------------
                         (clock clkv_200M_kv260_ispMipiRx_vcu_DP_clk_wiz_0_0 rise edge)
                                                      0.000     0.000 r  
    PS8_X0Y0             PS8                          0.000     0.000 r  kv260_ispMipiRx_vcu_DP_i/PS_0/inst/PS8_i/PLCLK[0]
                         net (fo=1, routed)           0.229     0.229    kv260_ispMipiRx_vcu_DP_i/PS_0/inst/pl_clk_unbuffered[0]
    BUFG_PS_X0Y80        BUFG_PS (Prop_BUFG_PS_I_O)
                                                      0.038     0.267 r  kv260_ispMipiRx_vcu_DP_i/PS_0/inst/buffer_pl_clk_0.PL_CLK_0_BUFG/O
                         net (fo=1, routed)           2.137     2.404    kv260_ispMipiRx_vcu_DP_i/clk_wiz_0/inst/clk_in1
    MMCM_X0Y2            MMCME4_ADV (Prop_MMCM_CLKIN1_CLKOUT2)
                                                     -0.103     2.301 r  kv260_ispMipiRx_vcu_DP_i/clk_wiz_0/inst/mmcme4_adv_inst/CLKOUT2
                         net (fo=1, routed)           0.353     2.654    kv260_ispMipiRx_vcu_DP_i/clk_wiz_0/inst/clkv_200M_kv260_ispMipiRx_vcu_DP_clk_wiz_0_0
    BUFGCE_X0Y53         BUFGCE (Prop_BUFCE_BUFGCE_I_O)
                                                      0.044     2.698 r  kv260_ispMipiRx_vcu_DP_i/clk_wiz_0/inst/clkout3_buf/O
    X1Y1 (CLOCK_ROOT)    net (fo=30025, routed)       2.493     5.191    kv260_ispMipiRx_vcu_DP_i/raspi_pipeline/raspi_pipeline/mipi_csi2_rx_subsyst_0/inst/rx/inst/gen_pkt_fifo/pkt_fifo/gnuram_async_fifo.xpm_fifo_base_inst/gen_cdc_pntr.rd_pntr_cdc_inst/src_clk
    SLICE_X16Y167        FDRE                                         r  kv260_ispMipiRx_vcu_DP_i/raspi_pipeline/raspi_pipeline/mipi_csi2_rx_subsyst_0/inst/rx/inst/gen_pkt_fifo/pkt_fifo/gnuram_async_fifo.xpm_fifo_base_inst/gen_cdc_pntr.rd_pntr_cdc_inst/src_gray_ff_reg[2]/C
  -------------------------------------------------------------------    -------------------
    SLICE_X16Y167        FDRE (Prop_HFF_SLICEL_C_Q)
                                                      0.113     5.304 r  kv260_ispMipiRx_vcu_DP_i/raspi_pipeline/raspi_pipeline/mipi_csi2_rx_subsyst_0/inst/rx/inst/gen_pkt_fifo/pkt_fifo/gnuram_async_fifo.xpm_fifo_base_inst/gen_cdc_pntr.rd_pntr_cdc_inst/src_gray_ff_reg[2]/Q
                         net (fo=1, routed)           0.337     5.641    kv260_ispMipiRx_vcu_DP_i/raspi_pipeline/raspi_pipeline/mipi_csi2_rx_subsyst_0/inst/rx/inst/gen_pkt_fifo/pkt_fifo/gnuram_async_fifo.xpm_fifo_base_inst/gen_cdc_pntr.rd_pntr_cdc_inst/async_path[2]
    SLICE_X16Y167        FDRE                                         r  kv260_ispMipiRx_vcu_DP_i/raspi_pipeline/raspi_pipeline/mipi_csi2_rx_subsyst_0/inst/rx/inst/gen_pkt_fifo/pkt_fifo/gnuram_async_fifo.xpm_fifo_base_inst/gen_cdc_pntr.rd_pntr_cdc_inst/dest_graysync_ff_reg[0][2]/D
  -------------------------------------------------------------------    -------------------

                         (clock mipi_phy_if_clk_p_FIFO_WRCLK_OUT rise edge)
                                                      0.000     0.000 f  
    D7                                                0.000     0.000 f  mipi_phy_if_clk_p (IN)
                         net (fo=0)                   0.079     0.079    kv260_ispMipiRx_vcu_DP_i/raspi_pipeline/raspi_pipeline/mipi_csi2_rx_subsyst_0/inst/phy/inst/inst/bd_3be0_phy_0_rx_support_i/slave_rx.bd_3be0_phy_0_rx_hssio_i/inst/top_inst/iobuf_top_inst/io_gen[26].ibufds_dphy/I
    HPIOBDIFFINBUF_X0Y84 DPHY_DIFFINBUF (Prop_DPHY_DIFFINBUF_HPIOBDIFFINBUF_I_HSRX_O)
                                                      0.305     0.384 f  kv260_ispMipiRx_vcu_DP_i/raspi_pipeline/raspi_pipeline/mipi_csi2_rx_subsyst_0/inst/phy/inst/inst/bd_3be0_phy_0_rx_support_i/slave_rx.bd_3be0_phy_0_rx_hssio_i/inst/top_inst/iobuf_top_inst/io_gen[26].ibufds_dphy/DIFFINBUF_INST/HSRX_O
                         net (fo=1, routed)           0.040     0.424    kv260_ispMipiRx_vcu_DP_i/raspi_pipeline/raspi_pipeline/mipi_csi2_rx_subsyst_0/inst/phy/inst/inst/bd_3be0_phy_0_rx_support_i/slave_rx.bd_3be0_phy_0_rx_hssio_i/inst/top_inst/iobuf_top_inst/io_gen[26].ibufds_dphy/OUT
    D7                   IBUFCTRL (Prop_IBUFCTRL_HPIOB_M_I_O)
                                                      0.000     0.424 f  kv260_ispMipiRx_vcu_DP_i/raspi_pipeline/raspi_pipeline/mipi_csi2_rx_subsyst_0/inst/phy/inst/inst/bd_3be0_phy_0_rx_support_i/slave_rx.bd_3be0_phy_0_rx_hssio_i/inst/top_inst/iobuf_top_inst/io_gen[26].ibufds_dphy/IBUFCTRL_INST/O
                         net (fo=1, routed)           0.002     0.426    kv260_ispMipiRx_vcu_DP_i/raspi_pipeline/raspi_pipeline/mipi_csi2_rx_subsyst_0/inst/phy/inst/inst/bd_3be0_phy_0_rx_support_i/slave_rx.bd_3be0_phy_0_rx_hssio_i/inst/top_inst/bs_top_inst/u_rx_bs/data_to_bs_out[0]
    BITSLICE_RX_TX_X0Y182
                         RX_BITSLICE (Prop_RX_BITSLICE_BITSLICE_RXTX_RX_DATAIN_RX_BIT_CTRL_OUT[9])
                                                      0.025     0.451 r  kv260_ispMipiRx_vcu_DP_i/raspi_pipeline/raspi_pipeline/mipi_csi2_rx_subsyst_0/inst/phy/inst/inst/bd_3be0_phy_0_rx_support_i/slave_rx.bd_3be0_phy_0_rx_hssio_i/inst/top_inst/bs_top_inst/u_rx_bs/RX_BS[26].rx_bitslice_if_bs/RX_BIT_CTRL_OUT[9]
                         net (fo=1, routed)           0.003     0.454    kv260_ispMipiRx_vcu_DP_i/raspi_pipeline/raspi_pipeline/mipi_csi2_rx_subsyst_0/inst/phy/inst/inst/bd_3be0_phy_0_rx_support_i/slave_rx.bd_3be0_phy_0_rx_hssio_i/inst/top_inst/bs_ctrl_top_inst/rx_bs26_rx_bit_ctrl_out[9]
    BITSLICE_CONTROL_X0Y28
                         BITSLICE_CONTROL (Prop_CONTROL_BITSLICE_CONTROL_RX_BIT_CTRL_IN0[9]_RX_BIT_CTRL_OUT0[20])
                                                      0.254     0.708 r  kv260_ispMipiRx_vcu_DP_i/raspi_pipeline/raspi_pipeline/mipi_csi2_rx_subsyst_0/inst/phy/inst/inst/bd_3be0_phy_0_rx_support_i/slave_rx.bd_3be0_phy_0_rx_hssio_i/inst/top_inst/bs_ctrl_top_inst/BITSLICE_CTRL[4].bs_ctrl_inst/RX_BIT_CTRL_OUT0[20]
                         net (fo=1, routed)           0.006     0.714    kv260_ispMipiRx_vcu_DP_i/raspi_pipeline/raspi_pipeline/mipi_csi2_rx_subsyst_0/inst/phy/inst/inst/bd_3be0_phy_0_rx_support_i/slave_rx.bd_3be0_phy_0_rx_hssio_i/inst/top_inst/bs_top_inst/u_rx_bs/rx_bs26_rx_bit_ctrl_in[20]
    BITSLICE_RX_TX_X0Y182
                         RX_BITSLICE (Prop_RX_BITSLICE_BITSLICE_RXTX_RX_RX_BIT_CTRL_IN[20]_FIFO_WRCLK_OUT)
                                                      0.382     1.096 r  kv260_ispMipiRx_vcu_DP_i/raspi_pipeline/raspi_pipeline/mipi_csi2_rx_subsyst_0/inst/phy/inst/inst/bd_3be0_phy_0_rx_support_i/slave_rx.bd_3be0_phy_0_rx_hssio_i/inst/top_inst/bs_top_inst/u_rx_bs/RX_BS[26].rx_bitslice_if_bs/FIFO_WRCLK_OUT
                         net (fo=1, routed)           0.655     1.751    kv260_ispMipiRx_vcu_DP_i/raspi_pipeline/raspi_pipeline/mipi_csi2_rx_subsyst_0/inst/phy/inst/inst/bd_3be0_phy_0_rx_support_i/div4_clk_t
    BUFGCE_X0Y95         BUFGCE (Prop_BUFCE_BUFGCE_I_O)
                                                      0.039     1.790 r  kv260_ispMipiRx_vcu_DP_i/raspi_pipeline/raspi_pipeline/mipi_csi2_rx_subsyst_0/inst/phy/inst/inst/bd_3be0_phy_0_rx_support_i/slave_rx.rxbyteclkhs_buf/O
    X1Y3 (CLOCK_ROOT)    net (fo=523, routed)         1.551     3.341    kv260_ispMipiRx_vcu_DP_i/raspi_pipeline/raspi_pipeline/mipi_csi2_rx_subsyst_0/inst/rx/inst/gen_pkt_fifo/pkt_fifo/gnuram_async_fifo.xpm_fifo_base_inst/gen_cdc_pntr.rd_pntr_cdc_inst/dest_clk
    SLICE_X16Y167        FDRE                                         r  kv260_ispMipiRx_vcu_DP_i/raspi_pipeline/raspi_pipeline/mipi_csi2_rx_subsyst_0/inst/rx/inst/gen_pkt_fifo/pkt_fifo/gnuram_async_fifo.xpm_fifo_base_inst/gen_cdc_pntr.rd_pntr_cdc_inst/dest_graysync_ff_reg[0][2]/C
                         clock pessimism              0.000     3.341    
    SLICE_X16Y167        FDRE (Setup_DFF2_SLICEL_C_D)
                                                      0.046     3.387    kv260_ispMipiRx_vcu_DP_i/raspi_pipeline/raspi_pipeline/mipi_csi2_rx_subsyst_0/inst/rx/inst/gen_pkt_fifo/pkt_fifo/gnuram_async_fifo.xpm_fifo_base_inst/gen_cdc_pntr.rd_pntr_cdc_inst/dest_graysync_ff_reg[0][2]
  -------------------------------------------------------------------
                         data arrival                           5.641    
                         clock arrival                          3.387    
  -------------------------------------------------------------------
                         relative delay                         2.254    

Reference path:
    Location             Delay type                Incr(ns)  Path(ns)    Netlist Resource(s)
  -------------------------------------------------------------------    -------------------
                         (clock clkv_200M_kv260_ispMipiRx_vcu_DP_clk_wiz_0_0 rise edge)
                                                      0.000     0.000 r  
    PS8_X0Y0             PS8                          0.000     0.000 r  kv260_ispMipiRx_vcu_DP_i/PS_0/inst/PS8_i/PLCLK[0]
                         net (fo=1, routed)           0.181     0.181    kv260_ispMipiRx_vcu_DP_i/PS_0/inst/pl_clk_unbuffered[0]
    BUFG_PS_X0Y80        BUFG_PS (Prop_BUFG_PS_I_O)
                                                      0.035     0.216 r  kv260_ispMipiRx_vcu_DP_i/PS_0/inst/buffer_pl_clk_0.PL_CLK_0_BUFG/O
                         net (fo=1, routed)           1.942     2.158    kv260_ispMipiRx_vcu_DP_i/clk_wiz_0/inst/clk_in1
    MMCM_X0Y2            MMCME4_ADV (Prop_MMCM_CLKIN1_CLKOUT2)
                                                      0.739     2.897 r  kv260_ispMipiRx_vcu_DP_i/clk_wiz_0/inst/mmcme4_adv_inst/CLKOUT2
                         net (fo=1, routed)           0.311     3.208    kv260_ispMipiRx_vcu_DP_i/clk_wiz_0/inst/clkv_200M_kv260_ispMipiRx_vcu_DP_clk_wiz_0_0
    BUFGCE_X0Y53         BUFGCE (Prop_BUFCE_BUFGCE_I_O)
                                                      0.039     3.247 r  kv260_ispMipiRx_vcu_DP_i/clk_wiz_0/inst/clkout3_buf/O
    X1Y1 (CLOCK_ROOT)    net (fo=30025, routed)       2.276     5.523    kv260_ispMipiRx_vcu_DP_i/raspi_pipeline/raspi_pipeline/mipi_csi2_rx_subsyst_0/inst/rx/inst/gen_pkt_fifo/pkt_fifo/gnuram_async_fifo.xpm_fifo_base_inst/gen_cdc_pntr.rd_pntr_cdc_inst/src_clk
    SLICE_X16Y165        FDRE                                         r  kv260_ispMipiRx_vcu_DP_i/raspi_pipeline/raspi_pipeline/mipi_csi2_rx_subsyst_0/inst/rx/inst/gen_pkt_fifo/pkt_fifo/gnuram_async_fifo.xpm_fifo_base_inst/gen_cdc_pntr.rd_pntr_cdc_inst/src_gray_ff_reg[1]/C
  -------------------------------------------------------------------    -------------------
    SLICE_X16Y165        FDRE (Prop_HFF2_SLICEL_C_Q)
                                                      0.113     5.636 r  kv260_ispMipiRx_vcu_DP_i/raspi_pipeline/raspi_pipeline/mipi_csi2_rx_subsyst_0/inst/rx/inst/gen_pkt_fifo/pkt_fifo/gnuram_async_fifo.xpm_fifo_base_inst/gen_cdc_pntr.rd_pntr_cdc_inst/src_gray_ff_reg[1]/Q
                         net (fo=1, routed)           0.094     5.730    kv260_ispMipiRx_vcu_DP_i/raspi_pipeline/raspi_pipeline/mipi_csi2_rx_subsyst_0/inst/rx/inst/gen_pkt_fifo/pkt_fifo/gnuram_async_fifo.xpm_fifo_base_inst/gen_cdc_pntr.rd_pntr_cdc_inst/async_path[1]
    SLICE_X14Y165        FDRE                                         r  kv260_ispMipiRx_vcu_DP_i/raspi_pipeline/raspi_pipeline/mipi_csi2_rx_subsyst_0/inst/rx/inst/gen_pkt_fifo/pkt_fifo/gnuram_async_fifo.xpm_fifo_base_inst/gen_cdc_pntr.rd_pntr_cdc_inst/dest_graysync_ff_reg[0][1]/D
  -------------------------------------------------------------------    -------------------

                         (clock mipi_phy_if_clk_p_FIFO_WRCLK_OUT rise edge)
                                                      0.000     0.000 f  
    D7                                                0.000     0.000 f  mipi_phy_if_clk_p (IN)
                         net (fo=0)                   0.100     0.100    kv260_ispMipiRx_vcu_DP_i/raspi_pipeline/raspi_pipeline/mipi_csi2_rx_subsyst_0/inst/phy/inst/inst/bd_3be0_phy_0_rx_support_i/slave_rx.bd_3be0_phy_0_rx_hssio_i/inst/top_inst/iobuf_top_inst/io_gen[26].ibufds_dphy/I
    HPIOBDIFFINBUF_X0Y84 DPHY_DIFFINBUF (Prop_DPHY_DIFFINBUF_HPIOBDIFFINBUF_I_HSRX_O)
                                                      0.386     0.486 f  kv260_ispMipiRx_vcu_DP_i/raspi_pipeline/raspi_pipeline/mipi_csi2_rx_subsyst_0/inst/phy/inst/inst/bd_3be0_phy_0_rx_support_i/slave_rx.bd_3be0_phy_0_rx_hssio_i/inst/top_inst/iobuf_top_inst/io_gen[26].ibufds_dphy/DIFFINBUF_INST/HSRX_O
                         net (fo=1, routed)           0.050     0.536    kv260_ispMipiRx_vcu_DP_i/raspi_pipeline/raspi_pipeline/mipi_csi2_rx_subsyst_0/inst/phy/inst/inst/bd_3be0_phy_0_rx_support_i/slave_rx.bd_3be0_phy_0_rx_hssio_i/inst/top_inst/iobuf_top_inst/io_gen[26].ibufds_dphy/OUT
    D7                   IBUFCTRL (Prop_IBUFCTRL_HPIOB_M_I_O)
                                                      0.000     0.536 f  kv260_ispMipiRx_vcu_DP_i/raspi_pipeline/raspi_pipeline/mipi_csi2_rx_subsyst_0/inst/phy/inst/inst/bd_3be0_phy_0_rx_support_i/slave_rx.bd_3be0_phy_0_rx_hssio_i/inst/top_inst/iobuf_top_inst/io_gen[26].ibufds_dphy/IBUFCTRL_INST/O
                         net (fo=1, routed)           0.003     0.539    kv260_ispMipiRx_vcu_DP_i/raspi_pipeline/raspi_pipeline/mipi_csi2_rx_subsyst_0/inst/phy/inst/inst/bd_3be0_phy_0_rx_support_i/slave_rx.bd_3be0_phy_0_rx_hssio_i/inst/top_inst/bs_top_inst/u_rx_bs/data_to_bs_out[0]
    BITSLICE_RX_TX_X0Y182
                         RX_BITSLICE (Prop_RX_BITSLICE_BITSLICE_RXTX_RX_DATAIN_RX_BIT_CTRL_OUT[9])
                                                      0.050     0.589 r  kv260_ispMipiRx_vcu_DP_i/raspi_pipeline/raspi_pipeline/mipi_csi2_rx_subsyst_0/inst/phy/inst/inst/bd_3be0_phy_0_rx_support_i/slave_rx.bd_3be0_phy_0_rx_hssio_i/inst/top_inst/bs_top_inst/u_rx_bs/RX_BS[26].rx_bitslice_if_bs/RX_BIT_CTRL_OUT[9]
                         net (fo=1, routed)           0.006     0.595    kv260_ispMipiRx_vcu_DP_i/raspi_pipeline/raspi_pipeline/mipi_csi2_rx_subsyst_0/inst/phy/inst/inst/bd_3be0_phy_0_rx_support_i/slave_rx.bd_3be0_phy_0_rx_hssio_i/inst/top_inst/bs_ctrl_top_inst/rx_bs26_rx_bit_ctrl_out[9]
    BITSLICE_CONTROL_X0Y28
                         BITSLICE_CONTROL (Prop_CONTROL_BITSLICE_CONTROL_RX_BIT_CTRL_IN0[9]_RX_BIT_CTRL_OUT0[20])
                                                      0.705     1.300 r  kv260_ispMipiRx_vcu_DP_i/raspi_pipeline/raspi_pipeline/mipi_csi2_rx_subsyst_0/inst/phy/inst/inst/bd_3be0_phy_0_rx_support_i/slave_rx.bd_3be0_phy_0_rx_hssio_i/inst/top_inst/bs_ctrl_top_inst/BITSLICE_CTRL[4].bs_ctrl_inst/RX_BIT_CTRL_OUT0[20]
                         net (fo=1, routed)           0.013     1.313    kv260_ispMipiRx_vcu_DP_i/raspi_pipeline/raspi_pipeline/mipi_csi2_rx_subsyst_0/inst/phy/inst/inst/bd_3be0_phy_0_rx_support_i/slave_rx.bd_3be0_phy_0_rx_hssio_i/inst/top_inst/bs_top_inst/u_rx_bs/rx_bs26_rx_bit_ctrl_in[20]
    BITSLICE_RX_TX_X0Y182
                         RX_BITSLICE (Prop_RX_BITSLICE_BITSLICE_RXTX_RX_RX_BIT_CTRL_IN[20]_FIFO_WRCLK_OUT)
                                                      0.745     2.058 r  kv260_ispMipiRx_vcu_DP_i/raspi_pipeline/raspi_pipeline/mipi_csi2_rx_subsyst_0/inst/phy/inst/inst/bd_3be0_phy_0_rx_support_i/slave_rx.bd_3be0_phy_0_rx_hssio_i/inst/top_inst/bs_top_inst/u_rx_bs/RX_BS[26].rx_bitslice_if_bs/FIFO_WRCLK_OUT
                         net (fo=1, routed)           0.830     2.888    kv260_ispMipiRx_vcu_DP_i/raspi_pipeline/raspi_pipeline/mipi_csi2_rx_subsyst_0/inst/phy/inst/inst/bd_3be0_phy_0_rx_support_i/div4_clk_t
    BUFGCE_X0Y95         BUFGCE (Prop_BUFCE_BUFGCE_I_O)
                                                      0.044     2.932 r  kv260_ispMipiRx_vcu_DP_i/raspi_pipeline/raspi_pipeline/mipi_csi2_rx_subsyst_0/inst/phy/inst/inst/bd_3be0_phy_0_rx_support_i/slave_rx.rxbyteclkhs_buf/O
    X1Y3 (CLOCK_ROOT)    net (fo=523, routed)         1.720     4.652    kv260_ispMipiRx_vcu_DP_i/raspi_pipeline/raspi_pipeline/mipi_csi2_rx_subsyst_0/inst/rx/inst/gen_pkt_fifo/pkt_fifo/gnuram_async_fifo.xpm_fifo_base_inst/gen_cdc_pntr.rd_pntr_cdc_inst/dest_clk
    SLICE_X14Y165        FDRE                                         r  kv260_ispMipiRx_vcu_DP_i/raspi_pipeline/raspi_pipeline/mipi_csi2_rx_subsyst_0/inst/rx/inst/gen_pkt_fifo/pkt_fifo/gnuram_async_fifo.xpm_fifo_base_inst/gen_cdc_pntr.rd_pntr_cdc_inst/dest_graysync_ff_reg[0][1]/C
                         clock pessimism              0.000     4.652    
    SLICE_X14Y165        FDRE (Hold_DFF2_SLICEL_C_D)
                                                      0.102     4.754    kv260_ispMipiRx_vcu_DP_i/raspi_pipeline/raspi_pipeline/mipi_csi2_rx_subsyst_0/inst/rx/inst/gen_pkt_fifo/pkt_fifo/gnuram_async_fifo.xpm_fifo_base_inst/gen_cdc_pntr.rd_pntr_cdc_inst/dest_graysync_ff_reg[0][1]
  -------------------------------------------------------------------
                         data arrival                           5.730    
                         clock arrival                          4.754    
  -------------------------------------------------------------------
                         relative delay                         0.976    



Id: 2
set_bus_skew -from [get_cells [list {kv260_ispMipiRx_vcu_DP_i/raspi_pipeline/raspi_pipeline/mipi_csi2_rx_subsyst_0/inst/rx/inst/AXI_LITE.reg_inf/gen_spkt_fifo/generic_pkt/gnuram_async_fifo.xpm_fifo_base_inst/gen_cdc_pntr.wr_pntr_cdc_inst/src_gray_ff_reg[0]} {kv260_ispMipiRx_vcu_DP_i/raspi_pipeline/raspi_pipeline/mipi_csi2_rx_subsyst_0/inst/rx/inst/AXI_LITE.reg_inf/gen_spkt_fifo/generic_pkt/gnuram_async_fifo.xpm_fifo_base_inst/gen_cdc_pntr.wr_pntr_cdc_inst/src_gray_ff_reg[1]} {kv260_ispMipiRx_vcu_DP_i/raspi_pipeline/raspi_pipeline/mipi_csi2_rx_subsyst_0/inst/rx/inst/AXI_LITE.reg_inf/gen_spkt_fifo/generic_pkt/gnuram_async_fifo.xpm_fifo_base_inst/gen_cdc_pntr.wr_pntr_cdc_inst/src_gray_ff_reg[2]} {kv260_ispMipiRx_vcu_DP_i/raspi_pipeline/raspi_pipeline/mipi_csi2_rx_subsyst_0/inst/rx/inst/AXI_LITE.reg_inf/gen_spkt_fifo/generic_pkt/gnuram_async_fifo.xpm_fifo_base_inst/gen_cdc_pntr.wr_pntr_cdc_inst/src_gray_ff_reg[3]} {kv260_ispMipiRx_vcu_DP_i/raspi_pipeline/raspi_pipeline/mipi_csi2_rx_subsyst_0/inst/rx/inst/AXI_LITE.reg_inf/gen_spkt_fifo/generic_pkt/gnuram_async_fifo.xpm_fifo_base_inst/gen_cdc_pntr.wr_pntr_cdc_inst/src_gray_ff_reg[4]}]] -to [get_cells [list {kv260_ispMipiRx_vcu_DP_i/raspi_pipeline/raspi_pipeline/mipi_csi2_rx_subsyst_0/inst/rx/inst/AXI_LITE.reg_inf/gen_spkt_fifo/generic_pkt/gnuram_async_fifo.xpm_fifo_base_inst/gen_cdc_pntr.wr_pntr_cdc_inst/dest_graysync_ff_reg[0][0]} {kv260_ispMipiRx_vcu_DP_i/raspi_pipeline/raspi_pipeline/mipi_csi2_rx_subsyst_0/inst/rx/inst/AXI_LITE.reg_inf/gen_spkt_fifo/generic_pkt/gnuram_async_fifo.xpm_fifo_base_inst/gen_cdc_pntr.wr_pntr_cdc_inst/dest_graysync_ff_reg[0][1]} {kv260_ispMipiRx_vcu_DP_i/raspi_pipeline/raspi_pipeline/mipi_csi2_rx_subsyst_0/inst/rx/inst/AXI_LITE.reg_inf/gen_spkt_fifo/generic_pkt/gnuram_async_fifo.xpm_fifo_base_inst/gen_cdc_pntr.wr_pntr_cdc_inst/dest_graysync_ff_reg[0][2]} {kv260_ispMipiRx_vcu_DP_i/raspi_pipeline/raspi_pipeline/mipi_csi2_rx_subsyst_0/inst/rx/inst/AXI_LITE.reg_inf/gen_spkt_fifo/generic_pkt/gnuram_async_fifo.xpm_fifo_base_inst/gen_cdc_pntr.wr_pntr_cdc_inst/dest_graysync_ff_reg[0][3]} {kv260_ispMipiRx_vcu_DP_i/raspi_pipeline/raspi_pipeline/mipi_csi2_rx_subsyst_0/inst/rx/inst/AXI_LITE.reg_inf/gen_spkt_fifo/generic_pkt/gnuram_async_fifo.xpm_fifo_base_inst/gen_cdc_pntr.wr_pntr_cdc_inst/dest_graysync_ff_reg[0][4]}]] 5.000
Requirement: 5.000ns
Endpoints: 5

From Clock            To Clock              Endpoint Pin                    Reference Pin                   Corner  Actual(ns)  Slack(ns)
--------------------  --------------------  ------------------------------  ------------------------------  ------  ----------  ---------
clkv_200M_kv260_ispMipiRx_vcu_DP_clk_wiz_0_0
                      clk_100M_kv260_ispMipiRx_vcu_DP_clk_wiz_0_0
                                            kv260_ispMipiRx_vcu_DP_i/raspi_pipeline/raspi_pipeline/mipi_csi2_rx_subsyst_0/inst/rx/inst/AXI_LITE.reg_inf/gen_spkt_fifo/generic_pkt/gnuram_async_fifo.xpm_fifo_base_inst/gen_cdc_pntr.wr_pntr_cdc_inst/dest_graysync_ff_reg[0][0]/D
                                                                            kv260_ispMipiRx_vcu_DP_i/raspi_pipeline/raspi_pipeline/mipi_csi2_rx_subsyst_0/inst/rx/inst/AXI_LITE.reg_inf/gen_spkt_fifo/generic_pkt/gnuram_async_fifo.xpm_fifo_base_inst/gen_cdc_pntr.wr_pntr_cdc_inst/dest_graysync_ff_reg[0][4]/D
                                                                                                            Slow         0.781      4.219


Slack (MET) :             4.219ns  (requirement - actual skew)
  Endpoint Source:        kv260_ispMipiRx_vcu_DP_i/raspi_pipeline/raspi_pipeline/mipi_csi2_rx_subsyst_0/inst/rx/inst/AXI_LITE.reg_inf/gen_spkt_fifo/generic_pkt/gnuram_async_fifo.xpm_fifo_base_inst/gen_cdc_pntr.wr_pntr_cdc_inst/src_gray_ff_reg[0]/C
                            (rising edge-triggered cell FDRE clocked by clkv_200M_kv260_ispMipiRx_vcu_DP_clk_wiz_0_0)
  Endpoint Destination:   kv260_ispMipiRx_vcu_DP_i/raspi_pipeline/raspi_pipeline/mipi_csi2_rx_subsyst_0/inst/rx/inst/AXI_LITE.reg_inf/gen_spkt_fifo/generic_pkt/gnuram_async_fifo.xpm_fifo_base_inst/gen_cdc_pntr.wr_pntr_cdc_inst/dest_graysync_ff_reg[0][0]/D
                            (rising edge-triggered cell FDRE clocked by clk_100M_kv260_ispMipiRx_vcu_DP_clk_wiz_0_0)
  Reference Source:       kv260_ispMipiRx_vcu_DP_i/raspi_pipeline/raspi_pipeline/mipi_csi2_rx_subsyst_0/inst/rx/inst/AXI_LITE.reg_inf/gen_spkt_fifo/generic_pkt/gnuram_async_fifo.xpm_fifo_base_inst/gen_cdc_pntr.wr_pntr_cdc_inst/src_gray_ff_reg[4]/C
                            (rising edge-triggered cell FDRE clocked by clkv_200M_kv260_ispMipiRx_vcu_DP_clk_wiz_0_0)
  Reference Destination:  kv260_ispMipiRx_vcu_DP_i/raspi_pipeline/raspi_pipeline/mipi_csi2_rx_subsyst_0/inst/rx/inst/AXI_LITE.reg_inf/gen_spkt_fifo/generic_pkt/gnuram_async_fifo.xpm_fifo_base_inst/gen_cdc_pntr.wr_pntr_cdc_inst/dest_graysync_ff_reg[0][4]/D
                            (rising edge-triggered cell FDRE clocked by clk_100M_kv260_ispMipiRx_vcu_DP_clk_wiz_0_0)
  Path Type:              Bus Skew (Max at Slow Process Corner)
  Requirement:            5.000ns
  Endpoint Relative Delay:    0.930ns
  Reference Relative Delay:  -0.309ns
  Relative CRPR:              0.459ns
  Actual Bus Skew:            0.781ns  (Endpoint Relative Delay - Reference Relative Delay - Relative CRPR)

Endpoint path:
    Location             Delay type                Incr(ns)  Path(ns)    Netlist Resource(s)
  -------------------------------------------------------------------    -------------------
                         (clock clkv_200M_kv260_ispMipiRx_vcu_DP_clk_wiz_0_0 rise edge)
                                                      0.000     0.000 r  
    PS8_X0Y0             PS8                          0.000     0.000 r  kv260_ispMipiRx_vcu_DP_i/PS_0/inst/PS8_i/PLCLK[0]
                         net (fo=1, routed)           0.229     0.229    kv260_ispMipiRx_vcu_DP_i/PS_0/inst/pl_clk_unbuffered[0]
    BUFG_PS_X0Y80        BUFG_PS (Prop_BUFG_PS_I_O)
                                                      0.038     0.267 r  kv260_ispMipiRx_vcu_DP_i/PS_0/inst/buffer_pl_clk_0.PL_CLK_0_BUFG/O
                         net (fo=1, routed)           2.137     2.404    kv260_ispMipiRx_vcu_DP_i/clk_wiz_0/inst/clk_in1
    MMCM_X0Y2            MMCME4_ADV (Prop_MMCM_CLKIN1_CLKOUT2)
                                                     -0.103     2.301 r  kv260_ispMipiRx_vcu_DP_i/clk_wiz_0/inst/mmcme4_adv_inst/CLKOUT2
                         net (fo=1, routed)           0.353     2.654    kv260_ispMipiRx_vcu_DP_i/clk_wiz_0/inst/clkv_200M_kv260_ispMipiRx_vcu_DP_clk_wiz_0_0
    BUFGCE_X0Y53         BUFGCE (Prop_BUFCE_BUFGCE_I_O)
                                                      0.044     2.698 r  kv260_ispMipiRx_vcu_DP_i/clk_wiz_0/inst/clkout3_buf/O
    X1Y1 (CLOCK_ROOT)    net (fo=30025, routed)       2.557     5.255    kv260_ispMipiRx_vcu_DP_i/raspi_pipeline/raspi_pipeline/mipi_csi2_rx_subsyst_0/inst/rx/inst/AXI_LITE.reg_inf/gen_spkt_fifo/generic_pkt/gnuram_async_fifo.xpm_fifo_base_inst/gen_cdc_pntr.wr_pntr_cdc_inst/src_clk
    SLICE_X8Y164         FDRE                                         r  kv260_ispMipiRx_vcu_DP_i/raspi_pipeline/raspi_pipeline/mipi_csi2_rx_subsyst_0/inst/rx/inst/AXI_LITE.reg_inf/gen_spkt_fifo/generic_pkt/gnuram_async_fifo.xpm_fifo_base_inst/gen_cdc_pntr.wr_pntr_cdc_inst/src_gray_ff_reg[0]/C
  -------------------------------------------------------------------    -------------------
    SLICE_X8Y164         FDRE (Prop_DFF_SLICEM_C_Q)
                                                      0.116     5.371 r  kv260_ispMipiRx_vcu_DP_i/raspi_pipeline/raspi_pipeline/mipi_csi2_rx_subsyst_0/inst/rx/inst/AXI_LITE.reg_inf/gen_spkt_fifo/generic_pkt/gnuram_async_fifo.xpm_fifo_base_inst/gen_cdc_pntr.wr_pntr_cdc_inst/src_gray_ff_reg[0]/Q
                         net (fo=1, routed)           0.667     6.038    kv260_ispMipiRx_vcu_DP_i/raspi_pipeline/raspi_pipeline/mipi_csi2_rx_subsyst_0/inst/rx/inst/AXI_LITE.reg_inf/gen_spkt_fifo/generic_pkt/gnuram_async_fifo.xpm_fifo_base_inst/gen_cdc_pntr.wr_pntr_cdc_inst/async_path[0]
    SLICE_X7Y164         FDRE                                         r  kv260_ispMipiRx_vcu_DP_i/raspi_pipeline/raspi_pipeline/mipi_csi2_rx_subsyst_0/inst/rx/inst/AXI_LITE.reg_inf/gen_spkt_fifo/generic_pkt/gnuram_async_fifo.xpm_fifo_base_inst/gen_cdc_pntr.wr_pntr_cdc_inst/dest_graysync_ff_reg[0][0]/D
  -------------------------------------------------------------------    -------------------

                         (clock clk_100M_kv260_ispMipiRx_vcu_DP_clk_wiz_0_0 rise edge)
                                                      0.000     0.000 r  
    PS8_X0Y0             PS8                          0.000     0.000 r  kv260_ispMipiRx_vcu_DP_i/PS_0/inst/PS8_i/PLCLK[0]
                         net (fo=1, routed)           0.181     0.181    kv260_ispMipiRx_vcu_DP_i/PS_0/inst/pl_clk_unbuffered[0]
    BUFG_PS_X0Y80        BUFG_PS (Prop_BUFG_PS_I_O)
                                                      0.035     0.216 r  kv260_ispMipiRx_vcu_DP_i/PS_0/inst/buffer_pl_clk_0.PL_CLK_0_BUFG/O
                         net (fo=1, routed)           1.942     2.158    kv260_ispMipiRx_vcu_DP_i/clk_wiz_0/inst/clk_in1
    MMCM_X0Y2            MMCME4_ADV (Prop_MMCM_CLKIN1_CLKOUT1)
                                                      0.739     2.897 r  kv260_ispMipiRx_vcu_DP_i/clk_wiz_0/inst/mmcme4_adv_inst/CLKOUT1
                         net (fo=1, routed)           0.312     3.209    kv260_ispMipiRx_vcu_DP_i/clk_wiz_0/inst/clk_100M_kv260_ispMipiRx_vcu_DP_clk_wiz_0_0
    BUFGCE_X0Y58         BUFGCE (Prop_BUFCE_BUFGCE_I_O)
                                                      0.039     3.248 r  kv260_ispMipiRx_vcu_DP_i/clk_wiz_0/inst/clkout2_buf/O
    X0Y1 (CLOCK_ROOT)    net (fo=3663, routed)        2.410     5.658    kv260_ispMipiRx_vcu_DP_i/raspi_pipeline/raspi_pipeline/mipi_csi2_rx_subsyst_0/inst/rx/inst/AXI_LITE.reg_inf/gen_spkt_fifo/generic_pkt/gnuram_async_fifo.xpm_fifo_base_inst/gen_cdc_pntr.wr_pntr_cdc_inst/dest_clk
    SLICE_X7Y164         FDRE                                         r  kv260_ispMipiRx_vcu_DP_i/raspi_pipeline/raspi_pipeline/mipi_csi2_rx_subsyst_0/inst/rx/inst/AXI_LITE.reg_inf/gen_spkt_fifo/generic_pkt/gnuram_async_fifo.xpm_fifo_base_inst/gen_cdc_pntr.wr_pntr_cdc_inst/dest_graysync_ff_reg[0][0]/C
                         clock pessimism             -0.596     5.062    
    SLICE_X7Y164         FDRE (Setup_HFF2_SLICEM_C_D)
                                                      0.046     5.108    kv260_ispMipiRx_vcu_DP_i/raspi_pipeline/raspi_pipeline/mipi_csi2_rx_subsyst_0/inst/rx/inst/AXI_LITE.reg_inf/gen_spkt_fifo/generic_pkt/gnuram_async_fifo.xpm_fifo_base_inst/gen_cdc_pntr.wr_pntr_cdc_inst/dest_graysync_ff_reg[0][0]
  -------------------------------------------------------------------
                         data arrival                           6.038    
                         clock arrival                          5.108    
  -------------------------------------------------------------------
                         relative delay                         0.930    

Reference path:
    Location             Delay type                Incr(ns)  Path(ns)    Netlist Resource(s)
  -------------------------------------------------------------------    -------------------
                         (clock clkv_200M_kv260_ispMipiRx_vcu_DP_clk_wiz_0_0 rise edge)
                                                      0.000     0.000 r  
    PS8_X0Y0             PS8                          0.000     0.000 r  kv260_ispMipiRx_vcu_DP_i/PS_0/inst/PS8_i/PLCLK[0]
                         net (fo=1, routed)           0.181     0.181    kv260_ispMipiRx_vcu_DP_i/PS_0/inst/pl_clk_unbuffered[0]
    BUFG_PS_X0Y80        BUFG_PS (Prop_BUFG_PS_I_O)
                                                      0.035     0.216 r  kv260_ispMipiRx_vcu_DP_i/PS_0/inst/buffer_pl_clk_0.PL_CLK_0_BUFG/O
                         net (fo=1, routed)           1.942     2.158    kv260_ispMipiRx_vcu_DP_i/clk_wiz_0/inst/clk_in1
    MMCM_X0Y2            MMCME4_ADV (Prop_MMCM_CLKIN1_CLKOUT2)
                                                      0.739     2.897 r  kv260_ispMipiRx_vcu_DP_i/clk_wiz_0/inst/mmcme4_adv_inst/CLKOUT2
                         net (fo=1, routed)           0.311     3.208    kv260_ispMipiRx_vcu_DP_i/clk_wiz_0/inst/clkv_200M_kv260_ispMipiRx_vcu_DP_clk_wiz_0_0
    BUFGCE_X0Y53         BUFGCE (Prop_BUFCE_BUFGCE_I_O)
                                                      0.039     3.247 r  kv260_ispMipiRx_vcu_DP_i/clk_wiz_0/inst/clkout3_buf/O
    X1Y1 (CLOCK_ROOT)    net (fo=30025, routed)       2.282     5.529    kv260_ispMipiRx_vcu_DP_i/raspi_pipeline/raspi_pipeline/mipi_csi2_rx_subsyst_0/inst/rx/inst/AXI_LITE.reg_inf/gen_spkt_fifo/generic_pkt/gnuram_async_fifo.xpm_fifo_base_inst/gen_cdc_pntr.wr_pntr_cdc_inst/src_clk
    SLICE_X9Y166         FDRE                                         r  kv260_ispMipiRx_vcu_DP_i/raspi_pipeline/raspi_pipeline/mipi_csi2_rx_subsyst_0/inst/rx/inst/AXI_LITE.reg_inf/gen_spkt_fifo/generic_pkt/gnuram_async_fifo.xpm_fifo_base_inst/gen_cdc_pntr.wr_pntr_cdc_inst/src_gray_ff_reg[4]/C
  -------------------------------------------------------------------    -------------------
    SLICE_X9Y166         FDRE (Prop_AFF_SLICEL_C_Q)
                                                      0.112     5.641 r  kv260_ispMipiRx_vcu_DP_i/raspi_pipeline/raspi_pipeline/mipi_csi2_rx_subsyst_0/inst/rx/inst/AXI_LITE.reg_inf/gen_spkt_fifo/generic_pkt/gnuram_async_fifo.xpm_fifo_base_inst/gen_cdc_pntr.wr_pntr_cdc_inst/src_gray_ff_reg[4]/Q
                         net (fo=1, routed)           0.127     5.768    kv260_ispMipiRx_vcu_DP_i/raspi_pipeline/raspi_pipeline/mipi_csi2_rx_subsyst_0/inst/rx/inst/AXI_LITE.reg_inf/gen_spkt_fifo/generic_pkt/gnuram_async_fifo.xpm_fifo_base_inst/gen_cdc_pntr.wr_pntr_cdc_inst/async_path[4]
    SLICE_X9Y166         FDRE                                         r  kv260_ispMipiRx_vcu_DP_i/raspi_pipeline/raspi_pipeline/mipi_csi2_rx_subsyst_0/inst/rx/inst/AXI_LITE.reg_inf/gen_spkt_fifo/generic_pkt/gnuram_async_fifo.xpm_fifo_base_inst/gen_cdc_pntr.wr_pntr_cdc_inst/dest_graysync_ff_reg[0][4]/D
  -------------------------------------------------------------------    -------------------

                         (clock clk_100M_kv260_ispMipiRx_vcu_DP_clk_wiz_0_0 rise edge)
                                                      0.000     0.000 r  
    PS8_X0Y0             PS8                          0.000     0.000 r  kv260_ispMipiRx_vcu_DP_i/PS_0/inst/PS8_i/PLCLK[0]
                         net (fo=1, routed)           0.229     0.229    kv260_ispMipiRx_vcu_DP_i/PS_0/inst/pl_clk_unbuffered[0]
    BUFG_PS_X0Y80        BUFG_PS (Prop_BUFG_PS_I_O)
                                                      0.038     0.267 r  kv260_ispMipiRx_vcu_DP_i/PS_0/inst/buffer_pl_clk_0.PL_CLK_0_BUFG/O
                         net (fo=1, routed)           2.137     2.404    kv260_ispMipiRx_vcu_DP_i/clk_wiz_0/inst/clk_in1
    MMCM_X0Y2            MMCME4_ADV (Prop_MMCM_CLKIN1_CLKOUT1)
                                                     -0.103     2.301 r  kv260_ispMipiRx_vcu_DP_i/clk_wiz_0/inst/mmcme4_adv_inst/CLKOUT1
                         net (fo=1, routed)           0.355     2.656    kv260_ispMipiRx_vcu_DP_i/clk_wiz_0/inst/clk_100M_kv260_ispMipiRx_vcu_DP_clk_wiz_0_0
    BUFGCE_X0Y58         BUFGCE (Prop_BUFCE_BUFGCE_I_O)
                                                      0.044     2.700 r  kv260_ispMipiRx_vcu_DP_i/clk_wiz_0/inst/clkout2_buf/O
    X0Y1 (CLOCK_ROOT)    net (fo=3663, routed)        2.678     5.378    kv260_ispMipiRx_vcu_DP_i/raspi_pipeline/raspi_pipeline/mipi_csi2_rx_subsyst_0/inst/rx/inst/AXI_LITE.reg_inf/gen_spkt_fifo/generic_pkt/gnuram_async_fifo.xpm_fifo_base_inst/gen_cdc_pntr.wr_pntr_cdc_inst/dest_clk
    SLICE_X9Y166         FDRE                                         r  kv260_ispMipiRx_vcu_DP_i/raspi_pipeline/raspi_pipeline/mipi_csi2_rx_subsyst_0/inst/rx/inst/AXI_LITE.reg_inf/gen_spkt_fifo/generic_pkt/gnuram_async_fifo.xpm_fifo_base_inst/gen_cdc_pntr.wr_pntr_cdc_inst/dest_graysync_ff_reg[0][4]/C
                         clock pessimism              0.596     5.974    
    SLICE_X9Y166         FDRE (Hold_HFF2_SLICEL_C_D)
                                                      0.103     6.077    kv260_ispMipiRx_vcu_DP_i/raspi_pipeline/raspi_pipeline/mipi_csi2_rx_subsyst_0/inst/rx/inst/AXI_LITE.reg_inf/gen_spkt_fifo/generic_pkt/gnuram_async_fifo.xpm_fifo_base_inst/gen_cdc_pntr.wr_pntr_cdc_inst/dest_graysync_ff_reg[0][4]
  -------------------------------------------------------------------
                         data arrival                           5.768    
                         clock arrival                          6.077    
  -------------------------------------------------------------------
                         relative delay                        -0.309    



Id: 3
set_bus_skew -from [get_cells [list {kv260_ispMipiRx_vcu_DP_i/raspi_pipeline/raspi_pipeline/mipi_csi2_rx_subsyst_0/inst/rx/inst/AXI_LITE.reg_inf/gen_spkt_fifo/generic_pkt/gnuram_async_fifo.xpm_fifo_base_inst/gen_cdc_pntr.rd_pntr_cdc_inst/src_gray_ff_reg[0]} {kv260_ispMipiRx_vcu_DP_i/raspi_pipeline/raspi_pipeline/mipi_csi2_rx_subsyst_0/inst/rx/inst/AXI_LITE.reg_inf/gen_spkt_fifo/generic_pkt/gnuram_async_fifo.xpm_fifo_base_inst/gen_cdc_pntr.rd_pntr_cdc_inst/src_gray_ff_reg[1]} {kv260_ispMipiRx_vcu_DP_i/raspi_pipeline/raspi_pipeline/mipi_csi2_rx_subsyst_0/inst/rx/inst/AXI_LITE.reg_inf/gen_spkt_fifo/generic_pkt/gnuram_async_fifo.xpm_fifo_base_inst/gen_cdc_pntr.rd_pntr_cdc_inst/src_gray_ff_reg[2]} {kv260_ispMipiRx_vcu_DP_i/raspi_pipeline/raspi_pipeline/mipi_csi2_rx_subsyst_0/inst/rx/inst/AXI_LITE.reg_inf/gen_spkt_fifo/generic_pkt/gnuram_async_fifo.xpm_fifo_base_inst/gen_cdc_pntr.rd_pntr_cdc_inst/src_gray_ff_reg[3]} {kv260_ispMipiRx_vcu_DP_i/raspi_pipeline/raspi_pipeline/mipi_csi2_rx_subsyst_0/inst/rx/inst/AXI_LITE.reg_inf/gen_spkt_fifo/generic_pkt/gnuram_async_fifo.xpm_fifo_base_inst/gen_cdc_pntr.rd_pntr_cdc_inst/src_gray_ff_reg[4]}]] -to [get_cells [list {kv260_ispMipiRx_vcu_DP_i/raspi_pipeline/raspi_pipeline/mipi_csi2_rx_subsyst_0/inst/rx/inst/AXI_LITE.reg_inf/gen_spkt_fifo/generic_pkt/gnuram_async_fifo.xpm_fifo_base_inst/gen_cdc_pntr.rd_pntr_cdc_inst/dest_graysync_ff_reg[0][0]} {kv260_ispMipiRx_vcu_DP_i/raspi_pipeline/raspi_pipeline/mipi_csi2_rx_subsyst_0/inst/rx/inst/AXI_LITE.reg_inf/gen_spkt_fifo/generic_pkt/gnuram_async_fifo.xpm_fifo_base_inst/gen_cdc_pntr.rd_pntr_cdc_inst/dest_graysync_ff_reg[0][1]} {kv260_ispMipiRx_vcu_DP_i/raspi_pipeline/raspi_pipeline/mipi_csi2_rx_subsyst_0/inst/rx/inst/AXI_LITE.reg_inf/gen_spkt_fifo/generic_pkt/gnuram_async_fifo.xpm_fifo_base_inst/gen_cdc_pntr.rd_pntr_cdc_inst/dest_graysync_ff_reg[0][2]} {kv260_ispMipiRx_vcu_DP_i/raspi_pipeline/raspi_pipeline/mipi_csi2_rx_subsyst_0/inst/rx/inst/AXI_LITE.reg_inf/gen_spkt_fifo/generic_pkt/gnuram_async_fifo.xpm_fifo_base_inst/gen_cdc_pntr.rd_pntr_cdc_inst/dest_graysync_ff_reg[0][3]} {kv260_ispMipiRx_vcu_DP_i/raspi_pipeline/raspi_pipeline/mipi_csi2_rx_subsyst_0/inst/rx/inst/AXI_LITE.reg_inf/gen_spkt_fifo/generic_pkt/gnuram_async_fifo.xpm_fifo_base_inst/gen_cdc_pntr.rd_pntr_cdc_inst/dest_graysync_ff_reg[0][4]}]] 5.000
Requirement: 5.000ns
Endpoints: 5

From Clock            To Clock              Endpoint Pin                    Reference Pin                   Corner  Actual(ns)  Slack(ns)
--------------------  --------------------  ------------------------------  ------------------------------  ------  ----------  ---------
clk_100M_kv260_ispMipiRx_vcu_DP_clk_wiz_0_0
                      clkv_200M_kv260_ispMipiRx_vcu_DP_clk_wiz_0_0
                                            kv260_ispMipiRx_vcu_DP_i/raspi_pipeline/raspi_pipeline/mipi_csi2_rx_subsyst_0/inst/rx/inst/AXI_LITE.reg_inf/gen_spkt_fifo/generic_pkt/gnuram_async_fifo.xpm_fifo_base_inst/gen_cdc_pntr.rd_pntr_cdc_inst/dest_graysync_ff_reg[0][1]/D
                                                                            kv260_ispMipiRx_vcu_DP_i/raspi_pipeline/raspi_pipeline/mipi_csi2_rx_subsyst_0/inst/rx/inst/AXI_LITE.reg_inf/gen_spkt_fifo/generic_pkt/gnuram_async_fifo.xpm_fifo_base_inst/gen_cdc_pntr.rd_pntr_cdc_inst/dest_graysync_ff_reg[0][4]/D
                                                                                                            Slow         0.423      4.577


Slack (MET) :             4.577ns  (requirement - actual skew)
  Endpoint Source:        kv260_ispMipiRx_vcu_DP_i/raspi_pipeline/raspi_pipeline/mipi_csi2_rx_subsyst_0/inst/rx/inst/AXI_LITE.reg_inf/gen_spkt_fifo/generic_pkt/gnuram_async_fifo.xpm_fifo_base_inst/gen_cdc_pntr.rd_pntr_cdc_inst/src_gray_ff_reg[1]/C
                            (rising edge-triggered cell FDRE clocked by clk_100M_kv260_ispMipiRx_vcu_DP_clk_wiz_0_0)
  Endpoint Destination:   kv260_ispMipiRx_vcu_DP_i/raspi_pipeline/raspi_pipeline/mipi_csi2_rx_subsyst_0/inst/rx/inst/AXI_LITE.reg_inf/gen_spkt_fifo/generic_pkt/gnuram_async_fifo.xpm_fifo_base_inst/gen_cdc_pntr.rd_pntr_cdc_inst/dest_graysync_ff_reg[0][1]/D
                            (rising edge-triggered cell FDRE clocked by clkv_200M_kv260_ispMipiRx_vcu_DP_clk_wiz_0_0)
  Reference Source:       kv260_ispMipiRx_vcu_DP_i/raspi_pipeline/raspi_pipeline/mipi_csi2_rx_subsyst_0/inst/rx/inst/AXI_LITE.reg_inf/gen_spkt_fifo/generic_pkt/gnuram_async_fifo.xpm_fifo_base_inst/gen_cdc_pntr.rd_pntr_cdc_inst/src_gray_ff_reg[4]/C
                            (rising edge-triggered cell FDRE clocked by clk_100M_kv260_ispMipiRx_vcu_DP_clk_wiz_0_0)
  Reference Destination:  kv260_ispMipiRx_vcu_DP_i/raspi_pipeline/raspi_pipeline/mipi_csi2_rx_subsyst_0/inst/rx/inst/AXI_LITE.reg_inf/gen_spkt_fifo/generic_pkt/gnuram_async_fifo.xpm_fifo_base_inst/gen_cdc_pntr.rd_pntr_cdc_inst/dest_graysync_ff_reg[0][4]/D
                            (rising edge-triggered cell FDRE clocked by clkv_200M_kv260_ispMipiRx_vcu_DP_clk_wiz_0_0)
  Path Type:              Bus Skew (Max at Slow Process Corner)
  Requirement:            5.000ns
  Endpoint Relative Delay:    0.907ns
  Reference Relative Delay:  -0.026ns
  Relative CRPR:              0.511ns
  Actual Bus Skew:            0.423ns  (Endpoint Relative Delay - Reference Relative Delay - Relative CRPR)

Endpoint path:
    Location             Delay type                Incr(ns)  Path(ns)    Netlist Resource(s)
  -------------------------------------------------------------------    -------------------
                         (clock clk_100M_kv260_ispMipiRx_vcu_DP_clk_wiz_0_0 rise edge)
                                                      0.000     0.000 r  
    PS8_X0Y0             PS8                          0.000     0.000 r  kv260_ispMipiRx_vcu_DP_i/PS_0/inst/PS8_i/PLCLK[0]
                         net (fo=1, routed)           0.229     0.229    kv260_ispMipiRx_vcu_DP_i/PS_0/inst/pl_clk_unbuffered[0]
    BUFG_PS_X0Y80        BUFG_PS (Prop_BUFG_PS_I_O)
                                                      0.038     0.267 r  kv260_ispMipiRx_vcu_DP_i/PS_0/inst/buffer_pl_clk_0.PL_CLK_0_BUFG/O
                         net (fo=1, routed)           2.137     2.404    kv260_ispMipiRx_vcu_DP_i/clk_wiz_0/inst/clk_in1
    MMCM_X0Y2            MMCME4_ADV (Prop_MMCM_CLKIN1_CLKOUT1)
                                                     -0.103     2.301 r  kv260_ispMipiRx_vcu_DP_i/clk_wiz_0/inst/mmcme4_adv_inst/CLKOUT1
                         net (fo=1, routed)           0.355     2.656    kv260_ispMipiRx_vcu_DP_i/clk_wiz_0/inst/clk_100M_kv260_ispMipiRx_vcu_DP_clk_wiz_0_0
    BUFGCE_X0Y58         BUFGCE (Prop_BUFCE_BUFGCE_I_O)
                                                      0.044     2.700 r  kv260_ispMipiRx_vcu_DP_i/clk_wiz_0/inst/clkout2_buf/O
    X0Y1 (CLOCK_ROOT)    net (fo=3663, routed)        2.685     5.385    kv260_ispMipiRx_vcu_DP_i/raspi_pipeline/raspi_pipeline/mipi_csi2_rx_subsyst_0/inst/rx/inst/AXI_LITE.reg_inf/gen_spkt_fifo/generic_pkt/gnuram_async_fifo.xpm_fifo_base_inst/gen_cdc_pntr.rd_pntr_cdc_inst/src_clk
    SLICE_X8Y166         FDRE                                         r  kv260_ispMipiRx_vcu_DP_i/raspi_pipeline/raspi_pipeline/mipi_csi2_rx_subsyst_0/inst/rx/inst/AXI_LITE.reg_inf/gen_spkt_fifo/generic_pkt/gnuram_async_fifo.xpm_fifo_base_inst/gen_cdc_pntr.rd_pntr_cdc_inst/src_gray_ff_reg[1]/C
  -------------------------------------------------------------------    -------------------
    SLICE_X8Y166         FDRE (Prop_DFF2_SLICEM_C_Q)
                                                      0.115     5.500 r  kv260_ispMipiRx_vcu_DP_i/raspi_pipeline/raspi_pipeline/mipi_csi2_rx_subsyst_0/inst/rx/inst/AXI_LITE.reg_inf/gen_spkt_fifo/generic_pkt/gnuram_async_fifo.xpm_fifo_base_inst/gen_cdc_pntr.rd_pntr_cdc_inst/src_gray_ff_reg[1]/Q
                         net (fo=1, routed)           0.386     5.886    kv260_ispMipiRx_vcu_DP_i/raspi_pipeline/raspi_pipeline/mipi_csi2_rx_subsyst_0/inst/rx/inst/AXI_LITE.reg_inf/gen_spkt_fifo/generic_pkt/gnuram_async_fifo.xpm_fifo_base_inst/gen_cdc_pntr.rd_pntr_cdc_inst/async_path[1]
    SLICE_X9Y166         FDRE                                         r  kv260_ispMipiRx_vcu_DP_i/raspi_pipeline/raspi_pipeline/mipi_csi2_rx_subsyst_0/inst/rx/inst/AXI_LITE.reg_inf/gen_spkt_fifo/generic_pkt/gnuram_async_fifo.xpm_fifo_base_inst/gen_cdc_pntr.rd_pntr_cdc_inst/dest_graysync_ff_reg[0][1]/D
  -------------------------------------------------------------------    -------------------

                         (clock clkv_200M_kv260_ispMipiRx_vcu_DP_clk_wiz_0_0 rise edge)
                                                      0.000     0.000 r  
    PS8_X0Y0             PS8                          0.000     0.000 r  kv260_ispMipiRx_vcu_DP_i/PS_0/inst/PS8_i/PLCLK[0]
                         net (fo=1, routed)           0.181     0.181    kv260_ispMipiRx_vcu_DP_i/PS_0/inst/pl_clk_unbuffered[0]
    BUFG_PS_X0Y80        BUFG_PS (Prop_BUFG_PS_I_O)
                                                      0.035     0.216 r  kv260_ispMipiRx_vcu_DP_i/PS_0/inst/buffer_pl_clk_0.PL_CLK_0_BUFG/O
                         net (fo=1, routed)           1.942     2.158    kv260_ispMipiRx_vcu_DP_i/clk_wiz_0/inst/clk_in1
    MMCM_X0Y2            MMCME4_ADV (Prop_MMCM_CLKIN1_CLKOUT2)
                                                      0.739     2.897 r  kv260_ispMipiRx_vcu_DP_i/clk_wiz_0/inst/mmcme4_adv_inst/CLKOUT2
                         net (fo=1, routed)           0.311     3.208    kv260_ispMipiRx_vcu_DP_i/clk_wiz_0/inst/clkv_200M_kv260_ispMipiRx_vcu_DP_clk_wiz_0_0
    BUFGCE_X0Y53         BUFGCE (Prop_BUFCE_BUFGCE_I_O)
                                                      0.039     3.247 r  kv260_ispMipiRx_vcu_DP_i/clk_wiz_0/inst/clkout3_buf/O
    X1Y1 (CLOCK_ROOT)    net (fo=30025, routed)       2.282     5.529    kv260_ispMipiRx_vcu_DP_i/raspi_pipeline/raspi_pipeline/mipi_csi2_rx_subsyst_0/inst/rx/inst/AXI_LITE.reg_inf/gen_spkt_fifo/generic_pkt/gnuram_async_fifo.xpm_fifo_base_inst/gen_cdc_pntr.rd_pntr_cdc_inst/dest_clk
    SLICE_X9Y166         FDRE                                         r  kv260_ispMipiRx_vcu_DP_i/raspi_pipeline/raspi_pipeline/mipi_csi2_rx_subsyst_0/inst/rx/inst/AXI_LITE.reg_inf/gen_spkt_fifo/generic_pkt/gnuram_async_fifo.xpm_fifo_base_inst/gen_cdc_pntr.rd_pntr_cdc_inst/dest_graysync_ff_reg[0][1]/C
                         clock pessimism             -0.596     4.933    
    SLICE_X9Y166         FDRE (Setup_CFF2_SLICEL_C_D)
                                                      0.046     4.979    kv260_ispMipiRx_vcu_DP_i/raspi_pipeline/raspi_pipeline/mipi_csi2_rx_subsyst_0/inst/rx/inst/AXI_LITE.reg_inf/gen_spkt_fifo/generic_pkt/gnuram_async_fifo.xpm_fifo_base_inst/gen_cdc_pntr.rd_pntr_cdc_inst/dest_graysync_ff_reg[0][1]
  -------------------------------------------------------------------
                         data arrival                           5.886    
                         clock arrival                          4.979    
  -------------------------------------------------------------------
                         relative delay                         0.907    

Reference path:
    Location             Delay type                Incr(ns)  Path(ns)    Netlist Resource(s)
  -------------------------------------------------------------------    -------------------
                         (clock clk_100M_kv260_ispMipiRx_vcu_DP_clk_wiz_0_0 rise edge)
                                                      0.000     0.000 r  
    PS8_X0Y0             PS8                          0.000     0.000 r  kv260_ispMipiRx_vcu_DP_i/PS_0/inst/PS8_i/PLCLK[0]
                         net (fo=1, routed)           0.181     0.181    kv260_ispMipiRx_vcu_DP_i/PS_0/inst/pl_clk_unbuffered[0]
    BUFG_PS_X0Y80        BUFG_PS (Prop_BUFG_PS_I_O)
                                                      0.035     0.216 r  kv260_ispMipiRx_vcu_DP_i/PS_0/inst/buffer_pl_clk_0.PL_CLK_0_BUFG/O
                         net (fo=1, routed)           1.942     2.158    kv260_ispMipiRx_vcu_DP_i/clk_wiz_0/inst/clk_in1
    MMCM_X0Y2            MMCME4_ADV (Prop_MMCM_CLKIN1_CLKOUT1)
                                                      0.739     2.897 r  kv260_ispMipiRx_vcu_DP_i/clk_wiz_0/inst/mmcme4_adv_inst/CLKOUT1
                         net (fo=1, routed)           0.312     3.209    kv260_ispMipiRx_vcu_DP_i/clk_wiz_0/inst/clk_100M_kv260_ispMipiRx_vcu_DP_clk_wiz_0_0
    BUFGCE_X0Y58         BUFGCE (Prop_BUFCE_BUFGCE_I_O)
                                                      0.039     3.248 r  kv260_ispMipiRx_vcu_DP_i/clk_wiz_0/inst/clkout2_buf/O
    X0Y1 (CLOCK_ROOT)    net (fo=3663, routed)        2.416     5.664    kv260_ispMipiRx_vcu_DP_i/raspi_pipeline/raspi_pipeline/mipi_csi2_rx_subsyst_0/inst/rx/inst/AXI_LITE.reg_inf/gen_spkt_fifo/generic_pkt/gnuram_async_fifo.xpm_fifo_base_inst/gen_cdc_pntr.rd_pntr_cdc_inst/src_clk
    SLICE_X8Y169         FDRE                                         r  kv260_ispMipiRx_vcu_DP_i/raspi_pipeline/raspi_pipeline/mipi_csi2_rx_subsyst_0/inst/rx/inst/AXI_LITE.reg_inf/gen_spkt_fifo/generic_pkt/gnuram_async_fifo.xpm_fifo_base_inst/gen_cdc_pntr.rd_pntr_cdc_inst/src_gray_ff_reg[4]/C
  -------------------------------------------------------------------    -------------------
    SLICE_X8Y169         FDRE (Prop_EFF_SLICEM_C_Q)
                                                      0.112     5.776 r  kv260_ispMipiRx_vcu_DP_i/raspi_pipeline/raspi_pipeline/mipi_csi2_rx_subsyst_0/inst/rx/inst/AXI_LITE.reg_inf/gen_spkt_fifo/generic_pkt/gnuram_async_fifo.xpm_fifo_base_inst/gen_cdc_pntr.rd_pntr_cdc_inst/src_gray_ff_reg[4]/Q
                         net (fo=1, routed)           0.133     5.909    kv260_ispMipiRx_vcu_DP_i/raspi_pipeline/raspi_pipeline/mipi_csi2_rx_subsyst_0/inst/rx/inst/AXI_LITE.reg_inf/gen_spkt_fifo/generic_pkt/gnuram_async_fifo.xpm_fifo_base_inst/gen_cdc_pntr.rd_pntr_cdc_inst/async_path[4]
    SLICE_X9Y169         FDRE                                         r  kv260_ispMipiRx_vcu_DP_i/raspi_pipeline/raspi_pipeline/mipi_csi2_rx_subsyst_0/inst/rx/inst/AXI_LITE.reg_inf/gen_spkt_fifo/generic_pkt/gnuram_async_fifo.xpm_fifo_base_inst/gen_cdc_pntr.rd_pntr_cdc_inst/dest_graysync_ff_reg[0][4]/D
  -------------------------------------------------------------------    -------------------

                         (clock clkv_200M_kv260_ispMipiRx_vcu_DP_clk_wiz_0_0 rise edge)
                                                      0.000     0.000 r  
    PS8_X0Y0             PS8                          0.000     0.000 r  kv260_ispMipiRx_vcu_DP_i/PS_0/inst/PS8_i/PLCLK[0]
                         net (fo=1, routed)           0.229     0.229    kv260_ispMipiRx_vcu_DP_i/PS_0/inst/pl_clk_unbuffered[0]
    BUFG_PS_X0Y80        BUFG_PS (Prop_BUFG_PS_I_O)
                                                      0.038     0.267 r  kv260_ispMipiRx_vcu_DP_i/PS_0/inst/buffer_pl_clk_0.PL_CLK_0_BUFG/O
                         net (fo=1, routed)           2.137     2.404    kv260_ispMipiRx_vcu_DP_i/clk_wiz_0/inst/clk_in1
    MMCM_X0Y2            MMCME4_ADV (Prop_MMCM_CLKIN1_CLKOUT2)
                                                     -0.103     2.301 r  kv260_ispMipiRx_vcu_DP_i/clk_wiz_0/inst/mmcme4_adv_inst/CLKOUT2
                         net (fo=1, routed)           0.353     2.654    kv260_ispMipiRx_vcu_DP_i/clk_wiz_0/inst/clkv_200M_kv260_ispMipiRx_vcu_DP_clk_wiz_0_0
    BUFGCE_X0Y53         BUFGCE (Prop_BUFCE_BUFGCE_I_O)
                                                      0.044     2.698 r  kv260_ispMipiRx_vcu_DP_i/clk_wiz_0/inst/clkout3_buf/O
    X1Y1 (CLOCK_ROOT)    net (fo=30025, routed)       2.538     5.236    kv260_ispMipiRx_vcu_DP_i/raspi_pipeline/raspi_pipeline/mipi_csi2_rx_subsyst_0/inst/rx/inst/AXI_LITE.reg_inf/gen_spkt_fifo/generic_pkt/gnuram_async_fifo.xpm_fifo_base_inst/gen_cdc_pntr.rd_pntr_cdc_inst/dest_clk
    SLICE_X9Y169         FDRE                                         r  kv260_ispMipiRx_vcu_DP_i/raspi_pipeline/raspi_pipeline/mipi_csi2_rx_subsyst_0/inst/rx/inst/AXI_LITE.reg_inf/gen_spkt_fifo/generic_pkt/gnuram_async_fifo.xpm_fifo_base_inst/gen_cdc_pntr.rd_pntr_cdc_inst/dest_graysync_ff_reg[0][4]/C
                         clock pessimism              0.596     5.832    
    SLICE_X9Y169         FDRE (Hold_HFF2_SLICEL_C_D)
                                                      0.103     5.935    kv260_ispMipiRx_vcu_DP_i/raspi_pipeline/raspi_pipeline/mipi_csi2_rx_subsyst_0/inst/rx/inst/AXI_LITE.reg_inf/gen_spkt_fifo/generic_pkt/gnuram_async_fifo.xpm_fifo_base_inst/gen_cdc_pntr.rd_pntr_cdc_inst/dest_graysync_ff_reg[0][4]
  -------------------------------------------------------------------
                         data arrival                           5.909    
                         clock arrival                          5.935    
  -------------------------------------------------------------------
                         relative delay                        -0.026    



Id: 4
set_bus_skew -from [get_cells [list {kv260_ispMipiRx_vcu_DP_i/raspi_pipeline/raspi_pipeline/mipi_csi2_rx_subsyst_0/inst/rx/inst/gen_pkt_fifo/pkt_fifo/gnuram_async_fifo.xpm_fifo_base_inst/gen_cdc_pntr.wr_pntr_cdc_inst/src_gray_ff_reg[0]} {kv260_ispMipiRx_vcu_DP_i/raspi_pipeline/raspi_pipeline/mipi_csi2_rx_subsyst_0/inst/rx/inst/gen_pkt_fifo/pkt_fifo/gnuram_async_fifo.xpm_fifo_base_inst/gen_cdc_pntr.wr_pntr_cdc_inst/src_gray_ff_reg[1]} {kv260_ispMipiRx_vcu_DP_i/raspi_pipeline/raspi_pipeline/mipi_csi2_rx_subsyst_0/inst/rx/inst/gen_pkt_fifo/pkt_fifo/gnuram_async_fifo.xpm_fifo_base_inst/gen_cdc_pntr.wr_pntr_cdc_inst/src_gray_ff_reg[2]} {kv260_ispMipiRx_vcu_DP_i/raspi_pipeline/raspi_pipeline/mipi_csi2_rx_subsyst_0/inst/rx/inst/gen_pkt_fifo/pkt_fifo/gnuram_async_fifo.xpm_fifo_base_inst/gen_cdc_pntr.wr_pntr_cdc_inst/src_gray_ff_reg[3]} {kv260_ispMipiRx_vcu_DP_i/raspi_pipeline/raspi_pipeline/mipi_csi2_rx_subsyst_0/inst/rx/inst/gen_pkt_fifo/pkt_fifo/gnuram_async_fifo.xpm_fifo_base_inst/gen_cdc_pntr.wr_pntr_cdc_inst/src_gray_ff_reg[4]}]] -to [get_cells [list {kv260_ispMipiRx_vcu_DP_i/raspi_pipeline/raspi_pipeline/mipi_csi2_rx_subsyst_0/inst/rx/inst/gen_pkt_fifo/pkt_fifo/gnuram_async_fifo.xpm_fifo_base_inst/gen_cdc_pntr.wr_pntr_cdc_inst/dest_graysync_ff_reg[0][0]} {kv260_ispMipiRx_vcu_DP_i/raspi_pipeline/raspi_pipeline/mipi_csi2_rx_subsyst_0/inst/rx/inst/gen_pkt_fifo/pkt_fifo/gnuram_async_fifo.xpm_fifo_base_inst/gen_cdc_pntr.wr_pntr_cdc_inst/dest_graysync_ff_reg[0][1]} {kv260_ispMipiRx_vcu_DP_i/raspi_pipeline/raspi_pipeline/mipi_csi2_rx_subsyst_0/inst/rx/inst/gen_pkt_fifo/pkt_fifo/gnuram_async_fifo.xpm_fifo_base_inst/gen_cdc_pntr.wr_pntr_cdc_inst/dest_graysync_ff_reg[0][2]} {kv260_ispMipiRx_vcu_DP_i/raspi_pipeline/raspi_pipeline/mipi_csi2_rx_subsyst_0/inst/rx/inst/gen_pkt_fifo/pkt_fifo/gnuram_async_fifo.xpm_fifo_base_inst/gen_cdc_pntr.wr_pntr_cdc_inst/dest_graysync_ff_reg[0][3]} {kv260_ispMipiRx_vcu_DP_i/raspi_pipeline/raspi_pipeline/mipi_csi2_rx_subsyst_0/inst/rx/inst/gen_pkt_fifo/pkt_fifo/gnuram_async_fifo.xpm_fifo_base_inst/gen_cdc_pntr.wr_pntr_cdc_inst/dest_graysync_ff_reg[0][4]}]] 5.000
Requirement: 5.000ns
Endpoints: 5

From Clock            To Clock              Endpoint Pin                    Reference Pin                   Corner  Actual(ns)  Slack(ns)
--------------------  --------------------  ------------------------------  ------------------------------  ------  ----------  ---------
mipi_phy_if_clk_p_FIFO_WRCLK_OUT
                      clkv_200M_kv260_ispMipiRx_vcu_DP_clk_wiz_0_0
                                            kv260_ispMipiRx_vcu_DP_i/raspi_pipeline/raspi_pipeline/mipi_csi2_rx_subsyst_0/inst/rx/inst/gen_pkt_fifo/pkt_fifo/gnuram_async_fifo.xpm_fifo_base_inst/gen_cdc_pntr.wr_pntr_cdc_inst/dest_graysync_ff_reg[0][3]/D
                                                                            kv260_ispMipiRx_vcu_DP_i/raspi_pipeline/raspi_pipeline/mipi_csi2_rx_subsyst_0/inst/rx/inst/gen_pkt_fifo/pkt_fifo/gnuram_async_fifo.xpm_fifo_base_inst/gen_cdc_pntr.wr_pntr_cdc_inst/dest_graysync_ff_reg[0][4]/D
                                                                                                            Slow         0.477      4.523


Slack (MET) :             4.523ns  (requirement - actual skew)
  Endpoint Source:        kv260_ispMipiRx_vcu_DP_i/raspi_pipeline/raspi_pipeline/mipi_csi2_rx_subsyst_0/inst/rx/inst/gen_pkt_fifo/pkt_fifo/gnuram_async_fifo.xpm_fifo_base_inst/gen_cdc_pntr.wr_pntr_cdc_inst/src_gray_ff_reg[3]/C
                            (rising edge-triggered cell FDRE clocked by mipi_phy_if_clk_p_FIFO_WRCLK_OUT)
  Endpoint Destination:   kv260_ispMipiRx_vcu_DP_i/raspi_pipeline/raspi_pipeline/mipi_csi2_rx_subsyst_0/inst/rx/inst/gen_pkt_fifo/pkt_fifo/gnuram_async_fifo.xpm_fifo_base_inst/gen_cdc_pntr.wr_pntr_cdc_inst/dest_graysync_ff_reg[0][3]/D
                            (rising edge-triggered cell FDRE clocked by clkv_200M_kv260_ispMipiRx_vcu_DP_clk_wiz_0_0)
  Reference Source:       kv260_ispMipiRx_vcu_DP_i/raspi_pipeline/raspi_pipeline/mipi_csi2_rx_subsyst_0/inst/rx/inst/gen_pkt_fifo/pkt_fifo/gnuram_async_fifo.xpm_fifo_base_inst/gen_cdc_pntr.wr_pntr_cdc_inst/src_gray_ff_reg[4]/C
                            (rising edge-triggered cell FDRE clocked by mipi_phy_if_clk_p_FIFO_WRCLK_OUT)
  Reference Destination:  kv260_ispMipiRx_vcu_DP_i/raspi_pipeline/raspi_pipeline/mipi_csi2_rx_subsyst_0/inst/rx/inst/gen_pkt_fifo/pkt_fifo/gnuram_async_fifo.xpm_fifo_base_inst/gen_cdc_pntr.wr_pntr_cdc_inst/dest_graysync_ff_reg[0][4]/D
                            (rising edge-triggered cell FDRE clocked by clkv_200M_kv260_ispMipiRx_vcu_DP_clk_wiz_0_0)
  Path Type:              Bus Skew (Max at Slow Process Corner)
  Requirement:            5.000ns
  Endpoint Relative Delay:   -0.392ns
  Reference Relative Delay:  -1.735ns
  Relative CRPR:              0.866ns
  Actual Bus Skew:            0.477ns  (Endpoint Relative Delay - Reference Relative Delay - Relative CRPR)

Endpoint path:
    Location             Delay type                Incr(ns)  Path(ns)    Netlist Resource(s)
  -------------------------------------------------------------------    -------------------
                         (clock mipi_phy_if_clk_p_FIFO_WRCLK_OUT rise edge)
                                                      0.000     0.000 r  
    D7                                                0.000     0.000 f  mipi_phy_if_clk_p (IN)
                         net (fo=0)                   0.100     0.100    kv260_ispMipiRx_vcu_DP_i/raspi_pipeline/raspi_pipeline/mipi_csi2_rx_subsyst_0/inst/phy/inst/inst/bd_3be0_phy_0_rx_support_i/slave_rx.bd_3be0_phy_0_rx_hssio_i/inst/top_inst/iobuf_top_inst/io_gen[26].ibufds_dphy/I
    HPIOBDIFFINBUF_X0Y84 DPHY_DIFFINBUF (Prop_DPHY_DIFFINBUF_HPIOBDIFFINBUF_I_HSRX_O)
                                                      0.386     0.486 f  kv260_ispMipiRx_vcu_DP_i/raspi_pipeline/raspi_pipeline/mipi_csi2_rx_subsyst_0/inst/phy/inst/inst/bd_3be0_phy_0_rx_support_i/slave_rx.bd_3be0_phy_0_rx_hssio_i/inst/top_inst/iobuf_top_inst/io_gen[26].ibufds_dphy/DIFFINBUF_INST/HSRX_O
                         net (fo=1, routed)           0.050     0.536    kv260_ispMipiRx_vcu_DP_i/raspi_pipeline/raspi_pipeline/mipi_csi2_rx_subsyst_0/inst/phy/inst/inst/bd_3be0_phy_0_rx_support_i/slave_rx.bd_3be0_phy_0_rx_hssio_i/inst/top_inst/iobuf_top_inst/io_gen[26].ibufds_dphy/OUT
    D7                   IBUFCTRL (Prop_IBUFCTRL_HPIOB_M_I_O)
                                                      0.000     0.536 f  kv260_ispMipiRx_vcu_DP_i/raspi_pipeline/raspi_pipeline/mipi_csi2_rx_subsyst_0/inst/phy/inst/inst/bd_3be0_phy_0_rx_support_i/slave_rx.bd_3be0_phy_0_rx_hssio_i/inst/top_inst/iobuf_top_inst/io_gen[26].ibufds_dphy/IBUFCTRL_INST/O
                         net (fo=1, routed)           0.003     0.539    kv260_ispMipiRx_vcu_DP_i/raspi_pipeline/raspi_pipeline/mipi_csi2_rx_subsyst_0/inst/phy/inst/inst/bd_3be0_phy_0_rx_support_i/slave_rx.bd_3be0_phy_0_rx_hssio_i/inst/top_inst/bs_top_inst/u_rx_bs/data_to_bs_out[0]
    BITSLICE_RX_TX_X0Y182
                         RX_BITSLICE (Prop_RX_BITSLICE_BITSLICE_RXTX_RX_DATAIN_RX_BIT_CTRL_OUT[9])
                                                      0.050     0.589 r  kv260_ispMipiRx_vcu_DP_i/raspi_pipeline/raspi_pipeline/mipi_csi2_rx_subsyst_0/inst/phy/inst/inst/bd_3be0_phy_0_rx_support_i/slave_rx.bd_3be0_phy_0_rx_hssio_i/inst/top_inst/bs_top_inst/u_rx_bs/RX_BS[26].rx_bitslice_if_bs/RX_BIT_CTRL_OUT[9]
                         net (fo=1, routed)           0.006     0.595    kv260_ispMipiRx_vcu_DP_i/raspi_pipeline/raspi_pipeline/mipi_csi2_rx_subsyst_0/inst/phy/inst/inst/bd_3be0_phy_0_rx_support_i/slave_rx.bd_3be0_phy_0_rx_hssio_i/inst/top_inst/bs_ctrl_top_inst/rx_bs26_rx_bit_ctrl_out[9]
    BITSLICE_CONTROL_X0Y28
                         BITSLICE_CONTROL (Prop_CONTROL_BITSLICE_CONTROL_RX_BIT_CTRL_IN0[9]_RX_BIT_CTRL_OUT0[20])
                                                      0.705     1.300 r  kv260_ispMipiRx_vcu_DP_i/raspi_pipeline/raspi_pipeline/mipi_csi2_rx_subsyst_0/inst/phy/inst/inst/bd_3be0_phy_0_rx_support_i/slave_rx.bd_3be0_phy_0_rx_hssio_i/inst/top_inst/bs_ctrl_top_inst/BITSLICE_CTRL[4].bs_ctrl_inst/RX_BIT_CTRL_OUT0[20]
                         net (fo=1, routed)           0.013     1.313    kv260_ispMipiRx_vcu_DP_i/raspi_pipeline/raspi_pipeline/mipi_csi2_rx_subsyst_0/inst/phy/inst/inst/bd_3be0_phy_0_rx_support_i/slave_rx.bd_3be0_phy_0_rx_hssio_i/inst/top_inst/bs_top_inst/u_rx_bs/rx_bs26_rx_bit_ctrl_in[20]
    BITSLICE_RX_TX_X0Y182
                         RX_BITSLICE (Prop_RX_BITSLICE_BITSLICE_RXTX_RX_RX_BIT_CTRL_IN[20]_FIFO_WRCLK_OUT)
                                                      0.745     2.058 r  kv260_ispMipiRx_vcu_DP_i/raspi_pipeline/raspi_pipeline/mipi_csi2_rx_subsyst_0/inst/phy/inst/inst/bd_3be0_phy_0_rx_support_i/slave_rx.bd_3be0_phy_0_rx_hssio_i/inst/top_inst/bs_top_inst/u_rx_bs/RX_BS[26].rx_bitslice_if_bs/FIFO_WRCLK_OUT
                         net (fo=1, routed)           0.830     2.888    kv260_ispMipiRx_vcu_DP_i/raspi_pipeline/raspi_pipeline/mipi_csi2_rx_subsyst_0/inst/phy/inst/inst/bd_3be0_phy_0_rx_support_i/div4_clk_t
    BUFGCE_X0Y95         BUFGCE (Prop_BUFCE_BUFGCE_I_O)
                                                      0.044     2.932 r  kv260_ispMipiRx_vcu_DP_i/raspi_pipeline/raspi_pipeline/mipi_csi2_rx_subsyst_0/inst/phy/inst/inst/bd_3be0_phy_0_rx_support_i/slave_rx.rxbyteclkhs_buf/O
    X1Y3 (CLOCK_ROOT)    net (fo=523, routed)         1.726     4.658    kv260_ispMipiRx_vcu_DP_i/raspi_pipeline/raspi_pipeline/mipi_csi2_rx_subsyst_0/inst/rx/inst/gen_pkt_fifo/pkt_fifo/gnuram_async_fifo.xpm_fifo_base_inst/gen_cdc_pntr.wr_pntr_cdc_inst/src_clk
    SLICE_X13Y165        FDRE                                         r  kv260_ispMipiRx_vcu_DP_i/raspi_pipeline/raspi_pipeline/mipi_csi2_rx_subsyst_0/inst/rx/inst/gen_pkt_fifo/pkt_fifo/gnuram_async_fifo.xpm_fifo_base_inst/gen_cdc_pntr.wr_pntr_cdc_inst/src_gray_ff_reg[3]/C
  -------------------------------------------------------------------    -------------------
    SLICE_X13Y165        FDRE (Prop_HFF2_SLICEM_C_Q)
                                                      0.114     4.772 r  kv260_ispMipiRx_vcu_DP_i/raspi_pipeline/raspi_pipeline/mipi_csi2_rx_subsyst_0/inst/rx/inst/gen_pkt_fifo/pkt_fifo/gnuram_async_fifo.xpm_fifo_base_inst/gen_cdc_pntr.wr_pntr_cdc_inst/src_gray_ff_reg[3]/Q
                         net (fo=1, routed)           0.401     5.173    kv260_ispMipiRx_vcu_DP_i/raspi_pipeline/raspi_pipeline/mipi_csi2_rx_subsyst_0/inst/rx/inst/gen_pkt_fifo/pkt_fifo/gnuram_async_fifo.xpm_fifo_base_inst/gen_cdc_pntr.wr_pntr_cdc_inst/async_path[3]
    SLICE_X13Y165        FDRE                                         r  kv260_ispMipiRx_vcu_DP_i/raspi_pipeline/raspi_pipeline/mipi_csi2_rx_subsyst_0/inst/rx/inst/gen_pkt_fifo/pkt_fifo/gnuram_async_fifo.xpm_fifo_base_inst/gen_cdc_pntr.wr_pntr_cdc_inst/dest_graysync_ff_reg[0][3]/D
  -------------------------------------------------------------------    -------------------

                         (clock clkv_200M_kv260_ispMipiRx_vcu_DP_clk_wiz_0_0 rise edge)
                                                      0.000     0.000 r  
    PS8_X0Y0             PS8                          0.000     0.000 r  kv260_ispMipiRx_vcu_DP_i/PS_0/inst/PS8_i/PLCLK[0]
                         net (fo=1, routed)           0.181     0.181    kv260_ispMipiRx_vcu_DP_i/PS_0/inst/pl_clk_unbuffered[0]
    BUFG_PS_X0Y80        BUFG_PS (Prop_BUFG_PS_I_O)
                                                      0.035     0.216 r  kv260_ispMipiRx_vcu_DP_i/PS_0/inst/buffer_pl_clk_0.PL_CLK_0_BUFG/O
                         net (fo=1, routed)           1.942     2.158    kv260_ispMipiRx_vcu_DP_i/clk_wiz_0/inst/clk_in1
    MMCM_X0Y2            MMCME4_ADV (Prop_MMCM_CLKIN1_CLKOUT2)
                                                      0.739     2.897 r  kv260_ispMipiRx_vcu_DP_i/clk_wiz_0/inst/mmcme4_adv_inst/CLKOUT2
                         net (fo=1, routed)           0.311     3.208    kv260_ispMipiRx_vcu_DP_i/clk_wiz_0/inst/clkv_200M_kv260_ispMipiRx_vcu_DP_clk_wiz_0_0
    BUFGCE_X0Y53         BUFGCE (Prop_BUFCE_BUFGCE_I_O)
                                                      0.039     3.247 r  kv260_ispMipiRx_vcu_DP_i/clk_wiz_0/inst/clkout3_buf/O
    X1Y1 (CLOCK_ROOT)    net (fo=30025, routed)       2.273     5.520    kv260_ispMipiRx_vcu_DP_i/raspi_pipeline/raspi_pipeline/mipi_csi2_rx_subsyst_0/inst/rx/inst/gen_pkt_fifo/pkt_fifo/gnuram_async_fifo.xpm_fifo_base_inst/gen_cdc_pntr.wr_pntr_cdc_inst/dest_clk
    SLICE_X13Y165        FDRE                                         r  kv260_ispMipiRx_vcu_DP_i/raspi_pipeline/raspi_pipeline/mipi_csi2_rx_subsyst_0/inst/rx/inst/gen_pkt_fifo/pkt_fifo/gnuram_async_fifo.xpm_fifo_base_inst/gen_cdc_pntr.wr_pntr_cdc_inst/dest_graysync_ff_reg[0][3]/C
                         clock pessimism              0.000     5.520    
    SLICE_X13Y165        FDRE (Setup_CFF2_SLICEM_C_D)
                                                      0.045     5.565    kv260_ispMipiRx_vcu_DP_i/raspi_pipeline/raspi_pipeline/mipi_csi2_rx_subsyst_0/inst/rx/inst/gen_pkt_fifo/pkt_fifo/gnuram_async_fifo.xpm_fifo_base_inst/gen_cdc_pntr.wr_pntr_cdc_inst/dest_graysync_ff_reg[0][3]
  -------------------------------------------------------------------
                         data arrival                           5.173    
                         clock arrival                          5.565    
  -------------------------------------------------------------------
                         relative delay                        -0.392    

Reference path:
    Location             Delay type                Incr(ns)  Path(ns)    Netlist Resource(s)
  -------------------------------------------------------------------    -------------------
                         (clock mipi_phy_if_clk_p_FIFO_WRCLK_OUT rise edge)
                                                      0.000     0.000 r  
    D7                                                0.000     0.000 f  mipi_phy_if_clk_p (IN)
                         net (fo=0)                   0.079     0.079    kv260_ispMipiRx_vcu_DP_i/raspi_pipeline/raspi_pipeline/mipi_csi2_rx_subsyst_0/inst/phy/inst/inst/bd_3be0_phy_0_rx_support_i/slave_rx.bd_3be0_phy_0_rx_hssio_i/inst/top_inst/iobuf_top_inst/io_gen[26].ibufds_dphy/I
    HPIOBDIFFINBUF_X0Y84 DPHY_DIFFINBUF (Prop_DPHY_DIFFINBUF_HPIOBDIFFINBUF_I_HSRX_O)
                                                      0.305     0.384 f  kv260_ispMipiRx_vcu_DP_i/raspi_pipeline/raspi_pipeline/mipi_csi2_rx_subsyst_0/inst/phy/inst/inst/bd_3be0_phy_0_rx_support_i/slave_rx.bd_3be0_phy_0_rx_hssio_i/inst/top_inst/iobuf_top_inst/io_gen[26].ibufds_dphy/DIFFINBUF_INST/HSRX_O
                         net (fo=1, routed)           0.040     0.424    kv260_ispMipiRx_vcu_DP_i/raspi_pipeline/raspi_pipeline/mipi_csi2_rx_subsyst_0/inst/phy/inst/inst/bd_3be0_phy_0_rx_support_i/slave_rx.bd_3be0_phy_0_rx_hssio_i/inst/top_inst/iobuf_top_inst/io_gen[26].ibufds_dphy/OUT
    D7                   IBUFCTRL (Prop_IBUFCTRL_HPIOB_M_I_O)
                                                      0.000     0.424 f  kv260_ispMipiRx_vcu_DP_i/raspi_pipeline/raspi_pipeline/mipi_csi2_rx_subsyst_0/inst/phy/inst/inst/bd_3be0_phy_0_rx_support_i/slave_rx.bd_3be0_phy_0_rx_hssio_i/inst/top_inst/iobuf_top_inst/io_gen[26].ibufds_dphy/IBUFCTRL_INST/O
                         net (fo=1, routed)           0.002     0.426    kv260_ispMipiRx_vcu_DP_i/raspi_pipeline/raspi_pipeline/mipi_csi2_rx_subsyst_0/inst/phy/inst/inst/bd_3be0_phy_0_rx_support_i/slave_rx.bd_3be0_phy_0_rx_hssio_i/inst/top_inst/bs_top_inst/u_rx_bs/data_to_bs_out[0]
    BITSLICE_RX_TX_X0Y182
                         RX_BITSLICE (Prop_RX_BITSLICE_BITSLICE_RXTX_RX_DATAIN_RX_BIT_CTRL_OUT[9])
                                                      0.025     0.451 r  kv260_ispMipiRx_vcu_DP_i/raspi_pipeline/raspi_pipeline/mipi_csi2_rx_subsyst_0/inst/phy/inst/inst/bd_3be0_phy_0_rx_support_i/slave_rx.bd_3be0_phy_0_rx_hssio_i/inst/top_inst/bs_top_inst/u_rx_bs/RX_BS[26].rx_bitslice_if_bs/RX_BIT_CTRL_OUT[9]
                         net (fo=1, routed)           0.003     0.454    kv260_ispMipiRx_vcu_DP_i/raspi_pipeline/raspi_pipeline/mipi_csi2_rx_subsyst_0/inst/phy/inst/inst/bd_3be0_phy_0_rx_support_i/slave_rx.bd_3be0_phy_0_rx_hssio_i/inst/top_inst/bs_ctrl_top_inst/rx_bs26_rx_bit_ctrl_out[9]
    BITSLICE_CONTROL_X0Y28
                         BITSLICE_CONTROL (Prop_CONTROL_BITSLICE_CONTROL_RX_BIT_CTRL_IN0[9]_RX_BIT_CTRL_OUT0[20])
                                                      0.254     0.708 r  kv260_ispMipiRx_vcu_DP_i/raspi_pipeline/raspi_pipeline/mipi_csi2_rx_subsyst_0/inst/phy/inst/inst/bd_3be0_phy_0_rx_support_i/slave_rx.bd_3be0_phy_0_rx_hssio_i/inst/top_inst/bs_ctrl_top_inst/BITSLICE_CTRL[4].bs_ctrl_inst/RX_BIT_CTRL_OUT0[20]
                         net (fo=1, routed)           0.006     0.714    kv260_ispMipiRx_vcu_DP_i/raspi_pipeline/raspi_pipeline/mipi_csi2_rx_subsyst_0/inst/phy/inst/inst/bd_3be0_phy_0_rx_support_i/slave_rx.bd_3be0_phy_0_rx_hssio_i/inst/top_inst/bs_top_inst/u_rx_bs/rx_bs26_rx_bit_ctrl_in[20]
    BITSLICE_RX_TX_X0Y182
                         RX_BITSLICE (Prop_RX_BITSLICE_BITSLICE_RXTX_RX_RX_BIT_CTRL_IN[20]_FIFO_WRCLK_OUT)
                                                      0.382     1.096 r  kv260_ispMipiRx_vcu_DP_i/raspi_pipeline/raspi_pipeline/mipi_csi2_rx_subsyst_0/inst/phy/inst/inst/bd_3be0_phy_0_rx_support_i/slave_rx.bd_3be0_phy_0_rx_hssio_i/inst/top_inst/bs_top_inst/u_rx_bs/RX_BS[26].rx_bitslice_if_bs/FIFO_WRCLK_OUT
                         net (fo=1, routed)           0.655     1.751    kv260_ispMipiRx_vcu_DP_i/raspi_pipeline/raspi_pipeline/mipi_csi2_rx_subsyst_0/inst/phy/inst/inst/bd_3be0_phy_0_rx_support_i/div4_clk_t
    BUFGCE_X0Y95         BUFGCE (Prop_BUFCE_BUFGCE_I_O)
                                                      0.039     1.790 r  kv260_ispMipiRx_vcu_DP_i/raspi_pipeline/raspi_pipeline/mipi_csi2_rx_subsyst_0/inst/phy/inst/inst/bd_3be0_phy_0_rx_support_i/slave_rx.rxbyteclkhs_buf/O
    X1Y3 (CLOCK_ROOT)    net (fo=523, routed)         1.538     3.328    kv260_ispMipiRx_vcu_DP_i/raspi_pipeline/raspi_pipeline/mipi_csi2_rx_subsyst_0/inst/rx/inst/gen_pkt_fifo/pkt_fifo/gnuram_async_fifo.xpm_fifo_base_inst/gen_cdc_pntr.wr_pntr_cdc_inst/src_clk
    SLICE_X16Y166        FDRE                                         r  kv260_ispMipiRx_vcu_DP_i/raspi_pipeline/raspi_pipeline/mipi_csi2_rx_subsyst_0/inst/rx/inst/gen_pkt_fifo/pkt_fifo/gnuram_async_fifo.xpm_fifo_base_inst/gen_cdc_pntr.wr_pntr_cdc_inst/src_gray_ff_reg[4]/C
  -------------------------------------------------------------------    -------------------
    SLICE_X16Y166        FDRE (Prop_AFF_SLICEL_C_Q)
                                                      0.112     3.440 r  kv260_ispMipiRx_vcu_DP_i/raspi_pipeline/raspi_pipeline/mipi_csi2_rx_subsyst_0/inst/rx/inst/gen_pkt_fifo/pkt_fifo/gnuram_async_fifo.xpm_fifo_base_inst/gen_cdc_pntr.wr_pntr_cdc_inst/src_gray_ff_reg[4]/Q
                         net (fo=1, routed)           0.136     3.576    kv260_ispMipiRx_vcu_DP_i/raspi_pipeline/raspi_pipeline/mipi_csi2_rx_subsyst_0/inst/rx/inst/gen_pkt_fifo/pkt_fifo/gnuram_async_fifo.xpm_fifo_base_inst/gen_cdc_pntr.wr_pntr_cdc_inst/async_path[4]
    SLICE_X14Y166        FDRE                                         r  kv260_ispMipiRx_vcu_DP_i/raspi_pipeline/raspi_pipeline/mipi_csi2_rx_subsyst_0/inst/rx/inst/gen_pkt_fifo/pkt_fifo/gnuram_async_fifo.xpm_fifo_base_inst/gen_cdc_pntr.wr_pntr_cdc_inst/dest_graysync_ff_reg[0][4]/D
  -------------------------------------------------------------------    -------------------

                         (clock clkv_200M_kv260_ispMipiRx_vcu_DP_clk_wiz_0_0 rise edge)
                                                      0.000     0.000 r  
    PS8_X0Y0             PS8                          0.000     0.000 r  kv260_ispMipiRx_vcu_DP_i/PS_0/inst/PS8_i/PLCLK[0]
                         net (fo=1, routed)           0.229     0.229    kv260_ispMipiRx_vcu_DP_i/PS_0/inst/pl_clk_unbuffered[0]
    BUFG_PS_X0Y80        BUFG_PS (Prop_BUFG_PS_I_O)
                                                      0.038     0.267 r  kv260_ispMipiRx_vcu_DP_i/PS_0/inst/buffer_pl_clk_0.PL_CLK_0_BUFG/O
                         net (fo=1, routed)           2.137     2.404    kv260_ispMipiRx_vcu_DP_i/clk_wiz_0/inst/clk_in1
    MMCM_X0Y2            MMCME4_ADV (Prop_MMCM_CLKIN1_CLKOUT2)
                                                     -0.103     2.301 r  kv260_ispMipiRx_vcu_DP_i/clk_wiz_0/inst/mmcme4_adv_inst/CLKOUT2
                         net (fo=1, routed)           0.353     2.654    kv260_ispMipiRx_vcu_DP_i/clk_wiz_0/inst/clkv_200M_kv260_ispMipiRx_vcu_DP_clk_wiz_0_0
    BUFGCE_X0Y53         BUFGCE (Prop_BUFCE_BUFGCE_I_O)
                                                      0.044     2.698 r  kv260_ispMipiRx_vcu_DP_i/clk_wiz_0/inst/clkout3_buf/O
    X1Y1 (CLOCK_ROOT)    net (fo=30025, routed)       2.510     5.208    kv260_ispMipiRx_vcu_DP_i/raspi_pipeline/raspi_pipeline/mipi_csi2_rx_subsyst_0/inst/rx/inst/gen_pkt_fifo/pkt_fifo/gnuram_async_fifo.xpm_fifo_base_inst/gen_cdc_pntr.wr_pntr_cdc_inst/dest_clk
    SLICE_X14Y166        FDRE                                         r  kv260_ispMipiRx_vcu_DP_i/raspi_pipeline/raspi_pipeline/mipi_csi2_rx_subsyst_0/inst/rx/inst/gen_pkt_fifo/pkt_fifo/gnuram_async_fifo.xpm_fifo_base_inst/gen_cdc_pntr.wr_pntr_cdc_inst/dest_graysync_ff_reg[0][4]/C
                         clock pessimism              0.000     5.208    
    SLICE_X14Y166        FDRE (Hold_GFF2_SLICEL_C_D)
                                                      0.103     5.311    kv260_ispMipiRx_vcu_DP_i/raspi_pipeline/raspi_pipeline/mipi_csi2_rx_subsyst_0/inst/rx/inst/gen_pkt_fifo/pkt_fifo/gnuram_async_fifo.xpm_fifo_base_inst/gen_cdc_pntr.wr_pntr_cdc_inst/dest_graysync_ff_reg[0][4]
  -------------------------------------------------------------------
                         data arrival                           3.576    
                         clock arrival                          5.311    
  -------------------------------------------------------------------
                         relative delay                        -1.735    



Id: 5
set_bus_skew -from [get_cells [list {kv260_ispMipiRx_vcu_DP_i/raspi_pipeline/raspi_pipeline/mipi_csi2_rx_subsyst_0/inst/rx/inst/AXI_LITE.isr_cdc/ecc_cdc/src_hsdata_ff_reg[0]} {kv260_ispMipiRx_vcu_DP_i/raspi_pipeline/raspi_pipeline/mipi_csi2_rx_subsyst_0/inst/rx/inst/AXI_LITE.isr_cdc/ecc_cdc/src_hsdata_ff_reg[1]}]] -to [get_cells [list {kv260_ispMipiRx_vcu_DP_i/raspi_pipeline/raspi_pipeline/mipi_csi2_rx_subsyst_0/inst/rx/inst/AXI_LITE.isr_cdc/ecc_cdc/dest_hsdata_ff_reg[0]} {kv260_ispMipiRx_vcu_DP_i/raspi_pipeline/raspi_pipeline/mipi_csi2_rx_subsyst_0/inst/rx/inst/AXI_LITE.isr_cdc/ecc_cdc/dest_hsdata_ff_reg[1]}]] 30.000
Requirement: 30.000ns
Endpoints: 2

From Clock            To Clock              Endpoint Pin                    Reference Pin                   Corner  Actual(ns)  Slack(ns)
--------------------  --------------------  ------------------------------  ------------------------------  ------  ----------  ---------
clkv_200M_kv260_ispMipiRx_vcu_DP_clk_wiz_0_0
                      clk_100M_kv260_ispMipiRx_vcu_DP_clk_wiz_0_0
                                            kv260_ispMipiRx_vcu_DP_i/raspi_pipeline/raspi_pipeline/mipi_csi2_rx_subsyst_0/inst/rx/inst/AXI_LITE.isr_cdc/ecc_cdc/dest_hsdata_ff_reg[1]/D
                                                                            kv260_ispMipiRx_vcu_DP_i/raspi_pipeline/raspi_pipeline/mipi_csi2_rx_subsyst_0/inst/rx/inst/AXI_LITE.isr_cdc/ecc_cdc/dest_hsdata_ff_reg[0]/D
                                                                                                            Slow         0.296     29.704


Slack (MET) :             29.704ns  (requirement - actual skew)
  Endpoint Source:        kv260_ispMipiRx_vcu_DP_i/raspi_pipeline/raspi_pipeline/mipi_csi2_rx_subsyst_0/inst/rx/inst/AXI_LITE.isr_cdc/ecc_cdc/src_hsdata_ff_reg[1]/C
                            (rising edge-triggered cell FDRE clocked by clkv_200M_kv260_ispMipiRx_vcu_DP_clk_wiz_0_0)
  Endpoint Destination:   kv260_ispMipiRx_vcu_DP_i/raspi_pipeline/raspi_pipeline/mipi_csi2_rx_subsyst_0/inst/rx/inst/AXI_LITE.isr_cdc/ecc_cdc/dest_hsdata_ff_reg[1]/D
                            (rising edge-triggered cell FDRE clocked by clk_100M_kv260_ispMipiRx_vcu_DP_clk_wiz_0_0)
  Reference Source:       kv260_ispMipiRx_vcu_DP_i/raspi_pipeline/raspi_pipeline/mipi_csi2_rx_subsyst_0/inst/rx/inst/AXI_LITE.isr_cdc/ecc_cdc/src_hsdata_ff_reg[0]/C
                            (rising edge-triggered cell FDRE clocked by clkv_200M_kv260_ispMipiRx_vcu_DP_clk_wiz_0_0)
  Reference Destination:  kv260_ispMipiRx_vcu_DP_i/raspi_pipeline/raspi_pipeline/mipi_csi2_rx_subsyst_0/inst/rx/inst/AXI_LITE.isr_cdc/ecc_cdc/dest_hsdata_ff_reg[0]/D
                            (rising edge-triggered cell FDRE clocked by clk_100M_kv260_ispMipiRx_vcu_DP_clk_wiz_0_0)
  Path Type:              Bus Skew (Max at Slow Process Corner)
  Requirement:            30.000ns
  Endpoint Relative Delay:    0.583ns
  Reference Relative Delay:  -0.263ns
  Relative CRPR:              0.550ns
  Actual Bus Skew:            0.296ns  (Endpoint Relative Delay - Reference Relative Delay - Relative CRPR)

Endpoint path:
    Location             Delay type                Incr(ns)  Path(ns)    Netlist Resource(s)
  -------------------------------------------------------------------    -------------------
                         (clock clkv_200M_kv260_ispMipiRx_vcu_DP_clk_wiz_0_0 rise edge)
                                                      0.000     0.000 r  
    PS8_X0Y0             PS8                          0.000     0.000 r  kv260_ispMipiRx_vcu_DP_i/PS_0/inst/PS8_i/PLCLK[0]
                         net (fo=1, routed)           0.229     0.229    kv260_ispMipiRx_vcu_DP_i/PS_0/inst/pl_clk_unbuffered[0]
    BUFG_PS_X0Y80        BUFG_PS (Prop_BUFG_PS_I_O)
                                                      0.038     0.267 r  kv260_ispMipiRx_vcu_DP_i/PS_0/inst/buffer_pl_clk_0.PL_CLK_0_BUFG/O
                         net (fo=1, routed)           2.137     2.404    kv260_ispMipiRx_vcu_DP_i/clk_wiz_0/inst/clk_in1
    MMCM_X0Y2            MMCME4_ADV (Prop_MMCM_CLKIN1_CLKOUT2)
                                                     -0.103     2.301 r  kv260_ispMipiRx_vcu_DP_i/clk_wiz_0/inst/mmcme4_adv_inst/CLKOUT2
                         net (fo=1, routed)           0.353     2.654    kv260_ispMipiRx_vcu_DP_i/clk_wiz_0/inst/clkv_200M_kv260_ispMipiRx_vcu_DP_clk_wiz_0_0
    BUFGCE_X0Y53         BUFGCE (Prop_BUFCE_BUFGCE_I_O)
                                                      0.044     2.698 r  kv260_ispMipiRx_vcu_DP_i/clk_wiz_0/inst/clkout3_buf/O
    X1Y1 (CLOCK_ROOT)    net (fo=30025, routed)       2.495     5.193    kv260_ispMipiRx_vcu_DP_i/raspi_pipeline/raspi_pipeline/mipi_csi2_rx_subsyst_0/inst/rx/inst/AXI_LITE.isr_cdc/ecc_cdc/src_clk
    SLICE_X11Y162        FDRE                                         r  kv260_ispMipiRx_vcu_DP_i/raspi_pipeline/raspi_pipeline/mipi_csi2_rx_subsyst_0/inst/rx/inst/AXI_LITE.isr_cdc/ecc_cdc/src_hsdata_ff_reg[1]/C
  -------------------------------------------------------------------    -------------------
    SLICE_X11Y162        FDRE (Prop_CFF2_SLICEL_C_Q)
                                                      0.115     5.308 r  kv260_ispMipiRx_vcu_DP_i/raspi_pipeline/raspi_pipeline/mipi_csi2_rx_subsyst_0/inst/rx/inst/AXI_LITE.isr_cdc/ecc_cdc/src_hsdata_ff_reg[1]/Q
                         net (fo=1, routed)           0.401     5.709    kv260_ispMipiRx_vcu_DP_i/raspi_pipeline/raspi_pipeline/mipi_csi2_rx_subsyst_0/inst/rx/inst/AXI_LITE.isr_cdc/ecc_cdc/src_hsdata_ff[1]
    SLICE_X11Y162        FDRE                                         r  kv260_ispMipiRx_vcu_DP_i/raspi_pipeline/raspi_pipeline/mipi_csi2_rx_subsyst_0/inst/rx/inst/AXI_LITE.isr_cdc/ecc_cdc/dest_hsdata_ff_reg[1]/D
  -------------------------------------------------------------------    -------------------

                         (clock clk_100M_kv260_ispMipiRx_vcu_DP_clk_wiz_0_0 rise edge)
                                                      0.000     0.000 r  
    PS8_X0Y0             PS8                          0.000     0.000 r  kv260_ispMipiRx_vcu_DP_i/PS_0/inst/PS8_i/PLCLK[0]
                         net (fo=1, routed)           0.181     0.181    kv260_ispMipiRx_vcu_DP_i/PS_0/inst/pl_clk_unbuffered[0]
    BUFG_PS_X0Y80        BUFG_PS (Prop_BUFG_PS_I_O)
                                                      0.035     0.216 r  kv260_ispMipiRx_vcu_DP_i/PS_0/inst/buffer_pl_clk_0.PL_CLK_0_BUFG/O
                         net (fo=1, routed)           1.942     2.158    kv260_ispMipiRx_vcu_DP_i/clk_wiz_0/inst/clk_in1
    MMCM_X0Y2            MMCME4_ADV (Prop_MMCM_CLKIN1_CLKOUT1)
                                                      0.739     2.897 r  kv260_ispMipiRx_vcu_DP_i/clk_wiz_0/inst/mmcme4_adv_inst/CLKOUT1
                         net (fo=1, routed)           0.312     3.209    kv260_ispMipiRx_vcu_DP_i/clk_wiz_0/inst/clk_100M_kv260_ispMipiRx_vcu_DP_clk_wiz_0_0
    BUFGCE_X0Y58         BUFGCE (Prop_BUFCE_BUFGCE_I_O)
                                                      0.039     3.248 r  kv260_ispMipiRx_vcu_DP_i/clk_wiz_0/inst/clkout2_buf/O
    X0Y1 (CLOCK_ROOT)    net (fo=3663, routed)        2.428     5.676    kv260_ispMipiRx_vcu_DP_i/raspi_pipeline/raspi_pipeline/mipi_csi2_rx_subsyst_0/inst/rx/inst/AXI_LITE.isr_cdc/ecc_cdc/dest_clk
    SLICE_X11Y162        FDRE                                         r  kv260_ispMipiRx_vcu_DP_i/raspi_pipeline/raspi_pipeline/mipi_csi2_rx_subsyst_0/inst/rx/inst/AXI_LITE.isr_cdc/ecc_cdc/dest_hsdata_ff_reg[1]/C
                         clock pessimism             -0.596     5.080    
    SLICE_X11Y162        FDRE (Setup_EFF2_SLICEL_C_D)
                                                      0.046     5.126    kv260_ispMipiRx_vcu_DP_i/raspi_pipeline/raspi_pipeline/mipi_csi2_rx_subsyst_0/inst/rx/inst/AXI_LITE.isr_cdc/ecc_cdc/dest_hsdata_ff_reg[1]
  -------------------------------------------------------------------
                         data arrival                           5.709    
                         clock arrival                          5.126    
  -------------------------------------------------------------------
                         relative delay                         0.583    

Reference path:
    Location             Delay type                Incr(ns)  Path(ns)    Netlist Resource(s)
  -------------------------------------------------------------------    -------------------
                         (clock clkv_200M_kv260_ispMipiRx_vcu_DP_clk_wiz_0_0 rise edge)
                                                      0.000     0.000 r  
    PS8_X0Y0             PS8                          0.000     0.000 r  kv260_ispMipiRx_vcu_DP_i/PS_0/inst/PS8_i/PLCLK[0]
                         net (fo=1, routed)           0.181     0.181    kv260_ispMipiRx_vcu_DP_i/PS_0/inst/pl_clk_unbuffered[0]
    BUFG_PS_X0Y80        BUFG_PS (Prop_BUFG_PS_I_O)
                                                      0.035     0.216 r  kv260_ispMipiRx_vcu_DP_i/PS_0/inst/buffer_pl_clk_0.PL_CLK_0_BUFG/O
                         net (fo=1, routed)           1.942     2.158    kv260_ispMipiRx_vcu_DP_i/clk_wiz_0/inst/clk_in1
    MMCM_X0Y2            MMCME4_ADV (Prop_MMCM_CLKIN1_CLKOUT2)
                                                      0.739     2.897 r  kv260_ispMipiRx_vcu_DP_i/clk_wiz_0/inst/mmcme4_adv_inst/CLKOUT2
                         net (fo=1, routed)           0.311     3.208    kv260_ispMipiRx_vcu_DP_i/clk_wiz_0/inst/clkv_200M_kv260_ispMipiRx_vcu_DP_clk_wiz_0_0
    BUFGCE_X0Y53         BUFGCE (Prop_BUFCE_BUFGCE_I_O)
                                                      0.039     3.247 r  kv260_ispMipiRx_vcu_DP_i/clk_wiz_0/inst/clkout3_buf/O
    X1Y1 (CLOCK_ROOT)    net (fo=30025, routed)       2.264     5.511    kv260_ispMipiRx_vcu_DP_i/raspi_pipeline/raspi_pipeline/mipi_csi2_rx_subsyst_0/inst/rx/inst/AXI_LITE.isr_cdc/ecc_cdc/src_clk
    SLICE_X11Y162        FDRE                                         r  kv260_ispMipiRx_vcu_DP_i/raspi_pipeline/raspi_pipeline/mipi_csi2_rx_subsyst_0/inst/rx/inst/AXI_LITE.isr_cdc/ecc_cdc/src_hsdata_ff_reg[0]/C
  -------------------------------------------------------------------    -------------------
    SLICE_X11Y162        FDRE (Prop_DFF2_SLICEL_C_Q)
                                                      0.115     5.626 r  kv260_ispMipiRx_vcu_DP_i/raspi_pipeline/raspi_pipeline/mipi_csi2_rx_subsyst_0/inst/rx/inst/AXI_LITE.isr_cdc/ecc_cdc/src_hsdata_ff_reg[0]/Q
                         net (fo=1, routed)           0.185     5.811    kv260_ispMipiRx_vcu_DP_i/raspi_pipeline/raspi_pipeline/mipi_csi2_rx_subsyst_0/inst/rx/inst/AXI_LITE.isr_cdc/ecc_cdc/src_hsdata_ff[0]
    SLICE_X11Y162        FDRE                                         r  kv260_ispMipiRx_vcu_DP_i/raspi_pipeline/raspi_pipeline/mipi_csi2_rx_subsyst_0/inst/rx/inst/AXI_LITE.isr_cdc/ecc_cdc/dest_hsdata_ff_reg[0]/D
  -------------------------------------------------------------------    -------------------

                         (clock clk_100M_kv260_ispMipiRx_vcu_DP_clk_wiz_0_0 rise edge)
                                                      0.000     0.000 r  
    PS8_X0Y0             PS8                          0.000     0.000 r  kv260_ispMipiRx_vcu_DP_i/PS_0/inst/PS8_i/PLCLK[0]
                         net (fo=1, routed)           0.229     0.229    kv260_ispMipiRx_vcu_DP_i/PS_0/inst/pl_clk_unbuffered[0]
    BUFG_PS_X0Y80        BUFG_PS (Prop_BUFG_PS_I_O)
                                                      0.038     0.267 r  kv260_ispMipiRx_vcu_DP_i/PS_0/inst/buffer_pl_clk_0.PL_CLK_0_BUFG/O
                         net (fo=1, routed)           2.137     2.404    kv260_ispMipiRx_vcu_DP_i/clk_wiz_0/inst/clk_in1
    MMCM_X0Y2            MMCME4_ADV (Prop_MMCM_CLKIN1_CLKOUT1)
                                                     -0.103     2.301 r  kv260_ispMipiRx_vcu_DP_i/clk_wiz_0/inst/mmcme4_adv_inst/CLKOUT1
                         net (fo=1, routed)           0.355     2.656    kv260_ispMipiRx_vcu_DP_i/clk_wiz_0/inst/clk_100M_kv260_ispMipiRx_vcu_DP_clk_wiz_0_0
    BUFGCE_X0Y58         BUFGCE (Prop_BUFCE_BUFGCE_I_O)
                                                      0.044     2.700 r  kv260_ispMipiRx_vcu_DP_i/clk_wiz_0/inst/clkout2_buf/O
    X0Y1 (CLOCK_ROOT)    net (fo=3663, routed)        2.677     5.377    kv260_ispMipiRx_vcu_DP_i/raspi_pipeline/raspi_pipeline/mipi_csi2_rx_subsyst_0/inst/rx/inst/AXI_LITE.isr_cdc/ecc_cdc/dest_clk
    SLICE_X11Y162        FDRE                                         r  kv260_ispMipiRx_vcu_DP_i/raspi_pipeline/raspi_pipeline/mipi_csi2_rx_subsyst_0/inst/rx/inst/AXI_LITE.isr_cdc/ecc_cdc/dest_hsdata_ff_reg[0]/C
                         clock pessimism              0.596     5.973    
    SLICE_X11Y162        FDRE (Hold_EFF_SLICEL_C_D)
                                                      0.101     6.074    kv260_ispMipiRx_vcu_DP_i/raspi_pipeline/raspi_pipeline/mipi_csi2_rx_subsyst_0/inst/rx/inst/AXI_LITE.isr_cdc/ecc_cdc/dest_hsdata_ff_reg[0]
  -------------------------------------------------------------------
                         data arrival                           5.811    
                         clock arrival                          6.074    
  -------------------------------------------------------------------
                         relative delay                        -0.263    



Id: 6
set_bus_skew -from [get_cells [list {kv260_ispMipiRx_vcu_DP_i/raspi_pipeline/raspi_pipeline/mipi_csi2_rx_subsyst_0/inst/rx/inst/AXI_LITE.reg_inf/img_info_cdc/src_hsdata_ff_reg[0]} \
          {kv260_ispMipiRx_vcu_DP_i/raspi_pipeline/raspi_pipeline/mipi_csi2_rx_subsyst_0/inst/rx/inst/AXI_LITE.reg_inf/img_info_cdc/src_hsdata_ff_reg[10]} \
          {kv260_ispMipiRx_vcu_DP_i/raspi_pipeline/raspi_pipeline/mipi_csi2_rx_subsyst_0/inst/rx/inst/AXI_LITE.reg_inf/img_info_cdc/src_hsdata_ff_reg[11]} \
          {kv260_ispMipiRx_vcu_DP_i/raspi_pipeline/raspi_pipeline/mipi_csi2_rx_subsyst_0/inst/rx/inst/AXI_LITE.reg_inf/img_info_cdc/src_hsdata_ff_reg[12]} \
          {kv260_ispMipiRx_vcu_DP_i/raspi_pipeline/raspi_pipeline/mipi_csi2_rx_subsyst_0/inst/rx/inst/AXI_LITE.reg_inf/img_info_cdc/src_hsdata_ff_reg[13]} \
          {kv260_ispMipiRx_vcu_DP_i/raspi_pipeline/raspi_pipeline/mipi_csi2_rx_subsyst_0/inst/rx/inst/AXI_LITE.reg_inf/img_info_cdc/src_hsdata_ff_reg[14]} \
          {kv260_ispMipiRx_vcu_DP_i/raspi_pipeline/raspi_pipeline/mipi_csi2_rx_subsyst_0/inst/rx/inst/AXI_LITE.reg_inf/img_info_cdc/src_hsdata_ff_reg[15]} \
          {kv260_ispMipiRx_vcu_DP_i/raspi_pipeline/raspi_pipeline/mipi_csi2_rx_subsyst_0/inst/rx/inst/AXI_LITE.reg_inf/img_info_cdc/src_hsdata_ff_reg[16]} \
          {kv260_ispMipiRx_vcu_DP_i/raspi_pipeline/raspi_pipeline/mipi_csi2_rx_subsyst_0/inst/rx/inst/AXI_LITE.reg_inf/img_info_cdc/src_hsdata_ff_reg[17]} \
          {kv260_ispMipiRx_vcu_DP_i/raspi_pipeline/raspi_pipeline/mipi_csi2_rx_subsyst_0/inst/rx/inst/AXI_LITE.reg_inf/img_info_cdc/src_hsdata_ff_reg[18]} \
          {kv260_ispMipiRx_vcu_DP_i/raspi_pipeline/raspi_pipeline/mipi_csi2_rx_subsyst_0/inst/rx/inst/AXI_LITE.reg_inf/img_info_cdc/src_hsdata_ff_reg[19]} \
          {kv260_ispMipiRx_vcu_DP_i/raspi_pipeline/raspi_pipeline/mipi_csi2_rx_subsyst_0/inst/rx/inst/AXI_LITE.reg_inf/img_info_cdc/src_hsdata_ff_reg[1]} \
          {kv260_ispMipiRx_vcu_DP_i/raspi_pipeline/raspi_pipeline/mipi_csi2_rx_subsyst_0/inst/rx/inst/AXI_LITE.reg_inf/img_info_cdc/src_hsdata_ff_reg[20]} \
          {kv260_ispMipiRx_vcu_DP_i/raspi_pipeline/raspi_pipeline/mipi_csi2_rx_subsyst_0/inst/rx/inst/AXI_LITE.reg_inf/img_info_cdc/src_hsdata_ff_reg[21]} \
          {kv260_ispMipiRx_vcu_DP_i/raspi_pipeline/raspi_pipeline/mipi_csi2_rx_subsyst_0/inst/rx/inst/AXI_LITE.reg_inf/img_info_cdc/src_hsdata_ff_reg[22]} \
          {kv260_ispMipiRx_vcu_DP_i/raspi_pipeline/raspi_pipeline/mipi_csi2_rx_subsyst_0/inst/rx/inst/AXI_LITE.reg_inf/img_info_cdc/src_hsdata_ff_reg[23]} \
          {kv260_ispMipiRx_vcu_DP_i/raspi_pipeline/raspi_pipeline/mipi_csi2_rx_subsyst_0/inst/rx/inst/AXI_LITE.reg_inf/img_info_cdc/src_hsdata_ff_reg[24]} \
          {kv260_ispMipiRx_vcu_DP_i/raspi_pipeline/raspi_pipeline/mipi_csi2_rx_subsyst_0/inst/rx/inst/AXI_LITE.reg_inf/img_info_cdc/src_hsdata_ff_reg[25]} \
          {kv260_ispMipiRx_vcu_DP_i/raspi_pipeline/raspi_pipeline/mipi_csi2_rx_subsyst_0/inst/rx/inst/AXI_LITE.reg_inf/img_info_cdc/src_hsdata_ff_reg[2]} \
          {kv260_ispMipiRx_vcu_DP_i/raspi_pipeline/raspi_pipeline/mipi_csi2_rx_subsyst_0/inst/rx/inst/AXI_LITE.reg_inf/img_info_cdc/src_hsdata_ff_reg[3]} \
          {kv260_ispMipiRx_vcu_DP_i/raspi_pipeline/raspi_pipeline/mipi_csi2_rx_subsyst_0/inst/rx/inst/AXI_LITE.reg_inf/img_info_cdc/src_hsdata_ff_reg[4]} \
          {kv260_ispMipiRx_vcu_DP_i/raspi_pipeline/raspi_pipeline/mipi_csi2_rx_subsyst_0/inst/rx/inst/AXI_LITE.reg_inf/img_info_cdc/src_hsdata_ff_reg[5]} \
          {kv260_ispMipiRx_vcu_DP_i/raspi_pipeline/raspi_pipeline/mipi_csi2_rx_subsyst_0/inst/rx/inst/AXI_LITE.reg_inf/img_info_cdc/src_hsdata_ff_reg[6]} \
          {kv260_ispMipiRx_vcu_DP_i/raspi_pipeline/raspi_pipeline/mipi_csi2_rx_subsyst_0/inst/rx/inst/AXI_LITE.reg_inf/img_info_cdc/src_hsdata_ff_reg[7]} \
          {kv260_ispMipiRx_vcu_DP_i/raspi_pipeline/raspi_pipeline/mipi_csi2_rx_subsyst_0/inst/rx/inst/AXI_LITE.reg_inf/img_info_cdc/src_hsdata_ff_reg[8]} \
          {kv260_ispMipiRx_vcu_DP_i/raspi_pipeline/raspi_pipeline/mipi_csi2_rx_subsyst_0/inst/rx/inst/AXI_LITE.reg_inf/img_info_cdc/src_hsdata_ff_reg[9]}]] -to [get_cells [list {kv260_ispMipiRx_vcu_DP_i/raspi_pipeline/raspi_pipeline/mipi_csi2_rx_subsyst_0/inst/rx/inst/AXI_LITE.reg_inf/img_info_cdc/dest_hsdata_ff_reg[0]} \
          {kv260_ispMipiRx_vcu_DP_i/raspi_pipeline/raspi_pipeline/mipi_csi2_rx_subsyst_0/inst/rx/inst/AXI_LITE.reg_inf/img_info_cdc/dest_hsdata_ff_reg[10]} \
          {kv260_ispMipiRx_vcu_DP_i/raspi_pipeline/raspi_pipeline/mipi_csi2_rx_subsyst_0/inst/rx/inst/AXI_LITE.reg_inf/img_info_cdc/dest_hsdata_ff_reg[11]} \
          {kv260_ispMipiRx_vcu_DP_i/raspi_pipeline/raspi_pipeline/mipi_csi2_rx_subsyst_0/inst/rx/inst/AXI_LITE.reg_inf/img_info_cdc/dest_hsdata_ff_reg[12]} \
          {kv260_ispMipiRx_vcu_DP_i/raspi_pipeline/raspi_pipeline/mipi_csi2_rx_subsyst_0/inst/rx/inst/AXI_LITE.reg_inf/img_info_cdc/dest_hsdata_ff_reg[13]} \
          {kv260_ispMipiRx_vcu_DP_i/raspi_pipeline/raspi_pipeline/mipi_csi2_rx_subsyst_0/inst/rx/inst/AXI_LITE.reg_inf/img_info_cdc/dest_hsdata_ff_reg[14]} \
          {kv260_ispMipiRx_vcu_DP_i/raspi_pipeline/raspi_pipeline/mipi_csi2_rx_subsyst_0/inst/rx/inst/AXI_LITE.reg_inf/img_info_cdc/dest_hsdata_ff_reg[15]} \
          {kv260_ispMipiRx_vcu_DP_i/raspi_pipeline/raspi_pipeline/mipi_csi2_rx_subsyst_0/inst/rx/inst/AXI_LITE.reg_inf/img_info_cdc/dest_hsdata_ff_reg[16]} \
          {kv260_ispMipiRx_vcu_DP_i/raspi_pipeline/raspi_pipeline/mipi_csi2_rx_subsyst_0/inst/rx/inst/AXI_LITE.reg_inf/img_info_cdc/dest_hsdata_ff_reg[17]} \
          {kv260_ispMipiRx_vcu_DP_i/raspi_pipeline/raspi_pipeline/mipi_csi2_rx_subsyst_0/inst/rx/inst/AXI_LITE.reg_inf/img_info_cdc/dest_hsdata_ff_reg[18]} \
          {kv260_ispMipiRx_vcu_DP_i/raspi_pipeline/raspi_pipeline/mipi_csi2_rx_subsyst_0/inst/rx/inst/AXI_LITE.reg_inf/img_info_cdc/dest_hsdata_ff_reg[19]} \
          {kv260_ispMipiRx_vcu_DP_i/raspi_pipeline/raspi_pipeline/mipi_csi2_rx_subsyst_0/inst/rx/inst/AXI_LITE.reg_inf/img_info_cdc/dest_hsdata_ff_reg[1]} \
          {kv260_ispMipiRx_vcu_DP_i/raspi_pipeline/raspi_pipeline/mipi_csi2_rx_subsyst_0/inst/rx/inst/AXI_LITE.reg_inf/img_info_cdc/dest_hsdata_ff_reg[20]} \
          {kv260_ispMipiRx_vcu_DP_i/raspi_pipeline/raspi_pipeline/mipi_csi2_rx_subsyst_0/inst/rx/inst/AXI_LITE.reg_inf/img_info_cdc/dest_hsdata_ff_reg[21]} \
          {kv260_ispMipiRx_vcu_DP_i/raspi_pipeline/raspi_pipeline/mipi_csi2_rx_subsyst_0/inst/rx/inst/AXI_LITE.reg_inf/img_info_cdc/dest_hsdata_ff_reg[22]} \
          {kv260_ispMipiRx_vcu_DP_i/raspi_pipeline/raspi_pipeline/mipi_csi2_rx_subsyst_0/inst/rx/inst/AXI_LITE.reg_inf/img_info_cdc/dest_hsdata_ff_reg[23]} \
          {kv260_ispMipiRx_vcu_DP_i/raspi_pipeline/raspi_pipeline/mipi_csi2_rx_subsyst_0/inst/rx/inst/AXI_LITE.reg_inf/img_info_cdc/dest_hsdata_ff_reg[24]} \
          {kv260_ispMipiRx_vcu_DP_i/raspi_pipeline/raspi_pipeline/mipi_csi2_rx_subsyst_0/inst/rx/inst/AXI_LITE.reg_inf/img_info_cdc/dest_hsdata_ff_reg[25]} \
          {kv260_ispMipiRx_vcu_DP_i/raspi_pipeline/raspi_pipeline/mipi_csi2_rx_subsyst_0/inst/rx/inst/AXI_LITE.reg_inf/img_info_cdc/dest_hsdata_ff_reg[2]} \
          {kv260_ispMipiRx_vcu_DP_i/raspi_pipeline/raspi_pipeline/mipi_csi2_rx_subsyst_0/inst/rx/inst/AXI_LITE.reg_inf/img_info_cdc/dest_hsdata_ff_reg[3]} \
          {kv260_ispMipiRx_vcu_DP_i/raspi_pipeline/raspi_pipeline/mipi_csi2_rx_subsyst_0/inst/rx/inst/AXI_LITE.reg_inf/img_info_cdc/dest_hsdata_ff_reg[4]} \
          {kv260_ispMipiRx_vcu_DP_i/raspi_pipeline/raspi_pipeline/mipi_csi2_rx_subsyst_0/inst/rx/inst/AXI_LITE.reg_inf/img_info_cdc/dest_hsdata_ff_reg[5]} \
          {kv260_ispMipiRx_vcu_DP_i/raspi_pipeline/raspi_pipeline/mipi_csi2_rx_subsyst_0/inst/rx/inst/AXI_LITE.reg_inf/img_info_cdc/dest_hsdata_ff_reg[6]} \
          {kv260_ispMipiRx_vcu_DP_i/raspi_pipeline/raspi_pipeline/mipi_csi2_rx_subsyst_0/inst/rx/inst/AXI_LITE.reg_inf/img_info_cdc/dest_hsdata_ff_reg[7]} \
          {kv260_ispMipiRx_vcu_DP_i/raspi_pipeline/raspi_pipeline/mipi_csi2_rx_subsyst_0/inst/rx/inst/AXI_LITE.reg_inf/img_info_cdc/dest_hsdata_ff_reg[8]} \
          {kv260_ispMipiRx_vcu_DP_i/raspi_pipeline/raspi_pipeline/mipi_csi2_rx_subsyst_0/inst/rx/inst/AXI_LITE.reg_inf/img_info_cdc/dest_hsdata_ff_reg[9]}]] 30.000
Requirement: 30.000ns
Endpoints: 26

From Clock            To Clock              Endpoint Pin                    Reference Pin                   Corner  Actual(ns)  Slack(ns)
--------------------  --------------------  ------------------------------  ------------------------------  ------  ----------  ---------
clkv_200M_kv260_ispMipiRx_vcu_DP_clk_wiz_0_0
                      clk_100M_kv260_ispMipiRx_vcu_DP_clk_wiz_0_0
                                            kv260_ispMipiRx_vcu_DP_i/raspi_pipeline/raspi_pipeline/mipi_csi2_rx_subsyst_0/inst/rx/inst/AXI_LITE.reg_inf/img_info_cdc/dest_hsdata_ff_reg[24]/D
                                                                            kv260_ispMipiRx_vcu_DP_i/raspi_pipeline/raspi_pipeline/mipi_csi2_rx_subsyst_0/inst/rx/inst/AXI_LITE.reg_inf/img_info_cdc/dest_hsdata_ff_reg[3]/D
                                                                                                            Slow         1.024     28.976


Slack (MET) :             28.976ns  (requirement - actual skew)
  Endpoint Source:        kv260_ispMipiRx_vcu_DP_i/raspi_pipeline/raspi_pipeline/mipi_csi2_rx_subsyst_0/inst/rx/inst/AXI_LITE.reg_inf/img_info_cdc/src_hsdata_ff_reg[24]/C
                            (rising edge-triggered cell FDRE clocked by clkv_200M_kv260_ispMipiRx_vcu_DP_clk_wiz_0_0)
  Endpoint Destination:   kv260_ispMipiRx_vcu_DP_i/raspi_pipeline/raspi_pipeline/mipi_csi2_rx_subsyst_0/inst/rx/inst/AXI_LITE.reg_inf/img_info_cdc/dest_hsdata_ff_reg[24]/D
                            (rising edge-triggered cell FDRE clocked by clk_100M_kv260_ispMipiRx_vcu_DP_clk_wiz_0_0)
  Reference Source:       kv260_ispMipiRx_vcu_DP_i/raspi_pipeline/raspi_pipeline/mipi_csi2_rx_subsyst_0/inst/rx/inst/AXI_LITE.reg_inf/img_info_cdc/src_hsdata_ff_reg[3]/C
                            (rising edge-triggered cell FDRE clocked by clkv_200M_kv260_ispMipiRx_vcu_DP_clk_wiz_0_0)
  Reference Destination:  kv260_ispMipiRx_vcu_DP_i/raspi_pipeline/raspi_pipeline/mipi_csi2_rx_subsyst_0/inst/rx/inst/AXI_LITE.reg_inf/img_info_cdc/dest_hsdata_ff_reg[3]/D
                            (rising edge-triggered cell FDRE clocked by clk_100M_kv260_ispMipiRx_vcu_DP_clk_wiz_0_0)
  Path Type:              Bus Skew (Max at Slow Process Corner)
  Requirement:            30.000ns
  Endpoint Relative Delay:    1.121ns
  Reference Relative Delay:  -0.299ns
  Relative CRPR:              0.396ns
  Actual Bus Skew:            1.024ns  (Endpoint Relative Delay - Reference Relative Delay - Relative CRPR)

Endpoint path:
    Location             Delay type                Incr(ns)  Path(ns)    Netlist Resource(s)
  -------------------------------------------------------------------    -------------------
                         (clock clkv_200M_kv260_ispMipiRx_vcu_DP_clk_wiz_0_0 rise edge)
                                                      0.000     0.000 r  
    PS8_X0Y0             PS8                          0.000     0.000 r  kv260_ispMipiRx_vcu_DP_i/PS_0/inst/PS8_i/PLCLK[0]
                         net (fo=1, routed)           0.229     0.229    kv260_ispMipiRx_vcu_DP_i/PS_0/inst/pl_clk_unbuffered[0]
    BUFG_PS_X0Y80        BUFG_PS (Prop_BUFG_PS_I_O)
                                                      0.038     0.267 r  kv260_ispMipiRx_vcu_DP_i/PS_0/inst/buffer_pl_clk_0.PL_CLK_0_BUFG/O
                         net (fo=1, routed)           2.137     2.404    kv260_ispMipiRx_vcu_DP_i/clk_wiz_0/inst/clk_in1
    MMCM_X0Y2            MMCME4_ADV (Prop_MMCM_CLKIN1_CLKOUT2)
                                                     -0.103     2.301 r  kv260_ispMipiRx_vcu_DP_i/clk_wiz_0/inst/mmcme4_adv_inst/CLKOUT2
                         net (fo=1, routed)           0.353     2.654    kv260_ispMipiRx_vcu_DP_i/clk_wiz_0/inst/clkv_200M_kv260_ispMipiRx_vcu_DP_clk_wiz_0_0
    BUFGCE_X0Y53         BUFGCE (Prop_BUFCE_BUFGCE_I_O)
                                                      0.044     2.698 r  kv260_ispMipiRx_vcu_DP_i/clk_wiz_0/inst/clkout3_buf/O
    X1Y1 (CLOCK_ROOT)    net (fo=30025, routed)       2.517     5.215    kv260_ispMipiRx_vcu_DP_i/raspi_pipeline/raspi_pipeline/mipi_csi2_rx_subsyst_0/inst/rx/inst/AXI_LITE.reg_inf/img_info_cdc/src_clk
    SLICE_X11Y163        FDRE                                         r  kv260_ispMipiRx_vcu_DP_i/raspi_pipeline/raspi_pipeline/mipi_csi2_rx_subsyst_0/inst/rx/inst/AXI_LITE.reg_inf/img_info_cdc/src_hsdata_ff_reg[24]/C
  -------------------------------------------------------------------    -------------------
    SLICE_X11Y163        FDRE (Prop_HFF2_SLICEL_C_Q)
                                                      0.115     5.330 r  kv260_ispMipiRx_vcu_DP_i/raspi_pipeline/raspi_pipeline/mipi_csi2_rx_subsyst_0/inst/rx/inst/AXI_LITE.reg_inf/img_info_cdc/src_hsdata_ff_reg[24]/Q
                         net (fo=1, routed)           0.893     6.223    kv260_ispMipiRx_vcu_DP_i/raspi_pipeline/raspi_pipeline/mipi_csi2_rx_subsyst_0/inst/rx/inst/AXI_LITE.reg_inf/img_info_cdc/src_hsdata_ff[24]
    SLICE_X4Y163         FDRE                                         r  kv260_ispMipiRx_vcu_DP_i/raspi_pipeline/raspi_pipeline/mipi_csi2_rx_subsyst_0/inst/rx/inst/AXI_LITE.reg_inf/img_info_cdc/dest_hsdata_ff_reg[24]/D
  -------------------------------------------------------------------    -------------------

                         (clock clk_100M_kv260_ispMipiRx_vcu_DP_clk_wiz_0_0 rise edge)
                                                      0.000     0.000 r  
    PS8_X0Y0             PS8                          0.000     0.000 r  kv260_ispMipiRx_vcu_DP_i/PS_0/inst/PS8_i/PLCLK[0]
                         net (fo=1, routed)           0.181     0.181    kv260_ispMipiRx_vcu_DP_i/PS_0/inst/pl_clk_unbuffered[0]
    BUFG_PS_X0Y80        BUFG_PS (Prop_BUFG_PS_I_O)
                                                      0.035     0.216 r  kv260_ispMipiRx_vcu_DP_i/PS_0/inst/buffer_pl_clk_0.PL_CLK_0_BUFG/O
                         net (fo=1, routed)           1.942     2.158    kv260_ispMipiRx_vcu_DP_i/clk_wiz_0/inst/clk_in1
    MMCM_X0Y2            MMCME4_ADV (Prop_MMCM_CLKIN1_CLKOUT1)
                                                      0.739     2.897 r  kv260_ispMipiRx_vcu_DP_i/clk_wiz_0/inst/mmcme4_adv_inst/CLKOUT1
                         net (fo=1, routed)           0.312     3.209    kv260_ispMipiRx_vcu_DP_i/clk_wiz_0/inst/clk_100M_kv260_ispMipiRx_vcu_DP_clk_wiz_0_0
    BUFGCE_X0Y58         BUFGCE (Prop_BUFCE_BUFGCE_I_O)
                                                      0.039     3.248 r  kv260_ispMipiRx_vcu_DP_i/clk_wiz_0/inst/clkout2_buf/O
    X0Y1 (CLOCK_ROOT)    net (fo=3663, routed)        2.406     5.654    kv260_ispMipiRx_vcu_DP_i/raspi_pipeline/raspi_pipeline/mipi_csi2_rx_subsyst_0/inst/rx/inst/AXI_LITE.reg_inf/img_info_cdc/dest_clk
    SLICE_X4Y163         FDRE                                         r  kv260_ispMipiRx_vcu_DP_i/raspi_pipeline/raspi_pipeline/mipi_csi2_rx_subsyst_0/inst/rx/inst/AXI_LITE.reg_inf/img_info_cdc/dest_hsdata_ff_reg[24]/C
                         clock pessimism             -0.596     5.058    
    SLICE_X4Y163         FDRE (Setup_AFF_SLICEM_C_D)
                                                      0.044     5.102    kv260_ispMipiRx_vcu_DP_i/raspi_pipeline/raspi_pipeline/mipi_csi2_rx_subsyst_0/inst/rx/inst/AXI_LITE.reg_inf/img_info_cdc/dest_hsdata_ff_reg[24]
  -------------------------------------------------------------------
                         data arrival                           6.223    
                         clock arrival                          5.102    
  -------------------------------------------------------------------
                         relative delay                         1.121    

Reference path:
    Location             Delay type                Incr(ns)  Path(ns)    Netlist Resource(s)
  -------------------------------------------------------------------    -------------------
                         (clock clkv_200M_kv260_ispMipiRx_vcu_DP_clk_wiz_0_0 rise edge)
                                                      0.000     0.000 r  
    PS8_X0Y0             PS8                          0.000     0.000 r  kv260_ispMipiRx_vcu_DP_i/PS_0/inst/PS8_i/PLCLK[0]
                         net (fo=1, routed)           0.181     0.181    kv260_ispMipiRx_vcu_DP_i/PS_0/inst/pl_clk_unbuffered[0]
    BUFG_PS_X0Y80        BUFG_PS (Prop_BUFG_PS_I_O)
                                                      0.035     0.216 r  kv260_ispMipiRx_vcu_DP_i/PS_0/inst/buffer_pl_clk_0.PL_CLK_0_BUFG/O
                         net (fo=1, routed)           1.942     2.158    kv260_ispMipiRx_vcu_DP_i/clk_wiz_0/inst/clk_in1
    MMCM_X0Y2            MMCME4_ADV (Prop_MMCM_CLKIN1_CLKOUT2)
                                                      0.739     2.897 r  kv260_ispMipiRx_vcu_DP_i/clk_wiz_0/inst/mmcme4_adv_inst/CLKOUT2
                         net (fo=1, routed)           0.311     3.208    kv260_ispMipiRx_vcu_DP_i/clk_wiz_0/inst/clkv_200M_kv260_ispMipiRx_vcu_DP_clk_wiz_0_0
    BUFGCE_X0Y53         BUFGCE (Prop_BUFCE_BUFGCE_I_O)
                                                      0.039     3.247 r  kv260_ispMipiRx_vcu_DP_i/clk_wiz_0/inst/clkout3_buf/O
    X1Y1 (CLOCK_ROOT)    net (fo=30025, routed)       2.285     5.532    kv260_ispMipiRx_vcu_DP_i/raspi_pipeline/raspi_pipeline/mipi_csi2_rx_subsyst_0/inst/rx/inst/AXI_LITE.reg_inf/img_info_cdc/src_clk
    SLICE_X7Y162         FDRE                                         r  kv260_ispMipiRx_vcu_DP_i/raspi_pipeline/raspi_pipeline/mipi_csi2_rx_subsyst_0/inst/rx/inst/AXI_LITE.reg_inf/img_info_cdc/src_hsdata_ff_reg[3]/C
  -------------------------------------------------------------------    -------------------
    SLICE_X7Y162         FDRE (Prop_BFF_SLICEM_C_Q)
                                                      0.111     5.643 r  kv260_ispMipiRx_vcu_DP_i/raspi_pipeline/raspi_pipeline/mipi_csi2_rx_subsyst_0/inst/rx/inst/AXI_LITE.reg_inf/img_info_cdc/src_hsdata_ff_reg[3]/Q
                         net (fo=1, routed)           0.123     5.766    kv260_ispMipiRx_vcu_DP_i/raspi_pipeline/raspi_pipeline/mipi_csi2_rx_subsyst_0/inst/rx/inst/AXI_LITE.reg_inf/img_info_cdc/src_hsdata_ff[3]
    SLICE_X8Y162         FDRE                                         r  kv260_ispMipiRx_vcu_DP_i/raspi_pipeline/raspi_pipeline/mipi_csi2_rx_subsyst_0/inst/rx/inst/AXI_LITE.reg_inf/img_info_cdc/dest_hsdata_ff_reg[3]/D
  -------------------------------------------------------------------    -------------------

                         (clock clk_100M_kv260_ispMipiRx_vcu_DP_clk_wiz_0_0 rise edge)
                                                      0.000     0.000 r  
    PS8_X0Y0             PS8                          0.000     0.000 r  kv260_ispMipiRx_vcu_DP_i/PS_0/inst/PS8_i/PLCLK[0]
                         net (fo=1, routed)           0.229     0.229    kv260_ispMipiRx_vcu_DP_i/PS_0/inst/pl_clk_unbuffered[0]
    BUFG_PS_X0Y80        BUFG_PS (Prop_BUFG_PS_I_O)
                                                      0.038     0.267 r  kv260_ispMipiRx_vcu_DP_i/PS_0/inst/buffer_pl_clk_0.PL_CLK_0_BUFG/O
                         net (fo=1, routed)           2.137     2.404    kv260_ispMipiRx_vcu_DP_i/clk_wiz_0/inst/clk_in1
    MMCM_X0Y2            MMCME4_ADV (Prop_MMCM_CLKIN1_CLKOUT1)
                                                     -0.103     2.301 r  kv260_ispMipiRx_vcu_DP_i/clk_wiz_0/inst/mmcme4_adv_inst/CLKOUT1
                         net (fo=1, routed)           0.355     2.656    kv260_ispMipiRx_vcu_DP_i/clk_wiz_0/inst/clk_100M_kv260_ispMipiRx_vcu_DP_clk_wiz_0_0
    BUFGCE_X0Y58         BUFGCE (Prop_BUFCE_BUFGCE_I_O)
                                                      0.044     2.700 r  kv260_ispMipiRx_vcu_DP_i/clk_wiz_0/inst/clkout2_buf/O
    X0Y1 (CLOCK_ROOT)    net (fo=3663, routed)        2.667     5.367    kv260_ispMipiRx_vcu_DP_i/raspi_pipeline/raspi_pipeline/mipi_csi2_rx_subsyst_0/inst/rx/inst/AXI_LITE.reg_inf/img_info_cdc/dest_clk
    SLICE_X8Y162         FDRE                                         r  kv260_ispMipiRx_vcu_DP_i/raspi_pipeline/raspi_pipeline/mipi_csi2_rx_subsyst_0/inst/rx/inst/AXI_LITE.reg_inf/img_info_cdc/dest_hsdata_ff_reg[3]/C
                         clock pessimism              0.596     5.963    
    SLICE_X8Y162         FDRE (Hold_DFF2_SLICEM_C_D)
                                                      0.102     6.065    kv260_ispMipiRx_vcu_DP_i/raspi_pipeline/raspi_pipeline/mipi_csi2_rx_subsyst_0/inst/rx/inst/AXI_LITE.reg_inf/img_info_cdc/dest_hsdata_ff_reg[3]
  -------------------------------------------------------------------
                         data arrival                           5.766    
                         clock arrival                          6.065    
  -------------------------------------------------------------------
                         relative delay                        -0.299    



