

================================================================
== Synthesis Summary Report of 'ISPPipeline_accel'
================================================================
+ General Information: 
    * Date:           Thu Mar  5 08:43:14 2026
    * Version:        2022.2 (Build 3670227 on Oct 13 2022)
    * Project:        isppipeline.prj
    * Solution:       sol1 (Vivado IP Flow Target)
    * Product family: zynquplus
    * Target device:  xck26-sfvc784-2LV-c
    

+ Performance & Resource Estimates: 
    
    PS: '+' for module; 'o' for loop; '*' for dataflow
    +-------------------------------------------------------------------------------+--------+-------+---------+-----------+----------+---------+---------+----------+----------+---------+------------+-------------+-----+
    |                                    Modules                                    |  Issue |       | Latency |  Latency  | Iteration|         |   Trip  |          |          |         |            |             |     |
    |                                    & Loops                                    |  Type  | Slack | (cycles)|    (ns)   |  Latency | Interval|  Count  | Pipelined|   BRAM   |   DSP   |     FF     |     LUT     | URAM|
    +-------------------------------------------------------------------------------+--------+-------+---------+-----------+----------+---------+---------+----------+----------+---------+------------+-------------+-----+
    |+ ISPPipeline_accel                                                            |  Timing|  -0.83|  2097985|  6.923e+06|         -|  2097986|        -|        no|  39 (13%)|  42 (3%)|  14982 (6%)|  17424 (14%)|    -|
    | + ISPpipeline*                                                                |  Timing|  -0.83|  2097982|  6.923e+06|         -|  2097967|        -|  dataflow|   26 (9%)|  42 (3%)|  14650 (6%)|  16804 (14%)|    -|
    |  + entry_proc                                                                 |       -|   1.21|        0|      0.000|         -|        0|        -|        no|         -|        -|     2 (~0%)|     29 (~0%)|    -|
    |  + ISPpipeline_Block_entry2_proc                                              |  Timing|  -0.83|       14|     46.200|         -|       14|        -|        no|         -|  3 (~0%)|   535 (~0%)|    375 (~0%)|    -|
    |  + AXIVideo2BayerMat_13_1080_1920_1_3_s                                       |       -|   0.00|  2085487|  6.882e+06|         -|  2085487|        -|        no|         -|        -|   132 (~0%)|    479 (~0%)|    -|
    |   + AXIVideo2BayerMat_13_1080_1920_1_3_Pipeline_loop_start_hunt               |       -|   1.98|        2|      6.600|         -|        2|        -|        no|         -|        -|     3 (~0%)|     34 (~0%)|    -|
    |    o loop_start_hunt                                                          |       -|   2.41|        0|      0.000|         1|        1|        0|       yes|         -|        -|           -|            -|    -|
    |   o loop_row_axi2mat                                                          |       -|   2.41|  2085481|  6.882e+06|      1931|        -|     1080|        no|         -|        -|           -|            -|    -|
    |    + AXIVideo2BayerMat_13_1080_1920_1_3_Pipeline_loop_col_zxi2mat             |       -|   0.88|     1922|  6.343e+03|         -|     1922|        -|        no|         -|        -|    38 (~0%)|    158 (~0%)|    -|
    |     o loop_col_zxi2mat                                                        |       -|   2.41|     1920|  6.336e+03|         2|        1|     1920|       yes|         -|        -|           -|            -|    -|
    |    + AXIVideo2BayerMat_13_1080_1920_1_3_Pipeline_loop_last_hunt               |       -|   1.56|        2|      6.600|         -|        2|        -|        no|         -|        -|     4 (~0%)|     52 (~0%)|    -|
    |     o loop_last_hunt                                                          |       -|   2.41|        0|      0.000|         1|        1|        0|       yes|         -|        -|           -|            -|    -|
    |  + blackLevelCorrection_13_1080_1920_1_16_15_1_3_3_s                          |       -|   0.45|  2073612|  6.843e+06|         -|  2073612|        -|        no|         -|  2 (~0%)|   170 (~0%)|    279 (~0%)|    -|
    |   + blackLevelCorrection_Pipeline_VITIS_LOOP_93_1                             |       -|   0.45|  2073607|  6.843e+06|         -|  2073607|        -|        no|         -|  1 (~0%)|   130 (~0%)|    195 (~0%)|    -|
    |    o VITIS_LOOP_93_1                                                          |       -|   2.41|  2073605|  6.843e+06|         7|        1|  2073600|       yes|         -|        -|           -|            -|    -|
    |  + gaincontrol_3_13_1080_1920_1_3_3_s                                         |       -|   0.67|  2083321|  6.875e+06|         -|  2083321|        -|        no|         -|  2 (~0%)|   257 (~0%)|    336 (~0%)|    -|
    |   o RowLoop                                                                   |       -|   2.41|  2083320|  6.875e+06|      1929|        -|     1080|        no|         -|        -|           -|            -|    -|
    |    + gaincontrol_3_13_1080_1920_1_3_3_Pipeline_ColLoop                        |       -|   0.67|     1926|  6.356e+03|         -|     1926|        -|        no|         -|  2 (~0%)|   205 (~0%)|    221 (~0%)|    -|
    |     o ColLoop                                                                 |       -|   2.41|     1924|  6.349e+03|         6|        1|     1920|       yes|         -|        -|           -|            -|    -|
    |  + demosaicing_3_13_17_1080_1920_1_false_3_3_s                                |  Timing|  -0.40|  2097966|  6.923e+06|         -|  2097966|        -|        no|    8 (2%)|        -|  2284 (~0%)|    3080 (2%)|    -|
    |   + demosaicing_Pipeline_LineBuffer_VITIS_LOOP_278_1                          |  Timing|  -0.40|     3842|  1.268e+04|         -|     3842|        -|        no|         -|        -|    56 (~0%)|    167 (~0%)|    -|
    |    o LineBuffer_VITIS_LOOP_278_1                                              |       -|   2.41|     3840|  1.267e+04|         2|        1|     3840|       yes|         -|        -|           -|            -|    -|
    |   o Row_Loop                                                                  |       -|   2.41|  2094120|  6.911e+06|      1939|        -|     1080|        no|         -|        -|           -|            -|    -|
    |    + demosaicing_3_13_17_1080_1920_1_false_3_3_Pipeline_Zero                  |       -|   1.31|        6|     19.800|         -|        6|        -|        no|         -|        -|    45 (~0%)|     82 (~0%)|    -|
    |     o Zero                                                                    |       -|   2.41|        4|     13.200|         1|        1|        4|       yes|         -|        -|           -|            -|    -|
    |    + demosaicing_3_13_17_1080_1920_1_false_3_3_Pipeline_Col_Loop              |       -|   0.02|     1928|  6.362e+03|         -|     1928|        -|        no|         -|        -|  1769 (~0%)|    1851 (1%)|    -|
    |     o Col_Loop                                                                |       -|   2.41|     1926|  6.356e+03|         8|        1|     1920|       yes|         -|        -|           -|            -|    -|
    |      + rb_kernel_ap_uint_10_5_s                                               |       -|   0.71|        3|      9.900|         -|        1|        -|       yes|         -|        -|   192 (~0%)|    282 (~0%)|    -|
    |      + g_kernel_ap_uint_10_5_s                                                |       -|   0.02|        2|      6.600|         -|        1|        -|       yes|         -|        -|   154 (~0%)|    235 (~0%)|    -|
    |      + rgb_bgr_kernel_ap_uint_10_5_s                                          |       -|   0.02|        2|      6.600|         -|        1|        -|       yes|         -|        -|   189 (~0%)|    293 (~0%)|    -|
    |      + rgr_bgb_kernel_ap_uint_10_5_s                                          |       -|   0.02|        2|      6.600|         -|        1|        -|       yes|         -|        -|   189 (~0%)|    293 (~0%)|    -|
    |  + function_awb_17_17_1080_1920_1_3_3_s                                       |       -|   0.00|  2090230|  6.898e+06|         -|  2090230|        -|        no|   12 (4%)|  25 (2%)|   6417 (2%)|    7001 (5%)|    -|
    |   + fifo_copy_17_17_1080_1920_1_3_3_s                                         |       -|   0.00|  2079001|  6.861e+06|         -|  2079001|        -|        no|         -|        -|    34 (~0%)|    178 (~0%)|    -|
    |    o Row_Loop                                                                 |       -|   2.41|  2079000|  6.861e+06|      1925|        -|     1080|        no|         -|        -|           -|            -|    -|
    |     + fifo_copy_17_17_1080_1920_1_3_3_Pipeline_Col_Loop                       |       -|   0.00|     1922|  6.343e+03|         -|     1922|        -|        no|         -|        -|    16 (~0%)|     92 (~0%)|    -|
    |      o Col_Loop                                                               |       -|   2.41|     1920|  6.336e+03|         2|        1|     1920|       yes|         -|        -|           -|            -|    -|
    |   + fifo_awb_17_17_1080_1920_1_3_3_s*                                         |       -|   0.00|  2090228|  6.898e+06|         -|  2090229|        -|  dataflow|   12 (4%)|  25 (2%)|   6373 (2%)|    6716 (5%)|    -|
    |    + AWBhistogram_17_17_1080_1920_1_1_1024_3_3_s                              |       -|   0.00|  1048578|  3.460e+06|         -|  1048578|        -|        no|   12 (4%)|        -|  1739 (~0%)|    2171 (1%)|    -|
    |     + AWBhistogramkernel_17_17_1080_1920_1_3_3_21_1_1024_s                    |       -|   0.00|  1048577|  3.460e+06|         -|  1048577|        -|        no|   12 (4%)|        -|  1735 (~0%)|    2128 (1%)|    -|
    |      + AWBhistogramkernel_Pipeline_INITIALIZE_HIST                            |       -|   0.23|     1026|  3.386e+03|         -|     1026|        -|        no|         -|        -|    13 (~0%)|     57 (~0%)|    -|
    |       o INITIALIZE_HIST                                                       |       -|   2.41|     1024|  3.379e+03|         1|        1|     1024|       yes|         -|        -|           -|            -|    -|
    |      + AWBhistogramkernel_Pipeline_HIST_INITIALIZE_LOOP                       |       -|   0.23|     1026|  3.386e+03|         -|     1026|        -|        no|         -|        -|    13 (~0%)|     57 (~0%)|    -|
    |       o HIST_INITIALIZE_LOOP                                                  |       -|   2.41|     1024|  3.379e+03|         1|        1|     1024|       yes|         -|        -|           -|            -|    -|
    |      + AWBhistogramkernel_Pipeline_MERGE_HIST_LOOP                            |       -|   0.16|     1027|  3.389e+03|         -|     1027|        -|        no|         -|        -|   134 (~0%)|    185 (~0%)|    -|
    |       o MERGE_HIST_LOOP                                                       |       -|   2.41|     1025|  3.382e+03|         3|        1|     1024|       yes|         -|        -|           -|            -|    -|
    |      o ROW_LOOP                                                               |       -|   2.41|  1046520|  3.454e+06|       969|        -|     1080|        no|         -|        -|           -|            -|    -|
    |       + AWBhistogramkernel_17_17_1080_1920_1_3_3_21_1_1024_Pipeline_COL_LOOP  |       -|   0.00|      965|  3.184e+03|         -|      965|        -|        no|         -|        -|   714 (~0%)|    958 (~0%)|    -|
    |        o COL_LOOP                                                             |       -|   2.41|      963|  3.178e+03|         6|        2|      480|       yes|         -|        -|           -|            -|    -|
    |    + AWBNormalization_17_17_1080_1920_1_1_1024_3_3_s                          |       -|   0.04|  2090228|  6.898e+06|         -|  2090228|        -|        no|         -|  25 (2%)|   4533 (1%)|    4444 (3%)|    -|
    |     + AWBNormalizationkernel_17_17_1080_1920_1_3_3_21_1_1024_s                |       -|   0.04|  2090227|  6.898e+06|         -|  2090227|        -|        no|         -|  25 (2%)|   4529 (1%)|    4401 (3%)|    -|
    |      o VITIS_LOOP_316_1                                                       |       -|   2.41|     4626|  1.527e+04|      1542|        -|        3|        no|         -|        -|           -|            -|    -|
    |       + AWBNormalizationkernel_Pipeline_VITIS_LOOP_332_3                      |       -|   0.10|      769|  2.538e+03|         -|      769|        -|        no|         -|        -|   295 (~0%)|    402 (~0%)|    -|
    |        o VITIS_LOOP_332_3                                                     |      II|   2.41|      767|  2.531e+03|         5|        3|      255|       yes|         -|        -|           -|            -|    -|
    |       + AWBNormalizationkernel_Pipeline_VITIS_LOOP_342_4                      |       -|   0.10|      769|  2.538e+03|         -|      769|        -|        no|         -|        -|   298 (~0%)|    413 (~0%)|    -|
    |        o VITIS_LOOP_342_4                                                     |      II|   2.41|      767|  2.531e+03|         5|        3|      255|       yes|         -|        -|           -|            -|    -|
    |      o Row_Loop1                                                              |       -|   2.41|  2085480|  6.882e+06|      1931|        -|     1080|        no|         -|        -|           -|            -|    -|
    |       + AWBNormalizationkernel_Pipeline_Col_Loop1                             |       -|   0.88|     1928|  6.362e+03|         -|     1928|        -|        no|         -|  3 (~0%)|   295 (~0%)|    475 (~0%)|    -|
    |        o Col_Loop1                                                            |       -|   2.41|     1926|  6.356e+03|         8|        1|     1920|       yes|         -|        -|           -|            -|    -|
    |  + colorcorrectionmatrix_0_17_17_1080_1920_1_3_3_s                            |       -|   0.04|  2084402|  6.879e+06|         -|  2084402|        -|        no|         -|  9 (~0%)|   896 (~0%)|    891 (~0%)|    -|
    |   + xfccmkernel_17_1080_1920_21_1_3_3_11_11_1920_s                            |       -|   0.04|  2084401|  6.879e+06|         -|  2084401|        -|        no|         -|  9 (~0%)|   870 (~0%)|    830 (~0%)|    -|
    |    o rowLoop                                                                  |       -|   2.41|  2084400|  6.879e+06|      1930|        -|     1080|        no|         -|        -|           -|            -|    -|
    |     + xfccmkernel_17_1080_1920_21_1_3_3_11_11_1920_Pipeline_colLoop           |       -|   0.04|     1928|  6.362e+03|         -|     1928|        -|        no|         -|  9 (~0%)|   855 (~0%)|    754 (~0%)|    -|
    |      o colLoop                                                                |       -|   2.41|     1926|  6.356e+03|         8|        1|     1920|       yes|         -|        -|           -|            -|    -|
    |  + xf_QuatizationDithering_17_9_1080_1920_256_1024_1_3_3_s                    |  Timing|  -0.26|  2075531|  6.849e+06|         -|  2075531|        -|        no|    3 (1%)|  1 (~0%)|   571 (~0%)|    1239 (1%)|    -|
    |   + xf_QuatizationDithering_Pipeline_VITIS_LOOP_118_1                         |       -|   0.07|     1922|  6.343e+03|         -|     1922|        -|        no|         -|        -|    18 (~0%)|     63 (~0%)|    -|
    |    o VITIS_LOOP_118_1                                                         |       -|   2.41|     1920|  6.336e+03|         1|        1|     1920|       yes|         -|        -|           -|            -|    -|
    |   + xf_QuatizationDithering_Pipeline_LOOP_ROW_LOOP_COL                        |  Timing|  -0.26|  2073604|  6.843e+06|         -|  2073604|        -|        no|         -|        -|   479 (~0%)|    868 (~0%)|    -|
    |    o LOOP_ROW_LOOP_COL                                                        |       -|   2.41|  2073602|  6.843e+06|         4|        1|  2073600|       yes|         -|        -|           -|            -|    -|
    |  + gammacorrection_9_9_1080_1920_1_3_3_s                                      |       -|   0.45|  2083014|  6.874e+06|         -|  2083014|        -|        no|    3 (1%)|        -|   216 (~0%)|    484 (~0%)|    -|
    |   + gammacorrection_Pipeline_VITIS_LOOP_57_2_VITIS_LOOP_58_3                  |       -|   0.45|      772|  2.548e+03|         -|      772|        -|        no|         -|        -|   122 (~0%)|    177 (~0%)|    -|
    |    o VITIS_LOOP_57_2_VITIS_LOOP_58_3                                          |       -|   2.41|      770|  2.541e+03|         4|        1|      768|       yes|         -|        -|           -|            -|    -|
    |   o rowLoop                                                                   |       -|   2.41|  2082240|  6.871e+06|      1928|        -|     1080|        no|         -|        -|           -|            -|    -|
    |    + gammacorrection_9_9_1080_1920_1_3_3_Pipeline_colLoop                     |       -|   0.88|     1925|  6.352e+03|         -|     1925|        -|        no|         -|        -|    73 (~0%)|     94 (~0%)|    -|
    |     o colLoop                                                                 |       -|   2.41|     1923|  6.346e+03|         5|        1|     1920|       yes|         -|        -|           -|            -|    -|
    |  + ColorMat2AXIvideo_9_1080_1920_1_3_s                                        |       -|   0.10|  2080081|  6.864e+06|         -|  2080081|        -|        no|         -|        -|    80 (~0%)|    256 (~0%)|    -|
    |   o loop_row_mat2axi                                                          |       -|   2.41|  2080080|  6.864e+06|      1926|        -|     1080|        no|         -|        -|           -|            -|    -|
    |    + ColorMat2AXIvideo_9_1080_1920_1_3_Pipeline_loop_col_mat2axi              |       -|   0.88|     1923|  6.346e+03|         -|     1923|        -|        no|         -|        -|    23 (~0%)|    124 (~0%)|    -|
    |     o loop_col_mat2axi                                                        |       -|   2.41|     1921|  6.339e+03|         2|        1|     1920|       yes|         -|        -|           -|            -|    -|
    +-------------------------------------------------------------------------------+--------+-------+---------+-----------+----------+---------+---------+----------+----------+---------+------------+-------------+-----+


================================================================
== HW Interfaces
================================================================
* S_AXILITE Interfaces
+------------+------------+---------------+--------+----------+-------------------+
| Interface  | Data Width | Address Width | Offset | Register | Resource Estimate |
+------------+------------+---------------+--------+----------+-------------------+
| s_axi_CTRL | 32         | 12            | 16     | 0        | BRAM=1            |
+------------+------------+---------------+--------+----------+-------------------+

* S_AXILITE Registers
+------------+----------+--------+-------+--------+----------------------------------+----------------------------------------------------------------------+
| Interface  | Register | Offset | Width | Access | Description                      | Bit Fields                                                           |
+------------+----------+--------+-------+--------+----------------------------------+----------------------------------------------------------------------+
| s_axi_CTRL | CTRL     | 0x00   | 32    | RW     | Control signals                  | 0=AP_START 1=AP_DONE 2=AP_IDLE 3=AP_READY 7=AUTO_RESTART 9=INTERRUPT |
| s_axi_CTRL | GIER     | 0x04   | 32    | RW     | Global Interrupt Enable Register | 0=Enable                                                             |
| s_axi_CTRL | IP_IER   | 0x08   | 32    | RW     | IP Interrupt Enable Register     | 0=CHAN0_INT_EN 1=CHAN1_INT_EN                                        |
| s_axi_CTRL | IP_ISR   | 0x0c   | 32    | RW     | IP Interrupt Status Register     | 0=CHAN0_INT_ST 1=CHAN1_INT_ST                                        |
| s_axi_CTRL | width    | 0x10   | 32    | W      | Data signal of width             |                                                                      |
| s_axi_CTRL | height   | 0x18   | 32    | W      | Data signal of height            |                                                                      |
| s_axi_CTRL | mode_reg | 0x20   | 32    | W      | Data signal of mode_reg          |                                                                      |
| s_axi_CTRL | rgain    | 0x30   | 32    | W      | Data signal of rgain             |                                                                      |
| s_axi_CTRL | bgain    | 0x38   | 32    | W      | Data signal of bgain             |                                                                      |
| s_axi_CTRL | pawb     | 0x54   | 32    | W      | Data signal of pawb              |                                                                      |
+------------+----------+--------+-------+--------+----------------------------------+----------------------------------------------------------------------+

* AXIS
+--------------+---------------+-------+-------+-----+-------+-------+--------+-------+-------+--------+
| Interface    | Register Mode | TDATA | TDEST | TID | TKEEP | TLAST | TREADY | TSTRB | TUSER | TVALID |
+--------------+---------------+-------+-------+-----+-------+-------+--------+-------+-------+--------+
| m_axis_video | both          | 24    | 1     | 1   | 3     | 1     | 1      | 3     | 1     | 1      |
| s_axis_video | both          | 16    | 1     | 1   | 2     | 1     | 1      | 2     | 1     | 1      |
+--------------+---------------+-------+-------+-----+-------+-------+--------+-------+-------+--------+

* TOP LEVEL CONTROL
+-----------+------------+-----------+
| Interface | Type       | Ports     |
+-----------+------------+-----------+
| ap_clk    | clock      | ap_clk    |
| ap_rst_n  | reset      | ap_rst_n  |
| interrupt | interrupt  | interrupt |
| ap_ctrl   | ap_ctrl_hs |           |
+-----------+------------+-----------+


================================================================
== SW I/O Information
================================================================
* Top Function Arguments
+--------------+-----------+---------------------------------------------+
| Argument     | Direction | Datatype                                    |
+--------------+-----------+---------------------------------------------+
| width        | in        | unsigned short                              |
| height       | in        | unsigned short                              |
| s_axis_video | in        | stream<hls::axis<ap_uint<16>, 1, 1, 1>, 0>& |
| m_axis_video | out       | stream<hls::axis<ap_uint<24>, 1, 1, 1>, 0>& |
| rgain        | in        | unsigned short                              |
| bgain        | in        | unsigned short                              |
| gamma_lut    | in        | unsigned char*                              |
| mode_reg     | in        | unsigned char                               |
| pawb         | in        | unsigned short                              |
+--------------+-----------+---------------------------------------------+

* SW-to-HW Mapping
+--------------+--------------+-----------+---------------------------------------+
| Argument     | HW Interface | HW Type   | HW Info                               |
+--------------+--------------+-----------+---------------------------------------+
| width        | s_axi_CTRL   | register  | name=width offset=0x10 range=32       |
| height       | s_axi_CTRL   | register  | name=height offset=0x18 range=32      |
| s_axis_video | s_axis_video | interface |                                       |
| m_axis_video | m_axis_video | interface |                                       |
| rgain        | s_axi_CTRL   | register  | name=rgain offset=0x30 range=32       |
| bgain        | s_axi_CTRL   | register  | name=bgain offset=0x38 range=32       |
| gamma_lut    | s_axi_CTRL   | memory    | name=gamma_lut offset=2048 range=1024 |
| mode_reg     | s_axi_CTRL   | register  | name=mode_reg offset=0x20 range=32    |
| pawb         | s_axi_CTRL   | register  | name=pawb offset=0x54 range=32        |
+--------------+--------------+-----------+---------------------------------------+


================================================================
== M_AXI Burst Information
================================================================
 Note: All burst requests might be further partitioned into multiple requests during RTL generation based on max_read_burst_length or max_write_burst_length settings.

  No burst in design

================================================================
== Bind Op Report
================================================================
+------------------------------------------------------------------------------+-----+--------+----------------------------+------+--------+---------+
| Name                                                                         | DSP | Pragma | Variable                   | Op   | Impl   | Latency |
+------------------------------------------------------------------------------+-----+--------+----------------------------+------+--------+---------+
| + ISPPipeline_accel                                                          | 42  |        |                            |      |        |         |
|  + ISPpipeline                                                               | 42  |        |                            |      |        |         |
|    ltm_in_cols_c26_channel_U                                                 | -   |        | ltm_in_cols_c26_channel    | fifo | srl    | 0       |
|    ltm_in_rows_c25_channel_U                                                 | -   |        | ltm_in_rows_c25_channel    | fifo | srl    | 0       |
|    imgInput1_cols_c24_channel_U                                              | -   |        | imgInput1_cols_c24_channel | fifo | srl    | 0       |
|    imgInput1_rows_c23_channel_U                                              | -   |        | imgInput1_rows_c23_channel | fifo | srl    | 0       |
|    thresh_loc_channel_U                                                      | -   |        | thresh_loc_channel         | fifo | srl    | 0       |
|    aecin_cols_channel_U                                                      | -   |        | aecin_cols_channel         | fifo | srl    | 0       |
|    aecin_rows_channel_U                                                      | -   |        | aecin_rows_channel         | fifo | srl    | 0       |
|    p_dst_cols_channel_U                                                      | -   |        | p_dst_cols_channel         | fifo | srl    | 0       |
|    p_dst_rows_channel_U                                                      | -   |        | p_dst_rows_channel         | fifo | srl    | 0       |
|    lsc_out_cols_channel_U                                                    | -   |        | lsc_out_cols_channel       | fifo | srl    | 0       |
|    lsc_out_rows_channel_U                                                    | -   |        | lsc_out_rows_channel       | fifo | srl    | 0       |
|    gain_out_cols_channel_U                                                   | -   |        | gain_out_cols_channel      | fifo | srl    | 0       |
|    gain_out_rows_channel_U                                                   | -   |        | gain_out_rows_channel      | fifo | srl    | 0       |
|    imgInput2_cols_channel_U                                                  | -   |        | imgInput2_cols_channel     | fifo | srl    | 0       |
|    imgInput2_rows_channel_U                                                  | -   |        | imgInput2_rows_channel     | fifo | srl    | 0       |
|    demosaic_out_rows_channel_U                                               | -   |        | demosaic_out_rows_channel  | fifo | srl    | 0       |
|    demosaic_out_cols_channel_U                                               | -   |        | demosaic_out_cols_channel  | fifo | srl    | 0       |
|   + ISPpipeline_Block_entry2_proc                                            | 3   |        |                            |      |        |         |
|     fmul_32ns_32ns_32_8_max_dsp_1_U5                                         | 3   |        | thresh                     | fmul | maxdsp | 7       |
|   + AXIVideo2BayerMat_13_1080_1920_1_3_s                                     | 0   |        |                            |      |        |         |
|     i_8_fu_284_p2                                                            | -   |        | i_8                        | add  | fabric | 0       |
|    + AXIVideo2BayerMat_13_1080_1920_1_3_Pipeline_loop_col_zxi2mat            | 0   |        |                            |      |        |         |
|      j_4_fu_199_p2                                                           | -   |        | j_4                        | add  | fabric | 0       |
|   + blackLevelCorrection_13_1080_1920_1_16_15_1_3_3_s                        | 2   |        |                            |      |        |         |
|     mul_mul_16ns_16ns_32_4_1_U64                                             | 1   |        | LoopCount                  | mul  | dsp48  | 3       |
|    + blackLevelCorrection_Pipeline_VITIS_LOOP_93_1                           | 1   |        |                            |      |        |         |
|      i_5_fu_97_p2                                                            | -   |        | i_5                        | add  | fabric | 0       |
|      ret_V_fu_124_p2                                                         | -   |        | ret_V                      | add  | fabric | 0       |
|      mul_mul_10ns_16ns_26_4_1_U59                                            | 1   |        | r_V                        | mul  | dsp48  | 3       |
|   + gaincontrol_3_13_1080_1920_1_3_3_s                                       | 2   |        |                            |      |        |         |
|     i_V_6_fu_115_p2                                                          | -   |        | i_V_6                      | add  | fabric | 0       |
|    + gaincontrol_3_13_1080_1920_1_3_3_Pipeline_ColLoop                       | 2   |        |                            |      |        |         |
|      j_V_4_fu_129_p2                                                         | -   |        | j_V_4                      | add  | fabric | 0       |
|      mul_mul_16ns_10ns_26_4_1_U70                                            | 1   |        | ret_V                      | mul  | dsp48  | 3       |
|      mul_mul_16ns_10ns_26_4_1_U71                                            | 1   |        | ret_V_39                   | mul  | dsp48  | 3       |
|   + demosaicing_3_13_17_1080_1920_1_false_3_3_s                              | 0   |        |                            |      |        |         |
|     sub161_fu_393_p2                                                         | -   |        | sub161                     | add  | fabric | 0       |
|     sub219_fu_399_p2                                                         | -   |        | sub219                     | add  | fabric | 0       |
|     i_3_fu_421_p2                                                            | -   |        | i_3                        | add  | fabric | 0       |
|     add_ln294_fu_715_p2                                                      | -   |        | add_ln294                  | add  | fabric | 0       |
|    + demosaicing_Pipeline_LineBuffer_VITIS_LOOP_278_1                        | 0   |        |                            |      |        |         |
|      add_ln274_fu_177_p2                                                     | -   |        | add_ln274                  | add  | fabric | 0       |
|      add_ln274_1_fu_202_p2                                                   | -   |        | add_ln274_1                | add  | fabric | 0       |
|      add_ln278_fu_226_p2                                                     | -   |        | add_ln278                  | add  | fabric | 0       |
|    + demosaicing_3_13_17_1080_1920_1_false_3_3_Pipeline_Zero                 | 0   |        |                            |      |        |         |
|      add_ln327_fu_156_p2                                                     | -   |        | add_ln327                  | add  | fabric | 0       |
|    + demosaicing_3_13_17_1080_1920_1_false_3_3_Pipeline_Col_Loop             | 0   |        |                            |      |        |         |
|      add_ln353_fu_741_p2                                                     | -   |        | add_ln353                  | add  | fabric | 0       |
|      add_ln415_fu_766_p2                                                     | -   |        | add_ln415                  | add  | fabric | 0       |
|     + rb_kernel_ap_uint_10_5_s                                               | 0   |        |                            |      |        |         |
|       ret_V_36_fu_120_p2                                                     | -   |        | ret_V_36                   | add  | fabric | 0       |
|       add_ln1495_fu_138_p2                                                   | -   |        | add_ln1495                 | add  | fabric | 0       |
|       ret_V_37_fu_148_p2                                                     | -   |        | ret_V_37                   | add  | fabric | 0       |
|       sub_ln75_fu_210_p2                                                     | -   |        | sub_ln75                   | sub  | fabric | 0       |
|       ret_V_38_fu_162_p2                                                     | -   |        | ret_V_38                   | add  | fabric | 0       |
|       add_ln1495_11_fu_180_p2                                                | -   |        | add_ln1495_11              | add  | fabric | 0       |
|       ret_V_fu_190_p2                                                        | -   |        | ret_V                      | add  | fabric | 0       |
|       t3_fu_252_p2                                                           | -   |        | t3                         | sub  | fabric | 0       |
|       sub_ln79_fu_262_p2                                                     | -   |        | sub_ln79                   | sub  | fabric | 0       |
|       add_ln80_fu_282_p2                                                     | -   |        | add_ln80                   | add  | fabric | 0       |
|       sub_ln80_fu_296_p2                                                     | -   |        | sub_ln80                   | sub  | fabric | 0       |
|       sub_ln80_1_fu_325_p2                                                   | -   |        | sub_ln80_1                 | sub  | fabric | 0       |
|     + g_kernel_ap_uint_10_5_s                                                | 0   |        |                            |      |        |         |
|       ret_V_43_fu_108_p2                                                     | -   |        | ret_V_43                   | add  | fabric | 0       |
|       add_ln1495_fu_126_p2                                                   | -   |        | add_ln1495                 | add  | fabric | 0       |
|       ret_V_44_fu_136_p2                                                     | -   |        | ret_V_44                   | add  | fabric | 0       |
|       ret_V_45_fu_154_p2                                                     | -   |        | ret_V_45                   | add  | fabric | 0       |
|       add_ln1495_15_fu_172_p2                                                | -   |        | add_ln1495_15              | add  | fabric | 0       |
|       ret_V_fu_182_p2                                                        | -   |        | ret_V                      | add  | fabric | 0       |
|       sub_ln61_fu_200_p2                                                     | -   |        | sub_ln61                   | sub  | fabric | 0       |
|       add_ln64_fu_220_p2                                                     | -   |        | add_ln64                   | add  | fabric | 0       |
|       sub_ln64_fu_234_p2                                                     | -   |        | sub_ln64                   | sub  | fabric | 0       |
|       sub_ln64_1_fu_267_p2                                                   | -   |        | sub_ln64_1                 | sub  | fabric | 0       |
|     + rgb_bgr_kernel_ap_uint_10_5_s                                          | 0   |        |                            |      |        |         |
|       ret_V_fu_128_p2                                                        | -   |        | ret_V                      | add  | fabric | 0       |
|       ret_V_31_fu_156_p2                                                     | -   |        | ret_V_31                   | add  | fabric | 0       |
|       add_ln1495_fu_174_p2                                                   | -   |        | add_ln1495                 | add  | fabric | 0       |
|       ret_V_32_fu_184_p2                                                     | -   |        | ret_V_32                   | add  | fabric | 0       |
|       add_ln1495_6_fu_202_p2                                                 | -   |        | add_ln1495_6               | add  | fabric | 0       |
|       ret_V_29_fu_212_p2                                                     | -   |        | ret_V_29                   | add  | fabric | 0       |
|       ret_V_30_fu_226_p2                                                     | -   |        | ret_V_30                   | add  | fabric | 0       |
|       add_ln115_fu_248_p2                                                    | -   |        | add_ln115                  | add  | fabric | 0       |
|       add_ln115_1_fu_258_p2                                                  | -   |        | add_ln115_1                | add  | fabric | 0       |
|       add_ln115_2_fu_278_p2                                                  | -   |        | add_ln115_2                | add  | fabric | 0       |
|       sub_ln116_fu_291_p2                                                    | -   |        | sub_ln116                  | sub  | fabric | 0       |
|       sub_ln116_1_fu_315_p2                                                  | -   |        | sub_ln116_1                | sub  | fabric | 0       |
|       sub_ln116_2_fu_338_p2                                                  | -   |        | sub_ln116_2                | sub  | fabric | 0       |
|     + rgr_bgb_kernel_ap_uint_10_5_s                                          | 0   |        |                            |      |        |         |
|       ret_V_fu_128_p2                                                        | -   |        | ret_V                      | add  | fabric | 0       |
|       ret_V_25_fu_142_p2                                                     | -   |        | ret_V_25                   | add  | fabric | 0       |
|       add_ln1495_fu_160_p2                                                   | -   |        | add_ln1495                 | add  | fabric | 0       |
|       ret_V_26_fu_170_p2                                                     | -   |        | ret_V_26                   | add  | fabric | 0       |
|       add_ln1495_2_fu_188_p2                                                 | -   |        | add_ln1495_2               | add  | fabric | 0       |
|       ret_V_23_fu_198_p2                                                     | -   |        | ret_V_23                   | add  | fabric | 0       |
|       ret_V_24_fu_212_p2                                                     | -   |        | ret_V_24                   | add  | fabric | 0       |
|       add_ln97_fu_248_p2                                                     | -   |        | add_ln97                   | add  | fabric | 0       |
|       add_ln97_1_fu_258_p2                                                   | -   |        | add_ln97_1                 | add  | fabric | 0       |
|       add_ln97_2_fu_278_p2                                                   | -   |        | add_ln97_2                 | add  | fabric | 0       |
|       sub_ln98_fu_291_p2                                                     | -   |        | sub_ln98                   | sub  | fabric | 0       |
|       sub_ln98_1_fu_315_p2                                                   | -   |        | sub_ln98_1                 | sub  | fabric | 0       |
|       sub_ln98_2_fu_338_p2                                                   | -   |        | sub_ln98_2                 | sub  | fabric | 0       |
|   + function_awb_17_17_1080_1920_1_3_3_s                                     | 25  |        |                            |      |        |         |
|    + fifo_copy_17_17_1080_1920_1_3_3_s                                       | 0   |        |                            |      |        |         |
|      row_V_2_fu_82_p2                                                        | -   |        | row_V_2                    | add  | fabric | 0       |
|     + fifo_copy_17_17_1080_1920_1_3_3_Pipeline_Col_Loop                      | 0   |        |                            |      |        |         |
|       col_V_2_fu_76_p2                                                       | -   |        | col_V_2                    | add  | fabric | 0       |
|    + fifo_awb_17_17_1080_1920_1_3_3_s                                        | 25  |        |                            |      |        |         |
|     + AWBhistogram_17_17_1080_1920_1_1_1024_3_3_s                            | 0   |        |                            |      |        |         |
|      + AWBhistogramkernel_17_17_1080_1920_1_3_3_21_1_1024_s                  | 0   |        |                            |      |        |         |
|        row_2_fu_428_p2                                                       | -   |        | row_2                      | add  | fabric | 0       |
|        add_ln537_fu_434_p2                                                   | -   |        | add_ln537                  | add  | fabric | 0       |
|       + AWBhistogramkernel_Pipeline_INITIALIZE_HIST                          | 0   |        |                            |      |        |         |
|         add_ln467_fu_92_p2                                                   | -   |        | add_ln467                  | add  | fabric | 0       |
|       + AWBhistogramkernel_Pipeline_HIST_INITIALIZE_LOOP                     | 0   |        |                            |      |        |         |
|         add_ln840_fu_148_p2                                                  | -   |        | add_ln840                  | add  | fabric | 0       |
|       + AWBhistogramkernel_17_17_1080_1920_1_3_3_21_1_1024_Pipeline_COL_LOOP | 0   |        |                            |      |        |         |
|         tmp_acc_6_fu_935_p2                                                  | -   |        | tmp_acc_6                  | add  | fabric | 0       |
|         tmp_acc1_6_fu_1004_p2                                                | -   |        | tmp_acc1_6                 | add  | fabric | 0       |
|         tmp_acc_7_fu_953_p2                                                  | -   |        | tmp_acc_7                  | add  | fabric | 0       |
|         tmp_acc1_7_fu_1018_p2                                                | -   |        | tmp_acc1_7                 | add  | fabric | 0       |
|         tmp_acc_8_fu_971_p2                                                  | -   |        | tmp_acc_8                  | add  | fabric | 0       |
|         tmp_acc1_8_fu_1032_p2                                                | -   |        | tmp_acc1_8                 | add  | fabric | 0       |
|         col_3_fu_596_p2                                                      | -   |        | col_3                      | add  | fabric | 0       |
|       + AWBhistogramkernel_Pipeline_MERGE_HIST_LOOP                          | 0   |        |                            |      |        |         |
|         add_ln840_1_fu_187_p2                                                | -   |        | add_ln840_1                | add  | fabric | 0       |
|         value_fu_208_p2                                                      | -   |        | value                      | add  | fabric | 0       |
|         value_3_fu_214_p2                                                    | -   |        | value_3                    | add  | fabric | 0       |
|         value_4_fu_220_p2                                                    | -   |        | value_4                    | add  | fabric | 0       |
|     + AWBNormalization_17_17_1080_1920_1_1_1024_3_3_s                        | 25  |        |                            |      |        |         |
|      + AWBNormalizationkernel_17_17_1080_1920_1_3_3_21_1_1024_s              | 25  |        |                            |      |        |         |
|        mul_mul_16ns_16ns_32_4_1_U312                                         | 1   |        | total                      | mul  | dsp48  | 3       |
|        man_V_1_fu_448_p2                                                     | -   |        | man_V_1                    | sub  | fabric | 0       |
|        F2_fu_466_p2                                                          | -   |        | F2                         | sub  | fabric | 0       |
|        add_ln570_fu_478_p2                                                   | -   |        | add_ln570                  | add  | fabric | 0       |
|        sub_ln570_fu_484_p2                                                   | -   |        | sub_ln570                  | sub  | fabric | 0       |
|        mul_32ns_18s_50_2_1_U305                                              | 2   |        | r_V                        | mul  | auto   | 1       |
|        mul_50s_52ns_101_5_1_U306                                             | 8   |        | mul_ln1303                 | mul  | auto   | 4       |
|        sub_ln1303_fu_695_p2                                                  | -   |        | sub_ln1303                 | sub  | fabric | 0       |
|        sub_ln1303_1_fu_722_p2                                                | -   |        | sub_ln1303_1               | sub  | fabric | 0       |
|        ret_V_fu_754_p2                                                       | -   |        | ret_V                      | add  | fabric | 0       |
|        ret_V_55_fu_658_p2                                                    | -   |        | ret_V_55                   | sub  | fabric | 0       |
|        mul_32ns_21ns_53_2_1_U307                                             | 2   |        | r_V_24                     | mul  | auto   | 1       |
|        mul_53ns_55ns_106_5_1_U308                                            | 9   |        | mul_ln1303_2               | mul  | auto   | 4       |
|        add_ln316_fu_792_p2                                                   | -   |        | add_ln316                  | add  | fabric | 0       |
|        sub_ln813_fu_806_p2                                                   | -   |        | sub_ln813                  | sub  | fabric | 0       |
|        sub_ln813_1_fu_812_p2                                                 | -   |        | sub_ln813_1                | sub  | fabric | 0       |
|        sub_ln813_2_fu_818_p2                                                 | -   |        | sub_ln813_2                | sub  | fabric | 0       |
|        row_V_4_fu_902_p2                                                     | -   |        | row_V_4                    | add  | fabric | 0       |
|       + AWBNormalizationkernel_Pipeline_VITIS_LOOP_332_3                     | 0   |        |                            |      |        |         |
|         ret_V_fu_304_p2                                                      | -   |        | ret_V                      | add  | fabric | 0       |
|         p1_V_2_fu_334_p2                                                     | -   |        | p1_V_2                     | add  | fabric | 0       |
|         n1_V_fu_339_p2                                                       | -   |        | n1_V                       | add  | fabric | 0       |
|         minValue_V_1_fu_357_p2                                               | -   |        | minValue_V_1               | add  | fabric | 0       |
|       + AWBNormalizationkernel_Pipeline_VITIS_LOOP_342_4                     | 0   |        |                            |      |        |         |
|         ret_V_fu_308_p2                                                      | -   |        | ret_V                      | sub  | fabric | 0       |
|         p2_V_3_fu_330_p2                                                     | -   |        | p2_V_3                     | add  | fabric | 0       |
|         n2_V_fu_335_p2                                                       | -   |        | n2_V                       | sub  | fabric | 0       |
|         maxValue_V_1_fu_353_p2                                               | -   |        | maxValue_V_1               | add  | fabric | 0       |
|       + AWBNormalizationkernel_Pipeline_Col_Loop1                            | 3   |        |                            |      |        |         |
|         col_V_4_fu_187_p2                                                    | -   |        | col_V_4                    | add  | fabric | 0       |
|         value_V_fu_233_p2                                                    | -   |        | value_V                    | sub  | fabric | 0       |
|         mul_mul_26s_18s_44_4_1_U291                                          | 1   |        | r_V_13                     | mul  | dsp48  | 3       |
|         r_V_14_fu_315_p2                                                     | -   |        | r_V_14                     | sub  | fabric | 0       |
|         value_V_1_fu_253_p2                                                  | -   |        | value_V_1                  | sub  | fabric | 0       |
|         mul_mul_26s_18s_44_4_1_U292                                          | 1   |        | r_V_16                     | mul  | dsp48  | 3       |
|         r_V_17_fu_394_p2                                                     | -   |        | r_V_17                     | sub  | fabric | 0       |
|         value_V_2_fu_273_p2                                                  | -   |        | value_V_2                  | sub  | fabric | 0       |
|         mul_mul_26s_18s_44_4_1_U293                                          | 1   |        | r_V_19                     | mul  | dsp48  | 3       |
|         r_V_20_fu_473_p2                                                     | -   |        | r_V_20                     | sub  | fabric | 0       |
|   + colorcorrectionmatrix_0_17_17_1080_1920_1_3_3_s                          | 9   |        |                            |      |        |         |
|    + xfccmkernel_17_1080_1920_21_1_3_3_11_11_1920_s                          | 9   |        |                            |      |        |         |
|      i_V_2_fu_76_p2                                                          | -   |        | i_V_2                      | add  | fabric | 0       |
|     + xfccmkernel_17_1080_1920_21_1_3_3_11_11_1920_Pipeline_colLoop          | 9   |        |                            |      |        |         |
|       j_V_2_fu_151_p2                                                        | -   |        | j_V_2                      | add  | fabric | 0       |
|       mul_10ns_30ns_39_2_1_U367                                              | 1   |        | r_V_1                      | mul  | auto   | 1       |
|       mul_10ns_29s_39_2_1_U368                                               | 1   |        | r_V_3                      | mul  | auto   | 1       |
|       mul_mul_10ns_26s_36_4_1_U371                                           | 1   |        | r_V_5                      | mul  | dsp48  | 3       |
|       mul_mul_10ns_26s_36_4_1_U372                                           | 1   |        | r_V_6                      | mul  | dsp48  | 3       |
|       mul_10ns_30ns_39_2_1_U369                                              | 1   |        | r_V_7                      | mul  | auto   | 1       |
|       mul_mul_10ns_23s_33_4_1_U373                                           | 1   |        | r_V_8                      | mul  | dsp48  | 3       |
|       mul_mul_10ns_24s_34_4_1_U374                                           | 1   |        | r_V_9                      | mul  | dsp48  | 3       |
|       mul_mul_10ns_26s_36_4_1_U375                                           | 1   |        | r_V_10                     | mul  | dsp48  | 3       |
|       mul_10ns_30ns_39_2_1_U370                                              | 1   |        | r_V_11                     | mul  | auto   | 1       |
|       ret_V_12_fu_330_p2                                                     | -   |        | ret_V_12                   | add  | fabric | 0       |
|       ret_V_13_fu_369_p2                                                     | -   |        | ret_V_13                   | add  | fabric | 0       |
|       ret_V_fu_415_p2                                                        | -   |        | ret_V                      | add  | fabric | 0       |
|       ret_V_15_fu_343_p2                                                     | -   |        | ret_V_15                   | add  | fabric | 0       |
|       ret_V_16_fu_443_p2                                                     | -   |        | ret_V_16                   | add  | fabric | 0       |
|       ret_V_6_fu_489_p2                                                      | -   |        | ret_V_6                    | add  | fabric | 0       |
|       ret_V_18_fu_357_p2                                                     | -   |        | ret_V_18                   | add  | fabric | 0       |
|       ret_V_19_fu_517_p2                                                     | -   |        | ret_V_19                   | add  | fabric | 0       |
|       ret_V_10_fu_563_p2                                                     | -   |        | ret_V_10                   | add  | fabric | 0       |
|   + xf_QuatizationDithering_17_9_1080_1920_256_1024_1_3_3_s                  | 1   |        |                            |      |        |         |
|     in_col_loop_bound_fu_79_p2                                               | -   |        | in_col_loop_bound          | add  | fabric | 0       |
|     sub238_fu_95_p2                                                          | -   |        | sub238                     | add  | fabric | 0       |
|     mul_mul_16ns_16ns_32_4_1_U405                                            | 1   |        | bound                      | mul  | dsp48  | 3       |
|    + xf_QuatizationDithering_Pipeline_VITIS_LOOP_118_1                       | 0   |        |                            |      |        |         |
|      add_ln118_fu_100_p2                                                     | -   |        | add_ln118                  | add  | fabric | 0       |
|    + xf_QuatizationDithering_Pipeline_LOOP_ROW_LOOP_COL                      | 0   |        |                            |      |        |         |
|      add_ln173_fu_351_p2                                                     | -   |        | add_ln173                  | add  | fabric | 0       |
|      sub232_fu_975_p2                                                        | -   |        | sub232                     | add  | fabric | 0       |
|      q_2nd_err_scale7_2_fu_452_p2                                            | -   |        | q_2nd_err_scale7_2         | sub  | fabric | 0       |
|      p_Val2_4_fu_556_p2                                                      | -   |        | p_Val2_4                   | add  | fabric | 0       |
|      add_ln212_fu_993_p2                                                     | -   |        | add_ln212                  | add  | fabric | 0       |
|      add_ln221_fu_1033_p2                                                    | -   |        | add_ln221                  | add  | fabric | 0       |
|      sum_tmp_V_2_fu_1053_p2                                                  | -   |        | sum_tmp_V_2                | add  | fabric | 0       |
|      q_2nd_err_scale7_1_fu_623_p2                                            | -   |        | q_2nd_err_scale7_1         | sub  | fabric | 0       |
|      p_Val2_8_fu_733_p2                                                      | -   |        | p_Val2_8                   | add  | fabric | 0       |
|      add_ln212_1_fu_1134_p2                                                  | -   |        | add_ln212_1                | add  | fabric | 0       |
|      add_ln221_3_fu_1168_p2                                                  | -   |        | add_ln221_3                | add  | fabric | 0       |
|      sum_tmp_V_1_fu_1194_p2                                                  | -   |        | sum_tmp_V_1                | add  | fabric | 0       |
|      q_2nd_err_scale7_fu_800_p2                                              | -   |        | q_2nd_err_scale7           | sub  | fabric | 0       |
|      p_Val2_12_fu_910_p2                                                     | -   |        | p_Val2_12                  | add  | fabric | 0       |
|      add_ln212_2_fu_1275_p2                                                  | -   |        | add_ln212_2                | add  | fabric | 0       |
|      add_ln221_5_fu_1309_p2                                                  | -   |        | add_ln221_5                | add  | fabric | 0       |
|      sum_tmp_V_fu_1335_p2                                                    | -   |        | sum_tmp_V                  | add  | fabric | 0       |
|      add_ln178_fu_385_p2                                                     | -   |        | add_ln178                  | add  | fabric | 0       |
|   + gammacorrection_9_9_1080_1920_1_3_3_s                                    | 0   |        |                            |      |        |         |
|     i_V_4_fu_121_p2                                                          | -   |        | i_V_4                      | add  | fabric | 0       |
|    + gammacorrection_Pipeline_VITIS_LOOP_57_2_VITIS_LOOP_58_3                | 0   |        |                            |      |        |         |
|      add_ln1027_fu_150_p2                                                    | -   |        | add_ln1027                 | add  | fabric | 0       |
|      add_ln840_1_fu_185_p2                                                   | -   |        | add_ln840_1                | add  | fabric | 0       |
|      add_ln840_fu_210_p2                                                     | -   |        | add_ln840                  | add  | fabric | 0       |
|    + gammacorrection_9_9_1080_1920_1_3_3_Pipeline_colLoop                    | 0   |        |                            |      |        |         |
|      add_ln1027_fu_134_p2                                                    | -   |        | add_ln1027                 | add  | fabric | 0       |
|   + ColorMat2AXIvideo_9_1080_1920_1_3_s                                      | 0   |        |                            |      |        |         |
|     sub_fu_113_p2                                                            | -   |        | sub                        | add  | fabric | 0       |
|     i_6_fu_143_p2                                                            | -   |        | i_6                        | add  | fabric | 0       |
|    + ColorMat2AXIvideo_9_1080_1920_1_3_Pipeline_loop_col_mat2axi             | 0   |        |                            |      |        |         |
|      j_2_fu_175_p2                                                           | -   |        | j_2                        | add  | fabric | 0       |
+------------------------------------------------------------------------------+-----+--------+----------------------------+------+--------+---------+


================================================================
== Bind Storage Report
================================================================
+-------------------------------------------------------------+------+------+--------+-------------------+---------+------+---------+
| Name                                                        | BRAM | URAM | Pragma | Variable          | Storage | Impl | Latency |
+-------------------------------------------------------------+------+------+--------+-------------------+---------+------+---------+
| + ISPPipeline_accel                                         | 39   | 0    |        |                   |         |      |         |
|   p_ZL9hist0_awb_0_U                                        | 2    | -    |        | p_ZL9hist0_awb_0  | ram_1p  | auto | 1       |
|   p_ZL9hist0_awb_1_U                                        | 2    | -    |        | p_ZL9hist0_awb_1  | ram_1p  | auto | 1       |
|   p_ZL9hist0_awb_2_U                                        | 2    | -    |        | p_ZL9hist0_awb_2  | ram_1p  | auto | 1       |
|   p_ZL9hist1_awb_0_U                                        | 2    | -    |        | p_ZL9hist1_awb_0  | ram_1p  | auto | 1       |
|   p_ZL9hist1_awb_1_U                                        | 2    | -    |        | p_ZL9hist1_awb_1  | ram_1p  | auto | 1       |
|   p_ZL9hist1_awb_2_U                                        | 2    | -    |        | p_ZL9hist1_awb_2  | ram_1p  | auto | 1       |
|  + ISPpipeline                                              | 26   | 0    |        |                   |         |      |         |
|    ltm_in_cols_c_U                                          | -    | -    |        | ltm_in_cols_c     | fifo    | srl  | 0       |
|    ltm_in_rows_c_U                                          | -    | -    |        | ltm_in_rows_c     | fifo    | srl  | 0       |
|    imgInput1_cols_c_U                                       | -    | -    |        | imgInput1_cols_c  | fifo    | srl  | 0       |
|    imgInput1_rows_c_U                                       | -    | -    |        | imgInput1_rows_c  | fifo    | srl  | 0       |
|    bgain_c_U                                                | -    | -    |        | bgain_c           | fifo    | srl  | 0       |
|    rgain_c_U                                                | -    | -    |        | rgain_c           | fifo    | srl  | 0       |
|    imgInput1_data_U                                         | -    | -    |        | imgInput1_data    | fifo    | srl  | 0       |
|    imgInput2_data_U                                         | -    | -    |        | imgInput2_data    | fifo    | srl  | 0       |
|    gain_out_data_U                                          | -    | -    |        | gain_out_data     | fifo    | srl  | 0       |
|    demosaic_out_data_U                                      | -    | -    |        | demosaic_out_data | fifo    | srl  | 0       |
|    ltm_in_data_U                                            | -    | -    |        | ltm_in_data       | fifo    | srl  | 0       |
|    lsc_out_data_U                                           | -    | -    |        | lsc_out_data      | fifo    | srl  | 0       |
|    p_dst_data_U                                             | -    | -    |        | p_dst_data        | fifo    | srl  | 0       |
|    aecin_data_U                                             | -    | -    |        | aecin_data        | fifo    | srl  | 0       |
|   + demosaicing_3_13_17_1080_1920_1_false_3_3_s             | 8    | 0    |        |                   |         |      |         |
|     linebuffer_V_U                                          | 2    | -    | yes    | linebuffer_V      | ram_t2p | bram | 1       |
|     linebuffer_V_1_U                                        | 2    | -    | yes    | linebuffer_V_1    | ram_t2p | bram | 1       |
|     linebuffer_V_2_U                                        | 2    | -    | yes    | linebuffer_V_2    | ram_t2p | bram | 1       |
|     linebuffer_V_3_U                                        | 2    | -    | yes    | linebuffer_V_3    | ram_t2p | bram | 1       |
|   + function_awb_17_17_1080_1920_1_3_3_s                    | 12   | 0    |        |                   |         |      |         |
|    + fifo_awb_17_17_1080_1920_1_3_3_s                       | 12   | 0    |        |                   |         |      |         |
|      impop_data_U                                           | -    | -    |        | impop_data        | fifo    | srl  | 0       |
|     + AWBhistogram_17_17_1080_1920_1_1_1024_3_3_s           | 12   | 0    |        |                   |         |      |         |
|      + AWBhistogramkernel_17_17_1080_1920_1_3_3_21_1_1024_s | 12   | 0    |        |                   |         |      |         |
|        tmp_hist_V_U                                         | 2    | -    | yes    | tmp_hist_V        | ram_t2p | bram | 1       |
|        tmp_hist_V_1_U                                       | 2    | -    | yes    | tmp_hist_V_1      | ram_t2p | bram | 1       |
|        tmp_hist_V_2_U                                       | 2    | -    | yes    | tmp_hist_V_2      | ram_t2p | bram | 1       |
|        tmp_hist1_V_U                                        | 2    | -    | yes    | tmp_hist1_V       | ram_t2p | bram | 1       |
|        tmp_hist1_V_1_U                                      | 2    | -    | yes    | tmp_hist1_V_1     | ram_t2p | bram | 1       |
|        tmp_hist1_V_2_U                                      | 2    | -    | yes    | tmp_hist1_V_2     | ram_t2p | bram | 1       |
|   + xf_QuatizationDithering_17_9_1080_1920_256_1024_1_3_3_s | 3    | 0    |        |                   |         |      |         |
|     offset_buffer_V_U                                       | 1    | -    |        | offset_buffer_V   | ram_s2p | auto | 1       |
|     offset_buffer_V_1_U                                     | 1    | -    |        | offset_buffer_V_1 | ram_s2p | auto | 1       |
|     offset_buffer_V_2_U                                     | 1    | -    |        | offset_buffer_V_2 | ram_s2p | auto | 1       |
|   + gammacorrection_9_9_1080_1920_1_3_3_s                   | 3    | 0    |        |                   |         |      |         |
|     lut_p_U                                                 | 1    | -    |        | lut_p             | ram_1p  | auto | 1       |
|     lut_p_1_U                                               | 1    | -    |        | lut_p_1           | ram_1p  | auto | 1       |
|     lut_p_2_U                                               | 1    | -    |        | lut_p_2           | ram_1p  | auto | 1       |
+-------------------------------------------------------------+------+------+--------+-------------------+---------+------+---------+


================================================================
== Pragma Report
================================================================
* Pragmas with Warnings
+---------------+------------------------------------------+----------------------------------------------------------------------------------------------------------------------------------------------------+------------------------------------------------------------------------------------------------------------------------------------------------------------------------------------------------+
| Type          | Options                                  | Location                                                                                                                                           | Messages                                                                                                                                                                                       |
+---------------+------------------------------------------+----------------------------------------------------------------------------------------------------------------------------------------------------+------------------------------------------------------------------------------------------------------------------------------------------------------------------------------------------------+
| dataflow      |                                          | ../../../../../overlays/Vitis_Libraries/vision//L1/examples/isppipeline/xf_isp_accel.cpp:225 in fifo_awb                                           | Since the only kind of statements allowed in a canonical dataflow region are variable declarations and function calls, the compiler may not be able to correctly handle the region             |
| dataflow      |                                          | ../../../../../overlays/Vitis_Libraries/vision//L1/examples/isppipeline/xf_isp_accel.cpp:364 in isppipeline                                        | Since the only kind of statements allowed in a canonical dataflow region are variable declarations and function calls, the compiler may not be able to correctly handle the region             |
| interface     | axis port=&s_axis_video register         | ../../../../../overlays/Vitis_Libraries/vision//L1/examples/isppipeline/xf_isp_accel.cpp:422 in isppipeline_accel, &s_axis_video                   | extra token before variable expression is ignored                                                                                                                                              |
| interface     | axis port=&m_axis_video register         | ../../../../../overlays/Vitis_Libraries/vision//L1/examples/isppipeline/xf_isp_accel.cpp:423 in isppipeline_accel, &m_axis_video                   | extra token before variable expression is ignored                                                                                                                                              |
| array_reshape | variable=val factor=RESHAPE_FACTOR dim=1 | ../../../../../overlays/Vitis_Libraries/vision//L1/include/common/xf_video_mem.hpp:759 in linebuffer<rows, cols, t, mem_type, reshape_factor>, val | 'factor' in '#pragma HLS array_reshape' is ignored                                                                                                                                             |
| dependence    | variable=tmp_hist array intra false      | ../../../../../overlays/Vitis_Libraries/vision//L1/include/imgproc/xf_autowhitebalance.hpp:554 in awbhistogramkernel, tmp_hist                     | Dependence pragma in loop 'PLANES_LOOP' (../../../../../overlays/Vitis_Libraries/vision//L1/include/imgproc/xf_autowhitebalance.hpp:552:13) is removed because the loop is unrolled completely |
| dependence    | variable=tmp_hist1 array intra false     | ../../../../../overlays/Vitis_Libraries/vision//L1/include/imgproc/xf_autowhitebalance.hpp:555 in awbhistogramkernel, tmp_hist1                    | Dependence pragma in loop 'PLANES_LOOP' (../../../../../overlays/Vitis_Libraries/vision//L1/include/imgproc/xf_autowhitebalance.hpp:552:13) is removed because the loop is unrolled completely |
+---------------+------------------------------------------+----------------------------------------------------------------------------------------------------------------------------------------------------+------------------------------------------------------------------------------------------------------------------------------------------------------------------------------------------------+

* Valid Pragma Syntax
+-----------------+----------------------------------------------------+-------------------------------------------------------------------------------------------------------------------------------------------------------------------------------------------------+
| Type            | Options                                            | Location                                                                                                                                                                                        |
+-----------------+----------------------------------------------------+-------------------------------------------------------------------------------------------------------------------------------------------------------------------------------------------------+
| inline          | OFF                                                | ../../../../../overlays/Vitis_Libraries/vision//L1/examples/isppipeline/xf_isp_accel.cpp:36 in axivideo2bayermat                                                                                |
| pipeline        | II=1                                               | ../../../../../overlays/Vitis_Libraries/vision//L1/examples/isppipeline/xf_isp_accel.cpp:52 in axivideo2bayermat                                                                                |
| loop_tripcount  | avg=0 max=0                                        | ../../../../../overlays/Vitis_Libraries/vision//L1/examples/isppipeline/xf_isp_accel.cpp:53 in axivideo2bayermat                                                                                |
| loop_tripcount  | avg=ROWS max=ROWS                                  | ../../../../../overlays/Vitis_Libraries/vision//L1/examples/isppipeline/xf_isp_accel.cpp:64 in axivideo2bayermat                                                                                |
| loop_flatten    | off                                                | ../../../../../overlays/Vitis_Libraries/vision//L1/examples/isppipeline/xf_isp_accel.cpp:69 in axivideo2bayermat                                                                                |
| pipeline        | II=1                                               | ../../../../../overlays/Vitis_Libraries/vision//L1/examples/isppipeline/xf_isp_accel.cpp:70 in axivideo2bayermat                                                                                |
| loop_tripcount  | avg=COLS/NPPC max=COLS/NPPC                        | ../../../../../overlays/Vitis_Libraries/vision//L1/examples/isppipeline/xf_isp_accel.cpp:71 in axivideo2bayermat                                                                                |
| pipeline        | II=1                                               | ../../../../../overlays/Vitis_Libraries/vision//L1/examples/isppipeline/xf_isp_accel.cpp:88 in axivideo2bayermat                                                                                |
| loop_tripcount  | avg=0 max=0                                        | ../../../../../overlays/Vitis_Libraries/vision//L1/examples/isppipeline/xf_isp_accel.cpp:89 in axivideo2bayermat                                                                                |
| inline          | OFF                                                | ../../../../../overlays/Vitis_Libraries/vision//L1/examples/isppipeline/xf_isp_accel.cpp:102 in colormat2axivideo                                                                               |
| loop_tripcount  | avg=ROWS max=ROWS                                  | ../../../../../overlays/Vitis_Libraries/vision//L1/examples/isppipeline/xf_isp_accel.cpp:122 in colormat2axivideo                                                                               |
| loop_flatten    | off                                                | ../../../../../overlays/Vitis_Libraries/vision//L1/examples/isppipeline/xf_isp_accel.cpp:127 in colormat2axivideo                                                                               |
| pipeline        | II = 1                                             | ../../../../../overlays/Vitis_Libraries/vision//L1/examples/isppipeline/xf_isp_accel.cpp:128 in colormat2axivideo                                                                               |
| loop_tripcount  | avg=COLS/NPPC max=COLS/NPPC                        | ../../../../../overlays/Vitis_Libraries/vision//L1/examples/isppipeline/xf_isp_accel.cpp:129 in colormat2axivideo                                                                               |
| inline          | OFF                                                | ../../../../../overlays/Vitis_Libraries/vision//L1/examples/isppipeline/xf_isp_accel.cpp:179 in fifo_copy                                                                                       |
| loop_tripcount  | min=ROWS max=ROWS                                  | ../../../../../overlays/Vitis_Libraries/vision//L1/examples/isppipeline/xf_isp_accel.cpp:189 in fifo_copy                                                                                       |
| loop_flatten    | off                                                | ../../../../../overlays/Vitis_Libraries/vision//L1/examples/isppipeline/xf_isp_accel.cpp:190 in fifo_copy                                                                                       |
| loop_tripcount  | min=COLS/NPC max=COLS/NPC                          | ../../../../../overlays/Vitis_Libraries/vision//L1/examples/isppipeline/xf_isp_accel.cpp:195 in fifo_copy                                                                                       |
| pipeline        |                                                    | ../../../../../overlays/Vitis_Libraries/vision//L1/examples/isppipeline/xf_isp_accel.cpp:196 in fifo_copy                                                                                       |
| inline          | OFF                                                | ../../../../../overlays/Vitis_Libraries/vision//L1/examples/isppipeline/xf_isp_accel.cpp:215 in fifo_awb                                                                                        |
| inline          | OFF                                                | ../../../../../overlays/Vitis_Libraries/vision//L1/examples/isppipeline/xf_isp_accel.cpp:254 in function_awb                                                                                    |
| inline          | OFF                                                | ../../../../../overlays/Vitis_Libraries/vision//L1/examples/isppipeline/xf_isp_accel.cpp:272 in colormat2axivideo_yuv                                                                           |
| loop_tripcount  | avg=ROWS max=ROWS                                  | ../../../../../overlays/Vitis_Libraries/vision//L1/examples/isppipeline/xf_isp_accel.cpp:292 in colormat2axivideo_yuv                                                                           |
| loop_flatten    | off                                                | ../../../../../overlays/Vitis_Libraries/vision//L1/examples/isppipeline/xf_isp_accel.cpp:297 in colormat2axivideo_yuv                                                                           |
| pipeline        | II = 1                                             | ../../../../../overlays/Vitis_Libraries/vision//L1/examples/isppipeline/xf_isp_accel.cpp:298 in colormat2axivideo_yuv                                                                           |
| loop_tripcount  | avg=COLS/NPPC max=COLS/NPPC                        | ../../../../../overlays/Vitis_Libraries/vision//L1/examples/isppipeline/xf_isp_accel.cpp:299 in colormat2axivideo_yuv                                                                           |
| inline          | OFF                                                | ../../../../../overlays/Vitis_Libraries/vision//L1/examples/isppipeline/xf_isp_accel.cpp:349 in isppipeline                                                                                     |
| interface       | s_axilite port=width bundle=CTRL offset=0x0010     | ../../../../../overlays/Vitis_Libraries/vision//L1/examples/isppipeline/xf_isp_accel.cpp:425 in isppipeline_accel, width                                                                        |
| interface       | s_axilite port=height bundle=CTRL offset=0x0018    | ../../../../../overlays/Vitis_Libraries/vision//L1/examples/isppipeline/xf_isp_accel.cpp:426 in isppipeline_accel, height                                                                       |
| interface       | s_axilite port=rgain bundle=CTRL offset=0x0030     | ../../../../../overlays/Vitis_Libraries/vision//L1/examples/isppipeline/xf_isp_accel.cpp:427 in isppipeline_accel, rgain                                                                        |
| interface       | s_axilite port=bgain bundle=CTRL offset=0x0038     | ../../../../../overlays/Vitis_Libraries/vision//L1/examples/isppipeline/xf_isp_accel.cpp:428 in isppipeline_accel, bgain                                                                        |
| interface       | s_axilite port=mode_reg bundle=CTRL offset=0x0046  | ../../../../../overlays/Vitis_Libraries/vision//L1/examples/isppipeline/xf_isp_accel.cpp:429 in isppipeline_accel, mode_reg                                                                     |
| interface       | s_axilite port=pawb bundle=CTRL offset=0x0054      | ../../../../../overlays/Vitis_Libraries/vision//L1/examples/isppipeline/xf_isp_accel.cpp:430 in isppipeline_accel, pawb                                                                         |
| interface       | s_axilite port=gamma_lut bundle=CTRL offset=0x0800 | ../../../../../overlays/Vitis_Libraries/vision//L1/examples/isppipeline/xf_isp_accel.cpp:431 in isppipeline_accel, gamma_lut                                                                    |
| interface       | s_axilite port=return bundle=CTRL                  | ../../../../../overlays/Vitis_Libraries/vision//L1/examples/isppipeline/xf_isp_accel.cpp:433 in isppipeline_accel, return                                                                       |
| array_partition | variable=hist0_awb complete dim=1                  | ../../../../../overlays/Vitis_Libraries/vision//L1/examples/isppipeline/xf_isp_accel.cpp:436 in isppipeline_accel, hist0_awb                                                                    |
| array_partition | variable=hist1_awb complete dim=1                  | ../../../../../overlays/Vitis_Libraries/vision//L1/examples/isppipeline/xf_isp_accel.cpp:437 in isppipeline_accel, hist1_awb                                                                    |
| inline          |                                                    | ../../../../../overlays/Vitis_Libraries/vision//L1/include/common/xf_axi_io.hpp:28 in axigetbitfields                                                                                           |
| inline          |                                                    | ../../../../../overlays/Vitis_Libraries/vision//L1/include/common/xf_axi_io.hpp:37 in axigetbitfields                                                                                           |
| inline          |                                                    | ../../../../../overlays/Vitis_Libraries/vision//L1/include/common/xf_axi_io.hpp:47 in axigetbitfields                                                                                           |
| inline          |                                                    | ../../../../../overlays/Vitis_Libraries/vision//L1/include/common/xf_axi_io.hpp:57 in axigetbitfields                                                                                           |
| inline          |                                                    | ../../../../../overlays/Vitis_Libraries/vision//L1/include/common/xf_axi_io.hpp:65 in axisetbitfields                                                                                           |
| inline          |                                                    | ../../../../../overlays/Vitis_Libraries/vision//L1/include/common/xf_axi_io.hpp:74 in axisetbitfields                                                                                           |
| inline          |                                                    | ../../../../../overlays/Vitis_Libraries/vision//L1/include/common/xf_axi_io.hpp:84 in axisetbitfields                                                                                           |
| inline          |                                                    | ../../../../../overlays/Vitis_Libraries/vision//L1/include/common/xf_axi_io.hpp:94 in axisetbitfields                                                                                           |
| inline          |                                                    | ../../../../../overlays/Vitis_Libraries/vision//L1/include/common/xf_structs.hpp:245 in scalar<n, t>                                                                                            |
| array_partition | variable=val dim=1 complete                        | ../../../../../overlays/Vitis_Libraries/vision//L1/include/common/xf_structs.hpp:246 in scalar<n, t>, val                                                                                       |
| inline          |                                                    | ../../../../../overlays/Vitis_Libraries/vision//L1/include/common/xf_structs.hpp:252 in scalar<n, t>                                                                                            |
| array_partition | variable=val dim=1 complete                        | ../../../../../overlays/Vitis_Libraries/vision//L1/include/common/xf_structs.hpp:253 in scalar<n, t>, val                                                                                       |
| array_partition | variable=val dim=1 complete                        | ../../../../../overlays/Vitis_Libraries/vision//L1/include/common/xf_structs.hpp:260 in scalar<n, t>, val                                                                                       |
| inline          |                                                    | ../../../../../overlays/Vitis_Libraries/vision//L1/include/common/xf_structs.hpp:261 in scalar<n, t>                                                                                            |
| array_partition | variable=val dim=1 complete                        | ../../../../../overlays/Vitis_Libraries/vision//L1/include/common/xf_structs.hpp:269 in scalar<n, t>, val                                                                                       |
| inline          |                                                    | ../../../../../overlays/Vitis_Libraries/vision//L1/include/common/xf_structs.hpp:270 in scalar<n, t>                                                                                            |
| array_partition | variable=val dim=1 complete                        | ../../../../../overlays/Vitis_Libraries/vision//L1/include/common/xf_structs.hpp:279 in scalar<n, t>, val                                                                                       |
| inline          |                                                    | ../../../../../overlays/Vitis_Libraries/vision//L1/include/common/xf_structs.hpp:280 in scalar<n, t>                                                                                            |
| inline          |                                                    | ../../../../../overlays/Vitis_Libraries/vision//L1/include/common/xf_structs.hpp:305 in operator=                                                                                               |
| unroll          |                                                    | ../../../../../overlays/Vitis_Libraries/vision//L1/include/common/xf_structs.hpp:309 in operator=                                                                                               |
| inline          |                                                    | ../../../../../overlays/Vitis_Libraries/vision//L1/include/common/xf_structs.hpp:318 in operator+                                                                                               |
| unroll          |                                                    | ../../../../../overlays/Vitis_Libraries/vision//L1/include/common/xf_structs.hpp:323 in operator+                                                                                               |
| inline          |                                                    | ../../../../../overlays/Vitis_Libraries/vision//L1/include/common/xf_structs.hpp:333 in operator+                                                                                               |
| unroll          |                                                    | ../../../../../overlays/Vitis_Libraries/vision//L1/include/common/xf_structs.hpp:338 in operator+                                                                                               |
| inline          |                                                    | ../../../../../overlays/Vitis_Libraries/vision//L1/include/common/xf_structs.hpp:348 in operator-                                                                                               |
| unroll          |                                                    | ../../../../../overlays/Vitis_Libraries/vision//L1/include/common/xf_structs.hpp:353 in operator-                                                                                               |
| inline          |                                                    | ../../../../../overlays/Vitis_Libraries/vision//L1/include/common/xf_structs.hpp:363 in operator-                                                                                               |
| unroll          |                                                    | ../../../../../overlays/Vitis_Libraries/vision//L1/include/common/xf_structs.hpp:368 in operator-                                                                                               |
| inline          |                                                    | ../../../../../overlays/Vitis_Libraries/vision//L1/include/common/xf_structs.hpp:378 in operator*                                                                                               |
| unroll          |                                                    | ../../../../../overlays/Vitis_Libraries/vision//L1/include/common/xf_structs.hpp:383 in operator*                                                                                               |
| inline          |                                                    | ../../../../../overlays/Vitis_Libraries/vision//L1/include/common/xf_structs.hpp:393 in operator*                                                                                               |
| unroll          |                                                    | ../../../../../overlays/Vitis_Libraries/vision//L1/include/common/xf_structs.hpp:398 in operator*                                                                                               |
| inline          |                                                    | ../../../../../overlays/Vitis_Libraries/vision//L1/include/common/xf_structs.hpp:408 in operator/                                                                                               |
| unroll          |                                                    | ../../../../../overlays/Vitis_Libraries/vision//L1/include/common/xf_structs.hpp:413 in operator/                                                                                               |
| inline          |                                                    | ../../../../../overlays/Vitis_Libraries/vision//L1/include/common/xf_structs.hpp:423 in operator/                                                                                               |
| unroll          |                                                    | ../../../../../overlays/Vitis_Libraries/vision//L1/include/common/xf_structs.hpp:428 in operator/                                                                                               |
| inline          |                                                    | ../../../../../overlays/Vitis_Libraries/vision//L1/include/common/xf_structs.hpp:584 in type                                                                                                    |
| inline          |                                                    | ../../../../../overlays/Vitis_Libraries/vision//L1/include/common/xf_structs.hpp:592 in depth                                                                                                   |
| inline          |                                                    | ../../../../../overlays/Vitis_Libraries/vision//L1/include/common/xf_structs.hpp:599 in channels                                                                                                |
| inline          |                                                    | ../../../../../overlays/Vitis_Libraries/vision//L1/include/common/xf_structs.hpp:607 in init                                                                                                    |
| inline          |                                                    | ../../../../../overlays/Vitis_Libraries/vision//L1/include/common/xf_structs.hpp:654 in mat<t, rows, cols, npc, xfcvdepth>                                                                      |
| inline          |                                                    | ../../../../../overlays/Vitis_Libraries/vision//L1/include/common/xf_structs.hpp:663 in mat<t, rows, cols, npc, xfcvdepth>                                                                      |
| inline          |                                                    | ../../../../../overlays/Vitis_Libraries/vision//L1/include/common/xf_structs.hpp:672 in mat<t, rows, cols, npc, xfcvdepth>                                                                      |
| inline          |                                                    | ../../../../../overlays/Vitis_Libraries/vision//L1/include/common/xf_structs.hpp:681 in mat<t, rows, cols, npc, xfcvdepth>                                                                      |
| inline          |                                                    | ../../../../../overlays/Vitis_Libraries/vision//L1/include/common/xf_structs.hpp:708 in copyto                                                                                                  |
| inline          |                                                    | ../../../../../overlays/Vitis_Libraries/vision//L1/include/common/xf_structs.hpp:742 in copyfrom                                                                                                |
| bind_op         | variable=mul_rows_cols op=mul impl=dsp latency=2   | ../../../../../overlays/Vitis_Libraries/vision//L1/include/common/xf_structs.hpp:949 in addrbound, mul_rows_cols                                                                                |
| loop_tripcount  | min=1 max=ADDRBOUND                                | ../../../../../overlays/Vitis_Libraries/vision//L1/include/common/xf_structs.hpp:984 in axi2axistream                                                                                           |
| pipeline        |                                                    | ../../../../../overlays/Vitis_Libraries/vision//L1/include/common/xf_structs.hpp:985 in axi2axistream                                                                                           |
| loop_tripcount  | min=1 max=ADDRBOUND                                | ../../../../../overlays/Vitis_Libraries/vision//L1/include/common/xf_structs.hpp:998 in axi2axistream                                                                                           |
| pipeline        |                                                    | ../../../../../overlays/Vitis_Libraries/vision//L1/include/common/xf_structs.hpp:999 in axi2axistream                                                                                           |
| loop_tripcount  | min=1 max=ROWS                                     | ../../../../../overlays/Vitis_Libraries/vision//L1/include/common/xf_structs.hpp:1019 in axi2axistream                                                                                          |
| loop_tripcount  | min=1 max=COLS_ADDRBOUND                           | ../../../../../overlays/Vitis_Libraries/vision//L1/include/common/xf_structs.hpp:1023 in axi2axistream                                                                                          |
| pipeline        | II=1                                               | ../../../../../overlays/Vitis_Libraries/vision//L1/include/common/xf_structs.hpp:1024 in axi2axistream                                                                                          |
| loop_tripcount  | min=1 max=LOOPBOUND                                | ../../../../../overlays/Vitis_Libraries/vision//L1/include/common/xf_structs.hpp:1056 in axistream2matstream                                                                                    |
| pipeline        |                                                    | ../../../../../overlays/Vitis_Libraries/vision//L1/include/common/xf_structs.hpp:1057 in axistream2matstream                                                                                    |
| loop_tripcount  | min=1 max=LOOPBOUND                                | ../../../../../overlays/Vitis_Libraries/vision//L1/include/common/xf_structs.hpp:1100 in matstream2mat                                                                                          |
| pipeline        |                                                    | ../../../../../overlays/Vitis_Libraries/vision//L1/include/common/xf_structs.hpp:1101 in matstream2mat                                                                                          |
| dataflow        |                                                    | ../../../../../overlays/Vitis_Libraries/vision//L1/include/common/xf_structs.hpp:1113 in axistream2mat                                                                                          |
| dataflow        |                                                    | ../../../../../overlays/Vitis_Libraries/vision//L1/include/common/xf_structs.hpp:1126 in axistream2mat                                                                                          |
| dataflow        |                                                    | ../../../../../overlays/Vitis_Libraries/vision//L1/include/common/xf_structs.hpp:1141 in axi2mat                                                                                                |
| dataflow        |                                                    | ../../../../../overlays/Vitis_Libraries/vision//L1/include/common/xf_structs.hpp:1164 in axi2mat                                                                                                |
| dataflow        |                                                    | ../../../../../overlays/Vitis_Libraries/vision//L1/include/common/xf_structs.hpp:1176 in axi2mat                                                                                                |
| dataflow        |                                                    | ../../../../../overlays/Vitis_Libraries/vision//L1/include/common/xf_structs.hpp:1199 in axi2mat                                                                                                |
| loop_tripcount  | min=1 max=LOOPBOUND                                | ../../../../../overlays/Vitis_Libraries/vision//L1/include/common/xf_structs.hpp:1273 in mat2matstream                                                                                          |
| pipeline        |                                                    | ../../../../../overlays/Vitis_Libraries/vision//L1/include/common/xf_structs.hpp:1274 in mat2matstream                                                                                          |
| loop_tripcount  | min=1 max=ROWS                                     | ../../../../../overlays/Vitis_Libraries/vision//L1/include/common/xf_structs.hpp:1303 in matstream2axistream                                                                                    |
| loop_tripcount  | min=1 max=COLS_BOUND_PER_NPC                       | ../../../../../overlays/Vitis_Libraries/vision//L1/include/common/xf_structs.hpp:1308 in matstream2axistream                                                                                    |
| pipeline        |                                                    | ../../../../../overlays/Vitis_Libraries/vision//L1/include/common/xf_structs.hpp:1309 in matstream2axistream                                                                                    |
| dataflow        |                                                    | ../../../../../overlays/Vitis_Libraries/vision//L1/include/common/xf_structs.hpp:1351 in mat2axistream                                                                                          |
| dataflow        |                                                    | ../../../../../overlays/Vitis_Libraries/vision//L1/include/common/xf_structs.hpp:1364 in mat2axistream                                                                                          |
| loop_tripcount  | min=1 max=ADDRBOUND                                | ../../../../../overlays/Vitis_Libraries/vision//L1/include/common/xf_structs.hpp:1381 in axistream2axi                                                                                          |
| pipeline        |                                                    | ../../../../../overlays/Vitis_Libraries/vision//L1/include/common/xf_structs.hpp:1382 in axistream2axi                                                                                          |
| loop_tripcount  | min=1 max=ADDRBOUND                                | ../../../../../overlays/Vitis_Libraries/vision//L1/include/common/xf_structs.hpp:1396 in axistream2axi                                                                                          |
| pipeline        |                                                    | ../../../../../overlays/Vitis_Libraries/vision//L1/include/common/xf_structs.hpp:1397 in axistream2axi                                                                                          |
| dataflow        |                                                    | ../../../../../overlays/Vitis_Libraries/vision//L1/include/common/xf_structs.hpp:1411 in mat2axi                                                                                                |
| dataflow        |                                                    | ../../../../../overlays/Vitis_Libraries/vision//L1/include/common/xf_structs.hpp:1438 in mat2axi                                                                                                |
| dataflow        |                                                    | ../../../../../overlays/Vitis_Libraries/vision//L1/include/common/xf_structs.hpp:1469 in mat2axi                                                                                                |
| dataflow        |                                                    | ../../../../../overlays/Vitis_Libraries/vision//L1/include/common/xf_structs.hpp:1499 in mat2axi                                                                                                |
| inline          | OFF                                                | ../../../../../overlays/Vitis_Libraries/vision//L1/include/common/xf_utility.hpp:34 in ptr2xfmat                                                                                                |
| pipeline        | II = 1                                             | ../../../../../overlays/Vitis_Libraries/vision//L1/include/common/xf_utility.hpp:39 in ptr2xfmat                                                                                                |
| loop_tripcount  | min = c_TRIP_COUNT max = c_TRIP_COUNT              | ../../../../../overlays/Vitis_Libraries/vision//L1/include/common/xf_utility.hpp:40 in ptr2xfmat                                                                                                |
| inline          | OFF                                                | ../../../../../overlays/Vitis_Libraries/vision//L1/include/common/xf_utility.hpp:52 in xfmat2ptr                                                                                                |
| pipeline        | II = 1                                             | ../../../../../overlays/Vitis_Libraries/vision//L1/include/common/xf_utility.hpp:58 in xfmat2ptr                                                                                                |
| loop_tripcount  | min = c_TRIP_COUNT max = c_TRIP_COUNT              | ../../../../../overlays/Vitis_Libraries/vision//L1/include/common/xf_utility.hpp:59 in xfmat2ptr                                                                                                |
| inline          | OFF                                                | ../../../../../overlays/Vitis_Libraries/vision//L1/include/common/xf_utility.hpp:74 in xfduplicatemat_ptrmat                                                                                    |
| pipeline        | II = 1                                             | ../../../../../overlays/Vitis_Libraries/vision//L1/include/common/xf_utility.hpp:80 in xfduplicatemat_ptrmat                                                                                    |
| loop_tripcount  | min = c_TRIP_COUNT max = c_TRIP_COUNT              | ../../../../../overlays/Vitis_Libraries/vision//L1/include/common/xf_utility.hpp:81 in xfduplicatemat_ptrmat                                                                                    |
| inline          | OFF                                                | ../../../../../overlays/Vitis_Libraries/vision//L1/include/common/xf_utility.hpp:100 in xfduplicatemat_ptrmat2                                                                                  |
| pipeline        | II = 1                                             | ../../../../../overlays/Vitis_Libraries/vision//L1/include/common/xf_utility.hpp:106 in xfduplicatemat_ptrmat2                                                                                  |
| loop_tripcount  | min = c_TRIP_COUNT max = c_TRIP_COUNT              | ../../../../../overlays/Vitis_Libraries/vision//L1/include/common/xf_utility.hpp:107 in xfduplicatemat_ptrmat2                                                                                  |
| inline          | OFF                                                | ../../../../../overlays/Vitis_Libraries/vision//L1/include/common/xf_utility.hpp:128 in xfduplicatemat_ptr_mat_axi                                                                              |
| pipeline        | II = 1                                             | ../../../../../overlays/Vitis_Libraries/vision//L1/include/common/xf_utility.hpp:134 in xfduplicatemat_ptr_mat_axi                                                                              |
| loop_tripcount  | min = c_TRIP_COUNT max = c_TRIP_COUNT              | ../../../../../overlays/Vitis_Libraries/vision//L1/include/common/xf_utility.hpp:135 in xfduplicatemat_ptr_mat_axi                                                                              |
| inline          | OFF                                                | ../../../../../overlays/Vitis_Libraries/vision//L1/include/common/xf_utility.hpp:155 in xfmat2axi_strm                                                                                          |
| pipeline        | II = 1                                             | ../../../../../overlays/Vitis_Libraries/vision//L1/include/common/xf_utility.hpp:161 in xfmat2axi_strm                                                                                          |
| loop_tripcount  | min = c_TRIP_COUNT max = c_TRIP_COUNT              | ../../../../../overlays/Vitis_Libraries/vision//L1/include/common/xf_utility.hpp:162 in xfmat2axi_strm                                                                                          |
| inline          | OFF                                                | ../../../../../overlays/Vitis_Libraries/vision//L1/include/common/xf_utility.hpp:178 in axi_strm2xfmat                                                                                          |
| pipeline        | II = 1                                             | ../../../../../overlays/Vitis_Libraries/vision//L1/include/common/xf_utility.hpp:184 in axi_strm2xfmat                                                                                          |
| loop_tripcount  | min = c_TRIP_COUNT max = c_TRIP_COUNT              | ../../../../../overlays/Vitis_Libraries/vision//L1/include/common/xf_utility.hpp:185 in axi_strm2xfmat                                                                                          |
| inline          | OFF                                                | ../../../../../overlays/Vitis_Libraries/vision//L1/include/common/xf_utility.hpp:201 in xfduplicatemat_ptr_axi                                                                                  |
| pipeline        | II = 1                                             | ../../../../../overlays/Vitis_Libraries/vision//L1/include/common/xf_utility.hpp:207 in xfduplicatemat_ptr_axi                                                                                  |
| loop_tripcount  | min = c_TRIP_COUNT max = c_TRIP_COUNT              | ../../../../../overlays/Vitis_Libraries/vision//L1/include/common/xf_utility.hpp:208 in xfduplicatemat_ptr_axi                                                                                  |
| inline          | OFF                                                | ../../../../../overlays/Vitis_Libraries/vision//L1/include/common/xf_utility.hpp:230 in xfsetborder                                                                                             |
| unroll          |                                                    | ../../../../../overlays/Vitis_Libraries/vision//L1/include/common/xf_utility.hpp:242 in xfsetborder                                                                                             |
| unroll          |                                                    | ../../../../../overlays/Vitis_Libraries/vision//L1/include/common/xf_utility.hpp:244 in xfsetborder                                                                                             |
| inline          |                                                    | ../../../../../overlays/Vitis_Libraries/vision//L1/include/common/xf_utility.hpp:299 in xfpackpixels                                                                                            |
| unroll          |                                                    | ../../../../../overlays/Vitis_Libraries/vision//L1/include/common/xf_utility.hpp:305 in xfpackpixels                                                                                            |
| inline          | off                                                | ../../../../../overlays/Vitis_Libraries/vision//L1/include/common/xf_utility.hpp:317 in xfextractpixels                                                                                         |
| unroll          |                                                    | ../../../../../overlays/Vitis_Libraries/vision//L1/include/common/xf_utility.hpp:326 in xfextractpixels                                                                                         |
| inline          |                                                    | ../../../../../overlays/Vitis_Libraries/vision//L1/include/common/xf_utility.hpp:349 in xfextractdata                                                                                           |
| inline          |                                                    | ../../../../../overlays/Vitis_Libraries/vision//L1/include/common/xf_utility.hpp:369 in xfcopydata                                                                                              |
| loop_tripcount  | min=6 max=6                                        | ../../../../../overlays/Vitis_Libraries/vision//L1/include/common/xf_utility.hpp:377 in xfcopydata                                                                                              |
| unroll          |                                                    | ../../../../../overlays/Vitis_Libraries/vision//L1/include/common/xf_utility.hpp:378 in xfcopydata                                                                                              |
| loop_tripcount  | min=IN_BH max=IN_BH                                | ../../../../../overlays/Vitis_Libraries/vision//L1/include/common/xf_utility.hpp:448 in xfduplicatestream                                                                                       |
| loop_flatten    | off                                                | ../../../../../overlays/Vitis_Libraries/vision//L1/include/common/xf_utility.hpp:449 in xfduplicatestream                                                                                       |
| pipeline        |                                                    | ../../../../../overlays/Vitis_Libraries/vision//L1/include/common/xf_utility.hpp:453 in xfduplicatestream                                                                                       |
| loop_tripcount  | min=IN_BW max=IN_BW                                | ../../../../../overlays/Vitis_Libraries/vision//L1/include/common/xf_utility.hpp:454 in xfduplicatestream                                                                                       |
| loop_tripcount  | min=1 max=TRIPCOUNT                                | ../../../../../overlays/Vitis_Libraries/vision//L1/include/common/xf_utility.hpp:479 in array2hlsstrm                                                                                           |
| pipeline        |                                                    | ../../../../../overlays/Vitis_Libraries/vision//L1/include/common/xf_utility.hpp:480 in array2hlsstrm                                                                                           |
| loop_tripcount  | min=1 max=TRIPCOUNT                                | ../../../../../overlays/Vitis_Libraries/vision//L1/include/common/xf_utility.hpp:515 in hlsstrm2xfmat                                                                                           |
| pipeline        |                                                    | ../../../../../overlays/Vitis_Libraries/vision//L1/include/common/xf_utility.hpp:516 in hlsstrm2xfmat                                                                                           |
| loop_tripcount  | min=1 max=TRIPCOUNT                                | ../../../../../overlays/Vitis_Libraries/vision//L1/include/common/xf_utility.hpp:596 in axistrm2hlsstrm                                                                                         |
| pipeline        |                                                    | ../../../../../overlays/Vitis_Libraries/vision//L1/include/common/xf_utility.hpp:597 in axistrm2hlsstrm                                                                                         |
| dataflow        |                                                    | ../../../../../overlays/Vitis_Libraries/vision//L1/include/common/xf_utility.hpp:607 in axistrm2xfmat                                                                                           |
| loop_tripcount  | min=1 max=TRIPCOUNT                                | ../../../../../overlays/Vitis_Libraries/vision//L1/include/common/xf_utility.hpp:656 in xfmat2hlsstrm                                                                                           |
| pipeline        |                                                    | ../../../../../overlays/Vitis_Libraries/vision//L1/include/common/xf_utility.hpp:657 in xfmat2hlsstrm                                                                                           |
| loop_tripcount  | min=1 max=TRIPCOUNT                                | ../../../../../overlays/Vitis_Libraries/vision//L1/include/common/xf_utility.hpp:702 in hlsstrm2array                                                                                           |
| pipeline        |                                                    | ../../../../../overlays/Vitis_Libraries/vision//L1/include/common/xf_utility.hpp:703 in hlsstrm2array                                                                                           |
| loop_tripcount  | min=1 max=TRIPCOUNT                                | ../../../../../overlays/Vitis_Libraries/vision//L1/include/common/xf_utility.hpp:753 in hlsstrm2axistrm                                                                                         |
| pipeline        |                                                    | ../../../../../overlays/Vitis_Libraries/vision//L1/include/common/xf_utility.hpp:754 in hlsstrm2axistrm                                                                                         |
| dataflow        |                                                    | ../../../../../overlays/Vitis_Libraries/vision//L1/include/common/xf_utility.hpp:765 in xfmat2axistrm                                                                                           |
| inline          |                                                    | ../../../../../overlays/Vitis_Libraries/vision//L1/include/common/xf_video_mem.hpp:46 in window<rows, cols, t>                                                                                  |
| array_partition | variable=val dim=1 complete                        | ../../../../../overlays/Vitis_Libraries/vision//L1/include/common/xf_video_mem.hpp:47 in window<rows, cols, t>, val                                                                             |
| array_partition | variable=val dim=2 complete                        | ../../../../../overlays/Vitis_Libraries/vision//L1/include/common/xf_video_mem.hpp:48 in window<rows, cols, t>, val                                                                             |
| inline          |                                                    | ../../../../../overlays/Vitis_Libraries/vision//L1/include/common/xf_video_mem.hpp:112 in shift_pixels_left                                                                                     |
| unroll          |                                                    | ../../../../../overlays/Vitis_Libraries/vision//L1/include/common/xf_video_mem.hpp:124 in shift_pixels_left                                                                                     |
| unroll          |                                                    | ../../../../../overlays/Vitis_Libraries/vision//L1/include/common/xf_video_mem.hpp:128 in shift_pixels_left                                                                                     |
| inline          |                                                    | ../../../../../overlays/Vitis_Libraries/vision//L1/include/common/xf_video_mem.hpp:156 in shift_pixels_right                                                                                    |
| unroll          |                                                    | ../../../../../overlays/Vitis_Libraries/vision//L1/include/common/xf_video_mem.hpp:168 in shift_pixels_right                                                                                    |
| unroll          |                                                    | ../../../../../overlays/Vitis_Libraries/vision//L1/include/common/xf_video_mem.hpp:172 in shift_pixels_right                                                                                    |
| inline          |                                                    | ../../../../../overlays/Vitis_Libraries/vision//L1/include/common/xf_video_mem.hpp:200 in shift_pixels_up                                                                                       |
| unroll          |                                                    | ../../../../../overlays/Vitis_Libraries/vision//L1/include/common/xf_video_mem.hpp:212 in shift_pixels_up                                                                                       |
| unroll          |                                                    | ../../../../../overlays/Vitis_Libraries/vision//L1/include/common/xf_video_mem.hpp:216 in shift_pixels_up                                                                                       |
| inline          |                                                    | ../../../../../overlays/Vitis_Libraries/vision//L1/include/common/xf_video_mem.hpp:244 in shift_pixels_down                                                                                     |
| unroll          |                                                    | ../../../../../overlays/Vitis_Libraries/vision//L1/include/common/xf_video_mem.hpp:256 in shift_pixels_down                                                                                     |
| unroll          |                                                    | ../../../../../overlays/Vitis_Libraries/vision//L1/include/common/xf_video_mem.hpp:260 in shift_pixels_down                                                                                     |
| inline          |                                                    | ../../../../../overlays/Vitis_Libraries/vision//L1/include/common/xf_video_mem.hpp:287 in insert_pixel                                                                                          |
| inline          |                                                    | ../../../../../overlays/Vitis_Libraries/vision//L1/include/common/xf_video_mem.hpp:320 in insert_row                                                                                            |
| unroll          |                                                    | ../../../../../overlays/Vitis_Libraries/vision//L1/include/common/xf_video_mem.hpp:332 in insert_row                                                                                            |
| inline          |                                                    | ../../../../../overlays/Vitis_Libraries/vision//L1/include/common/xf_video_mem.hpp:359 in insert_top_row                                                                                        |
| inline          |                                                    | ../../../../../overlays/Vitis_Libraries/vision//L1/include/common/xf_video_mem.hpp:392 in insert_bottom_row                                                                                     |
| inline          |                                                    | ../../../../../overlays/Vitis_Libraries/vision//L1/include/common/xf_video_mem.hpp:425 in insert_col                                                                                            |
| unroll          |                                                    | ../../../../../overlays/Vitis_Libraries/vision//L1/include/common/xf_video_mem.hpp:437 in insert_col                                                                                            |
| inline          |                                                    | ../../../../../overlays/Vitis_Libraries/vision//L1/include/common/xf_video_mem.hpp:464 in insert_left_col                                                                                       |
| inline          |                                                    | ../../../../../overlays/Vitis_Libraries/vision//L1/include/common/xf_video_mem.hpp:497 in insert_right_col                                                                                      |
| inline          |                                                    | ../../../../../overlays/Vitis_Libraries/vision//L1/include/common/xf_video_mem.hpp:530 in getval                                                                                                |
| inline          |                                                    | ../../../../../overlays/Vitis_Libraries/vision//L1/include/common/xf_video_mem.hpp:542 in operator()                                                                                            |
| inline          |                                                    | ../../../../../overlays/Vitis_Libraries/vision//L1/include/common/xf_video_mem.hpp:579 in shift_left                                                                                            |
| inline          |                                                    | ../../../../../overlays/Vitis_Libraries/vision//L1/include/common/xf_video_mem.hpp:592 in shift_right                                                                                           |
| inline          |                                                    | ../../../../../overlays/Vitis_Libraries/vision//L1/include/common/xf_video_mem.hpp:605 in shift_up                                                                                              |
| inline          |                                                    | ../../../../../overlays/Vitis_Libraries/vision//L1/include/common/xf_video_mem.hpp:618 in shift_down                                                                                            |
| inline          |                                                    | ../../../../../overlays/Vitis_Libraries/vision//L1/include/common/xf_video_mem.hpp:631 in insert                                                                                                |
| inline          |                                                    | ../../../../../overlays/Vitis_Libraries/vision//L1/include/common/xf_video_mem.hpp:644 in insert_top                                                                                            |
| inline          |                                                    | ../../../../../overlays/Vitis_Libraries/vision//L1/include/common/xf_video_mem.hpp:657 in insert_bottom                                                                                         |
| inline          |                                                    | ../../../../../overlays/Vitis_Libraries/vision//L1/include/common/xf_video_mem.hpp:670 in insert_left                                                                                           |
| inline          |                                                    | ../../../../../overlays/Vitis_Libraries/vision//L1/include/common/xf_video_mem.hpp:683 in insert_right                                                                                          |
| inline          |                                                    | ../../../../../overlays/Vitis_Libraries/vision//L1/include/common/xf_video_mem.hpp:700 in linebuffer<rows, cols, t, mem_type, reshape_factor>                                                   |
| dependence      | variable=val inter false                           | ../../../../../overlays/Vitis_Libraries/vision//L1/include/common/xf_video_mem.hpp:701 in linebuffer<rows, cols, t, mem_type, reshape_factor>, val                                              |
| dependence      | variable=val intra false                           | ../../../../../overlays/Vitis_Libraries/vision//L1/include/common/xf_video_mem.hpp:702 in linebuffer<rows, cols, t, mem_type, reshape_factor>, val                                              |
| bind_storage    | variable=val type=RAM_1P impl=BRAM                 | ../../../../../overlays/Vitis_Libraries/vision//L1/include/common/xf_video_mem.hpp:711 in linebuffer<rows, cols, t, mem_type, reshape_factor>, val                                              |
| bind_storage    | variable=val type=RAM_1P impl=URAM                 | ../../../../../overlays/Vitis_Libraries/vision//L1/include/common/xf_video_mem.hpp:716 in linebuffer<rows, cols, t, mem_type, reshape_factor>, val                                              |
| bind_storage    | variable=val type=RAM_2P impl=BRAM                 | ../../../../../overlays/Vitis_Libraries/vision//L1/include/common/xf_video_mem.hpp:721 in linebuffer<rows, cols, t, mem_type, reshape_factor>, val                                              |
| bind_storage    | variable=val type=RAM_2P impl=URAM                 | ../../../../../overlays/Vitis_Libraries/vision//L1/include/common/xf_video_mem.hpp:726 in linebuffer<rows, cols, t, mem_type, reshape_factor>, val                                              |
| bind_storage    | variable=val type=RAM_S2P impl=BRAM                | ../../../../../overlays/Vitis_Libraries/vision//L1/include/common/xf_video_mem.hpp:731 in linebuffer<rows, cols, t, mem_type, reshape_factor>, val                                              |
| bind_storage    | variable=val type=RAM_S2P impl=URAM                | ../../../../../overlays/Vitis_Libraries/vision//L1/include/common/xf_video_mem.hpp:736 in linebuffer<rows, cols, t, mem_type, reshape_factor>, val                                              |
| bind_storage    | variable=val type=RAM_T2P impl=BRAM                | ../../../../../overlays/Vitis_Libraries/vision//L1/include/common/xf_video_mem.hpp:741 in linebuffer<rows, cols, t, mem_type, reshape_factor>, val                                              |
| bind_storage    | variable=val type=RAM_T2P impl=URAM                | ../../../../../overlays/Vitis_Libraries/vision//L1/include/common/xf_video_mem.hpp:746 in linebuffer<rows, cols, t, mem_type, reshape_factor>, val                                              |
| array_partition | variable=val complete dim=1                        | ../../../../../overlays/Vitis_Libraries/vision//L1/include/common/xf_video_mem.hpp:755 in linebuffer<rows, cols, t, mem_type, reshape_factor>, val                                              |
| inline          |                                                    | ../../../../../overlays/Vitis_Libraries/vision//L1/include/common/xf_video_mem.hpp:813 in shift_pixels_down                                                                                     |
| unroll          |                                                    | ../../../../../overlays/Vitis_Libraries/vision//L1/include/common/xf_video_mem.hpp:826 in shift_pixels_down                                                                                     |
| inline          |                                                    | ../../../../../overlays/Vitis_Libraries/vision//L1/include/common/xf_video_mem.hpp:856 in shift_pixels_up                                                                                       |
| unroll          |                                                    | ../../../../../overlays/Vitis_Libraries/vision//L1/include/common/xf_video_mem.hpp:869 in shift_pixels_up                                                                                       |
| inline          |                                                    | ../../../../../overlays/Vitis_Libraries/vision//L1/include/common/xf_video_mem.hpp:898 in insert_bottom_row                                                                                     |
| inline          |                                                    | ../../../../../overlays/Vitis_Libraries/vision//L1/include/common/xf_video_mem.hpp:931 in insert_top_row                                                                                        |
| inline          |                                                    | ../../../../../overlays/Vitis_Libraries/vision//L1/include/common/xf_video_mem.hpp:964 in get_col                                                                                               |
| unroll          |                                                    | ../../../../../overlays/Vitis_Libraries/vision//L1/include/common/xf_video_mem.hpp:970 in get_col                                                                                               |
| inline          |                                                    | ../../../../../overlays/Vitis_Libraries/vision//L1/include/common/xf_video_mem.hpp:981 in getval                                                                                                |
| inline          |                                                    | ../../../../../overlays/Vitis_Libraries/vision//L1/include/common/xf_video_mem.hpp:992 in operator()                                                                                            |
| inline          |                                                    | ../../../../../overlays/Vitis_Libraries/vision//L1/include/common/xf_video_mem.hpp:1004 in shift_down                                                                                           |
| inline          |                                                    | ../../../../../overlays/Vitis_Libraries/vision//L1/include/common/xf_video_mem.hpp:1016 in shift_up                                                                                             |
| inline          |                                                    | ../../../../../overlays/Vitis_Libraries/vision//L1/include/common/xf_video_mem.hpp:1028 in insert_bottom                                                                                        |
| inline          |                                                    | ../../../../../overlays/Vitis_Libraries/vision//L1/include/common/xf_video_mem.hpp:1040 in insert_top                                                                                           |
| loop_tripcount  | min=4 max=4 avg=4                                  | ../../../../../overlays/Vitis_Libraries/vision//L1/include/core/xf_math.h:2884 in inverse32                                                                                                     |
| pipeline        |                                                    | ../../../../../overlays/Vitis_Libraries/vision//L1/include/core/xf_math.h:2885 in inverse32                                                                                                     |
| loop_tripcount  | min=4 max=4 avg=4                                  | ../../../../../overlays/Vitis_Libraries/vision//L1/include/core/xf_math.h:2898 in inverse32                                                                                                     |
| pipeline        |                                                    | ../../../../../overlays/Vitis_Libraries/vision//L1/include/core/xf_math.h:2899 in inverse32                                                                                                     |
| loop_tripcount  | min=4 max=4 avg=4                                  | ../../../../../overlays/Vitis_Libraries/vision//L1/include/core/xf_math.h:2912 in inverse32                                                                                                     |
| pipeline        |                                                    | ../../../../../overlays/Vitis_Libraries/vision//L1/include/core/xf_math.h:2913 in inverse32                                                                                                     |
| loop_tripcount  | min=4 max=4 avg=4                                  | ../../../../../overlays/Vitis_Libraries/vision//L1/include/core/xf_math.h:2926 in inverse32                                                                                                     |
| pipeline        |                                                    | ../../../../../overlays/Vitis_Libraries/vision//L1/include/core/xf_math.h:2927 in inverse32                                                                                                     |
| inline          | off                                                | ../../../../../overlays/Vitis_Libraries/vision//L1/include/core/xf_math.h:2952 in inverse                                                                                                       |
| loop_tripcount  | min=24 max=24                                      | ../../../../../overlays/Vitis_Libraries/vision//L1/include/core/xf_math.h:3017 in identifysignbits                                                                                              |
| pipeline        |                                                    | ../../../../../overlays/Vitis_Libraries/vision//L1/include/core/xf_math.h:3018 in identifysignbits                                                                                              |
| pipeline        |                                                    | ../../../../../overlays/Vitis_Libraries/vision//L1/include/core/xf_math.h:3349 in sqrt                                                                                                          |
| inline          | OFF                                                | ../../../../../overlays/Vitis_Libraries/vision//L1/include/imgproc/xf_aec.hpp:74 in autoexposurecorrection_mono                                                                                 |
| inline          | OFF                                                | ../../../../../overlays/Vitis_Libraries/vision//L1/include/imgproc/xf_aec.hpp:108 in autoexposurecorrection                                                                                     |
| dataflow        |                                                    | ../../../../../overlays/Vitis_Libraries/vision//L1/include/imgproc/xf_aec.hpp:134 in autoexposurecorrection                                                                                     |
| loop_tripcount  | min=ROWS max=ROWS                                  | ../../../../../overlays/Vitis_Libraries/vision//L1/include/imgproc/xf_autowhitebalance.hpp:86 in awbgainupdatekernel                                                                            |
| loop_flatten    | OFF                                                | ../../../../../overlays/Vitis_Libraries/vision//L1/include/imgproc/xf_autowhitebalance.hpp:87 in awbgainupdatekernel                                                                            |
| loop_tripcount  | min=TC max=TC                                      | ../../../../../overlays/Vitis_Libraries/vision//L1/include/imgproc/xf_autowhitebalance.hpp:92 in awbgainupdatekernel                                                                            |
| pipeline        |                                                    | ../../../../../overlays/Vitis_Libraries/vision//L1/include/imgproc/xf_autowhitebalance.hpp:93 in awbgainupdatekernel                                                                            |
| unroll          |                                                    | ../../../../../overlays/Vitis_Libraries/vision//L1/include/imgproc/xf_autowhitebalance.hpp:99 in awbgainupdatekernel                                                                            |
| array_partition | variable=tmpsum_vals complete dim=0                | ../../../../../overlays/Vitis_Libraries/vision//L1/include/imgproc/xf_autowhitebalance.hpp:152 in awbchannelgainkernel, tmpsum_vals                                                             |
| array_partition | variable=sum complete dim=0                        | ../../../../../overlays/Vitis_Libraries/vision//L1/include/imgproc/xf_autowhitebalance.hpp:153 in awbchannelgainkernel, sum                                                                     |
| unroll          |                                                    | ../../../../../overlays/Vitis_Libraries/vision//L1/include/imgproc/xf_autowhitebalance.hpp:158 in awbchannelgainkernel                                                                          |
| unroll          |                                                    | ../../../../../overlays/Vitis_Libraries/vision//L1/include/imgproc/xf_autowhitebalance.hpp:164 in awbchannelgainkernel                                                                          |
| loop_tripcount  | min=ROWS max=ROWS                                  | ../../../../../overlays/Vitis_Libraries/vision//L1/include/imgproc/xf_autowhitebalance.hpp:174 in awbchannelgainkernel                                                                          |
| loop_tripcount  | min=COLS/NPC max=COLS/NPC                          | ../../../../../overlays/Vitis_Libraries/vision//L1/include/imgproc/xf_autowhitebalance.hpp:179 in awbchannelgainkernel                                                                          |
| pipeline        | II=1                                               | ../../../../../overlays/Vitis_Libraries/vision//L1/include/imgproc/xf_autowhitebalance.hpp:180 in awbchannelgainkernel                                                                          |
| loop_flatten    | OFF                                                | ../../../../../overlays/Vitis_Libraries/vision//L1/include/imgproc/xf_autowhitebalance.hpp:181 in awbchannelgainkernel                                                                          |
| unroll          |                                                    | ../../../../../overlays/Vitis_Libraries/vision//L1/include/imgproc/xf_autowhitebalance.hpp:191 in awbchannelgainkernel                                                                          |
| unroll          |                                                    | ../../../../../overlays/Vitis_Libraries/vision//L1/include/imgproc/xf_autowhitebalance.hpp:215 in awbchannelgainkernel                                                                          |
| inline          | OFF                                                | ../../../../../overlays/Vitis_Libraries/vision//L1/include/imgproc/xf_autowhitebalance.hpp:288 in awbnormalizationkernel                                                                        |
| array_partition | variable = minValue complete dim = 0               | ../../../../../overlays/Vitis_Libraries/vision//L1/include/imgproc/xf_autowhitebalance.hpp:312 in awbnormalizationkernel                                                                        |
| array_partition | variable = maxValue complete dim = 0               | ../../../../../overlays/Vitis_Libraries/vision//L1/include/imgproc/xf_autowhitebalance.hpp:313 in awbnormalizationkernel                                                                        |
| pipeline        |                                                    | ../../../../../overlays/Vitis_Libraries/vision//L1/include/imgproc/xf_autowhitebalance.hpp:333 in awbnormalizationkernel                                                                        |
| loop_tripcount  | min = 255 max = 255                                | ../../../../../overlays/Vitis_Libraries/vision//L1/include/imgproc/xf_autowhitebalance.hpp:334 in awbnormalizationkernel                                                                        |
| dependence      | variable = hist array intra false                  | ../../../../../overlays/Vitis_Libraries/vision//L1/include/imgproc/xf_autowhitebalance.hpp:335 in awbnormalizationkernel                                                                        |
| dependence      | variable = minValue intra false                    | ../../../../../overlays/Vitis_Libraries/vision//L1/include/imgproc/xf_autowhitebalance.hpp:336 in awbnormalizationkernel                                                                        |
| pipeline        |                                                    | ../../../../../overlays/Vitis_Libraries/vision//L1/include/imgproc/xf_autowhitebalance.hpp:343 in awbnormalizationkernel                                                                        |
| loop_tripcount  | min = 255 max = 255                                | ../../../../../overlays/Vitis_Libraries/vision//L1/include/imgproc/xf_autowhitebalance.hpp:344 in awbnormalizationkernel                                                                        |
| dependence      | variable = hist array intra false                  | ../../../../../overlays/Vitis_Libraries/vision//L1/include/imgproc/xf_autowhitebalance.hpp:345 in awbnormalizationkernel                                                                        |
| dependence      | variable = maxValue intra false                    | ../../../../../overlays/Vitis_Libraries/vision//L1/include/imgproc/xf_autowhitebalance.hpp:346 in awbnormalizationkernel                                                                        |
| array_partition | variable = maxmin_diff complete dim = 0            | ../../../../../overlays/Vitis_Libraries/vision//L1/include/imgproc/xf_autowhitebalance.hpp:360 in awbnormalizationkernel                                                                        |
| loop_tripcount  | min=ROWS max=ROWS                                  | ../../../../../overlays/Vitis_Libraries/vision//L1/include/imgproc/xf_autowhitebalance.hpp:386 in awbnormalizationkernel                                                                        |
| loop_tripcount  | min=COLS/NPC max=COLS/NPC                          | ../../../../../overlays/Vitis_Libraries/vision//L1/include/imgproc/xf_autowhitebalance.hpp:392 in awbnormalizationkernel                                                                        |
| pipeline        | II=1                                               | ../../../../../overlays/Vitis_Libraries/vision//L1/include/imgproc/xf_autowhitebalance.hpp:393 in awbnormalizationkernel                                                                        |
| loop_flatten    | OFF                                                | ../../../../../overlays/Vitis_Libraries/vision//L1/include/imgproc/xf_autowhitebalance.hpp:394 in awbnormalizationkernel                                                                        |
| unroll          |                                                    | ../../../../../overlays/Vitis_Libraries/vision//L1/include/imgproc/xf_autowhitebalance.hpp:405 in awbnormalizationkernel                                                                        |
| inline          | OFF                                                | ../../../../../overlays/Vitis_Libraries/vision//L1/include/imgproc/xf_autowhitebalance.hpp:443 in awbhistogramkernel                                                                            |
| pipeline        |                                                    | ../../../../../overlays/Vitis_Libraries/vision//L1/include/imgproc/xf_autowhitebalance.hpp:469 in awbhistogramkernel                                                                            |
| loop_tripcount  | min=HISTSIZE max=HISTSIZE                          | ../../../../../overlays/Vitis_Libraries/vision//L1/include/imgproc/xf_autowhitebalance.hpp:470 in awbhistogramkernel                                                                            |
| unroll          |                                                    | ../../../../../overlays/Vitis_Libraries/vision//L1/include/imgproc/xf_autowhitebalance.hpp:475 in awbhistogramkernel                                                                            |
| bind_storage    | variable=tmp_hist type=RAM_T2P impl=BRAM           | ../../../../../overlays/Vitis_Libraries/vision//L1/include/imgproc/xf_autowhitebalance.hpp:485 in awbhistogramkernel, tmp_hist                                                                  |
| bind_storage    | variable=tmp_hist1 type=RAM_T2P impl=BRAM          | ../../../../../overlays/Vitis_Libraries/vision//L1/include/imgproc/xf_autowhitebalance.hpp:486 in awbhistogramkernel, tmp_hist1                                                                 |
| array_partition | variable=tmp_hist complete dim=1                   | ../../../../../overlays/Vitis_Libraries/vision//L1/include/imgproc/xf_autowhitebalance.hpp:487 in awbhistogramkernel, tmp_hist                                                                  |
| array_partition | variable=tmp_hist1 complete dim=1                  | ../../../../../overlays/Vitis_Libraries/vision//L1/include/imgproc/xf_autowhitebalance.hpp:488 in awbhistogramkernel, tmp_hist1                                                                 |
| pipeline        |                                                    | ../../../../../overlays/Vitis_Libraries/vision//L1/include/imgproc/xf_autowhitebalance.hpp:498 in awbhistogramkernel                                                                            |
| loop_tripcount  | min=HISTSIZE max=HISTSIZE                          | ../../../../../overlays/Vitis_Libraries/vision//L1/include/imgproc/xf_autowhitebalance.hpp:502 in awbhistogramkernel                                                                            |
| array_partition | variable = old complete                            | ../../../../../overlays/Vitis_Libraries/vision//L1/include/imgproc/xf_autowhitebalance.hpp:513 in awbhistogramkernel                                                                            |
| array_partition | variable = old1 complete                           | ../../../../../overlays/Vitis_Libraries/vision//L1/include/imgproc/xf_autowhitebalance.hpp:514 in awbhistogramkernel                                                                            |
| array_partition | variable = acc complete                            | ../../../../../overlays/Vitis_Libraries/vision//L1/include/imgproc/xf_autowhitebalance.hpp:515 in awbhistogramkernel                                                                            |
| array_partition | variable = acc1 complete                           | ../../../../../overlays/Vitis_Libraries/vision//L1/include/imgproc/xf_autowhitebalance.hpp:516 in awbhistogramkernel                                                                            |
| loop_tripcount  | min=1 max=ROWS                                     | ../../../../../overlays/Vitis_Libraries/vision//L1/include/imgproc/xf_autowhitebalance.hpp:534 in awbhistogramkernel                                                                            |
| pipeline        | II=2                                               | ../../../../../overlays/Vitis_Libraries/vision//L1/include/imgproc/xf_autowhitebalance.hpp:540 in awbhistogramkernel                                                                            |
| loop_flatten    | OFF                                                | ../../../../../overlays/Vitis_Libraries/vision//L1/include/imgproc/xf_autowhitebalance.hpp:541 in awbhistogramkernel                                                                            |
| loop_tripcount  | min=1 max=COLS/4                                   | ../../../../../overlays/Vitis_Libraries/vision//L1/include/imgproc/xf_autowhitebalance.hpp:542 in awbhistogramkernel                                                                            |
| unroll          |                                                    | ../../../../../overlays/Vitis_Libraries/vision//L1/include/imgproc/xf_autowhitebalance.hpp:556 in awbhistogramkernel                                                                            |
| loop_tripcount  | min=1 max=6                                        | ../../../../../overlays/Vitis_Libraries/vision//L1/include/imgproc/xf_autowhitebalance.hpp:592 in awbhistogramkernel                                                                            |
| unroll          |                                                    | ../../../../../overlays/Vitis_Libraries/vision//L1/include/imgproc/xf_autowhitebalance.hpp:593 in awbhistogramkernel                                                                            |
| pipeline        |                                                    | ../../../../../overlays/Vitis_Libraries/vision//L1/include/imgproc/xf_autowhitebalance.hpp:607 in awbhistogramkernel                                                                            |
| unroll          |                                                    | ../../../../../overlays/Vitis_Libraries/vision//L1/include/imgproc/xf_autowhitebalance.hpp:613 in awbhistogramkernel                                                                            |
| unroll          |                                                    | ../../../../../overlays/Vitis_Libraries/vision//L1/include/imgproc/xf_autowhitebalance.hpp:621 in awbhistogramkernel                                                                            |
| inline          | OFF                                                | ../../../../../overlays/Vitis_Libraries/vision//L1/include/imgproc/xf_autowhitebalance.hpp:649 in awbhistogram                                                                                  |
| inline          | OFF                                                | ../../../../../overlays/Vitis_Libraries/vision//L1/include/imgproc/xf_autowhitebalance.hpp:674 in awbnormalization                                                                              |
| inline          | OFF                                                | ../../../../../overlays/Vitis_Libraries/vision//L1/include/imgproc/xf_autowhitebalance.hpp:737 in hist_nor_awb                                                                                  |
| dataflow        |                                                    | ../../../../../overlays/Vitis_Libraries/vision//L1/include/imgproc/xf_autowhitebalance.hpp:741 in hist_nor_awb                                                                                  |
| inline          | OFF                                                | ../../../../../overlays/Vitis_Libraries/vision//L1/include/imgproc/xf_autowhitebalance.hpp:773 in hist_nor_awb_wrap                                                                             |
| array_partition | variable=hist0 complete dim=1                      | ../../../../../overlays/Vitis_Libraries/vision//L1/include/imgproc/xf_autowhitebalance.hpp:814 in hist_nor_awb_multi, hist0                                                                     |
| array_partition | variable=hist0 complete dim=2                      | ../../../../../overlays/Vitis_Libraries/vision//L1/include/imgproc/xf_autowhitebalance.hpp:815 in hist_nor_awb_multi, hist0                                                                     |
| array_partition | variable=hist1 complete dim=1                      | ../../../../../overlays/Vitis_Libraries/vision//L1/include/imgproc/xf_autowhitebalance.hpp:816 in hist_nor_awb_multi, hist1                                                                     |
| array_partition | variable=hist1 complete dim=2                      | ../../../../../overlays/Vitis_Libraries/vision//L1/include/imgproc/xf_autowhitebalance.hpp:817 in hist_nor_awb_multi, hist1                                                                     |
| array_partition | variable=flag complete dim=1                       | ../../../../../overlays/Vitis_Libraries/vision//L1/include/imgproc/xf_autowhitebalance.hpp:818 in hist_nor_awb_multi, flag                                                                      |
| array_partition | variable=eof complete dim=1                        | ../../../../../overlays/Vitis_Libraries/vision//L1/include/imgproc/xf_autowhitebalance.hpp:819 in hist_nor_awb_multi, eof                                                                       |
| array_partition | variable=pawb complete dim=1                       | ../../../../../overlays/Vitis_Libraries/vision//L1/include/imgproc/xf_autowhitebalance.hpp:820 in hist_nor_awb_multi, pawb                                                                      |
| inline          | OFF                                                | ../../../../../overlays/Vitis_Libraries/vision//L1/include/imgproc/xf_autowhitebalance.hpp:846 in chgain_update_awb                                                                             |
| dataflow        |                                                    | ../../../../../overlays/Vitis_Libraries/vision//L1/include/imgproc/xf_autowhitebalance.hpp:851 in chgain_update_awb                                                                             |
| inline          | OFF                                                | ../../../../../overlays/Vitis_Libraries/vision//L1/include/imgproc/xf_autowhitebalance.hpp:875 in chgain_update_awb_wrap                                                                        |
| array_partition | variable= pawb dim=1 complete                      | ../../../../../overlays/Vitis_Libraries/vision//L1/include/imgproc/xf_autowhitebalance.hpp:912 in chgain_update_awb_multi                                                                       |
| array_partition | variable=i_gain0 complete dim=1                    | ../../../../../overlays/Vitis_Libraries/vision//L1/include/imgproc/xf_autowhitebalance.hpp:913 in chgain_update_awb_multi, i_gain0                                                              |
| array_partition | variable=i_gain0 complete dim=2                    | ../../../../../overlays/Vitis_Libraries/vision//L1/include/imgproc/xf_autowhitebalance.hpp:914 in chgain_update_awb_multi, i_gain0                                                              |
| array_partition | variable=i_gain1 complete dim=1                    | ../../../../../overlays/Vitis_Libraries/vision//L1/include/imgproc/xf_autowhitebalance.hpp:915 in chgain_update_awb_multi, i_gain1                                                              |
| array_partition | variable=i_gain1 complete dim=2                    | ../../../../../overlays/Vitis_Libraries/vision//L1/include/imgproc/xf_autowhitebalance.hpp:916 in chgain_update_awb_multi, i_gain1                                                              |
| array_partition | variable=flag complete dim=1                       | ../../../../../overlays/Vitis_Libraries/vision//L1/include/imgproc/xf_autowhitebalance.hpp:917 in chgain_update_awb_multi, flag                                                                 |
| array_partition | variable=eof complete dim=1                        | ../../../../../overlays/Vitis_Libraries/vision//L1/include/imgproc/xf_autowhitebalance.hpp:918 in chgain_update_awb_multi, eof                                                                  |
| inline          | OFF                                                | ../../../../../overlays/Vitis_Libraries/vision//L1/include/imgproc/xf_bgr2hsv.hpp:81 in bgr2hsv                                                                                                 |
| loop_tripcount  | max=ROWS                                           | ../../../../../overlays/Vitis_Libraries/vision//L1/include/imgproc/xf_bgr2hsv.hpp:136 in bgr2hsv                                                                                                |
| loop_tripcount  | max=COLS                                           | ../../../../../overlays/Vitis_Libraries/vision//L1/include/imgproc/xf_bgr2hsv.hpp:140 in bgr2hsv                                                                                                |
| pipeline        |                                                    | ../../../../../overlays/Vitis_Libraries/vision//L1/include/imgproc/xf_bgr2hsv.hpp:141 in bgr2hsv                                                                                                |
| inline          | OFF                                                | ../../../../../overlays/Vitis_Libraries/vision//L1/include/imgproc/xf_black_level.hpp:75 in blacklevelcorrection                                                                                |
| pipeline        | II=1                                               | ../../../../../overlays/Vitis_Libraries/vision//L1/include/imgproc/xf_black_level.hpp:95 in blacklevelcorrection                                                                                |
| loop_tripcount  | min=_TC max=_TC                                    | ../../../../../overlays/Vitis_Libraries/vision//L1/include/imgproc/xf_black_level.hpp:96 in blacklevelcorrection                                                                                |
| unroll          |                                                    | ../../../../../overlays/Vitis_Libraries/vision//L1/include/imgproc/xf_black_level.hpp:104 in blacklevelcorrection                                                                               |
| array_partition | variable= black_level dim=1 complete               | ../../../../../overlays/Vitis_Libraries/vision//L1/include/imgproc/xf_black_level.hpp:139 in blacklevelcorrection_multi                                                                         |
| inline          |                                                    | ../../../../../overlays/Vitis_Libraries/vision//L1/include/imgproc/xf_bpc.hpp:93 in genericbpc<f, src_t, rows, cols, k_rows, k_cols, nppc, xfcvdepth_in_1, xfcvdepth_out_1, border_t, use_uram> |
| inline          |                                                    | ../../../../../overlays/Vitis_Libraries/vision//L1/include/imgproc/xf_bpc.hpp:115 in initialize                                                                                                 |
| unroll          |                                                    | ../../../../../overlays/Vitis_Libraries/vision//L1/include/imgproc/xf_bpc.hpp:127 in initialize                                                                                                 |
| inline          | OFF                                                | ../../../../../overlays/Vitis_Libraries/vision//L1/include/imgproc/xf_bpc.hpp:140 in process_row                                                                                                |
| unroll          |                                                    | ../../../../../overlays/Vitis_Libraries/vision//L1/include/imgproc/xf_bpc.hpp:163 in process_row                                                                                                |
| unroll          |                                                    | ../../../../../overlays/Vitis_Libraries/vision//L1/include/imgproc/xf_bpc.hpp:166 in process_row                                                                                                |
| pipeline        | II = 1                                             | ../../../../../overlays/Vitis_Libraries/vision//L1/include/imgproc/xf_bpc.hpp:176 in process_row                                                                                                |
| loop_tripcount  | min = 1 max = _TC                                  | ../../../../../overlays/Vitis_Libraries/vision//L1/include/imgproc/xf_bpc.hpp:177 in process_row                                                                                                |
| unroll          |                                                    | ../../../../../overlays/Vitis_Libraries/vision//L1/include/imgproc/xf_bpc.hpp:190 in process_row                                                                                                |
| unroll          |                                                    | ../../../../../overlays/Vitis_Libraries/vision//L1/include/imgproc/xf_bpc.hpp:212 in process_row                                                                                                |
| array_partition | variable = NxM_src_blk complete                    | ../../../../../overlays/Vitis_Libraries/vision//L1/include/imgproc/xf_bpc.hpp:215 in process_row                                                                                                |
| unroll          |                                                    | ../../../../../overlays/Vitis_Libraries/vision//L1/include/imgproc/xf_bpc.hpp:222 in process_row                                                                                                |
| unroll          |                                                    | ../../../../../overlays/Vitis_Libraries/vision//L1/include/imgproc/xf_bpc.hpp:224 in process_row                                                                                                |
| unroll          |                                                    | ../../../../../overlays/Vitis_Libraries/vision//L1/include/imgproc/xf_bpc.hpp:263 in process_row                                                                                                |
| unroll          |                                                    | ../../../../../overlays/Vitis_Libraries/vision//L1/include/imgproc/xf_bpc.hpp:265 in process_row                                                                                                |
| inline          | OFF                                                | ../../../../../overlays/Vitis_Libraries/vision//L1/include/imgproc/xf_bpc.hpp:278 in update_row_idx                                                                                             |
| unroll          |                                                    | ../../../../../overlays/Vitis_Libraries/vision//L1/include/imgproc/xf_bpc.hpp:283 in update_row_idx                                                                                             |
| inline          | OFF                                                | ../../../../../overlays/Vitis_Libraries/vision//L1/include/imgproc/xf_bpc.hpp:296 in process_image                                                                                              |
| unroll          |                                                    | ../../../../../overlays/Vitis_Libraries/vision//L1/include/imgproc/xf_bpc.hpp:314 in process_image                                                                                              |
| pipeline        |                                                    | ../../../../../overlays/Vitis_Libraries/vision//L1/include/imgproc/xf_bpc.hpp:316 in process_image                                                                                              |
| loop_tripcount  | min = 1 max = _TC                                  | ../../../../../overlays/Vitis_Libraries/vision//L1/include/imgproc/xf_bpc.hpp:317 in process_image                                                                                              |
| unroll          |                                                    | ../../../../../overlays/Vitis_Libraries/vision//L1/include/imgproc/xf_bpc.hpp:325 in process_image                                                                                              |
| pipeline        |                                                    | ../../../../../overlays/Vitis_Libraries/vision//L1/include/imgproc/xf_bpc.hpp:327 in process_image                                                                                              |
| loop_tripcount  | min = 1 max = _TC                                  | ../../../../../overlays/Vitis_Libraries/vision//L1/include/imgproc/xf_bpc.hpp:328 in process_image                                                                                              |
| loop_tripcount  | min = 1 max = ROWS                                 | ../../../../../overlays/Vitis_Libraries/vision//L1/include/imgproc/xf_bpc.hpp:339 in process_image                                                                                              |
| inline          |                                                    | ../../../../../overlays/Vitis_Libraries/vision//L1/include/imgproc/xf_bpc.hpp:363 in apply                                                                                                      |
| array_partition | variable = array complete dim = 1                  | ../../../../../overlays/Vitis_Libraries/vision//L1/include/imgproc/xf_bpc.hpp:368 in apply                                                                                                      |
| loop_tripcount  | min = 1 max = 5                                    | ../../../../../overlays/Vitis_Libraries/vision//L1/include/imgproc/xf_bpc.hpp:373 in apply                                                                                                      |
| unroll          |                                                    | ../../../../../overlays/Vitis_Libraries/vision//L1/include/imgproc/xf_bpc.hpp:374 in apply                                                                                                      |
| loop_tripcount  | min = 1 max = 5                                    | ../../../../../overlays/Vitis_Libraries/vision//L1/include/imgproc/xf_bpc.hpp:376 in apply                                                                                                      |
| unroll          |                                                    | ../../../../../overlays/Vitis_Libraries/vision//L1/include/imgproc/xf_bpc.hpp:377 in apply                                                                                                      |
| loop_tripcount  | min = 1 max = 9                                    | ../../../../../overlays/Vitis_Libraries/vision//L1/include/imgproc/xf_bpc.hpp:388 in apply                                                                                                      |
| unroll          |                                                    | ../../../../../overlays/Vitis_Libraries/vision//L1/include/imgproc/xf_bpc.hpp:389 in apply                                                                                                      |
| loop_tripcount  | min = 1 max = 9                                    | ../../../../../overlays/Vitis_Libraries/vision//L1/include/imgproc/xf_bpc.hpp:399 in apply                                                                                                      |
| inline          | OFF                                                | ../../../../../overlays/Vitis_Libraries/vision//L1/include/imgproc/xf_bpc.hpp:457 in badpixelcorrection                                                                                         |
| loop_flatten    | off                                                | ../../../../../overlays/Vitis_Libraries/vision//L1/include/imgproc/xf_channel_combine.hpp:61 in xfchannelcombinekernel                                                                          |
| loop_tripcount  | min=ROWS max=ROWS                                  | ../../../../../overlays/Vitis_Libraries/vision//L1/include/imgproc/xf_channel_combine.hpp:62 in xfchannelcombinekernel                                                                          |
| loop_tripcount  | min=TC max=TC                                      | ../../../../../overlays/Vitis_Libraries/vision//L1/include/imgproc/xf_channel_combine.hpp:67 in xfchannelcombinekernel                                                                          |
| unroll          |                                                    | ../../../../../overlays/Vitis_Libraries/vision//L1/include/imgproc/xf_channel_combine.hpp:79 in xfchannelcombinekernel                                                                          |
| loop_flatten    | off                                                | ../../../../../overlays/Vitis_Libraries/vision//L1/include/imgproc/xf_channel_combine.hpp:122 in xfchannelcombinekernel                                                                         |
| loop_tripcount  | min=ROWS max=ROWS                                  | ../../../../../overlays/Vitis_Libraries/vision//L1/include/imgproc/xf_channel_combine.hpp:123 in xfchannelcombinekernel                                                                         |
| loop_tripcount  | min=TC max=TC                                      | ../../../../../overlays/Vitis_Libraries/vision//L1/include/imgproc/xf_channel_combine.hpp:128 in xfchannelcombinekernel                                                                         |
| unroll          |                                                    | ../../../../../overlays/Vitis_Libraries/vision//L1/include/imgproc/xf_channel_combine.hpp:139 in xfchannelcombinekernel                                                                         |
| loop_flatten    | off                                                | ../../../../../overlays/Vitis_Libraries/vision//L1/include/imgproc/xf_channel_combine.hpp:179 in xfchannelcombinekernel                                                                         |
| loop_tripcount  | min=ROWS max=ROWS                                  | ../../../../../overlays/Vitis_Libraries/vision//L1/include/imgproc/xf_channel_combine.hpp:180 in xfchannelcombinekernel                                                                         |
| loop_tripcount  | min=TC max=TC                                      | ../../../../../overlays/Vitis_Libraries/vision//L1/include/imgproc/xf_channel_combine.hpp:185 in xfchannelcombinekernel                                                                         |
| unroll          |                                                    | ../../../../../overlays/Vitis_Libraries/vision//L1/include/imgproc/xf_channel_combine.hpp:195 in xfchannelcombinekernel                                                                         |
| inline          | off                                                | ../../../../../overlays/Vitis_Libraries/vision//L1/include/imgproc/xf_channel_combine.hpp:237 in merge                                                                                          |
| inline          | off                                                | ../../../../../overlays/Vitis_Libraries/vision//L1/include/imgproc/xf_channel_combine.hpp:275 in merge                                                                                          |
| inline          | off                                                | ../../../../../overlays/Vitis_Libraries/vision//L1/include/imgproc/xf_channel_combine.hpp:317 in merge                                                                                          |
| loop_tripcount  | min=ROWS max=ROWS                                  | ../../../../../overlays/Vitis_Libraries/vision//L1/include/imgproc/xf_channel_extract.hpp:77 in xfchannelextractkernel                                                                          |
| loop_flatten    | off                                                | ../../../../../overlays/Vitis_Libraries/vision//L1/include/imgproc/xf_channel_extract.hpp:78 in xfchannelextractkernel                                                                          |
| loop_tripcount  | min=TC max=TC                                      | ../../../../../overlays/Vitis_Libraries/vision//L1/include/imgproc/xf_channel_extract.hpp:83 in xfchannelextractkernel                                                                          |
| pipeline        |                                                    | ../../../../../overlays/Vitis_Libraries/vision//L1/include/imgproc/xf_channel_extract.hpp:84 in xfchannelextractkernel                                                                          |
| unroll          |                                                    | ../../../../../overlays/Vitis_Libraries/vision//L1/include/imgproc/xf_channel_extract.hpp:92 in xfchannelextractkernel                                                                          |
| inline          | OFF                                                | ../../../../../overlays/Vitis_Libraries/vision//L1/include/imgproc/xf_channel_extract.hpp:137 in extractchannel                                                                                 |
| loop_tripcount  | min=ROWS max=ROWS                                  | ../../../../../overlays/Vitis_Libraries/vision//L1/include/imgproc/xf_colorcorrectionmatrix.hpp:241 in xfccmkernel                                                                              |
| loop_flatten    | off                                                | ../../../../../overlays/Vitis_Libraries/vision//L1/include/imgproc/xf_colorcorrectionmatrix.hpp:242 in xfccmkernel                                                                              |
| loop_tripcount  | min=COLS_TRIP max=COLS_TRIP                        | ../../../../../overlays/Vitis_Libraries/vision//L1/include/imgproc/xf_colorcorrectionmatrix.hpp:248 in xfccmkernel                                                                              |
| pipeline        |                                                    | ../../../../../overlays/Vitis_Libraries/vision//L1/include/imgproc/xf_colorcorrectionmatrix.hpp:249 in xfccmkernel                                                                              |
| unroll          |                                                    | ../../../../../overlays/Vitis_Libraries/vision//L1/include/imgproc/xf_colorcorrectionmatrix.hpp:257 in xfccmkernel                                                                              |
| inline          | OFF                                                | ../../../../../overlays/Vitis_Libraries/vision//L1/include/imgproc/xf_colorcorrectionmatrix.hpp:316 in colorcorrectionmatrix                                                                    |
| loop_tripcount  | min=ROWS max=ROWS                                  | ../../../../../overlays/Vitis_Libraries/vision//L1/include/imgproc/xf_cvt_color.hpp:45 in write_y_ro                                                                                            |
| loop_flatten    | off                                                | ../../../../../overlays/Vitis_Libraries/vision//L1/include/imgproc/xf_cvt_color.hpp:46 in write_y_ro                                                                                            |
| loop_tripcount  | min=TC max=TC                                      | ../../../../../overlays/Vitis_Libraries/vision//L1/include/imgproc/xf_cvt_color.hpp:50 in write_y_ro                                                                                            |
| array_partition | variable=Y0 complete                               | ../../../../../overlays/Vitis_Libraries/vision//L1/include/imgproc/xf_cvt_color.hpp:83 in kernrgba2yuv4_ro, Y0                                                                                  |
| array_partition | variable=U complete                                | ../../../../../overlays/Vitis_Libraries/vision//L1/include/imgproc/xf_cvt_color.hpp:84 in kernrgba2yuv4_ro, U                                                                                   |
| array_partition | variable=V complete                                | ../../../../../overlays/Vitis_Libraries/vision//L1/include/imgproc/xf_cvt_color.hpp:85 in kernrgba2yuv4_ro, V                                                                                   |
| array_partition | variable=RGB complete                              | ../../../../../overlays/Vitis_Libraries/vision//L1/include/imgproc/xf_cvt_color.hpp:86 in kernrgba2yuv4_ro, RGB                                                                                 |
| loop_flatten    | off                                                | ../../../../../overlays/Vitis_Libraries/vision//L1/include/imgproc/xf_cvt_color.hpp:96 in kernrgba2yuv4_ro                                                                                      |
| loop_tripcount  | min=ROWS max=ROWS                                  | ../../../../../overlays/Vitis_Libraries/vision//L1/include/imgproc/xf_cvt_color.hpp:97 in kernrgba2yuv4_ro                                                                                      |
| pipeline        |                                                    | ../../../../../overlays/Vitis_Libraries/vision//L1/include/imgproc/xf_cvt_color.hpp:102 in kernrgba2yuv4_ro                                                                                     |
| loop_tripcount  | min=TC max=TC                                      | ../../../../../overlays/Vitis_Libraries/vision//L1/include/imgproc/xf_cvt_color.hpp:103 in kernrgba2yuv4_ro                                                                                     |
| loop_tripcount  | min=iTC max=iTC                                    | ../../../../../overlays/Vitis_Libraries/vision//L1/include/imgproc/xf_cvt_color.hpp:113 in kernrgba2yuv4_ro                                                                                     |
| array_partition | variable=Y0 complete                               | ../../../../../overlays/Vitis_Libraries/vision//L1/include/imgproc/xf_cvt_color.hpp:175 in kernrgba2iyuv_ro, Y0                                                                                 |
| array_partition | variable=U complete                                | ../../../../../overlays/Vitis_Libraries/vision//L1/include/imgproc/xf_cvt_color.hpp:176 in kernrgba2iyuv_ro, U                                                                                  |
| array_partition | variable=V complete                                | ../../../../../overlays/Vitis_Libraries/vision//L1/include/imgproc/xf_cvt_color.hpp:177 in kernrgba2iyuv_ro, V                                                                                  |
| array_partition | variable=RGB complete                              | ../../../../../overlays/Vitis_Libraries/vision//L1/include/imgproc/xf_cvt_color.hpp:178 in kernrgba2iyuv_ro, RGB                                                                                |
| loop_flatten    | off                                                | ../../../../../overlays/Vitis_Libraries/vision//L1/include/imgproc/xf_cvt_color.hpp:194 in kernrgba2iyuv_ro                                                                                     |
| loop_tripcount  | min=ROWS max=ROWS                                  | ../../../../../overlays/Vitis_Libraries/vision//L1/include/imgproc/xf_cvt_color.hpp:195 in kernrgba2iyuv_ro                                                                                     |
| pipeline        |                                                    | ../../../../../overlays/Vitis_Libraries/vision//L1/include/imgproc/xf_cvt_color.hpp:200 in kernrgba2iyuv_ro                                                                                     |
| loop_tripcount  | min=TC max=TC                                      | ../../../../../overlays/Vitis_Libraries/vision//L1/include/imgproc/xf_cvt_color.hpp:201 in kernrgba2iyuv_ro                                                                                     |
| loop_tripcount  | min=iTC max=iTC                                    | ../../../../../overlays/Vitis_Libraries/vision//L1/include/imgproc/xf_cvt_color.hpp:207 in kernrgba2iyuv_ro                                                                                     |
| unroll          |                                                    | ../../../../../overlays/Vitis_Libraries/vision//L1/include/imgproc/xf_cvt_color.hpp:208 in kernrgba2iyuv_ro                                                                                     |
| array_partition | variable=Y0 complete                               | ../../../../../overlays/Vitis_Libraries/vision//L1/include/imgproc/xf_cvt_color.hpp:284 in kernrgba2nv12_ro, Y0                                                                                 |
| array_partition | variable=UV complete                               | ../../../../../overlays/Vitis_Libraries/vision//L1/include/imgproc/xf_cvt_color.hpp:285 in kernrgba2nv12_ro, UV                                                                                 |
| array_partition | variable=RGB complete                              | ../../../../../overlays/Vitis_Libraries/vision//L1/include/imgproc/xf_cvt_color.hpp:286 in kernrgba2nv12_ro, RGB                                                                                |
| loop_flatten    | off                                                | ../../../../../overlays/Vitis_Libraries/vision//L1/include/imgproc/xf_cvt_color.hpp:296 in kernrgba2nv12_ro                                                                                     |
| loop_tripcount  | min=ROWS max=ROWS                                  | ../../../../../overlays/Vitis_Libraries/vision//L1/include/imgproc/xf_cvt_color.hpp:297 in kernrgba2nv12_ro                                                                                     |
| pipeline        |                                                    | ../../../../../overlays/Vitis_Libraries/vision//L1/include/imgproc/xf_cvt_color.hpp:302 in kernrgba2nv12_ro                                                                                     |
| loop_tripcount  | min=TC max=TC                                      | ../../../../../overlays/Vitis_Libraries/vision//L1/include/imgproc/xf_cvt_color.hpp:303 in kernrgba2nv12_ro                                                                                     |
| loop_tripcount  | min=iTC max=iTC                                    | ../../../../../overlays/Vitis_Libraries/vision//L1/include/imgproc/xf_cvt_color.hpp:309 in kernrgba2nv12_ro                                                                                     |
| unroll          |                                                    | ../../../../../overlays/Vitis_Libraries/vision//L1/include/imgproc/xf_cvt_color.hpp:310 in kernrgba2nv12_ro                                                                                     |
| array_partition | variable=Y0 complete                               | ../../../../../overlays/Vitis_Libraries/vision//L1/include/imgproc/xf_cvt_color.hpp:362 in kernbgr2nv12_ro, Y0                                                                                  |
| array_partition | variable=UV complete                               | ../../../../../overlays/Vitis_Libraries/vision//L1/include/imgproc/xf_cvt_color.hpp:363 in kernbgr2nv12_ro, UV                                                                                  |
| array_partition | variable=RGB complete                              | ../../../../../overlays/Vitis_Libraries/vision//L1/include/imgproc/xf_cvt_color.hpp:364 in kernbgr2nv12_ro, RGB                                                                                 |
| loop_flatten    | off                                                | ../../../../../overlays/Vitis_Libraries/vision//L1/include/imgproc/xf_cvt_color.hpp:374 in kernbgr2nv12_ro                                                                                      |
| loop_tripcount  | min=ROWS max=ROWS                                  | ../../../../../overlays/Vitis_Libraries/vision//L1/include/imgproc/xf_cvt_color.hpp:375 in kernbgr2nv12_ro                                                                                      |
| pipeline        |                                                    | ../../../../../overlays/Vitis_Libraries/vision//L1/include/imgproc/xf_cvt_color.hpp:380 in kernbgr2nv12_ro                                                                                      |
| loop_tripcount  | min=TC max=TC                                      | ../../../../../overlays/Vitis_Libraries/vision//L1/include/imgproc/xf_cvt_color.hpp:381 in kernbgr2nv12_ro                                                                                      |
| loop_tripcount  | min=iTC max=iTC                                    | ../../../../../overlays/Vitis_Libraries/vision//L1/include/imgproc/xf_cvt_color.hpp:387 in kernbgr2nv12_ro                                                                                      |
| unroll          |                                                    | ../../../../../overlays/Vitis_Libraries/vision//L1/include/imgproc/xf_cvt_color.hpp:388 in kernbgr2nv12_ro                                                                                      |
| array_partition | variable=Y0 complete                               | ../../../../../overlays/Vitis_Libraries/vision//L1/include/imgproc/xf_cvt_color.hpp:444 in kernrgba2nv21_ro, Y0                                                                                 |
| array_partition | variable=VU complete                               | ../../../../../overlays/Vitis_Libraries/vision//L1/include/imgproc/xf_cvt_color.hpp:445 in kernrgba2nv21_ro, VU                                                                                 |
| array_partition | variable=RGB complete                              | ../../../../../overlays/Vitis_Libraries/vision//L1/include/imgproc/xf_cvt_color.hpp:446 in kernrgba2nv21_ro, RGB                                                                                |
| loop_flatten    | off                                                | ../../../../../overlays/Vitis_Libraries/vision//L1/include/imgproc/xf_cvt_color.hpp:456 in kernrgba2nv21_ro                                                                                     |
| loop_tripcount  | min=ROWS max=ROWS                                  | ../../../../../overlays/Vitis_Libraries/vision//L1/include/imgproc/xf_cvt_color.hpp:457 in kernrgba2nv21_ro                                                                                     |
| pipeline        |                                                    | ../../../../../overlays/Vitis_Libraries/vision//L1/include/imgproc/xf_cvt_color.hpp:462 in kernrgba2nv21_ro                                                                                     |
| loop_tripcount  | min=TC max=TC                                      | ../../../../../overlays/Vitis_Libraries/vision//L1/include/imgproc/xf_cvt_color.hpp:463 in kernrgba2nv21_ro                                                                                     |
| loop_tripcount  | min=iTC max=iTC                                    | ../../../../../overlays/Vitis_Libraries/vision//L1/include/imgproc/xf_cvt_color.hpp:469 in kernrgba2nv21_ro                                                                                     |
| unroll          |                                                    | ../../../../../overlays/Vitis_Libraries/vision//L1/include/imgproc/xf_cvt_color.hpp:470 in kernrgba2nv21_ro                                                                                     |
| array_partition | variable=Y0 complete                               | ../../../../../overlays/Vitis_Libraries/vision//L1/include/imgproc/xf_cvt_color.hpp:523 in kernbgr2nv21_ro, Y0                                                                                  |
| array_partition | variable=VU complete                               | ../../../../../overlays/Vitis_Libraries/vision//L1/include/imgproc/xf_cvt_color.hpp:524 in kernbgr2nv21_ro, VU                                                                                  |
| array_partition | variable=RGB complete                              | ../../../../../overlays/Vitis_Libraries/vision//L1/include/imgproc/xf_cvt_color.hpp:525 in kernbgr2nv21_ro, RGB                                                                                 |
| loop_flatten    | off                                                | ../../../../../overlays/Vitis_Libraries/vision//L1/include/imgproc/xf_cvt_color.hpp:535 in kernbgr2nv21_ro                                                                                      |
| loop_tripcount  | min=ROWS max=ROWS                                  | ../../../../../overlays/Vitis_Libraries/vision//L1/include/imgproc/xf_cvt_color.hpp:536 in kernbgr2nv21_ro                                                                                      |
| pipeline        |                                                    | ../../../../../overlays/Vitis_Libraries/vision//L1/include/imgproc/xf_cvt_color.hpp:541 in kernbgr2nv21_ro                                                                                      |
| loop_tripcount  | min=TC max=TC                                      | ../../../../../overlays/Vitis_Libraries/vision//L1/include/imgproc/xf_cvt_color.hpp:542 in kernbgr2nv21_ro                                                                                      |
| loop_tripcount  | min=iTC max=iTC                                    | ../../../../../overlays/Vitis_Libraries/vision//L1/include/imgproc/xf_cvt_color.hpp:548 in kernbgr2nv21_ro                                                                                      |
| unroll          |                                                    | ../../../../../overlays/Vitis_Libraries/vision//L1/include/imgproc/xf_cvt_color.hpp:549 in kernbgr2nv21_ro                                                                                      |
| array_partition | variable=RGB complete                              | ../../../../../overlays/Vitis_Libraries/vision//L1/include/imgproc/xf_cvt_color.hpp:603 in kerniyuv2rgba_ro, RGB                                                                                |
| array_partition | variable=Ybuf complete                             | ../../../../../overlays/Vitis_Libraries/vision//L1/include/imgproc/xf_cvt_color.hpp:604 in kerniyuv2rgba_ro, Ybuf                                                                               |
| array_partition | variable=Ubuf complete                             | ../../../../../overlays/Vitis_Libraries/vision//L1/include/imgproc/xf_cvt_color.hpp:605 in kerniyuv2rgba_ro, Ubuf                                                                               |
| array_partition | variable=Vbuf complete                             | ../../../../../overlays/Vitis_Libraries/vision//L1/include/imgproc/xf_cvt_color.hpp:606 in kerniyuv2rgba_ro, Vbuf                                                                               |
| stream          | variable=&UStream depth=COLS                       | ../../../../../overlays/Vitis_Libraries/vision//L1/include/imgproc/xf_cvt_color.hpp:611 in kerniyuv2rgba_ro, &UStream                                                                           |
| stream          | variable=&VStream depth=COLS                       | ../../../../../overlays/Vitis_Libraries/vision//L1/include/imgproc/xf_cvt_color.hpp:612 in kerniyuv2rgba_ro, &VStream                                                                           |
| loop_flatten    | off                                                | ../../../../../overlays/Vitis_Libraries/vision//L1/include/imgproc/xf_cvt_color.hpp:627 in kerniyuv2rgba_ro                                                                                     |
| loop_tripcount  | min=ROWS max=ROWS                                  | ../../../../../overlays/Vitis_Libraries/vision//L1/include/imgproc/xf_cvt_color.hpp:628 in kerniyuv2rgba_ro                                                                                     |
| pipeline        |                                                    | ../../../../../overlays/Vitis_Libraries/vision//L1/include/imgproc/xf_cvt_color.hpp:633 in kerniyuv2rgba_ro                                                                                     |
| loop_tripcount  | min=TC max=TC                                      | ../../../../../overlays/Vitis_Libraries/vision//L1/include/imgproc/xf_cvt_color.hpp:634 in kerniyuv2rgba_ro                                                                                     |
| loop_tripcount  | min=iTC max=iTC                                    | ../../../../../overlays/Vitis_Libraries/vision//L1/include/imgproc/xf_cvt_color.hpp:659 in kerniyuv2rgba_ro                                                                                     |
| unroll          |                                                    | ../../../../../overlays/Vitis_Libraries/vision//L1/include/imgproc/xf_cvt_color.hpp:660 in kerniyuv2rgba_ro                                                                                     |
| array_partition | variable=U complete                                | ../../../../../overlays/Vitis_Libraries/vision//L1/include/imgproc/xf_cvt_color.hpp:728 in kerniyuv2nv12_ro, U                                                                                  |
| array_partition | variable=V complete                                | ../../../../../overlays/Vitis_Libraries/vision//L1/include/imgproc/xf_cvt_color.hpp:729 in kerniyuv2nv12_ro, V                                                                                  |
| loop_flatten    | off                                                | ../../../../../overlays/Vitis_Libraries/vision//L1/include/imgproc/xf_cvt_color.hpp:741 in kerniyuv2nv12_ro                                                                                     |
| loop_tripcount  | min=rTC max=rTC                                    | ../../../../../overlays/Vitis_Libraries/vision//L1/include/imgproc/xf_cvt_color.hpp:742 in kerniyuv2nv12_ro                                                                                     |
| pipeline        |                                                    | ../../../../../overlays/Vitis_Libraries/vision//L1/include/imgproc/xf_cvt_color.hpp:747 in kerniyuv2nv12_ro                                                                                     |
| loop_tripcount  | min=cTC max=cTC                                    | ../../../../../overlays/Vitis_Libraries/vision//L1/include/imgproc/xf_cvt_color.hpp:748 in kerniyuv2nv12_ro                                                                                     |
| loop_tripcount  | min=iTC max=iTC                                    | ../../../../../overlays/Vitis_Libraries/vision//L1/include/imgproc/xf_cvt_color.hpp:762 in kerniyuv2nv12_ro                                                                                     |
| unroll          |                                                    | ../../../../../overlays/Vitis_Libraries/vision//L1/include/imgproc/xf_cvt_color.hpp:763 in kerniyuv2nv12_ro                                                                                     |
| stream          | variable=&inter_u depth=COLS/2                     | ../../../../../overlays/Vitis_Libraries/vision//L1/include/imgproc/xf_cvt_color.hpp:802 in kerniyuv2yuv4_ro, &inter_u                                                                           |
| stream          | variable=&inter_v depth=COLS/2                     | ../../../../../overlays/Vitis_Libraries/vision//L1/include/imgproc/xf_cvt_color.hpp:803 in kerniyuv2yuv4_ro, &inter_v                                                                           |
| array_partition | variable=U complete                                | ../../../../../overlays/Vitis_Libraries/vision//L1/include/imgproc/xf_cvt_color.hpp:808 in kerniyuv2yuv4_ro, U                                                                                  |
| array_partition | variable=V complete                                | ../../../../../overlays/Vitis_Libraries/vision//L1/include/imgproc/xf_cvt_color.hpp:809 in kerniyuv2yuv4_ro, V                                                                                  |
| loop_flatten    | off                                                | ../../../../../overlays/Vitis_Libraries/vision//L1/include/imgproc/xf_cvt_color.hpp:817 in kerniyuv2yuv4_ro                                                                                     |
| loop_tripcount  | min=rTC max=rTC                                    | ../../../../../overlays/Vitis_Libraries/vision//L1/include/imgproc/xf_cvt_color.hpp:818 in kerniyuv2yuv4_ro                                                                                     |
| pipeline        |                                                    | ../../../../../overlays/Vitis_Libraries/vision//L1/include/imgproc/xf_cvt_color.hpp:823 in kerniyuv2yuv4_ro                                                                                     |
| loop_tripcount  | min=cTC max=cTC                                    | ../../../../../overlays/Vitis_Libraries/vision//L1/include/imgproc/xf_cvt_color.hpp:824 in kerniyuv2yuv4_ro                                                                                     |
| loop_tripcount  | min=iTC max=iTC                                    | ../../../../../overlays/Vitis_Libraries/vision//L1/include/imgproc/xf_cvt_color.hpp:835 in kerniyuv2yuv4_ro                                                                                     |
| unroll          |                                                    | ../../../../../overlays/Vitis_Libraries/vision//L1/include/imgproc/xf_cvt_color.hpp:836 in kerniyuv2yuv4_ro                                                                                     |
| pipeline        |                                                    | ../../../../../overlays/Vitis_Libraries/vision//L1/include/imgproc/xf_cvt_color.hpp:855 in kerniyuv2yuv4_ro                                                                                     |
| array_partition | variable=UV0 complete                              | ../../../../../overlays/Vitis_Libraries/vision//L1/include/imgproc/xf_cvt_color.hpp:884 in kernnv122iyuv_ro, UV0                                                                                |
| array_partition | variable=UV1 complete                              | ../../../../../overlays/Vitis_Libraries/vision//L1/include/imgproc/xf_cvt_color.hpp:885 in kernnv122iyuv_ro, UV1                                                                                |
| loop_flatten    | off                                                | ../../../../../overlays/Vitis_Libraries/vision//L1/include/imgproc/xf_cvt_color.hpp:894 in kernnv122iyuv_ro                                                                                     |
| loop_tripcount  | min=ROWS max=ROWS                                  | ../../../../../overlays/Vitis_Libraries/vision//L1/include/imgproc/xf_cvt_color.hpp:895 in kernnv122iyuv_ro                                                                                     |
| pipeline        |                                                    | ../../../../../overlays/Vitis_Libraries/vision//L1/include/imgproc/xf_cvt_color.hpp:900 in kernnv122iyuv_ro                                                                                     |
| loop_tripcount  | min=TC max=TC                                      | ../../../../../overlays/Vitis_Libraries/vision//L1/include/imgproc/xf_cvt_color.hpp:901 in kernnv122iyuv_ro                                                                                     |
| loop_tripcount  | min=iTC max=iTC                                    | ../../../../../overlays/Vitis_Libraries/vision//L1/include/imgproc/xf_cvt_color.hpp:915 in kernnv122iyuv_ro                                                                                     |
| unroll          |                                                    | ../../../../../overlays/Vitis_Libraries/vision//L1/include/imgproc/xf_cvt_color.hpp:916 in kernnv122iyuv_ro                                                                                     |
| array_partition | variable=RGB complete                              | ../../../../../overlays/Vitis_Libraries/vision//L1/include/imgproc/xf_cvt_color.hpp:955 in kernnv122rgba_ro, RGB                                                                                |
| array_partition | variable=Ybuf complete                             | ../../../../../overlays/Vitis_Libraries/vision//L1/include/imgproc/xf_cvt_color.hpp:956 in kernnv122rgba_ro, Ybuf                                                                               |
| array_partition | variable=UVbuf complete                            | ../../../../../overlays/Vitis_Libraries/vision//L1/include/imgproc/xf_cvt_color.hpp:957 in kernnv122rgba_ro, UVbuf                                                                              |
| stream          | variable=&UVStream depth=COLS                      | ../../../../../overlays/Vitis_Libraries/vision//L1/include/imgproc/xf_cvt_color.hpp:962 in kernnv122rgba_ro, &UVStream                                                                          |
| loop_flatten    | off                                                | ../../../../../overlays/Vitis_Libraries/vision//L1/include/imgproc/xf_cvt_color.hpp:975 in kernnv122rgba_ro                                                                                     |
| loop_tripcount  | min=ROWS max=ROWS                                  | ../../../../../overlays/Vitis_Libraries/vision//L1/include/imgproc/xf_cvt_color.hpp:976 in kernnv122rgba_ro                                                                                     |
| pipeline        |                                                    | ../../../../../overlays/Vitis_Libraries/vision//L1/include/imgproc/xf_cvt_color.hpp:982 in kernnv122rgba_ro                                                                                     |
| loop_tripcount  | min=TC max=TC                                      | ../../../../../overlays/Vitis_Libraries/vision//L1/include/imgproc/xf_cvt_color.hpp:983 in kernnv122rgba_ro                                                                                     |
| loop_flatten    | off                                                | ../../../../../overlays/Vitis_Libraries/vision//L1/include/imgproc/xf_cvt_color.hpp:997 in kernnv122rgba_ro                                                                                     |
| loop_tripcount  | min=iTC max=iTC                                    | ../../../../../overlays/Vitis_Libraries/vision//L1/include/imgproc/xf_cvt_color.hpp:998 in kernnv122rgba_ro                                                                                     |
| unroll          |                                                    | ../../../../../overlays/Vitis_Libraries/vision//L1/include/imgproc/xf_cvt_color.hpp:999 in kernnv122rgba_ro                                                                                     |
| array_partition | variable=RGB complete                              | ../../../../../overlays/Vitis_Libraries/vision//L1/include/imgproc/xf_cvt_color.hpp:1084 in kernnv122bgr_ro, RGB                                                                                |
| array_partition | variable=Ybuf complete                             | ../../../../../overlays/Vitis_Libraries/vision//L1/include/imgproc/xf_cvt_color.hpp:1085 in kernnv122bgr_ro, Ybuf                                                                               |
| array_partition | variable=UVbuf complete                            | ../../../../../overlays/Vitis_Libraries/vision//L1/include/imgproc/xf_cvt_color.hpp:1086 in kernnv122bgr_ro, UVbuf                                                                              |
| stream          | variable=&UVStream depth=COLS                      | ../../../../../overlays/Vitis_Libraries/vision//L1/include/imgproc/xf_cvt_color.hpp:1091 in kernnv122bgr_ro, &UVStream                                                                          |
| loop_flatten    | off                                                | ../../../../../overlays/Vitis_Libraries/vision//L1/include/imgproc/xf_cvt_color.hpp:1104 in kernnv122bgr_ro                                                                                     |
| loop_tripcount  | min=ROWS max=ROWS                                  | ../../../../../overlays/Vitis_Libraries/vision//L1/include/imgproc/xf_cvt_color.hpp:1105 in kernnv122bgr_ro                                                                                     |
| pipeline        |                                                    | ../../../../../overlays/Vitis_Libraries/vision//L1/include/imgproc/xf_cvt_color.hpp:1111 in kernnv122bgr_ro                                                                                     |
| loop_tripcount  | min=TC max=TC                                      | ../../../../../overlays/Vitis_Libraries/vision//L1/include/imgproc/xf_cvt_color.hpp:1112 in kernnv122bgr_ro                                                                                     |
| loop_flatten    | off                                                | ../../../../../overlays/Vitis_Libraries/vision//L1/include/imgproc/xf_cvt_color.hpp:1126 in kernnv122bgr_ro                                                                                     |
| loop_tripcount  | min=iTC max=iTC                                    | ../../../../../overlays/Vitis_Libraries/vision//L1/include/imgproc/xf_cvt_color.hpp:1127 in kernnv122bgr_ro                                                                                     |
| unroll          |                                                    | ../../../../../overlays/Vitis_Libraries/vision//L1/include/imgproc/xf_cvt_color.hpp:1128 in kernnv122bgr_ro                                                                                     |
| array_partition | variable=UV complete                               | ../../../../../overlays/Vitis_Libraries/vision//L1/include/imgproc/xf_cvt_color.hpp:1210 in kernnv122yuv4_ro, UV                                                                                |
| loop_flatten    | off                                                | ../../../../../overlays/Vitis_Libraries/vision//L1/include/imgproc/xf_cvt_color.hpp:1222 in kernnv122yuv4_ro                                                                                    |
| loop_tripcount  | min=ROWS max=ROWS                                  | ../../../../../overlays/Vitis_Libraries/vision//L1/include/imgproc/xf_cvt_color.hpp:1223 in kernnv122yuv4_ro                                                                                    |
| pipeline        |                                                    | ../../../../../overlays/Vitis_Libraries/vision//L1/include/imgproc/xf_cvt_color.hpp:1228 in kernnv122yuv4_ro                                                                                    |
| loop_tripcount  | min=TC max=TC                                      | ../../../../../overlays/Vitis_Libraries/vision//L1/include/imgproc/xf_cvt_color.hpp:1229 in kernnv122yuv4_ro                                                                                    |
| loop_tripcount  | min=iTC max=iTC                                    | ../../../../../overlays/Vitis_Libraries/vision//L1/include/imgproc/xf_cvt_color.hpp:1236 in kernnv122yuv4_ro                                                                                    |
| unroll          |                                                    | ../../../../../overlays/Vitis_Libraries/vision//L1/include/imgproc/xf_cvt_color.hpp:1237 in kernnv122yuv4_ro                                                                                    |
| array_partition | variable=VU0 complete                              | ../../../../../overlays/Vitis_Libraries/vision//L1/include/imgproc/xf_cvt_color.hpp:1275 in kernnv212iyuv_ro, VU0                                                                               |
| array_partition | variable=VU1 complete                              | ../../../../../overlays/Vitis_Libraries/vision//L1/include/imgproc/xf_cvt_color.hpp:1276 in kernnv212iyuv_ro, VU1                                                                               |
| loop_flatten    | off                                                | ../../../../../overlays/Vitis_Libraries/vision//L1/include/imgproc/xf_cvt_color.hpp:1287 in kernnv212iyuv_ro                                                                                    |
| loop_tripcount  | min=ROWS max=ROWS                                  | ../../../../../overlays/Vitis_Libraries/vision//L1/include/imgproc/xf_cvt_color.hpp:1288 in kernnv212iyuv_ro                                                                                    |
| pipeline        |                                                    | ../../../../../overlays/Vitis_Libraries/vision//L1/include/imgproc/xf_cvt_color.hpp:1295 in kernnv212iyuv_ro                                                                                    |
| loop_tripcount  | min=TC max=TC                                      | ../../../../../overlays/Vitis_Libraries/vision//L1/include/imgproc/xf_cvt_color.hpp:1296 in kernnv212iyuv_ro                                                                                    |
| loop_tripcount  | min=iTC max=iTC                                    | ../../../../../overlays/Vitis_Libraries/vision//L1/include/imgproc/xf_cvt_color.hpp:1308 in kernnv212iyuv_ro                                                                                    |
| unroll          |                                                    | ../../../../../overlays/Vitis_Libraries/vision//L1/include/imgproc/xf_cvt_color.hpp:1309 in kernnv212iyuv_ro                                                                                    |
| array_partition | variable=RGB complete                              | ../../../../../overlays/Vitis_Libraries/vision//L1/include/imgproc/xf_cvt_color.hpp:1491 in kernnv212rgba_ro, RGB                                                                               |
| array_partition | variable=Ybuf complete                             | ../../../../../overlays/Vitis_Libraries/vision//L1/include/imgproc/xf_cvt_color.hpp:1492 in kernnv212rgba_ro, Ybuf                                                                              |
| array_partition | variable=UVbuf complete                            | ../../../../../overlays/Vitis_Libraries/vision//L1/include/imgproc/xf_cvt_color.hpp:1493 in kernnv212rgba_ro, UVbuf                                                                             |
| stream          | variable=&UVStream depth=COLS                      | ../../../../../overlays/Vitis_Libraries/vision//L1/include/imgproc/xf_cvt_color.hpp:1500 in kernnv212rgba_ro, &UVStream                                                                         |
| loop_flatten    | off                                                | ../../../../../overlays/Vitis_Libraries/vision//L1/include/imgproc/xf_cvt_color.hpp:1512 in kernnv212rgba_ro                                                                                    |
| loop_tripcount  | min=ROWS max=ROWS                                  | ../../../../../overlays/Vitis_Libraries/vision//L1/include/imgproc/xf_cvt_color.hpp:1513 in kernnv212rgba_ro                                                                                    |
| pipeline        |                                                    | ../../../../../overlays/Vitis_Libraries/vision//L1/include/imgproc/xf_cvt_color.hpp:1518 in kernnv212rgba_ro                                                                                    |
| loop_tripcount  | min=TC max=TC                                      | ../../../../../overlays/Vitis_Libraries/vision//L1/include/imgproc/xf_cvt_color.hpp:1519 in kernnv212rgba_ro                                                                                    |
| loop_tripcount  | min=iTC max=iTC                                    | ../../../../../overlays/Vitis_Libraries/vision//L1/include/imgproc/xf_cvt_color.hpp:1532 in kernnv212rgba_ro                                                                                    |
| unroll          |                                                    | ../../../../../overlays/Vitis_Libraries/vision//L1/include/imgproc/xf_cvt_color.hpp:1533 in kernnv212rgba_ro                                                                                    |
| array_partition | variable=RGB complete                              | ../../../../../overlays/Vitis_Libraries/vision//L1/include/imgproc/xf_cvt_color.hpp:1619 in kernnv212bgr_ro, RGB                                                                                |
| array_partition | variable=Ybuf complete                             | ../../../../../overlays/Vitis_Libraries/vision//L1/include/imgproc/xf_cvt_color.hpp:1620 in kernnv212bgr_ro, Ybuf                                                                               |
| array_partition | variable=UVbuf complete                            | ../../../../../overlays/Vitis_Libraries/vision//L1/include/imgproc/xf_cvt_color.hpp:1621 in kernnv212bgr_ro, UVbuf                                                                              |
| stream          | variable=&UVStream depth=COLS                      | ../../../../../overlays/Vitis_Libraries/vision//L1/include/imgproc/xf_cvt_color.hpp:1628 in kernnv212bgr_ro, &UVStream                                                                          |
| loop_flatten    | off                                                | ../../../../../overlays/Vitis_Libraries/vision//L1/include/imgproc/xf_cvt_color.hpp:1640 in kernnv212bgr_ro                                                                                     |
| loop_tripcount  | min=ROWS max=ROWS                                  | ../../../../../overlays/Vitis_Libraries/vision//L1/include/imgproc/xf_cvt_color.hpp:1641 in kernnv212bgr_ro                                                                                     |
| pipeline        |                                                    | ../../../../../overlays/Vitis_Libraries/vision//L1/include/imgproc/xf_cvt_color.hpp:1646 in kernnv212bgr_ro                                                                                     |
| loop_tripcount  | min=TC max=TC                                      | ../../../../../overlays/Vitis_Libraries/vision//L1/include/imgproc/xf_cvt_color.hpp:1647 in kernnv212bgr_ro                                                                                     |
| loop_tripcount  | min=iTC max=iTC                                    | ../../../../../overlays/Vitis_Libraries/vision//L1/include/imgproc/xf_cvt_color.hpp:1660 in kernnv212bgr_ro                                                                                     |
| unroll          |                                                    | ../../../../../overlays/Vitis_Libraries/vision//L1/include/imgproc/xf_cvt_color.hpp:1661 in kernnv212bgr_ro                                                                                     |
| array_partition | variable=VUbuf complete                            | ../../../../../overlays/Vitis_Libraries/vision//L1/include/imgproc/xf_cvt_color.hpp:1759 in kernnv212yuv4_ro, VUbuf                                                                             |
| loop_flatten    | off                                                | ../../../../../overlays/Vitis_Libraries/vision//L1/include/imgproc/xf_cvt_color.hpp:1772 in kernnv212yuv4_ro                                                                                    |
| loop_tripcount  | min=ROWS max=ROWS                                  | ../../../../../overlays/Vitis_Libraries/vision//L1/include/imgproc/xf_cvt_color.hpp:1773 in kernnv212yuv4_ro                                                                                    |
| pipeline        |                                                    | ../../../../../overlays/Vitis_Libraries/vision//L1/include/imgproc/xf_cvt_color.hpp:1778 in kernnv212yuv4_ro                                                                                    |
| loop_tripcount  | min=TC max=TC                                      | ../../../../../overlays/Vitis_Libraries/vision//L1/include/imgproc/xf_cvt_color.hpp:1779 in kernnv212yuv4_ro                                                                                    |
| loop_tripcount  | min=iTC max=iTC                                    | ../../../../../overlays/Vitis_Libraries/vision//L1/include/imgproc/xf_cvt_color.hpp:1786 in kernnv212yuv4_ro                                                                                    |
| unroll          |                                                    | ../../../../../overlays/Vitis_Libraries/vision//L1/include/imgproc/xf_cvt_color.hpp:1787 in kernnv212yuv4_ro                                                                                    |
| array_partition | variable=RGB complete                              | ../../../../../overlays/Vitis_Libraries/vision//L1/include/imgproc/xf_cvt_color.hpp:1826 in kernyuyv2rgba_ro, RGB                                                                               |
| array_partition | variable=YUVbuf complete                           | ../../../../../overlays/Vitis_Libraries/vision//L1/include/imgproc/xf_cvt_color.hpp:1827 in kernyuyv2rgba_ro, YUVbuf                                                                            |
| loop_flatten    | off                                                | ../../../../../overlays/Vitis_Libraries/vision//L1/include/imgproc/xf_cvt_color.hpp:1839 in kernyuyv2rgba_ro                                                                                    |
| loop_tripcount  | min=ROWS max=ROWS                                  | ../../../../../overlays/Vitis_Libraries/vision//L1/include/imgproc/xf_cvt_color.hpp:1840 in kernyuyv2rgba_ro                                                                                    |
| pipeline        |                                                    | ../../../../../overlays/Vitis_Libraries/vision//L1/include/imgproc/xf_cvt_color.hpp:1845 in kernyuyv2rgba_ro                                                                                    |
| loop_tripcount  | min=TC max=TC                                      | ../../../../../overlays/Vitis_Libraries/vision//L1/include/imgproc/xf_cvt_color.hpp:1846 in kernyuyv2rgba_ro                                                                                    |
| loop_tripcount  | min=iTC max=iTC                                    | ../../../../../overlays/Vitis_Libraries/vision//L1/include/imgproc/xf_cvt_color.hpp:1852 in kernyuyv2rgba_ro                                                                                    |
| array_partition | variable=RGB complete                              | ../../../../../overlays/Vitis_Libraries/vision//L1/include/imgproc/xf_cvt_color.hpp:1918 in kernyuyv2bgr_ro, RGB                                                                                |
| array_partition | variable=YUVbuf complete                           | ../../../../../overlays/Vitis_Libraries/vision//L1/include/imgproc/xf_cvt_color.hpp:1919 in kernyuyv2bgr_ro, YUVbuf                                                                             |
| loop_flatten    | off                                                | ../../../../../overlays/Vitis_Libraries/vision//L1/include/imgproc/xf_cvt_color.hpp:1931 in kernyuyv2bgr_ro                                                                                     |
| loop_tripcount  | min=ROWS max=ROWS                                  | ../../../../../overlays/Vitis_Libraries/vision//L1/include/imgproc/xf_cvt_color.hpp:1932 in kernyuyv2bgr_ro                                                                                     |
| pipeline        |                                                    | ../../../../../overlays/Vitis_Libraries/vision//L1/include/imgproc/xf_cvt_color.hpp:1937 in kernyuyv2bgr_ro                                                                                     |
| loop_tripcount  | min=TC max=TC                                      | ../../../../../overlays/Vitis_Libraries/vision//L1/include/imgproc/xf_cvt_color.hpp:1938 in kernyuyv2bgr_ro                                                                                     |
| loop_tripcount  | min=iTC max=iTC                                    | ../../../../../overlays/Vitis_Libraries/vision//L1/include/imgproc/xf_cvt_color.hpp:1944 in kernyuyv2bgr_ro                                                                                     |
| array_partition | variable=Ybuf complete                             | ../../../../../overlays/Vitis_Libraries/vision//L1/include/imgproc/xf_cvt_color.hpp:2004 in kernyuyv2nv12_ro, Ybuf                                                                              |
| array_partition | variable=UVbuf complete                            | ../../../../../overlays/Vitis_Libraries/vision//L1/include/imgproc/xf_cvt_color.hpp:2005 in kernyuyv2nv12_ro, UVbuf                                                                             |
| array_partition | variable=YUVbuf complete                           | ../../../../../overlays/Vitis_Libraries/vision//L1/include/imgproc/xf_cvt_color.hpp:2006 in kernyuyv2nv12_ro, YUVbuf                                                                            |
| loop_flatten    | off                                                | ../../../../../overlays/Vitis_Libraries/vision//L1/include/imgproc/xf_cvt_color.hpp:2015 in kernyuyv2nv12_ro                                                                                    |
| loop_tripcount  | min=ROWS max=ROWS                                  | ../../../../../overlays/Vitis_Libraries/vision//L1/include/imgproc/xf_cvt_color.hpp:2016 in kernyuyv2nv12_ro                                                                                    |
| pipeline        |                                                    | ../../../../../overlays/Vitis_Libraries/vision//L1/include/imgproc/xf_cvt_color.hpp:2021 in kernyuyv2nv12_ro                                                                                    |
| loop_tripcount  | min=TC max=TC                                      | ../../../../../overlays/Vitis_Libraries/vision//L1/include/imgproc/xf_cvt_color.hpp:2022 in kernyuyv2nv12_ro                                                                                    |
| loop_tripcount  | min=iTC max=iTC                                    | ../../../../../overlays/Vitis_Libraries/vision//L1/include/imgproc/xf_cvt_color.hpp:2030 in kernyuyv2nv12_ro                                                                                    |
| unroll          |                                                    | ../../../../../overlays/Vitis_Libraries/vision//L1/include/imgproc/xf_cvt_color.hpp:2031 in kernyuyv2nv12_ro                                                                                    |
| array_partition | variable=Ybuf complete                             | ../../../../../overlays/Vitis_Libraries/vision//L1/include/imgproc/xf_cvt_color.hpp:2073 in kernyuyv2nv21_ro, Ybuf                                                                              |
| array_partition | variable=UVbuf complete                            | ../../../../../overlays/Vitis_Libraries/vision//L1/include/imgproc/xf_cvt_color.hpp:2074 in kernyuyv2nv21_ro, UVbuf                                                                             |
| array_partition | variable=YUVbuf complete                           | ../../../../../overlays/Vitis_Libraries/vision//L1/include/imgproc/xf_cvt_color.hpp:2075 in kernyuyv2nv21_ro, YUVbuf                                                                            |
| loop_flatten    | off                                                | ../../../../../overlays/Vitis_Libraries/vision//L1/include/imgproc/xf_cvt_color.hpp:2084 in kernyuyv2nv21_ro                                                                                    |
| loop_tripcount  | min=ROWS max=ROWS                                  | ../../../../../overlays/Vitis_Libraries/vision//L1/include/imgproc/xf_cvt_color.hpp:2085 in kernyuyv2nv21_ro                                                                                    |
| pipeline        |                                                    | ../../../../../overlays/Vitis_Libraries/vision//L1/include/imgproc/xf_cvt_color.hpp:2090 in kernyuyv2nv21_ro                                                                                    |
| loop_tripcount  | min=TC max=TC                                      | ../../../../../overlays/Vitis_Libraries/vision//L1/include/imgproc/xf_cvt_color.hpp:2091 in kernyuyv2nv21_ro                                                                                    |
| loop_tripcount  | min=iTC max=iTC                                    | ../../../../../overlays/Vitis_Libraries/vision//L1/include/imgproc/xf_cvt_color.hpp:2099 in kernyuyv2nv21_ro                                                                                    |
| unroll          |                                                    | ../../../../../overlays/Vitis_Libraries/vision//L1/include/imgproc/xf_cvt_color.hpp:2100 in kernyuyv2nv21_ro                                                                                    |
| array_partition | variable=Ybuf complete                             | ../../../../../overlays/Vitis_Libraries/vision//L1/include/imgproc/xf_cvt_color.hpp:2142 in kernyuyv2iyuv_ro, Ybuf                                                                              |
| array_partition | variable=Ubuf complete                             | ../../../../../overlays/Vitis_Libraries/vision//L1/include/imgproc/xf_cvt_color.hpp:2143 in kernyuyv2iyuv_ro, Ubuf                                                                              |
| array_partition | variable=Vbuf complete                             | ../../../../../overlays/Vitis_Libraries/vision//L1/include/imgproc/xf_cvt_color.hpp:2144 in kernyuyv2iyuv_ro, Vbuf                                                                              |
| array_partition | variable=YUVbuf complete                           | ../../../../../overlays/Vitis_Libraries/vision//L1/include/imgproc/xf_cvt_color.hpp:2145 in kernyuyv2iyuv_ro, YUVbuf                                                                            |
| loop_flatten    | off                                                | ../../../../../overlays/Vitis_Libraries/vision//L1/include/imgproc/xf_cvt_color.hpp:2156 in kernyuyv2iyuv_ro                                                                                    |
| loop_tripcount  | min=ROWS max=ROWS                                  | ../../../../../overlays/Vitis_Libraries/vision//L1/include/imgproc/xf_cvt_color.hpp:2157 in kernyuyv2iyuv_ro                                                                                    |
| pipeline        |                                                    | ../../../../../overlays/Vitis_Libraries/vision//L1/include/imgproc/xf_cvt_color.hpp:2162 in kernyuyv2iyuv_ro                                                                                    |
| loop_tripcount  | min=TC max=TC                                      | ../../../../../overlays/Vitis_Libraries/vision//L1/include/imgproc/xf_cvt_color.hpp:2163 in kernyuyv2iyuv_ro                                                                                    |
| loop_tripcount  | min=iTC max=iTC                                    | ../../../../../overlays/Vitis_Libraries/vision//L1/include/imgproc/xf_cvt_color.hpp:2169 in kernyuyv2iyuv_ro                                                                                    |
| unroll          |                                                    | ../../../../../overlays/Vitis_Libraries/vision//L1/include/imgproc/xf_cvt_color.hpp:2170 in kernyuyv2iyuv_ro                                                                                    |
| array_partition | variable=Ybuf complete                             | ../../../../../overlays/Vitis_Libraries/vision//L1/include/imgproc/xf_cvt_color.hpp:2220 in kernuyvy2iyuv_ro, Ybuf                                                                              |
| array_partition | variable=Ubuf complete                             | ../../../../../overlays/Vitis_Libraries/vision//L1/include/imgproc/xf_cvt_color.hpp:2221 in kernuyvy2iyuv_ro, Ubuf                                                                              |
| array_partition | variable=Vbuf complete                             | ../../../../../overlays/Vitis_Libraries/vision//L1/include/imgproc/xf_cvt_color.hpp:2222 in kernuyvy2iyuv_ro, Vbuf                                                                              |
| array_partition | variable=YUVbuf complete                           | ../../../../../overlays/Vitis_Libraries/vision//L1/include/imgproc/xf_cvt_color.hpp:2223 in kernuyvy2iyuv_ro, YUVbuf                                                                            |
| loop_flatten    | off                                                | ../../../../../overlays/Vitis_Libraries/vision//L1/include/imgproc/xf_cvt_color.hpp:2236 in kernuyvy2iyuv_ro                                                                                    |
| loop_tripcount  | min=ROWS max=ROWS                                  | ../../../../../overlays/Vitis_Libraries/vision//L1/include/imgproc/xf_cvt_color.hpp:2237 in kernuyvy2iyuv_ro                                                                                    |
| pipeline        |                                                    | ../../../../../overlays/Vitis_Libraries/vision//L1/include/imgproc/xf_cvt_color.hpp:2242 in kernuyvy2iyuv_ro                                                                                    |
| loop_tripcount  | min=TC max=TC                                      | ../../../../../overlays/Vitis_Libraries/vision//L1/include/imgproc/xf_cvt_color.hpp:2243 in kernuyvy2iyuv_ro                                                                                    |
| loop_tripcount  | min=iTC max=iTC                                    | ../../../../../overlays/Vitis_Libraries/vision//L1/include/imgproc/xf_cvt_color.hpp:2250 in kernuyvy2iyuv_ro                                                                                    |
| unroll          |                                                    | ../../../../../overlays/Vitis_Libraries/vision//L1/include/imgproc/xf_cvt_color.hpp:2251 in kernuyvy2iyuv_ro                                                                                    |
| array_partition | variable=Ybuf complete                             | ../../../../../overlays/Vitis_Libraries/vision//L1/include/imgproc/xf_cvt_color.hpp:2302 in kernuyvy2nv12_ro, Ybuf                                                                              |
| array_partition | variable=UVbuf complete                            | ../../../../../overlays/Vitis_Libraries/vision//L1/include/imgproc/xf_cvt_color.hpp:2303 in kernuyvy2nv12_ro, UVbuf                                                                             |
| array_partition | variable=YUVbuf complete                           | ../../../../../overlays/Vitis_Libraries/vision//L1/include/imgproc/xf_cvt_color.hpp:2304 in kernuyvy2nv12_ro, YUVbuf                                                                            |
| loop_flatten    | off                                                | ../../../../../overlays/Vitis_Libraries/vision//L1/include/imgproc/xf_cvt_color.hpp:2313 in kernuyvy2nv12_ro                                                                                    |
| loop_tripcount  | min=ROWS max=ROWS                                  | ../../../../../overlays/Vitis_Libraries/vision//L1/include/imgproc/xf_cvt_color.hpp:2314 in kernuyvy2nv12_ro                                                                                    |
| pipeline        |                                                    | ../../../../../overlays/Vitis_Libraries/vision//L1/include/imgproc/xf_cvt_color.hpp:2319 in kernuyvy2nv12_ro                                                                                    |
| loop_tripcount  | min=TC max=TC                                      | ../../../../../overlays/Vitis_Libraries/vision//L1/include/imgproc/xf_cvt_color.hpp:2320 in kernuyvy2nv12_ro                                                                                    |
| loop_tripcount  | min=iTC max=iTC                                    | ../../../../../overlays/Vitis_Libraries/vision//L1/include/imgproc/xf_cvt_color.hpp:2327 in kernuyvy2nv12_ro                                                                                    |
| unroll          |                                                    | ../../../../../overlays/Vitis_Libraries/vision//L1/include/imgproc/xf_cvt_color.hpp:2328 in kernuyvy2nv12_ro                                                                                    |
| array_partition | variable=Ybuf complete                             | ../../../../../overlays/Vitis_Libraries/vision//L1/include/imgproc/xf_cvt_color.hpp:2370 in kernuyvy2nv21_ro, Ybuf                                                                              |
| array_partition | variable=UVbuf complete                            | ../../../../../overlays/Vitis_Libraries/vision//L1/include/imgproc/xf_cvt_color.hpp:2371 in kernuyvy2nv21_ro, UVbuf                                                                             |
| array_partition | variable=YUVbuf complete                           | ../../../../../overlays/Vitis_Libraries/vision//L1/include/imgproc/xf_cvt_color.hpp:2372 in kernuyvy2nv21_ro, YUVbuf                                                                            |
| loop_flatten    | off                                                | ../../../../../overlays/Vitis_Libraries/vision//L1/include/imgproc/xf_cvt_color.hpp:2381 in kernuyvy2nv21_ro                                                                                    |
| loop_tripcount  | min=ROWS max=ROWS                                  | ../../../../../overlays/Vitis_Libraries/vision//L1/include/imgproc/xf_cvt_color.hpp:2382 in kernuyvy2nv21_ro                                                                                    |
| pipeline        |                                                    | ../../../../../overlays/Vitis_Libraries/vision//L1/include/imgproc/xf_cvt_color.hpp:2387 in kernuyvy2nv21_ro                                                                                    |
| loop_tripcount  | min=TC max=TC                                      | ../../../../../overlays/Vitis_Libraries/vision//L1/include/imgproc/xf_cvt_color.hpp:2388 in kernuyvy2nv21_ro                                                                                    |
| loop_tripcount  | min=iTC max=iTC                                    | ../../../../../overlays/Vitis_Libraries/vision//L1/include/imgproc/xf_cvt_color.hpp:2395 in kernuyvy2nv21_ro                                                                                    |
| unroll          |                                                    | ../../../../../overlays/Vitis_Libraries/vision//L1/include/imgproc/xf_cvt_color.hpp:2396 in kernuyvy2nv21_ro                                                                                    |
| array_partition | variable=RGB complete                              | ../../../../../overlays/Vitis_Libraries/vision//L1/include/imgproc/xf_cvt_color.hpp:2434 in kernuyvy2rgb_ro, RGB                                                                                |
| array_partition | variable=YUVbuf complete                           | ../../../../../overlays/Vitis_Libraries/vision//L1/include/imgproc/xf_cvt_color.hpp:2435 in kernuyvy2rgb_ro, YUVbuf                                                                             |
| loop_tripcount  | min=ROWS max=ROWS                                  | ../../../../../overlays/Vitis_Libraries/vision//L1/include/imgproc/xf_cvt_color.hpp:2447 in kernuyvy2rgb_ro                                                                                     |
| loop_flatten    | off                                                | ../../../../../overlays/Vitis_Libraries/vision//L1/include/imgproc/xf_cvt_color.hpp:2448 in kernuyvy2rgb_ro                                                                                     |
| loop_tripcount  | min=TC max=TC                                      | ../../../../../overlays/Vitis_Libraries/vision//L1/include/imgproc/xf_cvt_color.hpp:2453 in kernuyvy2rgb_ro                                                                                     |
| pipeline        |                                                    | ../../../../../overlays/Vitis_Libraries/vision//L1/include/imgproc/xf_cvt_color.hpp:2454 in kernuyvy2rgb_ro                                                                                     |
| loop_tripcount  | min=iTC max=iTC                                    | ../../../../../overlays/Vitis_Libraries/vision//L1/include/imgproc/xf_cvt_color.hpp:2460 in kernuyvy2rgb_ro                                                                                     |
| unroll          |                                                    | ../../../../../overlays/Vitis_Libraries/vision//L1/include/imgproc/xf_cvt_color.hpp:2461 in kernuyvy2rgb_ro                                                                                     |
| array_partition | variable=RGB complete                              | ../../../../../overlays/Vitis_Libraries/vision//L1/include/imgproc/xf_cvt_color.hpp:2514 in kernuyvy2bgr_ro, RGB                                                                                |
| array_partition | variable=YUVbuf complete                           | ../../../../../overlays/Vitis_Libraries/vision//L1/include/imgproc/xf_cvt_color.hpp:2515 in kernuyvy2bgr_ro, YUVbuf                                                                             |
| loop_tripcount  | min=ROWS max=ROWS                                  | ../../../../../overlays/Vitis_Libraries/vision//L1/include/imgproc/xf_cvt_color.hpp:2527 in kernuyvy2bgr_ro                                                                                     |
| loop_flatten    | off                                                | ../../../../../overlays/Vitis_Libraries/vision//L1/include/imgproc/xf_cvt_color.hpp:2528 in kernuyvy2bgr_ro                                                                                     |
| loop_tripcount  | min=TC max=TC                                      | ../../../../../overlays/Vitis_Libraries/vision//L1/include/imgproc/xf_cvt_color.hpp:2533 in kernuyvy2bgr_ro                                                                                     |
| pipeline        |                                                    | ../../../../../overlays/Vitis_Libraries/vision//L1/include/imgproc/xf_cvt_color.hpp:2534 in kernuyvy2bgr_ro                                                                                     |
| loop_tripcount  | min=iTC max=iTC                                    | ../../../../../overlays/Vitis_Libraries/vision//L1/include/imgproc/xf_cvt_color.hpp:2540 in kernuyvy2bgr_ro                                                                                     |
| unroll          |                                                    | ../../../../../overlays/Vitis_Libraries/vision//L1/include/imgproc/xf_cvt_color.hpp:2541 in kernuyvy2bgr_ro                                                                                     |
| array_partition | variable=RGB complete                              | ../../../../../overlays/Vitis_Libraries/vision//L1/include/imgproc/xf_cvt_color.hpp:2594 in kernuyvy2rgba_ro, RGB                                                                               |
| array_partition | variable=YUVbuf complete                           | ../../../../../overlays/Vitis_Libraries/vision//L1/include/imgproc/xf_cvt_color.hpp:2595 in kernuyvy2rgba_ro, YUVbuf                                                                            |
| loop_tripcount  | min=ROWS max=ROWS                                  | ../../../../../overlays/Vitis_Libraries/vision//L1/include/imgproc/xf_cvt_color.hpp:2607 in kernuyvy2rgba_ro                                                                                    |
| loop_flatten    | off                                                | ../../../../../overlays/Vitis_Libraries/vision//L1/include/imgproc/xf_cvt_color.hpp:2608 in kernuyvy2rgba_ro                                                                                    |
| loop_tripcount  | min=TC max=TC                                      | ../../../../../overlays/Vitis_Libraries/vision//L1/include/imgproc/xf_cvt_color.hpp:2613 in kernuyvy2rgba_ro                                                                                    |
| pipeline        |                                                    | ../../../../../overlays/Vitis_Libraries/vision//L1/include/imgproc/xf_cvt_color.hpp:2614 in kernuyvy2rgba_ro                                                                                    |
| loop_tripcount  | min=iTC max=iTC                                    | ../../../../../overlays/Vitis_Libraries/vision//L1/include/imgproc/xf_cvt_color.hpp:2620 in kernuyvy2rgba_ro                                                                                    |
| unroll          |                                                    | ../../../../../overlays/Vitis_Libraries/vision//L1/include/imgproc/xf_cvt_color.hpp:2621 in kernuyvy2rgba_ro                                                                                    |
| inline          | OFF                                                | ../../../../../overlays/Vitis_Libraries/vision//L1/include/imgproc/xf_cvt_color.hpp:2705 in rgba2yuv4                                                                                           |
| loop_flatten    | off                                                | ../../../../../overlays/Vitis_Libraries/vision//L1/include/imgproc/xf_cvt_color.hpp:2749 in kernrgb2iyuv                                                                                        |
| loop_tripcount  | min=ROWS max=ROWS                                  | ../../../../../overlays/Vitis_Libraries/vision//L1/include/imgproc/xf_cvt_color.hpp:2750 in kernrgb2iyuv                                                                                        |
| pipeline        |                                                    | ../../../../../overlays/Vitis_Libraries/vision//L1/include/imgproc/xf_cvt_color.hpp:2755 in kernrgb2iyuv                                                                                        |
| loop_tripcount  | min=COLS max=COLS                                  | ../../../../../overlays/Vitis_Libraries/vision//L1/include/imgproc/xf_cvt_color.hpp:2756 in kernrgb2iyuv                                                                                        |
| inline          | OFF                                                | ../../../../../overlays/Vitis_Libraries/vision//L1/include/imgproc/xf_cvt_color.hpp:2826 in rgb2iyuv                                                                                            |
| inline          | OFF                                                | ../../../../../overlays/Vitis_Libraries/vision//L1/include/imgproc/xf_cvt_color.hpp:2894 in rgba2iyuv                                                                                           |
| inline          | OFF                                                | ../../../../../overlays/Vitis_Libraries/vision//L1/include/imgproc/xf_cvt_color.hpp:2960 in rgba2nv21                                                                                           |
| inline          | OFF                                                | ../../../../../overlays/Vitis_Libraries/vision//L1/include/imgproc/xf_cvt_color.hpp:3026 in rgba2nv12                                                                                           |
| inline          | OFF                                                | ../../../../../overlays/Vitis_Libraries/vision//L1/include/imgproc/xf_cvt_color.hpp:3095 in iyuv2rgba                                                                                           |
| dataflow        |                                                    | ../../../../../overlays/Vitis_Libraries/vision//L1/include/imgproc/xf_cvt_color.hpp:3134 in xfiyuv2yuv4                                                                                         |
| dataflow        |                                                    | ../../../../../overlays/Vitis_Libraries/vision//L1/include/imgproc/xf_cvt_color.hpp:3143 in xfiyuv2yuv4                                                                                         |
| inline          | OFF                                                | ../../../../../overlays/Vitis_Libraries/vision//L1/include/imgproc/xf_cvt_color.hpp:3169 in iyuv2yuv4                                                                                           |
| dataflow        |                                                    | ../../../../../overlays/Vitis_Libraries/vision//L1/include/imgproc/xf_cvt_color.hpp:3210 in xfiyuv2nv12                                                                                         |
| dataflow        |                                                    | ../../../../../overlays/Vitis_Libraries/vision//L1/include/imgproc/xf_cvt_color.hpp:3219 in xfiyuv2nv12                                                                                         |
| inline          | OFF                                                | ../../../../../overlays/Vitis_Libraries/vision//L1/include/imgproc/xf_cvt_color.hpp:3247 in iyuv2nv12                                                                                           |
| dataflow        |                                                    | ../../../../../overlays/Vitis_Libraries/vision//L1/include/imgproc/xf_cvt_color.hpp:3298 in xfnv122iyuv                                                                                         |
| dataflow        |                                                    | ../../../../../overlays/Vitis_Libraries/vision//L1/include/imgproc/xf_cvt_color.hpp:3308 in xfnv122iyuv                                                                                         |
| inline          | OFF                                                | ../../../../../overlays/Vitis_Libraries/vision//L1/include/imgproc/xf_cvt_color.hpp:3336 in nv122iyuv                                                                                           |
| inline          | OFF                                                | ../../../../../overlays/Vitis_Libraries/vision//L1/include/imgproc/xf_cvt_color.hpp:3407 in nv122rgba                                                                                           |
| dataflow        |                                                    | ../../../../../overlays/Vitis_Libraries/vision//L1/include/imgproc/xf_cvt_color.hpp:3460 in xfnv122yuv4                                                                                         |
| dataflow        |                                                    | ../../../../../overlays/Vitis_Libraries/vision//L1/include/imgproc/xf_cvt_color.hpp:3469 in xfnv122yuv4                                                                                         |
| inline          | OFF                                                | ../../../../../overlays/Vitis_Libraries/vision//L1/include/imgproc/xf_cvt_color.hpp:3497 in nv122yuv4                                                                                           |
| dataflow        |                                                    | ../../../../../overlays/Vitis_Libraries/vision//L1/include/imgproc/xf_cvt_color.hpp:3525 in xfnv212iyuv                                                                                         |
| dataflow        |                                                    | ../../../../../overlays/Vitis_Libraries/vision//L1/include/imgproc/xf_cvt_color.hpp:3535 in xfnv212iyuv                                                                                         |
| inline          | OFF                                                | ../../../../../overlays/Vitis_Libraries/vision//L1/include/imgproc/xf_cvt_color.hpp:3564 in nv212iyuv                                                                                           |
| inline          | OFF                                                | ../../../../../overlays/Vitis_Libraries/vision//L1/include/imgproc/xf_cvt_color.hpp:3638 in nv212rgba                                                                                           |
| dataflow        |                                                    | ../../../../../overlays/Vitis_Libraries/vision//L1/include/imgproc/xf_cvt_color.hpp:3685 in xfnv212yuv4                                                                                         |
| dataflow        |                                                    | ../../../../../overlays/Vitis_Libraries/vision//L1/include/imgproc/xf_cvt_color.hpp:3695 in xfnv212yuv4                                                                                         |
| inline          | OFF                                                | ../../../../../overlays/Vitis_Libraries/vision//L1/include/imgproc/xf_cvt_color.hpp:3723 in nv212yuv4                                                                                           |
| inline          | OFF                                                | ../../../../../overlays/Vitis_Libraries/vision//L1/include/imgproc/xf_cvt_color.hpp:3790 in uyvy2iyuv                                                                                           |
| dataflow        |                                                    | ../../../../../overlays/Vitis_Libraries/vision//L1/include/imgproc/xf_cvt_color.hpp:3837 in xfuyvy2nv12                                                                                         |
| inline          | OFF                                                | ../../../../../overlays/Vitis_Libraries/vision//L1/include/imgproc/xf_cvt_color.hpp:3863 in uyvy2nv12                                                                                           |
| inline          | OFF                                                | ../../../../../overlays/Vitis_Libraries/vision//L1/include/imgproc/xf_cvt_color.hpp:3927 in uyvy2rgba                                                                                           |
| inline          | OFF                                                | ../../../../../overlays/Vitis_Libraries/vision//L1/include/imgproc/xf_cvt_color.hpp:3984 in yuyv2iyuv                                                                                           |
| inline          | OFF                                                | ../../../../../overlays/Vitis_Libraries/vision//L1/include/imgproc/xf_cvt_color.hpp:4045 in yuyv2nv12                                                                                           |
| inline          | OFF                                                | ../../../../../overlays/Vitis_Libraries/vision//L1/include/imgproc/xf_cvt_color.hpp:4105 in yuyv2rgba                                                                                           |
| inline          | OFF                                                | ../../../../../overlays/Vitis_Libraries/vision//L1/include/imgproc/xf_cvt_color.hpp:4163 in rgb2nv12                                                                                            |
| inline          | OFF                                                | ../../../../../overlays/Vitis_Libraries/vision//L1/include/imgproc/xf_cvt_color.hpp:4278 in rgb2nv21                                                                                            |
| loop_flatten    | OFF                                                | ../../../../../overlays/Vitis_Libraries/vision//L1/include/imgproc/xf_cvt_color.hpp:4328 in kernrgb2yuv4                                                                                        |
| loop_tripcount  | min=ROWS max=ROWS                                  | ../../../../../overlays/Vitis_Libraries/vision//L1/include/imgproc/xf_cvt_color.hpp:4329 in kernrgb2yuv4                                                                                        |
| loop_tripcount  | min=COLS max=COLS                                  | ../../../../../overlays/Vitis_Libraries/vision//L1/include/imgproc/xf_cvt_color.hpp:4334 in kernrgb2yuv4                                                                                        |
| pipeline        |                                                    | ../../../../../overlays/Vitis_Libraries/vision//L1/include/imgproc/xf_cvt_color.hpp:4335 in kernrgb2yuv4                                                                                        |
| inline          | OFF                                                | ../../../../../overlays/Vitis_Libraries/vision//L1/include/imgproc/xf_cvt_color.hpp:4397 in rgb2yuv4                                                                                            |
| loop_tripcount  | min=ROWS max=ROWS                                  | ../../../../../overlays/Vitis_Libraries/vision//L1/include/imgproc/xf_cvt_color.hpp:4445 in kernuyvy2rgb                                                                                        |
| loop_flatten    | off                                                | ../../../../../overlays/Vitis_Libraries/vision//L1/include/imgproc/xf_cvt_color.hpp:4446 in kernuyvy2rgb                                                                                        |
| loop_tripcount  | min=TC max=TC                                      | ../../../../../overlays/Vitis_Libraries/vision//L1/include/imgproc/xf_cvt_color.hpp:4451 in kernuyvy2rgb                                                                                        |
| pipeline        |                                                    | ../../../../../overlays/Vitis_Libraries/vision//L1/include/imgproc/xf_cvt_color.hpp:4452 in kernuyvy2rgb                                                                                        |
| inline          | OFF                                                | ../../../../../overlays/Vitis_Libraries/vision//L1/include/imgproc/xf_cvt_color.hpp:4537 in uyvy2rgb                                                                                            |
| loop_tripcount  | min=ROWS max=ROWS                                  | ../../../../../overlays/Vitis_Libraries/vision//L1/include/imgproc/xf_cvt_color.hpp:4578 in kernyuyv2rgb                                                                                        |
| loop_flatten    | off                                                | ../../../../../overlays/Vitis_Libraries/vision//L1/include/imgproc/xf_cvt_color.hpp:4579 in kernyuyv2rgb                                                                                        |
| loop_tripcount  | min=TC max=TC                                      | ../../../../../overlays/Vitis_Libraries/vision//L1/include/imgproc/xf_cvt_color.hpp:4584 in kernyuyv2rgb                                                                                        |
| pipeline        |                                                    | ../../../../../overlays/Vitis_Libraries/vision//L1/include/imgproc/xf_cvt_color.hpp:4585 in kernyuyv2rgb                                                                                        |
| inline          | OFF                                                | ../../../../../overlays/Vitis_Libraries/vision//L1/include/imgproc/xf_cvt_color.hpp:4653 in yuyv2rgb                                                                                            |
| stream          | variable=&uStream depth=TC                         | ../../../../../overlays/Vitis_Libraries/vision//L1/include/imgproc/xf_cvt_color.hpp:4692 in kerniyuv2rgb, &uStream                                                                              |
| stream          | variable=&vStream depth=TC                         | ../../../../../overlays/Vitis_Libraries/vision//L1/include/imgproc/xf_cvt_color.hpp:4693 in kerniyuv2rgb, &vStream                                                                              |
| loop_flatten    | off                                                | ../../../../../overlays/Vitis_Libraries/vision//L1/include/imgproc/xf_cvt_color.hpp:4707 in kerniyuv2rgb                                                                                        |
| loop_tripcount  | min=ROWS max=ROWS                                  | ../../../../../overlays/Vitis_Libraries/vision//L1/include/imgproc/xf_cvt_color.hpp:4708 in kerniyuv2rgb                                                                                        |
| pipeline        |                                                    | ../../../../../overlays/Vitis_Libraries/vision//L1/include/imgproc/xf_cvt_color.hpp:4713 in kerniyuv2rgb                                                                                        |
| loop_tripcount  | min=TC max=TC                                      | ../../../../../overlays/Vitis_Libraries/vision//L1/include/imgproc/xf_cvt_color.hpp:4714 in kerniyuv2rgb                                                                                        |
| unroll          |                                                    | ../../../../../overlays/Vitis_Libraries/vision//L1/include/imgproc/xf_cvt_color.hpp:4742 in kerniyuv2rgb                                                                                        |
| inline          | OFF                                                | ../../../../../overlays/Vitis_Libraries/vision//L1/include/imgproc/xf_cvt_color.hpp:4811 in iyuv2rgb                                                                                            |
| stream          | variable=&uvStream depth=COLS                      | ../../../../../overlays/Vitis_Libraries/vision//L1/include/imgproc/xf_cvt_color.hpp:4851 in kernnv122bgr, &uvStream                                                                             |
| loop_flatten    | off                                                | ../../../../../overlays/Vitis_Libraries/vision//L1/include/imgproc/xf_cvt_color.hpp:4863 in kernnv122bgr                                                                                        |
| loop_tripcount  | min=ROWS max=ROWS                                  | ../../../../../overlays/Vitis_Libraries/vision//L1/include/imgproc/xf_cvt_color.hpp:4864 in kernnv122bgr                                                                                        |
| pipeline        |                                                    | ../../../../../overlays/Vitis_Libraries/vision//L1/include/imgproc/xf_cvt_color.hpp:4869 in kernnv122bgr                                                                                        |
| loop_tripcount  | min=COLS max=COLS                                  | ../../../../../overlays/Vitis_Libraries/vision//L1/include/imgproc/xf_cvt_color.hpp:4870 in kernnv122bgr                                                                                        |
| loop_tripcount  | min=COLS max=COLS                                  | ../../../../../overlays/Vitis_Libraries/vision//L1/include/imgproc/xf_cvt_color.hpp:4913 in kernnv122bgr                                                                                        |
| inline          | OFF                                                | ../../../../../overlays/Vitis_Libraries/vision//L1/include/imgproc/xf_cvt_color.hpp:4963 in nv122bgr                                                                                            |
| stream          | variable=&uvStream depth=COLS                      | ../../../../../overlays/Vitis_Libraries/vision//L1/include/imgproc/xf_cvt_color.hpp:5011 in kernnv122rgb, &uvStream                                                                             |
| loop_flatten    | off                                                | ../../../../../overlays/Vitis_Libraries/vision//L1/include/imgproc/xf_cvt_color.hpp:5023 in kernnv122rgb                                                                                        |
| loop_tripcount  | min=ROWS max=ROWS                                  | ../../../../../overlays/Vitis_Libraries/vision//L1/include/imgproc/xf_cvt_color.hpp:5024 in kernnv122rgb                                                                                        |
| pipeline        |                                                    | ../../../../../overlays/Vitis_Libraries/vision//L1/include/imgproc/xf_cvt_color.hpp:5029 in kernnv122rgb                                                                                        |
| loop_tripcount  | min=COLS max=COLS                                  | ../../../../../overlays/Vitis_Libraries/vision//L1/include/imgproc/xf_cvt_color.hpp:5030 in kernnv122rgb                                                                                        |
| loop_tripcount  | min=COLS max=COLS                                  | ../../../../../overlays/Vitis_Libraries/vision//L1/include/imgproc/xf_cvt_color.hpp:5073 in kernnv122rgb                                                                                        |
| inline          | OFF                                                | ../../../../../overlays/Vitis_Libraries/vision//L1/include/imgproc/xf_cvt_color.hpp:5123 in nv122rgb                                                                                            |
| stream          | variable=&vuStream depth=COLS                      | ../../../../../overlays/Vitis_Libraries/vision//L1/include/imgproc/xf_cvt_color.hpp:5169 in kernnv212rgb, &vuStream                                                                             |
| loop_flatten    | off                                                | ../../../../../overlays/Vitis_Libraries/vision//L1/include/imgproc/xf_cvt_color.hpp:5183 in kernnv212rgb                                                                                        |
| loop_tripcount  | min=ROWS max=ROWS                                  | ../../../../../overlays/Vitis_Libraries/vision//L1/include/imgproc/xf_cvt_color.hpp:5184 in kernnv212rgb                                                                                        |
| pipeline        |                                                    | ../../../../../overlays/Vitis_Libraries/vision//L1/include/imgproc/xf_cvt_color.hpp:5189 in kernnv212rgb                                                                                        |
| loop_tripcount  | min=COLS max=COLS                                  | ../../../../../overlays/Vitis_Libraries/vision//L1/include/imgproc/xf_cvt_color.hpp:5190 in kernnv212rgb                                                                                        |
| loop_tripcount  | min=COLS max=COLS                                  | ../../../../../overlays/Vitis_Libraries/vision//L1/include/imgproc/xf_cvt_color.hpp:5235 in kernnv212rgb                                                                                        |
| inline          | OFF                                                | ../../../../../overlays/Vitis_Libraries/vision//L1/include/imgproc/xf_cvt_color.hpp:5284 in nv212rgb                                                                                            |
| stream          | variable=&vuStream depth=COLS                      | ../../../../../overlays/Vitis_Libraries/vision//L1/include/imgproc/xf_cvt_color.hpp:5331 in kernnv212bgr, &vuStream                                                                             |
| loop_flatten    | off                                                | ../../../../../overlays/Vitis_Libraries/vision//L1/include/imgproc/xf_cvt_color.hpp:5345 in kernnv212bgr                                                                                        |
| loop_tripcount  | min=ROWS max=ROWS                                  | ../../../../../overlays/Vitis_Libraries/vision//L1/include/imgproc/xf_cvt_color.hpp:5346 in kernnv212bgr                                                                                        |
| pipeline        |                                                    | ../../../../../overlays/Vitis_Libraries/vision//L1/include/imgproc/xf_cvt_color.hpp:5351 in kernnv212bgr                                                                                        |
| loop_tripcount  | min=COLS max=COLS                                  | ../../../../../overlays/Vitis_Libraries/vision//L1/include/imgproc/xf_cvt_color.hpp:5352 in kernnv212bgr                                                                                        |
| loop_tripcount  | min=COLS max=COLS                                  | ../../../../../overlays/Vitis_Libraries/vision//L1/include/imgproc/xf_cvt_color.hpp:5397 in kernnv212bgr                                                                                        |
| inline          | OFF                                                | ../../../../../overlays/Vitis_Libraries/vision//L1/include/imgproc/xf_cvt_color.hpp:5448 in nv212bgr                                                                                            |
| array_partition | variable=RGB complete                              | ../../../../../overlays/Vitis_Libraries/vision//L1/include/imgproc/xf_cvt_color.hpp:5493 in xfrgb2gray, RGB                                                                                     |
| loop_flatten    | off                                                | ../../../../../overlays/Vitis_Libraries/vision//L1/include/imgproc/xf_cvt_color.hpp:5502 in xfrgb2gray                                                                                          |
| loop_tripcount  | min=ROWS max=ROWS                                  | ../../../../../overlays/Vitis_Libraries/vision//L1/include/imgproc/xf_cvt_color.hpp:5503 in xfrgb2gray                                                                                          |
| pipeline        |                                                    | ../../../../../overlays/Vitis_Libraries/vision//L1/include/imgproc/xf_cvt_color.hpp:5508 in xfrgb2gray                                                                                          |
| loop_tripcount  | min=COLS max=COLS                                  | ../../../../../overlays/Vitis_Libraries/vision//L1/include/imgproc/xf_cvt_color.hpp:5509 in xfrgb2gray                                                                                          |
| unroll          |                                                    | ../../../../../overlays/Vitis_Libraries/vision//L1/include/imgproc/xf_cvt_color.hpp:5516 in xfrgb2gray                                                                                          |
| inline          | OFF                                                | ../../../../../overlays/Vitis_Libraries/vision//L1/include/imgproc/xf_cvt_color.hpp:5537 in rgb2gray                                                                                            |
| array_partition | variable=RGB complete                              | ../../../../../overlays/Vitis_Libraries/vision//L1/include/imgproc/xf_cvt_color.hpp:5569 in xfbgr2gray, RGB                                                                                     |
| loop_flatten    | off                                                | ../../../../../overlays/Vitis_Libraries/vision//L1/include/imgproc/xf_cvt_color.hpp:5578 in xfbgr2gray                                                                                          |
| loop_tripcount  | min=ROWS max=ROWS                                  | ../../../../../overlays/Vitis_Libraries/vision//L1/include/imgproc/xf_cvt_color.hpp:5579 in xfbgr2gray                                                                                          |
| pipeline        |                                                    | ../../../../../overlays/Vitis_Libraries/vision//L1/include/imgproc/xf_cvt_color.hpp:5584 in xfbgr2gray                                                                                          |
| loop_tripcount  | min=COLS max=COLS                                  | ../../../../../overlays/Vitis_Libraries/vision//L1/include/imgproc/xf_cvt_color.hpp:5585 in xfbgr2gray                                                                                          |
| unroll          |                                                    | ../../../../../overlays/Vitis_Libraries/vision//L1/include/imgproc/xf_cvt_color.hpp:5592 in xfbgr2gray                                                                                          |
| inline          | OFF                                                | ../../../../../overlays/Vitis_Libraries/vision//L1/include/imgproc/xf_cvt_color.hpp:5613 in bgr2gray                                                                                            |
| loop_flatten    | off                                                | ../../../../../overlays/Vitis_Libraries/vision//L1/include/imgproc/xf_cvt_color.hpp:5650 in xfgray2rgb                                                                                          |
| loop_tripcount  | min=ROWS max=ROWS                                  | ../../../../../overlays/Vitis_Libraries/vision//L1/include/imgproc/xf_cvt_color.hpp:5651 in xfgray2rgb                                                                                          |
| pipeline        |                                                    | ../../../../../overlays/Vitis_Libraries/vision//L1/include/imgproc/xf_cvt_color.hpp:5657 in xfgray2rgb                                                                                          |
| loop_tripcount  | min=COLS max=COLS                                  | ../../../../../overlays/Vitis_Libraries/vision//L1/include/imgproc/xf_cvt_color.hpp:5658 in xfgray2rgb                                                                                          |
| unroll          |                                                    | ../../../../../overlays/Vitis_Libraries/vision//L1/include/imgproc/xf_cvt_color.hpp:5665 in xfgray2rgb                                                                                          |
| inline          | OFF                                                | ../../../../../overlays/Vitis_Libraries/vision//L1/include/imgproc/xf_cvt_color.hpp:5691 in gray2rgb                                                                                            |
| loop_flatten    | off                                                | ../../../../../overlays/Vitis_Libraries/vision//L1/include/imgproc/xf_cvt_color.hpp:5727 in xfgray2bgr                                                                                          |
| loop_tripcount  | min=ROWS max=ROWS                                  | ../../../../../overlays/Vitis_Libraries/vision//L1/include/imgproc/xf_cvt_color.hpp:5728 in xfgray2bgr                                                                                          |
| pipeline        |                                                    | ../../../../../overlays/Vitis_Libraries/vision//L1/include/imgproc/xf_cvt_color.hpp:5734 in xfgray2bgr                                                                                          |
| loop_tripcount  | min=COLS max=COLS                                  | ../../../../../overlays/Vitis_Libraries/vision//L1/include/imgproc/xf_cvt_color.hpp:5735 in xfgray2bgr                                                                                          |
| unroll          |                                                    | ../../../../../overlays/Vitis_Libraries/vision//L1/include/imgproc/xf_cvt_color.hpp:5742 in xfgray2bgr                                                                                          |
| inline          | OFF                                                | ../../../../../overlays/Vitis_Libraries/vision//L1/include/imgproc/xf_cvt_color.hpp:5768 in gray2bgr                                                                                            |
| array_partition | variable=RGB complete                              | ../../../../../overlays/Vitis_Libraries/vision//L1/include/imgproc/xf_cvt_color.hpp:5799 in xfrgb2xyz, RGB                                                                                      |
| loop_flatten    | off                                                | ../../../../../overlays/Vitis_Libraries/vision//L1/include/imgproc/xf_cvt_color.hpp:5811 in xfrgb2xyz                                                                                           |
| loop_tripcount  | min=ROWS max=ROWS                                  | ../../../../../overlays/Vitis_Libraries/vision//L1/include/imgproc/xf_cvt_color.hpp:5812 in xfrgb2xyz                                                                                           |
| pipeline        |                                                    | ../../../../../overlays/Vitis_Libraries/vision//L1/include/imgproc/xf_cvt_color.hpp:5817 in xfrgb2xyz                                                                                           |
| loop_tripcount  | min=COLS max=COLS                                  | ../../../../../overlays/Vitis_Libraries/vision//L1/include/imgproc/xf_cvt_color.hpp:5818 in xfrgb2xyz                                                                                           |
| unroll          |                                                    | ../../../../../overlays/Vitis_Libraries/vision//L1/include/imgproc/xf_cvt_color.hpp:5826 in xfrgb2xyz                                                                                           |
| inline          | OFF                                                | ../../../../../overlays/Vitis_Libraries/vision//L1/include/imgproc/xf_cvt_color.hpp:5854 in rgb2xyz                                                                                             |
| array_partition | variable=RGB complete                              | ../../../../../overlays/Vitis_Libraries/vision//L1/include/imgproc/xf_cvt_color.hpp:5885 in xfbgr2xyz, RGB                                                                                      |
| array_partition | variable=XYZ complete                              | ../../../../../overlays/Vitis_Libraries/vision//L1/include/imgproc/xf_cvt_color.hpp:5892 in xfbgr2xyz, XYZ                                                                                      |
| loop_flatten    | off                                                | ../../../../../overlays/Vitis_Libraries/vision//L1/include/imgproc/xf_cvt_color.hpp:5901 in xfbgr2xyz                                                                                           |
| loop_tripcount  | min=ROWS max=ROWS                                  | ../../../../../overlays/Vitis_Libraries/vision//L1/include/imgproc/xf_cvt_color.hpp:5902 in xfbgr2xyz                                                                                           |
| pipeline        |                                                    | ../../../../../overlays/Vitis_Libraries/vision//L1/include/imgproc/xf_cvt_color.hpp:5907 in xfbgr2xyz                                                                                           |
| loop_tripcount  | min=TC max=TC                                      | ../../../../../overlays/Vitis_Libraries/vision//L1/include/imgproc/xf_cvt_color.hpp:5908 in xfbgr2xyz                                                                                           |
| unroll          |                                                    | ../../../../../overlays/Vitis_Libraries/vision//L1/include/imgproc/xf_cvt_color.hpp:5916 in xfbgr2xyz                                                                                           |
| inline          | OFF                                                | ../../../../../overlays/Vitis_Libraries/vision//L1/include/imgproc/xf_cvt_color.hpp:5945 in bgr2xyz                                                                                             |
| array_partition | variable=XYZ complete                              | ../../../../../overlays/Vitis_Libraries/vision//L1/include/imgproc/xf_cvt_color.hpp:5976 in xfxyz2rgb, XYZ                                                                                      |
| loop_flatten    | off                                                | ../../../../../overlays/Vitis_Libraries/vision//L1/include/imgproc/xf_cvt_color.hpp:5985 in xfxyz2rgb                                                                                           |
| loop_tripcount  | min=ROWS max=ROWS                                  | ../../../../../overlays/Vitis_Libraries/vision//L1/include/imgproc/xf_cvt_color.hpp:5986 in xfxyz2rgb                                                                                           |
| pipeline        |                                                    | ../../../../../overlays/Vitis_Libraries/vision//L1/include/imgproc/xf_cvt_color.hpp:5991 in xfxyz2rgb                                                                                           |
| loop_tripcount  | min=COLS max=COLS                                  | ../../../../../overlays/Vitis_Libraries/vision//L1/include/imgproc/xf_cvt_color.hpp:5992 in xfxyz2rgb                                                                                           |
| unroll          |                                                    | ../../../../../overlays/Vitis_Libraries/vision//L1/include/imgproc/xf_cvt_color.hpp:5999 in xfxyz2rgb                                                                                           |
| inline          | OFF                                                | ../../../../../overlays/Vitis_Libraries/vision//L1/include/imgproc/xf_cvt_color.hpp:6026 in xyz2rgb                                                                                             |
| array_partition | variable=XYZ complete                              | ../../../../../overlays/Vitis_Libraries/vision//L1/include/imgproc/xf_cvt_color.hpp:6057 in xfxyz2bgr, XYZ                                                                                      |
| array_partition | variable=RGB complete                              | ../../../../../overlays/Vitis_Libraries/vision//L1/include/imgproc/xf_cvt_color.hpp:6062 in xfxyz2bgr, RGB                                                                                      |
| loop_flatten    | off                                                | ../../../../../overlays/Vitis_Libraries/vision//L1/include/imgproc/xf_cvt_color.hpp:6070 in xfxyz2bgr                                                                                           |
| loop_tripcount  | min=ROWS max=ROWS                                  | ../../../../../overlays/Vitis_Libraries/vision//L1/include/imgproc/xf_cvt_color.hpp:6071 in xfxyz2bgr                                                                                           |
| pipeline        |                                                    | ../../../../../overlays/Vitis_Libraries/vision//L1/include/imgproc/xf_cvt_color.hpp:6076 in xfxyz2bgr                                                                                           |
| loop_tripcount  | min=TC max=TC                                      | ../../../../../overlays/Vitis_Libraries/vision//L1/include/imgproc/xf_cvt_color.hpp:6077 in xfxyz2bgr                                                                                           |
| unroll          |                                                    | ../../../../../overlays/Vitis_Libraries/vision//L1/include/imgproc/xf_cvt_color.hpp:6084 in xfxyz2bgr                                                                                           |
| inline          | OFF                                                | ../../../../../overlays/Vitis_Libraries/vision//L1/include/imgproc/xf_cvt_color.hpp:6111 in xyz2bgr                                                                                             |
| array_partition | variable=RGB complete                              | ../../../../../overlays/Vitis_Libraries/vision//L1/include/imgproc/xf_cvt_color.hpp:6143 in xfrgb2ycrcb, RGB                                                                                    |
| loop_flatten    | off                                                | ../../../../../overlays/Vitis_Libraries/vision//L1/include/imgproc/xf_cvt_color.hpp:6154 in xfrgb2ycrcb                                                                                         |
| loop_tripcount  | min=ROWS max=ROWS                                  | ../../../../../overlays/Vitis_Libraries/vision//L1/include/imgproc/xf_cvt_color.hpp:6155 in xfrgb2ycrcb                                                                                         |
| pipeline        |                                                    | ../../../../../overlays/Vitis_Libraries/vision//L1/include/imgproc/xf_cvt_color.hpp:6160 in xfrgb2ycrcb                                                                                         |
| loop_tripcount  | min=COLS max=COLS                                  | ../../../../../overlays/Vitis_Libraries/vision//L1/include/imgproc/xf_cvt_color.hpp:6161 in xfrgb2ycrcb                                                                                         |
| inline          | OFF                                                | ../../../../../overlays/Vitis_Libraries/vision//L1/include/imgproc/xf_cvt_color.hpp:6193 in rgb2ycrcb                                                                                           |
| array_partition | variable=RGB complete                              | ../../../../../overlays/Vitis_Libraries/vision//L1/include/imgproc/xf_cvt_color.hpp:6224 in xfbgr2ycrcb, RGB                                                                                    |
| loop_flatten    | off                                                | ../../../../../overlays/Vitis_Libraries/vision//L1/include/imgproc/xf_cvt_color.hpp:6235 in xfbgr2ycrcb                                                                                         |
| loop_tripcount  | min=ROWS max=ROWS                                  | ../../../../../overlays/Vitis_Libraries/vision//L1/include/imgproc/xf_cvt_color.hpp:6236 in xfbgr2ycrcb                                                                                         |
| pipeline        |                                                    | ../../../../../overlays/Vitis_Libraries/vision//L1/include/imgproc/xf_cvt_color.hpp:6241 in xfbgr2ycrcb                                                                                         |
| loop_tripcount  | min=COLS max=COLS                                  | ../../../../../overlays/Vitis_Libraries/vision//L1/include/imgproc/xf_cvt_color.hpp:6242 in xfbgr2ycrcb                                                                                         |
| inline          | OFF                                                | ../../../../../overlays/Vitis_Libraries/vision//L1/include/imgproc/xf_cvt_color.hpp:6274 in bgr2ycrcb                                                                                           |
| array_partition | variable=YCRCB complete                            | ../../../../../overlays/Vitis_Libraries/vision//L1/include/imgproc/xf_cvt_color.hpp:6305 in xfycrcb2rgb, YCRCB                                                                                  |
| loop_flatten    | off                                                | ../../../../../overlays/Vitis_Libraries/vision//L1/include/imgproc/xf_cvt_color.hpp:6316 in xfycrcb2rgb                                                                                         |
| loop_tripcount  | min=ROWS max=ROWS                                  | ../../../../../overlays/Vitis_Libraries/vision//L1/include/imgproc/xf_cvt_color.hpp:6317 in xfycrcb2rgb                                                                                         |
| pipeline        |                                                    | ../../../../../overlays/Vitis_Libraries/vision//L1/include/imgproc/xf_cvt_color.hpp:6322 in xfycrcb2rgb                                                                                         |
| loop_tripcount  | min=COLS max=COLS                                  | ../../../../../overlays/Vitis_Libraries/vision//L1/include/imgproc/xf_cvt_color.hpp:6323 in xfycrcb2rgb                                                                                         |
| inline          | OFF                                                | ../../../../../overlays/Vitis_Libraries/vision//L1/include/imgproc/xf_cvt_color.hpp:6354 in ycrcb2rgb                                                                                           |
| array_partition | variable=YCRCB complete                            | ../../../../../overlays/Vitis_Libraries/vision//L1/include/imgproc/xf_cvt_color.hpp:6385 in xfycrcb2bgr, YCRCB                                                                                  |
| loop_flatten    | off                                                | ../../../../../overlays/Vitis_Libraries/vision//L1/include/imgproc/xf_cvt_color.hpp:6396 in xfycrcb2bgr                                                                                         |
| loop_tripcount  | min=ROWS max=ROWS                                  | ../../../../../overlays/Vitis_Libraries/vision//L1/include/imgproc/xf_cvt_color.hpp:6397 in xfycrcb2bgr                                                                                         |
| pipeline        |                                                    | ../../../../../overlays/Vitis_Libraries/vision//L1/include/imgproc/xf_cvt_color.hpp:6402 in xfycrcb2bgr                                                                                         |
| loop_tripcount  | min=COLS max=COLS                                  | ../../../../../overlays/Vitis_Libraries/vision//L1/include/imgproc/xf_cvt_color.hpp:6403 in xfycrcb2bgr                                                                                         |
| inline          | OFF                                                | ../../../../../overlays/Vitis_Libraries/vision//L1/include/imgproc/xf_cvt_color.hpp:6434 in ycrcb2bgr                                                                                           |
| array_partition | variable=RGB complete                              | ../../../../../overlays/Vitis_Libraries/vision//L1/include/imgproc/xf_cvt_color.hpp:6466 in xfrgb2hls, RGB                                                                                      |
| loop_flatten    | off                                                | ../../../../../overlays/Vitis_Libraries/vision//L1/include/imgproc/xf_cvt_color.hpp:6487 in xfrgb2hls                                                                                           |
| loop_tripcount  | min=ROWS max=ROWS                                  | ../../../../../overlays/Vitis_Libraries/vision//L1/include/imgproc/xf_cvt_color.hpp:6488 in xfrgb2hls                                                                                           |
| pipeline        |                                                    | ../../../../../overlays/Vitis_Libraries/vision//L1/include/imgproc/xf_cvt_color.hpp:6493 in xfrgb2hls                                                                                           |
| loop_tripcount  | min=COLS max=COLS                                  | ../../../../../overlays/Vitis_Libraries/vision//L1/include/imgproc/xf_cvt_color.hpp:6494 in xfrgb2hls                                                                                           |
| inline          | OFF                                                | ../../../../../overlays/Vitis_Libraries/vision//L1/include/imgproc/xf_cvt_color.hpp:6568 in rgb2hls                                                                                             |
| array_partition | variable=RGB complete                              | ../../../../../overlays/Vitis_Libraries/vision//L1/include/imgproc/xf_cvt_color.hpp:6599 in xfbgr2hls, RGB                                                                                      |
| loop_flatten    | off                                                | ../../../../../overlays/Vitis_Libraries/vision//L1/include/imgproc/xf_cvt_color.hpp:6620 in xfbgr2hls                                                                                           |
| loop_tripcount  | min=ROWS max=ROWS                                  | ../../../../../overlays/Vitis_Libraries/vision//L1/include/imgproc/xf_cvt_color.hpp:6621 in xfbgr2hls                                                                                           |
| pipeline        |                                                    | ../../../../../overlays/Vitis_Libraries/vision//L1/include/imgproc/xf_cvt_color.hpp:6626 in xfbgr2hls                                                                                           |
| loop_tripcount  | min=COLS max=COLS                                  | ../../../../../overlays/Vitis_Libraries/vision//L1/include/imgproc/xf_cvt_color.hpp:6627 in xfbgr2hls                                                                                           |
| inline          | OFF                                                | ../../../../../overlays/Vitis_Libraries/vision//L1/include/imgproc/xf_cvt_color.hpp:6722 in bgr2hls                                                                                             |
| array_partition | variable=HLS complete                              | ../../../../../overlays/Vitis_Libraries/vision//L1/include/imgproc/xf_cvt_color.hpp:6753 in xfhls2rgb, HLS                                                                                      |
| loop_flatten    | off                                                | ../../../../../overlays/Vitis_Libraries/vision//L1/include/imgproc/xf_cvt_color.hpp:6770 in xfhls2rgb                                                                                           |
| loop_tripcount  | min=ROWS max=ROWS                                  | ../../../../../overlays/Vitis_Libraries/vision//L1/include/imgproc/xf_cvt_color.hpp:6771 in xfhls2rgb                                                                                           |
| pipeline        |                                                    | ../../../../../overlays/Vitis_Libraries/vision//L1/include/imgproc/xf_cvt_color.hpp:6776 in xfhls2rgb                                                                                           |
| loop_tripcount  | min=COLS max=COLS                                  | ../../../../../overlays/Vitis_Libraries/vision//L1/include/imgproc/xf_cvt_color.hpp:6777 in xfhls2rgb                                                                                           |
| inline          | OFF                                                | ../../../../../overlays/Vitis_Libraries/vision//L1/include/imgproc/xf_cvt_color.hpp:6836 in hls2rgb                                                                                             |
| array_partition | variable=HLS complete                              | ../../../../../overlays/Vitis_Libraries/vision//L1/include/imgproc/xf_cvt_color.hpp:6867 in xfhls2bgr, HLS                                                                                      |
| loop_flatten    | off                                                | ../../../../../overlays/Vitis_Libraries/vision//L1/include/imgproc/xf_cvt_color.hpp:6884 in xfhls2bgr                                                                                           |
| loop_tripcount  | min=ROWS max=ROWS                                  | ../../../../../overlays/Vitis_Libraries/vision//L1/include/imgproc/xf_cvt_color.hpp:6885 in xfhls2bgr                                                                                           |
| pipeline        |                                                    | ../../../../../overlays/Vitis_Libraries/vision//L1/include/imgproc/xf_cvt_color.hpp:6890 in xfhls2bgr                                                                                           |
| loop_tripcount  | min=COLS max=COLS                                  | ../../../../../overlays/Vitis_Libraries/vision//L1/include/imgproc/xf_cvt_color.hpp:6891 in xfhls2bgr                                                                                           |
| inline          | OFF                                                | ../../../../../overlays/Vitis_Libraries/vision//L1/include/imgproc/xf_cvt_color.hpp:6950 in hls2bgr                                                                                             |
| array_partition | variable=HSV complete                              | ../../../../../overlays/Vitis_Libraries/vision//L1/include/imgproc/xf_cvt_color.hpp:6981 in xfhsv2rgb, HSV                                                                                      |
| loop_flatten    | off                                                | ../../../../../overlays/Vitis_Libraries/vision//L1/include/imgproc/xf_cvt_color.hpp:6997 in xfhsv2rgb                                                                                           |
| loop_tripcount  | min=ROWS max=ROWS                                  | ../../../../../overlays/Vitis_Libraries/vision//L1/include/imgproc/xf_cvt_color.hpp:6998 in xfhsv2rgb                                                                                           |
| pipeline        |                                                    | ../../../../../overlays/Vitis_Libraries/vision//L1/include/imgproc/xf_cvt_color.hpp:7003 in xfhsv2rgb                                                                                           |
| loop_tripcount  | min=COLS max=COLS                                  | ../../../../../overlays/Vitis_Libraries/vision//L1/include/imgproc/xf_cvt_color.hpp:7004 in xfhsv2rgb                                                                                           |
| inline          | OFF                                                | ../../../../../overlays/Vitis_Libraries/vision//L1/include/imgproc/xf_cvt_color.hpp:7052 in hsv2rgb                                                                                             |
| array_partition | variable=HSV complete                              | ../../../../../overlays/Vitis_Libraries/vision//L1/include/imgproc/xf_cvt_color.hpp:7083 in xfhsv2bgr, HSV                                                                                      |
| array_partition | variable=RGB complete                              | ../../../../../overlays/Vitis_Libraries/vision//L1/include/imgproc/xf_cvt_color.hpp:7087 in xfhsv2bgr, RGB                                                                                      |
| array_partition | variable=tab complete                              | ../../../../../overlays/Vitis_Libraries/vision//L1/include/imgproc/xf_cvt_color.hpp:7097 in xfhsv2bgr, tab                                                                                      |
| loop_flatten    | off                                                | ../../../../../overlays/Vitis_Libraries/vision//L1/include/imgproc/xf_cvt_color.hpp:7105 in xfhsv2bgr                                                                                           |
| loop_tripcount  | min=ROWS max=ROWS                                  | ../../../../../overlays/Vitis_Libraries/vision//L1/include/imgproc/xf_cvt_color.hpp:7106 in xfhsv2bgr                                                                                           |
| pipeline        |                                                    | ../../../../../overlays/Vitis_Libraries/vision//L1/include/imgproc/xf_cvt_color.hpp:7111 in xfhsv2bgr                                                                                           |
| loop_tripcount  | min=COLS max=COLS                                  | ../../../../../overlays/Vitis_Libraries/vision//L1/include/imgproc/xf_cvt_color.hpp:7112 in xfhsv2bgr                                                                                           |
| inline          | OFF                                                | ../../../../../overlays/Vitis_Libraries/vision//L1/include/imgproc/xf_cvt_color.hpp:7160 in hsv2bgr                                                                                             |
| array_partition | variable=Y complete                                | ../../../../../overlays/Vitis_Libraries/vision//L1/include/imgproc/xf_cvt_color.hpp:7198 in xfrgb2uyvy, Y                                                                                       |
| array_partition | variable=U complete                                | ../../../../../overlays/Vitis_Libraries/vision//L1/include/imgproc/xf_cvt_color.hpp:7199 in xfrgb2uyvy, U                                                                                       |
| array_partition | variable=V complete                                | ../../../../../overlays/Vitis_Libraries/vision//L1/include/imgproc/xf_cvt_color.hpp:7200 in xfrgb2uyvy, V                                                                                       |
| array_partition | variable=RGB1 complete                             | ../../../../../overlays/Vitis_Libraries/vision//L1/include/imgproc/xf_cvt_color.hpp:7201 in xfrgb2uyvy, RGB1                                                                                    |
| loop_flatten    | off                                                | ../../../../../overlays/Vitis_Libraries/vision//L1/include/imgproc/xf_cvt_color.hpp:7216 in xfrgb2uyvy                                                                                          |
| loop_tripcount  | min=ROWS max=ROWS                                  | ../../../../../overlays/Vitis_Libraries/vision//L1/include/imgproc/xf_cvt_color.hpp:7217 in xfrgb2uyvy                                                                                          |
| pipeline        |                                                    | ../../../../../overlays/Vitis_Libraries/vision//L1/include/imgproc/xf_cvt_color.hpp:7224 in xfrgb2uyvy                                                                                          |
| loop_tripcount  | min=TC max=TC                                      | ../../../../../overlays/Vitis_Libraries/vision//L1/include/imgproc/xf_cvt_color.hpp:7225 in xfrgb2uyvy                                                                                          |
| loop_tripcount  | min=iTC max=iTC                                    | ../../../../../overlays/Vitis_Libraries/vision//L1/include/imgproc/xf_cvt_color.hpp:7234 in xfrgb2uyvy                                                                                          |
| unroll          |                                                    | ../../../../../overlays/Vitis_Libraries/vision//L1/include/imgproc/xf_cvt_color.hpp:7235 in xfrgb2uyvy                                                                                          |
| inline          | OFF                                                | ../../../../../overlays/Vitis_Libraries/vision//L1/include/imgproc/xf_cvt_color.hpp:7283 in rgb2uyvy                                                                                            |
| array_partition | variable=Y complete                                | ../../../../../overlays/Vitis_Libraries/vision//L1/include/imgproc/xf_cvt_color.hpp:7325 in xfrgb2yuyv, Y                                                                                       |
| array_partition | variable=U complete                                | ../../../../../overlays/Vitis_Libraries/vision//L1/include/imgproc/xf_cvt_color.hpp:7326 in xfrgb2yuyv, U                                                                                       |
| array_partition | variable=V complete                                | ../../../../../overlays/Vitis_Libraries/vision//L1/include/imgproc/xf_cvt_color.hpp:7327 in xfrgb2yuyv, V                                                                                       |
| array_partition | variable=RGB1 complete                             | ../../../../../overlays/Vitis_Libraries/vision//L1/include/imgproc/xf_cvt_color.hpp:7328 in xfrgb2yuyv, RGB1                                                                                    |
| loop_flatten    | off                                                | ../../../../../overlays/Vitis_Libraries/vision//L1/include/imgproc/xf_cvt_color.hpp:7343 in xfrgb2yuyv                                                                                          |
| loop_tripcount  | min=ROWS max=ROWS                                  | ../../../../../overlays/Vitis_Libraries/vision//L1/include/imgproc/xf_cvt_color.hpp:7344 in xfrgb2yuyv                                                                                          |
| pipeline        |                                                    | ../../../../../overlays/Vitis_Libraries/vision//L1/include/imgproc/xf_cvt_color.hpp:7351 in xfrgb2yuyv                                                                                          |
| loop_tripcount  | min=TC max=TC                                      | ../../../../../overlays/Vitis_Libraries/vision//L1/include/imgproc/xf_cvt_color.hpp:7352 in xfrgb2yuyv                                                                                          |
| loop_tripcount  | min=iTC max=iTC                                    | ../../../../../overlays/Vitis_Libraries/vision//L1/include/imgproc/xf_cvt_color.hpp:7360 in xfrgb2yuyv                                                                                          |
| unroll          |                                                    | ../../../../../overlays/Vitis_Libraries/vision//L1/include/imgproc/xf_cvt_color.hpp:7361 in xfrgb2yuyv                                                                                          |
| inline          | OFF                                                | ../../../../../overlays/Vitis_Libraries/vision//L1/include/imgproc/xf_cvt_color.hpp:7396 in rgb2yuyv                                                                                            |
| array_partition | variable=RGB complete                              | ../../../../../overlays/Vitis_Libraries/vision//L1/include/imgproc/xf_cvt_color.hpp:7432 in xfrgb2bgr, RGB                                                                                      |
| array_partition | variable=BGR complete                              | ../../../../../overlays/Vitis_Libraries/vision//L1/include/imgproc/xf_cvt_color.hpp:7433 in xfrgb2bgr, BGR                                                                                      |
| loop_flatten    | off                                                | ../../../../../overlays/Vitis_Libraries/vision//L1/include/imgproc/xf_cvt_color.hpp:7445 in xfrgb2bgr                                                                                           |
| loop_tripcount  | min=ROWS max=ROWS                                  | ../../../../../overlays/Vitis_Libraries/vision//L1/include/imgproc/xf_cvt_color.hpp:7446 in xfrgb2bgr                                                                                           |
| pipeline        |                                                    | ../../../../../overlays/Vitis_Libraries/vision//L1/include/imgproc/xf_cvt_color.hpp:7451 in xfrgb2bgr                                                                                           |
| loop_tripcount  | min=TC max=TC                                      | ../../../../../overlays/Vitis_Libraries/vision//L1/include/imgproc/xf_cvt_color.hpp:7452 in xfrgb2bgr                                                                                           |
| loop_tripcount  | min=iTC max=iTC                                    | ../../../../../overlays/Vitis_Libraries/vision//L1/include/imgproc/xf_cvt_color.hpp:7458 in xfrgb2bgr                                                                                           |
| unroll          |                                                    | ../../../../../overlays/Vitis_Libraries/vision//L1/include/imgproc/xf_cvt_color.hpp:7459 in xfrgb2bgr                                                                                           |
| inline          | OFF                                                | ../../../../../overlays/Vitis_Libraries/vision//L1/include/imgproc/xf_cvt_color.hpp:7482 in rgb2bgr                                                                                             |
| stream          | variable=&uvStream depth=COLS/2                    | ../../../../../overlays/Vitis_Libraries/vision//L1/include/imgproc/xf_cvt_color.hpp:7523 in xfnv122uyvy, &uvStream                                                                              |
| loop_flatten    | off                                                | ../../../../../overlays/Vitis_Libraries/vision//L1/include/imgproc/xf_cvt_color.hpp:7536 in xfnv122uyvy                                                                                         |
| loop_tripcount  | min=ROWS max=ROWS                                  | ../../../../../overlays/Vitis_Libraries/vision//L1/include/imgproc/xf_cvt_color.hpp:7537 in xfnv122uyvy                                                                                         |
| pipeline        |                                                    | ../../../../../overlays/Vitis_Libraries/vision//L1/include/imgproc/xf_cvt_color.hpp:7542 in xfnv122uyvy                                                                                         |
| loop_tripcount  | min=COLS max=COLS                                  | ../../../../../overlays/Vitis_Libraries/vision//L1/include/imgproc/xf_cvt_color.hpp:7543 in xfnv122uyvy                                                                                         |
| loop_tripcount  | min=COLS max=COLS                                  | ../../../../../overlays/Vitis_Libraries/vision//L1/include/imgproc/xf_cvt_color.hpp:7578 in xfnv122uyvy                                                                                         |
| inline          | OFF                                                | ../../../../../overlays/Vitis_Libraries/vision//L1/include/imgproc/xf_cvt_color.hpp:7599 in nv122uyvy                                                                                           |
| stream          | variable=&uvStream depth=COLS/2                    | ../../../../../overlays/Vitis_Libraries/vision//L1/include/imgproc/xf_cvt_color.hpp:7646 in xfnv212uyvy, &uvStream                                                                              |
| loop_flatten    | off                                                | ../../../../../overlays/Vitis_Libraries/vision//L1/include/imgproc/xf_cvt_color.hpp:7659 in xfnv212uyvy                                                                                         |
| loop_tripcount  | min=ROWS max=ROWS                                  | ../../../../../overlays/Vitis_Libraries/vision//L1/include/imgproc/xf_cvt_color.hpp:7660 in xfnv212uyvy                                                                                         |
| pipeline        |                                                    | ../../../../../overlays/Vitis_Libraries/vision//L1/include/imgproc/xf_cvt_color.hpp:7665 in xfnv212uyvy                                                                                         |
| loop_tripcount  | min=COLS max=COLS                                  | ../../../../../overlays/Vitis_Libraries/vision//L1/include/imgproc/xf_cvt_color.hpp:7666 in xfnv212uyvy                                                                                         |
| loop_tripcount  | min=COLS max=COLS                                  | ../../../../../overlays/Vitis_Libraries/vision//L1/include/imgproc/xf_cvt_color.hpp:7701 in xfnv212uyvy                                                                                         |
| inline          | OFF                                                | ../../../../../overlays/Vitis_Libraries/vision//L1/include/imgproc/xf_cvt_color.hpp:7722 in nv212uyvy                                                                                           |
| stream          | variable=&uvStream depth=COLS/2                    | ../../../../../overlays/Vitis_Libraries/vision//L1/include/imgproc/xf_cvt_color.hpp:7768 in xfnv122yuyv, &uvStream                                                                              |
| loop_flatten    | off                                                | ../../../../../overlays/Vitis_Libraries/vision//L1/include/imgproc/xf_cvt_color.hpp:7781 in xfnv122yuyv                                                                                         |
| loop_tripcount  | min=ROWS max=ROWS                                  | ../../../../../overlays/Vitis_Libraries/vision//L1/include/imgproc/xf_cvt_color.hpp:7782 in xfnv122yuyv                                                                                         |
| pipeline        |                                                    | ../../../../../overlays/Vitis_Libraries/vision//L1/include/imgproc/xf_cvt_color.hpp:7787 in xfnv122yuyv                                                                                         |
| loop_tripcount  | min=COLS max=COLS                                  | ../../../../../overlays/Vitis_Libraries/vision//L1/include/imgproc/xf_cvt_color.hpp:7788 in xfnv122yuyv                                                                                         |
| loop_tripcount  | min=COLS max=COLS                                  | ../../../../../overlays/Vitis_Libraries/vision//L1/include/imgproc/xf_cvt_color.hpp:7823 in xfnv122yuyv                                                                                         |
| inline          | OFF                                                | ../../../../../overlays/Vitis_Libraries/vision//L1/include/imgproc/xf_cvt_color.hpp:7844 in nv122yuyv                                                                                           |
| stream          | variable=&uvStream depth=COLS/2                    | ../../../../../overlays/Vitis_Libraries/vision//L1/include/imgproc/xf_cvt_color.hpp:7890 in xfnv212yuyv, &uvStream                                                                              |
| loop_flatten    | off                                                | ../../../../../overlays/Vitis_Libraries/vision//L1/include/imgproc/xf_cvt_color.hpp:7903 in xfnv212yuyv                                                                                         |
| loop_tripcount  | min=ROWS max=ROWS                                  | ../../../../../overlays/Vitis_Libraries/vision//L1/include/imgproc/xf_cvt_color.hpp:7904 in xfnv212yuyv                                                                                         |
| pipeline        |                                                    | ../../../../../overlays/Vitis_Libraries/vision//L1/include/imgproc/xf_cvt_color.hpp:7909 in xfnv212yuyv                                                                                         |
| loop_tripcount  | min=COLS max=COLS                                  | ../../../../../overlays/Vitis_Libraries/vision//L1/include/imgproc/xf_cvt_color.hpp:7910 in xfnv212yuyv                                                                                         |
| loop_tripcount  | min=COLS max=COLS                                  | ../../../../../overlays/Vitis_Libraries/vision//L1/include/imgproc/xf_cvt_color.hpp:7945 in xfnv212yuyv                                                                                         |
| inline          | OFF                                                | ../../../../../overlays/Vitis_Libraries/vision//L1/include/imgproc/xf_cvt_color.hpp:7966 in nv212yuyv                                                                                           |
| array_partition | variable=Y complete                                | ../../../../../overlays/Vitis_Libraries/vision//L1/include/imgproc/xf_cvt_color.hpp:8014 in xfbgr2uyvy, Y                                                                                       |
| array_partition | variable=U complete                                | ../../../../../overlays/Vitis_Libraries/vision//L1/include/imgproc/xf_cvt_color.hpp:8015 in xfbgr2uyvy, U                                                                                       |
| array_partition | variable=V complete                                | ../../../../../overlays/Vitis_Libraries/vision//L1/include/imgproc/xf_cvt_color.hpp:8016 in xfbgr2uyvy, V                                                                                       |
| array_partition | variable=RGB1 complete                             | ../../../../../overlays/Vitis_Libraries/vision//L1/include/imgproc/xf_cvt_color.hpp:8017 in xfbgr2uyvy, RGB1                                                                                    |
| loop_flatten    | off                                                | ../../../../../overlays/Vitis_Libraries/vision//L1/include/imgproc/xf_cvt_color.hpp:8032 in xfbgr2uyvy                                                                                          |
| loop_tripcount  | min=ROWS max=ROWS                                  | ../../../../../overlays/Vitis_Libraries/vision//L1/include/imgproc/xf_cvt_color.hpp:8033 in xfbgr2uyvy                                                                                          |
| pipeline        |                                                    | ../../../../../overlays/Vitis_Libraries/vision//L1/include/imgproc/xf_cvt_color.hpp:8040 in xfbgr2uyvy                                                                                          |
| loop_tripcount  | min=TC max=TC                                      | ../../../../../overlays/Vitis_Libraries/vision//L1/include/imgproc/xf_cvt_color.hpp:8041 in xfbgr2uyvy                                                                                          |
| loop_tripcount  | min=iTC max=iTC                                    | ../../../../../overlays/Vitis_Libraries/vision//L1/include/imgproc/xf_cvt_color.hpp:8050 in xfbgr2uyvy                                                                                          |
| unroll          |                                                    | ../../../../../overlays/Vitis_Libraries/vision//L1/include/imgproc/xf_cvt_color.hpp:8051 in xfbgr2uyvy                                                                                          |
| inline          | OFF                                                | ../../../../../overlays/Vitis_Libraries/vision//L1/include/imgproc/xf_cvt_color.hpp:8100 in bgr2uyvy                                                                                            |
| array_partition | variable=Y complete                                | ../../../../../overlays/Vitis_Libraries/vision//L1/include/imgproc/xf_cvt_color.hpp:8142 in xfbgr2yuyv, Y                                                                                       |
| array_partition | variable=U complete                                | ../../../../../overlays/Vitis_Libraries/vision//L1/include/imgproc/xf_cvt_color.hpp:8143 in xfbgr2yuyv, U                                                                                       |
| array_partition | variable=V complete                                | ../../../../../overlays/Vitis_Libraries/vision//L1/include/imgproc/xf_cvt_color.hpp:8144 in xfbgr2yuyv, V                                                                                       |
| array_partition | variable=RGB1 complete                             | ../../../../../overlays/Vitis_Libraries/vision//L1/include/imgproc/xf_cvt_color.hpp:8145 in xfbgr2yuyv, RGB1                                                                                    |
| loop_flatten    | off                                                | ../../../../../overlays/Vitis_Libraries/vision//L1/include/imgproc/xf_cvt_color.hpp:8160 in xfbgr2yuyv                                                                                          |
| loop_tripcount  | min=ROWS max=ROWS                                  | ../../../../../overlays/Vitis_Libraries/vision//L1/include/imgproc/xf_cvt_color.hpp:8161 in xfbgr2yuyv                                                                                          |
| pipeline        |                                                    | ../../../../../overlays/Vitis_Libraries/vision//L1/include/imgproc/xf_cvt_color.hpp:8168 in xfbgr2yuyv                                                                                          |
| loop_tripcount  | min=TC max=TC                                      | ../../../../../overlays/Vitis_Libraries/vision//L1/include/imgproc/xf_cvt_color.hpp:8169 in xfbgr2yuyv                                                                                          |
| loop_tripcount  | min=iTC max=iTC                                    | ../../../../../overlays/Vitis_Libraries/vision//L1/include/imgproc/xf_cvt_color.hpp:8177 in xfbgr2yuyv                                                                                          |
| unroll          |                                                    | ../../../../../overlays/Vitis_Libraries/vision//L1/include/imgproc/xf_cvt_color.hpp:8178 in xfbgr2yuyv                                                                                          |
| inline          | OFF                                                | ../../../../../overlays/Vitis_Libraries/vision//L1/include/imgproc/xf_cvt_color.hpp:8213 in bgr2yuyv                                                                                            |
| array_partition | variable=RGB complete                              | ../../../../../overlays/Vitis_Libraries/vision//L1/include/imgproc/xf_cvt_color.hpp:8248 in xfbgr2rgb, RGB                                                                                      |
| array_partition | variable=BGR complete                              | ../../../../../overlays/Vitis_Libraries/vision//L1/include/imgproc/xf_cvt_color.hpp:8249 in xfbgr2rgb, BGR                                                                                      |
| loop_flatten    | off                                                | ../../../../../overlays/Vitis_Libraries/vision//L1/include/imgproc/xf_cvt_color.hpp:8261 in xfbgr2rgb                                                                                           |
| loop_tripcount  | min=ROWS max=ROWS                                  | ../../../../../overlays/Vitis_Libraries/vision//L1/include/imgproc/xf_cvt_color.hpp:8262 in xfbgr2rgb                                                                                           |
| pipeline        |                                                    | ../../../../../overlays/Vitis_Libraries/vision//L1/include/imgproc/xf_cvt_color.hpp:8267 in xfbgr2rgb                                                                                           |
| loop_tripcount  | min=TC max=TC                                      | ../../../../../overlays/Vitis_Libraries/vision//L1/include/imgproc/xf_cvt_color.hpp:8268 in xfbgr2rgb                                                                                           |
| loop_tripcount  | min=iTC max=iTC                                    | ../../../../../overlays/Vitis_Libraries/vision//L1/include/imgproc/xf_cvt_color.hpp:8274 in xfbgr2rgb                                                                                           |
| unroll          |                                                    | ../../../../../overlays/Vitis_Libraries/vision//L1/include/imgproc/xf_cvt_color.hpp:8275 in xfbgr2rgb                                                                                           |
| inline          | OFF                                                | ../../../../../overlays/Vitis_Libraries/vision//L1/include/imgproc/xf_cvt_color.hpp:8300 in bgr2rgb                                                                                             |
| loop_flatten    | off                                                | ../../../../../overlays/Vitis_Libraries/vision//L1/include/imgproc/xf_cvt_color.hpp:8346 in kernbgr2nv12                                                                                        |
| loop_tripcount  | min=ROWS max=ROWS                                  | ../../../../../overlays/Vitis_Libraries/vision//L1/include/imgproc/xf_cvt_color.hpp:8347 in kernbgr2nv12                                                                                        |
| pipeline        |                                                    | ../../../../../overlays/Vitis_Libraries/vision//L1/include/imgproc/xf_cvt_color.hpp:8352 in kernbgr2nv12                                                                                        |
| loop_tripcount  | min=COLS max=COLS                                  | ../../../../../overlays/Vitis_Libraries/vision//L1/include/imgproc/xf_cvt_color.hpp:8353 in kernbgr2nv12                                                                                        |
| inline          | OFF                                                | ../../../../../overlays/Vitis_Libraries/vision//L1/include/imgproc/xf_cvt_color.hpp:8423 in bgr2nv12                                                                                            |
| loop_flatten    | off                                                | ../../../../../overlays/Vitis_Libraries/vision//L1/include/imgproc/xf_cvt_color.hpp:8476 in kernbgr2nv21                                                                                        |
| loop_tripcount  | min=ROWS max=ROWS                                  | ../../../../../overlays/Vitis_Libraries/vision//L1/include/imgproc/xf_cvt_color.hpp:8477 in kernbgr2nv21                                                                                        |
| pipeline        |                                                    | ../../../../../overlays/Vitis_Libraries/vision//L1/include/imgproc/xf_cvt_color.hpp:8482 in kernbgr2nv21                                                                                        |
| loop_tripcount  | min=COLS max=COLS                                  | ../../../../../overlays/Vitis_Libraries/vision//L1/include/imgproc/xf_cvt_color.hpp:8483 in kernbgr2nv21                                                                                        |
| inline          | OFF                                                | ../../../../../overlays/Vitis_Libraries/vision//L1/include/imgproc/xf_cvt_color.hpp:8545 in bgr2nv21                                                                                            |
| loop_tripcount  | min=ROWS max=ROWS                                  | ../../../../../overlays/Vitis_Libraries/vision//L1/include/imgproc/xf_cvt_color.hpp:8594 in kernyuyv2bgr                                                                                        |
| loop_flatten    | off                                                | ../../../../../overlays/Vitis_Libraries/vision//L1/include/imgproc/xf_cvt_color.hpp:8595 in kernyuyv2bgr                                                                                        |
| loop_tripcount  | min=TC max=TC                                      | ../../../../../overlays/Vitis_Libraries/vision//L1/include/imgproc/xf_cvt_color.hpp:8600 in kernyuyv2bgr                                                                                        |
| pipeline        |                                                    | ../../../../../overlays/Vitis_Libraries/vision//L1/include/imgproc/xf_cvt_color.hpp:8601 in kernyuyv2bgr                                                                                        |
| inline          | OFF                                                | ../../../../../overlays/Vitis_Libraries/vision//L1/include/imgproc/xf_cvt_color.hpp:8669 in yuyv2bgr                                                                                            |
| loop_tripcount  | min=ROWS max=ROWS                                  | ../../../../../overlays/Vitis_Libraries/vision//L1/include/imgproc/xf_cvt_color.hpp:8714 in kernuyvy2bgr                                                                                        |
| loop_flatten    | off                                                | ../../../../../overlays/Vitis_Libraries/vision//L1/include/imgproc/xf_cvt_color.hpp:8715 in kernuyvy2bgr                                                                                        |
| loop_tripcount  | min=TC max=TC                                      | ../../../../../overlays/Vitis_Libraries/vision//L1/include/imgproc/xf_cvt_color.hpp:8720 in kernuyvy2bgr                                                                                        |
| pipeline        |                                                    | ../../../../../overlays/Vitis_Libraries/vision//L1/include/imgproc/xf_cvt_color.hpp:8721 in kernuyvy2bgr                                                                                        |
| inline          | OFF                                                | ../../../../../overlays/Vitis_Libraries/vision//L1/include/imgproc/xf_cvt_color.hpp:8804 in uyvy2bgr                                                                                            |
| inline          | OFF                                                | ../../../../../overlays/Vitis_Libraries/vision//L1/include/imgproc/xf_cvt_color.hpp:8866 in yuyv2nv21                                                                                           |
| dataflow        |                                                    | ../../../../../overlays/Vitis_Libraries/vision//L1/include/imgproc/xf_cvt_color.hpp:8917 in xfuyvy2nv21                                                                                         |
| inline          | OFF                                                | ../../../../../overlays/Vitis_Libraries/vision//L1/include/imgproc/xf_cvt_color.hpp:8943 in uyvy2nv21                                                                                           |
| loop_flatten    | off                                                | ../../../../../overlays/Vitis_Libraries/vision//L1/include/imgproc/xf_cvt_color.hpp:8999 in xfnv122nv21                                                                                         |
| loop_tripcount  | min=ROWS max=ROWS                                  | ../../../../../overlays/Vitis_Libraries/vision//L1/include/imgproc/xf_cvt_color.hpp:9000 in xfnv122nv21                                                                                         |
| pipeline        |                                                    | ../../../../../overlays/Vitis_Libraries/vision//L1/include/imgproc/xf_cvt_color.hpp:9006 in xfnv122nv21                                                                                         |
| loop_tripcount  | min=COLS max=COLS                                  | ../../../../../overlays/Vitis_Libraries/vision//L1/include/imgproc/xf_cvt_color.hpp:9007 in xfnv122nv21                                                                                         |
| unroll          |                                                    | ../../../../../overlays/Vitis_Libraries/vision//L1/include/imgproc/xf_cvt_color.hpp:9019 in xfnv122nv21                                                                                         |
| inline          | OFF                                                | ../../../../../overlays/Vitis_Libraries/vision//L1/include/imgproc/xf_cvt_color.hpp:9049 in nv122nv21                                                                                           |
| inline          | OFF                                                | ../../../../../overlays/Vitis_Libraries/vision//L1/include/imgproc/xf_cvt_color.hpp:9090 in nv212nv12                                                                                           |
| loop_flatten    | off                                                | ../../../../../overlays/Vitis_Libraries/vision//L1/include/imgproc/xf_cvt_color.hpp:9138 in xfuyvy2yuyv                                                                                         |
| loop_tripcount  | min=ROWS max=ROWS                                  | ../../../../../overlays/Vitis_Libraries/vision//L1/include/imgproc/xf_cvt_color.hpp:9139 in xfuyvy2yuyv                                                                                         |
| pipeline        |                                                    | ../../../../../overlays/Vitis_Libraries/vision//L1/include/imgproc/xf_cvt_color.hpp:9145 in xfuyvy2yuyv                                                                                         |
| loop_tripcount  | min=COLS max=COLS                                  | ../../../../../overlays/Vitis_Libraries/vision//L1/include/imgproc/xf_cvt_color.hpp:9146 in xfuyvy2yuyv                                                                                         |
| unroll          |                                                    | ../../../../../overlays/Vitis_Libraries/vision//L1/include/imgproc/xf_cvt_color.hpp:9153 in xfuyvy2yuyv                                                                                         |
| inline          | OFF                                                | ../../../../../overlays/Vitis_Libraries/vision//L1/include/imgproc/xf_cvt_color.hpp:9176 in uyvy2yuyv                                                                                           |
| inline          | OFF                                                | ../../../../../overlays/Vitis_Libraries/vision//L1/include/imgproc/xf_cvt_color.hpp:9202 in yuyv2uyvy                                                                                           |
| loop_tripcount  | min=ROWS max=ROWS                                  | ../../../../../overlays/Vitis_Libraries/vision//L1/include/imgproc/xf_cvt_color_1.hpp:48 in write_y                                                                                             |
| loop_flatten    | off                                                | ../../../../../overlays/Vitis_Libraries/vision//L1/include/imgproc/xf_cvt_color_1.hpp:49 in write_y                                                                                             |
| loop_tripcount  | min=TC max=TC                                      | ../../../../../overlays/Vitis_Libraries/vision//L1/include/imgproc/xf_cvt_color_1.hpp:53 in write_y                                                                                             |
| loop_flatten    | off                                                | ../../../../../overlays/Vitis_Libraries/vision//L1/include/imgproc/xf_cvt_color_1.hpp:89 in kernnv122yuv4                                                                                       |
| loop_tripcount  | min=ROWS max=ROWS                                  | ../../../../../overlays/Vitis_Libraries/vision//L1/include/imgproc/xf_cvt_color_1.hpp:90 in kernnv122yuv4                                                                                       |
| pipeline        |                                                    | ../../../../../overlays/Vitis_Libraries/vision//L1/include/imgproc/xf_cvt_color_1.hpp:95 in kernnv122yuv4                                                                                       |
| loop_tripcount  | min=COLS max=COLS                                  | ../../../../../overlays/Vitis_Libraries/vision//L1/include/imgproc/xf_cvt_color_1.hpp:96 in kernnv122yuv4                                                                                       |
| stream          | variable=&uvStream depth=COLS                      | ../../../../../overlays/Vitis_Libraries/vision//L1/include/imgproc/xf_cvt_color_1.hpp:137 in kernnv122rgba, &uvStream                                                                           |
| loop_flatten    | off                                                | ../../../../../overlays/Vitis_Libraries/vision//L1/include/imgproc/xf_cvt_color_1.hpp:150 in kernnv122rgba                                                                                      |
| loop_tripcount  | min=ROWS max=ROWS                                  | ../../../../../overlays/Vitis_Libraries/vision//L1/include/imgproc/xf_cvt_color_1.hpp:151 in kernnv122rgba                                                                                      |
| pipeline        |                                                    | ../../../../../overlays/Vitis_Libraries/vision//L1/include/imgproc/xf_cvt_color_1.hpp:156 in kernnv122rgba                                                                                      |
| loop_tripcount  | min=COLS max=COLS                                  | ../../../../../overlays/Vitis_Libraries/vision//L1/include/imgproc/xf_cvt_color_1.hpp:157 in kernnv122rgba                                                                                      |
| loop_tripcount  | min=COLS max=COLS                                  | ../../../../../overlays/Vitis_Libraries/vision//L1/include/imgproc/xf_cvt_color_1.hpp:201 in kernnv122rgba                                                                                      |
| loop_flatten    | off                                                | ../../../../../overlays/Vitis_Libraries/vision//L1/include/imgproc/xf_cvt_color_1.hpp:232 in kernnv122iyuv                                                                                      |
| loop_tripcount  | min=ROWS max=ROWS                                  | ../../../../../overlays/Vitis_Libraries/vision//L1/include/imgproc/xf_cvt_color_1.hpp:233 in kernnv122iyuv                                                                                      |
| pipeline        |                                                    | ../../../../../overlays/Vitis_Libraries/vision//L1/include/imgproc/xf_cvt_color_1.hpp:238 in kernnv122iyuv                                                                                      |
| loop_tripcount  | min=TC max=TC                                      | ../../../../../overlays/Vitis_Libraries/vision//L1/include/imgproc/xf_cvt_color_1.hpp:239 in kernnv122iyuv                                                                                      |
| loop_flatten    | off                                                | ../../../../../overlays/Vitis_Libraries/vision//L1/include/imgproc/xf_cvt_color_1.hpp:280 in kernnv212yuv4                                                                                      |
| loop_tripcount  | min=ROWS max=ROWS                                  | ../../../../../overlays/Vitis_Libraries/vision//L1/include/imgproc/xf_cvt_color_1.hpp:281 in kernnv212yuv4                                                                                      |
| pipeline        |                                                    | ../../../../../overlays/Vitis_Libraries/vision//L1/include/imgproc/xf_cvt_color_1.hpp:286 in kernnv212yuv4                                                                                      |
| loop_tripcount  | min=COLS max=COLS                                  | ../../../../../overlays/Vitis_Libraries/vision//L1/include/imgproc/xf_cvt_color_1.hpp:287 in kernnv212yuv4                                                                                      |
| stream          | variable=&vuStream depth=COLS                      | ../../../../../overlays/Vitis_Libraries/vision//L1/include/imgproc/xf_cvt_color_1.hpp:328 in kernnv212rgba, &vuStream                                                                           |
| loop_flatten    | off                                                | ../../../../../overlays/Vitis_Libraries/vision//L1/include/imgproc/xf_cvt_color_1.hpp:342 in kernnv212rgba                                                                                      |
| loop_tripcount  | min=ROWS max=ROWS                                  | ../../../../../overlays/Vitis_Libraries/vision//L1/include/imgproc/xf_cvt_color_1.hpp:343 in kernnv212rgba                                                                                      |
| pipeline        |                                                    | ../../../../../overlays/Vitis_Libraries/vision//L1/include/imgproc/xf_cvt_color_1.hpp:348 in kernnv212rgba                                                                                      |
| loop_tripcount  | min=COLS max=COLS                                  | ../../../../../overlays/Vitis_Libraries/vision//L1/include/imgproc/xf_cvt_color_1.hpp:349 in kernnv212rgba                                                                                      |
| loop_tripcount  | min=COLS max=COLS                                  | ../../../../../overlays/Vitis_Libraries/vision//L1/include/imgproc/xf_cvt_color_1.hpp:395 in kernnv212rgba                                                                                      |
| loop_flatten    | off                                                | ../../../../../overlays/Vitis_Libraries/vision//L1/include/imgproc/xf_cvt_color_1.hpp:426 in kernnv212iyuv                                                                                      |
| loop_tripcount  | min=ROWS max=ROWS                                  | ../../../../../overlays/Vitis_Libraries/vision//L1/include/imgproc/xf_cvt_color_1.hpp:427 in kernnv212iyuv                                                                                      |
| pipeline        |                                                    | ../../../../../overlays/Vitis_Libraries/vision//L1/include/imgproc/xf_cvt_color_1.hpp:432 in kernnv212iyuv                                                                                      |
| loop_tripcount  | min=TC max=TC                                      | ../../../../../overlays/Vitis_Libraries/vision//L1/include/imgproc/xf_cvt_color_1.hpp:433 in kernnv212iyuv                                                                                      |
| stream          | variable=&uStream depth=COLS                       | ../../../../../overlays/Vitis_Libraries/vision//L1/include/imgproc/xf_cvt_color_1.hpp:466 in kerniyuv2rgba, &uStream                                                                            |
| stream          | variable=&vStream depth=COLS                       | ../../../../../overlays/Vitis_Libraries/vision//L1/include/imgproc/xf_cvt_color_1.hpp:467 in kerniyuv2rgba, &vStream                                                                            |
| loop_flatten    | off                                                | ../../../../../overlays/Vitis_Libraries/vision//L1/include/imgproc/xf_cvt_color_1.hpp:480 in kerniyuv2rgba                                                                                      |
| loop_tripcount  | min=ROWS max=ROWS                                  | ../../../../../overlays/Vitis_Libraries/vision//L1/include/imgproc/xf_cvt_color_1.hpp:481 in kerniyuv2rgba                                                                                      |
| pipeline        |                                                    | ../../../../../overlays/Vitis_Libraries/vision//L1/include/imgproc/xf_cvt_color_1.hpp:486 in kerniyuv2rgba                                                                                      |
| loop_tripcount  | min=COLS max=COLS                                  | ../../../../../overlays/Vitis_Libraries/vision//L1/include/imgproc/xf_cvt_color_1.hpp:487 in kerniyuv2rgba                                                                                      |
| stream          | variable=inter_u depth=COLS                        | ../../../../../overlays/Vitis_Libraries/vision//L1/include/imgproc/xf_cvt_color_1.hpp:549 in kerniyuv2yuv4, inter_u                                                                             |
| stream          | variable=inter_v depth=COLS                        | ../../../../../overlays/Vitis_Libraries/vision//L1/include/imgproc/xf_cvt_color_1.hpp:554 in kerniyuv2yuv4, inter_v                                                                             |
| loop_flatten    |                                                    | ../../../../../overlays/Vitis_Libraries/vision//L1/include/imgproc/xf_cvt_color_1.hpp:566 in kerniyuv2yuv4                                                                                      |
| loop_tripcount  | min=rTC max=rTC                                    | ../../../../../overlays/Vitis_Libraries/vision//L1/include/imgproc/xf_cvt_color_1.hpp:567 in kerniyuv2yuv4                                                                                      |
| pipeline        |                                                    | ../../../../../overlays/Vitis_Libraries/vision//L1/include/imgproc/xf_cvt_color_1.hpp:572 in kerniyuv2yuv4                                                                                      |
| loop_tripcount  | min=cTC max=cTC                                    | ../../../../../overlays/Vitis_Libraries/vision//L1/include/imgproc/xf_cvt_color_1.hpp:573 in kerniyuv2yuv4                                                                                      |
| pipeline        |                                                    | ../../../../../overlays/Vitis_Libraries/vision//L1/include/imgproc/xf_cvt_color_1.hpp:590 in kerniyuv2yuv4                                                                                      |
| loop_flatten    | off                                                | ../../../../../overlays/Vitis_Libraries/vision//L1/include/imgproc/xf_cvt_color_1.hpp:625 in kerniyuv2nv12                                                                                      |
| loop_tripcount  | min=rTC max=rTC                                    | ../../../../../overlays/Vitis_Libraries/vision//L1/include/imgproc/xf_cvt_color_1.hpp:626 in kerniyuv2nv12                                                                                      |
| pipeline        |                                                    | ../../../../../overlays/Vitis_Libraries/vision//L1/include/imgproc/xf_cvt_color_1.hpp:631 in kerniyuv2nv12                                                                                      |
| loop_tripcount  | min=cTC max=cTC                                    | ../../../../../overlays/Vitis_Libraries/vision//L1/include/imgproc/xf_cvt_color_1.hpp:632 in kerniyuv2nv12                                                                                      |
| loop_flatten    | OFF                                                | ../../../../../overlays/Vitis_Libraries/vision//L1/include/imgproc/xf_cvt_color_1.hpp:666 in kernrgba2yuv4                                                                                      |
| loop_tripcount  | min=ROWS max=ROWS                                  | ../../../../../overlays/Vitis_Libraries/vision//L1/include/imgproc/xf_cvt_color_1.hpp:667 in kernrgba2yuv4                                                                                      |
| loop_tripcount  | min=COLS max=COLS                                  | ../../../../../overlays/Vitis_Libraries/vision//L1/include/imgproc/xf_cvt_color_1.hpp:672 in kernrgba2yuv4                                                                                      |
| pipeline        |                                                    | ../../../../../overlays/Vitis_Libraries/vision//L1/include/imgproc/xf_cvt_color_1.hpp:673 in kernrgba2yuv4                                                                                      |
| loop_flatten    | off                                                | ../../../../../overlays/Vitis_Libraries/vision//L1/include/imgproc/xf_cvt_color_1.hpp:714 in kernrgba2iyuv                                                                                      |
| loop_tripcount  | min=ROWS max=ROWS                                  | ../../../../../overlays/Vitis_Libraries/vision//L1/include/imgproc/xf_cvt_color_1.hpp:715 in kernrgba2iyuv                                                                                      |
| pipeline        |                                                    | ../../../../../overlays/Vitis_Libraries/vision//L1/include/imgproc/xf_cvt_color_1.hpp:720 in kernrgba2iyuv                                                                                      |
| loop_tripcount  | min=COLS max=COLS                                  | ../../../../../overlays/Vitis_Libraries/vision//L1/include/imgproc/xf_cvt_color_1.hpp:721 in kernrgba2iyuv                                                                                      |
| loop_flatten    | off                                                | ../../../../../overlays/Vitis_Libraries/vision//L1/include/imgproc/xf_cvt_color_1.hpp:774 in kernrgba2nv12                                                                                      |
| loop_tripcount  | min=ROWS max=ROWS                                  | ../../../../../overlays/Vitis_Libraries/vision//L1/include/imgproc/xf_cvt_color_1.hpp:775 in kernrgba2nv12                                                                                      |
| pipeline        |                                                    | ../../../../../overlays/Vitis_Libraries/vision//L1/include/imgproc/xf_cvt_color_1.hpp:780 in kernrgba2nv12                                                                                      |
| loop_tripcount  | min=COLS max=COLS                                  | ../../../../../overlays/Vitis_Libraries/vision//L1/include/imgproc/xf_cvt_color_1.hpp:781 in kernrgba2nv12                                                                                      |
| loop_flatten    | off                                                | ../../../../../overlays/Vitis_Libraries/vision//L1/include/imgproc/xf_cvt_color_1.hpp:834 in kernrgba2nv21                                                                                      |
| loop_tripcount  | min=ROWS max=ROWS                                  | ../../../../../overlays/Vitis_Libraries/vision//L1/include/imgproc/xf_cvt_color_1.hpp:835 in kernrgba2nv21                                                                                      |
| pipeline        |                                                    | ../../../../../overlays/Vitis_Libraries/vision//L1/include/imgproc/xf_cvt_color_1.hpp:840 in kernrgba2nv21                                                                                      |
| loop_tripcount  | min=COLS max=COLS                                  | ../../../../../overlays/Vitis_Libraries/vision//L1/include/imgproc/xf_cvt_color_1.hpp:841 in kernrgba2nv21                                                                                      |
| loop_tripcount  | min=ROWS max=ROWS                                  | ../../../../../overlays/Vitis_Libraries/vision//L1/include/imgproc/xf_cvt_color_1.hpp:886 in kernyuyv2rgba                                                                                      |
| loop_flatten    | off                                                | ../../../../../overlays/Vitis_Libraries/vision//L1/include/imgproc/xf_cvt_color_1.hpp:887 in kernyuyv2rgba                                                                                      |
| loop_tripcount  | min=TC max=TC                                      | ../../../../../overlays/Vitis_Libraries/vision//L1/include/imgproc/xf_cvt_color_1.hpp:892 in kernyuyv2rgba                                                                                      |
| pipeline        |                                                    | ../../../../../overlays/Vitis_Libraries/vision//L1/include/imgproc/xf_cvt_color_1.hpp:893 in kernyuyv2rgba                                                                                      |
| loop_flatten    | off                                                | ../../../../../overlays/Vitis_Libraries/vision//L1/include/imgproc/xf_cvt_color_1.hpp:954 in kernyuyv2nv12                                                                                      |
| loop_tripcount  | min=ROWS max=ROWS                                  | ../../../../../overlays/Vitis_Libraries/vision//L1/include/imgproc/xf_cvt_color_1.hpp:955 in kernyuyv2nv12                                                                                      |
| pipeline        |                                                    | ../../../../../overlays/Vitis_Libraries/vision//L1/include/imgproc/xf_cvt_color_1.hpp:960 in kernyuyv2nv12                                                                                      |
| loop_tripcount  | min=TC max=TC                                      | ../../../../../overlays/Vitis_Libraries/vision//L1/include/imgproc/xf_cvt_color_1.hpp:961 in kernyuyv2nv12                                                                                      |
| loop_flatten    | off                                                | ../../../../../overlays/Vitis_Libraries/vision//L1/include/imgproc/xf_cvt_color_1.hpp:1009 in kernyuyv2nv21                                                                                     |
| loop_tripcount  | min=ROWS max=ROWS                                  | ../../../../../overlays/Vitis_Libraries/vision//L1/include/imgproc/xf_cvt_color_1.hpp:1010 in kernyuyv2nv21                                                                                     |
| pipeline        |                                                    | ../../../../../overlays/Vitis_Libraries/vision//L1/include/imgproc/xf_cvt_color_1.hpp:1015 in kernyuyv2nv21                                                                                     |
| loop_tripcount  | min=TC max=TC                                      | ../../../../../overlays/Vitis_Libraries/vision//L1/include/imgproc/xf_cvt_color_1.hpp:1016 in kernyuyv2nv21                                                                                     |
| loop_flatten    | off                                                | ../../../../../overlays/Vitis_Libraries/vision//L1/include/imgproc/xf_cvt_color_1.hpp:1064 in kernyuyv2iyuv                                                                                     |
| loop_tripcount  | min=ROWS max=ROWS                                  | ../../../../../overlays/Vitis_Libraries/vision//L1/include/imgproc/xf_cvt_color_1.hpp:1065 in kernyuyv2iyuv                                                                                     |
| pipeline        |                                                    | ../../../../../overlays/Vitis_Libraries/vision//L1/include/imgproc/xf_cvt_color_1.hpp:1070 in kernyuyv2iyuv                                                                                     |
| loop_tripcount  | min=TC max=TC                                      | ../../../../../overlays/Vitis_Libraries/vision//L1/include/imgproc/xf_cvt_color_1.hpp:1071 in kernyuyv2iyuv                                                                                     |
| loop_flatten    | off                                                | ../../../../../overlays/Vitis_Libraries/vision//L1/include/imgproc/xf_cvt_color_1.hpp:1122 in kernuyvy2iyuv                                                                                     |
| loop_tripcount  | min=ROWS max=ROWS                                  | ../../../../../overlays/Vitis_Libraries/vision//L1/include/imgproc/xf_cvt_color_1.hpp:1123 in kernuyvy2iyuv                                                                                     |
| pipeline        |                                                    | ../../../../../overlays/Vitis_Libraries/vision//L1/include/imgproc/xf_cvt_color_1.hpp:1128 in kernuyvy2iyuv                                                                                     |
| loop_tripcount  | min=TC max=TC                                      | ../../../../../overlays/Vitis_Libraries/vision//L1/include/imgproc/xf_cvt_color_1.hpp:1129 in kernuyvy2iyuv                                                                                     |
| loop_flatten    | off                                                | ../../../../../overlays/Vitis_Libraries/vision//L1/include/imgproc/xf_cvt_color_1.hpp:1186 in kernuyvy2nv12                                                                                     |
| loop_tripcount  | min=ROWS max=ROWS                                  | ../../../../../overlays/Vitis_Libraries/vision//L1/include/imgproc/xf_cvt_color_1.hpp:1187 in kernuyvy2nv12                                                                                     |
| pipeline        |                                                    | ../../../../../overlays/Vitis_Libraries/vision//L1/include/imgproc/xf_cvt_color_1.hpp:1192 in kernuyvy2nv12                                                                                     |
| loop_tripcount  | min=TC max=TC                                      | ../../../../../overlays/Vitis_Libraries/vision//L1/include/imgproc/xf_cvt_color_1.hpp:1193 in kernuyvy2nv12                                                                                     |
| loop_flatten    | off                                                | ../../../../../overlays/Vitis_Libraries/vision//L1/include/imgproc/xf_cvt_color_1.hpp:1245 in kernuyvy2nv21                                                                                     |
| loop_tripcount  | min=ROWS max=ROWS                                  | ../../../../../overlays/Vitis_Libraries/vision//L1/include/imgproc/xf_cvt_color_1.hpp:1246 in kernuyvy2nv21                                                                                     |
| pipeline        |                                                    | ../../../../../overlays/Vitis_Libraries/vision//L1/include/imgproc/xf_cvt_color_1.hpp:1251 in kernuyvy2nv21                                                                                     |
| loop_tripcount  | min=TC max=TC                                      | ../../../../../overlays/Vitis_Libraries/vision//L1/include/imgproc/xf_cvt_color_1.hpp:1252 in kernuyvy2nv21                                                                                     |
| loop_tripcount  | min=ROWS max=ROWS                                  | ../../../../../overlays/Vitis_Libraries/vision//L1/include/imgproc/xf_cvt_color_1.hpp:1305 in kernuyvy2rgba                                                                                     |
| loop_flatten    | off                                                | ../../../../../overlays/Vitis_Libraries/vision//L1/include/imgproc/xf_cvt_color_1.hpp:1306 in kernuyvy2rgba                                                                                     |
| loop_tripcount  | min=TC max=TC                                      | ../../../../../overlays/Vitis_Libraries/vision//L1/include/imgproc/xf_cvt_color_1.hpp:1311 in kernuyvy2rgba                                                                                     |
| pipeline        |                                                    | ../../../../../overlays/Vitis_Libraries/vision//L1/include/imgproc/xf_cvt_color_1.hpp:1312 in kernuyvy2rgba                                                                                     |
| unroll          |                                                    | ../../../../../overlays/Vitis_Libraries/vision//L1/include/imgproc/xf_cvt_color_utils.hpp:129 in packpixels                                                                                     |
| unroll          |                                                    | ../../../../../overlays/Vitis_Libraries/vision//L1/include/imgproc/xf_cvt_color_utils.hpp:149 in extractuyvypixels                                                                              |
| unroll          |                                                    | ../../../../../overlays/Vitis_Libraries/vision//L1/include/imgproc/xf_cvt_color_utils.hpp:172 in extractuyvypixels                                                                              |
| unroll          |                                                    | ../../../../../overlays/Vitis_Libraries/vision//L1/include/imgproc/xf_cvt_color_utils.hpp:191 in extractrgbapixels                                                                              |
| unroll          |                                                    | ../../../../../overlays/Vitis_Libraries/vision//L1/include/imgproc/xf_cvt_color_utils.hpp:209 in packrgbapixels                                                                                 |
| inline          |                                                    | ../../../../../overlays/Vitis_Libraries/vision//L1/include/imgproc/xf_cvt_color_utils.hpp:803 in calculatey                                                                                     |
| inline          |                                                    | ../../../../../overlays/Vitis_Libraries/vision//L1/include/imgproc/xf_cvt_color_utils.hpp:818 in calculateu                                                                                     |
| inline          |                                                    | ../../../../../overlays/Vitis_Libraries/vision//L1/include/imgproc/xf_cvt_color_utils.hpp:832 in calculatev                                                                                     |
| inline          |                                                    | ../../../../../overlays/Vitis_Libraries/vision//L1/include/imgproc/xf_cvt_color_utils.hpp:845 in calculater                                                                                     |
| inline          |                                                    | ../../../../../overlays/Vitis_Libraries/vision//L1/include/imgproc/xf_cvt_color_utils.hpp:858 in calculateg                                                                                     |
| inline          |                                                    | ../../../../../overlays/Vitis_Libraries/vision//L1/include/imgproc/xf_cvt_color_utils.hpp:871 in calculateb                                                                                     |
| inline          |                                                    | ../../../../../overlays/Vitis_Libraries/vision//L1/include/imgproc/xf_cvt_color_utils.hpp:884 in calculategray                                                                                  |
| inline          |                                                    | ../../../../../overlays/Vitis_Libraries/vision//L1/include/imgproc/xf_cvt_color_utils.hpp:902 in calculate_x                                                                                    |
| inline          |                                                    | ../../../../../overlays/Vitis_Libraries/vision//L1/include/imgproc/xf_cvt_color_utils.hpp:911 in calculate_y                                                                                    |
| inline          |                                                    | ../../../../../overlays/Vitis_Libraries/vision//L1/include/imgproc/xf_cvt_color_utils.hpp:920 in calculate_z                                                                                    |
| inline          |                                                    | ../../../../../overlays/Vitis_Libraries/vision//L1/include/imgproc/xf_cvt_color_utils.hpp:929 in _calculate_x                                                                                   |
| inline          |                                                    | ../../../../../overlays/Vitis_Libraries/vision//L1/include/imgproc/xf_cvt_color_utils.hpp:939 in _calculate_y                                                                                   |
| inline          |                                                    | ../../../../../overlays/Vitis_Libraries/vision//L1/include/imgproc/xf_cvt_color_utils.hpp:949 in _calculate_z                                                                                   |
| inline          |                                                    | ../../../../../overlays/Vitis_Libraries/vision//L1/include/imgproc/xf_cvt_color_utils.hpp:967 in calculate_r                                                                                    |
| inline          |                                                    | ../../../../../overlays/Vitis_Libraries/vision//L1/include/imgproc/xf_cvt_color_utils.hpp:977 in calculate_g                                                                                    |
| inline          |                                                    | ../../../../../overlays/Vitis_Libraries/vision//L1/include/imgproc/xf_cvt_color_utils.hpp:986 in calculate_b                                                                                    |
| inline          |                                                    | ../../../../../overlays/Vitis_Libraries/vision//L1/include/imgproc/xf_cvt_color_utils.hpp:1003 in calculate_cr                                                                                  |
| inline          |                                                    | ../../../../../overlays/Vitis_Libraries/vision//L1/include/imgproc/xf_cvt_color_utils.hpp:1013 in calculate_cb                                                                                  |
| inline          |                                                    | ../../../../../overlays/Vitis_Libraries/vision//L1/include/imgproc/xf_cvt_color_utils.hpp:1036 in calculate_ycrcb2r                                                                             |
| inline          |                                                    | ../../../../../overlays/Vitis_Libraries/vision//L1/include/imgproc/xf_cvt_color_utils.hpp:1044 in calculate_ycrcb2g                                                                             |
| inline          |                                                    | ../../../../../overlays/Vitis_Libraries/vision//L1/include/imgproc/xf_cvt_color_utils.hpp:1063 in calculate_ycrcb2b                                                                             |
| inline          | off                                                | ../../../../../overlays/Vitis_Libraries/vision//L1/include/imgproc/xf_demosaicing.hpp:59 in g_kernel                                                                                            |
| inline          | off                                                | ../../../../../overlays/Vitis_Libraries/vision//L1/include/imgproc/xf_demosaicing.hpp:72 in rb_kernel                                                                                           |
| inline          | off                                                | ../../../../../overlays/Vitis_Libraries/vision//L1/include/imgproc/xf_demosaicing.hpp:89 in rgr_bgb_kernel                                                                                      |
| inline          | off                                                | ../../../../../overlays/Vitis_Libraries/vision//L1/include/imgproc/xf_demosaicing.hpp:106 in rgb_bgr_kernel                                                                                     |
| inline          | OFF                                                | ../../../../../overlays/Vitis_Libraries/vision//L1/include/imgproc/xf_demosaicing.hpp:249 in demosaicing                                                                                        |
| bind_storage    | variable=linebuffer type=RAM_T2P impl=URAM         | ../../../../../overlays/Vitis_Libraries/vision//L1/include/imgproc/xf_demosaicing.hpp:254 in demosaicing, linebuffer                                                                            |
| array_reshape   | variable=linebuffer dim=1 factor=4 cyclic          | ../../../../../overlays/Vitis_Libraries/vision//L1/include/imgproc/xf_demosaicing.hpp:255 in demosaicing, linebuffer                                                                            |
| bind_storage    | variable=linebuffer type=RAM_T2P impl=BRAM         | ../../../../../overlays/Vitis_Libraries/vision//L1/include/imgproc/xf_demosaicing.hpp:259 in demosaicing, linebuffer                                                                            |
| array_partition | variable=linebuffer complete dim=1                 | ../../../../../overlays/Vitis_Libraries/vision//L1/include/imgproc/xf_demosaicing.hpp:260 in demosaicing, linebuffer                                                                            |
| array_partition | variable=imgblock complete dim=0                   | ../../../../../overlays/Vitis_Libraries/vision//L1/include/imgproc/xf_demosaicing.hpp:269 in demosaicing, imgblock                                                                              |
| loop_tripcount  | min=2 max=2                                        | ../../../../../overlays/Vitis_Libraries/vision//L1/include/imgproc/xf_demosaicing.hpp:276 in demosaicing                                                                                        |
| loop_tripcount  | min=COLS/NPC max=COLS/NPC                          | ../../../../../overlays/Vitis_Libraries/vision//L1/include/imgproc/xf_demosaicing.hpp:280 in demosaicing                                                                                        |
| pipeline        | ii=1                                               | ../../../../../overlays/Vitis_Libraries/vision//L1/include/imgproc/xf_demosaicing.hpp:281 in demosaicing                                                                                        |
| loop_tripcount  | min=ROWS max=ROWS                                  | ../../../../../overlays/Vitis_Libraries/vision//L1/include/imgproc/xf_demosaicing.hpp:296 in demosaicing                                                                                        |
| pipeline        | ii=1                                               | ../../../../../overlays/Vitis_Libraries/vision//L1/include/imgproc/xf_demosaicing.hpp:329 in demosaicing                                                                                        |
| unroll          |                                                    | ../../../../../overlays/Vitis_Libraries/vision//L1/include/imgproc/xf_demosaicing.hpp:341 in demosaicing                                                                                        |
| pipeline        | ii=1                                               | ../../../../../overlays/Vitis_Libraries/vision//L1/include/imgproc/xf_demosaicing.hpp:355 in demosaicing                                                                                        |
| dependence      | variable=linebuffer inter false                    | ../../../../../overlays/Vitis_Libraries/vision//L1/include/imgproc/xf_demosaicing.hpp:356 in demosaicing, linebuffer                                                                            |
| loop_tripcount  | min=COLS/NPC max=COLS/NPC                          | ../../../../../overlays/Vitis_Libraries/vision//L1/include/imgproc/xf_demosaicing.hpp:357 in demosaicing                                                                                        |
| loop_flatten    | OFF                                                | ../../../../../overlays/Vitis_Libraries/vision//L1/include/imgproc/xf_demosaicing.hpp:358 in demosaicing                                                                                        |
| inline          | OFF                                                | ../../../../../overlays/Vitis_Libraries/vision//L1/include/imgproc/xf_demosaicing.hpp:578 in demosaicing_multi                                                                                  |
| bind_storage    | variable=linebuffer type=RAM_T2P impl=URAM         | ../../../../../overlays/Vitis_Libraries/vision//L1/include/imgproc/xf_demosaicing.hpp:583 in demosaicing_multi, linebuffer                                                                      |
| array_reshape   | variable=linebuffer dim=1 factor=4 cyclic          | ../../../../../overlays/Vitis_Libraries/vision//L1/include/imgproc/xf_demosaicing.hpp:584 in demosaicing_multi, linebuffer                                                                      |
| bind_storage    | variable=linebuffer type=RAM_T2P impl=BRAM         | ../../../../../overlays/Vitis_Libraries/vision//L1/include/imgproc/xf_demosaicing.hpp:588 in demosaicing_multi, linebuffer                                                                      |
| array_partition | variable=linebuffer complete dim=1                 | ../../../../../overlays/Vitis_Libraries/vision//L1/include/imgproc/xf_demosaicing.hpp:589 in demosaicing_multi, linebuffer                                                                      |
| array_partition | variable=imgblock complete dim=0                   | ../../../../../overlays/Vitis_Libraries/vision//L1/include/imgproc/xf_demosaicing.hpp:598 in demosaicing_multi, imgblock                                                                        |
| loop_tripcount  | min=2 max=2                                        | ../../../../../overlays/Vitis_Libraries/vision//L1/include/imgproc/xf_demosaicing.hpp:605 in demosaicing_multi                                                                                  |
| loop_tripcount  | min=COLS/NPC max=COLS/NPC                          | ../../../../../overlays/Vitis_Libraries/vision//L1/include/imgproc/xf_demosaicing.hpp:609 in demosaicing_multi                                                                                  |
| pipeline        | ii=1                                               | ../../../../../overlays/Vitis_Libraries/vision//L1/include/imgproc/xf_demosaicing.hpp:610 in demosaicing_multi                                                                                  |
| loop_tripcount  | min=ROWS max=ROWS                                  | ../../../../../overlays/Vitis_Libraries/vision//L1/include/imgproc/xf_demosaicing.hpp:625 in demosaicing_multi                                                                                  |
| pipeline        | ii=1                                               | ../../../../../overlays/Vitis_Libraries/vision//L1/include/imgproc/xf_demosaicing.hpp:658 in demosaicing_multi                                                                                  |
| unroll          |                                                    | ../../../../../overlays/Vitis_Libraries/vision//L1/include/imgproc/xf_demosaicing.hpp:670 in demosaicing_multi                                                                                  |
| pipeline        | ii=1                                               | ../../../../../overlays/Vitis_Libraries/vision//L1/include/imgproc/xf_demosaicing.hpp:684 in demosaicing_multi                                                                                  |
| dependence      | variable=linebuffer inter false                    | ../../../../../overlays/Vitis_Libraries/vision//L1/include/imgproc/xf_demosaicing.hpp:685 in demosaicing_multi, linebuffer                                                                      |
| loop_tripcount  | min=COLS/NPC max=COLS/NPC                          | ../../../../../overlays/Vitis_Libraries/vision//L1/include/imgproc/xf_demosaicing.hpp:686 in demosaicing_multi                                                                                  |
| loop_flatten    | OFF                                                | ../../../../../overlays/Vitis_Libraries/vision//L1/include/imgproc/xf_demosaicing.hpp:687 in demosaicing_multi                                                                                  |
| array_partition | variable= bformat dim=1 complete                   | ../../../../../overlays/Vitis_Libraries/vision//L1/include/imgproc/xf_demosaicing.hpp:806 in demosaicing_multi_wrap                                                                             |
| loop_tripcount  | min=ROWS max=ROWS                                  | ../../../../../overlays/Vitis_Libraries/vision//L1/include/imgproc/xf_duplicateimage.hpp:52 in xfduplicate                                                                                      |
| loop_flatten    | off                                                | ../../../../../overlays/Vitis_Libraries/vision//L1/include/imgproc/xf_duplicateimage.hpp:53 in xfduplicate                                                                                      |
| loop_tripcount  | min = TRIP_COLS max = TRIP_COLS                    | ../../../../../overlays/Vitis_Libraries/vision//L1/include/imgproc/xf_duplicateimage.hpp:58 in xfduplicate                                                                                      |
| pipeline        |                                                    | ../../../../../overlays/Vitis_Libraries/vision//L1/include/imgproc/xf_duplicateimage.hpp:59 in xfduplicate                                                                                      |
| loop_tripcount  | min=ROWS max=ROWS                                  | ../../../../../overlays/Vitis_Libraries/vision//L1/include/imgproc/xf_duplicateimage.hpp:93 in xfduplicates                                                                                     |
| loop_flatten    | off                                                | ../../../../../overlays/Vitis_Libraries/vision//L1/include/imgproc/xf_duplicateimage.hpp:94 in xfduplicates                                                                                     |
| loop_tripcount  | min = TRIP_COLS max = TRIP_COLS                    | ../../../../../overlays/Vitis_Libraries/vision//L1/include/imgproc/xf_duplicateimage.hpp:99 in xfduplicates                                                                                     |
| pipeline        |                                                    | ../../../../../overlays/Vitis_Libraries/vision//L1/include/imgproc/xf_duplicateimage.hpp:100 in xfduplicates                                                                                    |
| inline          | off                                                | ../../../../../overlays/Vitis_Libraries/vision//L1/include/imgproc/xf_duplicateimage.hpp:122 in duplicatemat                                                                                    |
| inline          | off                                                | ../../../../../overlays/Vitis_Libraries/vision//L1/include/imgproc/xf_duplicateimage.hpp:142 in duplicateimages                                                                                 |
| loop_tripcount  | min = ROWS max = ROWS                              | ../../../../../overlays/Vitis_Libraries/vision//L1/include/imgproc/xf_gaincontrol.hpp:89 in gaincontrolkernel                                                                                   |
| loop_flatten    | OFF                                                | ../../../../../overlays/Vitis_Libraries/vision//L1/include/imgproc/xf_gaincontrol.hpp:90 in gaincontrolkernel                                                                                   |
| loop_tripcount  | min = TC max = TC                                  | ../../../../../overlays/Vitis_Libraries/vision//L1/include/imgproc/xf_gaincontrol.hpp:93 in gaincontrolkernel                                                                                   |
| pipeline        |                                                    | ../../../../../overlays/Vitis_Libraries/vision//L1/include/imgproc/xf_gaincontrol.hpp:94 in gaincontrolkernel                                                                                   |
| inline          | OFF                                                | ../../../../../overlays/Vitis_Libraries/vision//L1/include/imgproc/xf_gaincontrol.hpp:185 in gaincontrol                                                                                        |
| loop_tripcount  | min = ROWS max = ROWS                              | ../../../../../overlays/Vitis_Libraries/vision//L1/include/imgproc/xf_gaincontrol.hpp:225 in gaincontrolkernel_multi                                                                            |
| loop_flatten    | OFF                                                | ../../../../../overlays/Vitis_Libraries/vision//L1/include/imgproc/xf_gaincontrol.hpp:226 in gaincontrolkernel_multi                                                                            |
| loop_tripcount  | min = TC max = TC                                  | ../../../../../overlays/Vitis_Libraries/vision//L1/include/imgproc/xf_gaincontrol.hpp:229 in gaincontrolkernel_multi                                                                            |
| pipeline        |                                                    | ../../../../../overlays/Vitis_Libraries/vision//L1/include/imgproc/xf_gaincontrol.hpp:230 in gaincontrolkernel_multi                                                                            |
| inline          | OFF                                                | ../../../../../overlays/Vitis_Libraries/vision//L1/include/imgproc/xf_gaincontrol.hpp:330 in gaincontrol_multi                                                                                  |
| array_partition | variable= rgain dim=1 complete                     | ../../../../../overlays/Vitis_Libraries/vision//L1/include/imgproc/xf_gaincontrol.hpp:358 in gaincontrol_multi_wrap                                                                             |
| array_partition | variable= bgain dim=1 complete                     | ../../../../../overlays/Vitis_Libraries/vision//L1/include/imgproc/xf_gaincontrol.hpp:359 in gaincontrol_multi_wrap                                                                             |
| array_partition | variable= ggain dim=1 complete                     | ../../../../../overlays/Vitis_Libraries/vision//L1/include/imgproc/xf_gaincontrol.hpp:360 in gaincontrol_multi_wrap                                                                             |
| array_partition | variable= bayer_p dim=1 complete                   | ../../../../../overlays/Vitis_Libraries/vision//L1/include/imgproc/xf_gaincontrol.hpp:361 in gaincontrol_multi_wrap                                                                             |
| inline          | OFF                                                | ../../../../../overlays/Vitis_Libraries/vision//L1/include/imgproc/xf_gaincontrol.hpp:379 in gaincontrol_mono                                                                                   |
| loop_tripcount  | min = ROWS max = ROWS                              | ../../../../../overlays/Vitis_Libraries/vision//L1/include/imgproc/xf_gaincontrol.hpp:395 in gaincontrol_mono                                                                                   |
| loop_flatten    | OFF                                                | ../../../../../overlays/Vitis_Libraries/vision//L1/include/imgproc/xf_gaincontrol.hpp:396 in gaincontrol_mono                                                                                   |
| loop_tripcount  | min = COLS / NPC max = COLS / NPC                  | ../../../../../overlays/Vitis_Libraries/vision//L1/include/imgproc/xf_gaincontrol.hpp:399 in gaincontrol_mono                                                                                   |
| pipeline        |                                                    | ../../../../../overlays/Vitis_Libraries/vision//L1/include/imgproc/xf_gaincontrol.hpp:400 in gaincontrol_mono                                                                                   |
| array_partition | variable=lut_p complete dim=1                      | ../../../../../overlays/Vitis_Libraries/vision//L1/include/imgproc/xf_gammacorrection.hpp:51 in xfgammakernel, lut_p                                                                            |
| loop_tripcount  | min=ROWS max=ROWS                                  | ../../../../../overlays/Vitis_Libraries/vision//L1/include/imgproc/xf_gammacorrection.hpp:72 in xfgammakernel                                                                                   |
| loop_flatten    | off                                                | ../../../../../overlays/Vitis_Libraries/vision//L1/include/imgproc/xf_gammacorrection.hpp:73 in xfgammakernel                                                                                   |
| loop_tripcount  | min=COLS_TRIP max=COLS_TRIP                        | ../../../../../overlays/Vitis_Libraries/vision//L1/include/imgproc/xf_gammacorrection.hpp:79 in xfgammakernel                                                                                   |
| pipeline        |                                                    | ../../../../../overlays/Vitis_Libraries/vision//L1/include/imgproc/xf_gammacorrection.hpp:80 in xfgammakernel                                                                                   |
| unroll          |                                                    | ../../../../../overlays/Vitis_Libraries/vision//L1/include/imgproc/xf_gammacorrection.hpp:87 in xfgammakernel                                                                                   |
| inline          | OFF                                                | ../../../../../overlays/Vitis_Libraries/vision//L1/include/imgproc/xf_gammacorrection.hpp:111 in gammacorrection                                                                                |
| array_partition | variable= lut_table dim=1 complete                 | ../../../../../overlays/Vitis_Libraries/vision//L1/include/imgproc/xf_gammacorrection.hpp:135 in gammacorrection_multi                                                                          |
| array_partition | variable=cum_hist complete dim=1                   | ../../../../../overlays/Vitis_Libraries/vision//L1/include/imgproc/xf_hist_equalize.hpp:57 in xfequalize, cum_hist                                                                              |
| array_partition | variable=tmp_cum_hist complete dim=1               | ../../../../../overlays/Vitis_Libraries/vision//L1/include/imgproc/xf_hist_equalize.hpp:62 in xfequalize, tmp_cum_hist                                                                          |
| loop_tripcount  | min=256 max=256                                    | ../../../../../overlays/Vitis_Libraries/vision//L1/include/imgproc/xf_hist_equalize.hpp:83 in xfequalize                                                                                        |
| pipeline        |                                                    | ../../../../../overlays/Vitis_Libraries/vision//L1/include/imgproc/xf_hist_equalize.hpp:84 in xfequalize                                                                                        |
| pipeline        |                                                    | ../../../../../overlays/Vitis_Libraries/vision//L1/include/imgproc/xf_hist_equalize.hpp:94 in xfequalize                                                                                        |
| unroll          |                                                    | ../../../../../overlays/Vitis_Libraries/vision//L1/include/imgproc/xf_hist_equalize.hpp:98 in xfequalize                                                                                        |
| loop_tripcount  | min=ROWS max=ROWS                                  | ../../../../../overlays/Vitis_Libraries/vision//L1/include/imgproc/xf_hist_equalize.hpp:108 in xfequalize                                                                                       |
| loop_tripcount  | min=SRC_TC max=SRC_TC                              | ../../../../../overlays/Vitis_Libraries/vision//L1/include/imgproc/xf_hist_equalize.hpp:113 in xfequalize                                                                                       |
| pipeline        |                                                    | ../../../../../overlays/Vitis_Libraries/vision//L1/include/imgproc/xf_hist_equalize.hpp:114 in xfequalize                                                                                       |
| loop_flatten    | OFF                                                | ../../../../../overlays/Vitis_Libraries/vision//L1/include/imgproc/xf_hist_equalize.hpp:115 in xfequalize                                                                                       |
| dependence      | variable=tmp_cum_hist array intra false            | ../../../../../overlays/Vitis_Libraries/vision//L1/include/imgproc/xf_hist_equalize.hpp:121 in xfequalize, tmp_cum_hist                                                                         |
| unroll          |                                                    | ../../../../../overlays/Vitis_Libraries/vision//L1/include/imgproc/xf_hist_equalize.hpp:122 in xfequalize                                                                                       |
| inline          | off                                                | ../../../../../overlays/Vitis_Libraries/vision//L1/include/imgproc/xf_hist_equalize.hpp:149 in equalizehist                                                                                     |
| array_partition | variable=tmp_hist complete dim=1                   | ../../../../../overlays/Vitis_Libraries/vision//L1/include/imgproc/xf_histogram.hpp:46 in xfhistogramkernel, tmp_hist                                                                           |
| array_partition | variable=tmp_hist1 complete dim=1                  | ../../../../../overlays/Vitis_Libraries/vision//L1/include/imgproc/xf_histogram.hpp:47 in xfhistogramkernel, tmp_hist1                                                                          |
| pipeline        |                                                    | ../../../../../overlays/Vitis_Libraries/vision//L1/include/imgproc/xf_histogram.hpp:57 in xfhistogramkernel                                                                                     |
| loop_tripcount  | min=256 max=256                                    | ../../../../../overlays/Vitis_Libraries/vision//L1/include/imgproc/xf_histogram.hpp:61 in xfhistogramkernel                                                                                     |
| loop_tripcount  | min=ROWS max=ROWS                                  | ../../../../../overlays/Vitis_Libraries/vision//L1/include/imgproc/xf_histogram.hpp:71 in xfhistogramkernel                                                                                     |
| pipeline        | II=2                                               | ../../../../../overlays/Vitis_Libraries/vision//L1/include/imgproc/xf_histogram.hpp:76 in xfhistogramkernel                                                                                     |
| loop_flatten    | OFF                                                | ../../../../../overlays/Vitis_Libraries/vision//L1/include/imgproc/xf_histogram.hpp:77 in xfhistogramkernel                                                                                     |
| loop_tripcount  | min=SRC_TC max=SRC_TC                              | ../../../../../overlays/Vitis_Libraries/vision//L1/include/imgproc/xf_histogram.hpp:78 in xfhistogramkernel                                                                                     |
| dependence      | variable=tmp_hist array intra false                | ../../../../../overlays/Vitis_Libraries/vision//L1/include/imgproc/xf_histogram.hpp:88 in xfhistogramkernel, tmp_hist                                                                           |
| dependence      | variable=tmp_hist1 array intra false               | ../../../../../overlays/Vitis_Libraries/vision//L1/include/imgproc/xf_histogram.hpp:89 in xfhistogramkernel, tmp_hist1                                                                          |
| unroll          |                                                    | ../../../../../overlays/Vitis_Libraries/vision//L1/include/imgproc/xf_histogram.hpp:93 in xfhistogramkernel                                                                                     |
| pipeline        |                                                    | ../../../../../overlays/Vitis_Libraries/vision//L1/include/imgproc/xf_histogram.hpp:111 in xfhistogramkernel                                                                                    |
| unroll          |                                                    | ../../../../../overlays/Vitis_Libraries/vision//L1/include/imgproc/xf_histogram.hpp:117 in xfhistogramkernel                                                                                    |
| unroll          |                                                    | ../../../../../overlays/Vitis_Libraries/vision//L1/include/imgproc/xf_histogram.hpp:125 in xfhistogramkernel                                                                                    |
| inline          | OFF                                                | ../../../../../overlays/Vitis_Libraries/vision//L1/include/imgproc/xf_histogram.hpp:142 in calchist                                                                                             |
| loop_tripcount  | min=1 max=256                                      | ../../../../../overlays/Vitis_Libraries/vision//L1/include/imgproc/xf_histogram.hpp:155 in calchist                                                                                             |
| pipeline        |                                                    | ../../../../../overlays/Vitis_Libraries/vision//L1/include/imgproc/xf_histogram.hpp:156 in calchist                                                                                             |
| loop_flatten    | off                                                | ../../../../../overlays/Vitis_Libraries/vision//L1/include/imgproc/xf_histogram.hpp:157 in calchist                                                                                             |
| loop_tripcount  | min=ROWS max=ROWS                                  | ../../../../../overlays/Vitis_Libraries/vision//L1/include/imgproc/xf_lensshadingcorrection.hpp:99 in lscdistancebased                                                                          |
| loop_tripcount  | min=COLS/NPC max=COLS/NPC                          | ../../../../../overlays/Vitis_Libraries/vision//L1/include/imgproc/xf_lensshadingcorrection.hpp:103 in lscdistancebased                                                                         |
| pipeline        | II=1                                               | ../../../../../overlays/Vitis_Libraries/vision//L1/include/imgproc/xf_lensshadingcorrection.hpp:104 in lscdistancebased                                                                         |
| loop_flatten    | OFF                                                | ../../../../../overlays/Vitis_Libraries/vision//L1/include/imgproc/xf_lensshadingcorrection.hpp:105 in lscdistancebased                                                                         |
| unroll          |                                                    | ../../../../../overlays/Vitis_Libraries/vision//L1/include/imgproc/xf_lensshadingcorrection.hpp:115 in lscdistancebased                                                                         |
| pipeline        |                                                    | ../../../../../overlays/Vitis_Libraries/vision//L1/include/imgproc/xf_ltm.hpp:114 in ltmtile<blk_rows, blk_cols, rows, cols, npc>                                                               |
| pipeline        |                                                    | ../../../../../overlays/Vitis_Libraries/vision//L1/include/imgproc/xf_ltm.hpp:133 in ltmtile<blk_rows, blk_cols, rows, cols, npc>                                                               |
| loop_tripcount  | min=ROWS max=ROWS                                  | ../../../../../overlays/Vitis_Libraries/vision//L1/include/imgproc/xf_ltm.hpp:287 in getmaximage                                                                                                |
| loop_tripcount  | min=COLS_NPC_ALIGNED max=COLS_NPC_ALIGNED          | ../../../../../overlays/Vitis_Libraries/vision//L1/include/imgproc/xf_ltm.hpp:292 in getmaximage                                                                                                |
| pipeline        |                                                    | ../../../../../overlays/Vitis_Libraries/vision//L1/include/imgproc/xf_ltm.hpp:293 in getmaximage                                                                                                |
| array_partition | variable=omin_l dim=1 complete                     | ../../../../../overlays/Vitis_Libraries/vision//L1/include/imgproc/xf_ltm.hpp:321 in getminmax, omin_l                                                                                          |
| array_partition | variable=omax_l dim=1 complete                     | ../../../../../overlays/Vitis_Libraries/vision//L1/include/imgproc/xf_ltm.hpp:322 in getminmax, omax_l                                                                                          |
| loop_tripcount  | min=BLK_ROWS max=BLK_ROWS                          | ../../../../../overlays/Vitis_Libraries/vision//L1/include/imgproc/xf_ltm.hpp:327 in getminmax                                                                                                  |
| loop_tripcount  | min=COLS_NPC_ALIGNED max=COLS_NPC_ALIGNED          | ../../../../../overlays/Vitis_Libraries/vision//L1/include/imgproc/xf_ltm.hpp:332 in getminmax                                                                                                  |
| pipeline        | II=1                                               | ../../../../../overlays/Vitis_Libraries/vision//L1/include/imgproc/xf_ltm.hpp:333 in getminmax                                                                                                  |
| loop_tripcount  | min=MinMaxVArrSize max=MinMaxVArrSize              | ../../../../../overlays/Vitis_Libraries/vision//L1/include/imgproc/xf_ltm.hpp:386 in processminmax                                                                                              |
| loop_tripcount  | min=BLK_ROWS max=BLK_ROWS                          | ../../../../../overlays/Vitis_Libraries/vision//L1/include/imgproc/xf_ltm.hpp:428 in interpolate                                                                                                |
| loop_tripcount  | min=COLS_NPC_ALIGNED max=COLS_NPC_ALIGNED          | ../../../../../overlays/Vitis_Libraries/vision//L1/include/imgproc/xf_ltm.hpp:433 in interpolate                                                                                                |
| pipeline        | II=1                                               | ../../../../../overlays/Vitis_Libraries/vision//L1/include/imgproc/xf_ltm.hpp:434 in interpolate                                                                                                |
| loop_tripcount  | min=MinMaxVArrSize max=MinMaxVArrSize              | ../../../../../overlays/Vitis_Libraries/vision//L1/include/imgproc/xf_ltm.hpp:471 in processinterpolate                                                                                         |
| loop_tripcount  | min=ROWS max=ROWS                                  | ../../../../../overlays/Vitis_Libraries/vision//L1/include/imgproc/xf_ltm.hpp:495 in compute                                                                                                    |
| loop_tripcount  | min=COLS_NPC_ALIGNED max=COLS_NPC_ALIGNED          | ../../../../../overlays/Vitis_Libraries/vision//L1/include/imgproc/xf_ltm.hpp:500 in compute                                                                                                    |
| pipeline        | II=1                                               | ../../../../../overlays/Vitis_Libraries/vision//L1/include/imgproc/xf_ltm.hpp:501 in compute                                                                                                    |
| dataflow        |                                                    | ../../../../../overlays/Vitis_Libraries/vision//L1/include/imgproc/xf_ltm.hpp:565 in process_i                                                                                                  |
| array_partition | variable=Tile.mVBlkSize dim=1 complete             | ../../../../../overlays/Vitis_Libraries/vision//L1/include/imgproc/xf_ltm.hpp:582 in process, Tile.mVBlkSize                                                                                    |
| array_partition | variable=Tile.mHBlkSize dim=1 complete             | ../../../../../overlays/Vitis_Libraries/vision//L1/include/imgproc/xf_ltm.hpp:583 in process, Tile.mHBlkSize                                                                                    |
| array_partition | variable=Tile.mVBlkSize dim=1 complete             | ../../../../../overlays/Vitis_Libraries/vision//L1/include/imgproc/xf_ltm.hpp:598 in process, Tile.mVBlkSize                                                                                    |
| array_partition | variable=Tile.mHBlkSize dim=1 complete             | ../../../../../overlays/Vitis_Libraries/vision//L1/include/imgproc/xf_ltm.hpp:599 in process, Tile.mHBlkSize                                                                                    |
| inline          | OFF                                                | ../../../../../overlays/Vitis_Libraries/vision//L1/include/imgproc/xf_ltm.hpp:632 in ltm_multistream                                                                                            |
| array_partition | variable= block_rows dim=1 complete                | ../../../../../overlays/Vitis_Libraries/vision//L1/include/imgproc/xf_ltm.hpp:675 in ltm_multistream_wrap                                                                                       |
| array_partition | variable= block_cols dim=1 complete                | ../../../../../overlays/Vitis_Libraries/vision//L1/include/imgproc/xf_ltm.hpp:676 in ltm_multistream_wrap                                                                                       |
| array_partition | variable=omin_r dim=1 complete                     | ../../../../../overlays/Vitis_Libraries/vision//L1/include/imgproc/xf_ltm.hpp:677 in ltm_multistream_wrap, omin_r                                                                               |
| array_partition | variable=omin_r dim=2 cyclic factor=2              | ../../../../../overlays/Vitis_Libraries/vision//L1/include/imgproc/xf_ltm.hpp:678 in ltm_multistream_wrap, omin_r                                                                               |
| array_partition | variable=omin_r dim=3 cyclic factor=2              | ../../../../../overlays/Vitis_Libraries/vision//L1/include/imgproc/xf_ltm.hpp:679 in ltm_multistream_wrap, omin_r                                                                               |
| array_partition | variable=omax_r dim=1 complete                     | ../../../../../overlays/Vitis_Libraries/vision//L1/include/imgproc/xf_ltm.hpp:681 in ltm_multistream_wrap, omax_r                                                                               |
| array_partition | variable=omax_r dim=2 cyclic factor=2              | ../../../../../overlays/Vitis_Libraries/vision//L1/include/imgproc/xf_ltm.hpp:682 in ltm_multistream_wrap, omax_r                                                                               |
| array_partition | variable=omax_r dim=3 cyclic factor=2              | ../../../../../overlays/Vitis_Libraries/vision//L1/include/imgproc/xf_ltm.hpp:683 in ltm_multistream_wrap, omax_r                                                                               |
| array_partition | variable=omin_w dim=1 complete                     | ../../../../../overlays/Vitis_Libraries/vision//L1/include/imgproc/xf_ltm.hpp:685 in ltm_multistream_wrap, omin_w                                                                               |
| array_partition | variable=omin_w dim=2 cyclic factor=2              | ../../../../../overlays/Vitis_Libraries/vision//L1/include/imgproc/xf_ltm.hpp:686 in ltm_multistream_wrap, omin_w                                                                               |
| array_partition | variable=omin_w dim=3 cyclic factor=2              | ../../../../../overlays/Vitis_Libraries/vision//L1/include/imgproc/xf_ltm.hpp:687 in ltm_multistream_wrap, omin_w                                                                               |
| array_partition | variable=omax_w dim=1 complete                     | ../../../../../overlays/Vitis_Libraries/vision//L1/include/imgproc/xf_ltm.hpp:689 in ltm_multistream_wrap, omax_w                                                                               |
| array_partition | variable=omax_w dim=2 cyclic factor=2              | ../../../../../overlays/Vitis_Libraries/vision//L1/include/imgproc/xf_ltm.hpp:690 in ltm_multistream_wrap, omax_w                                                                               |
| array_partition | variable=omax_w dim=3 cyclic factor=2              | ../../../../../overlays/Vitis_Libraries/vision//L1/include/imgproc/xf_ltm.hpp:691 in ltm_multistream_wrap, omax_w                                                                               |
| array_partition | variable=flag dim=1 complete                       | ../../../../../overlays/Vitis_Libraries/vision//L1/include/imgproc/xf_ltm.hpp:693 in ltm_multistream_wrap, flag                                                                                 |
| array_partition | variable=eof dim=1 complete                        | ../../../../../overlays/Vitis_Libraries/vision//L1/include/imgproc/xf_ltm.hpp:694 in ltm_multistream_wrap, eof                                                                                  |
| array_partition | variable=lut complete dim=1                        | ../../../../../overlays/Vitis_Libraries/vision//L1/include/imgproc/xf_lut.hpp:62 in xflutkernel, lut                                                                                            |
| loop_tripcount  | min=ROWS max=ROWS                                  | ../../../../../overlays/Vitis_Libraries/vision//L1/include/imgproc/xf_lut.hpp:81 in xflutkernel                                                                                                 |
| loop_flatten    | off                                                | ../../../../../overlays/Vitis_Libraries/vision//L1/include/imgproc/xf_lut.hpp:82 in xflutkernel                                                                                                 |
| loop_tripcount  | min=COLS_TRIP max=COLS_TRIP                        | ../../../../../overlays/Vitis_Libraries/vision//L1/include/imgproc/xf_lut.hpp:88 in xflutkernel                                                                                                 |
| pipeline        |                                                    | ../../../../../overlays/Vitis_Libraries/vision//L1/include/imgproc/xf_lut.hpp:89 in xflutkernel                                                                                                 |
| unroll          |                                                    | ../../../../../overlays/Vitis_Libraries/vision//L1/include/imgproc/xf_lut.hpp:99 in xflutkernel                                                                                                 |
| inline          | OFF                                                | ../../../../../overlays/Vitis_Libraries/vision//L1/include/imgproc/xf_lut.hpp:129 in lut                                                                                                        |
| array_partition | variable = offset_buffer complete dim = 1          | ../../../../../overlays/Vitis_Libraries/vision//L1/include/imgproc/xf_quantizationdithering.hpp:114 in xf_quatizationdithering                                                                  |
| array_partition | variable = offset_buffer complete dim = 2          | ../../../../../overlays/Vitis_Libraries/vision//L1/include/imgproc/xf_quantizationdithering.hpp:115 in xf_quatizationdithering                                                                  |
| loop_tripcount  | min = COLS / NPC max = COLS / NPC                  | ../../../../../overlays/Vitis_Libraries/vision//L1/include/imgproc/xf_quantizationdithering.hpp:120 in xf_quatizationdithering                                                                  |
| pipeline        | II = 1                                             | ../../../../../overlays/Vitis_Libraries/vision//L1/include/imgproc/xf_quantizationdithering.hpp:121 in xf_quatizationdithering                                                                  |
| unroll          |                                                    | ../../../../../overlays/Vitis_Libraries/vision//L1/include/imgproc/xf_quantizationdithering.hpp:125 in xf_quatizationdithering                                                                  |
| unroll          |                                                    | ../../../../../overlays/Vitis_Libraries/vision//L1/include/imgproc/xf_quantizationdithering.hpp:129 in xf_quatizationdithering                                                                  |
| array_partition | variable = offset_NPC complete dim = 0             | ../../../../../overlays/Vitis_Libraries/vision//L1/include/imgproc/xf_quantizationdithering.hpp:138 in xf_quatizationdithering                                                                  |
| array_partition | variable = offset_prev_NPC complete dim = 0        | ../../../../../overlays/Vitis_Libraries/vision//L1/include/imgproc/xf_quantizationdithering.hpp:142 in xf_quatizationdithering                                                                  |
| array_partition | variable = q_err_1st complete dim = 0              | ../../../../../overlays/Vitis_Libraries/vision//L1/include/imgproc/xf_quantizationdithering.hpp:152 in xf_quatizationdithering                                                                  |
| array_partition | variable = q_err_2nd complete dim = 0              | ../../../../../overlays/Vitis_Libraries/vision//L1/include/imgproc/xf_quantizationdithering.hpp:153 in xf_quatizationdithering                                                                  |
| array_partition | variable = q_err_3rd complete dim = 0              | ../../../../../overlays/Vitis_Libraries/vision//L1/include/imgproc/xf_quantizationdithering.hpp:154 in xf_quatizationdithering                                                                  |
| unroll          |                                                    | ../../../../../overlays/Vitis_Libraries/vision//L1/include/imgproc/xf_quantizationdithering.hpp:160 in xf_quatizationdithering                                                                  |
| unroll          |                                                    | ../../../../../overlays/Vitis_Libraries/vision//L1/include/imgproc/xf_quantizationdithering.hpp:164 in xf_quatizationdithering                                                                  |
| loop_tripcount  | min = ROWS max = ROWS                              | ../../../../../overlays/Vitis_Libraries/vision//L1/include/imgproc/xf_quantizationdithering.hpp:175 in xf_quatizationdithering                                                                  |
| loop_tripcount  | min = COLS / NPC max = COLS / NPC                  | ../../../../../overlays/Vitis_Libraries/vision//L1/include/imgproc/xf_quantizationdithering.hpp:180 in xf_quatizationdithering                                                                  |
| pipeline        | II = 1                                             | ../../../../../overlays/Vitis_Libraries/vision//L1/include/imgproc/xf_quantizationdithering.hpp:181 in xf_quatizationdithering                                                                  |
| dependence      | variable = offset_buffer inter false               | ../../../../../overlays/Vitis_Libraries/vision//L1/include/imgproc/xf_quantizationdithering.hpp:182 in xf_quatizationdithering                                                                  |
| array_partition | variable = read_word_extract complete dim = 0      | ../../../../../overlays/Vitis_Libraries/vision//L1/include/imgproc/xf_quantizationdithering.hpp:191 in xf_quatizationdithering                                                                  |
| unroll          |                                                    | ../../../../../overlays/Vitis_Libraries/vision//L1/include/imgproc/xf_quantizationdithering.hpp:196 in xf_quatizationdithering                                                                  |
| unroll          |                                                    | ../../../../../overlays/Vitis_Libraries/vision//L1/include/imgproc/xf_quantizationdithering.hpp:201 in xf_quatizationdithering                                                                  |
+-----------------+----------------------------------------------------+-------------------------------------------------------------------------------------------------------------------------------------------------------------------------------------------------+


