

================================================================
== Vitis HLS Report for 'AWBhistogramkernel_17_17_1080_1920_1_3_3_21_1_1024_s'
================================================================
* Date:           Thu Mar  5 08:43:06 2026

* Version:        2022.2 (Build 3670227 on Oct 13 2022)
* Project:        isppipeline.prj
* Solution:       sol1 (Vivado IP Flow Target)
* Product family: zynquplus
* Target device:  xck26-sfvc784-2LV-c


================================================================
== Performance Estimates
================================================================
+ Timing: 
    * Summary: 
    +--------+---------+----------+------------+
    |  Clock |  Target | Estimated| Uncertainty|
    +--------+---------+----------+------------+
    |ap_clk  |  3.30 ns|  2.409 ns|     0.89 ns|
    +--------+---------+----------+------------+

+ Latency: 
    * Summary: 
    +---------+---------+----------+----------+------+---------+---------+
    |  Latency (cycles) |  Latency (absolute) |    Interval    | Pipeline|
    |   min   |   max   |    min   |    max   |  min |   max   |   Type  |
    +---------+---------+----------+----------+------+---------+---------+
    |     2059|  1048577|  6.795 us|  3.460 ms|  2059|  1048577|       no|
    +---------+---------+----------+----------+------+---------+---------+

    + Detail: 
        * Instance: 
        +---------------------------------------------------------------------------------+----------------------------------------------------------------------+---------+---------+-----------+----------+------+------+---------+
        |                                                                                 |                                                                      |  Latency (cycles) |  Latency (absolute)  |   Interval  | Pipeline|
        |                                     Instance                                    |                                Module                                |   min   |   max   |    min    |    max   |  min |  max |   Type  |
        +---------------------------------------------------------------------------------+----------------------------------------------------------------------+---------+---------+-----------+----------+------+------+---------+
        |grp_AWBhistogramkernel_Pipeline_INITIALIZE_HIST_fu_258                           |AWBhistogramkernel_Pipeline_INITIALIZE_HIST                           |     1026|     1026|   3.386 us|  3.386 us|  1026|  1026|       no|
        |grp_AWBhistogramkernel_Pipeline_HIST_INITIALIZE_LOOP_fu_268                      |AWBhistogramkernel_Pipeline_HIST_INITIALIZE_LOOP                      |     1026|     1026|   3.386 us|  3.386 us|  1026|  1026|       no|
        |grp_AWBhistogramkernel_17_17_1080_1920_1_3_3_21_1_1024_Pipeline_COL_LOOP_fu_284  |AWBhistogramkernel_17_17_1080_1920_1_3_3_21_1_1024_Pipeline_COL_LOOP  |        7|      965|  23.100 ns|  3.184 us|     7|   965|       no|
        |grp_AWBhistogramkernel_Pipeline_MERGE_HIST_LOOP_fu_323                           |AWBhistogramkernel_Pipeline_MERGE_HIST_LOOP                           |     1027|     1027|   3.389 us|  3.389 us|  1027|  1027|       no|
        +---------------------------------------------------------------------------------+----------------------------------------------------------------------+---------+---------+-----------+----------+------+------+---------+

        * Loop: 
        +------------+---------+---------+----------+-----------+-----------+----------+----------+
        |            |  Latency (cycles) | Iteration|  Initiation Interval  |   Trip   |          |
        |  Loop Name |   min   |   max   |  Latency |  achieved |   target  |   Count  | Pipelined|
        +------------+---------+---------+----------+-----------+-----------+----------+----------+
        |- ROW_LOOP  |        2|  1046520|   2 ~ 969|          -|          -|  1 ~ 1080|        no|
        +------------+---------+---------+----------+-----------+-----------+----------+----------+



================================================================
== Utilization Estimates
================================================================
* Summary: 
+-----------------+---------+------+--------+--------+-----+
|       Name      | BRAM_18K|  DSP |   FF   |   LUT  | URAM|
+-----------------+---------+------+--------+--------+-----+
|DSP              |        -|     -|       -|       -|    -|
|Expression       |        -|     -|       0|      75|    -|
|FIFO             |        -|     -|       -|       -|    -|
|Instance         |        -|     -|     874|    1257|    -|
|Memory           |       12|     -|       0|       0|    -|
|Multiplexer      |        -|     -|       -|     796|    -|
|Register         |        -|     -|     861|       -|    -|
+-----------------+---------+------+--------+--------+-----+
|Total            |       12|     0|    1735|    2128|    0|
+-----------------+---------+------+--------+--------+-----+
|Available        |      288|  1248|  234240|  117120|   64|
+-----------------+---------+------+--------+--------+-----+
|Utilization (%)  |        4|     0|      ~0|       1|    0|
+-----------------+---------+------+--------+--------+-----+

+ Detail: 
    * Instance: 
    +---------------------------------------------------------------------------------+----------------------------------------------------------------------+---------+----+-----+-----+-----+
    |                                     Instance                                    |                                Module                                | BRAM_18K| DSP|  FF | LUT | URAM|
    +---------------------------------------------------------------------------------+----------------------------------------------------------------------+---------+----+-----+-----+-----+
    |grp_AWBhistogramkernel_17_17_1080_1920_1_3_3_21_1_1024_Pipeline_COL_LOOP_fu_284  |AWBhistogramkernel_17_17_1080_1920_1_3_3_21_1_1024_Pipeline_COL_LOOP  |        0|   0|  714|  958|    0|
    |grp_AWBhistogramkernel_Pipeline_HIST_INITIALIZE_LOOP_fu_268                      |AWBhistogramkernel_Pipeline_HIST_INITIALIZE_LOOP                      |        0|   0|   13|   57|    0|
    |grp_AWBhistogramkernel_Pipeline_INITIALIZE_HIST_fu_258                           |AWBhistogramkernel_Pipeline_INITIALIZE_HIST                           |        0|   0|   13|   57|    0|
    |grp_AWBhistogramkernel_Pipeline_MERGE_HIST_LOOP_fu_323                           |AWBhistogramkernel_Pipeline_MERGE_HIST_LOOP                           |        0|   0|  134|  185|    0|
    +---------------------------------------------------------------------------------+----------------------------------------------------------------------+---------+----+-----+-----+-----+
    |Total                                                                            |                                                                      |        0|   0|  874| 1257|    0|
    +---------------------------------------------------------------------------------+----------------------------------------------------------------------+---------+----+-----+-----+-----+

    * DSP: 
    N/A

    * Memory: 
    +-----------------+----------------------------------------------------------------------------------+---------+---+----+-----+------+-----+------+-------------+
    |      Memory     |                                      Module                                      | BRAM_18K| FF| LUT| URAM| Words| Bits| Banks| W*Bits*Banks|
    +-----------------+----------------------------------------------------------------------------------+---------+---+----+-----+------+-----+------+-------------+
    |tmp_hist_V_U     |AWBhistogramkernel_17_17_1080_1920_1_3_3_21_1_1024_s_tmp_hist_V_RAM_T2P_BRAM_bkb  |        2|  0|   0|    0|  1024|   32|     1|        32768|
    |tmp_hist_V_1_U   |AWBhistogramkernel_17_17_1080_1920_1_3_3_21_1_1024_s_tmp_hist_V_RAM_T2P_BRAM_bkb  |        2|  0|   0|    0|  1024|   32|     1|        32768|
    |tmp_hist_V_2_U   |AWBhistogramkernel_17_17_1080_1920_1_3_3_21_1_1024_s_tmp_hist_V_RAM_T2P_BRAM_bkb  |        2|  0|   0|    0|  1024|   32|     1|        32768|
    |tmp_hist1_V_U    |AWBhistogramkernel_17_17_1080_1920_1_3_3_21_1_1024_s_tmp_hist_V_RAM_T2P_BRAM_bkb  |        2|  0|   0|    0|  1024|   32|     1|        32768|
    |tmp_hist1_V_1_U  |AWBhistogramkernel_17_17_1080_1920_1_3_3_21_1_1024_s_tmp_hist_V_RAM_T2P_BRAM_bkb  |        2|  0|   0|    0|  1024|   32|     1|        32768|
    |tmp_hist1_V_2_U  |AWBhistogramkernel_17_17_1080_1920_1_3_3_21_1_1024_s_tmp_hist_V_RAM_T2P_BRAM_bkb  |        2|  0|   0|    0|  1024|   32|     1|        32768|
    +-----------------+----------------------------------------------------------------------------------+---------+---+----+-----+------+-----+------+-------------+
    |Total            |                                                                                  |       12|  0|   0|    0|  6144|  192|     6|       196608|
    +-----------------+----------------------------------------------------------------------------------+---------+---+----+-----+------+-----+------+-------------+

    * FIFO: 
    N/A

    * Expression: 
    +---------------------------------+----------+----+---+----+------------+------------+
    |          Variable Name          | Operation| DSP| FF| LUT| Bitwidth P0| Bitwidth P1|
    +---------------------------------+----------+----+---+----+------------+------------+
    |add_ln537_fu_434_p2              |         +|   0|  0|  24|          17|           1|
    |row_2_fu_428_p2                  |         +|   0|  0|  23|          16|           1|
    |cmp6214_fu_414_p2                |      icmp|   0|  0|  13|          16|           1|
    |icmp_ln531_fu_423_p2             |      icmp|   0|  0|  13|          16|          16|
    |ap_block_state2_on_subcall_done  |        or|   0|  0|   2|           1|           1|
    +---------------------------------+----------+----+---+----+------------+------------+
    |Total                            |          |   0|  0|  75|          66|          20|
    +---------------------------------+----------+----+---+----+------------+------------+

    * Multiplexer: 
    +---------------------------+----+-----------+-----+-----------+
    |            Name           | LUT| Input Size| Bits| Total Bits|
    +---------------------------+----+-----------+-----+-----------+
    |ap_NS_fsm                  |  49|          9|    1|          9|
    |demosaic_out_data216_read  |   9|          2|    1|          2|
    |hist_0_address0            |  14|          3|   10|         30|
    |hist_0_ce0                 |  14|          3|    1|          3|
    |hist_0_d0                  |  14|          3|   32|         96|
    |hist_0_we0                 |  14|          3|    1|          3|
    |hist_1_address0            |  14|          3|   10|         30|
    |hist_1_ce0                 |  14|          3|    1|          3|
    |hist_1_d0                  |  14|          3|   32|         96|
    |hist_1_we0                 |  14|          3|    1|          3|
    |hist_2_address0            |  14|          3|   10|         30|
    |hist_2_ce0                 |  14|          3|    1|          3|
    |hist_2_d0                  |  14|          3|   32|         96|
    |hist_2_we0                 |  14|          3|    1|          3|
    |impop_data1_write          |   9|          2|    1|          2|
    |row_fu_98                  |   9|          2|   16|         32|
    |tmp_hist1_V_1_address0     |  26|          5|   10|         50|
    |tmp_hist1_V_1_ce0          |  26|          5|    1|          5|
    |tmp_hist1_V_1_d0           |  20|          4|   32|        128|
    |tmp_hist1_V_1_we0          |  20|          4|    1|          4|
    |tmp_hist1_V_2_address0     |  26|          5|   10|         50|
    |tmp_hist1_V_2_ce0          |  26|          5|    1|          5|
    |tmp_hist1_V_2_d0           |  20|          4|   32|        128|
    |tmp_hist1_V_2_we0          |  20|          4|    1|          4|
    |tmp_hist1_V_address0       |  26|          5|   10|         50|
    |tmp_hist1_V_ce0            |  26|          5|    1|          5|
    |tmp_hist1_V_d0             |  20|          4|   32|        128|
    |tmp_hist1_V_we0            |  20|          4|    1|          4|
    |tmp_hist_V_1_address0      |  26|          5|   10|         50|
    |tmp_hist_V_1_ce0           |  26|          5|    1|          5|
    |tmp_hist_V_1_d0            |  20|          4|   32|        128|
    |tmp_hist_V_1_we0           |  20|          4|    1|          4|
    |tmp_hist_V_2_address0      |  26|          5|   10|         50|
    |tmp_hist_V_2_ce0           |  26|          5|    1|          5|
    |tmp_hist_V_2_d0            |  20|          4|   32|        128|
    |tmp_hist_V_2_we0           |  20|          4|    1|          4|
    |tmp_hist_V_address0        |  26|          5|   10|         50|
    |tmp_hist_V_ce0             |  26|          5|    1|          5|
    |tmp_hist_V_d0              |  20|          4|   32|        128|
    |tmp_hist_V_we0             |  20|          4|    1|          4|
    +---------------------------+----+-----------+-----+-----------+
    |Total                      | 796|        159|  415|       1563|
    +---------------------------+----+-----------+-----+-----------+

    * Register: 
    +----------------------------------------------------------------------------------------------+----+----+-----+-----------+
    |                                             Name                                             | FF | LUT| Bits| Const Bits|
    +----------------------------------------------------------------------------------------------+----+----+-----+-----------+
    |ap_CS_fsm                                                                                     |   8|   0|    8|          0|
    |cmp6214_reg_688                                                                               |   1|   0|    1|          0|
    |grp_AWBhistogramkernel_17_17_1080_1920_1_3_3_21_1_1024_Pipeline_COL_LOOP_fu_284_ap_start_reg  |   1|   0|    1|          0|
    |grp_AWBhistogramkernel_Pipeline_HIST_INITIALIZE_LOOP_fu_268_ap_start_reg                      |   1|   0|    1|          0|
    |grp_AWBhistogramkernel_Pipeline_INITIALIZE_HIST_fu_258_ap_start_reg                           |   1|   0|    1|          0|
    |grp_AWBhistogramkernel_Pipeline_MERGE_HIST_LOOP_fu_323_ap_start_reg                           |   1|   0|    1|          0|
    |p_read1_cast_reg_683                                                                          |  16|   0|   17|          1|
    |row_2_reg_695                                                                                 |  16|   0|   16|          0|
    |row_fu_98                                                                                     |  16|   0|   16|          0|
    |tmp_56_reg_700                                                                                |  16|   0|   16|          0|
    |tmp_57_reg_765                                                                                |  16|   0|   17|          1|
    |void_AWBhistogramkernel_Mat_Mat_unsigned_int_1024_float_float_float_float                     |  32|   0|   32|          0|
    |void_AWBhistogramkernel_Mat_Mat_unsigned_int_1024_float_float_float_float_1                   |  32|   0|   32|          0|
    |void_AWBhistogramkernel_Mat_Mat_unsigned_int_1024_float_float_float_float_10                  |  32|   0|   32|          0|
    |void_AWBhistogramkernel_Mat_Mat_unsigned_int_1024_float_float_float_float_11                  |  32|   0|   32|          0|
    |void_AWBhistogramkernel_Mat_Mat_unsigned_int_1024_float_float_float_float_2                   |  32|   0|   32|          0|
    |void_AWBhistogramkernel_Mat_Mat_unsigned_int_1024_float_float_float_float_3                   |  32|   0|   32|          0|
    |void_AWBhistogramkernel_Mat_Mat_unsigned_int_1024_float_float_float_float_36_reg_705          |  32|   0|   32|          0|
    |void_AWBhistogramkernel_Mat_Mat_unsigned_int_1024_float_float_float_float_37_reg_710          |  32|   0|   32|          0|
    |void_AWBhistogramkernel_Mat_Mat_unsigned_int_1024_float_float_float_float_38_reg_715          |  32|   0|   32|          0|
    |void_AWBhistogramkernel_Mat_Mat_unsigned_int_1024_float_float_float_float_39_reg_720          |  32|   0|   32|          0|
    |void_AWBhistogramkernel_Mat_Mat_unsigned_int_1024_float_float_float_float_4                   |  32|   0|   32|          0|
    |void_AWBhistogramkernel_Mat_Mat_unsigned_int_1024_float_float_float_float_40_reg_725          |  32|   0|   32|          0|
    |void_AWBhistogramkernel_Mat_Mat_unsigned_int_1024_float_float_float_float_41_reg_730          |  32|   0|   32|          0|
    |void_AWBhistogramkernel_Mat_Mat_unsigned_int_1024_float_float_float_float_42_reg_735          |  32|   0|   32|          0|
    |void_AWBhistogramkernel_Mat_Mat_unsigned_int_1024_float_float_float_float_43_reg_740          |  32|   0|   32|          0|
    |void_AWBhistogramkernel_Mat_Mat_unsigned_int_1024_float_float_float_float_44_reg_745          |  32|   0|   32|          0|
    |void_AWBhistogramkernel_Mat_Mat_unsigned_int_1024_float_float_float_float_45_reg_750          |  32|   0|   32|          0|
    |void_AWBhistogramkernel_Mat_Mat_unsigned_int_1024_float_float_float_float_46_reg_755          |  32|   0|   32|          0|
    |void_AWBhistogramkernel_Mat_Mat_unsigned_int_1024_float_float_float_float_47_reg_760          |  32|   0|   32|          0|
    |void_AWBhistogramkernel_Mat_Mat_unsigned_int_1024_float_float_float_float_5                   |  32|   0|   32|          0|
    |void_AWBhistogramkernel_Mat_Mat_unsigned_int_1024_float_float_float_float_6                   |  32|   0|   32|          0|
    |void_AWBhistogramkernel_Mat_Mat_unsigned_int_1024_float_float_float_float_7                   |  32|   0|   32|          0|
    |void_AWBhistogramkernel_Mat_Mat_unsigned_int_1024_float_float_float_float_8                   |  32|   0|   32|          0|
    |void_AWBhistogramkernel_Mat_Mat_unsigned_int_1024_float_float_float_float_9                   |  32|   0|   32|          0|
    +----------------------------------------------------------------------------------------------+----+----+-----+-----------+
    |Total                                                                                         | 861|   0|  863|          2|
    +----------------------------------------------------------------------------------------------+----+----+-----+-----------+



================================================================
== Interface
================================================================
* Summary: 
+-------------------------------------+-----+-----+------------+--------------------------------------------------------------+--------------+
|              RTL Ports              | Dir | Bits|  Protocol  |                         Source Object                        |    C Type    |
+-------------------------------------+-----+-----+------------+--------------------------------------------------------------+--------------+
|ap_clk                               |   in|    1|  ap_ctrl_hs|  AWBhistogramkernel<17, 17, 1080, 1920, 1, 3, 3, 21, 1, 1024>|  return value|
|ap_rst                               |   in|    1|  ap_ctrl_hs|  AWBhistogramkernel<17, 17, 1080, 1920, 1, 3, 3, 21, 1, 1024>|  return value|
|ap_start                             |   in|    1|  ap_ctrl_hs|  AWBhistogramkernel<17, 17, 1080, 1920, 1, 3, 3, 21, 1, 1024>|  return value|
|ap_done                              |  out|    1|  ap_ctrl_hs|  AWBhistogramkernel<17, 17, 1080, 1920, 1, 3, 3, 21, 1, 1024>|  return value|
|ap_idle                              |  out|    1|  ap_ctrl_hs|  AWBhistogramkernel<17, 17, 1080, 1920, 1, 3, 3, 21, 1, 1024>|  return value|
|ap_ready                             |  out|    1|  ap_ctrl_hs|  AWBhistogramkernel<17, 17, 1080, 1920, 1, 3, 3, 21, 1, 1024>|  return value|
|p_read                               |   in|   16|     ap_none|                                                        p_read|        scalar|
|p_read1                              |   in|   16|     ap_none|                                                       p_read1|        scalar|
|demosaic_out_data216_dout            |   in|   30|     ap_fifo|                                          demosaic_out_data216|       pointer|
|demosaic_out_data216_num_data_valid  |   in|    3|     ap_fifo|                                          demosaic_out_data216|       pointer|
|demosaic_out_data216_fifo_cap        |   in|    3|     ap_fifo|                                          demosaic_out_data216|       pointer|
|demosaic_out_data216_empty_n         |   in|    1|     ap_fifo|                                          demosaic_out_data216|       pointer|
|demosaic_out_data216_read            |  out|    1|     ap_fifo|                                          demosaic_out_data216|       pointer|
|impop_data1_din                      |  out|   30|     ap_fifo|                                                   impop_data1|       pointer|
|impop_data1_num_data_valid           |   in|    3|     ap_fifo|                                                   impop_data1|       pointer|
|impop_data1_fifo_cap                 |   in|    3|     ap_fifo|                                                   impop_data1|       pointer|
|impop_data1_full_n                   |   in|    1|     ap_fifo|                                                   impop_data1|       pointer|
|impop_data1_write                    |  out|    1|     ap_fifo|                                                   impop_data1|       pointer|
|hist_0_address0                      |  out|   10|   ap_memory|                                                        hist_0|         array|
|hist_0_ce0                           |  out|    1|   ap_memory|                                                        hist_0|         array|
|hist_0_we0                           |  out|    1|   ap_memory|                                                        hist_0|         array|
|hist_0_d0                            |  out|   32|   ap_memory|                                                        hist_0|         array|
|hist_1_address0                      |  out|   10|   ap_memory|                                                        hist_1|         array|
|hist_1_ce0                           |  out|    1|   ap_memory|                                                        hist_1|         array|
|hist_1_we0                           |  out|    1|   ap_memory|                                                        hist_1|         array|
|hist_1_d0                            |  out|   32|   ap_memory|                                                        hist_1|         array|
|hist_2_address0                      |  out|   10|   ap_memory|                                                        hist_2|         array|
|hist_2_ce0                           |  out|    1|   ap_memory|                                                        hist_2|         array|
|hist_2_we0                           |  out|    1|   ap_memory|                                                        hist_2|         array|
|hist_2_d0                            |  out|   32|   ap_memory|                                                        hist_2|         array|
+-------------------------------------+-----+-----+------------+--------------------------------------------------------------+--------------+

============================================================
+ Verbose Summary: Synthesis Manager
============================================================
InlineROM: 1
ExposeGlobal: 0
============================================================
+ Verbose Summary: CDFG Model
============================================================
IsTopModel: 0
ResetActiveHigh: 1
IsCombinational: 2
IsDatapathOnly: 2
HasWiredReturn: 1
HasMFsm: 0
HasVarLatency: 1
IsPipeline: 0
IsRtlPipelined: 0
IsInstanceOverlapped: 0
IsDontTouch: 0
HasImplIP: 0
IsGatedGlobalClock: 0


============================================================
+ Verbose Summary: Schedule
============================================================
* Number of FSM states : 8
* Pipeline : 0
* Dataflow Pipeline: 0

* FSM state transitions: 
1 --> 2 
2 --> 3 
3 --> 7 4 6 
4 --> 5 
5 --> 6 
6 --> 3 
7 --> 8 
8 --> 

* FSM state operations: 

State 1 <SV = 0> <Delay = 1.23>
ST_1 : Operation 9 [1/1] (0.00ns)   --->   "%row = alloca i32 1"   --->   Operation 9 'alloca' 'row' <Predicate = true> <Delay = 0.00>
ST_1 : Operation 10 [1/1] (0.00ns)   --->   "%tmp_3_loc = alloca i64 1"   --->   Operation 10 'alloca' 'tmp_3_loc' <Predicate = true> <Delay = 0.00>
ST_1 : Operation 11 [1/1] (0.00ns)   --->   "%tmp1_3_loc = alloca i64 1"   --->   Operation 11 'alloca' 'tmp1_3_loc' <Predicate = true> <Delay = 0.00>
ST_1 : Operation 12 [1/1] (0.00ns)   --->   "%tmp_acc_loc = alloca i64 1"   --->   Operation 12 'alloca' 'tmp_acc_loc' <Predicate = true> <Delay = 0.00>
ST_1 : Operation 13 [1/1] (0.00ns)   --->   "%tmp_acc1_loc = alloca i64 1"   --->   Operation 13 'alloca' 'tmp_acc1_loc' <Predicate = true> <Delay = 0.00>
ST_1 : Operation 14 [1/1] (0.00ns)   --->   "%tmp_4_loc = alloca i64 1"   --->   Operation 14 'alloca' 'tmp_4_loc' <Predicate = true> <Delay = 0.00>
ST_1 : Operation 15 [1/1] (0.00ns)   --->   "%tmp1_4_loc = alloca i64 1"   --->   Operation 15 'alloca' 'tmp1_4_loc' <Predicate = true> <Delay = 0.00>
ST_1 : Operation 16 [1/1] (0.00ns)   --->   "%tmp_acc_2_loc = alloca i64 1"   --->   Operation 16 'alloca' 'tmp_acc_2_loc' <Predicate = true> <Delay = 0.00>
ST_1 : Operation 17 [1/1] (0.00ns)   --->   "%tmp_acc1_2_loc = alloca i64 1"   --->   Operation 17 'alloca' 'tmp_acc1_2_loc' <Predicate = true> <Delay = 0.00>
ST_1 : Operation 18 [1/1] (0.00ns)   --->   "%tmp_5_loc = alloca i64 1"   --->   Operation 18 'alloca' 'tmp_5_loc' <Predicate = true> <Delay = 0.00>
ST_1 : Operation 19 [1/1] (0.00ns)   --->   "%tmp1_5_loc = alloca i64 1"   --->   Operation 19 'alloca' 'tmp1_5_loc' <Predicate = true> <Delay = 0.00>
ST_1 : Operation 20 [1/1] (0.00ns)   --->   "%tmp_acc_4_loc = alloca i64 1"   --->   Operation 20 'alloca' 'tmp_acc_4_loc' <Predicate = true> <Delay = 0.00>
ST_1 : Operation 21 [1/1] (0.00ns)   --->   "%tmp_acc1_4_loc = alloca i64 1"   --->   Operation 21 'alloca' 'tmp_acc1_4_loc' <Predicate = true> <Delay = 0.00>
ST_1 : Operation 22 [1/1] (1.23ns)   --->   "%tmp_hist_V = alloca i64 1" [../../../../../overlays/Vitis_Libraries/vision//L1/include/imgproc/xf_autowhitebalance.hpp:482]   --->   Operation 22 'alloca' 'tmp_hist_V' <Predicate = true> <Delay = 1.23> <CoreInst = "RAM_T2P_BRAM">   --->   Core 99 'RAM_T2P_BRAM' <Latency = 1> <II = 1> <Delay = 1.23> <Storage> <Opcode : 'load' 'store'> <Ports = 2> <Width = 32> <Depth = 1024> <RAM>
ST_1 : Operation 23 [1/1] (1.23ns)   --->   "%tmp_hist_V_1 = alloca i64 1" [../../../../../overlays/Vitis_Libraries/vision//L1/include/imgproc/xf_autowhitebalance.hpp:482]   --->   Operation 23 'alloca' 'tmp_hist_V_1' <Predicate = true> <Delay = 1.23> <CoreInst = "RAM_T2P_BRAM">   --->   Core 99 'RAM_T2P_BRAM' <Latency = 1> <II = 1> <Delay = 1.23> <Storage> <Opcode : 'load' 'store'> <Ports = 2> <Width = 32> <Depth = 1024> <RAM>
ST_1 : Operation 24 [1/1] (1.23ns)   --->   "%tmp_hist_V_2 = alloca i64 1" [../../../../../overlays/Vitis_Libraries/vision//L1/include/imgproc/xf_autowhitebalance.hpp:482]   --->   Operation 24 'alloca' 'tmp_hist_V_2' <Predicate = true> <Delay = 1.23> <CoreInst = "RAM_T2P_BRAM">   --->   Core 99 'RAM_T2P_BRAM' <Latency = 1> <II = 1> <Delay = 1.23> <Storage> <Opcode : 'load' 'store'> <Ports = 2> <Width = 32> <Depth = 1024> <RAM>
ST_1 : Operation 25 [1/1] (1.23ns)   --->   "%tmp_hist1_V = alloca i64 1" [../../../../../overlays/Vitis_Libraries/vision//L1/include/imgproc/xf_autowhitebalance.hpp:483]   --->   Operation 25 'alloca' 'tmp_hist1_V' <Predicate = true> <Delay = 1.23> <CoreInst = "RAM_T2P_BRAM">   --->   Core 99 'RAM_T2P_BRAM' <Latency = 1> <II = 1> <Delay = 1.23> <Storage> <Opcode : 'load' 'store'> <Ports = 2> <Width = 32> <Depth = 1024> <RAM>
ST_1 : Operation 26 [1/1] (1.23ns)   --->   "%tmp_hist1_V_1 = alloca i64 1" [../../../../../overlays/Vitis_Libraries/vision//L1/include/imgproc/xf_autowhitebalance.hpp:483]   --->   Operation 26 'alloca' 'tmp_hist1_V_1' <Predicate = true> <Delay = 1.23> <CoreInst = "RAM_T2P_BRAM">   --->   Core 99 'RAM_T2P_BRAM' <Latency = 1> <II = 1> <Delay = 1.23> <Storage> <Opcode : 'load' 'store'> <Ports = 2> <Width = 32> <Depth = 1024> <RAM>
ST_1 : Operation 27 [1/1] (1.23ns)   --->   "%tmp_hist1_V_2 = alloca i64 1" [../../../../../overlays/Vitis_Libraries/vision//L1/include/imgproc/xf_autowhitebalance.hpp:483]   --->   Operation 27 'alloca' 'tmp_hist1_V_2' <Predicate = true> <Delay = 1.23> <CoreInst = "RAM_T2P_BRAM">   --->   Core 99 'RAM_T2P_BRAM' <Latency = 1> <II = 1> <Delay = 1.23> <Storage> <Opcode : 'load' 'store'> <Ports = 2> <Width = 32> <Depth = 1024> <RAM>
ST_1 : Operation 28 [2/2] (0.00ns)   --->   "%call_ln0 = call void @AWBhistogramkernel_Pipeline_INITIALIZE_HIST, i32 %hist_2, i32 %hist_1, i32 %hist_0"   --->   Operation 28 'call' 'call_ln0' <Predicate = true> <Delay = 0.00> <CoreType = "Generic">   --->   Core 0 '' <Latency = 0> <II = 1> <Delay = 1.00> <Generic> <Opcode : >
ST_1 : Operation 29 [2/2] (0.00ns)   --->   "%call_ln0 = call void @AWBhistogramkernel_Pipeline_HIST_INITIALIZE_LOOP, i32 %tmp_hist1_V_2, i32 %tmp_hist1_V_1, i32 %tmp_hist1_V, i32 %tmp_hist_V_2, i32 %tmp_hist_V_1, i32 %tmp_hist_V"   --->   Operation 29 'call' 'call_ln0' <Predicate = true> <Delay = 0.00> <CoreType = "Generic">   --->   Core 0 '' <Latency = 0> <II = 1> <Delay = 1.00> <Generic> <Opcode : >
ST_1 : Operation 30 [1/1] (0.42ns)   --->   "%store_ln531 = store i16 0, i16 %row" [../../../../../overlays/Vitis_Libraries/vision//L1/include/imgproc/xf_autowhitebalance.hpp:531]   --->   Operation 30 'store' 'store_ln531' <Predicate = true> <Delay = 0.42>

State 2 <SV = 1> <Delay = 1.10>
ST_2 : Operation 31 [1/1] (0.00ns)   --->   "%p_read_27 = read i16 @_ssdm_op_Read.ap_auto.i16, i16 %p_read1"   --->   Operation 31 'read' 'p_read_27' <Predicate = true> <Delay = 0.00>
ST_2 : Operation 32 [1/1] (0.00ns)   --->   "%p_read220 = read i16 @_ssdm_op_Read.ap_auto.i16, i16 %p_read"   --->   Operation 32 'read' 'p_read220' <Predicate = true> <Delay = 0.00>
ST_2 : Operation 33 [1/1] (0.00ns)   --->   "%p_read1_cast = zext i16 %p_read_27"   --->   Operation 33 'zext' 'p_read1_cast' <Predicate = true> <Delay = 0.00>
ST_2 : Operation 34 [1/1] (0.00ns)   --->   "%specinterface_ln0 = specinterface void @_ssdm_op_SpecInterface, i30 %demosaic_out_data216, void @empty_26, i32 0, i32 0, void @empty_32, i32 0, i32 0, void @empty_32, void @empty_32, void @empty_32, i32 0, i32 0, i32 0, i32 0, void @empty_32, void @empty_32, i32 4294967295, i32 0"   --->   Operation 34 'specinterface' 'specinterface_ln0' <Predicate = true> <Delay = 0.00>
ST_2 : Operation 35 [1/1] (0.00ns)   --->   "%specinterface_ln0 = specinterface void @_ssdm_op_SpecInterface, i30 %impop_data1, void @empty_26, i32 0, i32 0, void @empty_32, i32 0, i32 0, void @empty_32, void @empty_32, void @empty_32, i32 0, i32 0, i32 0, i32 0, void @empty_32, void @empty_32, i32 4294967295, i32 0"   --->   Operation 35 'specinterface' 'specinterface_ln0' <Predicate = true> <Delay = 0.00>
ST_2 : Operation 36 [1/2] (0.00ns)   --->   "%call_ln0 = call void @AWBhistogramkernel_Pipeline_INITIALIZE_HIST, i32 %hist_2, i32 %hist_1, i32 %hist_0"   --->   Operation 36 'call' 'call_ln0' <Predicate = true> <Delay = 0.00> <CoreType = "Generic">   --->   Core 0 '' <Latency = 0> <II = 1> <Delay = 1.00> <Generic> <Opcode : >
ST_2 : Operation 37 [1/1] (0.00ns)   --->   "%specmemcore_ln485 = specmemcore void @_ssdm_op_SpecMemCore, i32 %tmp_hist_V_2, i64 666, i64 30, i64 18446744073709551615" [../../../../../overlays/Vitis_Libraries/vision//L1/include/imgproc/xf_autowhitebalance.hpp:485]   --->   Operation 37 'specmemcore' 'specmemcore_ln485' <Predicate = true> <Delay = 0.00>
ST_2 : Operation 38 [1/1] (0.00ns)   --->   "%specmemcore_ln485 = specmemcore void @_ssdm_op_SpecMemCore, i32 %tmp_hist_V_1, i64 666, i64 30, i64 18446744073709551615" [../../../../../overlays/Vitis_Libraries/vision//L1/include/imgproc/xf_autowhitebalance.hpp:485]   --->   Operation 38 'specmemcore' 'specmemcore_ln485' <Predicate = true> <Delay = 0.00>
ST_2 : Operation 39 [1/1] (0.00ns)   --->   "%specmemcore_ln485 = specmemcore void @_ssdm_op_SpecMemCore, i32 %tmp_hist_V, i64 666, i64 30, i64 18446744073709551615" [../../../../../overlays/Vitis_Libraries/vision//L1/include/imgproc/xf_autowhitebalance.hpp:485]   --->   Operation 39 'specmemcore' 'specmemcore_ln485' <Predicate = true> <Delay = 0.00>
ST_2 : Operation 40 [1/1] (0.00ns)   --->   "%specmemcore_ln486 = specmemcore void @_ssdm_op_SpecMemCore, i32 %tmp_hist1_V_2, i64 666, i64 30, i64 18446744073709551615" [../../../../../overlays/Vitis_Libraries/vision//L1/include/imgproc/xf_autowhitebalance.hpp:486]   --->   Operation 40 'specmemcore' 'specmemcore_ln486' <Predicate = true> <Delay = 0.00>
ST_2 : Operation 41 [1/1] (0.00ns)   --->   "%specmemcore_ln486 = specmemcore void @_ssdm_op_SpecMemCore, i32 %tmp_hist1_V_1, i64 666, i64 30, i64 18446744073709551615" [../../../../../overlays/Vitis_Libraries/vision//L1/include/imgproc/xf_autowhitebalance.hpp:486]   --->   Operation 41 'specmemcore' 'specmemcore_ln486' <Predicate = true> <Delay = 0.00>
ST_2 : Operation 42 [1/1] (0.00ns)   --->   "%specmemcore_ln486 = specmemcore void @_ssdm_op_SpecMemCore, i32 %tmp_hist1_V, i64 666, i64 30, i64 18446744073709551615" [../../../../../overlays/Vitis_Libraries/vision//L1/include/imgproc/xf_autowhitebalance.hpp:486]   --->   Operation 42 'specmemcore' 'specmemcore_ln486' <Predicate = true> <Delay = 0.00>
ST_2 : Operation 43 [1/2] (0.00ns)   --->   "%call_ln0 = call void @AWBhistogramkernel_Pipeline_HIST_INITIALIZE_LOOP, i32 %tmp_hist1_V_2, i32 %tmp_hist1_V_1, i32 %tmp_hist1_V, i32 %tmp_hist_V_2, i32 %tmp_hist_V_1, i32 %tmp_hist_V"   --->   Operation 43 'call' 'call_ln0' <Predicate = true> <Delay = 0.00> <CoreType = "Generic">   --->   Core 0 '' <Latency = 0> <II = 1> <Delay = 1.00> <Generic> <Opcode : >
ST_2 : Operation 44 [1/1] (1.10ns)   --->   "%cmp6214 = icmp_eq  i16 %p_read_27, i16 0"   --->   Operation 44 'icmp' 'cmp6214' <Predicate = true> <Delay = 1.10> <CoreInst = "Cmp">   --->   Core 9 'Cmp' <Latency = 0> <II = 1> <Delay = 1.10> <FuncUnit> <Opcode : 'icmp'> <InPorts = 2> <OutPorts = 1>
ST_2 : Operation 45 [1/1] (0.00ns)   --->   "%br_ln531 = br void %COL_LOOP" [../../../../../overlays/Vitis_Libraries/vision//L1/include/imgproc/xf_autowhitebalance.hpp:531]   --->   Operation 45 'br' 'br_ln531' <Predicate = true> <Delay = 0.00>

State 3 <SV = 2> <Delay = 2.33>
ST_3 : Operation 46 [1/1] (0.00ns)   --->   "%row_1 = load i16 %row" [../../../../../overlays/Vitis_Libraries/vision//L1/include/imgproc/xf_autowhitebalance.hpp:531]   --->   Operation 46 'load' 'row_1' <Predicate = true> <Delay = 0.00>
ST_3 : Operation 47 [1/1] (1.10ns)   --->   "%icmp_ln531 = icmp_eq  i16 %row_1, i16 %p_read220" [../../../../../overlays/Vitis_Libraries/vision//L1/include/imgproc/xf_autowhitebalance.hpp:531]   --->   Operation 47 'icmp' 'icmp_ln531' <Predicate = true> <Delay = 1.10> <CoreInst = "Cmp">   --->   Core 9 'Cmp' <Latency = 0> <II = 1> <Delay = 1.10> <FuncUnit> <Opcode : 'icmp'> <InPorts = 2> <OutPorts = 1>
ST_3 : Operation 48 [1/1] (0.85ns)   --->   "%row_2 = add i16 %row_1, i16 1" [../../../../../overlays/Vitis_Libraries/vision//L1/include/imgproc/xf_autowhitebalance.hpp:531]   --->   Operation 48 'add' 'row_2' <Predicate = true> <Delay = 0.85> <CoreInst = "Adder">   --->   Core 1 'Adder' <Latency = 0> <II = 1> <Delay = 0.85> <FuncUnit> <Opcode : 'add' 'sub'> <InPorts = 2> <OutPorts = 1>
ST_3 : Operation 49 [1/1] (0.00ns)   --->   "%br_ln531 = br i1 %icmp_ln531, void %COL_LOOP.split, void %for.inc181.loopexit" [../../../../../overlays/Vitis_Libraries/vision//L1/include/imgproc/xf_autowhitebalance.hpp:531]   --->   Operation 49 'br' 'br_ln531' <Predicate = true> <Delay = 0.00>
ST_3 : Operation 50 [1/1] (0.00ns)   --->   "%speclooptripcount_ln534 = speclooptripcount void @_ssdm_op_SpecLoopTripCount, i64 1, i64 1080, i64 540" [../../../../../overlays/Vitis_Libraries/vision//L1/include/imgproc/xf_autowhitebalance.hpp:534]   --->   Operation 50 'speclooptripcount' 'speclooptripcount_ln534' <Predicate = (!icmp_ln531)> <Delay = 0.00>
ST_3 : Operation 51 [1/1] (0.00ns)   --->   "%specloopname_ln531 = specloopname void @_ssdm_op_SpecLoopName, void @empty_5" [../../../../../overlays/Vitis_Libraries/vision//L1/include/imgproc/xf_autowhitebalance.hpp:531]   --->   Operation 51 'specloopname' 'specloopname_ln531' <Predicate = (!icmp_ln531)> <Delay = 0.00>
ST_3 : Operation 52 [1/1] (0.00ns)   --->   "%br_ln537 = br i1 %cmp6214, void %for.body64.lr.ph, void %for.inc154" [../../../../../overlays/Vitis_Libraries/vision//L1/include/imgproc/xf_autowhitebalance.hpp:537]   --->   Operation 52 'br' 'br_ln537' <Predicate = (!icmp_ln531)> <Delay = 0.00>
ST_3 : Operation 53 [1/1] (0.85ns)   --->   "%add_ln537 = add i17 %p_read1_cast, i17 1" [../../../../../overlays/Vitis_Libraries/vision//L1/include/imgproc/xf_autowhitebalance.hpp:537]   --->   Operation 53 'add' 'add_ln537' <Predicate = (!icmp_ln531 & !cmp6214)> <Delay = 0.85> <CoreInst = "Adder">   --->   Core 1 'Adder' <Latency = 0> <II = 1> <Delay = 0.86> <FuncUnit> <Opcode : 'add' 'sub'> <InPorts = 2> <OutPorts = 1>
ST_3 : Operation 54 [1/1] (0.00ns)   --->   "%tmp_56 = partselect i16 @_ssdm_op_PartSelect.i16.i17.i32.i32, i17 %add_ln537, i32 1, i32 16" [../../../../../overlays/Vitis_Libraries/vision//L1/include/imgproc/xf_autowhitebalance.hpp:537]   --->   Operation 54 'partselect' 'tmp_56' <Predicate = (!icmp_ln531 & !cmp6214)> <Delay = 0.00>
ST_3 : Operation 55 [1/1] (0.00ns)   --->   "%empty = wait i32 @_ssdm_op_Wait"   --->   Operation 55 'wait' 'empty' <Predicate = (!icmp_ln531 & !cmp6214)> <Delay = 0.00>
ST_3 : Operation 56 [1/1] (0.00ns)   --->   "%tmp = load i32 %void_AWBhistogramkernel_Mat_Mat_unsigned_int_1024_float_float_float_float_5" [../../../../../overlays/Vitis_Libraries/vision//L1/include/imgproc/xf_autowhitebalance.hpp:595]   --->   Operation 56 'load' 'tmp' <Predicate = (icmp_ln531)> <Delay = 0.00>
ST_3 : Operation 57 [1/1] (0.00ns)   --->   "%tmp1 = load i32 %void_AWBhistogramkernel_Mat_Mat_unsigned_int_1024_float_float_float_float_2" [../../../../../overlays/Vitis_Libraries/vision//L1/include/imgproc/xf_autowhitebalance.hpp:596]   --->   Operation 57 'load' 'tmp1' <Predicate = (icmp_ln531)> <Delay = 0.00>
ST_3 : Operation 58 [1/1] (0.00ns)   --->   "%void_AWBhistogramkernel_Mat_Mat_unsigned_int_1024_float_float_float_float_48 = load i32 %void_AWBhistogramkernel_Mat_Mat_unsigned_int_1024_float_float_float_float_11" [../../../../../overlays/Vitis_Libraries/vision//L1/include/imgproc/xf_autowhitebalance.hpp:597]   --->   Operation 58 'load' 'void_AWBhistogramkernel_Mat_Mat_unsigned_int_1024_float_float_float_float_48' <Predicate = (icmp_ln531)> <Delay = 0.00>
ST_3 : Operation 59 [1/1] (0.00ns)   --->   "%zext_ln597 = zext i32 %tmp" [../../../../../overlays/Vitis_Libraries/vision//L1/include/imgproc/xf_autowhitebalance.hpp:597]   --->   Operation 59 'zext' 'zext_ln597' <Predicate = (icmp_ln531)> <Delay = 0.00>
ST_3 : Operation 60 [1/1] (0.00ns)   --->   "%tmp_hist_V_addr_1 = getelementptr i32 %tmp_hist_V, i64 0, i64 %zext_ln597" [../../../../../overlays/Vitis_Libraries/vision//L1/include/imgproc/xf_autowhitebalance.hpp:597]   --->   Operation 60 'getelementptr' 'tmp_hist_V_addr_1' <Predicate = (icmp_ln531)> <Delay = 0.00>
ST_3 : Operation 61 [1/1] (1.23ns)   --->   "%store_ln597 = store i32 %void_AWBhistogramkernel_Mat_Mat_unsigned_int_1024_float_float_float_float_48, i10 %tmp_hist_V_addr_1" [../../../../../overlays/Vitis_Libraries/vision//L1/include/imgproc/xf_autowhitebalance.hpp:597]   --->   Operation 61 'store' 'store_ln597' <Predicate = (icmp_ln531)> <Delay = 1.23> <CoreInst = "RAM_T2P_BRAM">   --->   Core 99 'RAM_T2P_BRAM' <Latency = 1> <II = 1> <Delay = 1.23> <Storage> <Opcode : 'load' 'store'> <Ports = 2> <Width = 32> <Depth = 1024> <RAM>
ST_3 : Operation 62 [1/1] (0.00ns)   --->   "%void_AWBhistogramkernel_Mat_Mat_unsigned_int_1024_float_float_float_float_49 = load i32 %void_AWBhistogramkernel_Mat_Mat_unsigned_int_1024_float_float_float_float_8" [../../../../../overlays/Vitis_Libraries/vision//L1/include/imgproc/xf_autowhitebalance.hpp:598]   --->   Operation 62 'load' 'void_AWBhistogramkernel_Mat_Mat_unsigned_int_1024_float_float_float_float_49' <Predicate = (icmp_ln531)> <Delay = 0.00>
ST_3 : Operation 63 [1/1] (0.00ns)   --->   "%zext_ln598 = zext i32 %tmp1" [../../../../../overlays/Vitis_Libraries/vision//L1/include/imgproc/xf_autowhitebalance.hpp:598]   --->   Operation 63 'zext' 'zext_ln598' <Predicate = (icmp_ln531)> <Delay = 0.00>
ST_3 : Operation 64 [1/1] (0.00ns)   --->   "%tmp_hist1_V_addr_1 = getelementptr i32 %tmp_hist1_V, i64 0, i64 %zext_ln598" [../../../../../overlays/Vitis_Libraries/vision//L1/include/imgproc/xf_autowhitebalance.hpp:598]   --->   Operation 64 'getelementptr' 'tmp_hist1_V_addr_1' <Predicate = (icmp_ln531)> <Delay = 0.00>
ST_3 : Operation 65 [1/1] (1.23ns)   --->   "%store_ln598 = store i32 %void_AWBhistogramkernel_Mat_Mat_unsigned_int_1024_float_float_float_float_49, i10 %tmp_hist1_V_addr_1" [../../../../../overlays/Vitis_Libraries/vision//L1/include/imgproc/xf_autowhitebalance.hpp:598]   --->   Operation 65 'store' 'store_ln598' <Predicate = (icmp_ln531)> <Delay = 1.23> <CoreInst = "RAM_T2P_BRAM">   --->   Core 99 'RAM_T2P_BRAM' <Latency = 1> <II = 1> <Delay = 1.23> <Storage> <Opcode : 'load' 'store'> <Ports = 2> <Width = 32> <Depth = 1024> <RAM>
ST_3 : Operation 66 [1/1] (0.00ns)   --->   "%tmp_54 = load i32 %void_AWBhistogramkernel_Mat_Mat_unsigned_int_1024_float_float_float_float_4" [../../../../../overlays/Vitis_Libraries/vision//L1/include/imgproc/xf_autowhitebalance.hpp:595]   --->   Operation 66 'load' 'tmp_54' <Predicate = (icmp_ln531)> <Delay = 0.00>
ST_3 : Operation 67 [1/1] (0.00ns)   --->   "%tmp1_6 = load i32 %void_AWBhistogramkernel_Mat_Mat_unsigned_int_1024_float_float_float_float_1" [../../../../../overlays/Vitis_Libraries/vision//L1/include/imgproc/xf_autowhitebalance.hpp:596]   --->   Operation 67 'load' 'tmp1_6' <Predicate = (icmp_ln531)> <Delay = 0.00>
ST_3 : Operation 68 [1/1] (0.00ns)   --->   "%void_AWBhistogramkernel_Mat_Mat_unsigned_int_1024_float_float_float_float_50 = load i32 %void_AWBhistogramkernel_Mat_Mat_unsigned_int_1024_float_float_float_float_10" [../../../../../overlays/Vitis_Libraries/vision//L1/include/imgproc/xf_autowhitebalance.hpp:597]   --->   Operation 68 'load' 'void_AWBhistogramkernel_Mat_Mat_unsigned_int_1024_float_float_float_float_50' <Predicate = (icmp_ln531)> <Delay = 0.00>
ST_3 : Operation 69 [1/1] (0.00ns)   --->   "%zext_ln597_1 = zext i32 %tmp_54" [../../../../../overlays/Vitis_Libraries/vision//L1/include/imgproc/xf_autowhitebalance.hpp:597]   --->   Operation 69 'zext' 'zext_ln597_1' <Predicate = (icmp_ln531)> <Delay = 0.00>
ST_3 : Operation 70 [1/1] (0.00ns)   --->   "%tmp_hist_V_1_addr_1 = getelementptr i32 %tmp_hist_V_1, i64 0, i64 %zext_ln597_1" [../../../../../overlays/Vitis_Libraries/vision//L1/include/imgproc/xf_autowhitebalance.hpp:597]   --->   Operation 70 'getelementptr' 'tmp_hist_V_1_addr_1' <Predicate = (icmp_ln531)> <Delay = 0.00>
ST_3 : Operation 71 [1/1] (1.23ns)   --->   "%store_ln597 = store i32 %void_AWBhistogramkernel_Mat_Mat_unsigned_int_1024_float_float_float_float_50, i10 %tmp_hist_V_1_addr_1" [../../../../../overlays/Vitis_Libraries/vision//L1/include/imgproc/xf_autowhitebalance.hpp:597]   --->   Operation 71 'store' 'store_ln597' <Predicate = (icmp_ln531)> <Delay = 1.23> <CoreInst = "RAM_T2P_BRAM">   --->   Core 99 'RAM_T2P_BRAM' <Latency = 1> <II = 1> <Delay = 1.23> <Storage> <Opcode : 'load' 'store'> <Ports = 2> <Width = 32> <Depth = 1024> <RAM>
ST_3 : Operation 72 [1/1] (0.00ns)   --->   "%void_AWBhistogramkernel_Mat_Mat_unsigned_int_1024_float_float_float_float_51 = load i32 %void_AWBhistogramkernel_Mat_Mat_unsigned_int_1024_float_float_float_float_7" [../../../../../overlays/Vitis_Libraries/vision//L1/include/imgproc/xf_autowhitebalance.hpp:598]   --->   Operation 72 'load' 'void_AWBhistogramkernel_Mat_Mat_unsigned_int_1024_float_float_float_float_51' <Predicate = (icmp_ln531)> <Delay = 0.00>
ST_3 : Operation 73 [1/1] (0.00ns)   --->   "%zext_ln598_1 = zext i32 %tmp1_6" [../../../../../overlays/Vitis_Libraries/vision//L1/include/imgproc/xf_autowhitebalance.hpp:598]   --->   Operation 73 'zext' 'zext_ln598_1' <Predicate = (icmp_ln531)> <Delay = 0.00>
ST_3 : Operation 74 [1/1] (0.00ns)   --->   "%tmp_hist1_V_1_addr_1 = getelementptr i32 %tmp_hist1_V_1, i64 0, i64 %zext_ln598_1" [../../../../../overlays/Vitis_Libraries/vision//L1/include/imgproc/xf_autowhitebalance.hpp:598]   --->   Operation 74 'getelementptr' 'tmp_hist1_V_1_addr_1' <Predicate = (icmp_ln531)> <Delay = 0.00>
ST_3 : Operation 75 [1/1] (1.23ns)   --->   "%store_ln598 = store i32 %void_AWBhistogramkernel_Mat_Mat_unsigned_int_1024_float_float_float_float_51, i10 %tmp_hist1_V_1_addr_1" [../../../../../overlays/Vitis_Libraries/vision//L1/include/imgproc/xf_autowhitebalance.hpp:598]   --->   Operation 75 'store' 'store_ln598' <Predicate = (icmp_ln531)> <Delay = 1.23> <CoreInst = "RAM_T2P_BRAM">   --->   Core 99 'RAM_T2P_BRAM' <Latency = 1> <II = 1> <Delay = 1.23> <Storage> <Opcode : 'load' 'store'> <Ports = 2> <Width = 32> <Depth = 1024> <RAM>
ST_3 : Operation 76 [1/1] (0.00ns)   --->   "%tmp_55 = load i32 %void_AWBhistogramkernel_Mat_Mat_unsigned_int_1024_float_float_float_float_3" [../../../../../overlays/Vitis_Libraries/vision//L1/include/imgproc/xf_autowhitebalance.hpp:595]   --->   Operation 76 'load' 'tmp_55' <Predicate = (icmp_ln531)> <Delay = 0.00>
ST_3 : Operation 77 [1/1] (0.00ns)   --->   "%tmp1_7 = load i32 %void_AWBhistogramkernel_Mat_Mat_unsigned_int_1024_float_float_float_float" [../../../../../overlays/Vitis_Libraries/vision//L1/include/imgproc/xf_autowhitebalance.hpp:596]   --->   Operation 77 'load' 'tmp1_7' <Predicate = (icmp_ln531)> <Delay = 0.00>
ST_3 : Operation 78 [1/1] (0.00ns)   --->   "%void_AWBhistogramkernel_Mat_Mat_unsigned_int_1024_float_float_float_float_52 = load i32 %void_AWBhistogramkernel_Mat_Mat_unsigned_int_1024_float_float_float_float_9" [../../../../../overlays/Vitis_Libraries/vision//L1/include/imgproc/xf_autowhitebalance.hpp:597]   --->   Operation 78 'load' 'void_AWBhistogramkernel_Mat_Mat_unsigned_int_1024_float_float_float_float_52' <Predicate = (icmp_ln531)> <Delay = 0.00>
ST_3 : Operation 79 [1/1] (0.00ns)   --->   "%zext_ln597_2 = zext i32 %tmp_55" [../../../../../overlays/Vitis_Libraries/vision//L1/include/imgproc/xf_autowhitebalance.hpp:597]   --->   Operation 79 'zext' 'zext_ln597_2' <Predicate = (icmp_ln531)> <Delay = 0.00>
ST_3 : Operation 80 [1/1] (0.00ns)   --->   "%tmp_hist_V_2_addr_1 = getelementptr i32 %tmp_hist_V_2, i64 0, i64 %zext_ln597_2" [../../../../../overlays/Vitis_Libraries/vision//L1/include/imgproc/xf_autowhitebalance.hpp:597]   --->   Operation 80 'getelementptr' 'tmp_hist_V_2_addr_1' <Predicate = (icmp_ln531)> <Delay = 0.00>
ST_3 : Operation 81 [1/1] (1.23ns)   --->   "%store_ln597 = store i32 %void_AWBhistogramkernel_Mat_Mat_unsigned_int_1024_float_float_float_float_52, i10 %tmp_hist_V_2_addr_1" [../../../../../overlays/Vitis_Libraries/vision//L1/include/imgproc/xf_autowhitebalance.hpp:597]   --->   Operation 81 'store' 'store_ln597' <Predicate = (icmp_ln531)> <Delay = 1.23> <CoreInst = "RAM_T2P_BRAM">   --->   Core 99 'RAM_T2P_BRAM' <Latency = 1> <II = 1> <Delay = 1.23> <Storage> <Opcode : 'load' 'store'> <Ports = 2> <Width = 32> <Depth = 1024> <RAM>
ST_3 : Operation 82 [1/1] (0.00ns)   --->   "%void_AWBhistogramkernel_Mat_Mat_unsigned_int_1024_float_float_float_float_53 = load i32 %void_AWBhistogramkernel_Mat_Mat_unsigned_int_1024_float_float_float_float_6" [../../../../../overlays/Vitis_Libraries/vision//L1/include/imgproc/xf_autowhitebalance.hpp:598]   --->   Operation 82 'load' 'void_AWBhistogramkernel_Mat_Mat_unsigned_int_1024_float_float_float_float_53' <Predicate = (icmp_ln531)> <Delay = 0.00>
ST_3 : Operation 83 [1/1] (0.00ns)   --->   "%zext_ln598_2 = zext i32 %tmp1_7" [../../../../../overlays/Vitis_Libraries/vision//L1/include/imgproc/xf_autowhitebalance.hpp:598]   --->   Operation 83 'zext' 'zext_ln598_2' <Predicate = (icmp_ln531)> <Delay = 0.00>
ST_3 : Operation 84 [1/1] (0.00ns)   --->   "%tmp_hist1_V_2_addr_1 = getelementptr i32 %tmp_hist1_V_2, i64 0, i64 %zext_ln598_2" [../../../../../overlays/Vitis_Libraries/vision//L1/include/imgproc/xf_autowhitebalance.hpp:598]   --->   Operation 84 'getelementptr' 'tmp_hist1_V_2_addr_1' <Predicate = (icmp_ln531)> <Delay = 0.00>
ST_3 : Operation 85 [1/1] (1.23ns)   --->   "%store_ln598 = store i32 %void_AWBhistogramkernel_Mat_Mat_unsigned_int_1024_float_float_float_float_53, i10 %tmp_hist1_V_2_addr_1" [../../../../../overlays/Vitis_Libraries/vision//L1/include/imgproc/xf_autowhitebalance.hpp:598]   --->   Operation 85 'store' 'store_ln598' <Predicate = (icmp_ln531)> <Delay = 1.23> <CoreInst = "RAM_T2P_BRAM">   --->   Core 99 'RAM_T2P_BRAM' <Latency = 1> <II = 1> <Delay = 1.23> <Storage> <Opcode : 'load' 'store'> <Ports = 2> <Width = 32> <Depth = 1024> <RAM>

State 4 <SV = 3> <Delay = 1.41>
ST_4 : Operation 86 [1/1] (0.00ns)   --->   "%void_AWBhistogramkernel_Mat_Mat_unsigned_int_1024_float_float_float_float_36 = load i32 %void_AWBhistogramkernel_Mat_Mat_unsigned_int_1024_float_float_float_float_5" [../../../../../overlays/Vitis_Libraries/vision//L1/include/imgproc/xf_autowhitebalance.hpp:582]   --->   Operation 86 'load' 'void_AWBhistogramkernel_Mat_Mat_unsigned_int_1024_float_float_float_float_36' <Predicate = true> <Delay = 0.00>
ST_4 : Operation 87 [1/1] (0.00ns)   --->   "%void_AWBhistogramkernel_Mat_Mat_unsigned_int_1024_float_float_float_float_37 = load i32 %void_AWBhistogramkernel_Mat_Mat_unsigned_int_1024_float_float_float_float_2" [../../../../../overlays/Vitis_Libraries/vision//L1/include/imgproc/xf_autowhitebalance.hpp:583]   --->   Operation 87 'load' 'void_AWBhistogramkernel_Mat_Mat_unsigned_int_1024_float_float_float_float_37' <Predicate = true> <Delay = 0.00>
ST_4 : Operation 88 [1/1] (0.00ns)   --->   "%void_AWBhistogramkernel_Mat_Mat_unsigned_int_1024_float_float_float_float_38 = load i32 %void_AWBhistogramkernel_Mat_Mat_unsigned_int_1024_float_float_float_float_11" [../../../../../overlays/Vitis_Libraries/vision//L1/include/imgproc/xf_autowhitebalance.hpp:584]   --->   Operation 88 'load' 'void_AWBhistogramkernel_Mat_Mat_unsigned_int_1024_float_float_float_float_38' <Predicate = true> <Delay = 0.00>
ST_4 : Operation 89 [1/1] (0.00ns)   --->   "%void_AWBhistogramkernel_Mat_Mat_unsigned_int_1024_float_float_float_float_39 = load i32 %void_AWBhistogramkernel_Mat_Mat_unsigned_int_1024_float_float_float_float_8" [../../../../../overlays/Vitis_Libraries/vision//L1/include/imgproc/xf_autowhitebalance.hpp:585]   --->   Operation 89 'load' 'void_AWBhistogramkernel_Mat_Mat_unsigned_int_1024_float_float_float_float_39' <Predicate = true> <Delay = 0.00>
ST_4 : Operation 90 [1/1] (0.00ns)   --->   "%void_AWBhistogramkernel_Mat_Mat_unsigned_int_1024_float_float_float_float_40 = load i32 %void_AWBhistogramkernel_Mat_Mat_unsigned_int_1024_float_float_float_float_4" [../../../../../overlays/Vitis_Libraries/vision//L1/include/imgproc/xf_autowhitebalance.hpp:582]   --->   Operation 90 'load' 'void_AWBhistogramkernel_Mat_Mat_unsigned_int_1024_float_float_float_float_40' <Predicate = true> <Delay = 0.00>
ST_4 : Operation 91 [1/1] (0.00ns)   --->   "%void_AWBhistogramkernel_Mat_Mat_unsigned_int_1024_float_float_float_float_41 = load i32 %void_AWBhistogramkernel_Mat_Mat_unsigned_int_1024_float_float_float_float_1" [../../../../../overlays/Vitis_Libraries/vision//L1/include/imgproc/xf_autowhitebalance.hpp:583]   --->   Operation 91 'load' 'void_AWBhistogramkernel_Mat_Mat_unsigned_int_1024_float_float_float_float_41' <Predicate = true> <Delay = 0.00>
ST_4 : Operation 92 [1/1] (0.00ns)   --->   "%void_AWBhistogramkernel_Mat_Mat_unsigned_int_1024_float_float_float_float_42 = load i32 %void_AWBhistogramkernel_Mat_Mat_unsigned_int_1024_float_float_float_float_10" [../../../../../overlays/Vitis_Libraries/vision//L1/include/imgproc/xf_autowhitebalance.hpp:584]   --->   Operation 92 'load' 'void_AWBhistogramkernel_Mat_Mat_unsigned_int_1024_float_float_float_float_42' <Predicate = true> <Delay = 0.00>
ST_4 : Operation 93 [1/1] (0.00ns)   --->   "%void_AWBhistogramkernel_Mat_Mat_unsigned_int_1024_float_float_float_float_43 = load i32 %void_AWBhistogramkernel_Mat_Mat_unsigned_int_1024_float_float_float_float_7" [../../../../../overlays/Vitis_Libraries/vision//L1/include/imgproc/xf_autowhitebalance.hpp:585]   --->   Operation 93 'load' 'void_AWBhistogramkernel_Mat_Mat_unsigned_int_1024_float_float_float_float_43' <Predicate = true> <Delay = 0.00>
ST_4 : Operation 94 [1/1] (0.00ns)   --->   "%void_AWBhistogramkernel_Mat_Mat_unsigned_int_1024_float_float_float_float_44 = load i32 %void_AWBhistogramkernel_Mat_Mat_unsigned_int_1024_float_float_float_float_3" [../../../../../overlays/Vitis_Libraries/vision//L1/include/imgproc/xf_autowhitebalance.hpp:582]   --->   Operation 94 'load' 'void_AWBhistogramkernel_Mat_Mat_unsigned_int_1024_float_float_float_float_44' <Predicate = true> <Delay = 0.00>
ST_4 : Operation 95 [1/1] (0.00ns)   --->   "%void_AWBhistogramkernel_Mat_Mat_unsigned_int_1024_float_float_float_float_45 = load i32 %void_AWBhistogramkernel_Mat_Mat_unsigned_int_1024_float_float_float_float" [../../../../../overlays/Vitis_Libraries/vision//L1/include/imgproc/xf_autowhitebalance.hpp:583]   --->   Operation 95 'load' 'void_AWBhistogramkernel_Mat_Mat_unsigned_int_1024_float_float_float_float_45' <Predicate = true> <Delay = 0.00>
ST_4 : Operation 96 [1/1] (0.00ns)   --->   "%void_AWBhistogramkernel_Mat_Mat_unsigned_int_1024_float_float_float_float_46 = load i32 %void_AWBhistogramkernel_Mat_Mat_unsigned_int_1024_float_float_float_float_9" [../../../../../overlays/Vitis_Libraries/vision//L1/include/imgproc/xf_autowhitebalance.hpp:584]   --->   Operation 96 'load' 'void_AWBhistogramkernel_Mat_Mat_unsigned_int_1024_float_float_float_float_46' <Predicate = true> <Delay = 0.00>
ST_4 : Operation 97 [1/1] (0.00ns)   --->   "%void_AWBhistogramkernel_Mat_Mat_unsigned_int_1024_float_float_float_float_47 = load i32 %void_AWBhistogramkernel_Mat_Mat_unsigned_int_1024_float_float_float_float_6" [../../../../../overlays/Vitis_Libraries/vision//L1/include/imgproc/xf_autowhitebalance.hpp:585]   --->   Operation 97 'load' 'void_AWBhistogramkernel_Mat_Mat_unsigned_int_1024_float_float_float_float_47' <Predicate = true> <Delay = 0.00>
ST_4 : Operation 98 [1/1] (0.00ns)   --->   "%tmp_57 = bitconcatenate i17 @_ssdm_op_BitConcatenate.i17.i16.i1, i16 %tmp_56, i1 0" [../../../../../overlays/Vitis_Libraries/vision//L1/include/imgproc/xf_autowhitebalance.hpp:537]   --->   Operation 98 'bitconcatenate' 'tmp_57' <Predicate = true> <Delay = 0.00>
ST_4 : Operation 99 [2/2] (1.41ns)   --->   "%call_ln585 = call void @AWBhistogramkernel<17, 17, 1080, 1920, 1, 3, 3, 21, 1, 1024>_Pipeline_COL_LOOP, i32 %void_AWBhistogramkernel_Mat_Mat_unsigned_int_1024_float_float_float_float_47, i32 %void_AWBhistogramkernel_Mat_Mat_unsigned_int_1024_float_float_float_float_46, i32 %void_AWBhistogramkernel_Mat_Mat_unsigned_int_1024_float_float_float_float_45, i32 %void_AWBhistogramkernel_Mat_Mat_unsigned_int_1024_float_float_float_float_44, i32 %void_AWBhistogramkernel_Mat_Mat_unsigned_int_1024_float_float_float_float_43, i32 %void_AWBhistogramkernel_Mat_Mat_unsigned_int_1024_float_float_float_float_42, i32 %void_AWBhistogramkernel_Mat_Mat_unsigned_int_1024_float_float_float_float_41, i32 %void_AWBhistogramkernel_Mat_Mat_unsigned_int_1024_float_float_float_float_40, i32 %void_AWBhistogramkernel_Mat_Mat_unsigned_int_1024_float_float_float_float_39, i32 %void_AWBhistogramkernel_Mat_Mat_unsigned_int_1024_float_float_float_float_38, i32 %void_AWBhistogramkernel_Mat_Mat_unsigned_int_1024_float_float_float_float_37, i32 %void_AWBhistogramkernel_Mat_Mat_unsigned_int_1024_float_float_float_float_36, i17 %tmp_57, i30 %demosaic_out_data216, i30 %impop_data1, i32 %tmp_hist_V, i32 %tmp_hist1_V, i32 %tmp_hist_V_1, i32 %tmp_hist1_V_1, i32 %tmp_hist_V_2, i32 %tmp_hist1_V_2, i32 %tmp_acc1_4_loc, i32 %tmp_acc_4_loc, i32 %tmp1_5_loc, i32 %tmp_5_loc, i32 %tmp_acc1_2_loc, i32 %tmp_acc_2_loc, i32 %tmp1_4_loc, i32 %tmp_4_loc, i32 %tmp_acc1_loc, i32 %tmp_acc_loc, i32 %tmp1_3_loc, i32 %tmp_3_loc" [../../../../../overlays/Vitis_Libraries/vision//L1/include/imgproc/xf_autowhitebalance.hpp:585]   --->   Operation 99 'call' 'call_ln585' <Predicate = true> <Delay = 1.41> <CoreType = "Generic">   --->   Core 0 '' <Latency = 0> <II = 1> <Delay = 1.00> <Generic> <Opcode : >

State 5 <SV = 4> <Delay = 0.00>
ST_5 : Operation 100 [1/2] (0.00ns)   --->   "%call_ln585 = call void @AWBhistogramkernel<17, 17, 1080, 1920, 1, 3, 3, 21, 1, 1024>_Pipeline_COL_LOOP, i32 %void_AWBhistogramkernel_Mat_Mat_unsigned_int_1024_float_float_float_float_47, i32 %void_AWBhistogramkernel_Mat_Mat_unsigned_int_1024_float_float_float_float_46, i32 %void_AWBhistogramkernel_Mat_Mat_unsigned_int_1024_float_float_float_float_45, i32 %void_AWBhistogramkernel_Mat_Mat_unsigned_int_1024_float_float_float_float_44, i32 %void_AWBhistogramkernel_Mat_Mat_unsigned_int_1024_float_float_float_float_43, i32 %void_AWBhistogramkernel_Mat_Mat_unsigned_int_1024_float_float_float_float_42, i32 %void_AWBhistogramkernel_Mat_Mat_unsigned_int_1024_float_float_float_float_41, i32 %void_AWBhistogramkernel_Mat_Mat_unsigned_int_1024_float_float_float_float_40, i32 %void_AWBhistogramkernel_Mat_Mat_unsigned_int_1024_float_float_float_float_39, i32 %void_AWBhistogramkernel_Mat_Mat_unsigned_int_1024_float_float_float_float_38, i32 %void_AWBhistogramkernel_Mat_Mat_unsigned_int_1024_float_float_float_float_37, i32 %void_AWBhistogramkernel_Mat_Mat_unsigned_int_1024_float_float_float_float_36, i17 %tmp_57, i30 %demosaic_out_data216, i30 %impop_data1, i32 %tmp_hist_V, i32 %tmp_hist1_V, i32 %tmp_hist_V_1, i32 %tmp_hist1_V_1, i32 %tmp_hist_V_2, i32 %tmp_hist1_V_2, i32 %tmp_acc1_4_loc, i32 %tmp_acc_4_loc, i32 %tmp1_5_loc, i32 %tmp_5_loc, i32 %tmp_acc1_2_loc, i32 %tmp_acc_2_loc, i32 %tmp1_4_loc, i32 %tmp_4_loc, i32 %tmp_acc1_loc, i32 %tmp_acc_loc, i32 %tmp1_3_loc, i32 %tmp_3_loc" [../../../../../overlays/Vitis_Libraries/vision//L1/include/imgproc/xf_autowhitebalance.hpp:585]   --->   Operation 100 'call' 'call_ln585' <Predicate = true> <Delay = 0.00> <CoreType = "Generic">   --->   Core 0 '' <Latency = 0> <II = 1> <Delay = 1.00> <Generic> <Opcode : >

State 6 <SV = 5> <Delay = 0.42>
ST_6 : Operation 101 [1/1] (0.00ns)   --->   "%tmp_acc1_4_loc_load = load i32 %tmp_acc1_4_loc"   --->   Operation 101 'load' 'tmp_acc1_4_loc_load' <Predicate = (!cmp6214)> <Delay = 0.00>
ST_6 : Operation 102 [1/1] (0.00ns)   --->   "%tmp_acc_4_loc_load = load i32 %tmp_acc_4_loc"   --->   Operation 102 'load' 'tmp_acc_4_loc_load' <Predicate = (!cmp6214)> <Delay = 0.00>
ST_6 : Operation 103 [1/1] (0.00ns)   --->   "%tmp1_5_loc_load = load i32 %tmp1_5_loc"   --->   Operation 103 'load' 'tmp1_5_loc_load' <Predicate = (!cmp6214)> <Delay = 0.00>
ST_6 : Operation 104 [1/1] (0.00ns)   --->   "%tmp_5_loc_load = load i32 %tmp_5_loc"   --->   Operation 104 'load' 'tmp_5_loc_load' <Predicate = (!cmp6214)> <Delay = 0.00>
ST_6 : Operation 105 [1/1] (0.00ns)   --->   "%tmp_acc1_2_loc_load = load i32 %tmp_acc1_2_loc"   --->   Operation 105 'load' 'tmp_acc1_2_loc_load' <Predicate = (!cmp6214)> <Delay = 0.00>
ST_6 : Operation 106 [1/1] (0.00ns)   --->   "%tmp_acc_2_loc_load = load i32 %tmp_acc_2_loc"   --->   Operation 106 'load' 'tmp_acc_2_loc_load' <Predicate = (!cmp6214)> <Delay = 0.00>
ST_6 : Operation 107 [1/1] (0.00ns)   --->   "%tmp1_4_loc_load = load i32 %tmp1_4_loc"   --->   Operation 107 'load' 'tmp1_4_loc_load' <Predicate = (!cmp6214)> <Delay = 0.00>
ST_6 : Operation 108 [1/1] (0.00ns)   --->   "%tmp_4_loc_load = load i32 %tmp_4_loc"   --->   Operation 108 'load' 'tmp_4_loc_load' <Predicate = (!cmp6214)> <Delay = 0.00>
ST_6 : Operation 109 [1/1] (0.00ns)   --->   "%tmp_acc1_loc_load = load i32 %tmp_acc1_loc"   --->   Operation 109 'load' 'tmp_acc1_loc_load' <Predicate = (!cmp6214)> <Delay = 0.00>
ST_6 : Operation 110 [1/1] (0.00ns)   --->   "%tmp_acc_loc_load = load i32 %tmp_acc_loc"   --->   Operation 110 'load' 'tmp_acc_loc_load' <Predicate = (!cmp6214)> <Delay = 0.00>
ST_6 : Operation 111 [1/1] (0.00ns)   --->   "%tmp1_3_loc_load = load i32 %tmp1_3_loc"   --->   Operation 111 'load' 'tmp1_3_loc_load' <Predicate = (!cmp6214)> <Delay = 0.00>
ST_6 : Operation 112 [1/1] (0.00ns)   --->   "%tmp_3_loc_load = load i32 %tmp_3_loc"   --->   Operation 112 'load' 'tmp_3_loc_load' <Predicate = (!cmp6214)> <Delay = 0.00>
ST_6 : Operation 113 [1/1] (0.00ns)   --->   "%store_ln582 = store i32 %tmp_3_loc_load, i32 %void_AWBhistogramkernel_Mat_Mat_unsigned_int_1024_float_float_float_float_5" [../../../../../overlays/Vitis_Libraries/vision//L1/include/imgproc/xf_autowhitebalance.hpp:582]   --->   Operation 113 'store' 'store_ln582' <Predicate = (!cmp6214)> <Delay = 0.00>
ST_6 : Operation 114 [1/1] (0.00ns)   --->   "%store_ln583 = store i32 %tmp1_3_loc_load, i32 %void_AWBhistogramkernel_Mat_Mat_unsigned_int_1024_float_float_float_float_2" [../../../../../overlays/Vitis_Libraries/vision//L1/include/imgproc/xf_autowhitebalance.hpp:583]   --->   Operation 114 'store' 'store_ln583' <Predicate = (!cmp6214)> <Delay = 0.00>
ST_6 : Operation 115 [1/1] (0.00ns)   --->   "%store_ln584 = store i32 %tmp_acc_loc_load, i32 %void_AWBhistogramkernel_Mat_Mat_unsigned_int_1024_float_float_float_float_11" [../../../../../overlays/Vitis_Libraries/vision//L1/include/imgproc/xf_autowhitebalance.hpp:584]   --->   Operation 115 'store' 'store_ln584' <Predicate = (!cmp6214)> <Delay = 0.00>
ST_6 : Operation 116 [1/1] (0.00ns)   --->   "%store_ln585 = store i32 %tmp_acc1_loc_load, i32 %void_AWBhistogramkernel_Mat_Mat_unsigned_int_1024_float_float_float_float_8" [../../../../../overlays/Vitis_Libraries/vision//L1/include/imgproc/xf_autowhitebalance.hpp:585]   --->   Operation 116 'store' 'store_ln585' <Predicate = (!cmp6214)> <Delay = 0.00>
ST_6 : Operation 117 [1/1] (0.00ns)   --->   "%store_ln582 = store i32 %tmp_4_loc_load, i32 %void_AWBhistogramkernel_Mat_Mat_unsigned_int_1024_float_float_float_float_4" [../../../../../overlays/Vitis_Libraries/vision//L1/include/imgproc/xf_autowhitebalance.hpp:582]   --->   Operation 117 'store' 'store_ln582' <Predicate = (!cmp6214)> <Delay = 0.00>
ST_6 : Operation 118 [1/1] (0.00ns)   --->   "%store_ln583 = store i32 %tmp1_4_loc_load, i32 %void_AWBhistogramkernel_Mat_Mat_unsigned_int_1024_float_float_float_float_1" [../../../../../overlays/Vitis_Libraries/vision//L1/include/imgproc/xf_autowhitebalance.hpp:583]   --->   Operation 118 'store' 'store_ln583' <Predicate = (!cmp6214)> <Delay = 0.00>
ST_6 : Operation 119 [1/1] (0.00ns)   --->   "%store_ln584 = store i32 %tmp_acc_2_loc_load, i32 %void_AWBhistogramkernel_Mat_Mat_unsigned_int_1024_float_float_float_float_10" [../../../../../overlays/Vitis_Libraries/vision//L1/include/imgproc/xf_autowhitebalance.hpp:584]   --->   Operation 119 'store' 'store_ln584' <Predicate = (!cmp6214)> <Delay = 0.00>
ST_6 : Operation 120 [1/1] (0.00ns)   --->   "%store_ln585 = store i32 %tmp_acc1_2_loc_load, i32 %void_AWBhistogramkernel_Mat_Mat_unsigned_int_1024_float_float_float_float_7" [../../../../../overlays/Vitis_Libraries/vision//L1/include/imgproc/xf_autowhitebalance.hpp:585]   --->   Operation 120 'store' 'store_ln585' <Predicate = (!cmp6214)> <Delay = 0.00>
ST_6 : Operation 121 [1/1] (0.00ns)   --->   "%store_ln582 = store i32 %tmp_5_loc_load, i32 %void_AWBhistogramkernel_Mat_Mat_unsigned_int_1024_float_float_float_float_3" [../../../../../overlays/Vitis_Libraries/vision//L1/include/imgproc/xf_autowhitebalance.hpp:582]   --->   Operation 121 'store' 'store_ln582' <Predicate = (!cmp6214)> <Delay = 0.00>
ST_6 : Operation 122 [1/1] (0.00ns)   --->   "%store_ln583 = store i32 %tmp1_5_loc_load, i32 %void_AWBhistogramkernel_Mat_Mat_unsigned_int_1024_float_float_float_float" [../../../../../overlays/Vitis_Libraries/vision//L1/include/imgproc/xf_autowhitebalance.hpp:583]   --->   Operation 122 'store' 'store_ln583' <Predicate = (!cmp6214)> <Delay = 0.00>
ST_6 : Operation 123 [1/1] (0.00ns)   --->   "%store_ln584 = store i32 %tmp_acc_4_loc_load, i32 %void_AWBhistogramkernel_Mat_Mat_unsigned_int_1024_float_float_float_float_9" [../../../../../overlays/Vitis_Libraries/vision//L1/include/imgproc/xf_autowhitebalance.hpp:584]   --->   Operation 123 'store' 'store_ln584' <Predicate = (!cmp6214)> <Delay = 0.00>
ST_6 : Operation 124 [1/1] (0.00ns)   --->   "%store_ln585 = store i32 %tmp_acc1_4_loc_load, i32 %void_AWBhistogramkernel_Mat_Mat_unsigned_int_1024_float_float_float_float_6" [../../../../../overlays/Vitis_Libraries/vision//L1/include/imgproc/xf_autowhitebalance.hpp:585]   --->   Operation 124 'store' 'store_ln585' <Predicate = (!cmp6214)> <Delay = 0.00>
ST_6 : Operation 125 [1/1] (0.00ns)   --->   "%br_ln531 = br void %for.inc154" [../../../../../overlays/Vitis_Libraries/vision//L1/include/imgproc/xf_autowhitebalance.hpp:531]   --->   Operation 125 'br' 'br_ln531' <Predicate = (!cmp6214)> <Delay = 0.00>
ST_6 : Operation 126 [1/1] (0.42ns)   --->   "%store_ln531 = store i16 %row_2, i16 %row" [../../../../../overlays/Vitis_Libraries/vision//L1/include/imgproc/xf_autowhitebalance.hpp:531]   --->   Operation 126 'store' 'store_ln531' <Predicate = true> <Delay = 0.42>
ST_6 : Operation 127 [1/1] (0.00ns)   --->   "%br_ln531 = br void %COL_LOOP" [../../../../../overlays/Vitis_Libraries/vision//L1/include/imgproc/xf_autowhitebalance.hpp:531]   --->   Operation 127 'br' 'br_ln531' <Predicate = true> <Delay = 0.00>

State 7 <SV = 3> <Delay = 0.00>
ST_7 : Operation 128 [2/2] (0.00ns)   --->   "%call_ln0 = call void @AWBhistogramkernel_Pipeline_MERGE_HIST_LOOP, i32 %hist_2, i32 %hist_1, i32 %hist_0, i32 %tmp_hist_V, i32 %tmp_hist1_V, i32 %tmp_hist_V_1, i32 %tmp_hist1_V_1, i32 %tmp_hist_V_2, i32 %tmp_hist1_V_2"   --->   Operation 128 'call' 'call_ln0' <Predicate = true> <Delay = 0.00> <CoreType = "Generic">   --->   Core 0 '' <Latency = 0> <II = 1> <Delay = 1.00> <Generic> <Opcode : >

State 8 <SV = 4> <Delay = 0.00>
ST_8 : Operation 129 [1/2] (0.00ns)   --->   "%call_ln0 = call void @AWBhistogramkernel_Pipeline_MERGE_HIST_LOOP, i32 %hist_2, i32 %hist_1, i32 %hist_0, i32 %tmp_hist_V, i32 %tmp_hist1_V, i32 %tmp_hist_V_1, i32 %tmp_hist1_V_1, i32 %tmp_hist_V_2, i32 %tmp_hist1_V_2"   --->   Operation 129 'call' 'call_ln0' <Predicate = true> <Delay = 0.00> <CoreType = "Generic">   --->   Core 0 '' <Latency = 0> <II = 1> <Delay = 1.00> <Generic> <Opcode : >
ST_8 : Operation 130 [1/1] (0.00ns)   --->   "%ret_ln629 = ret" [../../../../../overlays/Vitis_Libraries/vision//L1/include/imgproc/xf_autowhitebalance.hpp:629]   --->   Operation 130 'ret' 'ret_ln629' <Predicate = true> <Delay = 0.00>


============================================================
+ Verbose Summary: Binding
============================================================
STG Binding: 
---------------- STG Properties BEGIN ----------------
- Is combinational: 0
- Is one-state seq: 0
- Is datapath-only: 0
- Is pipelined: 0
- Is top level: 0
Port [ Return ] is wired: 1; IO mode=ap_ctrl_hs:ce=0
Port [ p_read]:  wired=1; compound=0; hidden=0; nouse=0; global=0; static=0; extern=0; dir=0; type=0; pingpong=0; private_global=0; IO mode=ap_none:ce=0
Port [ p_read1]:  wired=1; compound=0; hidden=0; nouse=0; global=0; static=0; extern=0; dir=0; type=0; pingpong=0; private_global=0; IO mode=ap_none:ce=0
Port [ demosaic_out_data216]:  wired=1; compound=1; hidden=0; nouse=0; global=0; static=0; extern=0; dir=0; type=3; pingpong=0; private_global=0; IO mode=ap_fifo:ce=0
Port [ impop_data1]:  wired=1; compound=1; hidden=0; nouse=0; global=0; static=0; extern=0; dir=1; type=3; pingpong=0; private_global=0; IO mode=ap_fifo:ce=0
Port [ hist_0]:  wired=1; compound=1; hidden=0; nouse=0; global=0; static=0; extern=0; dir=1; type=1; pingpong=0; private_global=0; MemPort=[03]; IO mode=ap_memory:ce=0
Port [ hist_1]:  wired=1; compound=1; hidden=0; nouse=0; global=0; static=0; extern=0; dir=1; type=1; pingpong=0; private_global=0; MemPort=[03]; IO mode=ap_memory:ce=0
Port [ hist_2]:  wired=1; compound=1; hidden=0; nouse=0; global=0; static=0; extern=0; dir=1; type=1; pingpong=0; private_global=0; MemPort=[03]; IO mode=ap_memory:ce=0
Port [ void_AWBhistogramkernel_Mat_Mat_unsigned_int_1024_float_float_float_float_5]:  wired=0; compound=0; hidden=1; nouse=0; global=1; static=1; extern=0; dir=2; type=0; pingpong=0; private_global=1; IO mode=ap_ovld:ce=0
Port [ void_AWBhistogramkernel_Mat_Mat_unsigned_int_1024_float_float_float_float_2]:  wired=0; compound=0; hidden=1; nouse=0; global=1; static=1; extern=0; dir=2; type=0; pingpong=0; private_global=1; IO mode=ap_ovld:ce=0
Port [ void_AWBhistogramkernel_Mat_Mat_unsigned_int_1024_float_float_float_float_11]:  wired=0; compound=0; hidden=1; nouse=0; global=1; static=1; extern=0; dir=2; type=0; pingpong=0; private_global=1; IO mode=ap_ovld:ce=0
Port [ void_AWBhistogramkernel_Mat_Mat_unsigned_int_1024_float_float_float_float_8]:  wired=0; compound=0; hidden=1; nouse=0; global=1; static=1; extern=0; dir=2; type=0; pingpong=0; private_global=1; IO mode=ap_ovld:ce=0
Port [ void_AWBhistogramkernel_Mat_Mat_unsigned_int_1024_float_float_float_float_4]:  wired=0; compound=0; hidden=1; nouse=0; global=1; static=1; extern=0; dir=2; type=0; pingpong=0; private_global=1; IO mode=ap_ovld:ce=0
Port [ void_AWBhistogramkernel_Mat_Mat_unsigned_int_1024_float_float_float_float_1]:  wired=0; compound=0; hidden=1; nouse=0; global=1; static=1; extern=0; dir=2; type=0; pingpong=0; private_global=1; IO mode=ap_ovld:ce=0
Port [ void_AWBhistogramkernel_Mat_Mat_unsigned_int_1024_float_float_float_float_10]:  wired=0; compound=0; hidden=1; nouse=0; global=1; static=1; extern=0; dir=2; type=0; pingpong=0; private_global=1; IO mode=ap_ovld:ce=0
Port [ void_AWBhistogramkernel_Mat_Mat_unsigned_int_1024_float_float_float_float_7]:  wired=0; compound=0; hidden=1; nouse=0; global=1; static=1; extern=0; dir=2; type=0; pingpong=0; private_global=1; IO mode=ap_ovld:ce=0
Port [ void_AWBhistogramkernel_Mat_Mat_unsigned_int_1024_float_float_float_float_3]:  wired=0; compound=0; hidden=1; nouse=0; global=1; static=1; extern=0; dir=2; type=0; pingpong=0; private_global=1; IO mode=ap_ovld:ce=0
Port [ void_AWBhistogramkernel_Mat_Mat_unsigned_int_1024_float_float_float_float]:  wired=0; compound=0; hidden=1; nouse=0; global=1; static=1; extern=0; dir=2; type=0; pingpong=0; private_global=1; IO mode=ap_ovld:ce=0
Port [ void_AWBhistogramkernel_Mat_Mat_unsigned_int_1024_float_float_float_float_9]:  wired=0; compound=0; hidden=1; nouse=0; global=1; static=1; extern=0; dir=2; type=0; pingpong=0; private_global=1; IO mode=ap_ovld:ce=0
Port [ void_AWBhistogramkernel_Mat_Mat_unsigned_int_1024_float_float_float_float_6]:  wired=0; compound=0; hidden=1; nouse=0; global=1; static=1; extern=0; dir=2; type=0; pingpong=0; private_global=1; IO mode=ap_ovld:ce=0
---------------- STG Properties END ------------------

---------------- Datapath Model BEGIN ----------------

<LifeTime>
<method=bitvector/>
row                                                                          (alloca           ) [ 011111100]
tmp_3_loc                                                                    (alloca           ) [ 001111100]
tmp1_3_loc                                                                   (alloca           ) [ 001111100]
tmp_acc_loc                                                                  (alloca           ) [ 001111100]
tmp_acc1_loc                                                                 (alloca           ) [ 001111100]
tmp_4_loc                                                                    (alloca           ) [ 001111100]
tmp1_4_loc                                                                   (alloca           ) [ 001111100]
tmp_acc_2_loc                                                                (alloca           ) [ 001111100]
tmp_acc1_2_loc                                                               (alloca           ) [ 001111100]
tmp_5_loc                                                                    (alloca           ) [ 001111100]
tmp1_5_loc                                                                   (alloca           ) [ 001111100]
tmp_acc_4_loc                                                                (alloca           ) [ 001111100]
tmp_acc1_4_loc                                                               (alloca           ) [ 001111100]
tmp_hist_V                                                                   (alloca           ) [ 001111111]
tmp_hist_V_1                                                                 (alloca           ) [ 001111111]
tmp_hist_V_2                                                                 (alloca           ) [ 001111111]
tmp_hist1_V                                                                  (alloca           ) [ 001111111]
tmp_hist1_V_1                                                                (alloca           ) [ 001111111]
tmp_hist1_V_2                                                                (alloca           ) [ 001111111]
store_ln531                                                                  (store            ) [ 000000000]
p_read_27                                                                    (read             ) [ 000000000]
p_read220                                                                    (read             ) [ 000111100]
p_read1_cast                                                                 (zext             ) [ 000111100]
specinterface_ln0                                                            (specinterface    ) [ 000000000]
specinterface_ln0                                                            (specinterface    ) [ 000000000]
call_ln0                                                                     (call             ) [ 000000000]
specmemcore_ln485                                                            (specmemcore      ) [ 000000000]
specmemcore_ln485                                                            (specmemcore      ) [ 000000000]
specmemcore_ln485                                                            (specmemcore      ) [ 000000000]
specmemcore_ln486                                                            (specmemcore      ) [ 000000000]
specmemcore_ln486                                                            (specmemcore      ) [ 000000000]
specmemcore_ln486                                                            (specmemcore      ) [ 000000000]
call_ln0                                                                     (call             ) [ 000000000]
cmp6214                                                                      (icmp             ) [ 000111100]
br_ln531                                                                     (br               ) [ 000000000]
row_1                                                                        (load             ) [ 000000000]
icmp_ln531                                                                   (icmp             ) [ 000111100]
row_2                                                                        (add              ) [ 000011100]
br_ln531                                                                     (br               ) [ 000000000]
speclooptripcount_ln534                                                      (speclooptripcount) [ 000000000]
specloopname_ln531                                                           (specloopname     ) [ 000000000]
br_ln537                                                                     (br               ) [ 000000000]
add_ln537                                                                    (add              ) [ 000000000]
tmp_56                                                                       (partselect       ) [ 000010000]
empty                                                                        (wait             ) [ 000000000]
tmp                                                                          (load             ) [ 000000000]
tmp1                                                                         (load             ) [ 000000000]
void_AWBhistogramkernel_Mat_Mat_unsigned_int_1024_float_float_float_float_48 (load             ) [ 000000000]
zext_ln597                                                                   (zext             ) [ 000000000]
tmp_hist_V_addr_1                                                            (getelementptr    ) [ 000000000]
store_ln597                                                                  (store            ) [ 000000000]
void_AWBhistogramkernel_Mat_Mat_unsigned_int_1024_float_float_float_float_49 (load             ) [ 000000000]
zext_ln598                                                                   (zext             ) [ 000000000]
tmp_hist1_V_addr_1                                                           (getelementptr    ) [ 000000000]
store_ln598                                                                  (store            ) [ 000000000]
tmp_54                                                                       (load             ) [ 000000000]
tmp1_6                                                                       (load             ) [ 000000000]
void_AWBhistogramkernel_Mat_Mat_unsigned_int_1024_float_float_float_float_50 (load             ) [ 000000000]
zext_ln597_1                                                                 (zext             ) [ 000000000]
tmp_hist_V_1_addr_1                                                          (getelementptr    ) [ 000000000]
store_ln597                                                                  (store            ) [ 000000000]
void_AWBhistogramkernel_Mat_Mat_unsigned_int_1024_float_float_float_float_51 (load             ) [ 000000000]
zext_ln598_1                                                                 (zext             ) [ 000000000]
tmp_hist1_V_1_addr_1                                                         (getelementptr    ) [ 000000000]
store_ln598                                                                  (store            ) [ 000000000]
tmp_55                                                                       (load             ) [ 000000000]
tmp1_7                                                                       (load             ) [ 000000000]
void_AWBhistogramkernel_Mat_Mat_unsigned_int_1024_float_float_float_float_52 (load             ) [ 000000000]
zext_ln597_2                                                                 (zext             ) [ 000000000]
tmp_hist_V_2_addr_1                                                          (getelementptr    ) [ 000000000]
store_ln597                                                                  (store            ) [ 000000000]
void_AWBhistogramkernel_Mat_Mat_unsigned_int_1024_float_float_float_float_53 (load             ) [ 000000000]
zext_ln598_2                                                                 (zext             ) [ 000000000]
tmp_hist1_V_2_addr_1                                                         (getelementptr    ) [ 000000000]
store_ln598                                                                  (store            ) [ 000000000]
void_AWBhistogramkernel_Mat_Mat_unsigned_int_1024_float_float_float_float_36 (load             ) [ 000001000]
void_AWBhistogramkernel_Mat_Mat_unsigned_int_1024_float_float_float_float_37 (load             ) [ 000001000]
void_AWBhistogramkernel_Mat_Mat_unsigned_int_1024_float_float_float_float_38 (load             ) [ 000001000]
void_AWBhistogramkernel_Mat_Mat_unsigned_int_1024_float_float_float_float_39 (load             ) [ 000001000]
void_AWBhistogramkernel_Mat_Mat_unsigned_int_1024_float_float_float_float_40 (load             ) [ 000001000]
void_AWBhistogramkernel_Mat_Mat_unsigned_int_1024_float_float_float_float_41 (load             ) [ 000001000]
void_AWBhistogramkernel_Mat_Mat_unsigned_int_1024_float_float_float_float_42 (load             ) [ 000001000]
void_AWBhistogramkernel_Mat_Mat_unsigned_int_1024_float_float_float_float_43 (load             ) [ 000001000]
void_AWBhistogramkernel_Mat_Mat_unsigned_int_1024_float_float_float_float_44 (load             ) [ 000001000]
void_AWBhistogramkernel_Mat_Mat_unsigned_int_1024_float_float_float_float_45 (load             ) [ 000001000]
void_AWBhistogramkernel_Mat_Mat_unsigned_int_1024_float_float_float_float_46 (load             ) [ 000001000]
void_AWBhistogramkernel_Mat_Mat_unsigned_int_1024_float_float_float_float_47 (load             ) [ 000001000]
tmp_57                                                                       (bitconcatenate   ) [ 000001000]
call_ln585                                                                   (call             ) [ 000000000]
tmp_acc1_4_loc_load                                                          (load             ) [ 000000000]
tmp_acc_4_loc_load                                                           (load             ) [ 000000000]
tmp1_5_loc_load                                                              (load             ) [ 000000000]
tmp_5_loc_load                                                               (load             ) [ 000000000]
tmp_acc1_2_loc_load                                                          (load             ) [ 000000000]
tmp_acc_2_loc_load                                                           (load             ) [ 000000000]
tmp1_4_loc_load                                                              (load             ) [ 000000000]
tmp_4_loc_load                                                               (load             ) [ 000000000]
tmp_acc1_loc_load                                                            (load             ) [ 000000000]
tmp_acc_loc_load                                                             (load             ) [ 000000000]
tmp1_3_loc_load                                                              (load             ) [ 000000000]
tmp_3_loc_load                                                               (load             ) [ 000000000]
store_ln582                                                                  (store            ) [ 000000000]
store_ln583                                                                  (store            ) [ 000000000]
store_ln584                                                                  (store            ) [ 000000000]
store_ln585                                                                  (store            ) [ 000000000]
store_ln582                                                                  (store            ) [ 000000000]
store_ln583                                                                  (store            ) [ 000000000]
store_ln584                                                                  (store            ) [ 000000000]
store_ln585                                                                  (store            ) [ 000000000]
store_ln582                                                                  (store            ) [ 000000000]
store_ln583                                                                  (store            ) [ 000000000]
store_ln584                                                                  (store            ) [ 000000000]
store_ln585                                                                  (store            ) [ 000000000]
br_ln531                                                                     (br               ) [ 000000000]
store_ln531                                                                  (store            ) [ 000000000]
br_ln531                                                                     (br               ) [ 000000000]
call_ln0                                                                     (call             ) [ 000000000]
ret_ln629                                                                    (ret              ) [ 000000000]
</LifeTime>

<model>

<comp_list>
<comp id="0" class="1000" name="p_read">
<pin_list>
<pin id="1" dir="1" index="0" bw="1" slack="0"/>
</pin_list>
<bind>
<StgValue><ssdm name="p_read"/></StgValue>
</bind>
</comp>

<comp id="2" class="1000" name="p_read1">
<pin_list>
<pin id="3" dir="1" index="0" bw="1" slack="0"/>
</pin_list>
<bind>
<StgValue><ssdm name="p_read1"/></StgValue>
</bind>
</comp>

<comp id="4" class="1000" name="demosaic_out_data216">
<pin_list>
<pin id="5" dir="1" index="0" bw="1" slack="0"/>
</pin_list>
<bind>
<StgValue><ssdm name="demosaic_out_data216"/></StgValue>
</bind>
</comp>

<comp id="6" class="1000" name="impop_data1">
<pin_list>
<pin id="7" dir="1" index="0" bw="1" slack="0"/>
</pin_list>
<bind>
<StgValue><ssdm name="impop_data1"/></StgValue>
</bind>
</comp>

<comp id="8" class="1000" name="hist_0">
<pin_list>
<pin id="9" dir="1" index="0" bw="1" slack="0"/>
</pin_list>
<bind>
<StgValue><ssdm name="hist_0"/><MemPortTyVec>0 3 </MemPortTyVec>
</StgValue>
</bind>
</comp>

<comp id="10" class="1000" name="hist_1">
<pin_list>
<pin id="11" dir="1" index="0" bw="1" slack="0"/>
</pin_list>
<bind>
<StgValue><ssdm name="hist_1"/><MemPortTyVec>0 3 </MemPortTyVec>
</StgValue>
</bind>
</comp>

<comp id="12" class="1000" name="hist_2">
<pin_list>
<pin id="13" dir="1" index="0" bw="1" slack="0"/>
</pin_list>
<bind>
<StgValue><ssdm name="hist_2"/><MemPortTyVec>0 3 </MemPortTyVec>
</StgValue>
</bind>
</comp>

<comp id="14" class="1000" name="void_AWBhistogramkernel_Mat_Mat_unsigned_int_1024_float_float_float_float_5">
<pin_list>
<pin id="15" dir="1" index="0" bw="1" slack="0"/>
</pin_list>
<bind>
<StgValue><ssdm name="void_AWBhistogramkernel_Mat_Mat_unsigned_int_1024_float_float_float_float_5"/></StgValue>
</bind>
</comp>

<comp id="16" class="1000" name="void_AWBhistogramkernel_Mat_Mat_unsigned_int_1024_float_float_float_float_2">
<pin_list>
<pin id="17" dir="1" index="0" bw="1" slack="0"/>
</pin_list>
<bind>
<StgValue><ssdm name="void_AWBhistogramkernel_Mat_Mat_unsigned_int_1024_float_float_float_float_2"/></StgValue>
</bind>
</comp>

<comp id="18" class="1000" name="void_AWBhistogramkernel_Mat_Mat_unsigned_int_1024_float_float_float_float_11">
<pin_list>
<pin id="19" dir="1" index="0" bw="1" slack="0"/>
</pin_list>
<bind>
<StgValue><ssdm name="void_AWBhistogramkernel_Mat_Mat_unsigned_int_1024_float_float_float_float_11"/></StgValue>
</bind>
</comp>

<comp id="20" class="1000" name="void_AWBhistogramkernel_Mat_Mat_unsigned_int_1024_float_float_float_float_8">
<pin_list>
<pin id="21" dir="1" index="0" bw="1" slack="0"/>
</pin_list>
<bind>
<StgValue><ssdm name="void_AWBhistogramkernel_Mat_Mat_unsigned_int_1024_float_float_float_float_8"/></StgValue>
</bind>
</comp>

<comp id="22" class="1000" name="void_AWBhistogramkernel_Mat_Mat_unsigned_int_1024_float_float_float_float_4">
<pin_list>
<pin id="23" dir="1" index="0" bw="1" slack="0"/>
</pin_list>
<bind>
<StgValue><ssdm name="void_AWBhistogramkernel_Mat_Mat_unsigned_int_1024_float_float_float_float_4"/></StgValue>
</bind>
</comp>

<comp id="24" class="1000" name="void_AWBhistogramkernel_Mat_Mat_unsigned_int_1024_float_float_float_float_1">
<pin_list>
<pin id="25" dir="1" index="0" bw="1" slack="0"/>
</pin_list>
<bind>
<StgValue><ssdm name="void_AWBhistogramkernel_Mat_Mat_unsigned_int_1024_float_float_float_float_1"/></StgValue>
</bind>
</comp>

<comp id="26" class="1000" name="void_AWBhistogramkernel_Mat_Mat_unsigned_int_1024_float_float_float_float_10">
<pin_list>
<pin id="27" dir="1" index="0" bw="1" slack="0"/>
</pin_list>
<bind>
<StgValue><ssdm name="void_AWBhistogramkernel_Mat_Mat_unsigned_int_1024_float_float_float_float_10"/></StgValue>
</bind>
</comp>

<comp id="28" class="1000" name="void_AWBhistogramkernel_Mat_Mat_unsigned_int_1024_float_float_float_float_7">
<pin_list>
<pin id="29" dir="1" index="0" bw="1" slack="0"/>
</pin_list>
<bind>
<StgValue><ssdm name="void_AWBhistogramkernel_Mat_Mat_unsigned_int_1024_float_float_float_float_7"/></StgValue>
</bind>
</comp>

<comp id="30" class="1000" name="void_AWBhistogramkernel_Mat_Mat_unsigned_int_1024_float_float_float_float_3">
<pin_list>
<pin id="31" dir="1" index="0" bw="1" slack="0"/>
</pin_list>
<bind>
<StgValue><ssdm name="void_AWBhistogramkernel_Mat_Mat_unsigned_int_1024_float_float_float_float_3"/></StgValue>
</bind>
</comp>

<comp id="32" class="1000" name="void_AWBhistogramkernel_Mat_Mat_unsigned_int_1024_float_float_float_float">
<pin_list>
<pin id="33" dir="1" index="0" bw="1" slack="0"/>
</pin_list>
<bind>
<StgValue><ssdm name="void_AWBhistogramkernel_Mat_Mat_unsigned_int_1024_float_float_float_float"/></StgValue>
</bind>
</comp>

<comp id="34" class="1000" name="void_AWBhistogramkernel_Mat_Mat_unsigned_int_1024_float_float_float_float_9">
<pin_list>
<pin id="35" dir="1" index="0" bw="1" slack="0"/>
</pin_list>
<bind>
<StgValue><ssdm name="void_AWBhistogramkernel_Mat_Mat_unsigned_int_1024_float_float_float_float_9"/></StgValue>
</bind>
</comp>

<comp id="36" class="1000" name="void_AWBhistogramkernel_Mat_Mat_unsigned_int_1024_float_float_float_float_6">
<pin_list>
<pin id="37" dir="1" index="0" bw="1" slack="0"/>
</pin_list>
<bind>
<StgValue><ssdm name="void_AWBhistogramkernel_Mat_Mat_unsigned_int_1024_float_float_float_float_6"/></StgValue>
</bind>
</comp>

<comp id="38" class="1001" name="const_38">
<pin_list>
<pin id="39" dir="1" index="0" bw="1" slack="0"/>
</pin_list>
<bind>
<StgValue><ssdm name=""/></StgValue>
</bind>
</comp>

<comp id="40" class="1001" name="const_40">
<pin_list>
<pin id="41" dir="1" index="0" bw="1" slack="0"/>
</pin_list>
<bind>
<StgValue><ssdm name=""/></StgValue>
</bind>
</comp>

<comp id="42" class="1001" name="const_42">
<pin_list>
<pin id="43" dir="1" index="0" bw="1" slack="0"/>
</pin_list>
<bind>
<StgValue><ssdm name="AWBhistogramkernel_Pipeline_INITIALIZE_HIST"/></StgValue>
</bind>
</comp>

<comp id="44" class="1001" name="const_44">
<pin_list>
<pin id="45" dir="1" index="0" bw="1" slack="0"/>
</pin_list>
<bind>
<StgValue><ssdm name="AWBhistogramkernel_Pipeline_HIST_INITIALIZE_LOOP"/></StgValue>
</bind>
</comp>

<comp id="46" class="1001" name="const_46">
<pin_list>
<pin id="47" dir="1" index="0" bw="1" slack="0"/>
</pin_list>
<bind>
<StgValue><ssdm name=""/></StgValue>
</bind>
</comp>

<comp id="48" class="1001" name="const_48">
<pin_list>
<pin id="49" dir="1" index="0" bw="1" slack="0"/>
</pin_list>
<bind>
<StgValue><ssdm name="_ssdm_op_Read.ap_auto.i16"/></StgValue>
</bind>
</comp>

<comp id="50" class="1001" name="const_50">
<pin_list>
<pin id="51" dir="1" index="0" bw="1" slack="2147483647"/>
</pin_list>
<bind>
<StgValue><ssdm name="_ssdm_op_SpecInterface"/></StgValue>
</bind>
</comp>

<comp id="52" class="1001" name="const_52">
<pin_list>
<pin id="53" dir="1" index="0" bw="1" slack="2147483647"/>
</pin_list>
<bind>
<StgValue><ssdm name="empty_26"/></StgValue>
</bind>
</comp>

<comp id="54" class="1001" name="const_54">
<pin_list>
<pin id="55" dir="1" index="0" bw="1" slack="2147483647"/>
</pin_list>
<bind>
<StgValue><ssdm name=""/></StgValue>
</bind>
</comp>

<comp id="56" class="1001" name="const_56">
<pin_list>
<pin id="57" dir="1" index="0" bw="1" slack="2147483647"/>
</pin_list>
<bind>
<StgValue><ssdm name="empty_32"/></StgValue>
</bind>
</comp>

<comp id="58" class="1001" name="const_58">
<pin_list>
<pin id="59" dir="1" index="0" bw="1" slack="2147483647"/>
</pin_list>
<bind>
<StgValue><ssdm name=""/></StgValue>
</bind>
</comp>

<comp id="60" class="1001" name="const_60">
<pin_list>
<pin id="61" dir="1" index="0" bw="1" slack="2147483647"/>
</pin_list>
<bind>
<StgValue><ssdm name="_ssdm_op_SpecMemCore"/></StgValue>
</bind>
</comp>

<comp id="62" class="1001" name="const_62">
<pin_list>
<pin id="63" dir="1" index="0" bw="1" slack="2147483647"/>
</pin_list>
<bind>
<StgValue><ssdm name=""/></StgValue>
</bind>
</comp>

<comp id="64" class="1001" name="const_64">
<pin_list>
<pin id="65" dir="1" index="0" bw="1" slack="2147483647"/>
</pin_list>
<bind>
<StgValue><ssdm name=""/></StgValue>
</bind>
</comp>

<comp id="66" class="1001" name="const_66">
<pin_list>
<pin id="67" dir="1" index="0" bw="1" slack="2147483647"/>
</pin_list>
<bind>
<StgValue><ssdm name=""/></StgValue>
</bind>
</comp>

<comp id="68" class="1001" name="const_68">
<pin_list>
<pin id="69" dir="1" index="0" bw="1" slack="0"/>
</pin_list>
<bind>
<StgValue><ssdm name=""/></StgValue>
</bind>
</comp>

<comp id="70" class="1001" name="const_70">
<pin_list>
<pin id="71" dir="1" index="0" bw="1" slack="2147483647"/>
</pin_list>
<bind>
<StgValue><ssdm name="_ssdm_op_SpecLoopTripCount"/></StgValue>
</bind>
</comp>

<comp id="72" class="1001" name="const_72">
<pin_list>
<pin id="73" dir="1" index="0" bw="1" slack="2147483647"/>
</pin_list>
<bind>
<StgValue><ssdm name=""/></StgValue>
</bind>
</comp>

<comp id="74" class="1001" name="const_74">
<pin_list>
<pin id="75" dir="1" index="0" bw="1" slack="2147483647"/>
</pin_list>
<bind>
<StgValue><ssdm name=""/></StgValue>
</bind>
</comp>

<comp id="76" class="1001" name="const_76">
<pin_list>
<pin id="77" dir="1" index="0" bw="1" slack="2147483647"/>
</pin_list>
<bind>
<StgValue><ssdm name="_ssdm_op_SpecLoopName"/></StgValue>
</bind>
</comp>

<comp id="78" class="1001" name="const_78">
<pin_list>
<pin id="79" dir="1" index="0" bw="1" slack="2147483647"/>
</pin_list>
<bind>
<StgValue><ssdm name="empty_5"/></StgValue>
</bind>
</comp>

<comp id="80" class="1001" name="const_80">
<pin_list>
<pin id="81" dir="1" index="0" bw="1" slack="0"/>
</pin_list>
<bind>
<StgValue><ssdm name=""/></StgValue>
</bind>
</comp>

<comp id="82" class="1001" name="const_82">
<pin_list>
<pin id="83" dir="1" index="0" bw="1" slack="0"/>
</pin_list>
<bind>
<StgValue><ssdm name="_ssdm_op_PartSelect.i16.i17.i32.i32"/></StgValue>
</bind>
</comp>

<comp id="84" class="1001" name="const_84">
<pin_list>
<pin id="85" dir="1" index="0" bw="1" slack="0"/>
</pin_list>
<bind>
<StgValue><ssdm name=""/></StgValue>
</bind>
</comp>

<comp id="86" class="1001" name="const_86">
<pin_list>
<pin id="87" dir="1" index="0" bw="1" slack="2147483647"/>
</pin_list>
<bind>
<StgValue><ssdm name="_ssdm_op_Wait"/></StgValue>
</bind>
</comp>

<comp id="88" class="1001" name="const_88">
<pin_list>
<pin id="89" dir="1" index="0" bw="1" slack="0"/>
</pin_list>
<bind>
<StgValue><ssdm name=""/></StgValue>
</bind>
</comp>

<comp id="90" class="1001" name="const_90">
<pin_list>
<pin id="91" dir="1" index="0" bw="1" slack="0"/>
</pin_list>
<bind>
<StgValue><ssdm name="_ssdm_op_BitConcatenate.i17.i16.i1"/></StgValue>
</bind>
</comp>

<comp id="92" class="1001" name="const_92">
<pin_list>
<pin id="93" dir="1" index="0" bw="1" slack="0"/>
</pin_list>
<bind>
<StgValue><ssdm name=""/></StgValue>
</bind>
</comp>

<comp id="94" class="1001" name="const_94">
<pin_list>
<pin id="95" dir="1" index="0" bw="1" slack="0"/>
</pin_list>
<bind>
<StgValue><ssdm name="AWBhistogramkernel<17, 17, 1080, 1920, 1, 3, 3, 21, 1, 1024>_Pipeline_COL_LOOP"/></StgValue>
</bind>
</comp>

<comp id="96" class="1001" name="const_96">
<pin_list>
<pin id="97" dir="1" index="0" bw="1" slack="0"/>
</pin_list>
<bind>
<StgValue><ssdm name="AWBhistogramkernel_Pipeline_MERGE_HIST_LOOP"/></StgValue>
</bind>
</comp>

<comp id="98" class="1004" name="row_fu_98">
<pin_list>
<pin id="99" dir="0" index="0" bw="1" slack="0"/>
<pin id="100" dir="1" index="1" bw="16" slack="0"/>
</pin_list>
<bind>
<opcode="alloca(26) " fcode="alloca"/>
<opset="row/1 "/>
</bind>
</comp>

<comp id="102" class="1004" name="tmp_3_loc_fu_102">
<pin_list>
<pin id="103" dir="0" index="0" bw="1" slack="0"/>
<pin id="104" dir="1" index="1" bw="32" slack="3"/>
</pin_list>
<bind>
<opcode="alloca(26) " fcode="alloca"/>
<opset="tmp_3_loc/1 "/>
</bind>
</comp>

<comp id="106" class="1004" name="tmp1_3_loc_fu_106">
<pin_list>
<pin id="107" dir="0" index="0" bw="1" slack="0"/>
<pin id="108" dir="1" index="1" bw="32" slack="3"/>
</pin_list>
<bind>
<opcode="alloca(26) " fcode="alloca"/>
<opset="tmp1_3_loc/1 "/>
</bind>
</comp>

<comp id="110" class="1004" name="tmp_acc_loc_fu_110">
<pin_list>
<pin id="111" dir="0" index="0" bw="1" slack="0"/>
<pin id="112" dir="1" index="1" bw="32" slack="3"/>
</pin_list>
<bind>
<opcode="alloca(26) " fcode="alloca"/>
<opset="tmp_acc_loc/1 "/>
</bind>
</comp>

<comp id="114" class="1004" name="tmp_acc1_loc_fu_114">
<pin_list>
<pin id="115" dir="0" index="0" bw="1" slack="0"/>
<pin id="116" dir="1" index="1" bw="32" slack="3"/>
</pin_list>
<bind>
<opcode="alloca(26) " fcode="alloca"/>
<opset="tmp_acc1_loc/1 "/>
</bind>
</comp>

<comp id="118" class="1004" name="tmp_4_loc_fu_118">
<pin_list>
<pin id="119" dir="0" index="0" bw="1" slack="0"/>
<pin id="120" dir="1" index="1" bw="32" slack="3"/>
</pin_list>
<bind>
<opcode="alloca(26) " fcode="alloca"/>
<opset="tmp_4_loc/1 "/>
</bind>
</comp>

<comp id="122" class="1004" name="tmp1_4_loc_fu_122">
<pin_list>
<pin id="123" dir="0" index="0" bw="1" slack="0"/>
<pin id="124" dir="1" index="1" bw="32" slack="3"/>
</pin_list>
<bind>
<opcode="alloca(26) " fcode="alloca"/>
<opset="tmp1_4_loc/1 "/>
</bind>
</comp>

<comp id="126" class="1004" name="tmp_acc_2_loc_fu_126">
<pin_list>
<pin id="127" dir="0" index="0" bw="1" slack="0"/>
<pin id="128" dir="1" index="1" bw="32" slack="3"/>
</pin_list>
<bind>
<opcode="alloca(26) " fcode="alloca"/>
<opset="tmp_acc_2_loc/1 "/>
</bind>
</comp>

<comp id="130" class="1004" name="tmp_acc1_2_loc_fu_130">
<pin_list>
<pin id="131" dir="0" index="0" bw="1" slack="0"/>
<pin id="132" dir="1" index="1" bw="32" slack="3"/>
</pin_list>
<bind>
<opcode="alloca(26) " fcode="alloca"/>
<opset="tmp_acc1_2_loc/1 "/>
</bind>
</comp>

<comp id="134" class="1004" name="tmp_5_loc_fu_134">
<pin_list>
<pin id="135" dir="0" index="0" bw="1" slack="0"/>
<pin id="136" dir="1" index="1" bw="32" slack="3"/>
</pin_list>
<bind>
<opcode="alloca(26) " fcode="alloca"/>
<opset="tmp_5_loc/1 "/>
</bind>
</comp>

<comp id="138" class="1004" name="tmp1_5_loc_fu_138">
<pin_list>
<pin id="139" dir="0" index="0" bw="1" slack="0"/>
<pin id="140" dir="1" index="1" bw="32" slack="3"/>
</pin_list>
<bind>
<opcode="alloca(26) " fcode="alloca"/>
<opset="tmp1_5_loc/1 "/>
</bind>
</comp>

<comp id="142" class="1004" name="tmp_acc_4_loc_fu_142">
<pin_list>
<pin id="143" dir="0" index="0" bw="1" slack="0"/>
<pin id="144" dir="1" index="1" bw="32" slack="3"/>
</pin_list>
<bind>
<opcode="alloca(26) " fcode="alloca"/>
<opset="tmp_acc_4_loc/1 "/>
</bind>
</comp>

<comp id="146" class="1004" name="tmp_acc1_4_loc_fu_146">
<pin_list>
<pin id="147" dir="0" index="0" bw="1" slack="0"/>
<pin id="148" dir="1" index="1" bw="32" slack="3"/>
</pin_list>
<bind>
<opcode="alloca(26) " fcode="alloca"/>
<opset="tmp_acc1_4_loc/1 "/>
</bind>
</comp>

<comp id="150" class="1004" name="tmp_hist_V_alloca_fu_150">
<pin_list>
<pin id="151" dir="0" index="0" bw="1" slack="0"/>
<pin id="152" dir="1" index="1" bw="32" slack="0"/>
</pin_list>
<bind>
<opcode="alloca(26) " fcode="alloca"/>
<opset="tmp_hist_V/1 "/>
</bind>
</comp>

<comp id="154" class="1004" name="tmp_hist_V_1_alloca_fu_154">
<pin_list>
<pin id="155" dir="0" index="0" bw="1" slack="0"/>
<pin id="156" dir="1" index="1" bw="32" slack="0"/>
</pin_list>
<bind>
<opcode="alloca(26) " fcode="alloca"/>
<opset="tmp_hist_V_1/1 "/>
</bind>
</comp>

<comp id="158" class="1004" name="tmp_hist_V_2_alloca_fu_158">
<pin_list>
<pin id="159" dir="0" index="0" bw="1" slack="0"/>
<pin id="160" dir="1" index="1" bw="32" slack="0"/>
</pin_list>
<bind>
<opcode="alloca(26) " fcode="alloca"/>
<opset="tmp_hist_V_2/1 "/>
</bind>
</comp>

<comp id="162" class="1004" name="tmp_hist1_V_alloca_fu_162">
<pin_list>
<pin id="163" dir="0" index="0" bw="1" slack="0"/>
<pin id="164" dir="1" index="1" bw="32" slack="0"/>
</pin_list>
<bind>
<opcode="alloca(26) " fcode="alloca"/>
<opset="tmp_hist1_V/1 "/>
</bind>
</comp>

<comp id="166" class="1004" name="tmp_hist1_V_1_alloca_fu_166">
<pin_list>
<pin id="167" dir="0" index="0" bw="1" slack="0"/>
<pin id="168" dir="1" index="1" bw="32" slack="0"/>
</pin_list>
<bind>
<opcode="alloca(26) " fcode="alloca"/>
<opset="tmp_hist1_V_1/1 "/>
</bind>
</comp>

<comp id="170" class="1004" name="tmp_hist1_V_2_alloca_fu_170">
<pin_list>
<pin id="171" dir="0" index="0" bw="1" slack="0"/>
<pin id="172" dir="1" index="1" bw="32" slack="0"/>
</pin_list>
<bind>
<opcode="alloca(26) " fcode="alloca"/>
<opset="tmp_hist1_V_2/1 "/>
</bind>
</comp>

<comp id="174" class="1004" name="p_read_27_read_fu_174">
<pin_list>
<pin id="175" dir="0" index="0" bw="16" slack="0"/>
<pin id="176" dir="0" index="1" bw="16" slack="0"/>
<pin id="177" dir="1" index="2" bw="16" slack="0"/>
</pin_list>
<bind>
<opcode="read(1150) " fcode="read"/>
<opset="p_read_27/2 "/>
</bind>
</comp>

<comp id="180" class="1004" name="p_read220_read_fu_180">
<pin_list>
<pin id="181" dir="0" index="0" bw="16" slack="0"/>
<pin id="182" dir="0" index="1" bw="16" slack="0"/>
<pin id="183" dir="1" index="2" bw="16" slack="1"/>
</pin_list>
<bind>
<opcode="read(1150) " fcode="read"/>
<opset="p_read220/2 "/>
</bind>
</comp>

<comp id="186" class="1004" name="tmp_hist_V_addr_1_gep_fu_186">
<pin_list>
<pin id="187" dir="0" index="0" bw="32" slack="2147483647"/>
<pin id="188" dir="0" index="1" bw="1" slack="0"/>
<pin id="189" dir="0" index="2" bw="32" slack="0"/>
<pin id="190" dir="1" index="3" bw="10" slack="0"/>
</pin_list>
<bind>
<opcode="getelementptr(29) " fcode="getelementptr"/>
<opset="tmp_hist_V_addr_1/3 "/>
</bind>
</comp>

<comp id="192" class="1004" name="store_ln597_access_fu_192">
<pin_list>
<pin id="193" dir="0" index="0" bw="10" slack="0"/>
<pin id="194" dir="0" index="1" bw="32" slack="0"/>
<pin id="195" dir="0" index="2" bw="0" slack="2147483647"/>
<pin id="196" dir="1" index="3" bw="32" slack="2147483647"/>
</pin_list>
<bind>
<opcode="store(28) " fcode="store"/>
<opset="store_ln597/3 "/>
</bind>
</comp>

<comp id="198" class="1004" name="tmp_hist1_V_addr_1_gep_fu_198">
<pin_list>
<pin id="199" dir="0" index="0" bw="32" slack="2147483647"/>
<pin id="200" dir="0" index="1" bw="1" slack="0"/>
<pin id="201" dir="0" index="2" bw="32" slack="0"/>
<pin id="202" dir="1" index="3" bw="10" slack="0"/>
</pin_list>
<bind>
<opcode="getelementptr(29) " fcode="getelementptr"/>
<opset="tmp_hist1_V_addr_1/3 "/>
</bind>
</comp>

<comp id="204" class="1004" name="store_ln598_access_fu_204">
<pin_list>
<pin id="205" dir="0" index="0" bw="10" slack="0"/>
<pin id="206" dir="0" index="1" bw="32" slack="0"/>
<pin id="207" dir="0" index="2" bw="0" slack="2147483647"/>
<pin id="208" dir="1" index="3" bw="32" slack="2147483647"/>
</pin_list>
<bind>
<opcode="store(28) " fcode="store"/>
<opset="store_ln598/3 "/>
</bind>
</comp>

<comp id="210" class="1004" name="tmp_hist_V_1_addr_1_gep_fu_210">
<pin_list>
<pin id="211" dir="0" index="0" bw="32" slack="2147483647"/>
<pin id="212" dir="0" index="1" bw="1" slack="0"/>
<pin id="213" dir="0" index="2" bw="32" slack="0"/>
<pin id="214" dir="1" index="3" bw="10" slack="0"/>
</pin_list>
<bind>
<opcode="getelementptr(29) " fcode="getelementptr"/>
<opset="tmp_hist_V_1_addr_1/3 "/>
</bind>
</comp>

<comp id="216" class="1004" name="store_ln597_access_fu_216">
<pin_list>
<pin id="217" dir="0" index="0" bw="10" slack="0"/>
<pin id="218" dir="0" index="1" bw="32" slack="0"/>
<pin id="219" dir="0" index="2" bw="0" slack="2147483647"/>
<pin id="220" dir="1" index="3" bw="32" slack="2147483647"/>
</pin_list>
<bind>
<opcode="store(28) " fcode="store"/>
<opset="store_ln597/3 "/>
</bind>
</comp>

<comp id="222" class="1004" name="tmp_hist1_V_1_addr_1_gep_fu_222">
<pin_list>
<pin id="223" dir="0" index="0" bw="32" slack="2147483647"/>
<pin id="224" dir="0" index="1" bw="1" slack="0"/>
<pin id="225" dir="0" index="2" bw="32" slack="0"/>
<pin id="226" dir="1" index="3" bw="10" slack="0"/>
</pin_list>
<bind>
<opcode="getelementptr(29) " fcode="getelementptr"/>
<opset="tmp_hist1_V_1_addr_1/3 "/>
</bind>
</comp>

<comp id="228" class="1004" name="store_ln598_access_fu_228">
<pin_list>
<pin id="229" dir="0" index="0" bw="10" slack="0"/>
<pin id="230" dir="0" index="1" bw="32" slack="0"/>
<pin id="231" dir="0" index="2" bw="0" slack="2147483647"/>
<pin id="232" dir="1" index="3" bw="32" slack="2147483647"/>
</pin_list>
<bind>
<opcode="store(28) " fcode="store"/>
<opset="store_ln598/3 "/>
</bind>
</comp>

<comp id="234" class="1004" name="tmp_hist_V_2_addr_1_gep_fu_234">
<pin_list>
<pin id="235" dir="0" index="0" bw="32" slack="2147483647"/>
<pin id="236" dir="0" index="1" bw="1" slack="0"/>
<pin id="237" dir="0" index="2" bw="32" slack="0"/>
<pin id="238" dir="1" index="3" bw="10" slack="0"/>
</pin_list>
<bind>
<opcode="getelementptr(29) " fcode="getelementptr"/>
<opset="tmp_hist_V_2_addr_1/3 "/>
</bind>
</comp>

<comp id="240" class="1004" name="store_ln597_access_fu_240">
<pin_list>
<pin id="241" dir="0" index="0" bw="10" slack="0"/>
<pin id="242" dir="0" index="1" bw="32" slack="0"/>
<pin id="243" dir="0" index="2" bw="0" slack="2147483647"/>
<pin id="244" dir="1" index="3" bw="32" slack="2147483647"/>
</pin_list>
<bind>
<opcode="store(28) " fcode="store"/>
<opset="store_ln597/3 "/>
</bind>
</comp>

<comp id="246" class="1004" name="tmp_hist1_V_2_addr_1_gep_fu_246">
<pin_list>
<pin id="247" dir="0" index="0" bw="32" slack="2147483647"/>
<pin id="248" dir="0" index="1" bw="1" slack="0"/>
<pin id="249" dir="0" index="2" bw="32" slack="0"/>
<pin id="250" dir="1" index="3" bw="10" slack="0"/>
</pin_list>
<bind>
<opcode="getelementptr(29) " fcode="getelementptr"/>
<opset="tmp_hist1_V_2_addr_1/3 "/>
</bind>
</comp>

<comp id="252" class="1004" name="store_ln598_access_fu_252">
<pin_list>
<pin id="253" dir="0" index="0" bw="10" slack="0"/>
<pin id="254" dir="0" index="1" bw="32" slack="0"/>
<pin id="255" dir="0" index="2" bw="0" slack="2147483647"/>
<pin id="256" dir="1" index="3" bw="32" slack="2147483647"/>
</pin_list>
<bind>
<opcode="store(28) " fcode="store"/>
<opset="store_ln598/3 "/>
</bind>
</comp>

<comp id="258" class="1004" name="grp_AWBhistogramkernel_Pipeline_INITIALIZE_HIST_fu_258">
<pin_list>
<pin id="259" dir="0" index="0" bw="0" slack="0"/>
<pin id="260" dir="0" index="1" bw="32" slack="0"/>
<pin id="261" dir="0" index="2" bw="32" slack="0"/>
<pin id="262" dir="0" index="3" bw="32" slack="0"/>
<pin id="263" dir="1" index="4" bw="0" slack="2147483647"/>
</pin_list>
<bind>
<opcode="call(48) " fcode="call"/>
<opset="call_ln0/1 "/>
</bind>
</comp>

<comp id="268" class="1004" name="grp_AWBhistogramkernel_Pipeline_HIST_INITIALIZE_LOOP_fu_268">
<pin_list>
<pin id="269" dir="0" index="0" bw="0" slack="0"/>
<pin id="270" dir="0" index="1" bw="32" slack="0"/>
<pin id="271" dir="0" index="2" bw="32" slack="0"/>
<pin id="272" dir="0" index="3" bw="32" slack="0"/>
<pin id="273" dir="0" index="4" bw="32" slack="0"/>
<pin id="274" dir="0" index="5" bw="32" slack="0"/>
<pin id="275" dir="0" index="6" bw="32" slack="0"/>
<pin id="276" dir="1" index="7" bw="0" slack="2147483647"/>
</pin_list>
<bind>
<opcode="call(48) " fcode="call"/>
<opset="call_ln0/1 "/>
</bind>
</comp>

<comp id="284" class="1004" name="grp_AWBhistogramkernel_17_17_1080_1920_1_3_3_21_1_1024_Pipeline_COL_LOOP_fu_284">
<pin_list>
<pin id="285" dir="0" index="0" bw="0" slack="0"/>
<pin id="286" dir="0" index="1" bw="32" slack="0"/>
<pin id="287" dir="0" index="2" bw="32" slack="0"/>
<pin id="288" dir="0" index="3" bw="32" slack="0"/>
<pin id="289" dir="0" index="4" bw="32" slack="0"/>
<pin id="290" dir="0" index="5" bw="32" slack="0"/>
<pin id="291" dir="0" index="6" bw="32" slack="0"/>
<pin id="292" dir="0" index="7" bw="32" slack="0"/>
<pin id="293" dir="0" index="8" bw="32" slack="0"/>
<pin id="294" dir="0" index="9" bw="32" slack="0"/>
<pin id="295" dir="0" index="10" bw="32" slack="0"/>
<pin id="296" dir="0" index="11" bw="32" slack="0"/>
<pin id="297" dir="0" index="12" bw="32" slack="0"/>
<pin id="298" dir="0" index="13" bw="17" slack="0"/>
<pin id="299" dir="0" index="14" bw="30" slack="0"/>
<pin id="300" dir="0" index="15" bw="30" slack="0"/>
<pin id="301" dir="0" index="16" bw="32" slack="2147483647"/>
<pin id="302" dir="0" index="17" bw="32" slack="2147483647"/>
<pin id="303" dir="0" index="18" bw="32" slack="2147483647"/>
<pin id="304" dir="0" index="19" bw="32" slack="2147483647"/>
<pin id="305" dir="0" index="20" bw="32" slack="2147483647"/>
<pin id="306" dir="0" index="21" bw="32" slack="2147483647"/>
<pin id="307" dir="0" index="22" bw="32" slack="3"/>
<pin id="308" dir="0" index="23" bw="32" slack="3"/>
<pin id="309" dir="0" index="24" bw="32" slack="3"/>
<pin id="310" dir="0" index="25" bw="32" slack="3"/>
<pin id="311" dir="0" index="26" bw="32" slack="3"/>
<pin id="312" dir="0" index="27" bw="32" slack="3"/>
<pin id="313" dir="0" index="28" bw="32" slack="3"/>
<pin id="314" dir="0" index="29" bw="32" slack="3"/>
<pin id="315" dir="0" index="30" bw="32" slack="3"/>
<pin id="316" dir="0" index="31" bw="32" slack="3"/>
<pin id="317" dir="0" index="32" bw="32" slack="3"/>
<pin id="318" dir="0" index="33" bw="32" slack="3"/>
<pin id="319" dir="1" index="34" bw="0" slack="2147483647"/>
</pin_list>
<bind>
<opcode="call(48) " fcode="call"/>
<opset="call_ln585/4 "/>
</bind>
</comp>

<comp id="323" class="1004" name="grp_AWBhistogramkernel_Pipeline_MERGE_HIST_LOOP_fu_323">
<pin_list>
<pin id="324" dir="0" index="0" bw="0" slack="0"/>
<pin id="325" dir="0" index="1" bw="32" slack="0"/>
<pin id="326" dir="0" index="2" bw="32" slack="0"/>
<pin id="327" dir="0" index="3" bw="32" slack="0"/>
<pin id="328" dir="0" index="4" bw="32" slack="2147483647"/>
<pin id="329" dir="0" index="5" bw="32" slack="2147483647"/>
<pin id="330" dir="0" index="6" bw="32" slack="2147483647"/>
<pin id="331" dir="0" index="7" bw="32" slack="2147483647"/>
<pin id="332" dir="0" index="8" bw="32" slack="2147483647"/>
<pin id="333" dir="0" index="9" bw="32" slack="2147483647"/>
<pin id="334" dir="1" index="10" bw="0" slack="2147483647"/>
</pin_list>
<bind>
<opcode="call(48) " fcode="call"/>
<opset="call_ln0/7 "/>
</bind>
</comp>

<comp id="339" class="1004" name="grp_load_fu_339">
<pin_list>
<pin id="340" dir="0" index="0" bw="32" slack="0"/>
<pin id="341" dir="1" index="1" bw="32" slack="0"/>
</pin_list>
<bind>
<opcode="load(27) " fcode="load"/>
<opset="tmp/3 void_AWBhistogramkernel_Mat_Mat_unsigned_int_1024_float_float_float_float_36/4 "/>
</bind>
</comp>

<comp id="344" class="1004" name="grp_load_fu_344">
<pin_list>
<pin id="345" dir="0" index="0" bw="32" slack="0"/>
<pin id="346" dir="1" index="1" bw="32" slack="0"/>
</pin_list>
<bind>
<opcode="load(27) " fcode="load"/>
<opset="tmp1/3 void_AWBhistogramkernel_Mat_Mat_unsigned_int_1024_float_float_float_float_37/4 "/>
</bind>
</comp>

<comp id="349" class="1004" name="grp_load_fu_349">
<pin_list>
<pin id="350" dir="0" index="0" bw="32" slack="0"/>
<pin id="351" dir="1" index="1" bw="32" slack="0"/>
</pin_list>
<bind>
<opcode="load(27) " fcode="load"/>
<opset="void_AWBhistogramkernel_Mat_Mat_unsigned_int_1024_float_float_float_float_48/3 void_AWBhistogramkernel_Mat_Mat_unsigned_int_1024_float_float_float_float_38/4 "/>
</bind>
</comp>

<comp id="355" class="1004" name="grp_load_fu_355">
<pin_list>
<pin id="356" dir="0" index="0" bw="32" slack="0"/>
<pin id="357" dir="1" index="1" bw="32" slack="0"/>
</pin_list>
<bind>
<opcode="load(27) " fcode="load"/>
<opset="void_AWBhistogramkernel_Mat_Mat_unsigned_int_1024_float_float_float_float_49/3 void_AWBhistogramkernel_Mat_Mat_unsigned_int_1024_float_float_float_float_39/4 "/>
</bind>
</comp>

<comp id="361" class="1004" name="grp_load_fu_361">
<pin_list>
<pin id="362" dir="0" index="0" bw="32" slack="0"/>
<pin id="363" dir="1" index="1" bw="32" slack="0"/>
</pin_list>
<bind>
<opcode="load(27) " fcode="load"/>
<opset="tmp_54/3 void_AWBhistogramkernel_Mat_Mat_unsigned_int_1024_float_float_float_float_40/4 "/>
</bind>
</comp>

<comp id="366" class="1004" name="grp_load_fu_366">
<pin_list>
<pin id="367" dir="0" index="0" bw="32" slack="0"/>
<pin id="368" dir="1" index="1" bw="32" slack="0"/>
</pin_list>
<bind>
<opcode="load(27) " fcode="load"/>
<opset="tmp1_6/3 void_AWBhistogramkernel_Mat_Mat_unsigned_int_1024_float_float_float_float_41/4 "/>
</bind>
</comp>

<comp id="371" class="1004" name="grp_load_fu_371">
<pin_list>
<pin id="372" dir="0" index="0" bw="32" slack="0"/>
<pin id="373" dir="1" index="1" bw="32" slack="0"/>
</pin_list>
<bind>
<opcode="load(27) " fcode="load"/>
<opset="void_AWBhistogramkernel_Mat_Mat_unsigned_int_1024_float_float_float_float_50/3 void_AWBhistogramkernel_Mat_Mat_unsigned_int_1024_float_float_float_float_42/4 "/>
</bind>
</comp>

<comp id="377" class="1004" name="grp_load_fu_377">
<pin_list>
<pin id="378" dir="0" index="0" bw="32" slack="0"/>
<pin id="379" dir="1" index="1" bw="32" slack="0"/>
</pin_list>
<bind>
<opcode="load(27) " fcode="load"/>
<opset="void_AWBhistogramkernel_Mat_Mat_unsigned_int_1024_float_float_float_float_51/3 void_AWBhistogramkernel_Mat_Mat_unsigned_int_1024_float_float_float_float_43/4 "/>
</bind>
</comp>

<comp id="383" class="1004" name="grp_load_fu_383">
<pin_list>
<pin id="384" dir="0" index="0" bw="32" slack="0"/>
<pin id="385" dir="1" index="1" bw="32" slack="0"/>
</pin_list>
<bind>
<opcode="load(27) " fcode="load"/>
<opset="tmp_55/3 void_AWBhistogramkernel_Mat_Mat_unsigned_int_1024_float_float_float_float_44/4 "/>
</bind>
</comp>

<comp id="388" class="1004" name="grp_load_fu_388">
<pin_list>
<pin id="389" dir="0" index="0" bw="32" slack="0"/>
<pin id="390" dir="1" index="1" bw="32" slack="0"/>
</pin_list>
<bind>
<opcode="load(27) " fcode="load"/>
<opset="tmp1_7/3 void_AWBhistogramkernel_Mat_Mat_unsigned_int_1024_float_float_float_float_45/4 "/>
</bind>
</comp>

<comp id="393" class="1004" name="grp_load_fu_393">
<pin_list>
<pin id="394" dir="0" index="0" bw="32" slack="0"/>
<pin id="395" dir="1" index="1" bw="32" slack="0"/>
</pin_list>
<bind>
<opcode="load(27) " fcode="load"/>
<opset="void_AWBhistogramkernel_Mat_Mat_unsigned_int_1024_float_float_float_float_52/3 void_AWBhistogramkernel_Mat_Mat_unsigned_int_1024_float_float_float_float_46/4 "/>
</bind>
</comp>

<comp id="399" class="1004" name="grp_load_fu_399">
<pin_list>
<pin id="400" dir="0" index="0" bw="32" slack="0"/>
<pin id="401" dir="1" index="1" bw="32" slack="0"/>
</pin_list>
<bind>
<opcode="load(27) " fcode="load"/>
<opset="void_AWBhistogramkernel_Mat_Mat_unsigned_int_1024_float_float_float_float_53/3 void_AWBhistogramkernel_Mat_Mat_unsigned_int_1024_float_float_float_float_47/4 "/>
</bind>
</comp>

<comp id="405" class="1004" name="store_ln531_store_fu_405">
<pin_list>
<pin id="406" dir="0" index="0" bw="1" slack="0"/>
<pin id="407" dir="0" index="1" bw="16" slack="0"/>
<pin id="408" dir="1" index="2" bw="0" slack="2147483647"/>
</pin_list>
<bind>
<opcode="store(28) " fcode="store"/>
<opset="store_ln531/1 "/>
</bind>
</comp>

<comp id="410" class="1004" name="p_read1_cast_fu_410">
<pin_list>
<pin id="411" dir="0" index="0" bw="16" slack="0"/>
<pin id="412" dir="1" index="1" bw="17" slack="1"/>
</pin_list>
<bind>
<opcode="zext(34) " fcode="zext"/>
<opset="p_read1_cast/2 "/>
</bind>
</comp>

<comp id="414" class="1004" name="cmp6214_fu_414">
<pin_list>
<pin id="415" dir="0" index="0" bw="16" slack="0"/>
<pin id="416" dir="0" index="1" bw="16" slack="0"/>
<pin id="417" dir="1" index="2" bw="1" slack="1"/>
</pin_list>
<bind>
<opcode="icmp(45) " fcode="icmp"/>
<opset="cmp6214/2 "/>
</bind>
</comp>

<comp id="420" class="1004" name="row_1_load_fu_420">
<pin_list>
<pin id="421" dir="0" index="0" bw="16" slack="2"/>
<pin id="422" dir="1" index="1" bw="16" slack="0"/>
</pin_list>
<bind>
<opcode="load(27) " fcode="load"/>
<opset="row_1/3 "/>
</bind>
</comp>

<comp id="423" class="1004" name="icmp_ln531_fu_423">
<pin_list>
<pin id="424" dir="0" index="0" bw="16" slack="0"/>
<pin id="425" dir="0" index="1" bw="16" slack="1"/>
<pin id="426" dir="1" index="2" bw="1" slack="2147483647"/>
</pin_list>
<bind>
<opcode="icmp(45) " fcode="icmp"/>
<opset="icmp_ln531/3 "/>
</bind>
</comp>

<comp id="428" class="1004" name="row_2_fu_428">
<pin_list>
<pin id="429" dir="0" index="0" bw="16" slack="0"/>
<pin id="430" dir="0" index="1" bw="1" slack="0"/>
<pin id="431" dir="1" index="2" bw="16" slack="3"/>
</pin_list>
<bind>
<opcode="add(8) " fcode="add"/>
<opset="row_2/3 "/>
</bind>
</comp>

<comp id="434" class="1004" name="add_ln537_fu_434">
<pin_list>
<pin id="435" dir="0" index="0" bw="16" slack="1"/>
<pin id="436" dir="0" index="1" bw="1" slack="0"/>
<pin id="437" dir="1" index="2" bw="17" slack="0"/>
</pin_list>
<bind>
<opcode="add(8) " fcode="add"/>
<opset="add_ln537/3 "/>
</bind>
</comp>

<comp id="439" class="1004" name="tmp_56_fu_439">
<pin_list>
<pin id="440" dir="0" index="0" bw="16" slack="0"/>
<pin id="441" dir="0" index="1" bw="17" slack="0"/>
<pin id="442" dir="0" index="2" bw="1" slack="0"/>
<pin id="443" dir="0" index="3" bw="6" slack="0"/>
<pin id="444" dir="1" index="4" bw="16" slack="1"/>
</pin_list>
<bind>
<opcode="partselect(1002) " fcode="partselect"/>
<opset="tmp_56/3 "/>
</bind>
</comp>

<comp id="449" class="1004" name="zext_ln597_fu_449">
<pin_list>
<pin id="450" dir="0" index="0" bw="32" slack="0"/>
<pin id="451" dir="1" index="1" bw="64" slack="0"/>
</pin_list>
<bind>
<opcode="zext(34) " fcode="zext"/>
<opset="zext_ln597/3 "/>
</bind>
</comp>

<comp id="454" class="1004" name="zext_ln598_fu_454">
<pin_list>
<pin id="455" dir="0" index="0" bw="32" slack="0"/>
<pin id="456" dir="1" index="1" bw="64" slack="0"/>
</pin_list>
<bind>
<opcode="zext(34) " fcode="zext"/>
<opset="zext_ln598/3 "/>
</bind>
</comp>

<comp id="459" class="1004" name="zext_ln597_1_fu_459">
<pin_list>
<pin id="460" dir="0" index="0" bw="32" slack="0"/>
<pin id="461" dir="1" index="1" bw="64" slack="0"/>
</pin_list>
<bind>
<opcode="zext(34) " fcode="zext"/>
<opset="zext_ln597_1/3 "/>
</bind>
</comp>

<comp id="464" class="1004" name="zext_ln598_1_fu_464">
<pin_list>
<pin id="465" dir="0" index="0" bw="32" slack="0"/>
<pin id="466" dir="1" index="1" bw="64" slack="0"/>
</pin_list>
<bind>
<opcode="zext(34) " fcode="zext"/>
<opset="zext_ln598_1/3 "/>
</bind>
</comp>

<comp id="469" class="1004" name="zext_ln597_2_fu_469">
<pin_list>
<pin id="470" dir="0" index="0" bw="32" slack="0"/>
<pin id="471" dir="1" index="1" bw="64" slack="0"/>
</pin_list>
<bind>
<opcode="zext(34) " fcode="zext"/>
<opset="zext_ln597_2/3 "/>
</bind>
</comp>

<comp id="474" class="1004" name="zext_ln598_2_fu_474">
<pin_list>
<pin id="475" dir="0" index="0" bw="32" slack="0"/>
<pin id="476" dir="1" index="1" bw="64" slack="0"/>
</pin_list>
<bind>
<opcode="zext(34) " fcode="zext"/>
<opset="zext_ln598_2/3 "/>
</bind>
</comp>

<comp id="479" class="1004" name="tmp_57_fu_479">
<pin_list>
<pin id="480" dir="0" index="0" bw="17" slack="0"/>
<pin id="481" dir="0" index="1" bw="16" slack="1"/>
<pin id="482" dir="0" index="2" bw="1" slack="0"/>
<pin id="483" dir="1" index="3" bw="17" slack="0"/>
</pin_list>
<bind>
<opcode="bitconcatenate(1004) " fcode="bitconcatenate"/>
<opset="tmp_57/4 "/>
</bind>
</comp>

<comp id="487" class="1004" name="tmp_acc1_4_loc_load_load_fu_487">
<pin_list>
<pin id="488" dir="0" index="0" bw="32" slack="5"/>
<pin id="489" dir="1" index="1" bw="32" slack="0"/>
</pin_list>
<bind>
<opcode="load(27) " fcode="load"/>
<opset="tmp_acc1_4_loc_load/6 "/>
</bind>
</comp>

<comp id="490" class="1004" name="tmp_acc_4_loc_load_load_fu_490">
<pin_list>
<pin id="491" dir="0" index="0" bw="32" slack="5"/>
<pin id="492" dir="1" index="1" bw="32" slack="0"/>
</pin_list>
<bind>
<opcode="load(27) " fcode="load"/>
<opset="tmp_acc_4_loc_load/6 "/>
</bind>
</comp>

<comp id="493" class="1004" name="tmp1_5_loc_load_load_fu_493">
<pin_list>
<pin id="494" dir="0" index="0" bw="32" slack="5"/>
<pin id="495" dir="1" index="1" bw="32" slack="0"/>
</pin_list>
<bind>
<opcode="load(27) " fcode="load"/>
<opset="tmp1_5_loc_load/6 "/>
</bind>
</comp>

<comp id="496" class="1004" name="tmp_5_loc_load_load_fu_496">
<pin_list>
<pin id="497" dir="0" index="0" bw="32" slack="5"/>
<pin id="498" dir="1" index="1" bw="32" slack="0"/>
</pin_list>
<bind>
<opcode="load(27) " fcode="load"/>
<opset="tmp_5_loc_load/6 "/>
</bind>
</comp>

<comp id="499" class="1004" name="tmp_acc1_2_loc_load_load_fu_499">
<pin_list>
<pin id="500" dir="0" index="0" bw="32" slack="5"/>
<pin id="501" dir="1" index="1" bw="32" slack="0"/>
</pin_list>
<bind>
<opcode="load(27) " fcode="load"/>
<opset="tmp_acc1_2_loc_load/6 "/>
</bind>
</comp>

<comp id="502" class="1004" name="tmp_acc_2_loc_load_load_fu_502">
<pin_list>
<pin id="503" dir="0" index="0" bw="32" slack="5"/>
<pin id="504" dir="1" index="1" bw="32" slack="0"/>
</pin_list>
<bind>
<opcode="load(27) " fcode="load"/>
<opset="tmp_acc_2_loc_load/6 "/>
</bind>
</comp>

<comp id="505" class="1004" name="tmp1_4_loc_load_load_fu_505">
<pin_list>
<pin id="506" dir="0" index="0" bw="32" slack="5"/>
<pin id="507" dir="1" index="1" bw="32" slack="0"/>
</pin_list>
<bind>
<opcode="load(27) " fcode="load"/>
<opset="tmp1_4_loc_load/6 "/>
</bind>
</comp>

<comp id="508" class="1004" name="tmp_4_loc_load_load_fu_508">
<pin_list>
<pin id="509" dir="0" index="0" bw="32" slack="5"/>
<pin id="510" dir="1" index="1" bw="32" slack="0"/>
</pin_list>
<bind>
<opcode="load(27) " fcode="load"/>
<opset="tmp_4_loc_load/6 "/>
</bind>
</comp>

<comp id="511" class="1004" name="tmp_acc1_loc_load_load_fu_511">
<pin_list>
<pin id="512" dir="0" index="0" bw="32" slack="5"/>
<pin id="513" dir="1" index="1" bw="32" slack="0"/>
</pin_list>
<bind>
<opcode="load(27) " fcode="load"/>
<opset="tmp_acc1_loc_load/6 "/>
</bind>
</comp>

<comp id="514" class="1004" name="tmp_acc_loc_load_load_fu_514">
<pin_list>
<pin id="515" dir="0" index="0" bw="32" slack="5"/>
<pin id="516" dir="1" index="1" bw="32" slack="0"/>
</pin_list>
<bind>
<opcode="load(27) " fcode="load"/>
<opset="tmp_acc_loc_load/6 "/>
</bind>
</comp>

<comp id="517" class="1004" name="tmp1_3_loc_load_load_fu_517">
<pin_list>
<pin id="518" dir="0" index="0" bw="32" slack="5"/>
<pin id="519" dir="1" index="1" bw="32" slack="0"/>
</pin_list>
<bind>
<opcode="load(27) " fcode="load"/>
<opset="tmp1_3_loc_load/6 "/>
</bind>
</comp>

<comp id="520" class="1004" name="tmp_3_loc_load_load_fu_520">
<pin_list>
<pin id="521" dir="0" index="0" bw="32" slack="5"/>
<pin id="522" dir="1" index="1" bw="32" slack="0"/>
</pin_list>
<bind>
<opcode="load(27) " fcode="load"/>
<opset="tmp_3_loc_load/6 "/>
</bind>
</comp>

<comp id="523" class="1004" name="store_ln582_store_fu_523">
<pin_list>
<pin id="524" dir="0" index="0" bw="32" slack="0"/>
<pin id="525" dir="0" index="1" bw="32" slack="0"/>
<pin id="526" dir="1" index="2" bw="0" slack="2147483647"/>
</pin_list>
<bind>
<opcode="store(28) " fcode="store"/>
<opset="store_ln582/6 "/>
</bind>
</comp>

<comp id="529" class="1004" name="store_ln583_store_fu_529">
<pin_list>
<pin id="530" dir="0" index="0" bw="32" slack="0"/>
<pin id="531" dir="0" index="1" bw="32" slack="0"/>
<pin id="532" dir="1" index="2" bw="0" slack="2147483647"/>
</pin_list>
<bind>
<opcode="store(28) " fcode="store"/>
<opset="store_ln583/6 "/>
</bind>
</comp>

<comp id="535" class="1004" name="store_ln584_store_fu_535">
<pin_list>
<pin id="536" dir="0" index="0" bw="32" slack="0"/>
<pin id="537" dir="0" index="1" bw="32" slack="0"/>
<pin id="538" dir="1" index="2" bw="0" slack="2147483647"/>
</pin_list>
<bind>
<opcode="store(28) " fcode="store"/>
<opset="store_ln584/6 "/>
</bind>
</comp>

<comp id="541" class="1004" name="store_ln585_store_fu_541">
<pin_list>
<pin id="542" dir="0" index="0" bw="32" slack="0"/>
<pin id="543" dir="0" index="1" bw="32" slack="0"/>
<pin id="544" dir="1" index="2" bw="0" slack="2147483647"/>
</pin_list>
<bind>
<opcode="store(28) " fcode="store"/>
<opset="store_ln585/6 "/>
</bind>
</comp>

<comp id="547" class="1004" name="store_ln582_store_fu_547">
<pin_list>
<pin id="548" dir="0" index="0" bw="32" slack="0"/>
<pin id="549" dir="0" index="1" bw="32" slack="0"/>
<pin id="550" dir="1" index="2" bw="0" slack="2147483647"/>
</pin_list>
<bind>
<opcode="store(28) " fcode="store"/>
<opset="store_ln582/6 "/>
</bind>
</comp>

<comp id="553" class="1004" name="store_ln583_store_fu_553">
<pin_list>
<pin id="554" dir="0" index="0" bw="32" slack="0"/>
<pin id="555" dir="0" index="1" bw="32" slack="0"/>
<pin id="556" dir="1" index="2" bw="0" slack="2147483647"/>
</pin_list>
<bind>
<opcode="store(28) " fcode="store"/>
<opset="store_ln583/6 "/>
</bind>
</comp>

<comp id="559" class="1004" name="store_ln584_store_fu_559">
<pin_list>
<pin id="560" dir="0" index="0" bw="32" slack="0"/>
<pin id="561" dir="0" index="1" bw="32" slack="0"/>
<pin id="562" dir="1" index="2" bw="0" slack="2147483647"/>
</pin_list>
<bind>
<opcode="store(28) " fcode="store"/>
<opset="store_ln584/6 "/>
</bind>
</comp>

<comp id="565" class="1004" name="store_ln585_store_fu_565">
<pin_list>
<pin id="566" dir="0" index="0" bw="32" slack="0"/>
<pin id="567" dir="0" index="1" bw="32" slack="0"/>
<pin id="568" dir="1" index="2" bw="0" slack="2147483647"/>
</pin_list>
<bind>
<opcode="store(28) " fcode="store"/>
<opset="store_ln585/6 "/>
</bind>
</comp>

<comp id="571" class="1004" name="store_ln582_store_fu_571">
<pin_list>
<pin id="572" dir="0" index="0" bw="32" slack="0"/>
<pin id="573" dir="0" index="1" bw="32" slack="0"/>
<pin id="574" dir="1" index="2" bw="0" slack="2147483647"/>
</pin_list>
<bind>
<opcode="store(28) " fcode="store"/>
<opset="store_ln582/6 "/>
</bind>
</comp>

<comp id="577" class="1004" name="store_ln583_store_fu_577">
<pin_list>
<pin id="578" dir="0" index="0" bw="32" slack="0"/>
<pin id="579" dir="0" index="1" bw="32" slack="0"/>
<pin id="580" dir="1" index="2" bw="0" slack="2147483647"/>
</pin_list>
<bind>
<opcode="store(28) " fcode="store"/>
<opset="store_ln583/6 "/>
</bind>
</comp>

<comp id="583" class="1004" name="store_ln584_store_fu_583">
<pin_list>
<pin id="584" dir="0" index="0" bw="32" slack="0"/>
<pin id="585" dir="0" index="1" bw="32" slack="0"/>
<pin id="586" dir="1" index="2" bw="0" slack="2147483647"/>
</pin_list>
<bind>
<opcode="store(28) " fcode="store"/>
<opset="store_ln584/6 "/>
</bind>
</comp>

<comp id="589" class="1004" name="store_ln585_store_fu_589">
<pin_list>
<pin id="590" dir="0" index="0" bw="32" slack="0"/>
<pin id="591" dir="0" index="1" bw="32" slack="0"/>
<pin id="592" dir="1" index="2" bw="0" slack="2147483647"/>
</pin_list>
<bind>
<opcode="store(28) " fcode="store"/>
<opset="store_ln585/6 "/>
</bind>
</comp>

<comp id="595" class="1004" name="store_ln531_store_fu_595">
<pin_list>
<pin id="596" dir="0" index="0" bw="16" slack="3"/>
<pin id="597" dir="0" index="1" bw="16" slack="5"/>
<pin id="598" dir="1" index="2" bw="0" slack="2147483647"/>
</pin_list>
<bind>
<opcode="store(28) " fcode="store"/>
<opset="store_ln531/6 "/>
</bind>
</comp>

<comp id="599" class="1005" name="row_reg_599">
<pin_list>
<pin id="600" dir="0" index="0" bw="16" slack="0"/>
<pin id="601" dir="1" index="1" bw="16" slack="0"/>
</pin_list>
<bind>
<opset="row "/>
</bind>
</comp>

<comp id="606" class="1005" name="tmp_3_loc_reg_606">
<pin_list>
<pin id="607" dir="0" index="0" bw="32" slack="3"/>
<pin id="608" dir="1" index="1" bw="32" slack="3"/>
</pin_list>
<bind>
<opset="tmp_3_loc "/>
</bind>
</comp>

<comp id="612" class="1005" name="tmp1_3_loc_reg_612">
<pin_list>
<pin id="613" dir="0" index="0" bw="32" slack="3"/>
<pin id="614" dir="1" index="1" bw="32" slack="3"/>
</pin_list>
<bind>
<opset="tmp1_3_loc "/>
</bind>
</comp>

<comp id="618" class="1005" name="tmp_acc_loc_reg_618">
<pin_list>
<pin id="619" dir="0" index="0" bw="32" slack="3"/>
<pin id="620" dir="1" index="1" bw="32" slack="3"/>
</pin_list>
<bind>
<opset="tmp_acc_loc "/>
</bind>
</comp>

<comp id="624" class="1005" name="tmp_acc1_loc_reg_624">
<pin_list>
<pin id="625" dir="0" index="0" bw="32" slack="3"/>
<pin id="626" dir="1" index="1" bw="32" slack="3"/>
</pin_list>
<bind>
<opset="tmp_acc1_loc "/>
</bind>
</comp>

<comp id="630" class="1005" name="tmp_4_loc_reg_630">
<pin_list>
<pin id="631" dir="0" index="0" bw="32" slack="3"/>
<pin id="632" dir="1" index="1" bw="32" slack="3"/>
</pin_list>
<bind>
<opset="tmp_4_loc "/>
</bind>
</comp>

<comp id="636" class="1005" name="tmp1_4_loc_reg_636">
<pin_list>
<pin id="637" dir="0" index="0" bw="32" slack="3"/>
<pin id="638" dir="1" index="1" bw="32" slack="3"/>
</pin_list>
<bind>
<opset="tmp1_4_loc "/>
</bind>
</comp>

<comp id="642" class="1005" name="tmp_acc_2_loc_reg_642">
<pin_list>
<pin id="643" dir="0" index="0" bw="32" slack="3"/>
<pin id="644" dir="1" index="1" bw="32" slack="3"/>
</pin_list>
<bind>
<opset="tmp_acc_2_loc "/>
</bind>
</comp>

<comp id="648" class="1005" name="tmp_acc1_2_loc_reg_648">
<pin_list>
<pin id="649" dir="0" index="0" bw="32" slack="3"/>
<pin id="650" dir="1" index="1" bw="32" slack="3"/>
</pin_list>
<bind>
<opset="tmp_acc1_2_loc "/>
</bind>
</comp>

<comp id="654" class="1005" name="tmp_5_loc_reg_654">
<pin_list>
<pin id="655" dir="0" index="0" bw="32" slack="3"/>
<pin id="656" dir="1" index="1" bw="32" slack="3"/>
</pin_list>
<bind>
<opset="tmp_5_loc "/>
</bind>
</comp>

<comp id="660" class="1005" name="tmp1_5_loc_reg_660">
<pin_list>
<pin id="661" dir="0" index="0" bw="32" slack="3"/>
<pin id="662" dir="1" index="1" bw="32" slack="3"/>
</pin_list>
<bind>
<opset="tmp1_5_loc "/>
</bind>
</comp>

<comp id="666" class="1005" name="tmp_acc_4_loc_reg_666">
<pin_list>
<pin id="667" dir="0" index="0" bw="32" slack="3"/>
<pin id="668" dir="1" index="1" bw="32" slack="3"/>
</pin_list>
<bind>
<opset="tmp_acc_4_loc "/>
</bind>
</comp>

<comp id="672" class="1005" name="tmp_acc1_4_loc_reg_672">
<pin_list>
<pin id="673" dir="0" index="0" bw="32" slack="3"/>
<pin id="674" dir="1" index="1" bw="32" slack="3"/>
</pin_list>
<bind>
<opset="tmp_acc1_4_loc "/>
</bind>
</comp>

<comp id="678" class="1005" name="p_read220_reg_678">
<pin_list>
<pin id="679" dir="0" index="0" bw="16" slack="1"/>
<pin id="680" dir="1" index="1" bw="16" slack="1"/>
</pin_list>
<bind>
<opset="p_read220 "/>
</bind>
</comp>

<comp id="683" class="1005" name="p_read1_cast_reg_683">
<pin_list>
<pin id="684" dir="0" index="0" bw="17" slack="1"/>
<pin id="685" dir="1" index="1" bw="17" slack="1"/>
</pin_list>
<bind>
<opset="p_read1_cast "/>
</bind>
</comp>

<comp id="688" class="1005" name="cmp6214_reg_688">
<pin_list>
<pin id="689" dir="0" index="0" bw="1" slack="1"/>
<pin id="690" dir="1" index="1" bw="1" slack="2147483647"/>
</pin_list>
<bind>
<opset="cmp6214 "/>
</bind>
</comp>

<comp id="695" class="1005" name="row_2_reg_695">
<pin_list>
<pin id="696" dir="0" index="0" bw="16" slack="3"/>
<pin id="697" dir="1" index="1" bw="16" slack="3"/>
</pin_list>
<bind>
<opset="row_2 "/>
</bind>
</comp>

<comp id="700" class="1005" name="tmp_56_reg_700">
<pin_list>
<pin id="701" dir="0" index="0" bw="16" slack="1"/>
<pin id="702" dir="1" index="1" bw="16" slack="1"/>
</pin_list>
<bind>
<opset="tmp_56 "/>
</bind>
</comp>

<comp id="705" class="1005" name="void_AWBhistogramkernel_Mat_Mat_unsigned_int_1024_float_float_float_float_36_reg_705">
<pin_list>
<pin id="706" dir="0" index="0" bw="32" slack="1"/>
<pin id="707" dir="1" index="1" bw="32" slack="1"/>
</pin_list>
<bind>
<opset="void_AWBhistogramkernel_Mat_Mat_unsigned_int_1024_float_float_float_float_36 "/>
</bind>
</comp>

<comp id="710" class="1005" name="void_AWBhistogramkernel_Mat_Mat_unsigned_int_1024_float_float_float_float_37_reg_710">
<pin_list>
<pin id="711" dir="0" index="0" bw="32" slack="1"/>
<pin id="712" dir="1" index="1" bw="32" slack="1"/>
</pin_list>
<bind>
<opset="void_AWBhistogramkernel_Mat_Mat_unsigned_int_1024_float_float_float_float_37 "/>
</bind>
</comp>

<comp id="715" class="1005" name="void_AWBhistogramkernel_Mat_Mat_unsigned_int_1024_float_float_float_float_38_reg_715">
<pin_list>
<pin id="716" dir="0" index="0" bw="32" slack="1"/>
<pin id="717" dir="1" index="1" bw="32" slack="1"/>
</pin_list>
<bind>
<opset="void_AWBhistogramkernel_Mat_Mat_unsigned_int_1024_float_float_float_float_38 "/>
</bind>
</comp>

<comp id="720" class="1005" name="void_AWBhistogramkernel_Mat_Mat_unsigned_int_1024_float_float_float_float_39_reg_720">
<pin_list>
<pin id="721" dir="0" index="0" bw="32" slack="1"/>
<pin id="722" dir="1" index="1" bw="32" slack="1"/>
</pin_list>
<bind>
<opset="void_AWBhistogramkernel_Mat_Mat_unsigned_int_1024_float_float_float_float_39 "/>
</bind>
</comp>

<comp id="725" class="1005" name="void_AWBhistogramkernel_Mat_Mat_unsigned_int_1024_float_float_float_float_40_reg_725">
<pin_list>
<pin id="726" dir="0" index="0" bw="32" slack="1"/>
<pin id="727" dir="1" index="1" bw="32" slack="1"/>
</pin_list>
<bind>
<opset="void_AWBhistogramkernel_Mat_Mat_unsigned_int_1024_float_float_float_float_40 "/>
</bind>
</comp>

<comp id="730" class="1005" name="void_AWBhistogramkernel_Mat_Mat_unsigned_int_1024_float_float_float_float_41_reg_730">
<pin_list>
<pin id="731" dir="0" index="0" bw="32" slack="1"/>
<pin id="732" dir="1" index="1" bw="32" slack="1"/>
</pin_list>
<bind>
<opset="void_AWBhistogramkernel_Mat_Mat_unsigned_int_1024_float_float_float_float_41 "/>
</bind>
</comp>

<comp id="735" class="1005" name="void_AWBhistogramkernel_Mat_Mat_unsigned_int_1024_float_float_float_float_42_reg_735">
<pin_list>
<pin id="736" dir="0" index="0" bw="32" slack="1"/>
<pin id="737" dir="1" index="1" bw="32" slack="1"/>
</pin_list>
<bind>
<opset="void_AWBhistogramkernel_Mat_Mat_unsigned_int_1024_float_float_float_float_42 "/>
</bind>
</comp>

<comp id="740" class="1005" name="void_AWBhistogramkernel_Mat_Mat_unsigned_int_1024_float_float_float_float_43_reg_740">
<pin_list>
<pin id="741" dir="0" index="0" bw="32" slack="1"/>
<pin id="742" dir="1" index="1" bw="32" slack="1"/>
</pin_list>
<bind>
<opset="void_AWBhistogramkernel_Mat_Mat_unsigned_int_1024_float_float_float_float_43 "/>
</bind>
</comp>

<comp id="745" class="1005" name="void_AWBhistogramkernel_Mat_Mat_unsigned_int_1024_float_float_float_float_44_reg_745">
<pin_list>
<pin id="746" dir="0" index="0" bw="32" slack="1"/>
<pin id="747" dir="1" index="1" bw="32" slack="1"/>
</pin_list>
<bind>
<opset="void_AWBhistogramkernel_Mat_Mat_unsigned_int_1024_float_float_float_float_44 "/>
</bind>
</comp>

<comp id="750" class="1005" name="void_AWBhistogramkernel_Mat_Mat_unsigned_int_1024_float_float_float_float_45_reg_750">
<pin_list>
<pin id="751" dir="0" index="0" bw="32" slack="1"/>
<pin id="752" dir="1" index="1" bw="32" slack="1"/>
</pin_list>
<bind>
<opset="void_AWBhistogramkernel_Mat_Mat_unsigned_int_1024_float_float_float_float_45 "/>
</bind>
</comp>

<comp id="755" class="1005" name="void_AWBhistogramkernel_Mat_Mat_unsigned_int_1024_float_float_float_float_46_reg_755">
<pin_list>
<pin id="756" dir="0" index="0" bw="32" slack="1"/>
<pin id="757" dir="1" index="1" bw="32" slack="1"/>
</pin_list>
<bind>
<opset="void_AWBhistogramkernel_Mat_Mat_unsigned_int_1024_float_float_float_float_46 "/>
</bind>
</comp>

<comp id="760" class="1005" name="void_AWBhistogramkernel_Mat_Mat_unsigned_int_1024_float_float_float_float_47_reg_760">
<pin_list>
<pin id="761" dir="0" index="0" bw="32" slack="1"/>
<pin id="762" dir="1" index="1" bw="32" slack="1"/>
</pin_list>
<bind>
<opset="void_AWBhistogramkernel_Mat_Mat_unsigned_int_1024_float_float_float_float_47 "/>
</bind>
</comp>

<comp id="765" class="1005" name="tmp_57_reg_765">
<pin_list>
<pin id="766" dir="0" index="0" bw="17" slack="1"/>
<pin id="767" dir="1" index="1" bw="17" slack="1"/>
</pin_list>
<bind>
<opset="tmp_57 "/>
</bind>
</comp>

</comp_list>

<net_list>
<net id="101"><net_src comp="38" pin="0"/><net_sink comp="98" pin=0"/></net>

<net id="105"><net_src comp="40" pin="0"/><net_sink comp="102" pin=0"/></net>

<net id="109"><net_src comp="40" pin="0"/><net_sink comp="106" pin=0"/></net>

<net id="113"><net_src comp="40" pin="0"/><net_sink comp="110" pin=0"/></net>

<net id="117"><net_src comp="40" pin="0"/><net_sink comp="114" pin=0"/></net>

<net id="121"><net_src comp="40" pin="0"/><net_sink comp="118" pin=0"/></net>

<net id="125"><net_src comp="40" pin="0"/><net_sink comp="122" pin=0"/></net>

<net id="129"><net_src comp="40" pin="0"/><net_sink comp="126" pin=0"/></net>

<net id="133"><net_src comp="40" pin="0"/><net_sink comp="130" pin=0"/></net>

<net id="137"><net_src comp="40" pin="0"/><net_sink comp="134" pin=0"/></net>

<net id="141"><net_src comp="40" pin="0"/><net_sink comp="138" pin=0"/></net>

<net id="145"><net_src comp="40" pin="0"/><net_sink comp="142" pin=0"/></net>

<net id="149"><net_src comp="40" pin="0"/><net_sink comp="146" pin=0"/></net>

<net id="153"><net_src comp="40" pin="0"/><net_sink comp="150" pin=0"/></net>

<net id="157"><net_src comp="40" pin="0"/><net_sink comp="154" pin=0"/></net>

<net id="161"><net_src comp="40" pin="0"/><net_sink comp="158" pin=0"/></net>

<net id="165"><net_src comp="40" pin="0"/><net_sink comp="162" pin=0"/></net>

<net id="169"><net_src comp="40" pin="0"/><net_sink comp="166" pin=0"/></net>

<net id="173"><net_src comp="40" pin="0"/><net_sink comp="170" pin=0"/></net>

<net id="178"><net_src comp="48" pin="0"/><net_sink comp="174" pin=0"/></net>

<net id="179"><net_src comp="2" pin="0"/><net_sink comp="174" pin=1"/></net>

<net id="184"><net_src comp="48" pin="0"/><net_sink comp="180" pin=0"/></net>

<net id="185"><net_src comp="0" pin="0"/><net_sink comp="180" pin=1"/></net>

<net id="191"><net_src comp="88" pin="0"/><net_sink comp="186" pin=1"/></net>

<net id="197"><net_src comp="186" pin="3"/><net_sink comp="192" pin=0"/></net>

<net id="203"><net_src comp="88" pin="0"/><net_sink comp="198" pin=1"/></net>

<net id="209"><net_src comp="198" pin="3"/><net_sink comp="204" pin=0"/></net>

<net id="215"><net_src comp="88" pin="0"/><net_sink comp="210" pin=1"/></net>

<net id="221"><net_src comp="210" pin="3"/><net_sink comp="216" pin=0"/></net>

<net id="227"><net_src comp="88" pin="0"/><net_sink comp="222" pin=1"/></net>

<net id="233"><net_src comp="222" pin="3"/><net_sink comp="228" pin=0"/></net>

<net id="239"><net_src comp="88" pin="0"/><net_sink comp="234" pin=1"/></net>

<net id="245"><net_src comp="234" pin="3"/><net_sink comp="240" pin=0"/></net>

<net id="251"><net_src comp="88" pin="0"/><net_sink comp="246" pin=1"/></net>

<net id="257"><net_src comp="246" pin="3"/><net_sink comp="252" pin=0"/></net>

<net id="264"><net_src comp="42" pin="0"/><net_sink comp="258" pin=0"/></net>

<net id="265"><net_src comp="12" pin="0"/><net_sink comp="258" pin=1"/></net>

<net id="266"><net_src comp="10" pin="0"/><net_sink comp="258" pin=2"/></net>

<net id="267"><net_src comp="8" pin="0"/><net_sink comp="258" pin=3"/></net>

<net id="277"><net_src comp="44" pin="0"/><net_sink comp="268" pin=0"/></net>

<net id="278"><net_src comp="170" pin="1"/><net_sink comp="268" pin=1"/></net>

<net id="279"><net_src comp="166" pin="1"/><net_sink comp="268" pin=2"/></net>

<net id="280"><net_src comp="162" pin="1"/><net_sink comp="268" pin=3"/></net>

<net id="281"><net_src comp="158" pin="1"/><net_sink comp="268" pin=4"/></net>

<net id="282"><net_src comp="154" pin="1"/><net_sink comp="268" pin=5"/></net>

<net id="283"><net_src comp="150" pin="1"/><net_sink comp="268" pin=6"/></net>

<net id="320"><net_src comp="94" pin="0"/><net_sink comp="284" pin=0"/></net>

<net id="321"><net_src comp="4" pin="0"/><net_sink comp="284" pin=14"/></net>

<net id="322"><net_src comp="6" pin="0"/><net_sink comp="284" pin=15"/></net>

<net id="335"><net_src comp="96" pin="0"/><net_sink comp="323" pin=0"/></net>

<net id="336"><net_src comp="12" pin="0"/><net_sink comp="323" pin=1"/></net>

<net id="337"><net_src comp="10" pin="0"/><net_sink comp="323" pin=2"/></net>

<net id="338"><net_src comp="8" pin="0"/><net_sink comp="323" pin=3"/></net>

<net id="342"><net_src comp="14" pin="0"/><net_sink comp="339" pin=0"/></net>

<net id="343"><net_src comp="339" pin="1"/><net_sink comp="284" pin=12"/></net>

<net id="347"><net_src comp="16" pin="0"/><net_sink comp="344" pin=0"/></net>

<net id="348"><net_src comp="344" pin="1"/><net_sink comp="284" pin=11"/></net>

<net id="352"><net_src comp="18" pin="0"/><net_sink comp="349" pin=0"/></net>

<net id="353"><net_src comp="349" pin="1"/><net_sink comp="192" pin=1"/></net>

<net id="354"><net_src comp="349" pin="1"/><net_sink comp="284" pin=10"/></net>

<net id="358"><net_src comp="20" pin="0"/><net_sink comp="355" pin=0"/></net>

<net id="359"><net_src comp="355" pin="1"/><net_sink comp="204" pin=1"/></net>

<net id="360"><net_src comp="355" pin="1"/><net_sink comp="284" pin=9"/></net>

<net id="364"><net_src comp="22" pin="0"/><net_sink comp="361" pin=0"/></net>

<net id="365"><net_src comp="361" pin="1"/><net_sink comp="284" pin=8"/></net>

<net id="369"><net_src comp="24" pin="0"/><net_sink comp="366" pin=0"/></net>

<net id="370"><net_src comp="366" pin="1"/><net_sink comp="284" pin=7"/></net>

<net id="374"><net_src comp="26" pin="0"/><net_sink comp="371" pin=0"/></net>

<net id="375"><net_src comp="371" pin="1"/><net_sink comp="216" pin=1"/></net>

<net id="376"><net_src comp="371" pin="1"/><net_sink comp="284" pin=6"/></net>

<net id="380"><net_src comp="28" pin="0"/><net_sink comp="377" pin=0"/></net>

<net id="381"><net_src comp="377" pin="1"/><net_sink comp="228" pin=1"/></net>

<net id="382"><net_src comp="377" pin="1"/><net_sink comp="284" pin=5"/></net>

<net id="386"><net_src comp="30" pin="0"/><net_sink comp="383" pin=0"/></net>

<net id="387"><net_src comp="383" pin="1"/><net_sink comp="284" pin=4"/></net>

<net id="391"><net_src comp="32" pin="0"/><net_sink comp="388" pin=0"/></net>

<net id="392"><net_src comp="388" pin="1"/><net_sink comp="284" pin=3"/></net>

<net id="396"><net_src comp="34" pin="0"/><net_sink comp="393" pin=0"/></net>

<net id="397"><net_src comp="393" pin="1"/><net_sink comp="240" pin=1"/></net>

<net id="398"><net_src comp="393" pin="1"/><net_sink comp="284" pin=2"/></net>

<net id="402"><net_src comp="36" pin="0"/><net_sink comp="399" pin=0"/></net>

<net id="403"><net_src comp="399" pin="1"/><net_sink comp="252" pin=1"/></net>

<net id="404"><net_src comp="399" pin="1"/><net_sink comp="284" pin=1"/></net>

<net id="409"><net_src comp="46" pin="0"/><net_sink comp="405" pin=0"/></net>

<net id="413"><net_src comp="174" pin="2"/><net_sink comp="410" pin=0"/></net>

<net id="418"><net_src comp="174" pin="2"/><net_sink comp="414" pin=0"/></net>

<net id="419"><net_src comp="46" pin="0"/><net_sink comp="414" pin=1"/></net>

<net id="427"><net_src comp="420" pin="1"/><net_sink comp="423" pin=0"/></net>

<net id="432"><net_src comp="420" pin="1"/><net_sink comp="428" pin=0"/></net>

<net id="433"><net_src comp="68" pin="0"/><net_sink comp="428" pin=1"/></net>

<net id="438"><net_src comp="80" pin="0"/><net_sink comp="434" pin=1"/></net>

<net id="445"><net_src comp="82" pin="0"/><net_sink comp="439" pin=0"/></net>

<net id="446"><net_src comp="434" pin="2"/><net_sink comp="439" pin=1"/></net>

<net id="447"><net_src comp="38" pin="0"/><net_sink comp="439" pin=2"/></net>

<net id="448"><net_src comp="84" pin="0"/><net_sink comp="439" pin=3"/></net>

<net id="452"><net_src comp="339" pin="1"/><net_sink comp="449" pin=0"/></net>

<net id="453"><net_src comp="449" pin="1"/><net_sink comp="186" pin=2"/></net>

<net id="457"><net_src comp="344" pin="1"/><net_sink comp="454" pin=0"/></net>

<net id="458"><net_src comp="454" pin="1"/><net_sink comp="198" pin=2"/></net>

<net id="462"><net_src comp="361" pin="1"/><net_sink comp="459" pin=0"/></net>

<net id="463"><net_src comp="459" pin="1"/><net_sink comp="210" pin=2"/></net>

<net id="467"><net_src comp="366" pin="1"/><net_sink comp="464" pin=0"/></net>

<net id="468"><net_src comp="464" pin="1"/><net_sink comp="222" pin=2"/></net>

<net id="472"><net_src comp="383" pin="1"/><net_sink comp="469" pin=0"/></net>

<net id="473"><net_src comp="469" pin="1"/><net_sink comp="234" pin=2"/></net>

<net id="477"><net_src comp="388" pin="1"/><net_sink comp="474" pin=0"/></net>

<net id="478"><net_src comp="474" pin="1"/><net_sink comp="246" pin=2"/></net>

<net id="484"><net_src comp="90" pin="0"/><net_sink comp="479" pin=0"/></net>

<net id="485"><net_src comp="92" pin="0"/><net_sink comp="479" pin=2"/></net>

<net id="486"><net_src comp="479" pin="3"/><net_sink comp="284" pin=13"/></net>

<net id="527"><net_src comp="520" pin="1"/><net_sink comp="523" pin=0"/></net>

<net id="528"><net_src comp="14" pin="0"/><net_sink comp="523" pin=1"/></net>

<net id="533"><net_src comp="517" pin="1"/><net_sink comp="529" pin=0"/></net>

<net id="534"><net_src comp="16" pin="0"/><net_sink comp="529" pin=1"/></net>

<net id="539"><net_src comp="514" pin="1"/><net_sink comp="535" pin=0"/></net>

<net id="540"><net_src comp="18" pin="0"/><net_sink comp="535" pin=1"/></net>

<net id="545"><net_src comp="511" pin="1"/><net_sink comp="541" pin=0"/></net>

<net id="546"><net_src comp="20" pin="0"/><net_sink comp="541" pin=1"/></net>

<net id="551"><net_src comp="508" pin="1"/><net_sink comp="547" pin=0"/></net>

<net id="552"><net_src comp="22" pin="0"/><net_sink comp="547" pin=1"/></net>

<net id="557"><net_src comp="505" pin="1"/><net_sink comp="553" pin=0"/></net>

<net id="558"><net_src comp="24" pin="0"/><net_sink comp="553" pin=1"/></net>

<net id="563"><net_src comp="502" pin="1"/><net_sink comp="559" pin=0"/></net>

<net id="564"><net_src comp="26" pin="0"/><net_sink comp="559" pin=1"/></net>

<net id="569"><net_src comp="499" pin="1"/><net_sink comp="565" pin=0"/></net>

<net id="570"><net_src comp="28" pin="0"/><net_sink comp="565" pin=1"/></net>

<net id="575"><net_src comp="496" pin="1"/><net_sink comp="571" pin=0"/></net>

<net id="576"><net_src comp="30" pin="0"/><net_sink comp="571" pin=1"/></net>

<net id="581"><net_src comp="493" pin="1"/><net_sink comp="577" pin=0"/></net>

<net id="582"><net_src comp="32" pin="0"/><net_sink comp="577" pin=1"/></net>

<net id="587"><net_src comp="490" pin="1"/><net_sink comp="583" pin=0"/></net>

<net id="588"><net_src comp="34" pin="0"/><net_sink comp="583" pin=1"/></net>

<net id="593"><net_src comp="487" pin="1"/><net_sink comp="589" pin=0"/></net>

<net id="594"><net_src comp="36" pin="0"/><net_sink comp="589" pin=1"/></net>

<net id="602"><net_src comp="98" pin="1"/><net_sink comp="599" pin=0"/></net>

<net id="603"><net_src comp="599" pin="1"/><net_sink comp="405" pin=1"/></net>

<net id="604"><net_src comp="599" pin="1"/><net_sink comp="420" pin=0"/></net>

<net id="605"><net_src comp="599" pin="1"/><net_sink comp="595" pin=1"/></net>

<net id="609"><net_src comp="102" pin="1"/><net_sink comp="606" pin=0"/></net>

<net id="610"><net_src comp="606" pin="1"/><net_sink comp="284" pin=33"/></net>

<net id="611"><net_src comp="606" pin="1"/><net_sink comp="520" pin=0"/></net>

<net id="615"><net_src comp="106" pin="1"/><net_sink comp="612" pin=0"/></net>

<net id="616"><net_src comp="612" pin="1"/><net_sink comp="284" pin=32"/></net>

<net id="617"><net_src comp="612" pin="1"/><net_sink comp="517" pin=0"/></net>

<net id="621"><net_src comp="110" pin="1"/><net_sink comp="618" pin=0"/></net>

<net id="622"><net_src comp="618" pin="1"/><net_sink comp="284" pin=31"/></net>

<net id="623"><net_src comp="618" pin="1"/><net_sink comp="514" pin=0"/></net>

<net id="627"><net_src comp="114" pin="1"/><net_sink comp="624" pin=0"/></net>

<net id="628"><net_src comp="624" pin="1"/><net_sink comp="284" pin=30"/></net>

<net id="629"><net_src comp="624" pin="1"/><net_sink comp="511" pin=0"/></net>

<net id="633"><net_src comp="118" pin="1"/><net_sink comp="630" pin=0"/></net>

<net id="634"><net_src comp="630" pin="1"/><net_sink comp="284" pin=29"/></net>

<net id="635"><net_src comp="630" pin="1"/><net_sink comp="508" pin=0"/></net>

<net id="639"><net_src comp="122" pin="1"/><net_sink comp="636" pin=0"/></net>

<net id="640"><net_src comp="636" pin="1"/><net_sink comp="284" pin=28"/></net>

<net id="641"><net_src comp="636" pin="1"/><net_sink comp="505" pin=0"/></net>

<net id="645"><net_src comp="126" pin="1"/><net_sink comp="642" pin=0"/></net>

<net id="646"><net_src comp="642" pin="1"/><net_sink comp="284" pin=27"/></net>

<net id="647"><net_src comp="642" pin="1"/><net_sink comp="502" pin=0"/></net>

<net id="651"><net_src comp="130" pin="1"/><net_sink comp="648" pin=0"/></net>

<net id="652"><net_src comp="648" pin="1"/><net_sink comp="284" pin=26"/></net>

<net id="653"><net_src comp="648" pin="1"/><net_sink comp="499" pin=0"/></net>

<net id="657"><net_src comp="134" pin="1"/><net_sink comp="654" pin=0"/></net>

<net id="658"><net_src comp="654" pin="1"/><net_sink comp="284" pin=25"/></net>

<net id="659"><net_src comp="654" pin="1"/><net_sink comp="496" pin=0"/></net>

<net id="663"><net_src comp="138" pin="1"/><net_sink comp="660" pin=0"/></net>

<net id="664"><net_src comp="660" pin="1"/><net_sink comp="284" pin=24"/></net>

<net id="665"><net_src comp="660" pin="1"/><net_sink comp="493" pin=0"/></net>

<net id="669"><net_src comp="142" pin="1"/><net_sink comp="666" pin=0"/></net>

<net id="670"><net_src comp="666" pin="1"/><net_sink comp="284" pin=23"/></net>

<net id="671"><net_src comp="666" pin="1"/><net_sink comp="490" pin=0"/></net>

<net id="675"><net_src comp="146" pin="1"/><net_sink comp="672" pin=0"/></net>

<net id="676"><net_src comp="672" pin="1"/><net_sink comp="284" pin=22"/></net>

<net id="677"><net_src comp="672" pin="1"/><net_sink comp="487" pin=0"/></net>

<net id="681"><net_src comp="180" pin="2"/><net_sink comp="678" pin=0"/></net>

<net id="682"><net_src comp="678" pin="1"/><net_sink comp="423" pin=1"/></net>

<net id="686"><net_src comp="410" pin="1"/><net_sink comp="683" pin=0"/></net>

<net id="687"><net_src comp="683" pin="1"/><net_sink comp="434" pin=0"/></net>

<net id="691"><net_src comp="414" pin="2"/><net_sink comp="688" pin=0"/></net>

<net id="698"><net_src comp="428" pin="2"/><net_sink comp="695" pin=0"/></net>

<net id="699"><net_src comp="695" pin="1"/><net_sink comp="595" pin=0"/></net>

<net id="703"><net_src comp="439" pin="4"/><net_sink comp="700" pin=0"/></net>

<net id="704"><net_src comp="700" pin="1"/><net_sink comp="479" pin=1"/></net>

<net id="708"><net_src comp="339" pin="1"/><net_sink comp="705" pin=0"/></net>

<net id="709"><net_src comp="705" pin="1"/><net_sink comp="284" pin=12"/></net>

<net id="713"><net_src comp="344" pin="1"/><net_sink comp="710" pin=0"/></net>

<net id="714"><net_src comp="710" pin="1"/><net_sink comp="284" pin=11"/></net>

<net id="718"><net_src comp="349" pin="1"/><net_sink comp="715" pin=0"/></net>

<net id="719"><net_src comp="715" pin="1"/><net_sink comp="284" pin=10"/></net>

<net id="723"><net_src comp="355" pin="1"/><net_sink comp="720" pin=0"/></net>

<net id="724"><net_src comp="720" pin="1"/><net_sink comp="284" pin=9"/></net>

<net id="728"><net_src comp="361" pin="1"/><net_sink comp="725" pin=0"/></net>

<net id="729"><net_src comp="725" pin="1"/><net_sink comp="284" pin=8"/></net>

<net id="733"><net_src comp="366" pin="1"/><net_sink comp="730" pin=0"/></net>

<net id="734"><net_src comp="730" pin="1"/><net_sink comp="284" pin=7"/></net>

<net id="738"><net_src comp="371" pin="1"/><net_sink comp="735" pin=0"/></net>

<net id="739"><net_src comp="735" pin="1"/><net_sink comp="284" pin=6"/></net>

<net id="743"><net_src comp="377" pin="1"/><net_sink comp="740" pin=0"/></net>

<net id="744"><net_src comp="740" pin="1"/><net_sink comp="284" pin=5"/></net>

<net id="748"><net_src comp="383" pin="1"/><net_sink comp="745" pin=0"/></net>

<net id="749"><net_src comp="745" pin="1"/><net_sink comp="284" pin=4"/></net>

<net id="753"><net_src comp="388" pin="1"/><net_sink comp="750" pin=0"/></net>

<net id="754"><net_src comp="750" pin="1"/><net_sink comp="284" pin=3"/></net>

<net id="758"><net_src comp="393" pin="1"/><net_sink comp="755" pin=0"/></net>

<net id="759"><net_src comp="755" pin="1"/><net_sink comp="284" pin=2"/></net>

<net id="763"><net_src comp="399" pin="1"/><net_sink comp="760" pin=0"/></net>

<net id="764"><net_src comp="760" pin="1"/><net_sink comp="284" pin=1"/></net>

<net id="768"><net_src comp="479" pin="3"/><net_sink comp="765" pin=0"/></net>

<net id="769"><net_src comp="765" pin="1"/><net_sink comp="284" pin=13"/></net>

</net_list>

</model> 
---------------- Datapath Model END ------------------

* FSMD analyzer results:
  - Output states:
	Port: demosaic_out_data216 | {}
	Port: impop_data1 | {4 5 }
	Port: hist_0 | {1 2 7 8 }
	Port: hist_1 | {1 2 7 8 }
	Port: hist_2 | {1 2 7 8 }
	Port: void_AWBhistogramkernel_Mat_Mat_unsigned_int_1024_float_float_float_float_5 | {6 }
	Port: void_AWBhistogramkernel_Mat_Mat_unsigned_int_1024_float_float_float_float_2 | {6 }
	Port: void_AWBhistogramkernel_Mat_Mat_unsigned_int_1024_float_float_float_float_11 | {6 }
	Port: void_AWBhistogramkernel_Mat_Mat_unsigned_int_1024_float_float_float_float_8 | {6 }
	Port: void_AWBhistogramkernel_Mat_Mat_unsigned_int_1024_float_float_float_float_4 | {6 }
	Port: void_AWBhistogramkernel_Mat_Mat_unsigned_int_1024_float_float_float_float_1 | {6 }
	Port: void_AWBhistogramkernel_Mat_Mat_unsigned_int_1024_float_float_float_float_10 | {6 }
	Port: void_AWBhistogramkernel_Mat_Mat_unsigned_int_1024_float_float_float_float_7 | {6 }
	Port: void_AWBhistogramkernel_Mat_Mat_unsigned_int_1024_float_float_float_float_3 | {6 }
	Port: void_AWBhistogramkernel_Mat_Mat_unsigned_int_1024_float_float_float_float | {6 }
	Port: void_AWBhistogramkernel_Mat_Mat_unsigned_int_1024_float_float_float_float_9 | {6 }
	Port: void_AWBhistogramkernel_Mat_Mat_unsigned_int_1024_float_float_float_float_6 | {6 }
 - Input state : 
	Port: AWBhistogramkernel<17, 17, 1080, 1920, 1, 3, 3, 21, 1, 1024> : p_read | {2 }
	Port: AWBhistogramkernel<17, 17, 1080, 1920, 1, 3, 3, 21, 1, 1024> : p_read1 | {2 }
	Port: AWBhistogramkernel<17, 17, 1080, 1920, 1, 3, 3, 21, 1, 1024> : demosaic_out_data216 | {4 5 }
	Port: AWBhistogramkernel<17, 17, 1080, 1920, 1, 3, 3, 21, 1, 1024> : impop_data1 | {}
	Port: AWBhistogramkernel<17, 17, 1080, 1920, 1, 3, 3, 21, 1, 1024> : hist_0 | {}
	Port: AWBhistogramkernel<17, 17, 1080, 1920, 1, 3, 3, 21, 1, 1024> : hist_1 | {}
	Port: AWBhistogramkernel<17, 17, 1080, 1920, 1, 3, 3, 21, 1, 1024> : hist_2 | {}
	Port: AWBhistogramkernel<17, 17, 1080, 1920, 1, 3, 3, 21, 1, 1024> : void_AWBhistogramkernel_Mat_Mat_unsigned_int_1024_float_float_float_float_5 | {3 4 }
	Port: AWBhistogramkernel<17, 17, 1080, 1920, 1, 3, 3, 21, 1, 1024> : void_AWBhistogramkernel_Mat_Mat_unsigned_int_1024_float_float_float_float_2 | {3 4 }
	Port: AWBhistogramkernel<17, 17, 1080, 1920, 1, 3, 3, 21, 1, 1024> : void_AWBhistogramkernel_Mat_Mat_unsigned_int_1024_float_float_float_float_11 | {3 4 }
	Port: AWBhistogramkernel<17, 17, 1080, 1920, 1, 3, 3, 21, 1, 1024> : void_AWBhistogramkernel_Mat_Mat_unsigned_int_1024_float_float_float_float_8 | {3 4 }
	Port: AWBhistogramkernel<17, 17, 1080, 1920, 1, 3, 3, 21, 1, 1024> : void_AWBhistogramkernel_Mat_Mat_unsigned_int_1024_float_float_float_float_4 | {3 4 }
	Port: AWBhistogramkernel<17, 17, 1080, 1920, 1, 3, 3, 21, 1, 1024> : void_AWBhistogramkernel_Mat_Mat_unsigned_int_1024_float_float_float_float_1 | {3 4 }
	Port: AWBhistogramkernel<17, 17, 1080, 1920, 1, 3, 3, 21, 1, 1024> : void_AWBhistogramkernel_Mat_Mat_unsigned_int_1024_float_float_float_float_10 | {3 4 }
	Port: AWBhistogramkernel<17, 17, 1080, 1920, 1, 3, 3, 21, 1, 1024> : void_AWBhistogramkernel_Mat_Mat_unsigned_int_1024_float_float_float_float_7 | {3 4 }
	Port: AWBhistogramkernel<17, 17, 1080, 1920, 1, 3, 3, 21, 1, 1024> : void_AWBhistogramkernel_Mat_Mat_unsigned_int_1024_float_float_float_float_3 | {3 4 }
	Port: AWBhistogramkernel<17, 17, 1080, 1920, 1, 3, 3, 21, 1, 1024> : void_AWBhistogramkernel_Mat_Mat_unsigned_int_1024_float_float_float_float | {3 4 }
	Port: AWBhistogramkernel<17, 17, 1080, 1920, 1, 3, 3, 21, 1, 1024> : void_AWBhistogramkernel_Mat_Mat_unsigned_int_1024_float_float_float_float_9 | {3 4 }
	Port: AWBhistogramkernel<17, 17, 1080, 1920, 1, 3, 3, 21, 1, 1024> : void_AWBhistogramkernel_Mat_Mat_unsigned_int_1024_float_float_float_float_6 | {3 4 }
  - Chain level:
	State 1
		call_ln0 : 1
		store_ln531 : 1
	State 2
	State 3
		icmp_ln531 : 1
		row_2 : 1
		br_ln531 : 2
		tmp_56 : 1
		zext_ln597 : 1
		tmp_hist_V_addr_1 : 2
		store_ln597 : 3
		zext_ln598 : 1
		tmp_hist1_V_addr_1 : 2
		store_ln598 : 3
		zext_ln597_1 : 1
		tmp_hist_V_1_addr_1 : 2
		store_ln597 : 3
		zext_ln598_1 : 1
		tmp_hist1_V_1_addr_1 : 2
		store_ln598 : 3
		zext_ln597_2 : 1
		tmp_hist_V_2_addr_1 : 2
		store_ln597 : 3
		zext_ln598_2 : 1
		tmp_hist1_V_2_addr_1 : 2
		store_ln598 : 3
	State 4
		call_ln585 : 1
	State 5
	State 6
		store_ln582 : 1
		store_ln583 : 1
		store_ln584 : 1
		store_ln585 : 1
		store_ln582 : 1
		store_ln583 : 1
		store_ln584 : 1
		store_ln585 : 1
		store_ln582 : 1
		store_ln583 : 1
		store_ln584 : 1
		store_ln585 : 1
	State 7
	State 8


============================================================
+ Verbose Summary: Datapath Resource usage 
============================================================

* Functional unit list:
|----------|---------------------------------------------------------------------------------|---------|---------|---------|
| Operation|                                 Functional Unit                                 |  Delay  |    FF   |   LUT   |
|----------|---------------------------------------------------------------------------------|---------|---------|---------|
|          |              grp_AWBhistogramkernel_Pipeline_INITIALIZE_HIST_fu_258             |    0    |    11   |    29   |
|   call   |           grp_AWBhistogramkernel_Pipeline_HIST_INITIALIZE_LOOP_fu_268           |    0    |    11   |    29   |
|          | grp_AWBhistogramkernel_17_17_1080_1920_1_3_3_21_1_1024_Pipeline_COL_LOOP_fu_284 |  2.856  |   765   |   497   |
|          |              grp_AWBhistogramkernel_Pipeline_MERGE_HIST_LOOP_fu_323             |  2.562  |   232   |   200   |
|----------|---------------------------------------------------------------------------------|---------|---------|---------|
|    add   |                                   row_2_fu_428                                  |    0    |    0    |    23   |
|          |                                 add_ln537_fu_434                                |    0    |    0    |    23   |
|----------|---------------------------------------------------------------------------------|---------|---------|---------|
|   icmp   |                                  cmp6214_fu_414                                 |    0    |    0    |    13   |
|          |                                icmp_ln531_fu_423                                |    0    |    0    |    13   |
|----------|---------------------------------------------------------------------------------|---------|---------|---------|
|   read   |                              p_read_27_read_fu_174                              |    0    |    0    |    0    |
|          |                              p_read220_read_fu_180                              |    0    |    0    |    0    |
|----------|---------------------------------------------------------------------------------|---------|---------|---------|
|          |                               p_read1_cast_fu_410                               |    0    |    0    |    0    |
|          |                                zext_ln597_fu_449                                |    0    |    0    |    0    |
|          |                                zext_ln598_fu_454                                |    0    |    0    |    0    |
|   zext   |                               zext_ln597_1_fu_459                               |    0    |    0    |    0    |
|          |                               zext_ln598_1_fu_464                               |    0    |    0    |    0    |
|          |                               zext_ln597_2_fu_469                               |    0    |    0    |    0    |
|          |                               zext_ln598_2_fu_474                               |    0    |    0    |    0    |
|----------|---------------------------------------------------------------------------------|---------|---------|---------|
|partselect|                                  tmp_56_fu_439                                  |    0    |    0    |    0    |
|----------|---------------------------------------------------------------------------------|---------|---------|---------|
|bitconcatenate|                                  tmp_57_fu_479                                  |    0    |    0    |    0    |
|----------|---------------------------------------------------------------------------------|---------|---------|---------|
|   Total  |                                                                                 |  5.418  |   1019  |   827   |
|----------|---------------------------------------------------------------------------------|---------|---------|---------|

Memories:
+-------------+--------+--------+--------+
|             |  BRAM  |   FF   |   LUT  |
+-------------+--------+--------+--------+
| tmp_hist1_V |    2   |    0   |    0   |
|tmp_hist1_V_1|    2   |    0   |    0   |
|tmp_hist1_V_2|    2   |    0   |    0   |
|  tmp_hist_V |    2   |    0   |    0   |
| tmp_hist_V_1|    2   |    0   |    0   |
| tmp_hist_V_2|    2   |    0   |    0   |
+-------------+--------+--------+--------+
|    Total    |   12   |    0   |    0   |
+-------------+--------+--------+--------+

* Register list:
+------------------------------------------------------------------------------------+--------+
|                                                                                    |   FF   |
+------------------------------------------------------------------------------------+--------+
|                                   cmp6214_reg_688                                  |    1   |
|                                p_read1_cast_reg_683                                |   17   |
|                                  p_read220_reg_678                                 |   16   |
|                                    row_2_reg_695                                   |   16   |
|                                     row_reg_599                                    |   16   |
|                                 tmp1_3_loc_reg_612                                 |   32   |
|                                 tmp1_4_loc_reg_636                                 |   32   |
|                                 tmp1_5_loc_reg_660                                 |   32   |
|                                  tmp_3_loc_reg_606                                 |   32   |
|                                  tmp_4_loc_reg_630                                 |   32   |
|                                   tmp_56_reg_700                                   |   16   |
|                                   tmp_57_reg_765                                   |   17   |
|                                  tmp_5_loc_reg_654                                 |   32   |
|                               tmp_acc1_2_loc_reg_648                               |   32   |
|                               tmp_acc1_4_loc_reg_672                               |   32   |
|                                tmp_acc1_loc_reg_624                                |   32   |
|                                tmp_acc_2_loc_reg_642                               |   32   |
|                                tmp_acc_4_loc_reg_666                               |   32   |
|                                 tmp_acc_loc_reg_618                                |   32   |
|void_AWBhistogramkernel_Mat_Mat_unsigned_int_1024_float_float_float_float_36_reg_705|   32   |
|void_AWBhistogramkernel_Mat_Mat_unsigned_int_1024_float_float_float_float_37_reg_710|   32   |
|void_AWBhistogramkernel_Mat_Mat_unsigned_int_1024_float_float_float_float_38_reg_715|   32   |
|void_AWBhistogramkernel_Mat_Mat_unsigned_int_1024_float_float_float_float_39_reg_720|   32   |
|void_AWBhistogramkernel_Mat_Mat_unsigned_int_1024_float_float_float_float_40_reg_725|   32   |
|void_AWBhistogramkernel_Mat_Mat_unsigned_int_1024_float_float_float_float_41_reg_730|   32   |
|void_AWBhistogramkernel_Mat_Mat_unsigned_int_1024_float_float_float_float_42_reg_735|   32   |
|void_AWBhistogramkernel_Mat_Mat_unsigned_int_1024_float_float_float_float_43_reg_740|   32   |
|void_AWBhistogramkernel_Mat_Mat_unsigned_int_1024_float_float_float_float_44_reg_745|   32   |
|void_AWBhistogramkernel_Mat_Mat_unsigned_int_1024_float_float_float_float_45_reg_750|   32   |
|void_AWBhistogramkernel_Mat_Mat_unsigned_int_1024_float_float_float_float_46_reg_755|   32   |
|void_AWBhistogramkernel_Mat_Mat_unsigned_int_1024_float_float_float_float_47_reg_760|   32   |
+------------------------------------------------------------------------------------+--------+
|                                        Total                                       |   867  |
+------------------------------------------------------------------------------------+--------+

* Multiplexer (MUX) list: 
|---------------------------------------------------------------------------------|------|------|------|--------||---------||---------|
|                                       Comp                                      |  Pin | Size |  BW  | S x BW ||  Delay  ||   LUT   |
|---------------------------------------------------------------------------------|------|------|------|--------||---------||---------|
| grp_AWBhistogramkernel_17_17_1080_1920_1_3_3_21_1_1024_Pipeline_COL_LOOP_fu_284 |  p1  |   2  |  32  |   64   ||    9    |
| grp_AWBhistogramkernel_17_17_1080_1920_1_3_3_21_1_1024_Pipeline_COL_LOOP_fu_284 |  p2  |   2  |  32  |   64   ||    9    |
| grp_AWBhistogramkernel_17_17_1080_1920_1_3_3_21_1_1024_Pipeline_COL_LOOP_fu_284 |  p3  |   2  |  32  |   64   ||    9    |
| grp_AWBhistogramkernel_17_17_1080_1920_1_3_3_21_1_1024_Pipeline_COL_LOOP_fu_284 |  p4  |   2  |  32  |   64   ||    9    |
| grp_AWBhistogramkernel_17_17_1080_1920_1_3_3_21_1_1024_Pipeline_COL_LOOP_fu_284 |  p5  |   2  |  32  |   64   ||    9    |
| grp_AWBhistogramkernel_17_17_1080_1920_1_3_3_21_1_1024_Pipeline_COL_LOOP_fu_284 |  p6  |   2  |  32  |   64   ||    9    |
| grp_AWBhistogramkernel_17_17_1080_1920_1_3_3_21_1_1024_Pipeline_COL_LOOP_fu_284 |  p7  |   2  |  32  |   64   ||    9    |
| grp_AWBhistogramkernel_17_17_1080_1920_1_3_3_21_1_1024_Pipeline_COL_LOOP_fu_284 |  p8  |   2  |  32  |   64   ||    9    |
| grp_AWBhistogramkernel_17_17_1080_1920_1_3_3_21_1_1024_Pipeline_COL_LOOP_fu_284 |  p9  |   2  |  32  |   64   ||    9    |
| grp_AWBhistogramkernel_17_17_1080_1920_1_3_3_21_1_1024_Pipeline_COL_LOOP_fu_284 |  p10 |   2  |  32  |   64   ||    9    |
| grp_AWBhistogramkernel_17_17_1080_1920_1_3_3_21_1_1024_Pipeline_COL_LOOP_fu_284 |  p11 |   2  |  32  |   64   ||    9    |
| grp_AWBhistogramkernel_17_17_1080_1920_1_3_3_21_1_1024_Pipeline_COL_LOOP_fu_284 |  p12 |   2  |  32  |   64   ||    9    |
| grp_AWBhistogramkernel_17_17_1080_1920_1_3_3_21_1_1024_Pipeline_COL_LOOP_fu_284 |  p13 |   2  |  17  |   34   ||    9    |
|---------------------------------------------------------------------------------|------|------|------|--------||---------||---------|
|                                      Total                                      |      |      |      |   802  ||  5.551  ||   117   |
|---------------------------------------------------------------------------------|------|------|------|--------||---------||---------|



* Summary:
+-----------+--------+--------+--------+--------+
|           |  BRAM  |  Delay |   FF   |   LUT  |
+-----------+--------+--------+--------+--------+
|  Function |    -   |    5   |  1019  |   827  |
|   Memory  |   12   |    -   |    0   |    0   |
|Multiplexer|    -   |    5   |    -   |   117  |
|  Register |    -   |    -   |   867  |    -   |
+-----------+--------+--------+--------+--------+
|   Total   |   12   |   10   |  1886  |   944  |
+-----------+--------+--------+--------+--------+
