

================================================================
== Vitis HLS Report for 'AWBNormalizationkernel_17_17_1080_1920_1_3_3_21_1_1024_s'
================================================================
* Date:           Thu Mar  5 08:42:57 2026

* Version:        2022.2 (Build 3670227 on Oct 13 2022)
* Project:        isppipeline.prj
* Solution:       sol1 (Vivado IP Flow Target)
* Product family: zynquplus
* Target device:  xck26-sfvc784-2LV-c


================================================================
== Performance Estimates
================================================================
+ Timing: 
    * Summary: 
    +--------+---------+----------+------------+
    |  Clock |  Target | Estimated| Uncertainty|
    +--------+---------+----------+------------+
    |ap_clk  |  3.30 ns|  2.365 ns|     0.89 ns|
    +--------+---------+----------+------------+

+ Latency: 
    * Summary: 
    +---------+---------+----------+----------+---------+---------+---------+
    |  Latency (cycles) |  Latency (absolute) |      Interval     | Pipeline|
    |   min   |   max   |    min   |    max   |   min   |   max   |   Type  |
    +---------+---------+----------+----------+---------+---------+---------+
    |  2090125|  2090227|  6.897 ms|  6.898 ms|  2090125|  2090227|       no|
    +---------+---------+----------+----------+---------+---------+---------+

    + Detail: 
        * Instance: 
        N/A

        * Loop: 
        +--------------------+---------+---------+----------+-----------+-----------+------+----------+
        |                    |  Latency (cycles) | Iteration|  Initiation Interval  | Trip |          |
        |      Loop Name     |   min   |   max   |  Latency |  achieved |   target  | Count| Pipelined|
        +--------------------+---------+---------+----------+-----------+-----------+------+----------+
        |- VITIS_LOOP_316_1  |     4626|     4626|      1542|          -|          -|     3|        no|
        |- Row_Loop1         |  2085480|  2085480|      1931|          -|          -|  1080|        no|
        +--------------------+---------+---------+----------+-----------+-----------+------+----------+

============================================================
+ Verbose Summary: Synthesis Manager
============================================================
InlineROM: 1
ExposeGlobal: 0
============================================================
+ Verbose Summary: CDFG Model
============================================================
IsTopModel: 0
ResetActiveHigh: 1
IsCombinational: 0
IsDatapathOnly: 0
HasWiredReturn: 1
HasMFsm: 0
HasVarLatency: 1
IsPipeline: 0
IsRtlPipelined: 0
IsInstanceOverlapped: 0
IsDontTouch: 0
HasImplIP: 0
IsGatedGlobalClock: 0


============================================================
+ Verbose Summary: Schedule
============================================================
* Number of FSM states : 127
* Pipeline : 0
* Dataflow Pipeline: 0

* FSM state transitions: 
1 --> 2 
2 --> 3 
3 --> 4 
4 --> 5 
5 --> 6 
6 --> 7 
7 --> 8 
8 --> 9 
9 --> 10 
10 --> 11 
11 --> 12 
12 --> 13 
13 --> 14 
14 --> 15 
15 --> 16 
16 --> 17 20 54 
17 --> 18 
18 --> 19 
19 --> 16 
20 --> 21 
21 --> 22 
22 --> 23 
23 --> 24 
24 --> 25 
25 --> 26 
26 --> 27 
27 --> 28 
28 --> 29 
29 --> 30 
30 --> 31 
31 --> 32 
32 --> 33 
33 --> 34 
34 --> 35 
35 --> 36 
36 --> 37 
37 --> 38 
38 --> 39 
39 --> 40 
40 --> 41 
41 --> 42 
42 --> 43 
43 --> 44 
44 --> 45 
45 --> 46 
46 --> 47 
47 --> 48 
48 --> 49 
49 --> 50 
50 --> 51 
51 --> 52 
52 --> 53 
53 --> 54 
54 --> 55 89 
55 --> 56 
56 --> 57 
57 --> 58 
58 --> 59 
59 --> 60 
60 --> 61 
61 --> 62 
62 --> 63 
63 --> 64 
64 --> 65 
65 --> 66 
66 --> 67 
67 --> 68 
68 --> 69 
69 --> 70 
70 --> 71 
71 --> 72 
72 --> 73 
73 --> 74 
74 --> 75 
75 --> 76 
76 --> 77 
77 --> 78 
78 --> 79 
79 --> 80 
80 --> 81 
81 --> 82 
82 --> 83 
83 --> 84 
84 --> 85 
85 --> 86 
86 --> 87 
87 --> 88 
88 --> 89 
89 --> 90 124 
90 --> 91 
91 --> 92 
92 --> 93 
93 --> 94 
94 --> 95 
95 --> 96 
96 --> 97 
97 --> 98 
98 --> 99 
99 --> 100 
100 --> 101 
101 --> 102 
102 --> 103 
103 --> 104 
104 --> 105 
105 --> 106 
106 --> 107 
107 --> 108 
108 --> 109 
109 --> 110 
110 --> 111 
111 --> 112 
112 --> 113 
113 --> 114 
114 --> 115 
115 --> 116 
116 --> 117 
117 --> 118 
118 --> 119 
119 --> 120 
120 --> 121 
121 --> 122 
122 --> 123 
123 --> 124 
124 --> 125 
125 --> 126 
126 --> 127 
127 --> 125 

* FSM state operations: 

State 1 <SV = 0> <Delay = 2.30>
ST_1 : Operation 128 [1/1] (0.00ns)   --->   "%j = alloca i32 1"   --->   Operation 128 'alloca' 'j' <Predicate = true> <Delay = 0.00>
ST_1 : Operation 129 [1/1] (0.00ns)   --->   "%empty = alloca i32 1"   --->   Operation 129 'alloca' 'empty' <Predicate = true> <Delay = 0.00>
ST_1 : Operation 130 [1/1] (0.00ns)   --->   "%empty_289 = alloca i32 1"   --->   Operation 130 'alloca' 'empty_289' <Predicate = true> <Delay = 0.00>
ST_1 : Operation 131 [1/1] (0.00ns)   --->   "%empty_290 = alloca i32 1"   --->   Operation 131 'alloca' 'empty_290' <Predicate = true> <Delay = 0.00>
ST_1 : Operation 132 [1/1] (0.00ns)   --->   "%empty_291 = alloca i32 1"   --->   Operation 132 'alloca' 'empty_291' <Predicate = true> <Delay = 0.00>
ST_1 : Operation 133 [1/1] (0.00ns)   --->   "%empty_292 = alloca i32 1"   --->   Operation 133 'alloca' 'empty_292' <Predicate = true> <Delay = 0.00>
ST_1 : Operation 134 [1/1] (0.00ns)   --->   "%empty_293 = alloca i32 1"   --->   Operation 134 'alloca' 'empty_293' <Predicate = true> <Delay = 0.00>
ST_1 : Operation 135 [1/1] (0.00ns)   --->   "%p_read_294 = read i32 @_ssdm_op_Read.ap_auto.float, i32 %p"   --->   Operation 135 'read' 'p_read_294' <Predicate = true> <Delay = 0.00>
ST_1 : Operation 136 [1/1] (0.00ns)   --->   "%minValue_V = alloca i64 1" [../../../../../overlays/Vitis_Libraries/vision//L1/include/imgproc/xf_autowhitebalance.hpp:301]   --->   Operation 136 'alloca' 'minValue_V' <Predicate = true> <Delay = 0.00>
ST_1 : Operation 137 [1/1] (0.00ns)   --->   "%minValue_V_4 = alloca i64 1" [../../../../../overlays/Vitis_Libraries/vision//L1/include/imgproc/xf_autowhitebalance.hpp:301]   --->   Operation 137 'alloca' 'minValue_V_4' <Predicate = true> <Delay = 0.00>
ST_1 : Operation 138 [1/1] (0.00ns)   --->   "%minValue_V_5 = alloca i64 1" [../../../../../overlays/Vitis_Libraries/vision//L1/include/imgproc/xf_autowhitebalance.hpp:301]   --->   Operation 138 'alloca' 'minValue_V_5' <Predicate = true> <Delay = 0.00>
ST_1 : Operation 139 [1/1] (0.00ns)   --->   "%maxValue_V = alloca i64 1" [../../../../../overlays/Vitis_Libraries/vision//L1/include/imgproc/xf_autowhitebalance.hpp:302]   --->   Operation 139 'alloca' 'maxValue_V' <Predicate = true> <Delay = 0.00>
ST_1 : Operation 140 [1/1] (0.00ns)   --->   "%maxValue_V_4 = alloca i64 1" [../../../../../overlays/Vitis_Libraries/vision//L1/include/imgproc/xf_autowhitebalance.hpp:302]   --->   Operation 140 'alloca' 'maxValue_V_4' <Predicate = true> <Delay = 0.00>
ST_1 : Operation 141 [1/1] (0.00ns)   --->   "%maxValue_V_5 = alloca i64 1" [../../../../../overlays/Vitis_Libraries/vision//L1/include/imgproc/xf_autowhitebalance.hpp:302]   --->   Operation 141 'alloca' 'maxValue_V_5' <Predicate = true> <Delay = 0.00>
ST_1 : Operation 142 [1/1] (0.00ns)   --->   "%store_ln301 = store i18 262112, i18 %minValue_V" [../../../../../overlays/Vitis_Libraries/vision//L1/include/imgproc/xf_autowhitebalance.hpp:301]   --->   Operation 142 'store' 'store_ln301' <Predicate = true> <Delay = 0.00>
ST_1 : Operation 143 [1/1] (0.00ns)   --->   "%store_ln301 = store i18 262112, i18 %minValue_V_4" [../../../../../overlays/Vitis_Libraries/vision//L1/include/imgproc/xf_autowhitebalance.hpp:301]   --->   Operation 143 'store' 'store_ln301' <Predicate = true> <Delay = 0.00>
ST_1 : Operation 144 [1/1] (0.00ns)   --->   "%store_ln301 = store i18 262112, i18 %minValue_V_5" [../../../../../overlays/Vitis_Libraries/vision//L1/include/imgproc/xf_autowhitebalance.hpp:301]   --->   Operation 144 'store' 'store_ln301' <Predicate = true> <Delay = 0.00>
ST_1 : Operation 145 [1/1] (0.00ns)   --->   "%store_ln302 = store i18 65504, i18 %maxValue_V" [../../../../../overlays/Vitis_Libraries/vision//L1/include/imgproc/xf_autowhitebalance.hpp:302]   --->   Operation 145 'store' 'store_ln302' <Predicate = true> <Delay = 0.00>
ST_1 : Operation 146 [1/1] (0.00ns)   --->   "%store_ln302 = store i18 65504, i18 %maxValue_V_4" [../../../../../overlays/Vitis_Libraries/vision//L1/include/imgproc/xf_autowhitebalance.hpp:302]   --->   Operation 146 'store' 'store_ln302' <Predicate = true> <Delay = 0.00>
ST_1 : Operation 147 [1/1] (0.00ns)   --->   "%store_ln302 = store i18 65504, i18 %maxValue_V_5" [../../../../../overlays/Vitis_Libraries/vision//L1/include/imgproc/xf_autowhitebalance.hpp:302]   --->   Operation 147 'store' 'store_ln302' <Predicate = true> <Delay = 0.00>
ST_1 : Operation 148 [2/2] (2.30ns)   --->   "%d = fpext i32 %p_read_294"   --->   Operation 148 'fpext' 'd' <Predicate = true> <Delay = 2.30> <CoreInst = "Float2Double">   --->   Core 64 'Float2Double' <Latency = 1> <II = 1> <Delay = 2.30> <FuncUnit> <Opcode : 'fpext'> <InPorts = 1> <OutPorts = 1>
ST_1 : Operation 149 [1/1] (0.00ns)   --->   "%store_ln316 = store i18 262112, i18 %empty_293" [../../../../../overlays/Vitis_Libraries/vision//L1/include/imgproc/xf_autowhitebalance.hpp:316]   --->   Operation 149 'store' 'store_ln316' <Predicate = true> <Delay = 0.00>
ST_1 : Operation 150 [1/1] (0.00ns)   --->   "%store_ln316 = store i18 65504, i18 %empty_292" [../../../../../overlays/Vitis_Libraries/vision//L1/include/imgproc/xf_autowhitebalance.hpp:316]   --->   Operation 150 'store' 'store_ln316' <Predicate = true> <Delay = 0.00>
ST_1 : Operation 151 [1/1] (0.00ns)   --->   "%store_ln316 = store i18 262112, i18 %empty_291" [../../../../../overlays/Vitis_Libraries/vision//L1/include/imgproc/xf_autowhitebalance.hpp:316]   --->   Operation 151 'store' 'store_ln316' <Predicate = true> <Delay = 0.00>
ST_1 : Operation 152 [1/1] (0.00ns)   --->   "%store_ln316 = store i18 65504, i18 %empty_290" [../../../../../overlays/Vitis_Libraries/vision//L1/include/imgproc/xf_autowhitebalance.hpp:316]   --->   Operation 152 'store' 'store_ln316' <Predicate = true> <Delay = 0.00>
ST_1 : Operation 153 [1/1] (0.00ns)   --->   "%store_ln316 = store i18 262112, i18 %empty_289" [../../../../../overlays/Vitis_Libraries/vision//L1/include/imgproc/xf_autowhitebalance.hpp:316]   --->   Operation 153 'store' 'store_ln316' <Predicate = true> <Delay = 0.00>
ST_1 : Operation 154 [1/1] (0.00ns)   --->   "%store_ln316 = store i18 65504, i18 %empty" [../../../../../overlays/Vitis_Libraries/vision//L1/include/imgproc/xf_autowhitebalance.hpp:316]   --->   Operation 154 'store' 'store_ln316' <Predicate = true> <Delay = 0.00>
ST_1 : Operation 155 [1/1] (0.42ns)   --->   "%store_ln316 = store i2 0, i2 %j" [../../../../../overlays/Vitis_Libraries/vision//L1/include/imgproc/xf_autowhitebalance.hpp:316]   --->   Operation 155 'store' 'store_ln316' <Predicate = true> <Delay = 0.42>

State 2 <SV = 1> <Delay = 2.30>
ST_2 : Operation 156 [1/1] (0.00ns)   --->   "%p_read_29 = read i16 @_ssdm_op_Read.ap_auto.i16, i16 %p_read1"   --->   Operation 156 'read' 'p_read_29' <Predicate = true> <Delay = 0.00>
ST_2 : Operation 157 [1/1] (0.00ns)   --->   "%p_read_30 = read i16 @_ssdm_op_Read.ap_auto.i16, i16 %p_read"   --->   Operation 157 'read' 'p_read_30' <Predicate = true> <Delay = 0.00>
ST_2 : Operation 158 [1/1] (0.00ns)   --->   "%p_read1_cast = zext i16 %p_read_29"   --->   Operation 158 'zext' 'p_read1_cast' <Predicate = true> <Delay = 0.00>
ST_2 : Operation 159 [1/1] (0.00ns)   --->   "%p_read_cast = zext i16 %p_read_30"   --->   Operation 159 'zext' 'p_read_cast' <Predicate = true> <Delay = 0.00>
ST_2 : Operation 160 [4/4] (0.53ns) (root node of the DSP)   --->   "%total = mul i32 %p_read_cast, i32 %p_read1_cast" [../../../../../overlays/Vitis_Libraries/vision//L1/include/imgproc/xf_autowhitebalance.hpp:298]   --->   Operation 160 'mul' 'total' <Predicate = true> <Delay = 0.53> <CoreInst = "DSP48">   --->   Core 127 'DSP48' <Latency = 3> <II = 1> <Delay = 0.53> <IPBlock> <Opcode : 'mul' 'add' 'sub' 'select'> <InPorts = 0> <OutPorts = 1> <Sync> <CReg>
ST_2 : Operation 161 [1/2] (2.30ns)   --->   "%d = fpext i32 %p_read_294"   --->   Operation 161 'fpext' 'd' <Predicate = true> <Delay = 2.30> <CoreInst = "Float2Double">   --->   Core 64 'Float2Double' <Latency = 1> <II = 1> <Delay = 2.30> <FuncUnit> <Opcode : 'fpext'> <InPorts = 1> <OutPorts = 1>
ST_2 : Operation 162 [1/1] (0.00ns)   --->   "%ireg = bitcast i64 %d"   --->   Operation 162 'bitcast' 'ireg' <Predicate = true> <Delay = 0.00>
ST_2 : Operation 163 [1/1] (0.00ns)   --->   "%trunc_ln544 = trunc i64 %ireg"   --->   Operation 163 'trunc' 'trunc_ln544' <Predicate = true> <Delay = 0.00>
ST_2 : Operation 164 [1/1] (0.00ns)   --->   "%p_Result_17 = bitselect i1 @_ssdm_op_BitSelect.i1.i64.i32, i64 %ireg, i32 63"   --->   Operation 164 'bitselect' 'p_Result_17' <Predicate = true> <Delay = 0.00>
ST_2 : Operation 165 [1/1] (0.00ns)   --->   "%exp_tmp = partselect i11 @_ssdm_op_PartSelect.i11.i64.i32.i32, i64 %ireg, i32 52, i32 62"   --->   Operation 165 'partselect' 'exp_tmp' <Predicate = true> <Delay = 0.00>
ST_2 : Operation 166 [1/1] (0.00ns)   --->   "%trunc_ln554 = trunc i64 %ireg"   --->   Operation 166 'trunc' 'trunc_ln554' <Predicate = true> <Delay = 0.00>

State 3 <SV = 2> <Delay = 2.15>
ST_3 : Operation 167 [3/4] (0.53ns) (root node of the DSP)   --->   "%total = mul i32 %p_read_cast, i32 %p_read1_cast" [../../../../../overlays/Vitis_Libraries/vision//L1/include/imgproc/xf_autowhitebalance.hpp:298]   --->   Operation 167 'mul' 'total' <Predicate = true> <Delay = 0.53> <CoreInst = "DSP48">   --->   Core 127 'DSP48' <Latency = 3> <II = 1> <Delay = 0.53> <IPBlock> <Opcode : 'mul' 'add' 'sub' 'select'> <InPorts = 0> <OutPorts = 1> <Sync> <CReg>
ST_3 : Operation 168 [1/1] (0.00ns)   --->   "%zext_ln455 = zext i11 %exp_tmp"   --->   Operation 168 'zext' 'zext_ln455' <Predicate = true> <Delay = 0.00>
ST_3 : Operation 169 [1/1] (0.00ns)   --->   "%p_Result_18 = bitconcatenate i53 @_ssdm_op_BitConcatenate.i53.i1.i52, i1 1, i52 %trunc_ln554"   --->   Operation 169 'bitconcatenate' 'p_Result_18' <Predicate = true> <Delay = 0.00>
ST_3 : Operation 170 [1/1] (0.00ns)   --->   "%zext_ln558 = zext i53 %p_Result_18"   --->   Operation 170 'zext' 'zext_ln558' <Predicate = true> <Delay = 0.00>
ST_3 : Operation 171 [1/1] (1.10ns)   --->   "%man_V_1 = sub i54 0, i54 %zext_ln558"   --->   Operation 171 'sub' 'man_V_1' <Predicate = (p_Result_17)> <Delay = 1.10> <CoreInst = "Adder">   --->   Core 1 'Adder' <Latency = 0> <II = 1> <Delay = 1.10> <FuncUnit> <Opcode : 'add' 'sub'> <InPorts = 2> <OutPorts = 1>
ST_3 : Operation 172 [1/1] (0.40ns)   --->   "%man_V_2 = select i1 %p_Result_17, i54 %man_V_1, i54 %zext_ln558"   --->   Operation 172 'select' 'man_V_2' <Predicate = true> <Delay = 0.40> <CoreInst = "Sel">   --->   Core 73 'Sel' <Latency = 0> <II = 1> <Delay = 0.40> <FuncUnit> <Opcode : 'select'> <InPorts = 3> <OutPorts = 1>
ST_3 : Operation 173 [1/1] (1.13ns)   --->   "%icmp_ln560 = icmp_eq  i63 %trunc_ln544, i63 0"   --->   Operation 173 'icmp' 'icmp_ln560' <Predicate = true> <Delay = 1.13> <CoreInst = "Cmp">   --->   Core 9 'Cmp' <Latency = 0> <II = 1> <Delay = 1.13> <FuncUnit> <Opcode : 'icmp'> <InPorts = 2> <OutPorts = 1>
ST_3 : Operation 174 [1/1] (0.80ns)   --->   "%F2 = sub i12 1075, i12 %zext_ln455"   --->   Operation 174 'sub' 'F2' <Predicate = true> <Delay = 0.80> <CoreInst = "Adder">   --->   Core 1 'Adder' <Latency = 0> <II = 1> <Delay = 0.80> <FuncUnit> <Opcode : 'add' 'sub'> <InPorts = 2> <OutPorts = 1>
ST_3 : Operation 175 [1/1] (0.97ns)   --->   "%icmp_ln570 = icmp_sgt  i12 %F2, i12 14"   --->   Operation 175 'icmp' 'icmp_ln570' <Predicate = true> <Delay = 0.97> <CoreInst = "Cmp">   --->   Core 9 'Cmp' <Latency = 0> <II = 1> <Delay = 0.97> <FuncUnit> <Opcode : 'icmp'> <InPorts = 2> <OutPorts = 1>
ST_3 : Operation 176 [1/1] (0.80ns)   --->   "%add_ln570 = add i12 %F2, i12 4082"   --->   Operation 176 'add' 'add_ln570' <Predicate = true> <Delay = 0.80> <CoreInst = "Adder">   --->   Core 1 'Adder' <Latency = 0> <II = 1> <Delay = 0.80> <FuncUnit> <Opcode : 'add' 'sub'> <InPorts = 2> <OutPorts = 1>
ST_3 : Operation 177 [1/1] (0.80ns)   --->   "%sub_ln570 = sub i12 14, i12 %F2"   --->   Operation 177 'sub' 'sub_ln570' <Predicate = true> <Delay = 0.80> <CoreInst = "Adder">   --->   Core 1 'Adder' <Latency = 0> <II = 1> <Delay = 0.80> <FuncUnit> <Opcode : 'add' 'sub'> <InPorts = 2> <OutPorts = 1>
ST_3 : Operation 178 [1/1] (0.37ns)   --->   "%sh_amt = select i1 %icmp_ln570, i12 %add_ln570, i12 %sub_ln570"   --->   Operation 178 'select' 'sh_amt' <Predicate = true> <Delay = 0.37> <CoreInst = "Sel">   --->   Core 73 'Sel' <Latency = 0> <II = 1> <Delay = 0.37> <FuncUnit> <Opcode : 'select'> <InPorts = 3> <OutPorts = 1>
ST_3 : Operation 179 [1/1] (0.97ns)   --->   "%icmp_ln571 = icmp_eq  i12 %F2, i12 14"   --->   Operation 179 'icmp' 'icmp_ln571' <Predicate = true> <Delay = 0.97> <CoreInst = "Cmp">   --->   Core 9 'Cmp' <Latency = 0> <II = 1> <Delay = 0.97> <FuncUnit> <Opcode : 'icmp'> <InPorts = 2> <OutPorts = 1>
ST_3 : Operation 180 [1/1] (0.00ns)   --->   "%trunc_ln572 = trunc i54 %man_V_2"   --->   Operation 180 'trunc' 'trunc_ln572' <Predicate = true> <Delay = 0.00>

State 4 <SV = 3> <Delay = 2.19>
ST_4 : Operation 181 [2/4] (0.53ns) (root node of the DSP)   --->   "%total = mul i32 %p_read_cast, i32 %p_read1_cast" [../../../../../overlays/Vitis_Libraries/vision//L1/include/imgproc/xf_autowhitebalance.hpp:298]   --->   Operation 181 'mul' 'total' <Predicate = true> <Delay = 0.53> <CoreInst = "DSP48">   --->   Core 127 'DSP48' <Latency = 3> <II = 1> <Delay = 0.53> <IPBlock> <Opcode : 'mul' 'add' 'sub' 'select'> <InPorts = 0> <OutPorts = 1> <Sync> <CReg>
ST_4 : Operation 182 [1/1] (0.00ns)   --->   "%sext_ln570 = sext i12 %sh_amt"   --->   Operation 182 'sext' 'sext_ln570' <Predicate = (!icmp_ln560)> <Delay = 0.00>
ST_4 : Operation 183 [1/1] (0.97ns)   --->   "%icmp_ln574 = icmp_ult  i12 %sh_amt, i12 54"   --->   Operation 183 'icmp' 'icmp_ln574' <Predicate = (!icmp_ln560)> <Delay = 0.97> <CoreInst = "Cmp">   --->   Core 9 'Cmp' <Latency = 0> <II = 1> <Delay = 0.97> <FuncUnit> <Opcode : 'icmp'> <InPorts = 2> <OutPorts = 1>
ST_4 : Operation 184 [1/1] (0.97ns)   --->   "%icmp_ln592 = icmp_ult  i12 %sh_amt, i12 18"   --->   Operation 184 'icmp' 'icmp_ln592' <Predicate = (!icmp_ln560)> <Delay = 0.97> <CoreInst = "Cmp">   --->   Core 9 'Cmp' <Latency = 0> <II = 1> <Delay = 0.97> <FuncUnit> <Opcode : 'icmp'> <InPorts = 2> <OutPorts = 1>
ST_4 : Operation 185 [1/1] (0.00ns) (grouped into LUT with out node select_ln571)   --->   "%sext_ln570cast = trunc i32 %sext_ln570"   --->   Operation 185 'trunc' 'sext_ln570cast' <Predicate = (!icmp_ln560)> <Delay = 0.00>
ST_4 : Operation 186 [1/1] (0.00ns) (grouped into LUT with out node select_ln571)   --->   "%shl_ln593 = shl i18 %trunc_ln572, i18 %sext_ln570cast"   --->   Operation 186 'shl' 'shl_ln593' <Predicate = (!icmp_ln560)> <Delay = 0.00> <CoreInst = "Shifter">   --->   Core 75 'Shifter' <Latency = 0> <II = 1> <Delay = 1.21> <FuncUnit> <Opcode : 'shl' 'lshr' 'ashr'> <InPorts = 2> <OutPorts = 1>
ST_4 : Operation 187 [1/1] (0.00ns) (grouped into LUT with out node select_ln571)   --->   "%select_ln592 = select i1 %icmp_ln592, i18 %shl_ln593, i18 0"   --->   Operation 187 'select' 'select_ln592' <Predicate = (!icmp_ln560)> <Delay = 0.00> <CoreInst = "Sel">   --->   Core 73 'Sel' <Latency = 0> <II = 1> <Delay = 0.36> <FuncUnit> <Opcode : 'select'> <InPorts = 3> <OutPorts = 1>
ST_4 : Operation 188 [1/1] (0.00ns) (grouped into LUT with out node select_ln571)   --->   "%xor_ln560 = xor i1 %icmp_ln560, i1 1"   --->   Operation 188 'xor' 'xor_ln560' <Predicate = (!icmp_ln560)> <Delay = 0.00> <CoreInst = "LogicGate">   --->   Core 74 'LogicGate' <Latency = 0> <II = 1> <Delay = 0.28> <FuncUnit> <Opcode : 'and' 'or' 'xor'> <InPorts = 2> <OutPorts = 1>
ST_4 : Operation 189 [1/1] (0.00ns) (grouped into LUT with out node select_ln571)   --->   "%and_ln571 = and i1 %icmp_ln571, i1 %xor_ln560"   --->   Operation 189 'and' 'and_ln571' <Predicate = (!icmp_ln560)> <Delay = 0.00> <CoreInst = "LogicGate">   --->   Core 74 'LogicGate' <Latency = 0> <II = 1> <Delay = 0.28> <FuncUnit> <Opcode : 'and' 'or' 'xor'> <InPorts = 2> <OutPorts = 1>
ST_4 : Operation 190 [1/1] (1.21ns) (out node of the LUT)   --->   "%select_ln571 = select i1 %and_ln571, i18 %trunc_ln572, i18 %select_ln592"   --->   Operation 190 'select' 'select_ln571' <Predicate = (!icmp_ln560)> <Delay = 1.21> <CoreInst = "Sel">   --->   Core 73 'Sel' <Latency = 0> <II = 1> <Delay = 0.36> <FuncUnit> <Opcode : 'select'> <InPorts = 3> <OutPorts = 1>
ST_4 : Operation 191 [1/1] (0.00ns) (grouped into LUT with out node and_ln570)   --->   "%or_ln571 = or i1 %icmp_ln560, i1 %icmp_ln571"   --->   Operation 191 'or' 'or_ln571' <Predicate = (!icmp_ln560)> <Delay = 0.00> <CoreInst = "LogicGate">   --->   Core 74 'LogicGate' <Latency = 0> <II = 1> <Delay = 0.28> <FuncUnit> <Opcode : 'and' 'or' 'xor'> <InPorts = 2> <OutPorts = 1>
ST_4 : Operation 192 [1/1] (0.00ns) (grouped into LUT with out node and_ln570)   --->   "%xor_ln571 = xor i1 %or_ln571, i1 1"   --->   Operation 192 'xor' 'xor_ln571' <Predicate = (!icmp_ln560)> <Delay = 0.00> <CoreInst = "LogicGate">   --->   Core 74 'LogicGate' <Latency = 0> <II = 1> <Delay = 0.28> <FuncUnit> <Opcode : 'and' 'or' 'xor'> <InPorts = 2> <OutPorts = 1>
ST_4 : Operation 193 [1/1] (0.28ns) (out node of the LUT)   --->   "%and_ln570 = and i1 %icmp_ln570, i1 %xor_ln571"   --->   Operation 193 'and' 'and_ln570' <Predicate = (!icmp_ln560)> <Delay = 0.28> <CoreInst = "LogicGate">   --->   Core 74 'LogicGate' <Latency = 0> <II = 1> <Delay = 0.28> <FuncUnit> <Opcode : 'and' 'or' 'xor'> <InPorts = 2> <OutPorts = 1>

State 5 <SV = 4> <Delay = 1.86>
ST_5 : Operation 194 [1/4] (0.00ns) (root node of the DSP)   --->   "%total = mul i32 %p_read_cast, i32 %p_read1_cast" [../../../../../overlays/Vitis_Libraries/vision//L1/include/imgproc/xf_autowhitebalance.hpp:298]   --->   Operation 194 'mul' 'total' <Predicate = true> <Delay = 0.00> <CoreInst = "DSP48">   --->   Core 127 'DSP48' <Latency = 3> <II = 1> <Delay = 0.53> <IPBlock> <Opcode : 'mul' 'add' 'sub' 'select'> <InPorts = 0> <OutPorts = 1> <Sync> <CReg>
ST_5 : Operation 195 [1/1] (0.00ns) (grouped into LUT with out node select_ln570)   --->   "%zext_ln575 = zext i32 %sext_ln570"   --->   Operation 195 'zext' 'zext_ln575' <Predicate = (icmp_ln574 & and_ln570 & !icmp_ln560)> <Delay = 0.00>
ST_5 : Operation 196 [1/1] (0.00ns) (grouped into LUT with out node select_ln570)   --->   "%ashr_ln575 = ashr i54 %man_V_2, i54 %zext_ln575"   --->   Operation 196 'ashr' 'ashr_ln575' <Predicate = (icmp_ln574 & and_ln570 & !icmp_ln560)> <Delay = 0.00> <CoreInst = "Shifter">   --->   Core 75 'Shifter' <Latency = 0> <II = 1> <Delay = 1.50> <FuncUnit> <Opcode : 'shl' 'lshr' 'ashr'> <InPorts = 2> <OutPorts = 1>
ST_5 : Operation 197 [1/1] (0.00ns) (grouped into LUT with out node select_ln570)   --->   "%trunc_ln575 = trunc i54 %ashr_ln575"   --->   Operation 197 'trunc' 'trunc_ln575' <Predicate = (icmp_ln574 & and_ln570 & !icmp_ln560)> <Delay = 0.00>
ST_5 : Operation 198 [1/1] (0.00ns) (grouped into LUT with out node select_ln570)   --->   "%bitcast_ln724 = bitcast i32 %p_read_294"   --->   Operation 198 'bitcast' 'bitcast_ln724' <Predicate = (!icmp_ln574 & and_ln570 & !icmp_ln560)> <Delay = 0.00>
ST_5 : Operation 199 [1/1] (0.00ns) (grouped into LUT with out node select_ln570)   --->   "%tmp = bitselect i1 @_ssdm_op_BitSelect.i1.i32.i32, i32 %bitcast_ln724, i32 31"   --->   Operation 199 'bitselect' 'tmp' <Predicate = (!icmp_ln574 & and_ln570 & !icmp_ln560)> <Delay = 0.00>
ST_5 : Operation 200 [1/1] (0.00ns) (grouped into LUT with out node select_ln570)   --->   "%select_ln574_1 = select i1 %tmp, i18 262143, i18 0"   --->   Operation 200 'select' 'select_ln574_1' <Predicate = (!icmp_ln574 & and_ln570 & !icmp_ln560)> <Delay = 0.00> <CoreInst = "Sel">   --->   Core 73 'Sel' <Latency = 0> <II = 1> <Delay = 0.17> <FuncUnit> <Opcode : 'select'> <InPorts = 3> <OutPorts = 1>
ST_5 : Operation 201 [1/1] (0.00ns) (grouped into LUT with out node select_ln570)   --->   "%select_ln574 = select i1 %icmp_ln574, i18 %trunc_ln575, i18 %select_ln574_1"   --->   Operation 201 'select' 'select_ln574' <Predicate = (and_ln570 & !icmp_ln560)> <Delay = 0.00> <CoreInst = "Sel">   --->   Core 73 'Sel' <Latency = 0> <II = 1> <Delay = 0.36> <FuncUnit> <Opcode : 'select'> <InPorts = 3> <OutPorts = 1>
ST_5 : Operation 202 [1/1] (1.50ns) (out node of the LUT)   --->   "%select_ln570 = select i1 %and_ln570, i18 %select_ln574, i18 %select_ln571"   --->   Operation 202 'select' 'select_ln570' <Predicate = (!icmp_ln560)> <Delay = 1.50> <CoreInst = "Sel">   --->   Core 73 'Sel' <Latency = 0> <II = 1> <Delay = 0.36> <FuncUnit> <Opcode : 'select'> <InPorts = 3> <OutPorts = 1>
ST_5 : Operation 203 [1/1] (0.36ns) (out node of the LUT)   --->   "%s2_V = select i1 %icmp_ln560, i18 0, i18 %select_ln570"   --->   Operation 203 'select' 's2_V' <Predicate = true> <Delay = 0.36> <CoreInst = "Sel">   --->   Core 73 'Sel' <Latency = 0> <II = 1> <Delay = 0.36> <FuncUnit> <Opcode : 'select'> <InPorts = 3> <OutPorts = 1>

State 6 <SV = 5> <Delay = 2.36>
ST_6 : Operation 204 [1/1] (0.00ns)   --->   "%sext_ln1271 = sext i18 %s2_V"   --->   Operation 204 'sext' 'sext_ln1271' <Predicate = true> <Delay = 0.00>
ST_6 : Operation 205 [1/1] (0.00ns)   --->   "%zext_ln1273 = zext i32 %total"   --->   Operation 205 'zext' 'zext_ln1273' <Predicate = true> <Delay = 0.00>
ST_6 : Operation 206 [2/2] (2.36ns)   --->   "%r_V = mul i50 %zext_ln1273, i50 %sext_ln1271"   --->   Operation 206 'mul' 'r_V' <Predicate = true> <Delay = 2.36> <CoreInst = "Multiplier">   --->   Core 3 'Multiplier' <Latency = 1> <II = 1> <Delay = 2.36> <FuncUnit> <Opcode : 'mul'> <InPorts = 2> <OutPorts = 1>

State 7 <SV = 6> <Delay = 2.36>
ST_7 : Operation 207 [1/2] (2.36ns)   --->   "%r_V = mul i50 %zext_ln1273, i50 %sext_ln1271"   --->   Operation 207 'mul' 'r_V' <Predicate = true> <Delay = 2.36> <CoreInst = "Multiplier">   --->   Core 3 'Multiplier' <Latency = 1> <II = 1> <Delay = 2.36> <FuncUnit> <Opcode : 'mul'> <InPorts = 2> <OutPorts = 1>
ST_7 : Operation 208 [1/1] (0.00ns)   --->   "%tmp_66 = bitselect i1 @_ssdm_op_BitSelect.i1.i50.i32, i50 %r_V, i32 49"   --->   Operation 208 'bitselect' 'tmp_66' <Predicate = true> <Delay = 0.00>

State 8 <SV = 7> <Delay = 2.16>
ST_8 : Operation 209 [1/1] (0.00ns)   --->   "%sext_ln1303_3 = sext i50 %r_V"   --->   Operation 209 'sext' 'sext_ln1303_3' <Predicate = true> <Delay = 0.00>
ST_8 : Operation 210 [5/5] (2.16ns)   --->   "%mul_ln1303 = mul i101 %sext_ln1303_3, i101 1441151880758559"   --->   Operation 210 'mul' 'mul_ln1303' <Predicate = true> <Delay = 2.16> <CoreInst = "Multiplier">   --->   Core 3 'Multiplier' <Latency = 4> <II = 1> <Delay = 2.16> <FuncUnit> <Opcode : 'mul'> <InPorts = 2> <OutPorts = 1>
ST_8 : Operation 211 [1/1] (1.14ns)   --->   "%p_Result_s = icmp_slt  i50 %r_V, i50 1125899906842525"   --->   Operation 211 'icmp' 'p_Result_s' <Predicate = true> <Delay = 1.14> <CoreInst = "Cmp">   --->   Core 9 'Cmp' <Latency = 0> <II = 1> <Delay = 1.14> <FuncUnit> <Opcode : 'icmp'> <InPorts = 2> <OutPorts = 1>
ST_8 : Operation 212 [1/1] (0.00ns)   --->   "%sext_ln1348 = sext i18 %s2_V"   --->   Operation 212 'sext' 'sext_ln1348' <Predicate = true> <Delay = 0.00>
ST_8 : Operation 213 [1/1] (0.89ns)   --->   "%ret_V_55 = sub i21 1638400, i21 %sext_ln1348"   --->   Operation 213 'sub' 'ret_V_55' <Predicate = true> <Delay = 0.89> <CoreInst = "Adder">   --->   Core 1 'Adder' <Latency = 0> <II = 1> <Delay = 0.89> <FuncUnit> <Opcode : 'add' 'sub'> <InPorts = 2> <OutPorts = 1>

State 9 <SV = 8> <Delay = 2.36>
ST_9 : Operation 214 [4/5] (2.16ns)   --->   "%mul_ln1303 = mul i101 %sext_ln1303_3, i101 1441151880758559"   --->   Operation 214 'mul' 'mul_ln1303' <Predicate = true> <Delay = 2.16> <CoreInst = "Multiplier">   --->   Core 3 'Multiplier' <Latency = 4> <II = 1> <Delay = 2.16> <FuncUnit> <Opcode : 'mul'> <InPorts = 2> <OutPorts = 1>
ST_9 : Operation 215 [1/1] (0.00ns)   --->   "%zext_ln1270 = zext i21 %ret_V_55"   --->   Operation 215 'zext' 'zext_ln1270' <Predicate = true> <Delay = 0.00>
ST_9 : Operation 216 [1/1] (0.00ns)   --->   "%zext_ln1273_1 = zext i32 %total"   --->   Operation 216 'zext' 'zext_ln1273_1' <Predicate = true> <Delay = 0.00>
ST_9 : Operation 217 [2/2] (2.36ns)   --->   "%r_V_24 = mul i53 %zext_ln1273_1, i53 %zext_ln1270"   --->   Operation 217 'mul' 'r_V_24' <Predicate = true> <Delay = 2.36> <CoreInst = "Multiplier">   --->   Core 3 'Multiplier' <Latency = 1> <II = 1> <Delay = 2.36> <FuncUnit> <Opcode : 'mul'> <InPorts = 2> <OutPorts = 1>

State 10 <SV = 9> <Delay = 2.36>
ST_10 : Operation 218 [3/5] (2.16ns)   --->   "%mul_ln1303 = mul i101 %sext_ln1303_3, i101 1441151880758559"   --->   Operation 218 'mul' 'mul_ln1303' <Predicate = true> <Delay = 2.16> <CoreInst = "Multiplier">   --->   Core 3 'Multiplier' <Latency = 4> <II = 1> <Delay = 2.16> <FuncUnit> <Opcode : 'mul'> <InPorts = 2> <OutPorts = 1>
ST_10 : Operation 219 [1/2] (2.36ns)   --->   "%r_V_24 = mul i53 %zext_ln1273_1, i53 %zext_ln1270"   --->   Operation 219 'mul' 'r_V_24' <Predicate = true> <Delay = 2.36> <CoreInst = "Multiplier">   --->   Core 3 'Multiplier' <Latency = 1> <II = 1> <Delay = 2.36> <FuncUnit> <Opcode : 'mul'> <InPorts = 2> <OutPorts = 1>

State 11 <SV = 10> <Delay = 2.16>
ST_11 : Operation 220 [2/5] (2.16ns)   --->   "%mul_ln1303 = mul i101 %sext_ln1303_3, i101 1441151880758559"   --->   Operation 220 'mul' 'mul_ln1303' <Predicate = true> <Delay = 2.16> <CoreInst = "Multiplier">   --->   Core 3 'Multiplier' <Latency = 4> <II = 1> <Delay = 2.16> <FuncUnit> <Opcode : 'mul'> <InPorts = 2> <OutPorts = 1>
ST_11 : Operation 221 [1/1] (0.00ns)   --->   "%zext_ln1303 = zext i53 %r_V_24"   --->   Operation 221 'zext' 'zext_ln1303' <Predicate = true> <Delay = 0.00>
ST_11 : Operation 222 [5/5] (2.16ns)   --->   "%mul_ln1303_2 = mul i106 %zext_ln1303, i106 11529215046068470"   --->   Operation 222 'mul' 'mul_ln1303_2' <Predicate = true> <Delay = 2.16> <CoreInst = "Multiplier">   --->   Core 3 'Multiplier' <Latency = 4> <II = 1> <Delay = 2.16> <FuncUnit> <Opcode : 'mul'> <InPorts = 2> <OutPorts = 1>

State 12 <SV = 11> <Delay = 2.16>
ST_12 : Operation 223 [1/5] (2.16ns)   --->   "%mul_ln1303 = mul i101 %sext_ln1303_3, i101 1441151880758559"   --->   Operation 223 'mul' 'mul_ln1303' <Predicate = true> <Delay = 2.16> <CoreInst = "Multiplier">   --->   Core 3 'Multiplier' <Latency = 4> <II = 1> <Delay = 2.16> <FuncUnit> <Opcode : 'mul'> <InPorts = 2> <OutPorts = 1>
ST_12 : Operation 224 [1/1] (0.00ns)   --->   "%tmp_68 = partselect i44 @_ssdm_op_PartSelect.i44.i101.i32.i32, i101 %mul_ln1303, i32 57, i32 100"   --->   Operation 224 'partselect' 'tmp_68' <Predicate = true> <Delay = 0.00>
ST_12 : Operation 225 [4/5] (2.16ns)   --->   "%mul_ln1303_2 = mul i106 %zext_ln1303, i106 11529215046068470"   --->   Operation 225 'mul' 'mul_ln1303_2' <Predicate = true> <Delay = 2.16> <CoreInst = "Multiplier">   --->   Core 3 'Multiplier' <Latency = 4> <II = 1> <Delay = 2.16> <FuncUnit> <Opcode : 'mul'> <InPorts = 2> <OutPorts = 1>

State 13 <SV = 12> <Delay = 2.16>
ST_13 : Operation 226 [1/1] (1.37ns)   --->   "%sub_ln1303 = sub i101 0, i101 %mul_ln1303"   --->   Operation 226 'sub' 'sub_ln1303' <Predicate = (tmp_66)> <Delay = 1.37> <CoreInst = "Adder">   --->   Core 1 'Adder' <Latency = 0> <II = 1> <Delay = 1.37> <FuncUnit> <Opcode : 'add' 'sub'> <InPorts = 2> <OutPorts = 1>
ST_13 : Operation 227 [3/5] (2.16ns)   --->   "%mul_ln1303_2 = mul i106 %zext_ln1303, i106 11529215046068470"   --->   Operation 227 'mul' 'mul_ln1303_2' <Predicate = true> <Delay = 2.16> <CoreInst = "Multiplier">   --->   Core 3 'Multiplier' <Latency = 4> <II = 1> <Delay = 2.16> <FuncUnit> <Opcode : 'mul'> <InPorts = 2> <OutPorts = 1>

State 14 <SV = 13> <Delay = 2.16>
ST_14 : Operation 228 [1/1] (0.00ns) (grouped into LUT with out node sub_ln1303_1)   --->   "%tmp_67 = partselect i44 @_ssdm_op_PartSelect.i44.i101.i32.i32, i101 %sub_ln1303, i32 57, i32 100"   --->   Operation 228 'partselect' 'tmp_67' <Predicate = (tmp_66)> <Delay = 0.00>
ST_14 : Operation 229 [1/1] (0.00ns)   --->   "%sext_ln1303_4 = sext i44 %tmp_68"   --->   Operation 229 'sext' 'sext_ln1303_4' <Predicate = (!tmp_66)> <Delay = 0.00>
ST_14 : Operation 230 [1/1] (0.00ns) (grouped into LUT with out node sub_ln1303_1)   --->   "%select_ln1303_2 = select i1 %tmp_66, i44 %tmp_67, i44 %tmp_68"   --->   Operation 230 'select' 'select_ln1303_2' <Predicate = (tmp_66)> <Delay = 0.00> <CoreInst = "Sel">   --->   Core 73 'Sel' <Latency = 0> <II = 1> <Delay = 0.41> <FuncUnit> <Opcode : 'select'> <InPorts = 3> <OutPorts = 1>
ST_14 : Operation 231 [1/1] (0.00ns) (grouped into LUT with out node sub_ln1303_1)   --->   "%sext_ln1303_5 = sext i44 %select_ln1303_2"   --->   Operation 231 'sext' 'sext_ln1303_5' <Predicate = (tmp_66)> <Delay = 0.00>
ST_14 : Operation 232 [1/1] (1.06ns) (out node of the LUT)   --->   "%sub_ln1303_1 = sub i46 0, i46 %sext_ln1303_5"   --->   Operation 232 'sub' 'sub_ln1303_1' <Predicate = (tmp_66)> <Delay = 1.06> <CoreInst = "Adder">   --->   Core 1 'Adder' <Latency = 0> <II = 1> <Delay = 1.06> <FuncUnit> <Opcode : 'add' 'sub'> <InPorts = 2> <OutPorts = 1>
ST_14 : Operation 233 [1/1] (0.47ns)   --->   "%select_ln1303_1 = select i1 %tmp_66, i46 %sub_ln1303_1, i46 %sext_ln1303_4"   --->   Operation 233 'select' 'select_ln1303_1' <Predicate = true> <Delay = 0.47> <CoreInst = "Sel">   --->   Core 73 'Sel' <Latency = 0> <II = 1> <Delay = 0.47> <FuncUnit> <Opcode : 'select'> <InPorts = 3> <OutPorts = 1>
ST_14 : Operation 234 [1/1] (0.00ns)   --->   "%trunc_ln = partselect i32 @_ssdm_op_PartSelect.i32.i46.i32.i32, i46 %select_ln1303_1, i32 14, i32 45"   --->   Operation 234 'partselect' 'trunc_ln' <Predicate = true> <Delay = 0.00>
ST_14 : Operation 235 [1/1] (0.00ns)   --->   "%trunc_ln1003 = trunc i46 %select_ln1303_1"   --->   Operation 235 'trunc' 'trunc_ln1003' <Predicate = (p_Result_s)> <Delay = 0.00>
ST_14 : Operation 236 [2/5] (2.16ns)   --->   "%mul_ln1303_2 = mul i106 %zext_ln1303, i106 11529215046068470"   --->   Operation 236 'mul' 'mul_ln1303_2' <Predicate = true> <Delay = 2.16> <CoreInst = "Multiplier">   --->   Core 3 'Multiplier' <Latency = 4> <II = 1> <Delay = 2.16> <FuncUnit> <Opcode : 'mul'> <InPorts = 2> <OutPorts = 1>

State 15 <SV = 14> <Delay = 2.16>
ST_15 : Operation 237 [1/1] (0.00ns)   --->   "%specinterface_ln0 = specinterface void @_ssdm_op_SpecInterface, i30 %ltm_in_data217, void @empty_26, i32 0, i32 0, void @empty_32, i32 0, i32 0, void @empty_32, void @empty_32, void @empty_32, i32 0, i32 0, i32 0, i32 0, void @empty_32, void @empty_32, i32 4294967295, i32 0"   --->   Operation 237 'specinterface' 'specinterface_ln0' <Predicate = true> <Delay = 0.00>
ST_15 : Operation 238 [1/1] (0.00ns)   --->   "%specinterface_ln0 = specinterface void @_ssdm_op_SpecInterface, i30 %impop_data1, void @empty_26, i32 0, i32 0, void @empty_32, i32 0, i32 0, void @empty_32, void @empty_32, void @empty_32, i32 0, i32 0, i32 0, i32 0, void @empty_32, void @empty_32, i32 4294967295, i32 0"   --->   Operation 238 'specinterface' 'specinterface_ln0' <Predicate = true> <Delay = 0.00>
ST_15 : Operation 239 [1/1] (1.03ns)   --->   "%icmp_ln1003 = icmp_eq  i14 %trunc_ln1003, i14 0"   --->   Operation 239 'icmp' 'icmp_ln1003' <Predicate = (p_Result_s)> <Delay = 1.03> <CoreInst = "Cmp">   --->   Core 9 'Cmp' <Latency = 0> <II = 1> <Delay = 1.03> <FuncUnit> <Opcode : 'icmp'> <InPorts = 2> <OutPorts = 1>
ST_15 : Operation 240 [1/1] (1.01ns)   --->   "%ret_V = add i32 %trunc_ln, i32 1"   --->   Operation 240 'add' 'ret_V' <Predicate = (p_Result_s)> <Delay = 1.01> <CoreInst = "Adder">   --->   Core 1 'Adder' <Latency = 0> <II = 1> <Delay = 1.01> <FuncUnit> <Opcode : 'add' 'sub'> <InPorts = 2> <OutPorts = 1>
ST_15 : Operation 241 [1/1] (0.00ns) (grouped into LUT with out node ret_V_54)   --->   "%select_ln1002 = select i1 %icmp_ln1003, i32 %trunc_ln, i32 %ret_V"   --->   Operation 241 'select' 'select_ln1002' <Predicate = (p_Result_s)> <Delay = 0.00> <CoreInst = "Sel">   --->   Core 73 'Sel' <Latency = 0> <II = 1> <Delay = 0.44> <FuncUnit> <Opcode : 'select'> <InPorts = 3> <OutPorts = 1>
ST_15 : Operation 242 [1/1] (0.44ns) (out node of the LUT)   --->   "%ret_V_54 = select i1 %p_Result_s, i32 %select_ln1002, i32 %trunc_ln"   --->   Operation 242 'select' 'ret_V_54' <Predicate = true> <Delay = 0.44> <CoreInst = "Sel">   --->   Core 73 'Sel' <Latency = 0> <II = 1> <Delay = 0.44> <FuncUnit> <Opcode : 'select'> <InPorts = 3> <OutPorts = 1>
ST_15 : Operation 243 [1/5] (2.16ns)   --->   "%mul_ln1303_2 = mul i106 %zext_ln1303, i106 11529215046068470"   --->   Operation 243 'mul' 'mul_ln1303_2' <Predicate = true> <Delay = 2.16> <CoreInst = "Multiplier">   --->   Core 3 'Multiplier' <Latency = 4> <II = 1> <Delay = 2.16> <FuncUnit> <Opcode : 'mul'> <InPorts = 2> <OutPorts = 1>
ST_15 : Operation 244 [1/1] (0.00ns)   --->   "%ret_V_56 = partselect i32 @_ssdm_op_PartSelect.i32.i106.i32.i32, i106 %mul_ln1303_2, i32 74, i32 105"   --->   Operation 244 'partselect' 'ret_V_56' <Predicate = true> <Delay = 0.00>
ST_15 : Operation 245 [1/1] (0.00ns)   --->   "%br_ln316 = br void %for.body" [../../../../../overlays/Vitis_Libraries/vision//L1/include/imgproc/xf_autowhitebalance.hpp:316]   --->   Operation 245 'br' 'br_ln316' <Predicate = true> <Delay = 0.00>

State 16 <SV = 15> <Delay = 2.34>
ST_16 : Operation 246 [1/1] (0.00ns)   --->   "%j_5 = load i2 %j" [../../../../../overlays/Vitis_Libraries/vision//L1/include/imgproc/xf_autowhitebalance.hpp:316]   --->   Operation 246 'load' 'j_5' <Predicate = true> <Delay = 0.00>
ST_16 : Operation 247 [1/1] (0.44ns)   --->   "%icmp_ln316 = icmp_eq  i2 %j_5, i2 3" [../../../../../overlays/Vitis_Libraries/vision//L1/include/imgproc/xf_autowhitebalance.hpp:316]   --->   Operation 247 'icmp' 'icmp_ln316' <Predicate = true> <Delay = 0.44> <CoreInst = "Cmp">   --->   Core 9 'Cmp' <Latency = 0> <II = 1> <Delay = 0.44> <FuncUnit> <Opcode : 'icmp'> <InPorts = 2> <OutPorts = 1>
ST_16 : Operation 248 [1/1] (0.00ns)   --->   "%speclooptripcount_ln0 = speclooptripcount void @_ssdm_op_SpecLoopTripCount, i64 3, i64 3, i64 3"   --->   Operation 248 'speclooptripcount' 'speclooptripcount_ln0' <Predicate = true> <Delay = 0.00>
ST_16 : Operation 249 [1/1] (0.54ns)   --->   "%add_ln316 = add i2 %j_5, i2 1" [../../../../../overlays/Vitis_Libraries/vision//L1/include/imgproc/xf_autowhitebalance.hpp:316]   --->   Operation 249 'add' 'add_ln316' <Predicate = true> <Delay = 0.54> <CoreInst = "Adder">   --->   Core 1 'Adder' <Latency = 0> <II = 1> <Delay = 0.54> <FuncUnit> <Opcode : 'add' 'sub'> <InPorts = 2> <OutPorts = 1>
ST_16 : Operation 250 [1/1] (0.00ns)   --->   "%br_ln316 = br i1 %icmp_ln316, void %for.body.split, void %for.end64" [../../../../../overlays/Vitis_Libraries/vision//L1/include/imgproc/xf_autowhitebalance.hpp:316]   --->   Operation 250 'br' 'br_ln316' <Predicate = true> <Delay = 0.00>
ST_16 : Operation 251 [2/2] (0.00ns)   --->   "%call_ln316 = call void @AWBNormalizationkernel_Pipeline_VITIS_LOOP_332_3, i32 %hist_0, i32 %hist_1, i32 %hist_2, i2 %j_5, i32 %ret_V_54, i18 %minValue_V, i18 %minValue_V_5, i18 %minValue_V_4, i18 %empty_293, i18 %empty_291, i18 %empty_289" [../../../../../overlays/Vitis_Libraries/vision//L1/include/imgproc/xf_autowhitebalance.hpp:316]   --->   Operation 251 'call' 'call_ln316' <Predicate = (!icmp_ln316)> <Delay = 0.00> <CoreType = "Generic">   --->   Core 0 '' <Latency = 0> <II = 1> <Delay = 1.00> <Generic> <Opcode : >
ST_16 : Operation 252 [1/1] (0.42ns)   --->   "%store_ln316 = store i2 %add_ln316, i2 %j" [../../../../../overlays/Vitis_Libraries/vision//L1/include/imgproc/xf_autowhitebalance.hpp:316]   --->   Operation 252 'store' 'store_ln316' <Predicate = (!icmp_ln316)> <Delay = 0.42>
ST_16 : Operation 253 [1/1] (0.00ns)   --->   "%p_load94 = load i18 %empty"   --->   Operation 253 'load' 'p_load94' <Predicate = (icmp_ln316)> <Delay = 0.00>
ST_16 : Operation 254 [1/1] (0.00ns)   --->   "%p_load92 = load i18 %empty_289"   --->   Operation 254 'load' 'p_load92' <Predicate = (icmp_ln316)> <Delay = 0.00>
ST_16 : Operation 255 [1/1] (0.00ns)   --->   "%p_load88 = load i18 %empty_290"   --->   Operation 255 'load' 'p_load88' <Predicate = (icmp_ln316)> <Delay = 0.00>
ST_16 : Operation 256 [1/1] (0.00ns)   --->   "%p_load85 = load i18 %empty_291"   --->   Operation 256 'load' 'p_load85' <Predicate = (icmp_ln316)> <Delay = 0.00>
ST_16 : Operation 257 [1/1] (0.00ns)   --->   "%p_load81 = load i18 %empty_292"   --->   Operation 257 'load' 'p_load81' <Predicate = (icmp_ln316)> <Delay = 0.00>
ST_16 : Operation 258 [1/1] (0.00ns)   --->   "%p_load78 = load i18 %empty_293"   --->   Operation 258 'load' 'p_load78' <Predicate = (icmp_ln316)> <Delay = 0.00>
ST_16 : Operation 259 [1/1] (0.87ns)   --->   "%sub_ln813 = sub i18 %p_load94, i18 %p_load92"   --->   Operation 259 'sub' 'sub_ln813' <Predicate = (icmp_ln316)> <Delay = 0.87> <CoreInst = "Adder">   --->   Core 1 'Adder' <Latency = 0> <II = 1> <Delay = 0.87> <FuncUnit> <Opcode : 'add' 'sub'> <InPorts = 2> <OutPorts = 1>
ST_16 : Operation 260 [1/1] (0.87ns)   --->   "%sub_ln813_1 = sub i18 %p_load88, i18 %p_load85"   --->   Operation 260 'sub' 'sub_ln813_1' <Predicate = (icmp_ln316)> <Delay = 0.87> <CoreInst = "Adder">   --->   Core 1 'Adder' <Latency = 0> <II = 1> <Delay = 0.87> <FuncUnit> <Opcode : 'add' 'sub'> <InPorts = 2> <OutPorts = 1>
ST_16 : Operation 261 [1/1] (0.87ns)   --->   "%sub_ln813_2 = sub i18 %p_load81, i18 %p_load78"   --->   Operation 261 'sub' 'sub_ln813_2' <Predicate = (icmp_ln316)> <Delay = 0.87> <CoreInst = "Adder">   --->   Core 1 'Adder' <Latency = 0> <II = 1> <Delay = 0.87> <FuncUnit> <Opcode : 'add' 'sub'> <InPorts = 2> <OutPorts = 1>
ST_16 : Operation 262 [1/1] (1.08ns)   --->   "%icmp_ln1654 = icmp_eq  i18 %p_load94, i18 %p_load92"   --->   Operation 262 'icmp' 'icmp_ln1654' <Predicate = (icmp_ln316)> <Delay = 1.08> <CoreInst = "Cmp">   --->   Core 9 'Cmp' <Latency = 0> <II = 1> <Delay = 1.08> <FuncUnit> <Opcode : 'icmp'> <InPorts = 2> <OutPorts = 1>
ST_16 : Operation 263 [1/1] (0.00ns)   --->   "%br_ln379 = br i1 %icmp_ln1654, void %_ZNK13ap_fixed_baseILi26ELi2ELb1EL9ap_q_mode5EL9ap_o_mode3ELi0EEdvILi18ELi12ELb1ELS0_5ELS1_3ELi0EEENS2_5RTypeIXT_EXT0_EXT1_EE3divERKS_IXT_EXT0_EXT1_EXT2_EXT3_EXT4_EE.exit511, void %if.end" [../../../../../overlays/Vitis_Libraries/vision//L1/include/imgproc/xf_autowhitebalance.hpp:379]   --->   Operation 263 'br' 'br_ln379' <Predicate = (icmp_ln316)> <Delay = 0.00>
ST_16 : Operation 264 [1/1] (0.00ns)   --->   "%sext_ln1303 = sext i18 %sub_ln813"   --->   Operation 264 'sext' 'sext_ln1303' <Predicate = (icmp_ln316 & !icmp_ln1654)> <Delay = 0.00>
ST_16 : Operation 265 [36/36] (1.47ns)   --->   "%sdiv_ln1303 = sdiv i32 1073741824, i32 %sext_ln1303"   --->   Operation 265 'sdiv' 'sdiv_ln1303' <Predicate = (icmp_ln316 & !icmp_ln1654)> <Delay = 1.47> <CoreInst = "DivnS_SEQ">   --->   Core 7 'DivnS_SEQ' <Latency = 35> <II = 26> <Delay = 1.47> <FuncUnit> <Opcode : 'sdiv' 'srem' 'udiv' 'urem'> <InPorts = 2> <OutPorts = 1>

State 17 <SV = 16> <Delay = 1.56>
ST_17 : Operation 266 [1/2] (1.56ns)   --->   "%call_ln316 = call void @AWBNormalizationkernel_Pipeline_VITIS_LOOP_332_3, i32 %hist_0, i32 %hist_1, i32 %hist_2, i2 %j_5, i32 %ret_V_54, i18 %minValue_V, i18 %minValue_V_5, i18 %minValue_V_4, i18 %empty_293, i18 %empty_291, i18 %empty_289" [../../../../../overlays/Vitis_Libraries/vision//L1/include/imgproc/xf_autowhitebalance.hpp:316]   --->   Operation 266 'call' 'call_ln316' <Predicate = true> <Delay = 1.56> <CoreType = "Generic">   --->   Core 0 '' <Latency = 0> <II = 1> <Delay = 1.00> <Generic> <Opcode : >

State 18 <SV = 17> <Delay = 0.42>
ST_18 : Operation 267 [2/2] (0.42ns)   --->   "%call_ln298 = call void @AWBNormalizationkernel_Pipeline_VITIS_LOOP_342_4, i32 %total, i32 %hist_0, i32 %hist_1, i32 %hist_2, i2 %j_5, i32 %ret_V_56, i18 %maxValue_V, i18 %maxValue_V_5, i18 %maxValue_V_4, i18 %empty_292, i18 %empty_290, i18 %empty" [../../../../../overlays/Vitis_Libraries/vision//L1/include/imgproc/xf_autowhitebalance.hpp:298]   --->   Operation 267 'call' 'call_ln298' <Predicate = true> <Delay = 0.42> <CoreType = "Generic">   --->   Core 0 '' <Latency = 0> <II = 1> <Delay = 1.00> <Generic> <Opcode : >

State 19 <SV = 18> <Delay = 1.56>
ST_19 : Operation 268 [1/1] (0.00ns)   --->   "%specloopname_ln319 = specloopname void @_ssdm_op_SpecLoopName, void @empty" [../../../../../overlays/Vitis_Libraries/vision//L1/include/imgproc/xf_autowhitebalance.hpp:319]   --->   Operation 268 'specloopname' 'specloopname_ln319' <Predicate = true> <Delay = 0.00>
ST_19 : Operation 269 [1/2] (1.56ns)   --->   "%call_ln298 = call void @AWBNormalizationkernel_Pipeline_VITIS_LOOP_342_4, i32 %total, i32 %hist_0, i32 %hist_1, i32 %hist_2, i2 %j_5, i32 %ret_V_56, i18 %maxValue_V, i18 %maxValue_V_5, i18 %maxValue_V_4, i18 %empty_292, i18 %empty_290, i18 %empty" [../../../../../overlays/Vitis_Libraries/vision//L1/include/imgproc/xf_autowhitebalance.hpp:298]   --->   Operation 269 'call' 'call_ln298' <Predicate = true> <Delay = 1.56> <CoreType = "Generic">   --->   Core 0 '' <Latency = 0> <II = 1> <Delay = 1.00> <Generic> <Opcode : >
ST_19 : Operation 270 [1/1] (0.00ns)   --->   "%br_ln316 = br void %for.body" [../../../../../overlays/Vitis_Libraries/vision//L1/include/imgproc/xf_autowhitebalance.hpp:316]   --->   Operation 270 'br' 'br_ln316' <Predicate = true> <Delay = 0.00>

State 20 <SV = 16> <Delay = 1.47>
ST_20 : Operation 271 [35/36] (1.47ns)   --->   "%sdiv_ln1303 = sdiv i32 1073741824, i32 %sext_ln1303"   --->   Operation 271 'sdiv' 'sdiv_ln1303' <Predicate = true> <Delay = 1.47> <CoreInst = "DivnS_SEQ">   --->   Core 7 'DivnS_SEQ' <Latency = 35> <II = 26> <Delay = 1.47> <FuncUnit> <Opcode : 'sdiv' 'srem' 'udiv' 'urem'> <InPorts = 2> <OutPorts = 1>

State 21 <SV = 17> <Delay = 1.47>
ST_21 : Operation 272 [34/36] (1.47ns)   --->   "%sdiv_ln1303 = sdiv i32 1073741824, i32 %sext_ln1303"   --->   Operation 272 'sdiv' 'sdiv_ln1303' <Predicate = true> <Delay = 1.47> <CoreInst = "DivnS_SEQ">   --->   Core 7 'DivnS_SEQ' <Latency = 35> <II = 26> <Delay = 1.47> <FuncUnit> <Opcode : 'sdiv' 'srem' 'udiv' 'urem'> <InPorts = 2> <OutPorts = 1>

State 22 <SV = 18> <Delay = 1.47>
ST_22 : Operation 273 [33/36] (1.47ns)   --->   "%sdiv_ln1303 = sdiv i32 1073741824, i32 %sext_ln1303"   --->   Operation 273 'sdiv' 'sdiv_ln1303' <Predicate = true> <Delay = 1.47> <CoreInst = "DivnS_SEQ">   --->   Core 7 'DivnS_SEQ' <Latency = 35> <II = 26> <Delay = 1.47> <FuncUnit> <Opcode : 'sdiv' 'srem' 'udiv' 'urem'> <InPorts = 2> <OutPorts = 1>

State 23 <SV = 19> <Delay = 1.47>
ST_23 : Operation 274 [32/36] (1.47ns)   --->   "%sdiv_ln1303 = sdiv i32 1073741824, i32 %sext_ln1303"   --->   Operation 274 'sdiv' 'sdiv_ln1303' <Predicate = true> <Delay = 1.47> <CoreInst = "DivnS_SEQ">   --->   Core 7 'DivnS_SEQ' <Latency = 35> <II = 26> <Delay = 1.47> <FuncUnit> <Opcode : 'sdiv' 'srem' 'udiv' 'urem'> <InPorts = 2> <OutPorts = 1>

State 24 <SV = 20> <Delay = 1.47>
ST_24 : Operation 275 [31/36] (1.47ns)   --->   "%sdiv_ln1303 = sdiv i32 1073741824, i32 %sext_ln1303"   --->   Operation 275 'sdiv' 'sdiv_ln1303' <Predicate = true> <Delay = 1.47> <CoreInst = "DivnS_SEQ">   --->   Core 7 'DivnS_SEQ' <Latency = 35> <II = 26> <Delay = 1.47> <FuncUnit> <Opcode : 'sdiv' 'srem' 'udiv' 'urem'> <InPorts = 2> <OutPorts = 1>

State 25 <SV = 21> <Delay = 1.47>
ST_25 : Operation 276 [30/36] (1.47ns)   --->   "%sdiv_ln1303 = sdiv i32 1073741824, i32 %sext_ln1303"   --->   Operation 276 'sdiv' 'sdiv_ln1303' <Predicate = true> <Delay = 1.47> <CoreInst = "DivnS_SEQ">   --->   Core 7 'DivnS_SEQ' <Latency = 35> <II = 26> <Delay = 1.47> <FuncUnit> <Opcode : 'sdiv' 'srem' 'udiv' 'urem'> <InPorts = 2> <OutPorts = 1>

State 26 <SV = 22> <Delay = 1.47>
ST_26 : Operation 277 [29/36] (1.47ns)   --->   "%sdiv_ln1303 = sdiv i32 1073741824, i32 %sext_ln1303"   --->   Operation 277 'sdiv' 'sdiv_ln1303' <Predicate = true> <Delay = 1.47> <CoreInst = "DivnS_SEQ">   --->   Core 7 'DivnS_SEQ' <Latency = 35> <II = 26> <Delay = 1.47> <FuncUnit> <Opcode : 'sdiv' 'srem' 'udiv' 'urem'> <InPorts = 2> <OutPorts = 1>

State 27 <SV = 23> <Delay = 1.47>
ST_27 : Operation 278 [28/36] (1.47ns)   --->   "%sdiv_ln1303 = sdiv i32 1073741824, i32 %sext_ln1303"   --->   Operation 278 'sdiv' 'sdiv_ln1303' <Predicate = true> <Delay = 1.47> <CoreInst = "DivnS_SEQ">   --->   Core 7 'DivnS_SEQ' <Latency = 35> <II = 26> <Delay = 1.47> <FuncUnit> <Opcode : 'sdiv' 'srem' 'udiv' 'urem'> <InPorts = 2> <OutPorts = 1>

State 28 <SV = 24> <Delay = 1.47>
ST_28 : Operation 279 [27/36] (1.47ns)   --->   "%sdiv_ln1303 = sdiv i32 1073741824, i32 %sext_ln1303"   --->   Operation 279 'sdiv' 'sdiv_ln1303' <Predicate = true> <Delay = 1.47> <CoreInst = "DivnS_SEQ">   --->   Core 7 'DivnS_SEQ' <Latency = 35> <II = 26> <Delay = 1.47> <FuncUnit> <Opcode : 'sdiv' 'srem' 'udiv' 'urem'> <InPorts = 2> <OutPorts = 1>

State 29 <SV = 25> <Delay = 1.47>
ST_29 : Operation 280 [26/36] (1.47ns)   --->   "%sdiv_ln1303 = sdiv i32 1073741824, i32 %sext_ln1303"   --->   Operation 280 'sdiv' 'sdiv_ln1303' <Predicate = true> <Delay = 1.47> <CoreInst = "DivnS_SEQ">   --->   Core 7 'DivnS_SEQ' <Latency = 35> <II = 26> <Delay = 1.47> <FuncUnit> <Opcode : 'sdiv' 'srem' 'udiv' 'urem'> <InPorts = 2> <OutPorts = 1>

State 30 <SV = 26> <Delay = 1.47>
ST_30 : Operation 281 [25/36] (1.47ns)   --->   "%sdiv_ln1303 = sdiv i32 1073741824, i32 %sext_ln1303"   --->   Operation 281 'sdiv' 'sdiv_ln1303' <Predicate = true> <Delay = 1.47> <CoreInst = "DivnS_SEQ">   --->   Core 7 'DivnS_SEQ' <Latency = 35> <II = 26> <Delay = 1.47> <FuncUnit> <Opcode : 'sdiv' 'srem' 'udiv' 'urem'> <InPorts = 2> <OutPorts = 1>

State 31 <SV = 27> <Delay = 1.47>
ST_31 : Operation 282 [24/36] (1.47ns)   --->   "%sdiv_ln1303 = sdiv i32 1073741824, i32 %sext_ln1303"   --->   Operation 282 'sdiv' 'sdiv_ln1303' <Predicate = true> <Delay = 1.47> <CoreInst = "DivnS_SEQ">   --->   Core 7 'DivnS_SEQ' <Latency = 35> <II = 26> <Delay = 1.47> <FuncUnit> <Opcode : 'sdiv' 'srem' 'udiv' 'urem'> <InPorts = 2> <OutPorts = 1>

State 32 <SV = 28> <Delay = 1.47>
ST_32 : Operation 283 [23/36] (1.47ns)   --->   "%sdiv_ln1303 = sdiv i32 1073741824, i32 %sext_ln1303"   --->   Operation 283 'sdiv' 'sdiv_ln1303' <Predicate = true> <Delay = 1.47> <CoreInst = "DivnS_SEQ">   --->   Core 7 'DivnS_SEQ' <Latency = 35> <II = 26> <Delay = 1.47> <FuncUnit> <Opcode : 'sdiv' 'srem' 'udiv' 'urem'> <InPorts = 2> <OutPorts = 1>

State 33 <SV = 29> <Delay = 1.47>
ST_33 : Operation 284 [22/36] (1.47ns)   --->   "%sdiv_ln1303 = sdiv i32 1073741824, i32 %sext_ln1303"   --->   Operation 284 'sdiv' 'sdiv_ln1303' <Predicate = true> <Delay = 1.47> <CoreInst = "DivnS_SEQ">   --->   Core 7 'DivnS_SEQ' <Latency = 35> <II = 26> <Delay = 1.47> <FuncUnit> <Opcode : 'sdiv' 'srem' 'udiv' 'urem'> <InPorts = 2> <OutPorts = 1>

State 34 <SV = 30> <Delay = 1.47>
ST_34 : Operation 285 [21/36] (1.47ns)   --->   "%sdiv_ln1303 = sdiv i32 1073741824, i32 %sext_ln1303"   --->   Operation 285 'sdiv' 'sdiv_ln1303' <Predicate = true> <Delay = 1.47> <CoreInst = "DivnS_SEQ">   --->   Core 7 'DivnS_SEQ' <Latency = 35> <II = 26> <Delay = 1.47> <FuncUnit> <Opcode : 'sdiv' 'srem' 'udiv' 'urem'> <InPorts = 2> <OutPorts = 1>

State 35 <SV = 31> <Delay = 1.47>
ST_35 : Operation 286 [20/36] (1.47ns)   --->   "%sdiv_ln1303 = sdiv i32 1073741824, i32 %sext_ln1303"   --->   Operation 286 'sdiv' 'sdiv_ln1303' <Predicate = true> <Delay = 1.47> <CoreInst = "DivnS_SEQ">   --->   Core 7 'DivnS_SEQ' <Latency = 35> <II = 26> <Delay = 1.47> <FuncUnit> <Opcode : 'sdiv' 'srem' 'udiv' 'urem'> <InPorts = 2> <OutPorts = 1>

State 36 <SV = 32> <Delay = 1.47>
ST_36 : Operation 287 [19/36] (1.47ns)   --->   "%sdiv_ln1303 = sdiv i32 1073741824, i32 %sext_ln1303"   --->   Operation 287 'sdiv' 'sdiv_ln1303' <Predicate = true> <Delay = 1.47> <CoreInst = "DivnS_SEQ">   --->   Core 7 'DivnS_SEQ' <Latency = 35> <II = 26> <Delay = 1.47> <FuncUnit> <Opcode : 'sdiv' 'srem' 'udiv' 'urem'> <InPorts = 2> <OutPorts = 1>

State 37 <SV = 33> <Delay = 1.47>
ST_37 : Operation 288 [18/36] (1.47ns)   --->   "%sdiv_ln1303 = sdiv i32 1073741824, i32 %sext_ln1303"   --->   Operation 288 'sdiv' 'sdiv_ln1303' <Predicate = true> <Delay = 1.47> <CoreInst = "DivnS_SEQ">   --->   Core 7 'DivnS_SEQ' <Latency = 35> <II = 26> <Delay = 1.47> <FuncUnit> <Opcode : 'sdiv' 'srem' 'udiv' 'urem'> <InPorts = 2> <OutPorts = 1>

State 38 <SV = 34> <Delay = 1.47>
ST_38 : Operation 289 [17/36] (1.47ns)   --->   "%sdiv_ln1303 = sdiv i32 1073741824, i32 %sext_ln1303"   --->   Operation 289 'sdiv' 'sdiv_ln1303' <Predicate = true> <Delay = 1.47> <CoreInst = "DivnS_SEQ">   --->   Core 7 'DivnS_SEQ' <Latency = 35> <II = 26> <Delay = 1.47> <FuncUnit> <Opcode : 'sdiv' 'srem' 'udiv' 'urem'> <InPorts = 2> <OutPorts = 1>

State 39 <SV = 35> <Delay = 1.47>
ST_39 : Operation 290 [16/36] (1.47ns)   --->   "%sdiv_ln1303 = sdiv i32 1073741824, i32 %sext_ln1303"   --->   Operation 290 'sdiv' 'sdiv_ln1303' <Predicate = true> <Delay = 1.47> <CoreInst = "DivnS_SEQ">   --->   Core 7 'DivnS_SEQ' <Latency = 35> <II = 26> <Delay = 1.47> <FuncUnit> <Opcode : 'sdiv' 'srem' 'udiv' 'urem'> <InPorts = 2> <OutPorts = 1>

State 40 <SV = 36> <Delay = 1.47>
ST_40 : Operation 291 [15/36] (1.47ns)   --->   "%sdiv_ln1303 = sdiv i32 1073741824, i32 %sext_ln1303"   --->   Operation 291 'sdiv' 'sdiv_ln1303' <Predicate = true> <Delay = 1.47> <CoreInst = "DivnS_SEQ">   --->   Core 7 'DivnS_SEQ' <Latency = 35> <II = 26> <Delay = 1.47> <FuncUnit> <Opcode : 'sdiv' 'srem' 'udiv' 'urem'> <InPorts = 2> <OutPorts = 1>

State 41 <SV = 37> <Delay = 1.47>
ST_41 : Operation 292 [14/36] (1.47ns)   --->   "%sdiv_ln1303 = sdiv i32 1073741824, i32 %sext_ln1303"   --->   Operation 292 'sdiv' 'sdiv_ln1303' <Predicate = true> <Delay = 1.47> <CoreInst = "DivnS_SEQ">   --->   Core 7 'DivnS_SEQ' <Latency = 35> <II = 26> <Delay = 1.47> <FuncUnit> <Opcode : 'sdiv' 'srem' 'udiv' 'urem'> <InPorts = 2> <OutPorts = 1>

State 42 <SV = 38> <Delay = 1.47>
ST_42 : Operation 293 [13/36] (1.47ns)   --->   "%sdiv_ln1303 = sdiv i32 1073741824, i32 %sext_ln1303"   --->   Operation 293 'sdiv' 'sdiv_ln1303' <Predicate = true> <Delay = 1.47> <CoreInst = "DivnS_SEQ">   --->   Core 7 'DivnS_SEQ' <Latency = 35> <II = 26> <Delay = 1.47> <FuncUnit> <Opcode : 'sdiv' 'srem' 'udiv' 'urem'> <InPorts = 2> <OutPorts = 1>

State 43 <SV = 39> <Delay = 1.47>
ST_43 : Operation 294 [12/36] (1.47ns)   --->   "%sdiv_ln1303 = sdiv i32 1073741824, i32 %sext_ln1303"   --->   Operation 294 'sdiv' 'sdiv_ln1303' <Predicate = true> <Delay = 1.47> <CoreInst = "DivnS_SEQ">   --->   Core 7 'DivnS_SEQ' <Latency = 35> <II = 26> <Delay = 1.47> <FuncUnit> <Opcode : 'sdiv' 'srem' 'udiv' 'urem'> <InPorts = 2> <OutPorts = 1>

State 44 <SV = 40> <Delay = 1.47>
ST_44 : Operation 295 [11/36] (1.47ns)   --->   "%sdiv_ln1303 = sdiv i32 1073741824, i32 %sext_ln1303"   --->   Operation 295 'sdiv' 'sdiv_ln1303' <Predicate = true> <Delay = 1.47> <CoreInst = "DivnS_SEQ">   --->   Core 7 'DivnS_SEQ' <Latency = 35> <II = 26> <Delay = 1.47> <FuncUnit> <Opcode : 'sdiv' 'srem' 'udiv' 'urem'> <InPorts = 2> <OutPorts = 1>

State 45 <SV = 41> <Delay = 1.47>
ST_45 : Operation 296 [10/36] (1.47ns)   --->   "%sdiv_ln1303 = sdiv i32 1073741824, i32 %sext_ln1303"   --->   Operation 296 'sdiv' 'sdiv_ln1303' <Predicate = true> <Delay = 1.47> <CoreInst = "DivnS_SEQ">   --->   Core 7 'DivnS_SEQ' <Latency = 35> <II = 26> <Delay = 1.47> <FuncUnit> <Opcode : 'sdiv' 'srem' 'udiv' 'urem'> <InPorts = 2> <OutPorts = 1>

State 46 <SV = 42> <Delay = 1.47>
ST_46 : Operation 297 [9/36] (1.47ns)   --->   "%sdiv_ln1303 = sdiv i32 1073741824, i32 %sext_ln1303"   --->   Operation 297 'sdiv' 'sdiv_ln1303' <Predicate = true> <Delay = 1.47> <CoreInst = "DivnS_SEQ">   --->   Core 7 'DivnS_SEQ' <Latency = 35> <II = 26> <Delay = 1.47> <FuncUnit> <Opcode : 'sdiv' 'srem' 'udiv' 'urem'> <InPorts = 2> <OutPorts = 1>

State 47 <SV = 43> <Delay = 1.47>
ST_47 : Operation 298 [8/36] (1.47ns)   --->   "%sdiv_ln1303 = sdiv i32 1073741824, i32 %sext_ln1303"   --->   Operation 298 'sdiv' 'sdiv_ln1303' <Predicate = true> <Delay = 1.47> <CoreInst = "DivnS_SEQ">   --->   Core 7 'DivnS_SEQ' <Latency = 35> <II = 26> <Delay = 1.47> <FuncUnit> <Opcode : 'sdiv' 'srem' 'udiv' 'urem'> <InPorts = 2> <OutPorts = 1>

State 48 <SV = 44> <Delay = 1.47>
ST_48 : Operation 299 [7/36] (1.47ns)   --->   "%sdiv_ln1303 = sdiv i32 1073741824, i32 %sext_ln1303"   --->   Operation 299 'sdiv' 'sdiv_ln1303' <Predicate = true> <Delay = 1.47> <CoreInst = "DivnS_SEQ">   --->   Core 7 'DivnS_SEQ' <Latency = 35> <II = 26> <Delay = 1.47> <FuncUnit> <Opcode : 'sdiv' 'srem' 'udiv' 'urem'> <InPorts = 2> <OutPorts = 1>

State 49 <SV = 45> <Delay = 1.47>
ST_49 : Operation 300 [6/36] (1.47ns)   --->   "%sdiv_ln1303 = sdiv i32 1073741824, i32 %sext_ln1303"   --->   Operation 300 'sdiv' 'sdiv_ln1303' <Predicate = true> <Delay = 1.47> <CoreInst = "DivnS_SEQ">   --->   Core 7 'DivnS_SEQ' <Latency = 35> <II = 26> <Delay = 1.47> <FuncUnit> <Opcode : 'sdiv' 'srem' 'udiv' 'urem'> <InPorts = 2> <OutPorts = 1>

State 50 <SV = 46> <Delay = 1.47>
ST_50 : Operation 301 [5/36] (1.47ns)   --->   "%sdiv_ln1303 = sdiv i32 1073741824, i32 %sext_ln1303"   --->   Operation 301 'sdiv' 'sdiv_ln1303' <Predicate = true> <Delay = 1.47> <CoreInst = "DivnS_SEQ">   --->   Core 7 'DivnS_SEQ' <Latency = 35> <II = 26> <Delay = 1.47> <FuncUnit> <Opcode : 'sdiv' 'srem' 'udiv' 'urem'> <InPorts = 2> <OutPorts = 1>

State 51 <SV = 47> <Delay = 1.47>
ST_51 : Operation 302 [4/36] (1.47ns)   --->   "%sdiv_ln1303 = sdiv i32 1073741824, i32 %sext_ln1303"   --->   Operation 302 'sdiv' 'sdiv_ln1303' <Predicate = true> <Delay = 1.47> <CoreInst = "DivnS_SEQ">   --->   Core 7 'DivnS_SEQ' <Latency = 35> <II = 26> <Delay = 1.47> <FuncUnit> <Opcode : 'sdiv' 'srem' 'udiv' 'urem'> <InPorts = 2> <OutPorts = 1>

State 52 <SV = 48> <Delay = 1.47>
ST_52 : Operation 303 [3/36] (1.47ns)   --->   "%sdiv_ln1303 = sdiv i32 1073741824, i32 %sext_ln1303"   --->   Operation 303 'sdiv' 'sdiv_ln1303' <Predicate = true> <Delay = 1.47> <CoreInst = "DivnS_SEQ">   --->   Core 7 'DivnS_SEQ' <Latency = 35> <II = 26> <Delay = 1.47> <FuncUnit> <Opcode : 'sdiv' 'srem' 'udiv' 'urem'> <InPorts = 2> <OutPorts = 1>

State 53 <SV = 49> <Delay = 1.47>
ST_53 : Operation 304 [2/36] (1.47ns)   --->   "%sdiv_ln1303 = sdiv i32 1073741824, i32 %sext_ln1303"   --->   Operation 304 'sdiv' 'sdiv_ln1303' <Predicate = true> <Delay = 1.47> <CoreInst = "DivnS_SEQ">   --->   Core 7 'DivnS_SEQ' <Latency = 35> <II = 26> <Delay = 1.47> <FuncUnit> <Opcode : 'sdiv' 'srem' 'udiv' 'urem'> <InPorts = 2> <OutPorts = 1>

State 54 <SV = 50> <Delay = 1.47>
ST_54 : Operation 305 [1/36] (1.47ns)   --->   "%sdiv_ln1303 = sdiv i32 1073741824, i32 %sext_ln1303"   --->   Operation 305 'sdiv' 'sdiv_ln1303' <Predicate = (!icmp_ln1654)> <Delay = 1.47> <CoreInst = "DivnS_SEQ">   --->   Core 7 'DivnS_SEQ' <Latency = 35> <II = 26> <Delay = 1.47> <FuncUnit> <Opcode : 'sdiv' 'srem' 'udiv' 'urem'> <InPorts = 2> <OutPorts = 1>
ST_54 : Operation 306 [1/1] (0.00ns)   --->   "%inv_val_V = trunc i26 %sdiv_ln1303"   --->   Operation 306 'trunc' 'inv_val_V' <Predicate = (!icmp_ln1654)> <Delay = 0.00>
ST_54 : Operation 307 [1/1] (0.00ns)   --->   "%br_ln379 = br void %if.end" [../../../../../overlays/Vitis_Libraries/vision//L1/include/imgproc/xf_autowhitebalance.hpp:379]   --->   Operation 307 'br' 'br_ln379' <Predicate = (!icmp_ln1654)> <Delay = 0.00>
ST_54 : Operation 308 [1/1] (0.00ns)   --->   "%inv_val_V_1 = phi i26 %inv_val_V, void %_ZNK13ap_fixed_baseILi26ELi2ELb1EL9ap_q_mode5EL9ap_o_mode3ELi0EEdvILi18ELi12ELb1ELS0_5ELS1_3ELi0EEENS2_5RTypeIXT_EXT0_EXT1_EE3divERKS_IXT_EXT0_EXT1_EXT2_EXT3_EXT4_EE.exit511, i26 0, void %for.end64"   --->   Operation 308 'phi' 'inv_val_V_1' <Predicate = true> <Delay = 0.00>
ST_54 : Operation 309 [1/1] (0.00ns)   --->   "%p_load89 = load i18 %empty_290"   --->   Operation 309 'load' 'p_load89' <Predicate = true> <Delay = 0.00>
ST_54 : Operation 310 [1/1] (0.00ns)   --->   "%p_load86 = load i18 %empty_291"   --->   Operation 310 'load' 'p_load86' <Predicate = true> <Delay = 0.00>
ST_54 : Operation 311 [1/1] (1.08ns)   --->   "%icmp_ln1654_1 = icmp_eq  i18 %p_load89, i18 %p_load86"   --->   Operation 311 'icmp' 'icmp_ln1654_1' <Predicate = true> <Delay = 1.08> <CoreInst = "Cmp">   --->   Core 9 'Cmp' <Latency = 0> <II = 1> <Delay = 1.08> <FuncUnit> <Opcode : 'icmp'> <InPorts = 2> <OutPorts = 1>
ST_54 : Operation 312 [1/1] (0.00ns)   --->   "%br_ln380 = br i1 %icmp_ln1654_1, void %_ZNK13ap_fixed_baseILi26ELi2ELb1EL9ap_q_mode5EL9ap_o_mode3ELi0EEdvILi18ELi12ELb1ELS0_5ELS1_3ELi0EEENS2_5RTypeIXT_EXT0_EXT1_EE3divERKS_IXT_EXT0_EXT1_EXT2_EXT3_EXT4_EE.exit431, void %if.end124" [../../../../../overlays/Vitis_Libraries/vision//L1/include/imgproc/xf_autowhitebalance.hpp:380]   --->   Operation 312 'br' 'br_ln380' <Predicate = true> <Delay = 0.00>
ST_54 : Operation 313 [1/1] (0.00ns)   --->   "%sext_ln1303_1 = sext i18 %sub_ln813_1"   --->   Operation 313 'sext' 'sext_ln1303_1' <Predicate = (!icmp_ln1654_1)> <Delay = 0.00>
ST_54 : Operation 314 [36/36] (1.47ns)   --->   "%sdiv_ln1303_1 = sdiv i32 1073741824, i32 %sext_ln1303_1"   --->   Operation 314 'sdiv' 'sdiv_ln1303_1' <Predicate = (!icmp_ln1654_1)> <Delay = 1.47> <CoreInst = "DivnS_SEQ">   --->   Core 7 'DivnS_SEQ' <Latency = 35> <II = 26> <Delay = 1.47> <FuncUnit> <Opcode : 'sdiv' 'srem' 'udiv' 'urem'> <InPorts = 2> <OutPorts = 1>

State 55 <SV = 51> <Delay = 1.47>
ST_55 : Operation 315 [35/36] (1.47ns)   --->   "%sdiv_ln1303_1 = sdiv i32 1073741824, i32 %sext_ln1303_1"   --->   Operation 315 'sdiv' 'sdiv_ln1303_1' <Predicate = true> <Delay = 1.47> <CoreInst = "DivnS_SEQ">   --->   Core 7 'DivnS_SEQ' <Latency = 35> <II = 26> <Delay = 1.47> <FuncUnit> <Opcode : 'sdiv' 'srem' 'udiv' 'urem'> <InPorts = 2> <OutPorts = 1>

State 56 <SV = 52> <Delay = 1.47>
ST_56 : Operation 316 [34/36] (1.47ns)   --->   "%sdiv_ln1303_1 = sdiv i32 1073741824, i32 %sext_ln1303_1"   --->   Operation 316 'sdiv' 'sdiv_ln1303_1' <Predicate = true> <Delay = 1.47> <CoreInst = "DivnS_SEQ">   --->   Core 7 'DivnS_SEQ' <Latency = 35> <II = 26> <Delay = 1.47> <FuncUnit> <Opcode : 'sdiv' 'srem' 'udiv' 'urem'> <InPorts = 2> <OutPorts = 1>

State 57 <SV = 53> <Delay = 1.47>
ST_57 : Operation 317 [33/36] (1.47ns)   --->   "%sdiv_ln1303_1 = sdiv i32 1073741824, i32 %sext_ln1303_1"   --->   Operation 317 'sdiv' 'sdiv_ln1303_1' <Predicate = true> <Delay = 1.47> <CoreInst = "DivnS_SEQ">   --->   Core 7 'DivnS_SEQ' <Latency = 35> <II = 26> <Delay = 1.47> <FuncUnit> <Opcode : 'sdiv' 'srem' 'udiv' 'urem'> <InPorts = 2> <OutPorts = 1>

State 58 <SV = 54> <Delay = 1.47>
ST_58 : Operation 318 [32/36] (1.47ns)   --->   "%sdiv_ln1303_1 = sdiv i32 1073741824, i32 %sext_ln1303_1"   --->   Operation 318 'sdiv' 'sdiv_ln1303_1' <Predicate = true> <Delay = 1.47> <CoreInst = "DivnS_SEQ">   --->   Core 7 'DivnS_SEQ' <Latency = 35> <II = 26> <Delay = 1.47> <FuncUnit> <Opcode : 'sdiv' 'srem' 'udiv' 'urem'> <InPorts = 2> <OutPorts = 1>

State 59 <SV = 55> <Delay = 1.47>
ST_59 : Operation 319 [31/36] (1.47ns)   --->   "%sdiv_ln1303_1 = sdiv i32 1073741824, i32 %sext_ln1303_1"   --->   Operation 319 'sdiv' 'sdiv_ln1303_1' <Predicate = true> <Delay = 1.47> <CoreInst = "DivnS_SEQ">   --->   Core 7 'DivnS_SEQ' <Latency = 35> <II = 26> <Delay = 1.47> <FuncUnit> <Opcode : 'sdiv' 'srem' 'udiv' 'urem'> <InPorts = 2> <OutPorts = 1>

State 60 <SV = 56> <Delay = 1.47>
ST_60 : Operation 320 [30/36] (1.47ns)   --->   "%sdiv_ln1303_1 = sdiv i32 1073741824, i32 %sext_ln1303_1"   --->   Operation 320 'sdiv' 'sdiv_ln1303_1' <Predicate = true> <Delay = 1.47> <CoreInst = "DivnS_SEQ">   --->   Core 7 'DivnS_SEQ' <Latency = 35> <II = 26> <Delay = 1.47> <FuncUnit> <Opcode : 'sdiv' 'srem' 'udiv' 'urem'> <InPorts = 2> <OutPorts = 1>

State 61 <SV = 57> <Delay = 1.47>
ST_61 : Operation 321 [29/36] (1.47ns)   --->   "%sdiv_ln1303_1 = sdiv i32 1073741824, i32 %sext_ln1303_1"   --->   Operation 321 'sdiv' 'sdiv_ln1303_1' <Predicate = true> <Delay = 1.47> <CoreInst = "DivnS_SEQ">   --->   Core 7 'DivnS_SEQ' <Latency = 35> <II = 26> <Delay = 1.47> <FuncUnit> <Opcode : 'sdiv' 'srem' 'udiv' 'urem'> <InPorts = 2> <OutPorts = 1>

State 62 <SV = 58> <Delay = 1.47>
ST_62 : Operation 322 [28/36] (1.47ns)   --->   "%sdiv_ln1303_1 = sdiv i32 1073741824, i32 %sext_ln1303_1"   --->   Operation 322 'sdiv' 'sdiv_ln1303_1' <Predicate = true> <Delay = 1.47> <CoreInst = "DivnS_SEQ">   --->   Core 7 'DivnS_SEQ' <Latency = 35> <II = 26> <Delay = 1.47> <FuncUnit> <Opcode : 'sdiv' 'srem' 'udiv' 'urem'> <InPorts = 2> <OutPorts = 1>

State 63 <SV = 59> <Delay = 1.47>
ST_63 : Operation 323 [27/36] (1.47ns)   --->   "%sdiv_ln1303_1 = sdiv i32 1073741824, i32 %sext_ln1303_1"   --->   Operation 323 'sdiv' 'sdiv_ln1303_1' <Predicate = true> <Delay = 1.47> <CoreInst = "DivnS_SEQ">   --->   Core 7 'DivnS_SEQ' <Latency = 35> <II = 26> <Delay = 1.47> <FuncUnit> <Opcode : 'sdiv' 'srem' 'udiv' 'urem'> <InPorts = 2> <OutPorts = 1>

State 64 <SV = 60> <Delay = 1.47>
ST_64 : Operation 324 [26/36] (1.47ns)   --->   "%sdiv_ln1303_1 = sdiv i32 1073741824, i32 %sext_ln1303_1"   --->   Operation 324 'sdiv' 'sdiv_ln1303_1' <Predicate = true> <Delay = 1.47> <CoreInst = "DivnS_SEQ">   --->   Core 7 'DivnS_SEQ' <Latency = 35> <II = 26> <Delay = 1.47> <FuncUnit> <Opcode : 'sdiv' 'srem' 'udiv' 'urem'> <InPorts = 2> <OutPorts = 1>

State 65 <SV = 61> <Delay = 1.47>
ST_65 : Operation 325 [25/36] (1.47ns)   --->   "%sdiv_ln1303_1 = sdiv i32 1073741824, i32 %sext_ln1303_1"   --->   Operation 325 'sdiv' 'sdiv_ln1303_1' <Predicate = true> <Delay = 1.47> <CoreInst = "DivnS_SEQ">   --->   Core 7 'DivnS_SEQ' <Latency = 35> <II = 26> <Delay = 1.47> <FuncUnit> <Opcode : 'sdiv' 'srem' 'udiv' 'urem'> <InPorts = 2> <OutPorts = 1>

State 66 <SV = 62> <Delay = 1.47>
ST_66 : Operation 326 [24/36] (1.47ns)   --->   "%sdiv_ln1303_1 = sdiv i32 1073741824, i32 %sext_ln1303_1"   --->   Operation 326 'sdiv' 'sdiv_ln1303_1' <Predicate = true> <Delay = 1.47> <CoreInst = "DivnS_SEQ">   --->   Core 7 'DivnS_SEQ' <Latency = 35> <II = 26> <Delay = 1.47> <FuncUnit> <Opcode : 'sdiv' 'srem' 'udiv' 'urem'> <InPorts = 2> <OutPorts = 1>

State 67 <SV = 63> <Delay = 1.47>
ST_67 : Operation 327 [23/36] (1.47ns)   --->   "%sdiv_ln1303_1 = sdiv i32 1073741824, i32 %sext_ln1303_1"   --->   Operation 327 'sdiv' 'sdiv_ln1303_1' <Predicate = true> <Delay = 1.47> <CoreInst = "DivnS_SEQ">   --->   Core 7 'DivnS_SEQ' <Latency = 35> <II = 26> <Delay = 1.47> <FuncUnit> <Opcode : 'sdiv' 'srem' 'udiv' 'urem'> <InPorts = 2> <OutPorts = 1>

State 68 <SV = 64> <Delay = 1.47>
ST_68 : Operation 328 [22/36] (1.47ns)   --->   "%sdiv_ln1303_1 = sdiv i32 1073741824, i32 %sext_ln1303_1"   --->   Operation 328 'sdiv' 'sdiv_ln1303_1' <Predicate = true> <Delay = 1.47> <CoreInst = "DivnS_SEQ">   --->   Core 7 'DivnS_SEQ' <Latency = 35> <II = 26> <Delay = 1.47> <FuncUnit> <Opcode : 'sdiv' 'srem' 'udiv' 'urem'> <InPorts = 2> <OutPorts = 1>

State 69 <SV = 65> <Delay = 1.47>
ST_69 : Operation 329 [21/36] (1.47ns)   --->   "%sdiv_ln1303_1 = sdiv i32 1073741824, i32 %sext_ln1303_1"   --->   Operation 329 'sdiv' 'sdiv_ln1303_1' <Predicate = true> <Delay = 1.47> <CoreInst = "DivnS_SEQ">   --->   Core 7 'DivnS_SEQ' <Latency = 35> <II = 26> <Delay = 1.47> <FuncUnit> <Opcode : 'sdiv' 'srem' 'udiv' 'urem'> <InPorts = 2> <OutPorts = 1>

State 70 <SV = 66> <Delay = 1.47>
ST_70 : Operation 330 [20/36] (1.47ns)   --->   "%sdiv_ln1303_1 = sdiv i32 1073741824, i32 %sext_ln1303_1"   --->   Operation 330 'sdiv' 'sdiv_ln1303_1' <Predicate = true> <Delay = 1.47> <CoreInst = "DivnS_SEQ">   --->   Core 7 'DivnS_SEQ' <Latency = 35> <II = 26> <Delay = 1.47> <FuncUnit> <Opcode : 'sdiv' 'srem' 'udiv' 'urem'> <InPorts = 2> <OutPorts = 1>

State 71 <SV = 67> <Delay = 1.47>
ST_71 : Operation 331 [19/36] (1.47ns)   --->   "%sdiv_ln1303_1 = sdiv i32 1073741824, i32 %sext_ln1303_1"   --->   Operation 331 'sdiv' 'sdiv_ln1303_1' <Predicate = true> <Delay = 1.47> <CoreInst = "DivnS_SEQ">   --->   Core 7 'DivnS_SEQ' <Latency = 35> <II = 26> <Delay = 1.47> <FuncUnit> <Opcode : 'sdiv' 'srem' 'udiv' 'urem'> <InPorts = 2> <OutPorts = 1>

State 72 <SV = 68> <Delay = 1.47>
ST_72 : Operation 332 [18/36] (1.47ns)   --->   "%sdiv_ln1303_1 = sdiv i32 1073741824, i32 %sext_ln1303_1"   --->   Operation 332 'sdiv' 'sdiv_ln1303_1' <Predicate = true> <Delay = 1.47> <CoreInst = "DivnS_SEQ">   --->   Core 7 'DivnS_SEQ' <Latency = 35> <II = 26> <Delay = 1.47> <FuncUnit> <Opcode : 'sdiv' 'srem' 'udiv' 'urem'> <InPorts = 2> <OutPorts = 1>

State 73 <SV = 69> <Delay = 1.47>
ST_73 : Operation 333 [17/36] (1.47ns)   --->   "%sdiv_ln1303_1 = sdiv i32 1073741824, i32 %sext_ln1303_1"   --->   Operation 333 'sdiv' 'sdiv_ln1303_1' <Predicate = true> <Delay = 1.47> <CoreInst = "DivnS_SEQ">   --->   Core 7 'DivnS_SEQ' <Latency = 35> <II = 26> <Delay = 1.47> <FuncUnit> <Opcode : 'sdiv' 'srem' 'udiv' 'urem'> <InPorts = 2> <OutPorts = 1>

State 74 <SV = 70> <Delay = 1.47>
ST_74 : Operation 334 [16/36] (1.47ns)   --->   "%sdiv_ln1303_1 = sdiv i32 1073741824, i32 %sext_ln1303_1"   --->   Operation 334 'sdiv' 'sdiv_ln1303_1' <Predicate = true> <Delay = 1.47> <CoreInst = "DivnS_SEQ">   --->   Core 7 'DivnS_SEQ' <Latency = 35> <II = 26> <Delay = 1.47> <FuncUnit> <Opcode : 'sdiv' 'srem' 'udiv' 'urem'> <InPorts = 2> <OutPorts = 1>

State 75 <SV = 71> <Delay = 1.47>
ST_75 : Operation 335 [15/36] (1.47ns)   --->   "%sdiv_ln1303_1 = sdiv i32 1073741824, i32 %sext_ln1303_1"   --->   Operation 335 'sdiv' 'sdiv_ln1303_1' <Predicate = true> <Delay = 1.47> <CoreInst = "DivnS_SEQ">   --->   Core 7 'DivnS_SEQ' <Latency = 35> <II = 26> <Delay = 1.47> <FuncUnit> <Opcode : 'sdiv' 'srem' 'udiv' 'urem'> <InPorts = 2> <OutPorts = 1>

State 76 <SV = 72> <Delay = 1.47>
ST_76 : Operation 336 [14/36] (1.47ns)   --->   "%sdiv_ln1303_1 = sdiv i32 1073741824, i32 %sext_ln1303_1"   --->   Operation 336 'sdiv' 'sdiv_ln1303_1' <Predicate = true> <Delay = 1.47> <CoreInst = "DivnS_SEQ">   --->   Core 7 'DivnS_SEQ' <Latency = 35> <II = 26> <Delay = 1.47> <FuncUnit> <Opcode : 'sdiv' 'srem' 'udiv' 'urem'> <InPorts = 2> <OutPorts = 1>

State 77 <SV = 73> <Delay = 1.47>
ST_77 : Operation 337 [13/36] (1.47ns)   --->   "%sdiv_ln1303_1 = sdiv i32 1073741824, i32 %sext_ln1303_1"   --->   Operation 337 'sdiv' 'sdiv_ln1303_1' <Predicate = true> <Delay = 1.47> <CoreInst = "DivnS_SEQ">   --->   Core 7 'DivnS_SEQ' <Latency = 35> <II = 26> <Delay = 1.47> <FuncUnit> <Opcode : 'sdiv' 'srem' 'udiv' 'urem'> <InPorts = 2> <OutPorts = 1>

State 78 <SV = 74> <Delay = 1.47>
ST_78 : Operation 338 [12/36] (1.47ns)   --->   "%sdiv_ln1303_1 = sdiv i32 1073741824, i32 %sext_ln1303_1"   --->   Operation 338 'sdiv' 'sdiv_ln1303_1' <Predicate = true> <Delay = 1.47> <CoreInst = "DivnS_SEQ">   --->   Core 7 'DivnS_SEQ' <Latency = 35> <II = 26> <Delay = 1.47> <FuncUnit> <Opcode : 'sdiv' 'srem' 'udiv' 'urem'> <InPorts = 2> <OutPorts = 1>

State 79 <SV = 75> <Delay = 1.47>
ST_79 : Operation 339 [11/36] (1.47ns)   --->   "%sdiv_ln1303_1 = sdiv i32 1073741824, i32 %sext_ln1303_1"   --->   Operation 339 'sdiv' 'sdiv_ln1303_1' <Predicate = true> <Delay = 1.47> <CoreInst = "DivnS_SEQ">   --->   Core 7 'DivnS_SEQ' <Latency = 35> <II = 26> <Delay = 1.47> <FuncUnit> <Opcode : 'sdiv' 'srem' 'udiv' 'urem'> <InPorts = 2> <OutPorts = 1>

State 80 <SV = 76> <Delay = 1.47>
ST_80 : Operation 340 [10/36] (1.47ns)   --->   "%sdiv_ln1303_1 = sdiv i32 1073741824, i32 %sext_ln1303_1"   --->   Operation 340 'sdiv' 'sdiv_ln1303_1' <Predicate = true> <Delay = 1.47> <CoreInst = "DivnS_SEQ">   --->   Core 7 'DivnS_SEQ' <Latency = 35> <II = 26> <Delay = 1.47> <FuncUnit> <Opcode : 'sdiv' 'srem' 'udiv' 'urem'> <InPorts = 2> <OutPorts = 1>

State 81 <SV = 77> <Delay = 1.47>
ST_81 : Operation 341 [9/36] (1.47ns)   --->   "%sdiv_ln1303_1 = sdiv i32 1073741824, i32 %sext_ln1303_1"   --->   Operation 341 'sdiv' 'sdiv_ln1303_1' <Predicate = true> <Delay = 1.47> <CoreInst = "DivnS_SEQ">   --->   Core 7 'DivnS_SEQ' <Latency = 35> <II = 26> <Delay = 1.47> <FuncUnit> <Opcode : 'sdiv' 'srem' 'udiv' 'urem'> <InPorts = 2> <OutPorts = 1>

State 82 <SV = 78> <Delay = 1.47>
ST_82 : Operation 342 [8/36] (1.47ns)   --->   "%sdiv_ln1303_1 = sdiv i32 1073741824, i32 %sext_ln1303_1"   --->   Operation 342 'sdiv' 'sdiv_ln1303_1' <Predicate = true> <Delay = 1.47> <CoreInst = "DivnS_SEQ">   --->   Core 7 'DivnS_SEQ' <Latency = 35> <II = 26> <Delay = 1.47> <FuncUnit> <Opcode : 'sdiv' 'srem' 'udiv' 'urem'> <InPorts = 2> <OutPorts = 1>

State 83 <SV = 79> <Delay = 1.47>
ST_83 : Operation 343 [7/36] (1.47ns)   --->   "%sdiv_ln1303_1 = sdiv i32 1073741824, i32 %sext_ln1303_1"   --->   Operation 343 'sdiv' 'sdiv_ln1303_1' <Predicate = true> <Delay = 1.47> <CoreInst = "DivnS_SEQ">   --->   Core 7 'DivnS_SEQ' <Latency = 35> <II = 26> <Delay = 1.47> <FuncUnit> <Opcode : 'sdiv' 'srem' 'udiv' 'urem'> <InPorts = 2> <OutPorts = 1>

State 84 <SV = 80> <Delay = 1.47>
ST_84 : Operation 344 [6/36] (1.47ns)   --->   "%sdiv_ln1303_1 = sdiv i32 1073741824, i32 %sext_ln1303_1"   --->   Operation 344 'sdiv' 'sdiv_ln1303_1' <Predicate = true> <Delay = 1.47> <CoreInst = "DivnS_SEQ">   --->   Core 7 'DivnS_SEQ' <Latency = 35> <II = 26> <Delay = 1.47> <FuncUnit> <Opcode : 'sdiv' 'srem' 'udiv' 'urem'> <InPorts = 2> <OutPorts = 1>

State 85 <SV = 81> <Delay = 1.47>
ST_85 : Operation 345 [5/36] (1.47ns)   --->   "%sdiv_ln1303_1 = sdiv i32 1073741824, i32 %sext_ln1303_1"   --->   Operation 345 'sdiv' 'sdiv_ln1303_1' <Predicate = true> <Delay = 1.47> <CoreInst = "DivnS_SEQ">   --->   Core 7 'DivnS_SEQ' <Latency = 35> <II = 26> <Delay = 1.47> <FuncUnit> <Opcode : 'sdiv' 'srem' 'udiv' 'urem'> <InPorts = 2> <OutPorts = 1>

State 86 <SV = 82> <Delay = 1.47>
ST_86 : Operation 346 [4/36] (1.47ns)   --->   "%sdiv_ln1303_1 = sdiv i32 1073741824, i32 %sext_ln1303_1"   --->   Operation 346 'sdiv' 'sdiv_ln1303_1' <Predicate = true> <Delay = 1.47> <CoreInst = "DivnS_SEQ">   --->   Core 7 'DivnS_SEQ' <Latency = 35> <II = 26> <Delay = 1.47> <FuncUnit> <Opcode : 'sdiv' 'srem' 'udiv' 'urem'> <InPorts = 2> <OutPorts = 1>

State 87 <SV = 83> <Delay = 1.47>
ST_87 : Operation 347 [3/36] (1.47ns)   --->   "%sdiv_ln1303_1 = sdiv i32 1073741824, i32 %sext_ln1303_1"   --->   Operation 347 'sdiv' 'sdiv_ln1303_1' <Predicate = true> <Delay = 1.47> <CoreInst = "DivnS_SEQ">   --->   Core 7 'DivnS_SEQ' <Latency = 35> <II = 26> <Delay = 1.47> <FuncUnit> <Opcode : 'sdiv' 'srem' 'udiv' 'urem'> <InPorts = 2> <OutPorts = 1>

State 88 <SV = 84> <Delay = 1.47>
ST_88 : Operation 348 [2/36] (1.47ns)   --->   "%sdiv_ln1303_1 = sdiv i32 1073741824, i32 %sext_ln1303_1"   --->   Operation 348 'sdiv' 'sdiv_ln1303_1' <Predicate = true> <Delay = 1.47> <CoreInst = "DivnS_SEQ">   --->   Core 7 'DivnS_SEQ' <Latency = 35> <II = 26> <Delay = 1.47> <FuncUnit> <Opcode : 'sdiv' 'srem' 'udiv' 'urem'> <InPorts = 2> <OutPorts = 1>

State 89 <SV = 85> <Delay = 1.47>
ST_89 : Operation 349 [1/36] (1.47ns)   --->   "%sdiv_ln1303_1 = sdiv i32 1073741824, i32 %sext_ln1303_1"   --->   Operation 349 'sdiv' 'sdiv_ln1303_1' <Predicate = (!icmp_ln1654_1)> <Delay = 1.47> <CoreInst = "DivnS_SEQ">   --->   Core 7 'DivnS_SEQ' <Latency = 35> <II = 26> <Delay = 1.47> <FuncUnit> <Opcode : 'sdiv' 'srem' 'udiv' 'urem'> <InPorts = 2> <OutPorts = 1>
ST_89 : Operation 350 [1/1] (0.00ns)   --->   "%inv_val_V_2 = trunc i26 %sdiv_ln1303_1"   --->   Operation 350 'trunc' 'inv_val_V_2' <Predicate = (!icmp_ln1654_1)> <Delay = 0.00>
ST_89 : Operation 351 [1/1] (0.00ns)   --->   "%br_ln380 = br void %if.end124" [../../../../../overlays/Vitis_Libraries/vision//L1/include/imgproc/xf_autowhitebalance.hpp:380]   --->   Operation 351 'br' 'br_ln380' <Predicate = (!icmp_ln1654_1)> <Delay = 0.00>
ST_89 : Operation 352 [1/1] (0.00ns)   --->   "%inv_val_V_3 = phi i26 %inv_val_V_2, void %_ZNK13ap_fixed_baseILi26ELi2ELb1EL9ap_q_mode5EL9ap_o_mode3ELi0EEdvILi18ELi12ELb1ELS0_5ELS1_3ELi0EEENS2_5RTypeIXT_EXT0_EXT1_EE3divERKS_IXT_EXT0_EXT1_EXT2_EXT3_EXT4_EE.exit431, i26 0, void %if.end"   --->   Operation 352 'phi' 'inv_val_V_3' <Predicate = true> <Delay = 0.00>
ST_89 : Operation 353 [1/1] (0.00ns)   --->   "%p_load82 = load i18 %empty_292"   --->   Operation 353 'load' 'p_load82' <Predicate = true> <Delay = 0.00>
ST_89 : Operation 354 [1/1] (0.00ns)   --->   "%p_load79 = load i18 %empty_293"   --->   Operation 354 'load' 'p_load79' <Predicate = true> <Delay = 0.00>
ST_89 : Operation 355 [1/1] (1.08ns)   --->   "%icmp_ln1654_2 = icmp_eq  i18 %p_load82, i18 %p_load79"   --->   Operation 355 'icmp' 'icmp_ln1654_2' <Predicate = true> <Delay = 1.08> <CoreInst = "Cmp">   --->   Core 9 'Cmp' <Latency = 0> <II = 1> <Delay = 1.08> <FuncUnit> <Opcode : 'icmp'> <InPorts = 2> <OutPorts = 1>
ST_89 : Operation 356 [1/1] (0.00ns)   --->   "%br_ln381 = br i1 %icmp_ln1654_2, void %_ZNK13ap_fixed_baseILi26ELi2ELb1EL9ap_q_mode5EL9ap_o_mode3ELi0EEdvILi18ELi12ELb1ELS0_5ELS1_3ELi0EEENS2_5RTypeIXT_EXT0_EXT1_EE3divERKS_IXT_EXT0_EXT1_EXT2_EXT3_EXT4_EE.exit, void %Row_Loop1" [../../../../../overlays/Vitis_Libraries/vision//L1/include/imgproc/xf_autowhitebalance.hpp:381]   --->   Operation 356 'br' 'br_ln381' <Predicate = true> <Delay = 0.00>
ST_89 : Operation 357 [1/1] (0.00ns)   --->   "%sext_ln1303_2 = sext i18 %sub_ln813_2"   --->   Operation 357 'sext' 'sext_ln1303_2' <Predicate = (!icmp_ln1654_2)> <Delay = 0.00>
ST_89 : Operation 358 [36/36] (1.47ns)   --->   "%sdiv_ln1303_2 = sdiv i32 1073741824, i32 %sext_ln1303_2"   --->   Operation 358 'sdiv' 'sdiv_ln1303_2' <Predicate = (!icmp_ln1654_2)> <Delay = 1.47> <CoreInst = "DivnS_SEQ">   --->   Core 7 'DivnS_SEQ' <Latency = 35> <II = 26> <Delay = 1.47> <FuncUnit> <Opcode : 'sdiv' 'srem' 'udiv' 'urem'> <InPorts = 2> <OutPorts = 1>

State 90 <SV = 86> <Delay = 1.47>
ST_90 : Operation 359 [35/36] (1.47ns)   --->   "%sdiv_ln1303_2 = sdiv i32 1073741824, i32 %sext_ln1303_2"   --->   Operation 359 'sdiv' 'sdiv_ln1303_2' <Predicate = true> <Delay = 1.47> <CoreInst = "DivnS_SEQ">   --->   Core 7 'DivnS_SEQ' <Latency = 35> <II = 26> <Delay = 1.47> <FuncUnit> <Opcode : 'sdiv' 'srem' 'udiv' 'urem'> <InPorts = 2> <OutPorts = 1>

State 91 <SV = 87> <Delay = 1.47>
ST_91 : Operation 360 [34/36] (1.47ns)   --->   "%sdiv_ln1303_2 = sdiv i32 1073741824, i32 %sext_ln1303_2"   --->   Operation 360 'sdiv' 'sdiv_ln1303_2' <Predicate = true> <Delay = 1.47> <CoreInst = "DivnS_SEQ">   --->   Core 7 'DivnS_SEQ' <Latency = 35> <II = 26> <Delay = 1.47> <FuncUnit> <Opcode : 'sdiv' 'srem' 'udiv' 'urem'> <InPorts = 2> <OutPorts = 1>

State 92 <SV = 88> <Delay = 1.47>
ST_92 : Operation 361 [33/36] (1.47ns)   --->   "%sdiv_ln1303_2 = sdiv i32 1073741824, i32 %sext_ln1303_2"   --->   Operation 361 'sdiv' 'sdiv_ln1303_2' <Predicate = true> <Delay = 1.47> <CoreInst = "DivnS_SEQ">   --->   Core 7 'DivnS_SEQ' <Latency = 35> <II = 26> <Delay = 1.47> <FuncUnit> <Opcode : 'sdiv' 'srem' 'udiv' 'urem'> <InPorts = 2> <OutPorts = 1>

State 93 <SV = 89> <Delay = 1.47>
ST_93 : Operation 362 [32/36] (1.47ns)   --->   "%sdiv_ln1303_2 = sdiv i32 1073741824, i32 %sext_ln1303_2"   --->   Operation 362 'sdiv' 'sdiv_ln1303_2' <Predicate = true> <Delay = 1.47> <CoreInst = "DivnS_SEQ">   --->   Core 7 'DivnS_SEQ' <Latency = 35> <II = 26> <Delay = 1.47> <FuncUnit> <Opcode : 'sdiv' 'srem' 'udiv' 'urem'> <InPorts = 2> <OutPorts = 1>

State 94 <SV = 90> <Delay = 1.47>
ST_94 : Operation 363 [31/36] (1.47ns)   --->   "%sdiv_ln1303_2 = sdiv i32 1073741824, i32 %sext_ln1303_2"   --->   Operation 363 'sdiv' 'sdiv_ln1303_2' <Predicate = true> <Delay = 1.47> <CoreInst = "DivnS_SEQ">   --->   Core 7 'DivnS_SEQ' <Latency = 35> <II = 26> <Delay = 1.47> <FuncUnit> <Opcode : 'sdiv' 'srem' 'udiv' 'urem'> <InPorts = 2> <OutPorts = 1>

State 95 <SV = 91> <Delay = 1.47>
ST_95 : Operation 364 [30/36] (1.47ns)   --->   "%sdiv_ln1303_2 = sdiv i32 1073741824, i32 %sext_ln1303_2"   --->   Operation 364 'sdiv' 'sdiv_ln1303_2' <Predicate = true> <Delay = 1.47> <CoreInst = "DivnS_SEQ">   --->   Core 7 'DivnS_SEQ' <Latency = 35> <II = 26> <Delay = 1.47> <FuncUnit> <Opcode : 'sdiv' 'srem' 'udiv' 'urem'> <InPorts = 2> <OutPorts = 1>

State 96 <SV = 92> <Delay = 1.47>
ST_96 : Operation 365 [29/36] (1.47ns)   --->   "%sdiv_ln1303_2 = sdiv i32 1073741824, i32 %sext_ln1303_2"   --->   Operation 365 'sdiv' 'sdiv_ln1303_2' <Predicate = true> <Delay = 1.47> <CoreInst = "DivnS_SEQ">   --->   Core 7 'DivnS_SEQ' <Latency = 35> <II = 26> <Delay = 1.47> <FuncUnit> <Opcode : 'sdiv' 'srem' 'udiv' 'urem'> <InPorts = 2> <OutPorts = 1>

State 97 <SV = 93> <Delay = 1.47>
ST_97 : Operation 366 [28/36] (1.47ns)   --->   "%sdiv_ln1303_2 = sdiv i32 1073741824, i32 %sext_ln1303_2"   --->   Operation 366 'sdiv' 'sdiv_ln1303_2' <Predicate = true> <Delay = 1.47> <CoreInst = "DivnS_SEQ">   --->   Core 7 'DivnS_SEQ' <Latency = 35> <II = 26> <Delay = 1.47> <FuncUnit> <Opcode : 'sdiv' 'srem' 'udiv' 'urem'> <InPorts = 2> <OutPorts = 1>

State 98 <SV = 94> <Delay = 1.47>
ST_98 : Operation 367 [27/36] (1.47ns)   --->   "%sdiv_ln1303_2 = sdiv i32 1073741824, i32 %sext_ln1303_2"   --->   Operation 367 'sdiv' 'sdiv_ln1303_2' <Predicate = true> <Delay = 1.47> <CoreInst = "DivnS_SEQ">   --->   Core 7 'DivnS_SEQ' <Latency = 35> <II = 26> <Delay = 1.47> <FuncUnit> <Opcode : 'sdiv' 'srem' 'udiv' 'urem'> <InPorts = 2> <OutPorts = 1>

State 99 <SV = 95> <Delay = 1.47>
ST_99 : Operation 368 [26/36] (1.47ns)   --->   "%sdiv_ln1303_2 = sdiv i32 1073741824, i32 %sext_ln1303_2"   --->   Operation 368 'sdiv' 'sdiv_ln1303_2' <Predicate = true> <Delay = 1.47> <CoreInst = "DivnS_SEQ">   --->   Core 7 'DivnS_SEQ' <Latency = 35> <II = 26> <Delay = 1.47> <FuncUnit> <Opcode : 'sdiv' 'srem' 'udiv' 'urem'> <InPorts = 2> <OutPorts = 1>

State 100 <SV = 96> <Delay = 1.47>
ST_100 : Operation 369 [25/36] (1.47ns)   --->   "%sdiv_ln1303_2 = sdiv i32 1073741824, i32 %sext_ln1303_2"   --->   Operation 369 'sdiv' 'sdiv_ln1303_2' <Predicate = true> <Delay = 1.47> <CoreInst = "DivnS_SEQ">   --->   Core 7 'DivnS_SEQ' <Latency = 35> <II = 26> <Delay = 1.47> <FuncUnit> <Opcode : 'sdiv' 'srem' 'udiv' 'urem'> <InPorts = 2> <OutPorts = 1>

State 101 <SV = 97> <Delay = 1.47>
ST_101 : Operation 370 [24/36] (1.47ns)   --->   "%sdiv_ln1303_2 = sdiv i32 1073741824, i32 %sext_ln1303_2"   --->   Operation 370 'sdiv' 'sdiv_ln1303_2' <Predicate = true> <Delay = 1.47> <CoreInst = "DivnS_SEQ">   --->   Core 7 'DivnS_SEQ' <Latency = 35> <II = 26> <Delay = 1.47> <FuncUnit> <Opcode : 'sdiv' 'srem' 'udiv' 'urem'> <InPorts = 2> <OutPorts = 1>

State 102 <SV = 98> <Delay = 1.47>
ST_102 : Operation 371 [23/36] (1.47ns)   --->   "%sdiv_ln1303_2 = sdiv i32 1073741824, i32 %sext_ln1303_2"   --->   Operation 371 'sdiv' 'sdiv_ln1303_2' <Predicate = true> <Delay = 1.47> <CoreInst = "DivnS_SEQ">   --->   Core 7 'DivnS_SEQ' <Latency = 35> <II = 26> <Delay = 1.47> <FuncUnit> <Opcode : 'sdiv' 'srem' 'udiv' 'urem'> <InPorts = 2> <OutPorts = 1>

State 103 <SV = 99> <Delay = 1.47>
ST_103 : Operation 372 [22/36] (1.47ns)   --->   "%sdiv_ln1303_2 = sdiv i32 1073741824, i32 %sext_ln1303_2"   --->   Operation 372 'sdiv' 'sdiv_ln1303_2' <Predicate = true> <Delay = 1.47> <CoreInst = "DivnS_SEQ">   --->   Core 7 'DivnS_SEQ' <Latency = 35> <II = 26> <Delay = 1.47> <FuncUnit> <Opcode : 'sdiv' 'srem' 'udiv' 'urem'> <InPorts = 2> <OutPorts = 1>

State 104 <SV = 100> <Delay = 1.47>
ST_104 : Operation 373 [21/36] (1.47ns)   --->   "%sdiv_ln1303_2 = sdiv i32 1073741824, i32 %sext_ln1303_2"   --->   Operation 373 'sdiv' 'sdiv_ln1303_2' <Predicate = true> <Delay = 1.47> <CoreInst = "DivnS_SEQ">   --->   Core 7 'DivnS_SEQ' <Latency = 35> <II = 26> <Delay = 1.47> <FuncUnit> <Opcode : 'sdiv' 'srem' 'udiv' 'urem'> <InPorts = 2> <OutPorts = 1>

State 105 <SV = 101> <Delay = 1.47>
ST_105 : Operation 374 [20/36] (1.47ns)   --->   "%sdiv_ln1303_2 = sdiv i32 1073741824, i32 %sext_ln1303_2"   --->   Operation 374 'sdiv' 'sdiv_ln1303_2' <Predicate = true> <Delay = 1.47> <CoreInst = "DivnS_SEQ">   --->   Core 7 'DivnS_SEQ' <Latency = 35> <II = 26> <Delay = 1.47> <FuncUnit> <Opcode : 'sdiv' 'srem' 'udiv' 'urem'> <InPorts = 2> <OutPorts = 1>

State 106 <SV = 102> <Delay = 1.47>
ST_106 : Operation 375 [19/36] (1.47ns)   --->   "%sdiv_ln1303_2 = sdiv i32 1073741824, i32 %sext_ln1303_2"   --->   Operation 375 'sdiv' 'sdiv_ln1303_2' <Predicate = true> <Delay = 1.47> <CoreInst = "DivnS_SEQ">   --->   Core 7 'DivnS_SEQ' <Latency = 35> <II = 26> <Delay = 1.47> <FuncUnit> <Opcode : 'sdiv' 'srem' 'udiv' 'urem'> <InPorts = 2> <OutPorts = 1>

State 107 <SV = 103> <Delay = 1.47>
ST_107 : Operation 376 [18/36] (1.47ns)   --->   "%sdiv_ln1303_2 = sdiv i32 1073741824, i32 %sext_ln1303_2"   --->   Operation 376 'sdiv' 'sdiv_ln1303_2' <Predicate = true> <Delay = 1.47> <CoreInst = "DivnS_SEQ">   --->   Core 7 'DivnS_SEQ' <Latency = 35> <II = 26> <Delay = 1.47> <FuncUnit> <Opcode : 'sdiv' 'srem' 'udiv' 'urem'> <InPorts = 2> <OutPorts = 1>

State 108 <SV = 104> <Delay = 1.47>
ST_108 : Operation 377 [17/36] (1.47ns)   --->   "%sdiv_ln1303_2 = sdiv i32 1073741824, i32 %sext_ln1303_2"   --->   Operation 377 'sdiv' 'sdiv_ln1303_2' <Predicate = true> <Delay = 1.47> <CoreInst = "DivnS_SEQ">   --->   Core 7 'DivnS_SEQ' <Latency = 35> <II = 26> <Delay = 1.47> <FuncUnit> <Opcode : 'sdiv' 'srem' 'udiv' 'urem'> <InPorts = 2> <OutPorts = 1>

State 109 <SV = 105> <Delay = 1.47>
ST_109 : Operation 378 [16/36] (1.47ns)   --->   "%sdiv_ln1303_2 = sdiv i32 1073741824, i32 %sext_ln1303_2"   --->   Operation 378 'sdiv' 'sdiv_ln1303_2' <Predicate = true> <Delay = 1.47> <CoreInst = "DivnS_SEQ">   --->   Core 7 'DivnS_SEQ' <Latency = 35> <II = 26> <Delay = 1.47> <FuncUnit> <Opcode : 'sdiv' 'srem' 'udiv' 'urem'> <InPorts = 2> <OutPorts = 1>

State 110 <SV = 106> <Delay = 1.47>
ST_110 : Operation 379 [15/36] (1.47ns)   --->   "%sdiv_ln1303_2 = sdiv i32 1073741824, i32 %sext_ln1303_2"   --->   Operation 379 'sdiv' 'sdiv_ln1303_2' <Predicate = true> <Delay = 1.47> <CoreInst = "DivnS_SEQ">   --->   Core 7 'DivnS_SEQ' <Latency = 35> <II = 26> <Delay = 1.47> <FuncUnit> <Opcode : 'sdiv' 'srem' 'udiv' 'urem'> <InPorts = 2> <OutPorts = 1>

State 111 <SV = 107> <Delay = 1.47>
ST_111 : Operation 380 [14/36] (1.47ns)   --->   "%sdiv_ln1303_2 = sdiv i32 1073741824, i32 %sext_ln1303_2"   --->   Operation 380 'sdiv' 'sdiv_ln1303_2' <Predicate = true> <Delay = 1.47> <CoreInst = "DivnS_SEQ">   --->   Core 7 'DivnS_SEQ' <Latency = 35> <II = 26> <Delay = 1.47> <FuncUnit> <Opcode : 'sdiv' 'srem' 'udiv' 'urem'> <InPorts = 2> <OutPorts = 1>

State 112 <SV = 108> <Delay = 1.47>
ST_112 : Operation 381 [13/36] (1.47ns)   --->   "%sdiv_ln1303_2 = sdiv i32 1073741824, i32 %sext_ln1303_2"   --->   Operation 381 'sdiv' 'sdiv_ln1303_2' <Predicate = true> <Delay = 1.47> <CoreInst = "DivnS_SEQ">   --->   Core 7 'DivnS_SEQ' <Latency = 35> <II = 26> <Delay = 1.47> <FuncUnit> <Opcode : 'sdiv' 'srem' 'udiv' 'urem'> <InPorts = 2> <OutPorts = 1>

State 113 <SV = 109> <Delay = 1.47>
ST_113 : Operation 382 [12/36] (1.47ns)   --->   "%sdiv_ln1303_2 = sdiv i32 1073741824, i32 %sext_ln1303_2"   --->   Operation 382 'sdiv' 'sdiv_ln1303_2' <Predicate = true> <Delay = 1.47> <CoreInst = "DivnS_SEQ">   --->   Core 7 'DivnS_SEQ' <Latency = 35> <II = 26> <Delay = 1.47> <FuncUnit> <Opcode : 'sdiv' 'srem' 'udiv' 'urem'> <InPorts = 2> <OutPorts = 1>

State 114 <SV = 110> <Delay = 1.47>
ST_114 : Operation 383 [11/36] (1.47ns)   --->   "%sdiv_ln1303_2 = sdiv i32 1073741824, i32 %sext_ln1303_2"   --->   Operation 383 'sdiv' 'sdiv_ln1303_2' <Predicate = true> <Delay = 1.47> <CoreInst = "DivnS_SEQ">   --->   Core 7 'DivnS_SEQ' <Latency = 35> <II = 26> <Delay = 1.47> <FuncUnit> <Opcode : 'sdiv' 'srem' 'udiv' 'urem'> <InPorts = 2> <OutPorts = 1>

State 115 <SV = 111> <Delay = 1.47>
ST_115 : Operation 384 [10/36] (1.47ns)   --->   "%sdiv_ln1303_2 = sdiv i32 1073741824, i32 %sext_ln1303_2"   --->   Operation 384 'sdiv' 'sdiv_ln1303_2' <Predicate = true> <Delay = 1.47> <CoreInst = "DivnS_SEQ">   --->   Core 7 'DivnS_SEQ' <Latency = 35> <II = 26> <Delay = 1.47> <FuncUnit> <Opcode : 'sdiv' 'srem' 'udiv' 'urem'> <InPorts = 2> <OutPorts = 1>

State 116 <SV = 112> <Delay = 1.47>
ST_116 : Operation 385 [9/36] (1.47ns)   --->   "%sdiv_ln1303_2 = sdiv i32 1073741824, i32 %sext_ln1303_2"   --->   Operation 385 'sdiv' 'sdiv_ln1303_2' <Predicate = true> <Delay = 1.47> <CoreInst = "DivnS_SEQ">   --->   Core 7 'DivnS_SEQ' <Latency = 35> <II = 26> <Delay = 1.47> <FuncUnit> <Opcode : 'sdiv' 'srem' 'udiv' 'urem'> <InPorts = 2> <OutPorts = 1>

State 117 <SV = 113> <Delay = 1.47>
ST_117 : Operation 386 [8/36] (1.47ns)   --->   "%sdiv_ln1303_2 = sdiv i32 1073741824, i32 %sext_ln1303_2"   --->   Operation 386 'sdiv' 'sdiv_ln1303_2' <Predicate = true> <Delay = 1.47> <CoreInst = "DivnS_SEQ">   --->   Core 7 'DivnS_SEQ' <Latency = 35> <II = 26> <Delay = 1.47> <FuncUnit> <Opcode : 'sdiv' 'srem' 'udiv' 'urem'> <InPorts = 2> <OutPorts = 1>

State 118 <SV = 114> <Delay = 1.47>
ST_118 : Operation 387 [7/36] (1.47ns)   --->   "%sdiv_ln1303_2 = sdiv i32 1073741824, i32 %sext_ln1303_2"   --->   Operation 387 'sdiv' 'sdiv_ln1303_2' <Predicate = true> <Delay = 1.47> <CoreInst = "DivnS_SEQ">   --->   Core 7 'DivnS_SEQ' <Latency = 35> <II = 26> <Delay = 1.47> <FuncUnit> <Opcode : 'sdiv' 'srem' 'udiv' 'urem'> <InPorts = 2> <OutPorts = 1>

State 119 <SV = 115> <Delay = 1.47>
ST_119 : Operation 388 [6/36] (1.47ns)   --->   "%sdiv_ln1303_2 = sdiv i32 1073741824, i32 %sext_ln1303_2"   --->   Operation 388 'sdiv' 'sdiv_ln1303_2' <Predicate = true> <Delay = 1.47> <CoreInst = "DivnS_SEQ">   --->   Core 7 'DivnS_SEQ' <Latency = 35> <II = 26> <Delay = 1.47> <FuncUnit> <Opcode : 'sdiv' 'srem' 'udiv' 'urem'> <InPorts = 2> <OutPorts = 1>

State 120 <SV = 116> <Delay = 1.47>
ST_120 : Operation 389 [5/36] (1.47ns)   --->   "%sdiv_ln1303_2 = sdiv i32 1073741824, i32 %sext_ln1303_2"   --->   Operation 389 'sdiv' 'sdiv_ln1303_2' <Predicate = true> <Delay = 1.47> <CoreInst = "DivnS_SEQ">   --->   Core 7 'DivnS_SEQ' <Latency = 35> <II = 26> <Delay = 1.47> <FuncUnit> <Opcode : 'sdiv' 'srem' 'udiv' 'urem'> <InPorts = 2> <OutPorts = 1>

State 121 <SV = 117> <Delay = 1.47>
ST_121 : Operation 390 [4/36] (1.47ns)   --->   "%sdiv_ln1303_2 = sdiv i32 1073741824, i32 %sext_ln1303_2"   --->   Operation 390 'sdiv' 'sdiv_ln1303_2' <Predicate = true> <Delay = 1.47> <CoreInst = "DivnS_SEQ">   --->   Core 7 'DivnS_SEQ' <Latency = 35> <II = 26> <Delay = 1.47> <FuncUnit> <Opcode : 'sdiv' 'srem' 'udiv' 'urem'> <InPorts = 2> <OutPorts = 1>

State 122 <SV = 118> <Delay = 1.47>
ST_122 : Operation 391 [3/36] (1.47ns)   --->   "%sdiv_ln1303_2 = sdiv i32 1073741824, i32 %sext_ln1303_2"   --->   Operation 391 'sdiv' 'sdiv_ln1303_2' <Predicate = true> <Delay = 1.47> <CoreInst = "DivnS_SEQ">   --->   Core 7 'DivnS_SEQ' <Latency = 35> <II = 26> <Delay = 1.47> <FuncUnit> <Opcode : 'sdiv' 'srem' 'udiv' 'urem'> <InPorts = 2> <OutPorts = 1>

State 123 <SV = 119> <Delay = 1.47>
ST_123 : Operation 392 [2/36] (1.47ns)   --->   "%sdiv_ln1303_2 = sdiv i32 1073741824, i32 %sext_ln1303_2"   --->   Operation 392 'sdiv' 'sdiv_ln1303_2' <Predicate = true> <Delay = 1.47> <CoreInst = "DivnS_SEQ">   --->   Core 7 'DivnS_SEQ' <Latency = 35> <II = 26> <Delay = 1.47> <FuncUnit> <Opcode : 'sdiv' 'srem' 'udiv' 'urem'> <InPorts = 2> <OutPorts = 1>

State 124 <SV = 120> <Delay = 1.47>
ST_124 : Operation 393 [1/36] (1.47ns)   --->   "%sdiv_ln1303_2 = sdiv i32 1073741824, i32 %sext_ln1303_2"   --->   Operation 393 'sdiv' 'sdiv_ln1303_2' <Predicate = (!icmp_ln1654_2)> <Delay = 1.47> <CoreInst = "DivnS_SEQ">   --->   Core 7 'DivnS_SEQ' <Latency = 35> <II = 26> <Delay = 1.47> <FuncUnit> <Opcode : 'sdiv' 'srem' 'udiv' 'urem'> <InPorts = 2> <OutPorts = 1>
ST_124 : Operation 394 [1/1] (0.00ns)   --->   "%inv_val_V_4 = trunc i26 %sdiv_ln1303_2"   --->   Operation 394 'trunc' 'inv_val_V_4' <Predicate = (!icmp_ln1654_2)> <Delay = 0.00>
ST_124 : Operation 395 [1/1] (0.00ns)   --->   "%br_ln381 = br void %Row_Loop1" [../../../../../overlays/Vitis_Libraries/vision//L1/include/imgproc/xf_autowhitebalance.hpp:381]   --->   Operation 395 'br' 'br_ln381' <Predicate = (!icmp_ln1654_2)> <Delay = 0.00>
ST_124 : Operation 396 [1/1] (0.00ns)   --->   "%inv_val_V_5 = phi i26 %inv_val_V_4, void %_ZNK13ap_fixed_baseILi26ELi2ELb1EL9ap_q_mode5EL9ap_o_mode3ELi0EEdvILi18ELi12ELb1ELS0_5ELS1_3ELi0EEENS2_5RTypeIXT_EXT0_EXT1_EE3divERKS_IXT_EXT0_EXT1_EXT2_EXT3_EXT4_EE.exit, i26 0, void %if.end124"   --->   Operation 396 'phi' 'inv_val_V_5' <Predicate = true> <Delay = 0.00>
ST_124 : Operation 397 [1/1] (0.00ns)   --->   "%row_V = alloca i32 1"   --->   Operation 397 'alloca' 'row_V' <Predicate = true> <Delay = 0.00>
ST_124 : Operation 398 [1/1] (0.42ns)   --->   "%store_ln384 = store i13 0, i13 %row_V" [../../../../../overlays/Vitis_Libraries/vision//L1/include/imgproc/xf_autowhitebalance.hpp:384]   --->   Operation 398 'store' 'store_ln384' <Predicate = true> <Delay = 0.42>
ST_124 : Operation 399 [1/1] (0.00ns)   --->   "%br_ln384 = br void %Col_Loop1" [../../../../../overlays/Vitis_Libraries/vision//L1/include/imgproc/xf_autowhitebalance.hpp:384]   --->   Operation 399 'br' 'br_ln384' <Predicate = true> <Delay = 0.00>

State 125 <SV = 121> <Delay = 1.52>
ST_125 : Operation 400 [1/1] (0.00ns)   --->   "%row_V_3 = load i13 %row_V"   --->   Operation 400 'load' 'row_V_3' <Predicate = true> <Delay = 0.00>
ST_125 : Operation 401 [1/1] (0.00ns)   --->   "%zext_ln1027 = zext i13 %row_V_3"   --->   Operation 401 'zext' 'zext_ln1027' <Predicate = true> <Delay = 0.00>
ST_125 : Operation 402 [1/1] (1.10ns)   --->   "%icmp_ln1027 = icmp_slt  i16 %zext_ln1027, i16 %p_read_30"   --->   Operation 402 'icmp' 'icmp_ln1027' <Predicate = true> <Delay = 1.10> <CoreInst = "Cmp">   --->   Core 9 'Cmp' <Latency = 0> <II = 1> <Delay = 1.10> <FuncUnit> <Opcode : 'icmp'> <InPorts = 2> <OutPorts = 1>
ST_125 : Operation 403 [1/1] (0.82ns)   --->   "%row_V_4 = add i13 %row_V_3, i13 1"   --->   Operation 403 'add' 'row_V_4' <Predicate = true> <Delay = 0.82> <CoreInst = "Adder">   --->   Core 1 'Adder' <Latency = 0> <II = 1> <Delay = 0.82> <FuncUnit> <Opcode : 'add' 'sub'> <InPorts = 2> <OutPorts = 1>
ST_125 : Operation 404 [1/1] (0.00ns)   --->   "%br_ln384 = br i1 %icmp_ln1027, void %for.end195.loopexit, void %Col_Loop1.split" [../../../../../overlays/Vitis_Libraries/vision//L1/include/imgproc/xf_autowhitebalance.hpp:384]   --->   Operation 404 'br' 'br_ln384' <Predicate = true> <Delay = 0.00>
ST_125 : Operation 405 [1/1] (0.00ns)   --->   "%empty_295 = wait i32 @_ssdm_op_Wait"   --->   Operation 405 'wait' 'empty_295' <Predicate = (icmp_ln1027)> <Delay = 0.00>
ST_125 : Operation 406 [1/1] (0.42ns)   --->   "%store_ln384 = store i13 %row_V_4, i13 %row_V" [../../../../../overlays/Vitis_Libraries/vision//L1/include/imgproc/xf_autowhitebalance.hpp:384]   --->   Operation 406 'store' 'store_ln384' <Predicate = (icmp_ln1027)> <Delay = 0.42>
ST_125 : Operation 407 [1/1] (0.00ns)   --->   "%ret_ln422 = ret" [../../../../../overlays/Vitis_Libraries/vision//L1/include/imgproc/xf_autowhitebalance.hpp:422]   --->   Operation 407 'ret' 'ret_ln422' <Predicate = (!icmp_ln1027)> <Delay = 0.00>

State 126 <SV = 122> <Delay = 1.52>
ST_126 : Operation 408 [1/1] (0.00ns)   --->   "%p_load90 = load i18 %empty_289"   --->   Operation 408 'load' 'p_load90' <Predicate = true> <Delay = 0.00>
ST_126 : Operation 409 [1/1] (0.00ns)   --->   "%p_load83 = load i18 %empty_291"   --->   Operation 409 'load' 'p_load83' <Predicate = true> <Delay = 0.00>
ST_126 : Operation 410 [1/1] (0.00ns)   --->   "%p_load = load i18 %empty_293"   --->   Operation 410 'load' 'p_load' <Predicate = true> <Delay = 0.00>
ST_126 : Operation 411 [2/2] (1.52ns)   --->   "%call_ln813 = call void @AWBNormalizationkernel_Pipeline_Col_Loop1, i16 %p_read_29, i30 %impop_data1, i18 %p_load90, i26 %inv_val_V_1, i18 %p_load83, i26 %inv_val_V_3, i18 %p_load, i26 %inv_val_V_5, i30 %ltm_in_data217"   --->   Operation 411 'call' 'call_ln813' <Predicate = true> <Delay = 1.52> <CoreType = "Generic">   --->   Core 0 '' <Latency = 0> <II = 1> <Delay = 1.00> <Generic> <Opcode : >

State 127 <SV = 123> <Delay = 0.00>
ST_127 : Operation 412 [1/1] (0.00ns)   --->   "%speclooptripcount_ln386 = speclooptripcount void @_ssdm_op_SpecLoopTripCount, i64 1080, i64 1080, i64 1080" [../../../../../overlays/Vitis_Libraries/vision//L1/include/imgproc/xf_autowhitebalance.hpp:386]   --->   Operation 412 'speclooptripcount' 'speclooptripcount_ln386' <Predicate = true> <Delay = 0.00>
ST_127 : Operation 413 [1/1] (0.00ns)   --->   "%specloopname_ln375 = specloopname void @_ssdm_op_SpecLoopName, void @empty_40" [../../../../../overlays/Vitis_Libraries/vision//L1/include/imgproc/xf_autowhitebalance.hpp:375]   --->   Operation 413 'specloopname' 'specloopname_ln375' <Predicate = true> <Delay = 0.00>
ST_127 : Operation 414 [1/2] (0.00ns)   --->   "%call_ln813 = call void @AWBNormalizationkernel_Pipeline_Col_Loop1, i16 %p_read_29, i30 %impop_data1, i18 %p_load90, i26 %inv_val_V_1, i18 %p_load83, i26 %inv_val_V_3, i18 %p_load, i26 %inv_val_V_5, i30 %ltm_in_data217"   --->   Operation 414 'call' 'call_ln813' <Predicate = true> <Delay = 0.00> <CoreType = "Generic">   --->   Core 0 '' <Latency = 0> <II = 1> <Delay = 1.00> <Generic> <Opcode : >
ST_127 : Operation 415 [1/1] (0.00ns)   --->   "%br_ln384 = br void %Col_Loop1" [../../../../../overlays/Vitis_Libraries/vision//L1/include/imgproc/xf_autowhitebalance.hpp:384]   --->   Operation 415 'br' 'br_ln384' <Predicate = true> <Delay = 0.00>


============================================================
+ Verbose Summary: Timing violations
============================================================
Target clock period: 3.3ns, clock uncertainty: 0.891ns.

 <State 1>: 2.31ns
The critical path consists of the following:
	wire read operation ('p_read_294') on port 'p' [16]  (0 ns)
	'fpext' operation ('d') [36]  (2.31 ns)

 <State 2>: 2.31ns
The critical path consists of the following:
	'fpext' operation ('d') [36]  (2.31 ns)

 <State 3>: 2.16ns
The critical path consists of the following:
	'sub' operation ('F2') [48]  (0.809 ns)
	'icmp' operation ('icmp_ln570') [49]  (0.976 ns)
	'select' operation ('sh_amt') [52]  (0.375 ns)

 <State 4>: 2.19ns
The critical path consists of the following:
	'icmp' operation ('icmp_ln592') [64]  (0.976 ns)
	'select' operation ('select_ln592') [67]  (0 ns)
	'select' operation ('select_ln571') [70]  (1.22 ns)

 <State 5>: 1.87ns
The critical path consists of the following:
	'ashr' operation ('ashr_ln575') [58]  (0 ns)
	'select' operation ('select_ln574') [63]  (0 ns)
	'select' operation ('select_ln570') [74]  (1.51 ns)
	'select' operation ('s2.V') [75]  (0.36 ns)

 <State 6>: 2.37ns
The critical path consists of the following:
	'mul' operation ('r.V') [78]  (2.37 ns)

 <State 7>: 2.37ns
The critical path consists of the following:
	'mul' operation ('r.V') [78]  (2.37 ns)

 <State 8>: 2.17ns
The critical path consists of the following:
	'mul' operation ('mul_ln1303') [80]  (2.17 ns)

 <State 9>: 2.37ns
The critical path consists of the following:
	'mul' operation ('r.V') [101]  (2.37 ns)

 <State 10>: 2.37ns
The critical path consists of the following:
	'mul' operation ('r.V') [101]  (2.37 ns)

 <State 11>: 2.17ns
The critical path consists of the following:
	'mul' operation ('mul_ln1303') [80]  (2.17 ns)

 <State 12>: 2.17ns
The critical path consists of the following:
	'mul' operation ('mul_ln1303') [80]  (2.17 ns)

 <State 13>: 2.17ns
The critical path consists of the following:
	'mul' operation ('mul_ln1303_2') [103]  (2.17 ns)

 <State 14>: 2.17ns
The critical path consists of the following:
	'mul' operation ('mul_ln1303_2') [103]  (2.17 ns)

 <State 15>: 2.17ns
The critical path consists of the following:
	'mul' operation ('mul_ln1303_2') [103]  (2.17 ns)

 <State 16>: 2.35ns
The critical path consists of the following:
	'load' operation ('p_load94') on local variable 'empty' [126]  (0 ns)
	'sub' operation ('sub_ln813') [132]  (0.873 ns)
	'sdiv' operation ('sdiv_ln1303') [139]  (1.48 ns)

 <State 17>: 1.56ns
The critical path consists of the following:
	'call' operation ('call_ln316', ../../../../../overlays/Vitis_Libraries/vision//L1/include/imgproc/xf_autowhitebalance.hpp:316) to 'AWBNormalizationkernel_Pipeline_VITIS_LOOP_332_3' [121]  (1.56 ns)

 <State 18>: 0.427ns
The critical path consists of the following:
	'call' operation ('call_ln298', ../../../../../overlays/Vitis_Libraries/vision//L1/include/imgproc/xf_autowhitebalance.hpp:298) to 'AWBNormalizationkernel_Pipeline_VITIS_LOOP_342_4' [122]  (0.427 ns)

 <State 19>: 1.56ns
The critical path consists of the following:
	'call' operation ('call_ln298', ../../../../../overlays/Vitis_Libraries/vision//L1/include/imgproc/xf_autowhitebalance.hpp:298) to 'AWBNormalizationkernel_Pipeline_VITIS_LOOP_342_4' [122]  (1.56 ns)

 <State 20>: 1.48ns
The critical path consists of the following:
	'sdiv' operation ('sdiv_ln1303') [139]  (1.48 ns)

 <State 21>: 1.48ns
The critical path consists of the following:
	'sdiv' operation ('sdiv_ln1303') [139]  (1.48 ns)

 <State 22>: 1.48ns
The critical path consists of the following:
	'sdiv' operation ('sdiv_ln1303') [139]  (1.48 ns)

 <State 23>: 1.48ns
The critical path consists of the following:
	'sdiv' operation ('sdiv_ln1303') [139]  (1.48 ns)

 <State 24>: 1.48ns
The critical path consists of the following:
	'sdiv' operation ('sdiv_ln1303') [139]  (1.48 ns)

 <State 25>: 1.48ns
The critical path consists of the following:
	'sdiv' operation ('sdiv_ln1303') [139]  (1.48 ns)

 <State 26>: 1.48ns
The critical path consists of the following:
	'sdiv' operation ('sdiv_ln1303') [139]  (1.48 ns)

 <State 27>: 1.48ns
The critical path consists of the following:
	'sdiv' operation ('sdiv_ln1303') [139]  (1.48 ns)

 <State 28>: 1.48ns
The critical path consists of the following:
	'sdiv' operation ('sdiv_ln1303') [139]  (1.48 ns)

 <State 29>: 1.48ns
The critical path consists of the following:
	'sdiv' operation ('sdiv_ln1303') [139]  (1.48 ns)

 <State 30>: 1.48ns
The critical path consists of the following:
	'sdiv' operation ('sdiv_ln1303') [139]  (1.48 ns)

 <State 31>: 1.48ns
The critical path consists of the following:
	'sdiv' operation ('sdiv_ln1303') [139]  (1.48 ns)

 <State 32>: 1.48ns
The critical path consists of the following:
	'sdiv' operation ('sdiv_ln1303') [139]  (1.48 ns)

 <State 33>: 1.48ns
The critical path consists of the following:
	'sdiv' operation ('sdiv_ln1303') [139]  (1.48 ns)

 <State 34>: 1.48ns
The critical path consists of the following:
	'sdiv' operation ('sdiv_ln1303') [139]  (1.48 ns)

 <State 35>: 1.48ns
The critical path consists of the following:
	'sdiv' operation ('sdiv_ln1303') [139]  (1.48 ns)

 <State 36>: 1.48ns
The critical path consists of the following:
	'sdiv' operation ('sdiv_ln1303') [139]  (1.48 ns)

 <State 37>: 1.48ns
The critical path consists of the following:
	'sdiv' operation ('sdiv_ln1303') [139]  (1.48 ns)

 <State 38>: 1.48ns
The critical path consists of the following:
	'sdiv' operation ('sdiv_ln1303') [139]  (1.48 ns)

 <State 39>: 1.48ns
The critical path consists of the following:
	'sdiv' operation ('sdiv_ln1303') [139]  (1.48 ns)

 <State 40>: 1.48ns
The critical path consists of the following:
	'sdiv' operation ('sdiv_ln1303') [139]  (1.48 ns)

 <State 41>: 1.48ns
The critical path consists of the following:
	'sdiv' operation ('sdiv_ln1303') [139]  (1.48 ns)

 <State 42>: 1.48ns
The critical path consists of the following:
	'sdiv' operation ('sdiv_ln1303') [139]  (1.48 ns)

 <State 43>: 1.48ns
The critical path consists of the following:
	'sdiv' operation ('sdiv_ln1303') [139]  (1.48 ns)

 <State 44>: 1.48ns
The critical path consists of the following:
	'sdiv' operation ('sdiv_ln1303') [139]  (1.48 ns)

 <State 45>: 1.48ns
The critical path consists of the following:
	'sdiv' operation ('sdiv_ln1303') [139]  (1.48 ns)

 <State 46>: 1.48ns
The critical path consists of the following:
	'sdiv' operation ('sdiv_ln1303') [139]  (1.48 ns)

 <State 47>: 1.48ns
The critical path consists of the following:
	'sdiv' operation ('sdiv_ln1303') [139]  (1.48 ns)

 <State 48>: 1.48ns
The critical path consists of the following:
	'sdiv' operation ('sdiv_ln1303') [139]  (1.48 ns)

 <State 49>: 1.48ns
The critical path consists of the following:
	'sdiv' operation ('sdiv_ln1303') [139]  (1.48 ns)

 <State 50>: 1.48ns
The critical path consists of the following:
	'sdiv' operation ('sdiv_ln1303') [139]  (1.48 ns)

 <State 51>: 1.48ns
The critical path consists of the following:
	'sdiv' operation ('sdiv_ln1303') [139]  (1.48 ns)

 <State 52>: 1.48ns
The critical path consists of the following:
	'sdiv' operation ('sdiv_ln1303') [139]  (1.48 ns)

 <State 53>: 1.48ns
The critical path consists of the following:
	'sdiv' operation ('sdiv_ln1303') [139]  (1.48 ns)

 <State 54>: 1.48ns
The critical path consists of the following:
	'sdiv' operation ('sdiv_ln1303') [139]  (1.48 ns)
	'phi' operation ('inv_val.V') with incoming values : ('inv_val.V') [143]  (0 ns)

 <State 55>: 1.48ns
The critical path consists of the following:
	'sdiv' operation ('sdiv_ln1303_1') [150]  (1.48 ns)

 <State 56>: 1.48ns
The critical path consists of the following:
	'sdiv' operation ('sdiv_ln1303_1') [150]  (1.48 ns)

 <State 57>: 1.48ns
The critical path consists of the following:
	'sdiv' operation ('sdiv_ln1303_1') [150]  (1.48 ns)

 <State 58>: 1.48ns
The critical path consists of the following:
	'sdiv' operation ('sdiv_ln1303_1') [150]  (1.48 ns)

 <State 59>: 1.48ns
The critical path consists of the following:
	'sdiv' operation ('sdiv_ln1303_1') [150]  (1.48 ns)

 <State 60>: 1.48ns
The critical path consists of the following:
	'sdiv' operation ('sdiv_ln1303_1') [150]  (1.48 ns)

 <State 61>: 1.48ns
The critical path consists of the following:
	'sdiv' operation ('sdiv_ln1303_1') [150]  (1.48 ns)

 <State 62>: 1.48ns
The critical path consists of the following:
	'sdiv' operation ('sdiv_ln1303_1') [150]  (1.48 ns)

 <State 63>: 1.48ns
The critical path consists of the following:
	'sdiv' operation ('sdiv_ln1303_1') [150]  (1.48 ns)

 <State 64>: 1.48ns
The critical path consists of the following:
	'sdiv' operation ('sdiv_ln1303_1') [150]  (1.48 ns)

 <State 65>: 1.48ns
The critical path consists of the following:
	'sdiv' operation ('sdiv_ln1303_1') [150]  (1.48 ns)

 <State 66>: 1.48ns
The critical path consists of the following:
	'sdiv' operation ('sdiv_ln1303_1') [150]  (1.48 ns)

 <State 67>: 1.48ns
The critical path consists of the following:
	'sdiv' operation ('sdiv_ln1303_1') [150]  (1.48 ns)

 <State 68>: 1.48ns
The critical path consists of the following:
	'sdiv' operation ('sdiv_ln1303_1') [150]  (1.48 ns)

 <State 69>: 1.48ns
The critical path consists of the following:
	'sdiv' operation ('sdiv_ln1303_1') [150]  (1.48 ns)

 <State 70>: 1.48ns
The critical path consists of the following:
	'sdiv' operation ('sdiv_ln1303_1') [150]  (1.48 ns)

 <State 71>: 1.48ns
The critical path consists of the following:
	'sdiv' operation ('sdiv_ln1303_1') [150]  (1.48 ns)

 <State 72>: 1.48ns
The critical path consists of the following:
	'sdiv' operation ('sdiv_ln1303_1') [150]  (1.48 ns)

 <State 73>: 1.48ns
The critical path consists of the following:
	'sdiv' operation ('sdiv_ln1303_1') [150]  (1.48 ns)

 <State 74>: 1.48ns
The critical path consists of the following:
	'sdiv' operation ('sdiv_ln1303_1') [150]  (1.48 ns)

 <State 75>: 1.48ns
The critical path consists of the following:
	'sdiv' operation ('sdiv_ln1303_1') [150]  (1.48 ns)

 <State 76>: 1.48ns
The critical path consists of the following:
	'sdiv' operation ('sdiv_ln1303_1') [150]  (1.48 ns)

 <State 77>: 1.48ns
The critical path consists of the following:
	'sdiv' operation ('sdiv_ln1303_1') [150]  (1.48 ns)

 <State 78>: 1.48ns
The critical path consists of the following:
	'sdiv' operation ('sdiv_ln1303_1') [150]  (1.48 ns)

 <State 79>: 1.48ns
The critical path consists of the following:
	'sdiv' operation ('sdiv_ln1303_1') [150]  (1.48 ns)

 <State 80>: 1.48ns
The critical path consists of the following:
	'sdiv' operation ('sdiv_ln1303_1') [150]  (1.48 ns)

 <State 81>: 1.48ns
The critical path consists of the following:
	'sdiv' operation ('sdiv_ln1303_1') [150]  (1.48 ns)

 <State 82>: 1.48ns
The critical path consists of the following:
	'sdiv' operation ('sdiv_ln1303_1') [150]  (1.48 ns)

 <State 83>: 1.48ns
The critical path consists of the following:
	'sdiv' operation ('sdiv_ln1303_1') [150]  (1.48 ns)

 <State 84>: 1.48ns
The critical path consists of the following:
	'sdiv' operation ('sdiv_ln1303_1') [150]  (1.48 ns)

 <State 85>: 1.48ns
The critical path consists of the following:
	'sdiv' operation ('sdiv_ln1303_1') [150]  (1.48 ns)

 <State 86>: 1.48ns
The critical path consists of the following:
	'sdiv' operation ('sdiv_ln1303_1') [150]  (1.48 ns)

 <State 87>: 1.48ns
The critical path consists of the following:
	'sdiv' operation ('sdiv_ln1303_1') [150]  (1.48 ns)

 <State 88>: 1.48ns
The critical path consists of the following:
	'sdiv' operation ('sdiv_ln1303_1') [150]  (1.48 ns)

 <State 89>: 1.48ns
The critical path consists of the following:
	'sdiv' operation ('sdiv_ln1303_1') [150]  (1.48 ns)
	'phi' operation ('inv_val.V') with incoming values : ('inv_val.V') [154]  (0 ns)

 <State 90>: 1.48ns
The critical path consists of the following:
	'sdiv' operation ('sdiv_ln1303_2') [161]  (1.48 ns)

 <State 91>: 1.48ns
The critical path consists of the following:
	'sdiv' operation ('sdiv_ln1303_2') [161]  (1.48 ns)

 <State 92>: 1.48ns
The critical path consists of the following:
	'sdiv' operation ('sdiv_ln1303_2') [161]  (1.48 ns)

 <State 93>: 1.48ns
The critical path consists of the following:
	'sdiv' operation ('sdiv_ln1303_2') [161]  (1.48 ns)

 <State 94>: 1.48ns
The critical path consists of the following:
	'sdiv' operation ('sdiv_ln1303_2') [161]  (1.48 ns)

 <State 95>: 1.48ns
The critical path consists of the following:
	'sdiv' operation ('sdiv_ln1303_2') [161]  (1.48 ns)

 <State 96>: 1.48ns
The critical path consists of the following:
	'sdiv' operation ('sdiv_ln1303_2') [161]  (1.48 ns)

 <State 97>: 1.48ns
The critical path consists of the following:
	'sdiv' operation ('sdiv_ln1303_2') [161]  (1.48 ns)

 <State 98>: 1.48ns
The critical path consists of the following:
	'sdiv' operation ('sdiv_ln1303_2') [161]  (1.48 ns)

 <State 99>: 1.48ns
The critical path consists of the following:
	'sdiv' operation ('sdiv_ln1303_2') [161]  (1.48 ns)

 <State 100>: 1.48ns
The critical path consists of the following:
	'sdiv' operation ('sdiv_ln1303_2') [161]  (1.48 ns)

 <State 101>: 1.48ns
The critical path consists of the following:
	'sdiv' operation ('sdiv_ln1303_2') [161]  (1.48 ns)

 <State 102>: 1.48ns
The critical path consists of the following:
	'sdiv' operation ('sdiv_ln1303_2') [161]  (1.48 ns)

 <State 103>: 1.48ns
The critical path consists of the following:
	'sdiv' operation ('sdiv_ln1303_2') [161]  (1.48 ns)

 <State 104>: 1.48ns
The critical path consists of the following:
	'sdiv' operation ('sdiv_ln1303_2') [161]  (1.48 ns)

 <State 105>: 1.48ns
The critical path consists of the following:
	'sdiv' operation ('sdiv_ln1303_2') [161]  (1.48 ns)

 <State 106>: 1.48ns
The critical path consists of the following:
	'sdiv' operation ('sdiv_ln1303_2') [161]  (1.48 ns)

 <State 107>: 1.48ns
The critical path consists of the following:
	'sdiv' operation ('sdiv_ln1303_2') [161]  (1.48 ns)

 <State 108>: 1.48ns
The critical path consists of the following:
	'sdiv' operation ('sdiv_ln1303_2') [161]  (1.48 ns)

 <State 109>: 1.48ns
The critical path consists of the following:
	'sdiv' operation ('sdiv_ln1303_2') [161]  (1.48 ns)

 <State 110>: 1.48ns
The critical path consists of the following:
	'sdiv' operation ('sdiv_ln1303_2') [161]  (1.48 ns)

 <State 111>: 1.48ns
The critical path consists of the following:
	'sdiv' operation ('sdiv_ln1303_2') [161]  (1.48 ns)

 <State 112>: 1.48ns
The critical path consists of the following:
	'sdiv' operation ('sdiv_ln1303_2') [161]  (1.48 ns)

 <State 113>: 1.48ns
The critical path consists of the following:
	'sdiv' operation ('sdiv_ln1303_2') [161]  (1.48 ns)

 <State 114>: 1.48ns
The critical path consists of the following:
	'sdiv' operation ('sdiv_ln1303_2') [161]  (1.48 ns)

 <State 115>: 1.48ns
The critical path consists of the following:
	'sdiv' operation ('sdiv_ln1303_2') [161]  (1.48 ns)

 <State 116>: 1.48ns
The critical path consists of the following:
	'sdiv' operation ('sdiv_ln1303_2') [161]  (1.48 ns)

 <State 117>: 1.48ns
The critical path consists of the following:
	'sdiv' operation ('sdiv_ln1303_2') [161]  (1.48 ns)

 <State 118>: 1.48ns
The critical path consists of the following:
	'sdiv' operation ('sdiv_ln1303_2') [161]  (1.48 ns)

 <State 119>: 1.48ns
The critical path consists of the following:
	'sdiv' operation ('sdiv_ln1303_2') [161]  (1.48 ns)

 <State 120>: 1.48ns
The critical path consists of the following:
	'sdiv' operation ('sdiv_ln1303_2') [161]  (1.48 ns)

 <State 121>: 1.48ns
The critical path consists of the following:
	'sdiv' operation ('sdiv_ln1303_2') [161]  (1.48 ns)

 <State 122>: 1.48ns
The critical path consists of the following:
	'sdiv' operation ('sdiv_ln1303_2') [161]  (1.48 ns)

 <State 123>: 1.48ns
The critical path consists of the following:
	'sdiv' operation ('sdiv_ln1303_2') [161]  (1.48 ns)

 <State 124>: 1.48ns
The critical path consists of the following:
	'sdiv' operation ('sdiv_ln1303_2') [161]  (1.48 ns)
	'phi' operation ('inv_val.V') with incoming values : ('inv_val.V') [165]  (0 ns)

 <State 125>: 1.53ns
The critical path consists of the following:
	'load' operation ('row.V') on local variable 'row.V' [170]  (0 ns)
	'add' operation ('row.V') [173]  (0.82 ns)
	'store' operation ('store_ln384', ../../../../../overlays/Vitis_Libraries/vision//L1/include/imgproc/xf_autowhitebalance.hpp:384) of variable 'row.V' on local variable 'row.V' [183]  (0.427 ns)
	blocking operation 0.282 ns on control path)

 <State 126>: 1.53ns
The critical path consists of the following:
	'load' operation ('p_load90') on local variable 'empty_289' [176]  (0 ns)
	'call' operation ('call_ln813') to 'AWBNormalizationkernel_Pipeline_Col_Loop1' [182]  (1.53 ns)

 <State 127>: 0ns
The critical path consists of the following:


============================================================
+ Verbose Summary: Binding
============================================================
N/A
* FSMD analyzer results:
  - Output states:
 - Input state : 
  - Chain level:
	State 1
	State 2
	State 3
	State 4
	State 5
	State 6
	State 7
	State 8
	State 9
	State 10
	State 11
	State 12
	State 13
	State 14
	State 15
	State 16
	State 17
	State 18
	State 19
	State 20
	State 21
	State 22
	State 23
	State 24
	State 25
	State 26
	State 27
	State 28
	State 29
	State 30
	State 31
	State 32
	State 33
	State 34
	State 35
	State 36
	State 37
	State 38
	State 39
	State 40
	State 41
	State 42
	State 43
	State 44
	State 45
	State 46
	State 47
	State 48
	State 49
	State 50
	State 51
	State 52
	State 53
	State 54
	State 55
	State 56
	State 57
	State 58
	State 59
	State 60
	State 61
	State 62
	State 63
	State 64
	State 65
	State 66
	State 67
	State 68
	State 69
	State 70
	State 71
	State 72
	State 73
	State 74
	State 75
	State 76
	State 77
	State 78
	State 79
	State 80
	State 81
	State 82
	State 83
	State 84
	State 85
	State 86
	State 87
	State 88
	State 89
	State 90
	State 91
	State 92
	State 93
	State 94
	State 95
	State 96
	State 97
	State 98
	State 99
	State 100
	State 101
	State 102
	State 103
	State 104
	State 105
	State 106
	State 107
	State 108
	State 109
	State 110
	State 111
	State 112
	State 113
	State 114
	State 115
	State 116
	State 117
	State 118
	State 119
	State 120
	State 121
	State 122
	State 123
	State 124
	State 125
	State 126
	State 127


============================================================
+ Verbose Summary: Datapath Resource usage 
============================================================
N/A
