

================================================================
== Vitis HLS Report for 'xf_QuatizationDithering_Pipeline_LOOP_ROW_LOOP_COL'
================================================================
* Date:           Thu Mar  5 08:43:10 2026

* Version:        2022.2 (Build 3670227 on Oct 13 2022)
* Project:        isppipeline.prj
* Solution:       sol1 (Vivado IP Flow Target)
* Product family: zynquplus
* Target device:  xck26-sfvc784-2LV-c


================================================================
== Performance Estimates
================================================================
+ Timing: 
    * Summary: 
    +--------+---------+----------+------------+
    |  Clock |  Target | Estimated| Uncertainty|
    +--------+---------+----------+------------+
    |ap_clk  |  3.30 ns|  2.666 ns|     0.89 ns|
    +--------+---------+----------+------------+

+ Latency: 
    * Summary: 
    +---------+---------+----------+----------+---------+---------+---------+
    |  Latency (cycles) |  Latency (absolute) |      Interval     | Pipeline|
    |   min   |   max   |    min   |    max   |   min   |   max   |   Type  |
    +---------+---------+----------+----------+---------+---------+---------+
    |  2073604|  2073604|  6.843 ms|  6.843 ms|  2073604|  2073604|       no|
    +---------+---------+----------+----------+---------+---------+---------+

    + Detail: 
        * Instance: 
        N/A

        * Loop: 
        +---------------------+---------+---------+----------+-----------+-----------+---------+----------+
        |                     |  Latency (cycles) | Iteration|  Initiation Interval  |   Trip  |          |
        |      Loop Name      |   min   |   max   |  Latency |  achieved |   target  |  Count  | Pipelined|
        +---------------------+---------+---------+----------+-----------+-----------+---------+----------+
        |- LOOP_ROW_LOOP_COL  |  2073602|  2073602|         4|          1|          1|  2073600|       yes|
        +---------------------+---------+---------+----------+-----------+-----------+---------+----------+



================================================================
== Utilization Estimates
================================================================
* Summary: 
+-----------------+---------+------+--------+--------+-----+
|       Name      | BRAM_18K|  DSP |   FF   |   LUT  | URAM|
+-----------------+---------+------+--------+--------+-----+
|DSP              |        -|     -|       -|       -|    -|
|Expression       |        -|     -|       0|     678|    -|
|FIFO             |        -|     -|       -|       -|    -|
|Instance         |        -|     -|       -|       -|    -|
|Memory           |        -|     -|       -|       -|    -|
|Multiplexer      |        -|     -|       -|     126|    -|
|Register         |        -|     -|     479|      64|    -|
+-----------------+---------+------+--------+--------+-----+
|Total            |        0|     0|     479|     868|    0|
+-----------------+---------+------+--------+--------+-----+
|Available        |      288|  1248|  234240|  117120|   64|
+-----------------+---------+------+--------+--------+-----+
|Utilization (%)  |        0|     0|      ~0|      ~0|    0|
+-----------------+---------+------+--------+--------+-----+

+ Detail: 
    * Instance: 
    N/A

    * DSP: 
    N/A

    * Memory: 
    N/A

    * FIFO: 
    N/A

    * Expression: 
    +-----------------------------------+----------+----+---+----+------------+------------+
    |           Variable Name           | Operation| DSP| FF| LUT| Bitwidth P0| Bitwidth P1|
    +-----------------------------------+----------+----+---+----+------------+------------+
    |add_ln173_fu_351_p2                |         +|   0|  0|  39|          32|           1|
    |add_ln178_fu_385_p2                |         +|   0|  0|  22|          15|           1|
    |add_ln208_1_fu_510_p2              |         +|   0|  0|   2|           2|           2|
    |add_ln208_2_fu_682_p2              |         +|   0|  0|   2|           2|           2|
    |add_ln208_3_fu_687_p2              |         +|   0|  0|   2|           2|           2|
    |add_ln208_4_fu_859_p2              |         +|   0|  0|   2|           2|           2|
    |add_ln208_5_fu_864_p2              |         +|   0|  0|   2|           2|           2|
    |add_ln208_fu_505_p2                |         +|   0|  0|   2|           2|           2|
    |add_ln209_2_fu_670_p2              |         +|   0|  0|  17|          12|          12|
    |add_ln209_4_fu_847_p2              |         +|   0|  0|  17|          12|          12|
    |add_ln209_fu_493_p2                |         +|   0|  0|  17|          12|          12|
    |add_ln212_1_fu_1134_p2             |         +|   0|  0|  16|           9|           9|
    |add_ln212_2_fu_1275_p2             |         +|   0|  0|  16|           9|           9|
    |add_ln212_fu_993_p2                |         +|   0|  0|  16|           9|           9|
    |add_ln221_1_fu_1043_p2             |         +|   0|  0|  13|           6|           6|
    |add_ln221_3_fu_1168_p2             |         +|   0|  0|  13|           6|           6|
    |add_ln221_5_fu_1309_p2             |         +|   0|  0|  13|           6|           6|
    |add_ln221_fu_1033_p2               |         +|   0|  0|  13|           6|           6|
    |newFirst80_fu_1178_p2              |         +|   0|  0|  13|           6|           6|
    |newFirst_fu_1319_p2                |         +|   0|  0|  13|           6|           6|
    |p_Val2_12_fu_910_p2                |         +|   0|  0|  17|          10|          10|
    |p_Val2_4_fu_556_p2                 |         +|   0|  0|  17|          10|          10|
    |p_Val2_8_fu_733_p2                 |         +|   0|  0|  17|          10|          10|
    |quatizer_in_V_1_fu_676_p2          |         +|   0|  0|  17|          12|          12|
    |quatizer_in_V_2_fu_499_p2          |         +|   0|  0|  17|          12|          12|
    |quatizer_in_V_fu_853_p2            |         +|   0|  0|  17|          12|          12|
    |sub232_fu_975_p2                   |         +|   0|  0|  18|          11|           2|
    |sum_tmp_V_1_fu_1194_p2             |         +|   0|  0|  14|           7|           7|
    |sum_tmp_V_2_fu_1053_p2             |         +|   0|  0|  14|           7|           7|
    |sum_tmp_V_fu_1335_p2               |         +|   0|  0|  14|           7|           7|
    |newSecond81_fu_1184_p2             |         -|   0|  0|  13|           6|           6|
    |newSecond_fu_1325_p2               |         -|   0|  0|  13|           6|           6|
    |q_2nd_err_scale7_1_fu_623_p2       |         -|   0|  0|  19|          12|          12|
    |q_2nd_err_scale7_2_fu_452_p2       |         -|   0|  0|  19|          12|          12|
    |q_2nd_err_scale7_fu_800_p2         |         -|   0|  0|  19|          12|          12|
    |sub_ln221_fu_1027_p2               |         -|   0|  0|  13|           6|           6|
    |ap_block_pp0                       |       and|   0|  0|   2|           1|           1|
    |ap_block_state3_pp0_stage0_iter2   |       and|   0|  0|   2|           1|           1|
    |ap_block_state5_pp0_stage0_iter4   |       and|   0|  0|   2|           1|           1|
    |ap_enable_state2_pp0_iter1_stage0  |       and|   0|  0|   2|           1|           1|
    |ap_enable_state3_pp0_iter2_stage0  |       and|   0|  0|   2|           1|           1|
    |ap_enable_state5_pp0_iter4_stage0  |       and|   0|  0|   2|           1|           1|
    |ap_predicate_op61_read_state3      |       and|   0|  0|   2|           1|           1|
    |cmp221_fu_404_p2                   |      icmp|   0|  0|  12|          15|           1|
    |cmp239_fu_409_p2                   |      icmp|   0|  0|  13|          17|          17|
    |icmp_ln173_fu_346_p2               |      icmp|   0|  0|  20|          32|          32|
    |icmp_ln178_fu_341_p2               |      icmp|   0|  0|  13|          16|          16|
    |icmp_ln187_fu_380_p2               |      icmp|   0|  0|  13|          16|          16|
    |ap_block_pp0_stage0_01001          |        or|   0|  0|   2|           1|           1|
    |or_ln240_1_fu_1225_p2              |        or|   0|  0|   2|           1|           1|
    |or_ln240_2_fu_1366_p2              |        or|   0|  0|   2|           1|           1|
    |or_ln240_3_fu_1114_p2              |        or|   0|  0|   2|           1|           1|
    |or_ln240_4_fu_1255_p2              |        or|   0|  0|   2|           1|           1|
    |or_ln240_5_fu_1396_p2              |        or|   0|  0|   2|           1|           1|
    |or_ln240_fu_1084_p2                |        or|   0|  0|   2|           1|           1|
    |or_ln779_1_fu_1241_p2              |        or|   0|  0|   2|           1|           1|
    |or_ln779_2_fu_1382_p2              |        or|   0|  0|   2|           1|           1|
    |or_ln779_fu_1100_p2                |        or|   0|  0|   2|           1|           1|
    |out_tmp_V_1_fu_1120_p3             |    select|   0|  0|   8|           1|           8|
    |out_tmp_V_3_fu_1261_p3             |    select|   0|  0|   8|           1|           8|
    |out_tmp_V_5_fu_1402_p3             |    select|   0|  0|   8|           1|           8|
    |select_ln173_fu_357_p3             |    select|   0|  0|  15|           1|          15|
    |select_ln226_1_fu_590_p3           |    select|   0|  0|   3|           1|           1|
    |select_ln226_2_fu_760_p3           |    select|   0|  0|   3|           1|           1|
    |select_ln226_3_fu_767_p3           |    select|   0|  0|   3|           1|           1|
    |select_ln226_4_fu_931_p3           |    select|   0|  0|   3|           1|           1|
    |select_ln226_5_fu_938_p3           |    select|   0|  0|   3|           1|           1|
    |select_ln226_fu_583_p3             |    select|   0|  0|   3|           1|           1|
    |select_ln240_2_fu_1247_p3          |    select|   0|  0|   2|           1|           1|
    |select_ln240_4_fu_1388_p3          |    select|   0|  0|   2|           1|           1|
    |select_ln240_fu_1106_p3            |    select|   0|  0|   2|           1|           1|
    |ap_enable_pp0                      |       xor|   0|  0|   2|           1|           2|
    +-----------------------------------+----------+----+---+----+------------+------------+
    |Total                              |          |   0|  0| 678|         437|         405|
    +-----------------------------------+----------+----+---+----+------------+------------+

    * Multiplexer: 
    +---------------------------------------+----+-----------+-----+-----------+
    |                  Name                 | LUT| Input Size| Bits| Total Bits|
    +---------------------------------------+----+-----------+-----+-----------+
    |aecin_data220_blk_n                    |   9|          2|    1|          2|
    |ap_done_int                            |   9|          2|    1|          2|
    |ap_enable_reg_pp0_iter1                |   9|          2|    1|          2|
    |ap_enable_reg_pp0_iter2                |   9|          2|    1|          2|
    |ap_phi_reg_pp0_iter3_p_Val2_s_reg_280  |   9|          2|   30|         60|
    |col_index_1_fu_160                     |   9|          2|   15|         30|
    |conv_i5870_fu_148                      |   9|          2|    3|          6|
    |conv_i58_172_fu_152                    |   9|          2|    3|          6|
    |conv_i58_274_fu_156                    |   9|          2|    3|          6|
    |empty_104_fu_132                       |   9|          2|    3|          6|
    |empty_105_fu_140                       |   9|          2|    3|          6|
    |empty_fu_124                           |   9|          2|    3|          6|
    |indvar_flatten_fu_164                  |   9|          2|   32|         64|
    |lsc_out_data218_blk_n                  |   9|          2|    1|          2|
    +---------------------------------------+----+-----------+-----+-----------+
    |Total                                  | 126|         28|  100|        200|
    +---------------------------------------+----+-----------+-----+-----------+

    * Register: 
    +---------------------------------------+----+----+-----+-----------+
    |                  Name                 | FF | LUT| Bits| Const Bits|
    +---------------------------------------+----+----+-----+-----------+
    |ap_CS_fsm                              |   1|   0|    1|          0|
    |ap_done_reg                            |   1|   0|    1|          0|
    |ap_enable_reg_pp0_iter1                |   1|   0|    1|          0|
    |ap_enable_reg_pp0_iter2                |   1|   0|    1|          0|
    |ap_enable_reg_pp0_iter3                |   1|   0|    1|          0|
    |ap_enable_reg_pp0_iter4                |   1|   0|    1|          0|
    |ap_loop_exit_ready_pp0_iter2_reg       |   1|   0|    1|          0|
    |ap_loop_exit_ready_pp0_iter3_reg       |   1|   0|    1|          0|
    |ap_phi_reg_pp0_iter1_p_Val2_s_reg_280  |  30|   0|   30|          0|
    |ap_phi_reg_pp0_iter2_p_Val2_s_reg_280  |  30|   0|   30|          0|
    |ap_phi_reg_pp0_iter3_p_Val2_s_reg_280  |  30|   0|   30|          0|
    |cmp221_reg_1572                        |   1|   0|    1|          0|
    |cmp221_reg_1572_pp0_iter3_reg          |   1|   0|    1|          0|
    |cmp239_reg_1576                        |   1|   0|    1|          0|
    |cmp239_reg_1576_pp0_iter3_reg          |   1|   0|    1|          0|
    |col_index_1_fu_160                     |  15|   0|   15|          0|
    |conv_i5870_fu_148                      |   3|   0|    3|          0|
    |conv_i5870_load_reg_1624               |   3|   0|    3|          0|
    |conv_i58_172_fu_152                    |   3|   0|    3|          0|
    |conv_i58_172_load_reg_1666             |   3|   0|    3|          0|
    |conv_i58_274_fu_156                    |   3|   0|    3|          0|
    |conv_i58_274_load_reg_1708             |   3|   0|    3|          0|
    |empty_104_fu_132                       |   3|   0|    3|          0|
    |empty_105_fu_140                       |   3|   0|    3|          0|
    |empty_fu_124                           |   3|   0|    3|          0|
    |icmp_ln173_reg_1533                    |   1|   0|    1|          0|
    |icmp_ln187_reg_1548                    |   1|   0|    1|          0|
    |indvar_flatten_fu_164                  |  32|   0|   32|          0|
    |offset_buffer_V_1_load_reg_1599        |   9|   0|    9|          0|
    |offset_buffer_V_2_load_reg_1609        |   9|   0|    9|          0|
    |offset_buffer_V_load_reg_1589          |   9|   0|    9|          0|
    |p_0_0_045228_fu_128                    |   9|   0|    9|          0|
    |p_0_0_0452_132_fu_136                  |   9|   0|    9|          0|
    |p_0_0_0452_236_fu_144                  |   9|   0|    9|          0|
    |p_Result_10_reg_1714                   |   1|   0|    1|          0|
    |p_Result_7_reg_1672                    |   1|   0|    1|          0|
    |p_Result_s_reg_1630                    |   1|   0|    1|          0|
    |p_Val2_12_reg_1729                     |  10|   0|   10|          0|
    |p_Val2_4_reg_1645                      |  10|   0|   10|          0|
    |p_Val2_8_reg_1687                      |  10|   0|   10|          0|
    |p_load78_reg_1661                      |   3|   0|    3|          0|
    |p_load79_reg_1619                      |   3|   0|    3|          0|
    |p_load_reg_1703                        |   3|   0|    3|          0|
    |q_err_3rd_local_V_1_reg_1698           |   3|   0|    3|          0|
    |q_err_3rd_local_V_2_reg_1740           |   3|   0|    3|          0|
    |q_err_3rd_local_V_reg_1656             |   3|   0|    3|          0|
    |select_ln173_reg_1537                  |  15|   0|   15|          0|
    |tmp_26_reg_1635                        |   1|   0|    1|          0|
    |tmp_32_reg_1677                        |   1|   0|    1|          0|
    |tmp_38_reg_1719                        |   1|   0|    1|          0|
    |tmp_8_reg_1724                         |   9|   0|    9|          0|
    |tmp_reg_1640                           |   9|   0|    9|          0|
    |tmp_s_reg_1682                         |   9|   0|    9|          0|
    |trunc_ln187_reg_1543                   |  11|   0|   11|          0|
    |trunc_ln209_2_reg_1594                 |   2|   0|    2|          0|
    |trunc_ln209_5_reg_1604                 |   2|   0|    2|          0|
    |trunc_ln209_8_reg_1614                 |   2|   0|    2|          0|
    |trunc_ln628_2_reg_1693                 |   2|   0|    2|          0|
    |trunc_ln628_4_reg_1735                 |   2|   0|    2|          0|
    |trunc_ln628_reg_1651                   |   2|   0|    2|          0|
    |icmp_ln187_reg_1548                    |  64|  32|    1|          0|
    |trunc_ln187_reg_1543                   |  64|  32|   11|          0|
    +---------------------------------------+----+----+-----+-----------+
    |Total                                  | 479|  64|  363|          0|
    +---------------------------------------+----+----+-----+-----------+



================================================================
== Interface
================================================================
* Summary: 
+--------------------------------+-----+-----+------------+----------------------------------------------------+--------------+
|            RTL Ports           | Dir | Bits|  Protocol  |                    Source Object                   |    C Type    |
+--------------------------------+-----+-----+------------+----------------------------------------------------+--------------+
|ap_clk                          |   in|    1|  ap_ctrl_hs|  xf_QuatizationDithering_Pipeline_LOOP_ROW_LOOP_COL|  return value|
|ap_rst                          |   in|    1|  ap_ctrl_hs|  xf_QuatizationDithering_Pipeline_LOOP_ROW_LOOP_COL|  return value|
|ap_start                        |   in|    1|  ap_ctrl_hs|  xf_QuatizationDithering_Pipeline_LOOP_ROW_LOOP_COL|  return value|
|ap_done                         |  out|    1|  ap_ctrl_hs|  xf_QuatizationDithering_Pipeline_LOOP_ROW_LOOP_COL|  return value|
|ap_idle                         |  out|    1|  ap_ctrl_hs|  xf_QuatizationDithering_Pipeline_LOOP_ROW_LOOP_COL|  return value|
|ap_ready                        |  out|    1|  ap_ctrl_hs|  xf_QuatizationDithering_Pipeline_LOOP_ROW_LOOP_COL|  return value|
|lsc_out_data218_dout            |   in|   30|     ap_fifo|                                     lsc_out_data218|       pointer|
|lsc_out_data218_num_data_valid  |   in|    3|     ap_fifo|                                     lsc_out_data218|       pointer|
|lsc_out_data218_fifo_cap        |   in|    3|     ap_fifo|                                     lsc_out_data218|       pointer|
|lsc_out_data218_empty_n         |   in|    1|     ap_fifo|                                     lsc_out_data218|       pointer|
|lsc_out_data218_read            |  out|    1|     ap_fifo|                                     lsc_out_data218|       pointer|
|aecin_data220_din               |  out|   24|     ap_fifo|                                       aecin_data220|       pointer|
|aecin_data220_num_data_valid    |   in|    3|     ap_fifo|                                       aecin_data220|       pointer|
|aecin_data220_fifo_cap          |   in|    3|     ap_fifo|                                       aecin_data220|       pointer|
|aecin_data220_full_n            |   in|    1|     ap_fifo|                                       aecin_data220|       pointer|
|aecin_data220_write             |  out|    1|     ap_fifo|                                       aecin_data220|       pointer|
|in_col_loop_bound               |   in|   16|     ap_none|                                   in_col_loop_bound|        scalar|
|bound                           |   in|   32|     ap_none|                                               bound|        scalar|
|offset_buffer_V_2_address0      |  out|   11|   ap_memory|                                   offset_buffer_V_2|         array|
|offset_buffer_V_2_ce0           |  out|    1|   ap_memory|                                   offset_buffer_V_2|         array|
|offset_buffer_V_2_we0           |  out|    1|   ap_memory|                                   offset_buffer_V_2|         array|
|offset_buffer_V_2_d0            |  out|    9|   ap_memory|                                   offset_buffer_V_2|         array|
|offset_buffer_V_2_address1      |  out|   11|   ap_memory|                                   offset_buffer_V_2|         array|
|offset_buffer_V_2_ce1           |  out|    1|   ap_memory|                                   offset_buffer_V_2|         array|
|offset_buffer_V_2_q1            |   in|    9|   ap_memory|                                   offset_buffer_V_2|         array|
|offset_buffer_V_1_address0      |  out|   11|   ap_memory|                                   offset_buffer_V_1|         array|
|offset_buffer_V_1_ce0           |  out|    1|   ap_memory|                                   offset_buffer_V_1|         array|
|offset_buffer_V_1_we0           |  out|    1|   ap_memory|                                   offset_buffer_V_1|         array|
|offset_buffer_V_1_d0            |  out|    9|   ap_memory|                                   offset_buffer_V_1|         array|
|offset_buffer_V_1_address1      |  out|   11|   ap_memory|                                   offset_buffer_V_1|         array|
|offset_buffer_V_1_ce1           |  out|    1|   ap_memory|                                   offset_buffer_V_1|         array|
|offset_buffer_V_1_q1            |   in|    9|   ap_memory|                                   offset_buffer_V_1|         array|
|sub238                          |   in|   17|     ap_none|                                              sub238|        scalar|
|offset_buffer_V_address0        |  out|   11|   ap_memory|                                     offset_buffer_V|         array|
|offset_buffer_V_ce0             |  out|    1|   ap_memory|                                     offset_buffer_V|         array|
|offset_buffer_V_we0             |  out|    1|   ap_memory|                                     offset_buffer_V|         array|
|offset_buffer_V_d0              |  out|    9|   ap_memory|                                     offset_buffer_V|         array|
|offset_buffer_V_address1        |  out|   11|   ap_memory|                                     offset_buffer_V|         array|
|offset_buffer_V_ce1             |  out|    1|   ap_memory|                                     offset_buffer_V|         array|
|offset_buffer_V_q1              |   in|    9|   ap_memory|                                     offset_buffer_V|         array|
|p_read1                         |   in|   16|     ap_none|                                             p_read1|        scalar|
+--------------------------------+-----+-----+------------+----------------------------------------------------+--------------+

============================================================
+ Verbose Summary: Synthesis Manager
============================================================
InlineROM: 1
ExposeGlobal: 0
============================================================
+ Verbose Summary: CDFG Model
============================================================
IsTopModel: 0
ResetActiveHigh: 1
IsCombinational: 2
IsDatapathOnly: 2
HasWiredReturn: 1
HasMFsm: 2
HasVarLatency: 1
IsPipeline: 0
IsRtlPipelined: 0
IsInstanceOverlapped: 0
IsDontTouch: 0
HasImplIP: 0
IsGatedGlobalClock: 0

+ Individual pipeline summary: 
  * Pipeline-0: initiation interval (II) = 1, depth = 5


============================================================
+ Verbose Summary: Schedule
============================================================
* Number of FSM states : 5
* Pipeline : 1
  Pipeline-0 : II = 1, D = 5, States = { 1 2 3 4 5 }
* Dataflow Pipeline: 0

* FSM state transitions: 
1 --> 2 
2 --> 3 
3 --> 4 
4 --> 5 
5 --> 

* FSM state operations: 

State 1 <SV = 0> <Delay = 0.42>
ST_1 : Operation 7 [1/1] (0.00ns)   --->   "%empty = alloca i32 1"   --->   Operation 7 'alloca' 'empty' <Predicate = true> <Delay = 0.00>
ST_1 : Operation 8 [1/1] (0.00ns)   --->   "%p_0_0_045228 = alloca i32 1"   --->   Operation 8 'alloca' 'p_0_0_045228' <Predicate = true> <Delay = 0.00>
ST_1 : Operation 9 [1/1] (0.00ns)   --->   "%empty_104 = alloca i32 1"   --->   Operation 9 'alloca' 'empty_104' <Predicate = true> <Delay = 0.00>
ST_1 : Operation 10 [1/1] (0.00ns)   --->   "%p_0_0_0452_132 = alloca i32 1"   --->   Operation 10 'alloca' 'p_0_0_0452_132' <Predicate = true> <Delay = 0.00>
ST_1 : Operation 11 [1/1] (0.00ns)   --->   "%empty_105 = alloca i32 1"   --->   Operation 11 'alloca' 'empty_105' <Predicate = true> <Delay = 0.00>
ST_1 : Operation 12 [1/1] (0.00ns)   --->   "%p_0_0_0452_236 = alloca i32 1"   --->   Operation 12 'alloca' 'p_0_0_0452_236' <Predicate = true> <Delay = 0.00>
ST_1 : Operation 13 [1/1] (0.00ns)   --->   "%conv_i5870 = alloca i32 1"   --->   Operation 13 'alloca' 'conv_i5870' <Predicate = true> <Delay = 0.00>
ST_1 : Operation 14 [1/1] (0.00ns)   --->   "%conv_i58_172 = alloca i32 1"   --->   Operation 14 'alloca' 'conv_i58_172' <Predicate = true> <Delay = 0.00>
ST_1 : Operation 15 [1/1] (0.00ns)   --->   "%conv_i58_274 = alloca i32 1"   --->   Operation 15 'alloca' 'conv_i58_274' <Predicate = true> <Delay = 0.00>
ST_1 : Operation 16 [1/1] (0.00ns)   --->   "%col_index_1 = alloca i32 1"   --->   Operation 16 'alloca' 'col_index_1' <Predicate = true> <Delay = 0.00>
ST_1 : Operation 17 [1/1] (0.00ns)   --->   "%indvar_flatten = alloca i32 1"   --->   Operation 17 'alloca' 'indvar_flatten' <Predicate = true> <Delay = 0.00>
ST_1 : Operation 18 [1/1] (0.00ns)   --->   "%specinterface_ln0 = specinterface void @_ssdm_op_SpecInterface, i30 %lsc_out_data218, void @empty_26, i32 0, i32 0, void @empty_32, i32 0, i32 0, void @empty_32, void @empty_32, void @empty_32, i32 0, i32 0, i32 0, i32 0, void @empty_32, void @empty_32, i32 4294967295, i32 0"   --->   Operation 18 'specinterface' 'specinterface_ln0' <Predicate = true> <Delay = 0.00>
ST_1 : Operation 19 [1/1] (0.00ns)   --->   "%specinterface_ln0 = specinterface void @_ssdm_op_SpecInterface, i24 %aecin_data220, void @empty_26, i32 0, i32 0, void @empty_32, i32 0, i32 0, void @empty_32, void @empty_32, void @empty_32, i32 0, i32 0, i32 0, i32 0, void @empty_32, void @empty_32, i32 4294967295, i32 0"   --->   Operation 19 'specinterface' 'specinterface_ln0' <Predicate = true> <Delay = 0.00>
ST_1 : Operation 20 [1/1] (0.00ns)   --->   "%p_read = read i16 @_ssdm_op_Read.ap_auto.i16, i16 %p_read1"   --->   Operation 20 'read' 'p_read' <Predicate = true> <Delay = 0.00>
ST_1 : Operation 21 [1/1] (0.00ns)   --->   "%sub238_read = read i17 @_ssdm_op_Read.ap_auto.i17, i17 %sub238"   --->   Operation 21 'read' 'sub238_read' <Predicate = true> <Delay = 0.00>
ST_1 : Operation 22 [1/1] (0.00ns)   --->   "%bound_read = read i32 @_ssdm_op_Read.ap_auto.i32, i32 %bound"   --->   Operation 22 'read' 'bound_read' <Predicate = true> <Delay = 0.00>
ST_1 : Operation 23 [1/1] (0.00ns)   --->   "%in_col_loop_bound_read = read i16 @_ssdm_op_Read.ap_auto.i16, i16 %in_col_loop_bound"   --->   Operation 23 'read' 'in_col_loop_bound_read' <Predicate = true> <Delay = 0.00>
ST_1 : Operation 24 [1/1] (0.42ns)   --->   "%store_ln0 = store i32 0, i32 %indvar_flatten"   --->   Operation 24 'store' 'store_ln0' <Predicate = true> <Delay = 0.42>
ST_1 : Operation 25 [1/1] (0.42ns)   --->   "%store_ln0 = store i15 0, i15 %col_index_1"   --->   Operation 25 'store' 'store_ln0' <Predicate = true> <Delay = 0.42>
ST_1 : Operation 26 [1/1] (0.42ns)   --->   "%store_ln0 = store i3 0, i3 %conv_i58_274"   --->   Operation 26 'store' 'store_ln0' <Predicate = true> <Delay = 0.42>
ST_1 : Operation 27 [1/1] (0.42ns)   --->   "%store_ln0 = store i3 0, i3 %conv_i58_172"   --->   Operation 27 'store' 'store_ln0' <Predicate = true> <Delay = 0.42>
ST_1 : Operation 28 [1/1] (0.42ns)   --->   "%store_ln0 = store i3 0, i3 %conv_i5870"   --->   Operation 28 'store' 'store_ln0' <Predicate = true> <Delay = 0.42>
ST_1 : Operation 29 [1/1] (0.42ns)   --->   "%store_ln0 = store i3 0, i3 %empty_105"   --->   Operation 29 'store' 'store_ln0' <Predicate = true> <Delay = 0.42>
ST_1 : Operation 30 [1/1] (0.42ns)   --->   "%store_ln0 = store i3 0, i3 %empty_104"   --->   Operation 30 'store' 'store_ln0' <Predicate = true> <Delay = 0.42>
ST_1 : Operation 31 [1/1] (0.42ns)   --->   "%store_ln0 = store i3 0, i3 %empty"   --->   Operation 31 'store' 'store_ln0' <Predicate = true> <Delay = 0.42>
ST_1 : Operation 32 [1/1] (0.00ns)   --->   "%br_ln0 = br void %for.body147"   --->   Operation 32 'br' 'br_ln0' <Predicate = true> <Delay = 0.00>

State 2 <SV = 1> <Delay = 2.66>
ST_2 : Operation 33 [1/1] (0.00ns)   --->   "%col_index = load i15 %col_index_1" [../../../../../overlays/Vitis_Libraries/vision//L1/include/imgproc/xf_quantizationdithering.hpp:178]   --->   Operation 33 'load' 'col_index' <Predicate = true> <Delay = 0.00>
ST_2 : Operation 34 [1/1] (0.00ns)   --->   "%indvar_flatten_load = load i32 %indvar_flatten" [../../../../../overlays/Vitis_Libraries/vision//L1/include/imgproc/xf_quantizationdithering.hpp:173]   --->   Operation 34 'load' 'indvar_flatten_load' <Predicate = true> <Delay = 0.00>
ST_2 : Operation 35 [1/1] (0.00ns)   --->   "%zext_ln178_1 = zext i15 %col_index" [../../../../../overlays/Vitis_Libraries/vision//L1/include/imgproc/xf_quantizationdithering.hpp:178]   --->   Operation 35 'zext' 'zext_ln178_1' <Predicate = true> <Delay = 0.00>
ST_2 : Operation 36 [1/1] (1.10ns)   --->   "%icmp_ln178 = icmp_slt  i16 %zext_ln178_1, i16 %in_col_loop_bound_read" [../../../../../overlays/Vitis_Libraries/vision//L1/include/imgproc/xf_quantizationdithering.hpp:178]   --->   Operation 36 'icmp' 'icmp_ln178' <Predicate = true> <Delay = 1.10> <CoreInst = "Cmp">   --->   Core 9 'Cmp' <Latency = 0> <II = 1> <Delay = 1.10> <FuncUnit> <Opcode : 'icmp'> <InPorts = 2> <OutPorts = 1>
ST_2 : Operation 37 [1/1] (0.99ns)   --->   "%icmp_ln173 = icmp_eq  i32 %indvar_flatten_load, i32 %bound_read" [../../../../../overlays/Vitis_Libraries/vision//L1/include/imgproc/xf_quantizationdithering.hpp:173]   --->   Operation 37 'icmp' 'icmp_ln173' <Predicate = true> <Delay = 0.99> <CoreInst = "Cmp">   --->   Core 9 'Cmp' <Latency = 0> <II = 1> <Delay = 0.99> <FuncUnit> <Opcode : 'icmp'> <InPorts = 2> <OutPorts = 1>
ST_2 : Operation 38 [1/1] (1.01ns)   --->   "%add_ln173 = add i32 %indvar_flatten_load, i32 1" [../../../../../overlays/Vitis_Libraries/vision//L1/include/imgproc/xf_quantizationdithering.hpp:173]   --->   Operation 38 'add' 'add_ln173' <Predicate = true> <Delay = 1.01> <CoreInst = "Adder">   --->   Core 1 'Adder' <Latency = 0> <II = 1> <Delay = 1.01> <FuncUnit> <Opcode : 'add' 'sub'> <InPorts = 2> <OutPorts = 1>
ST_2 : Operation 39 [1/1] (0.00ns)   --->   "%br_ln173 = br i1 %icmp_ln173, void %for.inc334.loopexit, void %for.end336.loopexit.exitStub" [../../../../../overlays/Vitis_Libraries/vision//L1/include/imgproc/xf_quantizationdithering.hpp:173]   --->   Operation 39 'br' 'br_ln173' <Predicate = true> <Delay = 0.00>
ST_2 : Operation 40 [1/1] (0.29ns)   --->   "%select_ln173 = select i1 %icmp_ln178, i15 %col_index, i15 0" [../../../../../overlays/Vitis_Libraries/vision//L1/include/imgproc/xf_quantizationdithering.hpp:173]   --->   Operation 40 'select' 'select_ln173' <Predicate = (!icmp_ln173)> <Delay = 0.29> <CoreInst = "Sel">   --->   Core 73 'Sel' <Latency = 0> <II = 1> <Delay = 0.29> <FuncUnit> <Opcode : 'select'> <InPorts = 3> <OutPorts = 1>
ST_2 : Operation 41 [1/1] (0.00ns)   --->   "%zext_ln178_2 = zext i15 %select_ln173" [../../../../../overlays/Vitis_Libraries/vision//L1/include/imgproc/xf_quantizationdithering.hpp:178]   --->   Operation 41 'zext' 'zext_ln178_2' <Predicate = (!icmp_ln173)> <Delay = 0.00>
ST_2 : Operation 42 [1/1] (0.00ns)   --->   "%zext_ln178 = zext i15 %select_ln173" [../../../../../overlays/Vitis_Libraries/vision//L1/include/imgproc/xf_quantizationdithering.hpp:178]   --->   Operation 42 'zext' 'zext_ln178' <Predicate = (!icmp_ln173)> <Delay = 0.00>
ST_2 : Operation 43 [1/1] (0.00ns)   --->   "%trunc_ln187 = trunc i15 %select_ln173" [../../../../../overlays/Vitis_Libraries/vision//L1/include/imgproc/xf_quantizationdithering.hpp:187]   --->   Operation 43 'trunc' 'trunc_ln187' <Predicate = (!icmp_ln173)> <Delay = 0.00>
ST_2 : Operation 44 [1/1] (1.10ns)   --->   "%icmp_ln187 = icmp_ult  i16 %zext_ln178_2, i16 %p_read" [../../../../../overlays/Vitis_Libraries/vision//L1/include/imgproc/xf_quantizationdithering.hpp:187]   --->   Operation 44 'icmp' 'icmp_ln187' <Predicate = (!icmp_ln173)> <Delay = 1.10> <CoreInst = "Cmp">   --->   Core 9 'Cmp' <Latency = 0> <II = 1> <Delay = 1.10> <FuncUnit> <Opcode : 'icmp'> <InPorts = 2> <OutPorts = 1>
ST_2 : Operation 45 [1/1] (0.00ns)   --->   "%br_ln187 = br i1 %icmp_ln187, void %for.body173, void %if.then" [../../../../../overlays/Vitis_Libraries/vision//L1/include/imgproc/xf_quantizationdithering.hpp:187]   --->   Operation 45 'br' 'br_ln187' <Predicate = (!icmp_ln173)> <Delay = 0.00>
ST_2 : Operation 46 [1/1] (0.00ns)   --->   "%offset_buffer_V_addr = getelementptr i9 %offset_buffer_V, i64 0, i64 %zext_ln178" [../../../../../overlays/Vitis_Libraries/vision//L1/include/imgproc/xf_quantizationdithering.hpp:209]   --->   Operation 46 'getelementptr' 'offset_buffer_V_addr' <Predicate = (!icmp_ln173)> <Delay = 0.00>
ST_2 : Operation 47 [2/2] (1.23ns)   --->   "%offset_buffer_V_load = load i11 %offset_buffer_V_addr" [../../../../../overlays/Vitis_Libraries/vision//L1/include/imgproc/xf_quantizationdithering.hpp:209]   --->   Operation 47 'load' 'offset_buffer_V_load' <Predicate = (!icmp_ln173)> <Delay = 1.23> <CoreInst = "RAM">   --->   Core 83 'RAM' <Latency = 1> <II = 1> <Delay = 1.23> <Storage> <Opcode : 'load' 'store'> <Ports = 2> <Width = 9> <Depth = 1920> <RAM>
ST_2 : Operation 48 [1/1] (0.00ns)   --->   "%offset_buffer_V_1_addr = getelementptr i9 %offset_buffer_V_1, i64 0, i64 %zext_ln178" [../../../../../overlays/Vitis_Libraries/vision//L1/include/imgproc/xf_quantizationdithering.hpp:209]   --->   Operation 48 'getelementptr' 'offset_buffer_V_1_addr' <Predicate = (!icmp_ln173)> <Delay = 0.00>
ST_2 : Operation 49 [2/2] (1.23ns)   --->   "%offset_buffer_V_1_load = load i11 %offset_buffer_V_1_addr" [../../../../../overlays/Vitis_Libraries/vision//L1/include/imgproc/xf_quantizationdithering.hpp:209]   --->   Operation 49 'load' 'offset_buffer_V_1_load' <Predicate = (!icmp_ln173)> <Delay = 1.23> <CoreInst = "RAM">   --->   Core 83 'RAM' <Latency = 1> <II = 1> <Delay = 1.23> <Storage> <Opcode : 'load' 'store'> <Ports = 2> <Width = 9> <Depth = 1920> <RAM>
ST_2 : Operation 50 [1/1] (0.00ns)   --->   "%offset_buffer_V_2_addr = getelementptr i9 %offset_buffer_V_2, i64 0, i64 %zext_ln178" [../../../../../overlays/Vitis_Libraries/vision//L1/include/imgproc/xf_quantizationdithering.hpp:209]   --->   Operation 50 'getelementptr' 'offset_buffer_V_2_addr' <Predicate = (!icmp_ln173)> <Delay = 0.00>
ST_2 : Operation 51 [2/2] (1.23ns)   --->   "%offset_buffer_V_2_load = load i11 %offset_buffer_V_2_addr" [../../../../../overlays/Vitis_Libraries/vision//L1/include/imgproc/xf_quantizationdithering.hpp:209]   --->   Operation 51 'load' 'offset_buffer_V_2_load' <Predicate = (!icmp_ln173)> <Delay = 1.23> <CoreInst = "RAM">   --->   Core 83 'RAM' <Latency = 1> <II = 1> <Delay = 1.23> <Storage> <Opcode : 'load' 'store'> <Ports = 2> <Width = 9> <Depth = 1920> <RAM>
ST_2 : Operation 52 [1/1] (0.00ns)   --->   "%br_ln256 = br i1 %icmp_ln187, void %for.inc331, void %if.then328" [../../../../../overlays/Vitis_Libraries/vision//L1/include/imgproc/xf_quantizationdithering.hpp:256]   --->   Operation 52 'br' 'br_ln256' <Predicate = (!icmp_ln173)> <Delay = 0.00>
ST_2 : Operation 53 [1/1] (0.84ns)   --->   "%add_ln178 = add i15 %select_ln173, i15 1" [../../../../../overlays/Vitis_Libraries/vision//L1/include/imgproc/xf_quantizationdithering.hpp:178]   --->   Operation 53 'add' 'add_ln178' <Predicate = (!icmp_ln173)> <Delay = 0.84> <CoreInst = "Adder">   --->   Core 1 'Adder' <Latency = 0> <II = 1> <Delay = 0.84> <FuncUnit> <Opcode : 'add' 'sub'> <InPorts = 2> <OutPorts = 1>
ST_2 : Operation 54 [1/1] (0.42ns)   --->   "%store_ln178 = store i32 %add_ln173, i32 %indvar_flatten" [../../../../../overlays/Vitis_Libraries/vision//L1/include/imgproc/xf_quantizationdithering.hpp:178]   --->   Operation 54 'store' 'store_ln178' <Predicate = (!icmp_ln173)> <Delay = 0.42>
ST_2 : Operation 55 [1/1] (0.42ns)   --->   "%store_ln178 = store i15 %add_ln178, i15 %col_index_1" [../../../../../overlays/Vitis_Libraries/vision//L1/include/imgproc/xf_quantizationdithering.hpp:178]   --->   Operation 55 'store' 'store_ln178' <Predicate = (!icmp_ln173)> <Delay = 0.42>

State 3 <SV = 2> <Delay = 1.23>
ST_3 : Operation 56 [1/1] (0.00ns)   --->   "%specloopname_ln0 = specloopname void @_ssdm_op_SpecLoopName, void @LOOP_ROW_LOOP_COL_str"   --->   Operation 56 'specloopname' 'specloopname_ln0' <Predicate = (!icmp_ln173)> <Delay = 0.00>
ST_3 : Operation 57 [1/1] (0.00ns)   --->   "%speclooptripcount_ln0 = speclooptripcount void @_ssdm_op_SpecLoopTripCount, i64 2073600, i64 2073600, i64 2073600"   --->   Operation 57 'speclooptripcount' 'speclooptripcount_ln0' <Predicate = (!icmp_ln173)> <Delay = 0.00>
ST_3 : Operation 58 [1/1] (0.00ns)   --->   "%specpipeline_ln181 = specpipeline void @_ssdm_op_SpecPipeline, i32 1, i32 0, i32 0, i32 0, void @empty_32" [../../../../../overlays/Vitis_Libraries/vision//L1/include/imgproc/xf_quantizationdithering.hpp:181]   --->   Operation 58 'specpipeline' 'specpipeline_ln181' <Predicate = (!icmp_ln173)> <Delay = 0.00>
ST_3 : Operation 59 [1/1] (0.00ns)   --->   "%specloopname_ln178 = specloopname void @_ssdm_op_SpecLoopName, void @empty_43" [../../../../../overlays/Vitis_Libraries/vision//L1/include/imgproc/xf_quantizationdithering.hpp:178]   --->   Operation 59 'specloopname' 'specloopname_ln178' <Predicate = (!icmp_ln173)> <Delay = 0.00>
ST_3 : Operation 60 [1/1] (0.00ns)   --->   "%zext_ln187 = zext i15 %select_ln173" [../../../../../overlays/Vitis_Libraries/vision//L1/include/imgproc/xf_quantizationdithering.hpp:187]   --->   Operation 60 'zext' 'zext_ln187' <Predicate = (!icmp_ln173)> <Delay = 0.00>
ST_3 : Operation 61 [1/1] (1.20ns)   --->   "%read_word_V = read i30 @_ssdm_op_Read.ap_fifo.volatile.i30P0A, i30 %lsc_out_data218" [../../../../../overlays/Vitis_Libraries/vision//L1/include/common/xf_structs.hpp:542]   --->   Operation 61 'read' 'read_word_V' <Predicate = (!icmp_ln173 & icmp_ln187)> <Delay = 1.20> <CoreInst = "FIFO_SRL">   --->   Core 81 'FIFO_SRL' <Latency = 0> <II = 1> <Delay = 1.83> <Storage> <Opcode : 'read' 'write' 'nbread' 'nbwrite'> <Ports = 0> <Width = 30> <Depth = 3> <FIFO>
ST_3 : Operation 62 [1/1] (0.00ns)   --->   "%br_ln187 = br void %for.body173" [../../../../../overlays/Vitis_Libraries/vision//L1/include/imgproc/xf_quantizationdithering.hpp:187]   --->   Operation 62 'br' 'br_ln187' <Predicate = (!icmp_ln173 & icmp_ln187)> <Delay = 0.00>
ST_3 : Operation 63 [1/1] (1.07ns)   --->   "%cmp221 = icmp_ne  i15 %select_ln173, i15 0" [../../../../../overlays/Vitis_Libraries/vision//L1/include/imgproc/xf_quantizationdithering.hpp:173]   --->   Operation 63 'icmp' 'cmp221' <Predicate = true> <Delay = 1.07> <CoreInst = "Cmp">   --->   Core 9 'Cmp' <Latency = 0> <II = 1> <Delay = 1.07> <FuncUnit> <Opcode : 'icmp'> <InPorts = 2> <OutPorts = 1>
ST_3 : Operation 64 [1/1] (1.09ns)   --->   "%cmp239 = icmp_eq  i17 %sub238_read, i17 %zext_ln187" [../../../../../overlays/Vitis_Libraries/vision//L1/include/imgproc/xf_quantizationdithering.hpp:187]   --->   Operation 64 'icmp' 'cmp239' <Predicate = true> <Delay = 1.09> <CoreInst = "Cmp">   --->   Core 9 'Cmp' <Latency = 0> <II = 1> <Delay = 1.09> <FuncUnit> <Opcode : 'icmp'> <InPorts = 2> <OutPorts = 1>
ST_3 : Operation 65 [1/2] (1.23ns)   --->   "%offset_buffer_V_load = load i11 %offset_buffer_V_addr" [../../../../../overlays/Vitis_Libraries/vision//L1/include/imgproc/xf_quantizationdithering.hpp:209]   --->   Operation 65 'load' 'offset_buffer_V_load' <Predicate = true> <Delay = 1.23> <CoreInst = "RAM">   --->   Core 83 'RAM' <Latency = 1> <II = 1> <Delay = 1.23> <Storage> <Opcode : 'load' 'store'> <Ports = 2> <Width = 9> <Depth = 1920> <RAM>
ST_3 : Operation 66 [1/1] (0.00ns)   --->   "%trunc_ln209_2 = trunc i9 %offset_buffer_V_load" [../../../../../overlays/Vitis_Libraries/vision//L1/include/imgproc/xf_quantizationdithering.hpp:209]   --->   Operation 66 'trunc' 'trunc_ln209_2' <Predicate = true> <Delay = 0.00>
ST_3 : Operation 67 [1/1] (0.00ns)   --->   "%br_ln224 = br i1 %cmp221, void %if.end235_ifconv, void %if.then222" [../../../../../overlays/Vitis_Libraries/vision//L1/include/imgproc/xf_quantizationdithering.hpp:224]   --->   Operation 67 'br' 'br_ln224' <Predicate = true> <Delay = 0.00>
ST_3 : Operation 68 [1/2] (1.23ns)   --->   "%offset_buffer_V_1_load = load i11 %offset_buffer_V_1_addr" [../../../../../overlays/Vitis_Libraries/vision//L1/include/imgproc/xf_quantizationdithering.hpp:209]   --->   Operation 68 'load' 'offset_buffer_V_1_load' <Predicate = true> <Delay = 1.23> <CoreInst = "RAM">   --->   Core 83 'RAM' <Latency = 1> <II = 1> <Delay = 1.23> <Storage> <Opcode : 'load' 'store'> <Ports = 2> <Width = 9> <Depth = 1920> <RAM>
ST_3 : Operation 69 [1/1] (0.00ns)   --->   "%trunc_ln209_5 = trunc i9 %offset_buffer_V_1_load" [../../../../../overlays/Vitis_Libraries/vision//L1/include/imgproc/xf_quantizationdithering.hpp:209]   --->   Operation 69 'trunc' 'trunc_ln209_5' <Predicate = true> <Delay = 0.00>
ST_3 : Operation 70 [1/1] (0.00ns)   --->   "%br_ln224 = br i1 %cmp221, void %if.end235.1_ifconv, void %if.then222.1" [../../../../../overlays/Vitis_Libraries/vision//L1/include/imgproc/xf_quantizationdithering.hpp:224]   --->   Operation 70 'br' 'br_ln224' <Predicate = true> <Delay = 0.00>
ST_3 : Operation 71 [1/2] (1.23ns)   --->   "%offset_buffer_V_2_load = load i11 %offset_buffer_V_2_addr" [../../../../../overlays/Vitis_Libraries/vision//L1/include/imgproc/xf_quantizationdithering.hpp:209]   --->   Operation 71 'load' 'offset_buffer_V_2_load' <Predicate = true> <Delay = 1.23> <CoreInst = "RAM">   --->   Core 83 'RAM' <Latency = 1> <II = 1> <Delay = 1.23> <Storage> <Opcode : 'load' 'store'> <Ports = 2> <Width = 9> <Depth = 1920> <RAM>
ST_3 : Operation 72 [1/1] (0.00ns)   --->   "%trunc_ln209_8 = trunc i9 %offset_buffer_V_2_load" [../../../../../overlays/Vitis_Libraries/vision//L1/include/imgproc/xf_quantizationdithering.hpp:209]   --->   Operation 72 'trunc' 'trunc_ln209_8' <Predicate = true> <Delay = 0.00>
ST_3 : Operation 73 [1/1] (0.00ns)   --->   "%br_ln224 = br i1 %cmp221, void %if.end235.2_ifconv, void %if.then222.2" [../../../../../overlays/Vitis_Libraries/vision//L1/include/imgproc/xf_quantizationdithering.hpp:224]   --->   Operation 73 'br' 'br_ln224' <Predicate = true> <Delay = 0.00>

State 4 <SV = 3> <Delay = 2.43>
ST_4 : Operation 74 [1/1] (0.00ns)   --->   "%p_Val2_s = phi i30 %read_word_V, void %if.then, i30 0, void %for.inc334.loopexit"   --->   Operation 74 'phi' 'p_Val2_s' <Predicate = true> <Delay = 0.00>
ST_4 : Operation 75 [1/1] (0.00ns)   --->   "%p_load79 = load i3 %empty" [../../../../../overlays/Vitis_Libraries/vision//L1/include/imgproc/xf_quantizationdithering.hpp:221]   --->   Operation 75 'load' 'p_load79' <Predicate = true> <Delay = 0.00>
ST_4 : Operation 76 [1/1] (0.00ns)   --->   "%conv_i5870_load = load i3 %conv_i5870" [../../../../../overlays/Vitis_Libraries/vision//L1/include/imgproc/xf_quantizationdithering.hpp:205]   --->   Operation 76 'load' 'conv_i5870_load' <Predicate = true> <Delay = 0.00>
ST_4 : Operation 77 [1/1] (0.00ns)   --->   "%in_pixel = trunc i30 %p_Val2_s"   --->   Operation 77 'trunc' 'in_pixel' <Predicate = true> <Delay = 0.00>
ST_4 : Operation 78 [1/1] (0.00ns)   --->   "%sext_ln1494 = sext i3 %conv_i5870_load"   --->   Operation 78 'sext' 'sext_ln1494' <Predicate = true> <Delay = 0.00>
ST_4 : Operation 79 [1/1] (0.00ns)   --->   "%tmp_24 = bitconcatenate i6 @_ssdm_op_BitConcatenate.i6.i3.i3, i3 %conv_i5870_load, i3 0" [../../../../../overlays/Vitis_Libraries/vision//L1/include/imgproc/xf_quantizationdithering.hpp:205]   --->   Operation 79 'bitconcatenate' 'tmp_24' <Predicate = true> <Delay = 0.00>
ST_4 : Operation 80 [1/1] (0.00ns)   --->   "%sext_ln205 = sext i6 %tmp_24" [../../../../../overlays/Vitis_Libraries/vision//L1/include/imgproc/xf_quantizationdithering.hpp:205]   --->   Operation 80 'sext' 'sext_ln205' <Predicate = true> <Delay = 0.00>
ST_4 : Operation 81 [1/1] (0.78ns)   --->   "%q_2nd_err_scale7_2 = sub i12 %sext_ln205, i12 %sext_ln1494" [../../../../../overlays/Vitis_Libraries/vision//L1/include/imgproc/xf_quantizationdithering.hpp:205]   --->   Operation 81 'sub' 'q_2nd_err_scale7_2' <Predicate = true> <Delay = 0.78> <CoreInst = "Adder">   --->   Core 1 'Adder' <Latency = 0> <II = 1> <Delay = 0.80> <FuncUnit> <Opcode : 'add' 'sub'> <InPorts = 2> <OutPorts = 1>
ST_4 : Operation 82 [1/1] (0.00ns)   --->   "%q_2nd_err_scale7by16_V = partselect i8 @_ssdm_op_PartSelect.i8.i12.i32.i32, i12 %q_2nd_err_scale7_2, i32 4, i32 11"   --->   Operation 82 'partselect' 'q_2nd_err_scale7by16_V' <Predicate = true> <Delay = 0.00>
ST_4 : Operation 83 [1/1] (0.00ns)   --->   "%sext_ln209 = sext i9 %offset_buffer_V_load" [../../../../../overlays/Vitis_Libraries/vision//L1/include/imgproc/xf_quantizationdithering.hpp:209]   --->   Operation 83 'sext' 'sext_ln209' <Predicate = true> <Delay = 0.00>
ST_4 : Operation 84 [1/1] (0.00ns)   --->   "%zext_ln209 = zext i10 %in_pixel" [../../../../../overlays/Vitis_Libraries/vision//L1/include/imgproc/xf_quantizationdithering.hpp:209]   --->   Operation 84 'zext' 'zext_ln209' <Predicate = true> <Delay = 0.00>
ST_4 : Operation 85 [1/1] (0.00ns)   --->   "%sext_ln209_1 = sext i8 %q_2nd_err_scale7by16_V" [../../../../../overlays/Vitis_Libraries/vision//L1/include/imgproc/xf_quantizationdithering.hpp:209]   --->   Operation 85 'sext' 'sext_ln209_1' <Predicate = true> <Delay = 0.00>
ST_4 : Operation 86 [1/1] (0.00ns)   --->   "%trunc_ln209 = trunc i30 %p_Val2_s" [../../../../../overlays/Vitis_Libraries/vision//L1/include/imgproc/xf_quantizationdithering.hpp:209]   --->   Operation 86 'trunc' 'trunc_ln209' <Predicate = true> <Delay = 0.00>
ST_4 : Operation 87 [1/1] (0.00ns)   --->   "%trunc_ln209_1 = partselect i2 @_ssdm_op_PartSelect.i2.i12.i32.i32, i12 %q_2nd_err_scale7_2, i32 4, i32 5" [../../../../../overlays/Vitis_Libraries/vision//L1/include/imgproc/xf_quantizationdithering.hpp:209]   --->   Operation 87 'partselect' 'trunc_ln209_1' <Predicate = true> <Delay = 0.00>
ST_4 : Operation 88 [1/1] (0.00ns) (grouped into TernaryAdder)   --->   "%add_ln209 = add i12 %sext_ln209, i12 %zext_ln209" [../../../../../overlays/Vitis_Libraries/vision//L1/include/imgproc/xf_quantizationdithering.hpp:209]   --->   Operation 88 'add' 'add_ln209' <Predicate = true> <Delay = 0.00> <CoreInst = "TAddSub">   --->   Core 10 'TAddSub' <Latency = 0> <II = 1> <Delay = 0.38> <IPBlock> <Opcode : 'add' 'sub'> <InPorts = 3> <OutPorts = 1> <Sync> <CReg>
ST_4 : Operation 89 [1/1] (0.86ns) (root node of TernaryAdder)   --->   "%quatizer_in_V_2 = add i12 %add_ln209, i12 %sext_ln209_1" [../../../../../overlays/Vitis_Libraries/vision//L1/include/imgproc/xf_quantizationdithering.hpp:209]   --->   Operation 89 'add' 'quatizer_in_V_2' <Predicate = true> <Delay = 0.86> <CoreInst = "TAddSub">   --->   Core 10 'TAddSub' <Latency = 0> <II = 1> <Delay = 0.38> <IPBlock> <Opcode : 'add' 'sub'> <InPorts = 3> <OutPorts = 1> <Sync> <CReg>
ST_4 : Operation 90 [1/1] (0.00ns) (grouped into TernaryAdder)   --->   "%add_ln208 = add i2 %trunc_ln209, i2 %trunc_ln209_2" [../../../../../overlays/Vitis_Libraries/vision//L1/include/imgproc/xf_quantizationdithering.hpp:208]   --->   Operation 90 'add' 'add_ln208' <Predicate = true> <Delay = 0.00> <CoreInst = "TAddSub">   --->   Core 10 'TAddSub' <Latency = 0> <II = 1> <Delay = 0.38> <IPBlock> <Opcode : 'add' 'sub'> <InPorts = 3> <OutPorts = 1> <Sync> <CReg>
ST_4 : Operation 91 [1/1] (0.14ns) (root node of TernaryAdder)   --->   "%add_ln208_1 = add i2 %add_ln208, i2 %trunc_ln209_1" [../../../../../overlays/Vitis_Libraries/vision//L1/include/imgproc/xf_quantizationdithering.hpp:208]   --->   Operation 91 'add' 'add_ln208_1' <Predicate = true> <Delay = 0.14> <CoreInst = "TAddSub">   --->   Core 10 'TAddSub' <Latency = 0> <II = 1> <Delay = 0.38> <IPBlock> <Opcode : 'add' 'sub'> <InPorts = 3> <OutPorts = 1> <Sync> <CReg>
ST_4 : Operation 92 [1/1] (0.00ns)   --->   "%lhs_V = partselect i10 @_ssdm_op_PartSelect.i10.i12.i32.i32, i12 %quatizer_in_V_2, i32 2, i32 11"   --->   Operation 92 'partselect' 'lhs_V' <Predicate = true> <Delay = 0.00>
ST_4 : Operation 93 [1/1] (0.00ns)   --->   "%p_Result_s = bitselect i1 @_ssdm_op_BitSelect.i1.i2.i32, i2 %add_ln208_1, i32 1"   --->   Operation 93 'bitselect' 'p_Result_s' <Predicate = true> <Delay = 0.00>
ST_4 : Operation 94 [1/1] (0.00ns)   --->   "%tmp_26 = bitselect i1 @_ssdm_op_BitSelect.i1.i2.i32, i2 %add_ln208_1, i32 1"   --->   Operation 94 'bitselect' 'tmp_26' <Predicate = true> <Delay = 0.00>
ST_4 : Operation 95 [1/1] (0.00ns)   --->   "%zext_ln1495 = zext i1 %tmp_26"   --->   Operation 95 'zext' 'zext_ln1495' <Predicate = true> <Delay = 0.00>
ST_4 : Operation 96 [1/1] (0.00ns)   --->   "%tmp = partselect i9 @_ssdm_op_PartSelect.i9.i12.i32.i32, i12 %quatizer_in_V_2, i32 2, i32 10"   --->   Operation 96 'partselect' 'tmp' <Predicate = true> <Delay = 0.00>
ST_4 : Operation 97 [1/1] (0.78ns)   --->   "%p_Val2_4 = add i10 %lhs_V, i10 %zext_ln1495"   --->   Operation 97 'add' 'p_Val2_4' <Predicate = true> <Delay = 0.78> <CoreInst = "Adder">   --->   Core 1 'Adder' <Latency = 0> <II = 1> <Delay = 0.78> <FuncUnit> <Opcode : 'add' 'sub'> <InPorts = 2> <OutPorts = 1>
ST_4 : Operation 98 [1/1] (0.00ns)   --->   "%trunc_ln628 = trunc i12 %quatizer_in_V_2"   --->   Operation 98 'trunc' 'trunc_ln628' <Predicate = true> <Delay = 0.00>
ST_4 : Operation 99 [1/1] (0.00ns)   --->   "%q_err_3rd_local_V = bitconcatenate i3 @_ssdm_op_BitConcatenate.i3.i1.i2, i1 %p_Result_s, i2 %trunc_ln628"   --->   Operation 99 'bitconcatenate' 'q_err_3rd_local_V' <Predicate = true> <Delay = 0.00>
ST_4 : Operation 100 [1/1] (0.00ns)   --->   "%p_load78 = load i3 %empty_104" [../../../../../overlays/Vitis_Libraries/vision//L1/include/imgproc/xf_quantizationdithering.hpp:221]   --->   Operation 100 'load' 'p_load78' <Predicate = true> <Delay = 0.00>
ST_4 : Operation 101 [1/1] (0.00ns)   --->   "%conv_i5870_load_1 = load i3 %conv_i5870" [../../../../../overlays/Vitis_Libraries/vision//L1/include/imgproc/xf_quantizationdithering.hpp:226]   --->   Operation 101 'load' 'conv_i5870_load_1' <Predicate = (!cmp239)> <Delay = 0.00>
ST_4 : Operation 102 [1/1] (0.00ns)   --->   "%conv_i58_172_load = load i3 %conv_i58_172" [../../../../../overlays/Vitis_Libraries/vision//L1/include/imgproc/xf_quantizationdithering.hpp:205]   --->   Operation 102 'load' 'conv_i58_172_load' <Predicate = true> <Delay = 0.00>
ST_4 : Operation 103 [1/1] (0.20ns)   --->   "%select_ln226 = select i1 %cmp239, i3 0, i3 %q_err_3rd_local_V" [../../../../../overlays/Vitis_Libraries/vision//L1/include/imgproc/xf_quantizationdithering.hpp:226]   --->   Operation 103 'select' 'select_ln226' <Predicate = true> <Delay = 0.20> <CoreInst = "Sel">   --->   Core 73 'Sel' <Latency = 0> <II = 1> <Delay = 0.20> <FuncUnit> <Opcode : 'select'> <InPorts = 3> <OutPorts = 1>
ST_4 : Operation 104 [1/1] (0.20ns)   --->   "%select_ln226_1 = select i1 %cmp239, i3 0, i3 %conv_i5870_load_1" [../../../../../overlays/Vitis_Libraries/vision//L1/include/imgproc/xf_quantizationdithering.hpp:226]   --->   Operation 104 'select' 'select_ln226_1' <Predicate = true> <Delay = 0.20> <CoreInst = "Sel">   --->   Core 73 'Sel' <Latency = 0> <II = 1> <Delay = 0.20> <FuncUnit> <Opcode : 'select'> <InPorts = 3> <OutPorts = 1>
ST_4 : Operation 105 [1/1] (0.00ns)   --->   "%in_pixel_1 = partselect i10 @_ssdm_op_PartSelect.i10.i30.i32.i32, i30 %p_Val2_s, i32 10, i32 19"   --->   Operation 105 'partselect' 'in_pixel_1' <Predicate = true> <Delay = 0.00>
ST_4 : Operation 106 [1/1] (0.00ns)   --->   "%sext_ln1494_1 = sext i3 %conv_i58_172_load"   --->   Operation 106 'sext' 'sext_ln1494_1' <Predicate = true> <Delay = 0.00>
ST_4 : Operation 107 [1/1] (0.00ns)   --->   "%tmp_30 = bitconcatenate i6 @_ssdm_op_BitConcatenate.i6.i3.i3, i3 %conv_i58_172_load, i3 0" [../../../../../overlays/Vitis_Libraries/vision//L1/include/imgproc/xf_quantizationdithering.hpp:205]   --->   Operation 107 'bitconcatenate' 'tmp_30' <Predicate = true> <Delay = 0.00>
ST_4 : Operation 108 [1/1] (0.00ns)   --->   "%sext_ln205_1 = sext i6 %tmp_30" [../../../../../overlays/Vitis_Libraries/vision//L1/include/imgproc/xf_quantizationdithering.hpp:205]   --->   Operation 108 'sext' 'sext_ln205_1' <Predicate = true> <Delay = 0.00>
ST_4 : Operation 109 [1/1] (0.78ns)   --->   "%q_2nd_err_scale7_1 = sub i12 %sext_ln205_1, i12 %sext_ln1494_1" [../../../../../overlays/Vitis_Libraries/vision//L1/include/imgproc/xf_quantizationdithering.hpp:205]   --->   Operation 109 'sub' 'q_2nd_err_scale7_1' <Predicate = true> <Delay = 0.78> <CoreInst = "Adder">   --->   Core 1 'Adder' <Latency = 0> <II = 1> <Delay = 0.80> <FuncUnit> <Opcode : 'add' 'sub'> <InPorts = 2> <OutPorts = 1>
ST_4 : Operation 110 [1/1] (0.00ns)   --->   "%q_2nd_err_scale7by16_V_1 = partselect i8 @_ssdm_op_PartSelect.i8.i12.i32.i32, i12 %q_2nd_err_scale7_1, i32 4, i32 11"   --->   Operation 110 'partselect' 'q_2nd_err_scale7by16_V_1' <Predicate = true> <Delay = 0.00>
ST_4 : Operation 111 [1/1] (0.00ns)   --->   "%sext_ln209_2 = sext i9 %offset_buffer_V_1_load" [../../../../../overlays/Vitis_Libraries/vision//L1/include/imgproc/xf_quantizationdithering.hpp:209]   --->   Operation 111 'sext' 'sext_ln209_2' <Predicate = true> <Delay = 0.00>
ST_4 : Operation 112 [1/1] (0.00ns)   --->   "%zext_ln209_1 = zext i10 %in_pixel_1" [../../../../../overlays/Vitis_Libraries/vision//L1/include/imgproc/xf_quantizationdithering.hpp:209]   --->   Operation 112 'zext' 'zext_ln209_1' <Predicate = true> <Delay = 0.00>
ST_4 : Operation 113 [1/1] (0.00ns)   --->   "%sext_ln209_3 = sext i8 %q_2nd_err_scale7by16_V_1" [../../../../../overlays/Vitis_Libraries/vision//L1/include/imgproc/xf_quantizationdithering.hpp:209]   --->   Operation 113 'sext' 'sext_ln209_3' <Predicate = true> <Delay = 0.00>
ST_4 : Operation 114 [1/1] (0.00ns)   --->   "%trunc_ln209_3 = partselect i2 @_ssdm_op_PartSelect.i2.i30.i32.i32, i30 %p_Val2_s, i32 10, i32 11" [../../../../../overlays/Vitis_Libraries/vision//L1/include/imgproc/xf_quantizationdithering.hpp:209]   --->   Operation 114 'partselect' 'trunc_ln209_3' <Predicate = true> <Delay = 0.00>
ST_4 : Operation 115 [1/1] (0.00ns)   --->   "%trunc_ln209_4 = partselect i2 @_ssdm_op_PartSelect.i2.i12.i32.i32, i12 %q_2nd_err_scale7_1, i32 4, i32 5" [../../../../../overlays/Vitis_Libraries/vision//L1/include/imgproc/xf_quantizationdithering.hpp:209]   --->   Operation 115 'partselect' 'trunc_ln209_4' <Predicate = true> <Delay = 0.00>
ST_4 : Operation 116 [1/1] (0.00ns) (grouped into TernaryAdder)   --->   "%add_ln209_2 = add i12 %sext_ln209_2, i12 %zext_ln209_1" [../../../../../overlays/Vitis_Libraries/vision//L1/include/imgproc/xf_quantizationdithering.hpp:209]   --->   Operation 116 'add' 'add_ln209_2' <Predicate = true> <Delay = 0.00> <CoreInst = "TAddSub">   --->   Core 10 'TAddSub' <Latency = 0> <II = 1> <Delay = 0.38> <IPBlock> <Opcode : 'add' 'sub'> <InPorts = 3> <OutPorts = 1> <Sync> <CReg>
ST_4 : Operation 117 [1/1] (0.86ns) (root node of TernaryAdder)   --->   "%quatizer_in_V_1 = add i12 %add_ln209_2, i12 %sext_ln209_3" [../../../../../overlays/Vitis_Libraries/vision//L1/include/imgproc/xf_quantizationdithering.hpp:209]   --->   Operation 117 'add' 'quatizer_in_V_1' <Predicate = true> <Delay = 0.86> <CoreInst = "TAddSub">   --->   Core 10 'TAddSub' <Latency = 0> <II = 1> <Delay = 0.38> <IPBlock> <Opcode : 'add' 'sub'> <InPorts = 3> <OutPorts = 1> <Sync> <CReg>
ST_4 : Operation 118 [1/1] (0.00ns) (grouped into TernaryAdder)   --->   "%add_ln208_2 = add i2 %trunc_ln209_3, i2 %trunc_ln209_5" [../../../../../overlays/Vitis_Libraries/vision//L1/include/imgproc/xf_quantizationdithering.hpp:208]   --->   Operation 118 'add' 'add_ln208_2' <Predicate = true> <Delay = 0.00> <CoreInst = "TAddSub">   --->   Core 10 'TAddSub' <Latency = 0> <II = 1> <Delay = 0.38> <IPBlock> <Opcode : 'add' 'sub'> <InPorts = 3> <OutPorts = 1> <Sync> <CReg>
ST_4 : Operation 119 [1/1] (0.14ns) (root node of TernaryAdder)   --->   "%add_ln208_3 = add i2 %add_ln208_2, i2 %trunc_ln209_4" [../../../../../overlays/Vitis_Libraries/vision//L1/include/imgproc/xf_quantizationdithering.hpp:208]   --->   Operation 119 'add' 'add_ln208_3' <Predicate = true> <Delay = 0.14> <CoreInst = "TAddSub">   --->   Core 10 'TAddSub' <Latency = 0> <II = 1> <Delay = 0.38> <IPBlock> <Opcode : 'add' 'sub'> <InPorts = 3> <OutPorts = 1> <Sync> <CReg>
ST_4 : Operation 120 [1/1] (0.00ns)   --->   "%lhs_V_6 = partselect i10 @_ssdm_op_PartSelect.i10.i12.i32.i32, i12 %quatizer_in_V_1, i32 2, i32 11"   --->   Operation 120 'partselect' 'lhs_V_6' <Predicate = true> <Delay = 0.00>
ST_4 : Operation 121 [1/1] (0.00ns)   --->   "%p_Result_7 = bitselect i1 @_ssdm_op_BitSelect.i1.i2.i32, i2 %add_ln208_3, i32 1"   --->   Operation 121 'bitselect' 'p_Result_7' <Predicate = true> <Delay = 0.00>
ST_4 : Operation 122 [1/1] (0.00ns)   --->   "%tmp_32 = bitselect i1 @_ssdm_op_BitSelect.i1.i2.i32, i2 %add_ln208_3, i32 1"   --->   Operation 122 'bitselect' 'tmp_32' <Predicate = true> <Delay = 0.00>
ST_4 : Operation 123 [1/1] (0.00ns)   --->   "%zext_ln1495_2 = zext i1 %tmp_32"   --->   Operation 123 'zext' 'zext_ln1495_2' <Predicate = true> <Delay = 0.00>
ST_4 : Operation 124 [1/1] (0.00ns)   --->   "%tmp_s = partselect i9 @_ssdm_op_PartSelect.i9.i12.i32.i32, i12 %quatizer_in_V_1, i32 2, i32 10"   --->   Operation 124 'partselect' 'tmp_s' <Predicate = true> <Delay = 0.00>
ST_4 : Operation 125 [1/1] (0.78ns)   --->   "%p_Val2_8 = add i10 %lhs_V_6, i10 %zext_ln1495_2"   --->   Operation 125 'add' 'p_Val2_8' <Predicate = true> <Delay = 0.78> <CoreInst = "Adder">   --->   Core 1 'Adder' <Latency = 0> <II = 1> <Delay = 0.78> <FuncUnit> <Opcode : 'add' 'sub'> <InPorts = 2> <OutPorts = 1>
ST_4 : Operation 126 [1/1] (0.00ns)   --->   "%trunc_ln628_2 = trunc i12 %quatizer_in_V_1"   --->   Operation 126 'trunc' 'trunc_ln628_2' <Predicate = true> <Delay = 0.00>
ST_4 : Operation 127 [1/1] (0.00ns)   --->   "%q_err_3rd_local_V_1 = bitconcatenate i3 @_ssdm_op_BitConcatenate.i3.i1.i2, i1 %p_Result_7, i2 %trunc_ln628_2"   --->   Operation 127 'bitconcatenate' 'q_err_3rd_local_V_1' <Predicate = true> <Delay = 0.00>
ST_4 : Operation 128 [1/1] (0.00ns)   --->   "%p_load = load i3 %empty_105" [../../../../../overlays/Vitis_Libraries/vision//L1/include/imgproc/xf_quantizationdithering.hpp:221]   --->   Operation 128 'load' 'p_load' <Predicate = true> <Delay = 0.00>
ST_4 : Operation 129 [1/1] (0.00ns)   --->   "%conv_i58_172_load_1 = load i3 %conv_i58_172" [../../../../../overlays/Vitis_Libraries/vision//L1/include/imgproc/xf_quantizationdithering.hpp:226]   --->   Operation 129 'load' 'conv_i58_172_load_1' <Predicate = (!cmp239)> <Delay = 0.00>
ST_4 : Operation 130 [1/1] (0.00ns)   --->   "%conv_i58_274_load = load i3 %conv_i58_274" [../../../../../overlays/Vitis_Libraries/vision//L1/include/imgproc/xf_quantizationdithering.hpp:205]   --->   Operation 130 'load' 'conv_i58_274_load' <Predicate = true> <Delay = 0.00>
ST_4 : Operation 131 [1/1] (0.20ns)   --->   "%select_ln226_2 = select i1 %cmp239, i3 0, i3 %q_err_3rd_local_V_1" [../../../../../overlays/Vitis_Libraries/vision//L1/include/imgproc/xf_quantizationdithering.hpp:226]   --->   Operation 131 'select' 'select_ln226_2' <Predicate = true> <Delay = 0.20> <CoreInst = "Sel">   --->   Core 73 'Sel' <Latency = 0> <II = 1> <Delay = 0.20> <FuncUnit> <Opcode : 'select'> <InPorts = 3> <OutPorts = 1>
ST_4 : Operation 132 [1/1] (0.20ns)   --->   "%select_ln226_3 = select i1 %cmp239, i3 0, i3 %conv_i58_172_load_1" [../../../../../overlays/Vitis_Libraries/vision//L1/include/imgproc/xf_quantizationdithering.hpp:226]   --->   Operation 132 'select' 'select_ln226_3' <Predicate = true> <Delay = 0.20> <CoreInst = "Sel">   --->   Core 73 'Sel' <Latency = 0> <II = 1> <Delay = 0.20> <FuncUnit> <Opcode : 'select'> <InPorts = 3> <OutPorts = 1>
ST_4 : Operation 133 [1/1] (0.00ns)   --->   "%in_pixel_2 = partselect i10 @_ssdm_op_PartSelect.i10.i30.i32.i32, i30 %p_Val2_s, i32 20, i32 29"   --->   Operation 133 'partselect' 'in_pixel_2' <Predicate = true> <Delay = 0.00>
ST_4 : Operation 134 [1/1] (0.00ns)   --->   "%sext_ln1494_2 = sext i3 %conv_i58_274_load"   --->   Operation 134 'sext' 'sext_ln1494_2' <Predicate = true> <Delay = 0.00>
ST_4 : Operation 135 [1/1] (0.00ns)   --->   "%tmp_36 = bitconcatenate i6 @_ssdm_op_BitConcatenate.i6.i3.i3, i3 %conv_i58_274_load, i3 0" [../../../../../overlays/Vitis_Libraries/vision//L1/include/imgproc/xf_quantizationdithering.hpp:205]   --->   Operation 135 'bitconcatenate' 'tmp_36' <Predicate = true> <Delay = 0.00>
ST_4 : Operation 136 [1/1] (0.00ns)   --->   "%sext_ln205_2 = sext i6 %tmp_36" [../../../../../overlays/Vitis_Libraries/vision//L1/include/imgproc/xf_quantizationdithering.hpp:205]   --->   Operation 136 'sext' 'sext_ln205_2' <Predicate = true> <Delay = 0.00>
ST_4 : Operation 137 [1/1] (0.78ns)   --->   "%q_2nd_err_scale7 = sub i12 %sext_ln205_2, i12 %sext_ln1494_2" [../../../../../overlays/Vitis_Libraries/vision//L1/include/imgproc/xf_quantizationdithering.hpp:205]   --->   Operation 137 'sub' 'q_2nd_err_scale7' <Predicate = true> <Delay = 0.78> <CoreInst = "Adder">   --->   Core 1 'Adder' <Latency = 0> <II = 1> <Delay = 0.80> <FuncUnit> <Opcode : 'add' 'sub'> <InPorts = 2> <OutPorts = 1>
ST_4 : Operation 138 [1/1] (0.00ns)   --->   "%q_2nd_err_scale7by16_V_2 = partselect i8 @_ssdm_op_PartSelect.i8.i12.i32.i32, i12 %q_2nd_err_scale7, i32 4, i32 11"   --->   Operation 138 'partselect' 'q_2nd_err_scale7by16_V_2' <Predicate = true> <Delay = 0.00>
ST_4 : Operation 139 [1/1] (0.00ns)   --->   "%sext_ln209_4 = sext i9 %offset_buffer_V_2_load" [../../../../../overlays/Vitis_Libraries/vision//L1/include/imgproc/xf_quantizationdithering.hpp:209]   --->   Operation 139 'sext' 'sext_ln209_4' <Predicate = true> <Delay = 0.00>
ST_4 : Operation 140 [1/1] (0.00ns)   --->   "%zext_ln209_2 = zext i10 %in_pixel_2" [../../../../../overlays/Vitis_Libraries/vision//L1/include/imgproc/xf_quantizationdithering.hpp:209]   --->   Operation 140 'zext' 'zext_ln209_2' <Predicate = true> <Delay = 0.00>
ST_4 : Operation 141 [1/1] (0.00ns)   --->   "%sext_ln209_5 = sext i8 %q_2nd_err_scale7by16_V_2" [../../../../../overlays/Vitis_Libraries/vision//L1/include/imgproc/xf_quantizationdithering.hpp:209]   --->   Operation 141 'sext' 'sext_ln209_5' <Predicate = true> <Delay = 0.00>
ST_4 : Operation 142 [1/1] (0.00ns)   --->   "%trunc_ln209_6 = partselect i2 @_ssdm_op_PartSelect.i2.i30.i32.i32, i30 %p_Val2_s, i32 20, i32 21" [../../../../../overlays/Vitis_Libraries/vision//L1/include/imgproc/xf_quantizationdithering.hpp:209]   --->   Operation 142 'partselect' 'trunc_ln209_6' <Predicate = true> <Delay = 0.00>
ST_4 : Operation 143 [1/1] (0.00ns)   --->   "%trunc_ln209_7 = partselect i2 @_ssdm_op_PartSelect.i2.i12.i32.i32, i12 %q_2nd_err_scale7, i32 4, i32 5" [../../../../../overlays/Vitis_Libraries/vision//L1/include/imgproc/xf_quantizationdithering.hpp:209]   --->   Operation 143 'partselect' 'trunc_ln209_7' <Predicate = true> <Delay = 0.00>
ST_4 : Operation 144 [1/1] (0.00ns) (grouped into TernaryAdder)   --->   "%add_ln209_4 = add i12 %sext_ln209_4, i12 %zext_ln209_2" [../../../../../overlays/Vitis_Libraries/vision//L1/include/imgproc/xf_quantizationdithering.hpp:209]   --->   Operation 144 'add' 'add_ln209_4' <Predicate = true> <Delay = 0.00> <CoreInst = "TAddSub">   --->   Core 10 'TAddSub' <Latency = 0> <II = 1> <Delay = 0.38> <IPBlock> <Opcode : 'add' 'sub'> <InPorts = 3> <OutPorts = 1> <Sync> <CReg>
ST_4 : Operation 145 [1/1] (0.86ns) (root node of TernaryAdder)   --->   "%quatizer_in_V = add i12 %add_ln209_4, i12 %sext_ln209_5" [../../../../../overlays/Vitis_Libraries/vision//L1/include/imgproc/xf_quantizationdithering.hpp:209]   --->   Operation 145 'add' 'quatizer_in_V' <Predicate = true> <Delay = 0.86> <CoreInst = "TAddSub">   --->   Core 10 'TAddSub' <Latency = 0> <II = 1> <Delay = 0.38> <IPBlock> <Opcode : 'add' 'sub'> <InPorts = 3> <OutPorts = 1> <Sync> <CReg>
ST_4 : Operation 146 [1/1] (0.00ns) (grouped into TernaryAdder)   --->   "%add_ln208_4 = add i2 %trunc_ln209_6, i2 %trunc_ln209_8" [../../../../../overlays/Vitis_Libraries/vision//L1/include/imgproc/xf_quantizationdithering.hpp:208]   --->   Operation 146 'add' 'add_ln208_4' <Predicate = true> <Delay = 0.00> <CoreInst = "TAddSub">   --->   Core 10 'TAddSub' <Latency = 0> <II = 1> <Delay = 0.38> <IPBlock> <Opcode : 'add' 'sub'> <InPorts = 3> <OutPorts = 1> <Sync> <CReg>
ST_4 : Operation 147 [1/1] (0.14ns) (root node of TernaryAdder)   --->   "%add_ln208_5 = add i2 %add_ln208_4, i2 %trunc_ln209_7" [../../../../../overlays/Vitis_Libraries/vision//L1/include/imgproc/xf_quantizationdithering.hpp:208]   --->   Operation 147 'add' 'add_ln208_5' <Predicate = true> <Delay = 0.14> <CoreInst = "TAddSub">   --->   Core 10 'TAddSub' <Latency = 0> <II = 1> <Delay = 0.38> <IPBlock> <Opcode : 'add' 'sub'> <InPorts = 3> <OutPorts = 1> <Sync> <CReg>
ST_4 : Operation 148 [1/1] (0.00ns)   --->   "%lhs_V_7 = partselect i10 @_ssdm_op_PartSelect.i10.i12.i32.i32, i12 %quatizer_in_V, i32 2, i32 11"   --->   Operation 148 'partselect' 'lhs_V_7' <Predicate = true> <Delay = 0.00>
ST_4 : Operation 149 [1/1] (0.00ns)   --->   "%p_Result_10 = bitselect i1 @_ssdm_op_BitSelect.i1.i2.i32, i2 %add_ln208_5, i32 1"   --->   Operation 149 'bitselect' 'p_Result_10' <Predicate = true> <Delay = 0.00>
ST_4 : Operation 150 [1/1] (0.00ns)   --->   "%tmp_38 = bitselect i1 @_ssdm_op_BitSelect.i1.i2.i32, i2 %add_ln208_5, i32 1"   --->   Operation 150 'bitselect' 'tmp_38' <Predicate = true> <Delay = 0.00>
ST_4 : Operation 151 [1/1] (0.00ns)   --->   "%zext_ln1495_4 = zext i1 %tmp_38"   --->   Operation 151 'zext' 'zext_ln1495_4' <Predicate = true> <Delay = 0.00>
ST_4 : Operation 152 [1/1] (0.00ns)   --->   "%tmp_8 = partselect i9 @_ssdm_op_PartSelect.i9.i12.i32.i32, i12 %quatizer_in_V, i32 2, i32 10"   --->   Operation 152 'partselect' 'tmp_8' <Predicate = true> <Delay = 0.00>
ST_4 : Operation 153 [1/1] (0.78ns)   --->   "%p_Val2_12 = add i10 %lhs_V_7, i10 %zext_ln1495_4"   --->   Operation 153 'add' 'p_Val2_12' <Predicate = true> <Delay = 0.78> <CoreInst = "Adder">   --->   Core 1 'Adder' <Latency = 0> <II = 1> <Delay = 0.78> <FuncUnit> <Opcode : 'add' 'sub'> <InPorts = 2> <OutPorts = 1>
ST_4 : Operation 154 [1/1] (0.00ns)   --->   "%trunc_ln628_4 = trunc i12 %quatizer_in_V"   --->   Operation 154 'trunc' 'trunc_ln628_4' <Predicate = true> <Delay = 0.00>
ST_4 : Operation 155 [1/1] (0.00ns)   --->   "%q_err_3rd_local_V_2 = bitconcatenate i3 @_ssdm_op_BitConcatenate.i3.i1.i2, i1 %p_Result_10, i2 %trunc_ln628_4"   --->   Operation 155 'bitconcatenate' 'q_err_3rd_local_V_2' <Predicate = true> <Delay = 0.00>
ST_4 : Operation 156 [1/1] (0.00ns)   --->   "%conv_i58_274_load_1 = load i3 %conv_i58_274" [../../../../../overlays/Vitis_Libraries/vision//L1/include/imgproc/xf_quantizationdithering.hpp:226]   --->   Operation 156 'load' 'conv_i58_274_load_1' <Predicate = (!cmp239)> <Delay = 0.00>
ST_4 : Operation 157 [1/1] (0.20ns)   --->   "%select_ln226_4 = select i1 %cmp239, i3 0, i3 %q_err_3rd_local_V_2" [../../../../../overlays/Vitis_Libraries/vision//L1/include/imgproc/xf_quantizationdithering.hpp:226]   --->   Operation 157 'select' 'select_ln226_4' <Predicate = true> <Delay = 0.20> <CoreInst = "Sel">   --->   Core 73 'Sel' <Latency = 0> <II = 1> <Delay = 0.20> <FuncUnit> <Opcode : 'select'> <InPorts = 3> <OutPorts = 1>
ST_4 : Operation 158 [1/1] (0.20ns)   --->   "%select_ln226_5 = select i1 %cmp239, i3 0, i3 %conv_i58_274_load_1" [../../../../../overlays/Vitis_Libraries/vision//L1/include/imgproc/xf_quantizationdithering.hpp:226]   --->   Operation 158 'select' 'select_ln226_5' <Predicate = true> <Delay = 0.20> <CoreInst = "Sel">   --->   Core 73 'Sel' <Latency = 0> <II = 1> <Delay = 0.20> <FuncUnit> <Opcode : 'select'> <InPorts = 3> <OutPorts = 1>
ST_4 : Operation 159 [1/1] (0.42ns)   --->   "%store_ln178 = store i3 %select_ln226_4, i3 %conv_i58_274" [../../../../../overlays/Vitis_Libraries/vision//L1/include/imgproc/xf_quantizationdithering.hpp:178]   --->   Operation 159 'store' 'store_ln178' <Predicate = true> <Delay = 0.42>
ST_4 : Operation 160 [1/1] (0.42ns)   --->   "%store_ln178 = store i3 %select_ln226_2, i3 %conv_i58_172" [../../../../../overlays/Vitis_Libraries/vision//L1/include/imgproc/xf_quantizationdithering.hpp:178]   --->   Operation 160 'store' 'store_ln178' <Predicate = true> <Delay = 0.42>
ST_4 : Operation 161 [1/1] (0.42ns)   --->   "%store_ln178 = store i3 %select_ln226, i3 %conv_i5870" [../../../../../overlays/Vitis_Libraries/vision//L1/include/imgproc/xf_quantizationdithering.hpp:178]   --->   Operation 161 'store' 'store_ln178' <Predicate = true> <Delay = 0.42>
ST_4 : Operation 162 [1/1] (0.42ns)   --->   "%store_ln178 = store i3 %select_ln226_5, i3 %empty_105" [../../../../../overlays/Vitis_Libraries/vision//L1/include/imgproc/xf_quantizationdithering.hpp:178]   --->   Operation 162 'store' 'store_ln178' <Predicate = true> <Delay = 0.42>
ST_4 : Operation 163 [1/1] (0.42ns)   --->   "%store_ln178 = store i3 %select_ln226_3, i3 %empty_104" [../../../../../overlays/Vitis_Libraries/vision//L1/include/imgproc/xf_quantizationdithering.hpp:178]   --->   Operation 163 'store' 'store_ln178' <Predicate = true> <Delay = 0.42>
ST_4 : Operation 164 [1/1] (0.42ns)   --->   "%store_ln178 = store i3 %select_ln226_1, i3 %empty" [../../../../../overlays/Vitis_Libraries/vision//L1/include/imgproc/xf_quantizationdithering.hpp:178]   --->   Operation 164 'store' 'store_ln178' <Predicate = true> <Delay = 0.42>
ST_4 : Operation 261 [1/1] (0.00ns)   --->   "%ret_ln0 = ret"   --->   Operation 261 'ret' 'ret_ln0' <Predicate = (icmp_ln173)> <Delay = 0.00>

State 5 <SV = 4> <Delay = 2.37>
ST_5 : Operation 165 [1/1] (0.79ns)   --->   "%sub232 = add i11 %trunc_ln187, i11 2047" [../../../../../overlays/Vitis_Libraries/vision//L1/include/imgproc/xf_quantizationdithering.hpp:187]   --->   Operation 165 'add' 'sub232' <Predicate = true> <Delay = 0.79> <CoreInst = "Adder">   --->   Core 1 'Adder' <Latency = 0> <II = 1> <Delay = 0.79> <FuncUnit> <Opcode : 'add' 'sub'> <InPorts = 2> <OutPorts = 1>
ST_5 : Operation 166 [1/1] (0.00ns)   --->   "%idxprom233 = zext i11 %sub232" [../../../../../overlays/Vitis_Libraries/vision//L1/include/imgproc/xf_quantizationdithering.hpp:187]   --->   Operation 166 'zext' 'idxprom233' <Predicate = true> <Delay = 0.00>
ST_5 : Operation 167 [1/1] (0.00ns)   --->   "%sext_ln1494_3 = sext i3 %conv_i5870_load"   --->   Operation 167 'sext' 'sext_ln1494_3' <Predicate = true> <Delay = 0.00>
ST_5 : Operation 168 [1/1] (0.00ns)   --->   "%zext_ln1495_1 = zext i1 %tmp_26"   --->   Operation 168 'zext' 'zext_ln1495_1' <Predicate = true> <Delay = 0.00>
ST_5 : Operation 169 [1/1] (0.77ns)   --->   "%add_ln212 = add i9 %tmp, i9 %zext_ln1495_1" [../../../../../overlays/Vitis_Libraries/vision//L1/include/imgproc/xf_quantizationdithering.hpp:212]   --->   Operation 169 'add' 'add_ln212' <Predicate = true> <Delay = 0.77> <CoreInst = "Adder">   --->   Core 1 'Adder' <Latency = 0> <II = 1> <Delay = 0.77> <FuncUnit> <Opcode : 'add' 'sub'> <InPorts = 2> <OutPorts = 1>
ST_5 : Operation 170 [1/1] (0.00ns)   --->   "%shl_ln1 = bitconcatenate i5 @_ssdm_op_BitConcatenate.i5.i3.i2, i3 %conv_i5870_load, i2 0" [../../../../../overlays/Vitis_Libraries/vision//L1/include/imgproc/xf_quantizationdithering.hpp:221]   --->   Operation 170 'bitconcatenate' 'shl_ln1' <Predicate = true> <Delay = 0.00>
ST_5 : Operation 171 [1/1] (0.00ns)   --->   "%sext_ln221 = sext i5 %shl_ln1" [../../../../../overlays/Vitis_Libraries/vision//L1/include/imgproc/xf_quantizationdithering.hpp:221]   --->   Operation 171 'sext' 'sext_ln221' <Predicate = true> <Delay = 0.00>
ST_5 : Operation 172 [1/1] (0.00ns)   --->   "%sext_ln221_1 = sext i3 %p_load79" [../../../../../overlays/Vitis_Libraries/vision//L1/include/imgproc/xf_quantizationdithering.hpp:221]   --->   Operation 172 'sext' 'sext_ln221_1' <Predicate = true> <Delay = 0.00>
ST_5 : Operation 173 [1/1] (0.00ns)   --->   "%sext_ln221_2 = sext i3 %q_err_3rd_local_V" [../../../../../overlays/Vitis_Libraries/vision//L1/include/imgproc/xf_quantizationdithering.hpp:221]   --->   Operation 173 'sext' 'sext_ln221_2' <Predicate = true> <Delay = 0.00>
ST_5 : Operation 174 [1/1] (0.00ns)   --->   "%shl_ln221_1 = bitconcatenate i5 @_ssdm_op_BitConcatenate.i5.i1.i2.i2, i1 %p_Result_s, i2 %trunc_ln628, i2 0" [../../../../../overlays/Vitis_Libraries/vision//L1/include/imgproc/xf_quantizationdithering.hpp:221]   --->   Operation 174 'bitconcatenate' 'shl_ln221_1' <Predicate = true> <Delay = 0.00>
ST_5 : Operation 175 [1/1] (0.00ns)   --->   "%sext_ln221_3 = sext i5 %shl_ln221_1" [../../../../../overlays/Vitis_Libraries/vision//L1/include/imgproc/xf_quantizationdithering.hpp:221]   --->   Operation 175 'sext' 'sext_ln221_3' <Predicate = true> <Delay = 0.00>
ST_5 : Operation 176 [1/1] (0.00ns) (grouped into TernaryAdder)   --->   "%sub_ln221 = sub i6 %sext_ln221_3, i6 %sext_ln221_2" [../../../../../overlays/Vitis_Libraries/vision//L1/include/imgproc/xf_quantizationdithering.hpp:221]   --->   Operation 176 'sub' 'sub_ln221' <Predicate = true> <Delay = 0.00> <CoreInst = "TAddSub">   --->   Core 10 'TAddSub' <Latency = 0> <II = 1> <Delay = 0.38> <IPBlock> <Opcode : 'add' 'sub'> <InPorts = 3> <OutPorts = 1> <Sync> <CReg>
ST_5 : Operation 177 [1/1] (0.78ns)   --->   "%add_ln221 = add i6 %sext_ln221, i6 %sext_ln1494_3" [../../../../../overlays/Vitis_Libraries/vision//L1/include/imgproc/xf_quantizationdithering.hpp:221]   --->   Operation 177 'add' 'add_ln221' <Predicate = true> <Delay = 0.78> <CoreInst = "Adder">   --->   Core 1 'Adder' <Latency = 0> <II = 1> <Delay = 0.78> <FuncUnit> <Opcode : 'add' 'sub'> <InPorts = 2> <OutPorts = 1>
ST_5 : Operation 178 [1/1] (0.00ns)   --->   "%sext_ln221_4 = sext i6 %add_ln221" [../../../../../overlays/Vitis_Libraries/vision//L1/include/imgproc/xf_quantizationdithering.hpp:221]   --->   Operation 178 'sext' 'sext_ln221_4' <Predicate = true> <Delay = 0.00>
ST_5 : Operation 179 [1/1] (0.76ns) (root node of TernaryAdder)   --->   "%add_ln221_1 = add i6 %sext_ln221_1, i6 %sub_ln221" [../../../../../overlays/Vitis_Libraries/vision//L1/include/imgproc/xf_quantizationdithering.hpp:221]   --->   Operation 179 'add' 'add_ln221_1' <Predicate = true> <Delay = 0.76> <CoreInst = "TAddSub">   --->   Core 10 'TAddSub' <Latency = 0> <II = 1> <Delay = 0.38> <IPBlock> <Opcode : 'add' 'sub'> <InPorts = 3> <OutPorts = 1> <Sync> <CReg>
ST_5 : Operation 180 [1/1] (0.00ns)   --->   "%sext_ln221_5 = sext i6 %add_ln221_1" [../../../../../overlays/Vitis_Libraries/vision//L1/include/imgproc/xf_quantizationdithering.hpp:221]   --->   Operation 180 'sext' 'sext_ln221_5' <Predicate = true> <Delay = 0.00>
ST_5 : Operation 181 [1/1] (0.78ns)   --->   "%sum_tmp_V_2 = add i7 %sext_ln221_5, i7 %sext_ln221_4" [../../../../../overlays/Vitis_Libraries/vision//L1/include/imgproc/xf_quantizationdithering.hpp:221]   --->   Operation 181 'add' 'sum_tmp_V_2' <Predicate = true> <Delay = 0.78> <CoreInst = "Adder">   --->   Core 1 'Adder' <Latency = 0> <II = 1> <Delay = 0.77> <FuncUnit> <Opcode : 'add' 'sub'> <InPorts = 2> <OutPorts = 1>
ST_5 : Operation 182 [1/1] (0.00ns)   --->   "%tmp_27 = partselect i3 @_ssdm_op_PartSelect.i3.i7.i32.i32, i7 %sum_tmp_V_2, i32 4, i32 6"   --->   Operation 182 'partselect' 'tmp_27' <Predicate = true> <Delay = 0.00>
ST_5 : Operation 183 [1/1] (0.00ns)   --->   "%sext_ln628 = sext i3 %tmp_27"   --->   Operation 183 'sext' 'sext_ln628' <Predicate = true> <Delay = 0.00>
ST_5 : Operation 184 [1/1] (0.00ns)   --->   "%p_0_0_045228_load = load i9 %p_0_0_045228" [../../../../../overlays/Vitis_Libraries/vision//L1/include/imgproc/xf_quantizationdithering.hpp:224]   --->   Operation 184 'load' 'p_0_0_045228_load' <Predicate = (cmp221)> <Delay = 0.00>
ST_5 : Operation 185 [1/1] (0.00ns)   --->   "%offset_buffer_V_addr_1 = getelementptr i9 %offset_buffer_V, i64 0, i64 %idxprom233" [../../../../../overlays/Vitis_Libraries/vision//L1/include/imgproc/xf_quantizationdithering.hpp:224]   --->   Operation 185 'getelementptr' 'offset_buffer_V_addr_1' <Predicate = (cmp221)> <Delay = 0.00>
ST_5 : Operation 186 [1/1] (1.23ns)   --->   "%store_ln224 = store i9 %p_0_0_045228_load, i11 %offset_buffer_V_addr_1" [../../../../../overlays/Vitis_Libraries/vision//L1/include/imgproc/xf_quantizationdithering.hpp:224]   --->   Operation 186 'store' 'store_ln224' <Predicate = (cmp221)> <Delay = 1.23> <CoreInst = "RAM">   --->   Core 83 'RAM' <Latency = 1> <II = 1> <Delay = 1.23> <Storage> <Opcode : 'load' 'store'> <Ports = 2> <Width = 9> <Depth = 1920> <RAM>
ST_5 : Operation 187 [1/1] (0.00ns)   --->   "%br_ln224 = br void %if.end235_ifconv" [../../../../../overlays/Vitis_Libraries/vision//L1/include/imgproc/xf_quantizationdithering.hpp:224]   --->   Operation 187 'br' 'br_ln224' <Predicate = (cmp221)> <Delay = 0.00>
ST_5 : Operation 188 [1/1] (0.00ns)   --->   "%p_Result_6 = bitselect i1 @_ssdm_op_BitSelect.i1.i10.i32, i10 %p_Val2_4, i32 9"   --->   Operation 188 'bitselect' 'p_Result_6' <Predicate = true> <Delay = 0.00>
ST_5 : Operation 189 [1/1] (0.28ns)   --->   "%or_ln240 = or i1 %cmp239, i1 %p_Result_6" [../../../../../overlays/Vitis_Libraries/vision//L1/include/imgproc/xf_quantizationdithering.hpp:240]   --->   Operation 189 'or' 'or_ln240' <Predicate = true> <Delay = 0.28> <CoreInst = "LogicGate">   --->   Core 74 'LogicGate' <Latency = 0> <II = 1> <Delay = 0.28> <FuncUnit> <Opcode : 'and' 'or' 'xor'> <InPorts = 2> <OutPorts = 1>
ST_5 : Operation 190 [1/1] (0.00ns) (grouped into LUT with out node out_tmp_V_1)   --->   "%tmp_29 = bitselect i1 @_ssdm_op_BitSelect.i1.i9.i32, i9 %add_ln212, i32 8"   --->   Operation 190 'bitselect' 'tmp_29' <Predicate = true> <Delay = 0.00>
ST_5 : Operation 191 [1/1] (0.00ns) (grouped into LUT with out node out_tmp_V_1)   --->   "%out_tmp_V = trunc i10 %p_Val2_4"   --->   Operation 191 'trunc' 'out_tmp_V' <Predicate = true> <Delay = 0.00>
ST_5 : Operation 192 [1/1] (0.00ns) (grouped into LUT with out node out_tmp_V_1)   --->   "%or_ln779 = or i1 %tmp_29, i1 %or_ln240"   --->   Operation 192 'or' 'or_ln779' <Predicate = true> <Delay = 0.00> <CoreInst = "LogicGate">   --->   Core 74 'LogicGate' <Latency = 0> <II = 1> <Delay = 0.28> <FuncUnit> <Opcode : 'and' 'or' 'xor'> <InPorts = 2> <OutPorts = 1>
ST_5 : Operation 193 [1/1] (0.00ns) (grouped into LUT with out node out_tmp_V_1)   --->   "%select_ln240 = select i1 %or_ln240, i8 0, i8 255" [../../../../../overlays/Vitis_Libraries/vision//L1/include/imgproc/xf_quantizationdithering.hpp:240]   --->   Operation 193 'select' 'select_ln240' <Predicate = true> <Delay = 0.00> <CoreInst = "Sel">   --->   Core 73 'Sel' <Latency = 0> <II = 1> <Delay = 0.17> <FuncUnit> <Opcode : 'select'> <InPorts = 3> <OutPorts = 1>
ST_5 : Operation 194 [1/1] (0.00ns) (grouped into LUT with out node out_tmp_V_1)   --->   "%or_ln240_3 = or i1 %or_ln240, i1 %or_ln779" [../../../../../overlays/Vitis_Libraries/vision//L1/include/imgproc/xf_quantizationdithering.hpp:240]   --->   Operation 194 'or' 'or_ln240_3' <Predicate = true> <Delay = 0.00> <CoreInst = "LogicGate">   --->   Core 74 'LogicGate' <Latency = 0> <II = 1> <Delay = 0.28> <FuncUnit> <Opcode : 'and' 'or' 'xor'> <InPorts = 2> <OutPorts = 1>
ST_5 : Operation 195 [1/1] (0.39ns) (out node of the LUT)   --->   "%out_tmp_V_1 = select i1 %or_ln240_3, i8 %select_ln240, i8 %out_tmp_V" [../../../../../overlays/Vitis_Libraries/vision//L1/include/imgproc/xf_quantizationdithering.hpp:240]   --->   Operation 195 'select' 'out_tmp_V_1' <Predicate = true> <Delay = 0.39> <CoreInst = "Sel">   --->   Core 73 'Sel' <Latency = 0> <II = 1> <Delay = 0.39> <FuncUnit> <Opcode : 'select'> <InPorts = 3> <OutPorts = 1>
ST_5 : Operation 196 [1/1] (0.00ns)   --->   "%sext_ln1494_4 = sext i3 %conv_i58_172_load"   --->   Operation 196 'sext' 'sext_ln1494_4' <Predicate = true> <Delay = 0.00>
ST_5 : Operation 197 [1/1] (0.00ns)   --->   "%zext_ln1495_3 = zext i1 %tmp_32"   --->   Operation 197 'zext' 'zext_ln1495_3' <Predicate = true> <Delay = 0.00>
ST_5 : Operation 198 [1/1] (0.77ns)   --->   "%add_ln212_1 = add i9 %tmp_s, i9 %zext_ln1495_3" [../../../../../overlays/Vitis_Libraries/vision//L1/include/imgproc/xf_quantizationdithering.hpp:212]   --->   Operation 198 'add' 'add_ln212_1' <Predicate = true> <Delay = 0.77> <CoreInst = "Adder">   --->   Core 1 'Adder' <Latency = 0> <II = 1> <Delay = 0.77> <FuncUnit> <Opcode : 'add' 'sub'> <InPorts = 2> <OutPorts = 1>
ST_5 : Operation 199 [1/1] (0.00ns)   --->   "%shl_ln221_2 = bitconcatenate i5 @_ssdm_op_BitConcatenate.i5.i3.i2, i3 %conv_i58_172_load, i2 0" [../../../../../overlays/Vitis_Libraries/vision//L1/include/imgproc/xf_quantizationdithering.hpp:221]   --->   Operation 199 'bitconcatenate' 'shl_ln221_2' <Predicate = true> <Delay = 0.00>
ST_5 : Operation 200 [1/1] (0.00ns)   --->   "%sext_ln221_6 = sext i5 %shl_ln221_2" [../../../../../overlays/Vitis_Libraries/vision//L1/include/imgproc/xf_quantizationdithering.hpp:221]   --->   Operation 200 'sext' 'sext_ln221_6' <Predicate = true> <Delay = 0.00>
ST_5 : Operation 201 [1/1] (0.00ns)   --->   "%sext_ln221_9 = sext i3 %p_load78" [../../../../../overlays/Vitis_Libraries/vision//L1/include/imgproc/xf_quantizationdithering.hpp:221]   --->   Operation 201 'sext' 'sext_ln221_9' <Predicate = true> <Delay = 0.00>
ST_5 : Operation 202 [1/1] (0.00ns)   --->   "%sext_ln221_7 = sext i3 %q_err_3rd_local_V_1" [../../../../../overlays/Vitis_Libraries/vision//L1/include/imgproc/xf_quantizationdithering.hpp:221]   --->   Operation 202 'sext' 'sext_ln221_7' <Predicate = true> <Delay = 0.00>
ST_5 : Operation 203 [1/1] (0.00ns)   --->   "%shl_ln221_3 = bitconcatenate i5 @_ssdm_op_BitConcatenate.i5.i1.i2.i2, i1 %p_Result_7, i2 %trunc_ln628_2, i2 0" [../../../../../overlays/Vitis_Libraries/vision//L1/include/imgproc/xf_quantizationdithering.hpp:221]   --->   Operation 203 'bitconcatenate' 'shl_ln221_3' <Predicate = true> <Delay = 0.00>
ST_5 : Operation 204 [1/1] (0.00ns)   --->   "%sext_ln221_8 = sext i5 %shl_ln221_3" [../../../../../overlays/Vitis_Libraries/vision//L1/include/imgproc/xf_quantizationdithering.hpp:221]   --->   Operation 204 'sext' 'sext_ln221_8' <Predicate = true> <Delay = 0.00>
ST_5 : Operation 205 [1/1] (0.78ns)   --->   "%add_ln221_3 = add i6 %sext_ln221_6, i6 %sext_ln1494_4" [../../../../../overlays/Vitis_Libraries/vision//L1/include/imgproc/xf_quantizationdithering.hpp:221]   --->   Operation 205 'add' 'add_ln221_3' <Predicate = true> <Delay = 0.78> <CoreInst = "Adder">   --->   Core 1 'Adder' <Latency = 0> <II = 1> <Delay = 0.78> <FuncUnit> <Opcode : 'add' 'sub'> <InPorts = 2> <OutPorts = 1>
ST_5 : Operation 206 [1/1] (0.00ns)   --->   "%sext_ln221_10 = sext i6 %add_ln221_3" [../../../../../overlays/Vitis_Libraries/vision//L1/include/imgproc/xf_quantizationdithering.hpp:221]   --->   Operation 206 'sext' 'sext_ln221_10' <Predicate = true> <Delay = 0.00>
ST_5 : Operation 207 [1/1] (0.00ns) (grouped into TernaryAdder)   --->   "%newFirst80 = add i6 %sext_ln221_8, i6 %sext_ln221_9" [../../../../../overlays/Vitis_Libraries/vision//L1/include/imgproc/xf_quantizationdithering.hpp:221]   --->   Operation 207 'add' 'newFirst80' <Predicate = true> <Delay = 0.00> <CoreInst = "TAddSub">   --->   Core 10 'TAddSub' <Latency = 0> <II = 1> <Delay = 0.38> <IPBlock> <Opcode : 'add' 'sub'> <InPorts = 3> <OutPorts = 1> <Sync> <CReg>
ST_5 : Operation 208 [1/1] (0.76ns) (root node of TernaryAdder)   --->   "%newSecond81 = sub i6 %newFirst80, i6 %sext_ln221_7" [../../../../../overlays/Vitis_Libraries/vision//L1/include/imgproc/xf_quantizationdithering.hpp:221]   --->   Operation 208 'sub' 'newSecond81' <Predicate = true> <Delay = 0.76> <CoreInst = "TAddSub">   --->   Core 10 'TAddSub' <Latency = 0> <II = 1> <Delay = 0.38> <IPBlock> <Opcode : 'add' 'sub'> <InPorts = 3> <OutPorts = 1> <Sync> <CReg>
ST_5 : Operation 209 [1/1] (0.00ns)   --->   "%sext_ln221_11 = sext i6 %newSecond81" [../../../../../overlays/Vitis_Libraries/vision//L1/include/imgproc/xf_quantizationdithering.hpp:221]   --->   Operation 209 'sext' 'sext_ln221_11' <Predicate = true> <Delay = 0.00>
ST_5 : Operation 210 [1/1] (0.78ns)   --->   "%sum_tmp_V_1 = add i7 %sext_ln221_11, i7 %sext_ln221_10" [../../../../../overlays/Vitis_Libraries/vision//L1/include/imgproc/xf_quantizationdithering.hpp:221]   --->   Operation 210 'add' 'sum_tmp_V_1' <Predicate = true> <Delay = 0.78> <CoreInst = "Adder">   --->   Core 1 'Adder' <Latency = 0> <II = 1> <Delay = 0.77> <FuncUnit> <Opcode : 'add' 'sub'> <InPorts = 2> <OutPorts = 1>
ST_5 : Operation 211 [1/1] (0.00ns)   --->   "%tmp_33 = partselect i3 @_ssdm_op_PartSelect.i3.i7.i32.i32, i7 %sum_tmp_V_1, i32 4, i32 6"   --->   Operation 211 'partselect' 'tmp_33' <Predicate = true> <Delay = 0.00>
ST_5 : Operation 212 [1/1] (0.00ns)   --->   "%sext_ln628_1 = sext i3 %tmp_33"   --->   Operation 212 'sext' 'sext_ln628_1' <Predicate = true> <Delay = 0.00>
ST_5 : Operation 213 [1/1] (0.00ns)   --->   "%p_0_0_0452_132_load = load i9 %p_0_0_0452_132" [../../../../../overlays/Vitis_Libraries/vision//L1/include/imgproc/xf_quantizationdithering.hpp:224]   --->   Operation 213 'load' 'p_0_0_0452_132_load' <Predicate = (cmp221)> <Delay = 0.00>
ST_5 : Operation 214 [1/1] (0.00ns)   --->   "%offset_buffer_V_1_addr_1 = getelementptr i9 %offset_buffer_V_1, i64 0, i64 %idxprom233" [../../../../../overlays/Vitis_Libraries/vision//L1/include/imgproc/xf_quantizationdithering.hpp:224]   --->   Operation 214 'getelementptr' 'offset_buffer_V_1_addr_1' <Predicate = (cmp221)> <Delay = 0.00>
ST_5 : Operation 215 [1/1] (1.23ns)   --->   "%store_ln224 = store i9 %p_0_0_0452_132_load, i11 %offset_buffer_V_1_addr_1" [../../../../../overlays/Vitis_Libraries/vision//L1/include/imgproc/xf_quantizationdithering.hpp:224]   --->   Operation 215 'store' 'store_ln224' <Predicate = (cmp221)> <Delay = 1.23> <CoreInst = "RAM">   --->   Core 83 'RAM' <Latency = 1> <II = 1> <Delay = 1.23> <Storage> <Opcode : 'load' 'store'> <Ports = 2> <Width = 9> <Depth = 1920> <RAM>
ST_5 : Operation 216 [1/1] (0.00ns)   --->   "%br_ln224 = br void %if.end235.1_ifconv" [../../../../../overlays/Vitis_Libraries/vision//L1/include/imgproc/xf_quantizationdithering.hpp:224]   --->   Operation 216 'br' 'br_ln224' <Predicate = (cmp221)> <Delay = 0.00>
ST_5 : Operation 217 [1/1] (0.00ns)   --->   "%p_Result_9 = bitselect i1 @_ssdm_op_BitSelect.i1.i10.i32, i10 %p_Val2_8, i32 9"   --->   Operation 217 'bitselect' 'p_Result_9' <Predicate = true> <Delay = 0.00>
ST_5 : Operation 218 [1/1] (0.28ns)   --->   "%or_ln240_1 = or i1 %cmp239, i1 %p_Result_9" [../../../../../overlays/Vitis_Libraries/vision//L1/include/imgproc/xf_quantizationdithering.hpp:240]   --->   Operation 218 'or' 'or_ln240_1' <Predicate = true> <Delay = 0.28> <CoreInst = "LogicGate">   --->   Core 74 'LogicGate' <Latency = 0> <II = 1> <Delay = 0.28> <FuncUnit> <Opcode : 'and' 'or' 'xor'> <InPorts = 2> <OutPorts = 1>
ST_5 : Operation 219 [1/1] (0.00ns) (grouped into LUT with out node out_tmp_V_3)   --->   "%tmp_35 = bitselect i1 @_ssdm_op_BitSelect.i1.i9.i32, i9 %add_ln212_1, i32 8"   --->   Operation 219 'bitselect' 'tmp_35' <Predicate = true> <Delay = 0.00>
ST_5 : Operation 220 [1/1] (0.00ns) (grouped into LUT with out node out_tmp_V_3)   --->   "%out_tmp_V_2 = trunc i10 %p_Val2_8"   --->   Operation 220 'trunc' 'out_tmp_V_2' <Predicate = true> <Delay = 0.00>
ST_5 : Operation 221 [1/1] (0.00ns) (grouped into LUT with out node out_tmp_V_3)   --->   "%or_ln779_1 = or i1 %tmp_35, i1 %or_ln240_1"   --->   Operation 221 'or' 'or_ln779_1' <Predicate = true> <Delay = 0.00> <CoreInst = "LogicGate">   --->   Core 74 'LogicGate' <Latency = 0> <II = 1> <Delay = 0.28> <FuncUnit> <Opcode : 'and' 'or' 'xor'> <InPorts = 2> <OutPorts = 1>
ST_5 : Operation 222 [1/1] (0.00ns) (grouped into LUT with out node out_tmp_V_3)   --->   "%select_ln240_2 = select i1 %or_ln240_1, i8 0, i8 255" [../../../../../overlays/Vitis_Libraries/vision//L1/include/imgproc/xf_quantizationdithering.hpp:240]   --->   Operation 222 'select' 'select_ln240_2' <Predicate = true> <Delay = 0.00> <CoreInst = "Sel">   --->   Core 73 'Sel' <Latency = 0> <II = 1> <Delay = 0.17> <FuncUnit> <Opcode : 'select'> <InPorts = 3> <OutPorts = 1>
ST_5 : Operation 223 [1/1] (0.00ns) (grouped into LUT with out node out_tmp_V_3)   --->   "%or_ln240_4 = or i1 %or_ln240_1, i1 %or_ln779_1" [../../../../../overlays/Vitis_Libraries/vision//L1/include/imgproc/xf_quantizationdithering.hpp:240]   --->   Operation 223 'or' 'or_ln240_4' <Predicate = true> <Delay = 0.00> <CoreInst = "LogicGate">   --->   Core 74 'LogicGate' <Latency = 0> <II = 1> <Delay = 0.28> <FuncUnit> <Opcode : 'and' 'or' 'xor'> <InPorts = 2> <OutPorts = 1>
ST_5 : Operation 224 [1/1] (0.39ns) (out node of the LUT)   --->   "%out_tmp_V_3 = select i1 %or_ln240_4, i8 %select_ln240_2, i8 %out_tmp_V_2" [../../../../../overlays/Vitis_Libraries/vision//L1/include/imgproc/xf_quantizationdithering.hpp:240]   --->   Operation 224 'select' 'out_tmp_V_3' <Predicate = true> <Delay = 0.39> <CoreInst = "Sel">   --->   Core 73 'Sel' <Latency = 0> <II = 1> <Delay = 0.39> <FuncUnit> <Opcode : 'select'> <InPorts = 3> <OutPorts = 1>
ST_5 : Operation 225 [1/1] (0.00ns)   --->   "%sext_ln1494_5 = sext i3 %conv_i58_274_load"   --->   Operation 225 'sext' 'sext_ln1494_5' <Predicate = true> <Delay = 0.00>
ST_5 : Operation 226 [1/1] (0.00ns)   --->   "%zext_ln1495_5 = zext i1 %tmp_38"   --->   Operation 226 'zext' 'zext_ln1495_5' <Predicate = true> <Delay = 0.00>
ST_5 : Operation 227 [1/1] (0.77ns)   --->   "%add_ln212_2 = add i9 %tmp_8, i9 %zext_ln1495_5" [../../../../../overlays/Vitis_Libraries/vision//L1/include/imgproc/xf_quantizationdithering.hpp:212]   --->   Operation 227 'add' 'add_ln212_2' <Predicate = true> <Delay = 0.77> <CoreInst = "Adder">   --->   Core 1 'Adder' <Latency = 0> <II = 1> <Delay = 0.77> <FuncUnit> <Opcode : 'add' 'sub'> <InPorts = 2> <OutPorts = 1>
ST_5 : Operation 228 [1/1] (0.00ns)   --->   "%shl_ln221_4 = bitconcatenate i5 @_ssdm_op_BitConcatenate.i5.i3.i2, i3 %conv_i58_274_load, i2 0" [../../../../../overlays/Vitis_Libraries/vision//L1/include/imgproc/xf_quantizationdithering.hpp:221]   --->   Operation 228 'bitconcatenate' 'shl_ln221_4' <Predicate = true> <Delay = 0.00>
ST_5 : Operation 229 [1/1] (0.00ns)   --->   "%sext_ln221_14 = sext i5 %shl_ln221_4" [../../../../../overlays/Vitis_Libraries/vision//L1/include/imgproc/xf_quantizationdithering.hpp:221]   --->   Operation 229 'sext' 'sext_ln221_14' <Predicate = true> <Delay = 0.00>
ST_5 : Operation 230 [1/1] (0.00ns)   --->   "%sext_ln221_15 = sext i3 %p_load" [../../../../../overlays/Vitis_Libraries/vision//L1/include/imgproc/xf_quantizationdithering.hpp:221]   --->   Operation 230 'sext' 'sext_ln221_15' <Predicate = true> <Delay = 0.00>
ST_5 : Operation 231 [1/1] (0.00ns)   --->   "%sext_ln221_12 = sext i3 %q_err_3rd_local_V_2" [../../../../../overlays/Vitis_Libraries/vision//L1/include/imgproc/xf_quantizationdithering.hpp:221]   --->   Operation 231 'sext' 'sext_ln221_12' <Predicate = true> <Delay = 0.00>
ST_5 : Operation 232 [1/1] (0.00ns)   --->   "%shl_ln221_5 = bitconcatenate i5 @_ssdm_op_BitConcatenate.i5.i1.i2.i2, i1 %p_Result_10, i2 %trunc_ln628_4, i2 0" [../../../../../overlays/Vitis_Libraries/vision//L1/include/imgproc/xf_quantizationdithering.hpp:221]   --->   Operation 232 'bitconcatenate' 'shl_ln221_5' <Predicate = true> <Delay = 0.00>
ST_5 : Operation 233 [1/1] (0.00ns)   --->   "%sext_ln221_13 = sext i5 %shl_ln221_5" [../../../../../overlays/Vitis_Libraries/vision//L1/include/imgproc/xf_quantizationdithering.hpp:221]   --->   Operation 233 'sext' 'sext_ln221_13' <Predicate = true> <Delay = 0.00>
ST_5 : Operation 234 [1/1] (0.78ns)   --->   "%add_ln221_5 = add i6 %sext_ln221_14, i6 %sext_ln1494_5" [../../../../../overlays/Vitis_Libraries/vision//L1/include/imgproc/xf_quantizationdithering.hpp:221]   --->   Operation 234 'add' 'add_ln221_5' <Predicate = true> <Delay = 0.78> <CoreInst = "Adder">   --->   Core 1 'Adder' <Latency = 0> <II = 1> <Delay = 0.78> <FuncUnit> <Opcode : 'add' 'sub'> <InPorts = 2> <OutPorts = 1>
ST_5 : Operation 235 [1/1] (0.00ns)   --->   "%sext_ln221_16 = sext i6 %add_ln221_5" [../../../../../overlays/Vitis_Libraries/vision//L1/include/imgproc/xf_quantizationdithering.hpp:221]   --->   Operation 235 'sext' 'sext_ln221_16' <Predicate = true> <Delay = 0.00>
ST_5 : Operation 236 [1/1] (0.00ns) (grouped into TernaryAdder)   --->   "%newFirst = add i6 %sext_ln221_13, i6 %sext_ln221_15" [../../../../../overlays/Vitis_Libraries/vision//L1/include/imgproc/xf_quantizationdithering.hpp:221]   --->   Operation 236 'add' 'newFirst' <Predicate = true> <Delay = 0.00> <CoreInst = "TAddSub">   --->   Core 10 'TAddSub' <Latency = 0> <II = 1> <Delay = 0.38> <IPBlock> <Opcode : 'add' 'sub'> <InPorts = 3> <OutPorts = 1> <Sync> <CReg>
ST_5 : Operation 237 [1/1] (0.76ns) (root node of TernaryAdder)   --->   "%newSecond = sub i6 %newFirst, i6 %sext_ln221_12" [../../../../../overlays/Vitis_Libraries/vision//L1/include/imgproc/xf_quantizationdithering.hpp:221]   --->   Operation 237 'sub' 'newSecond' <Predicate = true> <Delay = 0.76> <CoreInst = "TAddSub">   --->   Core 10 'TAddSub' <Latency = 0> <II = 1> <Delay = 0.38> <IPBlock> <Opcode : 'add' 'sub'> <InPorts = 3> <OutPorts = 1> <Sync> <CReg>
ST_5 : Operation 238 [1/1] (0.00ns)   --->   "%sext_ln221_17 = sext i6 %newSecond" [../../../../../overlays/Vitis_Libraries/vision//L1/include/imgproc/xf_quantizationdithering.hpp:221]   --->   Operation 238 'sext' 'sext_ln221_17' <Predicate = true> <Delay = 0.00>
ST_5 : Operation 239 [1/1] (0.78ns)   --->   "%sum_tmp_V = add i7 %sext_ln221_17, i7 %sext_ln221_16" [../../../../../overlays/Vitis_Libraries/vision//L1/include/imgproc/xf_quantizationdithering.hpp:221]   --->   Operation 239 'add' 'sum_tmp_V' <Predicate = true> <Delay = 0.78> <CoreInst = "Adder">   --->   Core 1 'Adder' <Latency = 0> <II = 1> <Delay = 0.77> <FuncUnit> <Opcode : 'add' 'sub'> <InPorts = 2> <OutPorts = 1>
ST_5 : Operation 240 [1/1] (0.00ns)   --->   "%tmp_39 = partselect i3 @_ssdm_op_PartSelect.i3.i7.i32.i32, i7 %sum_tmp_V, i32 4, i32 6"   --->   Operation 240 'partselect' 'tmp_39' <Predicate = true> <Delay = 0.00>
ST_5 : Operation 241 [1/1] (0.00ns)   --->   "%sext_ln628_2 = sext i3 %tmp_39"   --->   Operation 241 'sext' 'sext_ln628_2' <Predicate = true> <Delay = 0.00>
ST_5 : Operation 242 [1/1] (0.00ns)   --->   "%p_0_0_0452_236_load = load i9 %p_0_0_0452_236" [../../../../../overlays/Vitis_Libraries/vision//L1/include/imgproc/xf_quantizationdithering.hpp:224]   --->   Operation 242 'load' 'p_0_0_0452_236_load' <Predicate = (cmp221)> <Delay = 0.00>
ST_5 : Operation 243 [1/1] (0.00ns)   --->   "%offset_buffer_V_2_addr_1 = getelementptr i9 %offset_buffer_V_2, i64 0, i64 %idxprom233" [../../../../../overlays/Vitis_Libraries/vision//L1/include/imgproc/xf_quantizationdithering.hpp:224]   --->   Operation 243 'getelementptr' 'offset_buffer_V_2_addr_1' <Predicate = (cmp221)> <Delay = 0.00>
ST_5 : Operation 244 [1/1] (1.23ns)   --->   "%store_ln224 = store i9 %p_0_0_0452_236_load, i11 %offset_buffer_V_2_addr_1" [../../../../../overlays/Vitis_Libraries/vision//L1/include/imgproc/xf_quantizationdithering.hpp:224]   --->   Operation 244 'store' 'store_ln224' <Predicate = (cmp221)> <Delay = 1.23> <CoreInst = "RAM">   --->   Core 83 'RAM' <Latency = 1> <II = 1> <Delay = 1.23> <Storage> <Opcode : 'load' 'store'> <Ports = 2> <Width = 9> <Depth = 1920> <RAM>
ST_5 : Operation 245 [1/1] (0.00ns)   --->   "%br_ln224 = br void %if.end235.2_ifconv" [../../../../../overlays/Vitis_Libraries/vision//L1/include/imgproc/xf_quantizationdithering.hpp:224]   --->   Operation 245 'br' 'br_ln224' <Predicate = (cmp221)> <Delay = 0.00>
ST_5 : Operation 246 [1/1] (0.00ns)   --->   "%p_Result_12 = bitselect i1 @_ssdm_op_BitSelect.i1.i10.i32, i10 %p_Val2_12, i32 9"   --->   Operation 246 'bitselect' 'p_Result_12' <Predicate = true> <Delay = 0.00>
ST_5 : Operation 247 [1/1] (0.28ns)   --->   "%or_ln240_2 = or i1 %cmp239, i1 %p_Result_12" [../../../../../overlays/Vitis_Libraries/vision//L1/include/imgproc/xf_quantizationdithering.hpp:240]   --->   Operation 247 'or' 'or_ln240_2' <Predicate = true> <Delay = 0.28> <CoreInst = "LogicGate">   --->   Core 74 'LogicGate' <Latency = 0> <II = 1> <Delay = 0.28> <FuncUnit> <Opcode : 'and' 'or' 'xor'> <InPorts = 2> <OutPorts = 1>
ST_5 : Operation 248 [1/1] (0.00ns) (grouped into LUT with out node out_tmp_V_5)   --->   "%tmp_41 = bitselect i1 @_ssdm_op_BitSelect.i1.i9.i32, i9 %add_ln212_2, i32 8"   --->   Operation 248 'bitselect' 'tmp_41' <Predicate = true> <Delay = 0.00>
ST_5 : Operation 249 [1/1] (0.00ns) (grouped into LUT with out node out_tmp_V_5)   --->   "%out_tmp_V_4 = trunc i10 %p_Val2_12"   --->   Operation 249 'trunc' 'out_tmp_V_4' <Predicate = true> <Delay = 0.00>
ST_5 : Operation 250 [1/1] (0.00ns) (grouped into LUT with out node out_tmp_V_5)   --->   "%or_ln779_2 = or i1 %tmp_41, i1 %or_ln240_2"   --->   Operation 250 'or' 'or_ln779_2' <Predicate = true> <Delay = 0.00> <CoreInst = "LogicGate">   --->   Core 74 'LogicGate' <Latency = 0> <II = 1> <Delay = 0.28> <FuncUnit> <Opcode : 'and' 'or' 'xor'> <InPorts = 2> <OutPorts = 1>
ST_5 : Operation 251 [1/1] (0.00ns) (grouped into LUT with out node out_tmp_V_5)   --->   "%select_ln240_4 = select i1 %or_ln240_2, i8 0, i8 255" [../../../../../overlays/Vitis_Libraries/vision//L1/include/imgproc/xf_quantizationdithering.hpp:240]   --->   Operation 251 'select' 'select_ln240_4' <Predicate = true> <Delay = 0.00> <CoreInst = "Sel">   --->   Core 73 'Sel' <Latency = 0> <II = 1> <Delay = 0.17> <FuncUnit> <Opcode : 'select'> <InPorts = 3> <OutPorts = 1>
ST_5 : Operation 252 [1/1] (0.00ns) (grouped into LUT with out node out_tmp_V_5)   --->   "%or_ln240_5 = or i1 %or_ln240_2, i1 %or_ln779_2" [../../../../../overlays/Vitis_Libraries/vision//L1/include/imgproc/xf_quantizationdithering.hpp:240]   --->   Operation 252 'or' 'or_ln240_5' <Predicate = true> <Delay = 0.00> <CoreInst = "LogicGate">   --->   Core 74 'LogicGate' <Latency = 0> <II = 1> <Delay = 0.28> <FuncUnit> <Opcode : 'and' 'or' 'xor'> <InPorts = 2> <OutPorts = 1>
ST_5 : Operation 253 [1/1] (0.39ns) (out node of the LUT)   --->   "%out_tmp_V_5 = select i1 %or_ln240_5, i8 %select_ln240_4, i8 %out_tmp_V_4" [../../../../../overlays/Vitis_Libraries/vision//L1/include/imgproc/xf_quantizationdithering.hpp:240]   --->   Operation 253 'select' 'out_tmp_V_5' <Predicate = true> <Delay = 0.39> <CoreInst = "Sel">   --->   Core 73 'Sel' <Latency = 0> <II = 1> <Delay = 0.39> <FuncUnit> <Opcode : 'select'> <InPorts = 3> <OutPorts = 1>
ST_5 : Operation 254 [1/1] (0.00ns)   --->   "%p_Result_14 = bitconcatenate i24 @_ssdm_op_BitConcatenate.i24.i8.i8.i8, i8 %out_tmp_V_5, i8 %out_tmp_V_3, i8 %out_tmp_V_1"   --->   Operation 254 'bitconcatenate' 'p_Result_14' <Predicate = true> <Delay = 0.00>
ST_5 : Operation 255 [1/1] (1.20ns)   --->   "%write_ln553 = write void @_ssdm_op_Write.ap_fifo.volatile.i24P0A, i24 %aecin_data220, i24 %p_Result_14" [../../../../../overlays/Vitis_Libraries/vision//L1/include/common/xf_structs.hpp:553]   --->   Operation 255 'write' 'write_ln553' <Predicate = (icmp_ln187)> <Delay = 1.20> <CoreInst = "FIFO_SRL">   --->   Core 81 'FIFO_SRL' <Latency = 0> <II = 1> <Delay = 1.83> <Storage> <Opcode : 'read' 'write' 'nbread' 'nbwrite'> <Ports = 0> <Width = 24> <Depth = 3> <FIFO>
ST_5 : Operation 256 [1/1] (0.00ns)   --->   "%br_ln256 = br void %for.inc331" [../../../../../overlays/Vitis_Libraries/vision//L1/include/imgproc/xf_quantizationdithering.hpp:256]   --->   Operation 256 'br' 'br_ln256' <Predicate = (icmp_ln187)> <Delay = 0.00>
ST_5 : Operation 257 [1/1] (0.00ns)   --->   "%store_ln178 = store i9 %sext_ln628_2, i9 %p_0_0_0452_236" [../../../../../overlays/Vitis_Libraries/vision//L1/include/imgproc/xf_quantizationdithering.hpp:178]   --->   Operation 257 'store' 'store_ln178' <Predicate = true> <Delay = 0.00>
ST_5 : Operation 258 [1/1] (0.00ns)   --->   "%store_ln178 = store i9 %sext_ln628_1, i9 %p_0_0_0452_132" [../../../../../overlays/Vitis_Libraries/vision//L1/include/imgproc/xf_quantizationdithering.hpp:178]   --->   Operation 258 'store' 'store_ln178' <Predicate = true> <Delay = 0.00>
ST_5 : Operation 259 [1/1] (0.00ns)   --->   "%store_ln178 = store i9 %sext_ln628, i9 %p_0_0_045228" [../../../../../overlays/Vitis_Libraries/vision//L1/include/imgproc/xf_quantizationdithering.hpp:178]   --->   Operation 259 'store' 'store_ln178' <Predicate = true> <Delay = 0.00>
ST_5 : Operation 260 [1/1] (0.00ns)   --->   "%br_ln178 = br void %for.body147" [../../../../../overlays/Vitis_Libraries/vision//L1/include/imgproc/xf_quantizationdithering.hpp:178]   --->   Operation 260 'br' 'br_ln178' <Predicate = true> <Delay = 0.00>


============================================================
+ Verbose Summary: Binding
============================================================
STG Binding: 
---------------- STG Properties BEGIN ----------------
- Is combinational: 0
- Is one-state seq: 0
- Is datapath-only: 0
- Is pipelined: 0
- Is top level: 0
Port [ Return ] is wired: 1; IO mode=ap_ctrl_hs:ce=0
Port [ in_col_loop_bound]:  wired=1; compound=0; hidden=0; nouse=0; global=0; static=0; extern=0; dir=0; type=0; pingpong=0; private_global=0; IO mode=ap_none:ce=0
Port [ bound]:  wired=1; compound=0; hidden=0; nouse=0; global=0; static=0; extern=0; dir=0; type=0; pingpong=0; private_global=0; IO mode=ap_none:ce=0
Port [ aecin_data220]:  wired=1; compound=1; hidden=0; nouse=0; global=0; static=0; extern=0; dir=1; type=3; pingpong=0; private_global=0; IO mode=ap_fifo:ce=0
Port [ offset_buffer_V_2]:  wired=1; compound=1; hidden=0; nouse=0; global=0; static=0; extern=0; dir=2; type=1; pingpong=0; private_global=0; MemPort=[01]; IO mode=ap_memory:ce=0
Port [ offset_buffer_V_1]:  wired=1; compound=1; hidden=0; nouse=0; global=0; static=0; extern=0; dir=2; type=1; pingpong=0; private_global=0; MemPort=[01]; IO mode=ap_memory:ce=0
Port [ sub238]:  wired=1; compound=0; hidden=0; nouse=0; global=0; static=0; extern=0; dir=0; type=0; pingpong=0; private_global=0; IO mode=ap_none:ce=0
Port [ offset_buffer_V]:  wired=1; compound=1; hidden=0; nouse=0; global=0; static=0; extern=0; dir=2; type=1; pingpong=0; private_global=0; MemPort=[01]; IO mode=ap_memory:ce=0
Port [ p_read1]:  wired=1; compound=0; hidden=0; nouse=0; global=0; static=0; extern=0; dir=0; type=0; pingpong=0; private_global=0; IO mode=ap_none:ce=0
Port [ lsc_out_data218]:  wired=1; compound=1; hidden=0; nouse=0; global=0; static=0; extern=0; dir=0; type=3; pingpong=0; private_global=0; IO mode=ap_fifo:ce=0
---------------- STG Properties END ------------------

---------------- Datapath Model BEGIN ----------------

<LifeTime>
<method=bitvector/>
empty                    (alloca           ) [ 011110]
p_0_0_045228             (alloca           ) [ 011111]
empty_104                (alloca           ) [ 011110]
p_0_0_0452_132           (alloca           ) [ 011111]
empty_105                (alloca           ) [ 011110]
p_0_0_0452_236           (alloca           ) [ 011111]
conv_i5870               (alloca           ) [ 011110]
conv_i58_172             (alloca           ) [ 011110]
conv_i58_274             (alloca           ) [ 011110]
col_index_1              (alloca           ) [ 011000]
indvar_flatten           (alloca           ) [ 011000]
specinterface_ln0        (specinterface    ) [ 000000]
specinterface_ln0        (specinterface    ) [ 000000]
p_read                   (read             ) [ 011000]
sub238_read              (read             ) [ 011100]
bound_read               (read             ) [ 011000]
in_col_loop_bound_read   (read             ) [ 011000]
store_ln0                (store            ) [ 000000]
store_ln0                (store            ) [ 000000]
store_ln0                (store            ) [ 000000]
store_ln0                (store            ) [ 000000]
store_ln0                (store            ) [ 000000]
store_ln0                (store            ) [ 000000]
store_ln0                (store            ) [ 000000]
store_ln0                (store            ) [ 000000]
br_ln0                   (br               ) [ 000000]
col_index                (load             ) [ 000000]
indvar_flatten_load      (load             ) [ 000000]
zext_ln178_1             (zext             ) [ 000000]
icmp_ln178               (icmp             ) [ 000000]
icmp_ln173               (icmp             ) [ 011111]
add_ln173                (add              ) [ 000000]
br_ln173                 (br               ) [ 000000]
select_ln173             (select           ) [ 010100]
zext_ln178_2             (zext             ) [ 000000]
zext_ln178               (zext             ) [ 000000]
trunc_ln187              (trunc            ) [ 010111]
icmp_ln187               (icmp             ) [ 011111]
br_ln187                 (br               ) [ 011110]
offset_buffer_V_addr     (getelementptr    ) [ 010100]
offset_buffer_V_1_addr   (getelementptr    ) [ 010100]
offset_buffer_V_2_addr   (getelementptr    ) [ 010100]
br_ln256                 (br               ) [ 000000]
add_ln178                (add              ) [ 000000]
store_ln178              (store            ) [ 000000]
store_ln178              (store            ) [ 000000]
specloopname_ln0         (specloopname     ) [ 000000]
speclooptripcount_ln0    (speclooptripcount) [ 000000]
specpipeline_ln181       (specpipeline     ) [ 000000]
specloopname_ln178       (specloopname     ) [ 000000]
zext_ln187               (zext             ) [ 000000]
read_word_V              (read             ) [ 011110]
br_ln187                 (br               ) [ 011110]
cmp221                   (icmp             ) [ 010011]
cmp239                   (icmp             ) [ 010011]
offset_buffer_V_load     (load             ) [ 010010]
trunc_ln209_2            (trunc            ) [ 010010]
br_ln224                 (br               ) [ 000000]
offset_buffer_V_1_load   (load             ) [ 010010]
trunc_ln209_5            (trunc            ) [ 010010]
br_ln224                 (br               ) [ 000000]
offset_buffer_V_2_load   (load             ) [ 010010]
trunc_ln209_8            (trunc            ) [ 010010]
br_ln224                 (br               ) [ 000000]
p_Val2_s                 (phi              ) [ 010010]
p_load79                 (load             ) [ 010001]
conv_i5870_load          (load             ) [ 010001]
in_pixel                 (trunc            ) [ 000000]
sext_ln1494              (sext             ) [ 000000]
tmp_24                   (bitconcatenate   ) [ 000000]
sext_ln205               (sext             ) [ 000000]
q_2nd_err_scale7_2       (sub              ) [ 000000]
q_2nd_err_scale7by16_V   (partselect       ) [ 000000]
sext_ln209               (sext             ) [ 000000]
zext_ln209               (zext             ) [ 000000]
sext_ln209_1             (sext             ) [ 000000]
trunc_ln209              (trunc            ) [ 000000]
trunc_ln209_1            (partselect       ) [ 000000]
add_ln209                (add              ) [ 000000]
quatizer_in_V_2          (add              ) [ 000000]
add_ln208                (add              ) [ 000000]
add_ln208_1              (add              ) [ 000000]
lhs_V                    (partselect       ) [ 000000]
p_Result_s               (bitselect        ) [ 010001]
tmp_26                   (bitselect        ) [ 010001]
zext_ln1495              (zext             ) [ 000000]
tmp                      (partselect       ) [ 010001]
p_Val2_4                 (add              ) [ 010001]
trunc_ln628              (trunc            ) [ 010001]
q_err_3rd_local_V        (bitconcatenate   ) [ 010001]
p_load78                 (load             ) [ 010001]
conv_i5870_load_1        (load             ) [ 000000]
conv_i58_172_load        (load             ) [ 010001]
select_ln226             (select           ) [ 000000]
select_ln226_1           (select           ) [ 000000]
in_pixel_1               (partselect       ) [ 000000]
sext_ln1494_1            (sext             ) [ 000000]
tmp_30                   (bitconcatenate   ) [ 000000]
sext_ln205_1             (sext             ) [ 000000]
q_2nd_err_scale7_1       (sub              ) [ 000000]
q_2nd_err_scale7by16_V_1 (partselect       ) [ 000000]
sext_ln209_2             (sext             ) [ 000000]
zext_ln209_1             (zext             ) [ 000000]
sext_ln209_3             (sext             ) [ 000000]
trunc_ln209_3            (partselect       ) [ 000000]
trunc_ln209_4            (partselect       ) [ 000000]
add_ln209_2              (add              ) [ 000000]
quatizer_in_V_1          (add              ) [ 000000]
add_ln208_2              (add              ) [ 000000]
add_ln208_3              (add              ) [ 000000]
lhs_V_6                  (partselect       ) [ 000000]
p_Result_7               (bitselect        ) [ 010001]
tmp_32                   (bitselect        ) [ 010001]
zext_ln1495_2            (zext             ) [ 000000]
tmp_s                    (partselect       ) [ 010001]
p_Val2_8                 (add              ) [ 010001]
trunc_ln628_2            (trunc            ) [ 010001]
q_err_3rd_local_V_1      (bitconcatenate   ) [ 010001]
p_load                   (load             ) [ 010001]
conv_i58_172_load_1      (load             ) [ 000000]
conv_i58_274_load        (load             ) [ 010001]
select_ln226_2           (select           ) [ 000000]
select_ln226_3           (select           ) [ 000000]
in_pixel_2               (partselect       ) [ 000000]
sext_ln1494_2            (sext             ) [ 000000]
tmp_36                   (bitconcatenate   ) [ 000000]
sext_ln205_2             (sext             ) [ 000000]
q_2nd_err_scale7         (sub              ) [ 000000]
q_2nd_err_scale7by16_V_2 (partselect       ) [ 000000]
sext_ln209_4             (sext             ) [ 000000]
zext_ln209_2             (zext             ) [ 000000]
sext_ln209_5             (sext             ) [ 000000]
trunc_ln209_6            (partselect       ) [ 000000]
trunc_ln209_7            (partselect       ) [ 000000]
add_ln209_4              (add              ) [ 000000]
quatizer_in_V            (add              ) [ 000000]
add_ln208_4              (add              ) [ 000000]
add_ln208_5              (add              ) [ 000000]
lhs_V_7                  (partselect       ) [ 000000]
p_Result_10              (bitselect        ) [ 010001]
tmp_38                   (bitselect        ) [ 010001]
zext_ln1495_4            (zext             ) [ 000000]
tmp_8                    (partselect       ) [ 010001]
p_Val2_12                (add              ) [ 010001]
trunc_ln628_4            (trunc            ) [ 010001]
q_err_3rd_local_V_2      (bitconcatenate   ) [ 010001]
conv_i58_274_load_1      (load             ) [ 000000]
select_ln226_4           (select           ) [ 000000]
select_ln226_5           (select           ) [ 000000]
store_ln178              (store            ) [ 000000]
store_ln178              (store            ) [ 000000]
store_ln178              (store            ) [ 000000]
store_ln178              (store            ) [ 000000]
store_ln178              (store            ) [ 000000]
store_ln178              (store            ) [ 000000]
sub232                   (add              ) [ 000000]
idxprom233               (zext             ) [ 000000]
sext_ln1494_3            (sext             ) [ 000000]
zext_ln1495_1            (zext             ) [ 000000]
add_ln212                (add              ) [ 000000]
shl_ln1                  (bitconcatenate   ) [ 000000]
sext_ln221               (sext             ) [ 000000]
sext_ln221_1             (sext             ) [ 000000]
sext_ln221_2             (sext             ) [ 000000]
shl_ln221_1              (bitconcatenate   ) [ 000000]
sext_ln221_3             (sext             ) [ 000000]
sub_ln221                (sub              ) [ 000000]
add_ln221                (add              ) [ 000000]
sext_ln221_4             (sext             ) [ 000000]
add_ln221_1              (add              ) [ 000000]
sext_ln221_5             (sext             ) [ 000000]
sum_tmp_V_2              (add              ) [ 000000]
tmp_27                   (partselect       ) [ 000000]
sext_ln628               (sext             ) [ 000000]
p_0_0_045228_load        (load             ) [ 000000]
offset_buffer_V_addr_1   (getelementptr    ) [ 000000]
store_ln224              (store            ) [ 000000]
br_ln224                 (br               ) [ 000000]
p_Result_6               (bitselect        ) [ 000000]
or_ln240                 (or               ) [ 000000]
tmp_29                   (bitselect        ) [ 000000]
out_tmp_V                (trunc            ) [ 000000]
or_ln779                 (or               ) [ 000000]
select_ln240             (select           ) [ 000000]
or_ln240_3               (or               ) [ 000000]
out_tmp_V_1              (select           ) [ 000000]
sext_ln1494_4            (sext             ) [ 000000]
zext_ln1495_3            (zext             ) [ 000000]
add_ln212_1              (add              ) [ 000000]
shl_ln221_2              (bitconcatenate   ) [ 000000]
sext_ln221_6             (sext             ) [ 000000]
sext_ln221_9             (sext             ) [ 000000]
sext_ln221_7             (sext             ) [ 000000]
shl_ln221_3              (bitconcatenate   ) [ 000000]
sext_ln221_8             (sext             ) [ 000000]
add_ln221_3              (add              ) [ 000000]
sext_ln221_10            (sext             ) [ 000000]
newFirst80               (add              ) [ 000000]
newSecond81              (sub              ) [ 000000]
sext_ln221_11            (sext             ) [ 000000]
sum_tmp_V_1              (add              ) [ 000000]
tmp_33                   (partselect       ) [ 000000]
sext_ln628_1             (sext             ) [ 000000]
p_0_0_0452_132_load      (load             ) [ 000000]
offset_buffer_V_1_addr_1 (getelementptr    ) [ 000000]
store_ln224              (store            ) [ 000000]
br_ln224                 (br               ) [ 000000]
p_Result_9               (bitselect        ) [ 000000]
or_ln240_1               (or               ) [ 000000]
tmp_35                   (bitselect        ) [ 000000]
out_tmp_V_2              (trunc            ) [ 000000]
or_ln779_1               (or               ) [ 000000]
select_ln240_2           (select           ) [ 000000]
or_ln240_4               (or               ) [ 000000]
out_tmp_V_3              (select           ) [ 000000]
sext_ln1494_5            (sext             ) [ 000000]
zext_ln1495_5            (zext             ) [ 000000]
add_ln212_2              (add              ) [ 000000]
shl_ln221_4              (bitconcatenate   ) [ 000000]
sext_ln221_14            (sext             ) [ 000000]
sext_ln221_15            (sext             ) [ 000000]
sext_ln221_12            (sext             ) [ 000000]
shl_ln221_5              (bitconcatenate   ) [ 000000]
sext_ln221_13            (sext             ) [ 000000]
add_ln221_5              (add              ) [ 000000]
sext_ln221_16            (sext             ) [ 000000]
newFirst                 (add              ) [ 000000]
newSecond                (sub              ) [ 000000]
sext_ln221_17            (sext             ) [ 000000]
sum_tmp_V                (add              ) [ 000000]
tmp_39                   (partselect       ) [ 000000]
sext_ln628_2             (sext             ) [ 000000]
p_0_0_0452_236_load      (load             ) [ 000000]
offset_buffer_V_2_addr_1 (getelementptr    ) [ 000000]
store_ln224              (store            ) [ 000000]
br_ln224                 (br               ) [ 000000]
p_Result_12              (bitselect        ) [ 000000]
or_ln240_2               (or               ) [ 000000]
tmp_41                   (bitselect        ) [ 000000]
out_tmp_V_4              (trunc            ) [ 000000]
or_ln779_2               (or               ) [ 000000]
select_ln240_4           (select           ) [ 000000]
or_ln240_5               (or               ) [ 000000]
out_tmp_V_5              (select           ) [ 000000]
p_Result_14              (bitconcatenate   ) [ 000000]
write_ln553              (write            ) [ 000000]
br_ln256                 (br               ) [ 000000]
store_ln178              (store            ) [ 000000]
store_ln178              (store            ) [ 000000]
store_ln178              (store            ) [ 000000]
br_ln178                 (br               ) [ 000000]
ret_ln0                  (ret              ) [ 000000]
</LifeTime>

<model>

<comp_list>
<comp id="0" class="1000" name="in_col_loop_bound">
<pin_list>
<pin id="1" dir="1" index="0" bw="1" slack="0"/>
</pin_list>
<bind>
<StgValue><ssdm name="in_col_loop_bound"/></StgValue>
</bind>
</comp>

<comp id="2" class="1000" name="bound">
<pin_list>
<pin id="3" dir="1" index="0" bw="1" slack="0"/>
</pin_list>
<bind>
<StgValue><ssdm name="bound"/></StgValue>
</bind>
</comp>

<comp id="4" class="1000" name="aecin_data220">
<pin_list>
<pin id="5" dir="1" index="0" bw="1" slack="0"/>
</pin_list>
<bind>
<StgValue><ssdm name="aecin_data220"/></StgValue>
</bind>
</comp>

<comp id="6" class="1000" name="offset_buffer_V_2">
<pin_list>
<pin id="7" dir="1" index="0" bw="1" slack="0"/>
</pin_list>
<bind>
<StgValue><ssdm name="offset_buffer_V_2"/><MemPortTyVec>0 1 </MemPortTyVec>
</StgValue>
</bind>
</comp>

<comp id="8" class="1000" name="offset_buffer_V_1">
<pin_list>
<pin id="9" dir="1" index="0" bw="1" slack="0"/>
</pin_list>
<bind>
<StgValue><ssdm name="offset_buffer_V_1"/><MemPortTyVec>0 1 </MemPortTyVec>
</StgValue>
</bind>
</comp>

<comp id="10" class="1000" name="sub238">
<pin_list>
<pin id="11" dir="1" index="0" bw="1" slack="0"/>
</pin_list>
<bind>
<StgValue><ssdm name="sub238"/></StgValue>
</bind>
</comp>

<comp id="12" class="1000" name="offset_buffer_V">
<pin_list>
<pin id="13" dir="1" index="0" bw="1" slack="0"/>
</pin_list>
<bind>
<StgValue><ssdm name="offset_buffer_V"/><MemPortTyVec>0 1 </MemPortTyVec>
</StgValue>
</bind>
</comp>

<comp id="14" class="1000" name="p_read1">
<pin_list>
<pin id="15" dir="1" index="0" bw="1" slack="0"/>
</pin_list>
<bind>
<StgValue><ssdm name="p_read1"/></StgValue>
</bind>
</comp>

<comp id="16" class="1000" name="lsc_out_data218">
<pin_list>
<pin id="17" dir="1" index="0" bw="1" slack="0"/>
</pin_list>
<bind>
<StgValue><ssdm name="lsc_out_data218"/></StgValue>
</bind>
</comp>

<comp id="18" class="1001" name="const_18">
<pin_list>
<pin id="19" dir="1" index="0" bw="1" slack="0"/>
</pin_list>
<bind>
<StgValue><ssdm name=""/></StgValue>
</bind>
</comp>

<comp id="20" class="1001" name="const_20">
<pin_list>
<pin id="21" dir="1" index="0" bw="1" slack="2147483647"/>
</pin_list>
<bind>
<StgValue><ssdm name="_ssdm_op_SpecInterface"/></StgValue>
</bind>
</comp>

<comp id="22" class="1001" name="const_22">
<pin_list>
<pin id="23" dir="1" index="0" bw="1" slack="2147483647"/>
</pin_list>
<bind>
<StgValue><ssdm name="empty_26"/></StgValue>
</bind>
</comp>

<comp id="24" class="1001" name="const_24">
<pin_list>
<pin id="25" dir="1" index="0" bw="1" slack="0"/>
</pin_list>
<bind>
<StgValue><ssdm name=""/></StgValue>
</bind>
</comp>

<comp id="26" class="1001" name="const_26">
<pin_list>
<pin id="27" dir="1" index="0" bw="1" slack="2147483647"/>
</pin_list>
<bind>
<StgValue><ssdm name="empty_32"/></StgValue>
</bind>
</comp>

<comp id="28" class="1001" name="const_28">
<pin_list>
<pin id="29" dir="1" index="0" bw="1" slack="2147483647"/>
</pin_list>
<bind>
<StgValue><ssdm name=""/></StgValue>
</bind>
</comp>

<comp id="30" class="1001" name="const_30">
<pin_list>
<pin id="31" dir="1" index="0" bw="1" slack="0"/>
</pin_list>
<bind>
<StgValue><ssdm name="_ssdm_op_Read.ap_auto.i16"/></StgValue>
</bind>
</comp>

<comp id="32" class="1001" name="const_32">
<pin_list>
<pin id="33" dir="1" index="0" bw="1" slack="0"/>
</pin_list>
<bind>
<StgValue><ssdm name="_ssdm_op_Read.ap_auto.i17"/></StgValue>
</bind>
</comp>

<comp id="34" class="1001" name="const_34">
<pin_list>
<pin id="35" dir="1" index="0" bw="1" slack="0"/>
</pin_list>
<bind>
<StgValue><ssdm name="_ssdm_op_Read.ap_auto.i32"/></StgValue>
</bind>
</comp>

<comp id="36" class="1001" name="const_36">
<pin_list>
<pin id="37" dir="1" index="0" bw="1" slack="0"/>
</pin_list>
<bind>
<StgValue><ssdm name=""/></StgValue>
</bind>
</comp>

<comp id="38" class="1001" name="const_38">
<pin_list>
<pin id="39" dir="1" index="0" bw="1" slack="0"/>
</pin_list>
<bind>
<StgValue><ssdm name=""/></StgValue>
</bind>
</comp>

<comp id="40" class="1001" name="const_40">
<pin_list>
<pin id="41" dir="1" index="0" bw="1" slack="0"/>
</pin_list>
<bind>
<StgValue><ssdm name=""/></StgValue>
</bind>
</comp>

<comp id="42" class="1001" name="const_42">
<pin_list>
<pin id="43" dir="1" index="0" bw="1" slack="0"/>
</pin_list>
<bind>
<StgValue><ssdm name=""/></StgValue>
</bind>
</comp>

<comp id="44" class="1001" name="const_44">
<pin_list>
<pin id="45" dir="1" index="0" bw="1" slack="2147483647"/>
</pin_list>
<bind>
<StgValue><ssdm name="_ssdm_op_SpecLoopName"/></StgValue>
</bind>
</comp>

<comp id="46" class="1001" name="const_46">
<pin_list>
<pin id="47" dir="1" index="0" bw="1" slack="2147483647"/>
</pin_list>
<bind>
<StgValue><ssdm name="LOOP_ROW_LOOP_COL_str"/></StgValue>
</bind>
</comp>

<comp id="48" class="1001" name="const_48">
<pin_list>
<pin id="49" dir="1" index="0" bw="1" slack="2147483647"/>
</pin_list>
<bind>
<StgValue><ssdm name="_ssdm_op_SpecLoopTripCount"/></StgValue>
</bind>
</comp>

<comp id="50" class="1001" name="const_50">
<pin_list>
<pin id="51" dir="1" index="0" bw="1" slack="2147483647"/>
</pin_list>
<bind>
<StgValue><ssdm name=""/></StgValue>
</bind>
</comp>

<comp id="52" class="1001" name="const_52">
<pin_list>
<pin id="53" dir="1" index="0" bw="1" slack="2147483647"/>
</pin_list>
<bind>
<StgValue><ssdm name="_ssdm_op_SpecPipeline"/></StgValue>
</bind>
</comp>

<comp id="54" class="1001" name="const_54">
<pin_list>
<pin id="55" dir="1" index="0" bw="1" slack="2147483647"/>
</pin_list>
<bind>
<StgValue><ssdm name="empty_43"/></StgValue>
</bind>
</comp>

<comp id="56" class="1001" name="const_56">
<pin_list>
<pin id="57" dir="1" index="0" bw="1" slack="0"/>
</pin_list>
<bind>
<StgValue><ssdm name="_ssdm_op_Read.ap_fifo.volatile.i30P0A"/></StgValue>
</bind>
</comp>

<comp id="58" class="1001" name="const_58">
<pin_list>
<pin id="59" dir="1" index="0" bw="1" slack="2"/>
</pin_list>
<bind>
<StgValue><ssdm name=""/></StgValue>
</bind>
</comp>

<comp id="60" class="1001" name="const_60">
<pin_list>
<pin id="61" dir="1" index="0" bw="1" slack="0"/>
</pin_list>
<bind>
<StgValue><ssdm name="_ssdm_op_BitConcatenate.i6.i3.i3"/></StgValue>
</bind>
</comp>

<comp id="62" class="1001" name="const_62">
<pin_list>
<pin id="63" dir="1" index="0" bw="1" slack="0"/>
</pin_list>
<bind>
<StgValue><ssdm name="_ssdm_op_PartSelect.i8.i12.i32.i32"/></StgValue>
</bind>
</comp>

<comp id="64" class="1001" name="const_64">
<pin_list>
<pin id="65" dir="1" index="0" bw="1" slack="0"/>
</pin_list>
<bind>
<StgValue><ssdm name=""/></StgValue>
</bind>
</comp>

<comp id="66" class="1001" name="const_66">
<pin_list>
<pin id="67" dir="1" index="0" bw="1" slack="0"/>
</pin_list>
<bind>
<StgValue><ssdm name=""/></StgValue>
</bind>
</comp>

<comp id="68" class="1001" name="const_68">
<pin_list>
<pin id="69" dir="1" index="0" bw="1" slack="0"/>
</pin_list>
<bind>
<StgValue><ssdm name="_ssdm_op_PartSelect.i2.i12.i32.i32"/></StgValue>
</bind>
</comp>

<comp id="70" class="1001" name="const_70">
<pin_list>
<pin id="71" dir="1" index="0" bw="1" slack="0"/>
</pin_list>
<bind>
<StgValue><ssdm name=""/></StgValue>
</bind>
</comp>

<comp id="72" class="1001" name="const_72">
<pin_list>
<pin id="73" dir="1" index="0" bw="1" slack="0"/>
</pin_list>
<bind>
<StgValue><ssdm name="_ssdm_op_PartSelect.i10.i12.i32.i32"/></StgValue>
</bind>
</comp>

<comp id="74" class="1001" name="const_74">
<pin_list>
<pin id="75" dir="1" index="0" bw="1" slack="0"/>
</pin_list>
<bind>
<StgValue><ssdm name=""/></StgValue>
</bind>
</comp>

<comp id="76" class="1001" name="const_76">
<pin_list>
<pin id="77" dir="1" index="0" bw="1" slack="0"/>
</pin_list>
<bind>
<StgValue><ssdm name="_ssdm_op_BitSelect.i1.i2.i32"/></StgValue>
</bind>
</comp>

<comp id="78" class="1001" name="const_78">
<pin_list>
<pin id="79" dir="1" index="0" bw="1" slack="0"/>
</pin_list>
<bind>
<StgValue><ssdm name="_ssdm_op_PartSelect.i9.i12.i32.i32"/></StgValue>
</bind>
</comp>

<comp id="80" class="1001" name="const_80">
<pin_list>
<pin id="81" dir="1" index="0" bw="1" slack="0"/>
</pin_list>
<bind>
<StgValue><ssdm name=""/></StgValue>
</bind>
</comp>

<comp id="82" class="1001" name="const_82">
<pin_list>
<pin id="83" dir="1" index="0" bw="1" slack="0"/>
</pin_list>
<bind>
<StgValue><ssdm name="_ssdm_op_BitConcatenate.i3.i1.i2"/></StgValue>
</bind>
</comp>

<comp id="84" class="1001" name="const_84">
<pin_list>
<pin id="85" dir="1" index="0" bw="1" slack="0"/>
</pin_list>
<bind>
<StgValue><ssdm name="_ssdm_op_PartSelect.i10.i30.i32.i32"/></StgValue>
</bind>
</comp>

<comp id="86" class="1001" name="const_86">
<pin_list>
<pin id="87" dir="1" index="0" bw="1" slack="0"/>
</pin_list>
<bind>
<StgValue><ssdm name=""/></StgValue>
</bind>
</comp>

<comp id="88" class="1001" name="const_88">
<pin_list>
<pin id="89" dir="1" index="0" bw="1" slack="0"/>
</pin_list>
<bind>
<StgValue><ssdm name="_ssdm_op_PartSelect.i2.i30.i32.i32"/></StgValue>
</bind>
</comp>

<comp id="90" class="1001" name="const_90">
<pin_list>
<pin id="91" dir="1" index="0" bw="1" slack="0"/>
</pin_list>
<bind>
<StgValue><ssdm name=""/></StgValue>
</bind>
</comp>

<comp id="92" class="1001" name="const_92">
<pin_list>
<pin id="93" dir="1" index="0" bw="1" slack="0"/>
</pin_list>
<bind>
<StgValue><ssdm name=""/></StgValue>
</bind>
</comp>

<comp id="94" class="1001" name="const_94">
<pin_list>
<pin id="95" dir="1" index="0" bw="1" slack="0"/>
</pin_list>
<bind>
<StgValue><ssdm name=""/></StgValue>
</bind>
</comp>

<comp id="96" class="1001" name="const_96">
<pin_list>
<pin id="97" dir="1" index="0" bw="1" slack="0"/>
</pin_list>
<bind>
<StgValue><ssdm name=""/></StgValue>
</bind>
</comp>

<comp id="98" class="1001" name="const_98">
<pin_list>
<pin id="99" dir="1" index="0" bw="1" slack="0"/>
</pin_list>
<bind>
<StgValue><ssdm name="_ssdm_op_BitConcatenate.i5.i3.i2"/></StgValue>
</bind>
</comp>

<comp id="100" class="1001" name="const_100">
<pin_list>
<pin id="101" dir="1" index="0" bw="1" slack="0"/>
</pin_list>
<bind>
<StgValue><ssdm name=""/></StgValue>
</bind>
</comp>

<comp id="102" class="1001" name="const_102">
<pin_list>
<pin id="103" dir="1" index="0" bw="1" slack="0"/>
</pin_list>
<bind>
<StgValue><ssdm name="_ssdm_op_BitConcatenate.i5.i1.i2.i2"/></StgValue>
</bind>
</comp>

<comp id="104" class="1001" name="const_104">
<pin_list>
<pin id="105" dir="1" index="0" bw="1" slack="0"/>
</pin_list>
<bind>
<StgValue><ssdm name="_ssdm_op_PartSelect.i3.i7.i32.i32"/></StgValue>
</bind>
</comp>

<comp id="106" class="1001" name="const_106">
<pin_list>
<pin id="107" dir="1" index="0" bw="1" slack="0"/>
</pin_list>
<bind>
<StgValue><ssdm name=""/></StgValue>
</bind>
</comp>

<comp id="108" class="1001" name="const_108">
<pin_list>
<pin id="109" dir="1" index="0" bw="1" slack="0"/>
</pin_list>
<bind>
<StgValue><ssdm name="_ssdm_op_BitSelect.i1.i10.i32"/></StgValue>
</bind>
</comp>

<comp id="110" class="1001" name="const_110">
<pin_list>
<pin id="111" dir="1" index="0" bw="1" slack="0"/>
</pin_list>
<bind>
<StgValue><ssdm name=""/></StgValue>
</bind>
</comp>

<comp id="112" class="1001" name="const_112">
<pin_list>
<pin id="113" dir="1" index="0" bw="1" slack="0"/>
</pin_list>
<bind>
<StgValue><ssdm name="_ssdm_op_BitSelect.i1.i9.i32"/></StgValue>
</bind>
</comp>

<comp id="114" class="1001" name="const_114">
<pin_list>
<pin id="115" dir="1" index="0" bw="1" slack="0"/>
</pin_list>
<bind>
<StgValue><ssdm name=""/></StgValue>
</bind>
</comp>

<comp id="116" class="1001" name="const_116">
<pin_list>
<pin id="117" dir="1" index="0" bw="1" slack="0"/>
</pin_list>
<bind>
<StgValue><ssdm name=""/></StgValue>
</bind>
</comp>

<comp id="118" class="1001" name="const_118">
<pin_list>
<pin id="119" dir="1" index="0" bw="1" slack="0"/>
</pin_list>
<bind>
<StgValue><ssdm name=""/></StgValue>
</bind>
</comp>

<comp id="120" class="1001" name="const_120">
<pin_list>
<pin id="121" dir="1" index="0" bw="1" slack="0"/>
</pin_list>
<bind>
<StgValue><ssdm name="_ssdm_op_BitConcatenate.i24.i8.i8.i8"/></StgValue>
</bind>
</comp>

<comp id="122" class="1001" name="const_122">
<pin_list>
<pin id="123" dir="1" index="0" bw="1" slack="0"/>
</pin_list>
<bind>
<StgValue><ssdm name="_ssdm_op_Write.ap_fifo.volatile.i24P0A"/></StgValue>
</bind>
</comp>

<comp id="124" class="1004" name="empty_fu_124">
<pin_list>
<pin id="125" dir="0" index="0" bw="1" slack="0"/>
<pin id="126" dir="1" index="1" bw="3" slack="0"/>
</pin_list>
<bind>
<opcode="alloca(26) " fcode="alloca"/>
<opset="empty/1 "/>
</bind>
</comp>

<comp id="128" class="1004" name="p_0_0_045228_fu_128">
<pin_list>
<pin id="129" dir="0" index="0" bw="1" slack="0"/>
<pin id="130" dir="1" index="1" bw="9" slack="4"/>
</pin_list>
<bind>
<opcode="alloca(26) " fcode="alloca"/>
<opset="p_0_0_045228/1 "/>
</bind>
</comp>

<comp id="132" class="1004" name="empty_104_fu_132">
<pin_list>
<pin id="133" dir="0" index="0" bw="1" slack="0"/>
<pin id="134" dir="1" index="1" bw="3" slack="0"/>
</pin_list>
<bind>
<opcode="alloca(26) " fcode="alloca"/>
<opset="empty_104/1 "/>
</bind>
</comp>

<comp id="136" class="1004" name="p_0_0_0452_132_fu_136">
<pin_list>
<pin id="137" dir="0" index="0" bw="1" slack="0"/>
<pin id="138" dir="1" index="1" bw="9" slack="4"/>
</pin_list>
<bind>
<opcode="alloca(26) " fcode="alloca"/>
<opset="p_0_0_0452_132/1 "/>
</bind>
</comp>

<comp id="140" class="1004" name="empty_105_fu_140">
<pin_list>
<pin id="141" dir="0" index="0" bw="1" slack="0"/>
<pin id="142" dir="1" index="1" bw="3" slack="0"/>
</pin_list>
<bind>
<opcode="alloca(26) " fcode="alloca"/>
<opset="empty_105/1 "/>
</bind>
</comp>

<comp id="144" class="1004" name="p_0_0_0452_236_fu_144">
<pin_list>
<pin id="145" dir="0" index="0" bw="1" slack="0"/>
<pin id="146" dir="1" index="1" bw="9" slack="4"/>
</pin_list>
<bind>
<opcode="alloca(26) " fcode="alloca"/>
<opset="p_0_0_0452_236/1 "/>
</bind>
</comp>

<comp id="148" class="1004" name="conv_i5870_fu_148">
<pin_list>
<pin id="149" dir="0" index="0" bw="1" slack="0"/>
<pin id="150" dir="1" index="1" bw="3" slack="0"/>
</pin_list>
<bind>
<opcode="alloca(26) " fcode="alloca"/>
<opset="conv_i5870/1 "/>
</bind>
</comp>

<comp id="152" class="1004" name="conv_i58_172_fu_152">
<pin_list>
<pin id="153" dir="0" index="0" bw="1" slack="0"/>
<pin id="154" dir="1" index="1" bw="3" slack="0"/>
</pin_list>
<bind>
<opcode="alloca(26) " fcode="alloca"/>
<opset="conv_i58_172/1 "/>
</bind>
</comp>

<comp id="156" class="1004" name="conv_i58_274_fu_156">
<pin_list>
<pin id="157" dir="0" index="0" bw="1" slack="0"/>
<pin id="158" dir="1" index="1" bw="3" slack="0"/>
</pin_list>
<bind>
<opcode="alloca(26) " fcode="alloca"/>
<opset="conv_i58_274/1 "/>
</bind>
</comp>

<comp id="160" class="1004" name="col_index_1_fu_160">
<pin_list>
<pin id="161" dir="0" index="0" bw="1" slack="0"/>
<pin id="162" dir="1" index="1" bw="15" slack="0"/>
</pin_list>
<bind>
<opcode="alloca(26) " fcode="alloca"/>
<opset="col_index_1/1 "/>
</bind>
</comp>

<comp id="164" class="1004" name="indvar_flatten_fu_164">
<pin_list>
<pin id="165" dir="0" index="0" bw="1" slack="0"/>
<pin id="166" dir="1" index="1" bw="32" slack="0"/>
</pin_list>
<bind>
<opcode="alloca(26) " fcode="alloca"/>
<opset="indvar_flatten/1 "/>
</bind>
</comp>

<comp id="168" class="1004" name="p_read_read_fu_168">
<pin_list>
<pin id="169" dir="0" index="0" bw="16" slack="0"/>
<pin id="170" dir="0" index="1" bw="16" slack="0"/>
<pin id="171" dir="1" index="2" bw="16" slack="1"/>
</pin_list>
<bind>
<opcode="read(1150) " fcode="read"/>
<opset="p_read/1 "/>
</bind>
</comp>

<comp id="174" class="1004" name="sub238_read_read_fu_174">
<pin_list>
<pin id="175" dir="0" index="0" bw="17" slack="0"/>
<pin id="176" dir="0" index="1" bw="17" slack="0"/>
<pin id="177" dir="1" index="2" bw="17" slack="2"/>
</pin_list>
<bind>
<opcode="read(1150) " fcode="read"/>
<opset="sub238_read/1 "/>
</bind>
</comp>

<comp id="180" class="1004" name="bound_read_read_fu_180">
<pin_list>
<pin id="181" dir="0" index="0" bw="32" slack="0"/>
<pin id="182" dir="0" index="1" bw="32" slack="0"/>
<pin id="183" dir="1" index="2" bw="32" slack="1"/>
</pin_list>
<bind>
<opcode="read(1150) " fcode="read"/>
<opset="bound_read/1 "/>
</bind>
</comp>

<comp id="186" class="1004" name="in_col_loop_bound_read_read_fu_186">
<pin_list>
<pin id="187" dir="0" index="0" bw="16" slack="0"/>
<pin id="188" dir="0" index="1" bw="16" slack="0"/>
<pin id="189" dir="1" index="2" bw="16" slack="1"/>
</pin_list>
<bind>
<opcode="read(1150) " fcode="read"/>
<opset="in_col_loop_bound_read/1 "/>
</bind>
</comp>

<comp id="192" class="1004" name="read_word_V_read_fu_192">
<pin_list>
<pin id="193" dir="0" index="0" bw="30" slack="0"/>
<pin id="194" dir="0" index="1" bw="30" slack="0"/>
<pin id="195" dir="1" index="2" bw="30" slack="1"/>
</pin_list>
<bind>
<opcode="read(1150) " fcode="read"/>
<opset="read_word_V/3 "/>
</bind>
</comp>

<comp id="198" class="1004" name="write_ln553_write_fu_198">
<pin_list>
<pin id="199" dir="0" index="0" bw="0" slack="0"/>
<pin id="200" dir="0" index="1" bw="24" slack="0"/>
<pin id="201" dir="0" index="2" bw="24" slack="0"/>
<pin id="202" dir="1" index="3" bw="0" slack="2147483647"/>
</pin_list>
<bind>
<opcode="write(1151) " fcode="write"/>
<opset="write_ln553/5 "/>
</bind>
</comp>

<comp id="205" class="1004" name="offset_buffer_V_addr_gep_fu_205">
<pin_list>
<pin id="206" dir="0" index="0" bw="9" slack="0"/>
<pin id="207" dir="0" index="1" bw="1" slack="0"/>
<pin id="208" dir="0" index="2" bw="15" slack="0"/>
<pin id="209" dir="1" index="3" bw="11" slack="0"/>
</pin_list>
<bind>
<opcode="getelementptr(29) " fcode="getelementptr"/>
<opset="offset_buffer_V_addr/2 "/>
</bind>
</comp>

<comp id="212" class="1004" name="grp_access_fu_212">
<pin_list>
<pin id="213" dir="0" index="0" bw="11" slack="0"/>
<pin id="214" dir="0" index="1" bw="9" slack="0"/>
<pin id="215" dir="0" index="2" bw="0" slack="0"/>
<pin id="217" dir="0" index="4" bw="11" slack="2147483647"/>
<pin id="218" dir="0" index="5" bw="9" slack="2147483647"/>
<pin id="219" dir="0" index="6" bw="0" slack="2147483647"/>
<pin id="216" dir="1" index="3" bw="9" slack="2147483647"/>
<pin id="220" dir="1" index="7" bw="9" slack="0"/>
</pin_list>
<bind>
<opcode="load(27) store(28) " fcode="store"/>
<opset="offset_buffer_V_load/2 store_ln224/5 "/>
</bind>
</comp>

<comp id="222" class="1004" name="offset_buffer_V_1_addr_gep_fu_222">
<pin_list>
<pin id="223" dir="0" index="0" bw="9" slack="0"/>
<pin id="224" dir="0" index="1" bw="1" slack="0"/>
<pin id="225" dir="0" index="2" bw="15" slack="0"/>
<pin id="226" dir="1" index="3" bw="11" slack="0"/>
</pin_list>
<bind>
<opcode="getelementptr(29) " fcode="getelementptr"/>
<opset="offset_buffer_V_1_addr/2 "/>
</bind>
</comp>

<comp id="229" class="1004" name="grp_access_fu_229">
<pin_list>
<pin id="230" dir="0" index="0" bw="11" slack="0"/>
<pin id="231" dir="0" index="1" bw="9" slack="0"/>
<pin id="232" dir="0" index="2" bw="0" slack="0"/>
<pin id="234" dir="0" index="4" bw="11" slack="2147483647"/>
<pin id="235" dir="0" index="5" bw="9" slack="2147483647"/>
<pin id="236" dir="0" index="6" bw="0" slack="2147483647"/>
<pin id="233" dir="1" index="3" bw="9" slack="2147483647"/>
<pin id="237" dir="1" index="7" bw="9" slack="0"/>
</pin_list>
<bind>
<opcode="load(27) store(28) " fcode="store"/>
<opset="offset_buffer_V_1_load/2 store_ln224/5 "/>
</bind>
</comp>

<comp id="239" class="1004" name="offset_buffer_V_2_addr_gep_fu_239">
<pin_list>
<pin id="240" dir="0" index="0" bw="9" slack="0"/>
<pin id="241" dir="0" index="1" bw="1" slack="0"/>
<pin id="242" dir="0" index="2" bw="15" slack="0"/>
<pin id="243" dir="1" index="3" bw="11" slack="0"/>
</pin_list>
<bind>
<opcode="getelementptr(29) " fcode="getelementptr"/>
<opset="offset_buffer_V_2_addr/2 "/>
</bind>
</comp>

<comp id="246" class="1004" name="grp_access_fu_246">
<pin_list>
<pin id="247" dir="0" index="0" bw="11" slack="0"/>
<pin id="248" dir="0" index="1" bw="9" slack="0"/>
<pin id="249" dir="0" index="2" bw="0" slack="0"/>
<pin id="251" dir="0" index="4" bw="11" slack="2147483647"/>
<pin id="252" dir="0" index="5" bw="9" slack="2147483647"/>
<pin id="253" dir="0" index="6" bw="0" slack="2147483647"/>
<pin id="250" dir="1" index="3" bw="9" slack="2147483647"/>
<pin id="254" dir="1" index="7" bw="9" slack="0"/>
</pin_list>
<bind>
<opcode="load(27) store(28) " fcode="store"/>
<opset="offset_buffer_V_2_load/2 store_ln224/5 "/>
</bind>
</comp>

<comp id="256" class="1004" name="offset_buffer_V_addr_1_gep_fu_256">
<pin_list>
<pin id="257" dir="0" index="0" bw="9" slack="0"/>
<pin id="258" dir="0" index="1" bw="1" slack="0"/>
<pin id="259" dir="0" index="2" bw="11" slack="0"/>
<pin id="260" dir="1" index="3" bw="11" slack="0"/>
</pin_list>
<bind>
<opcode="getelementptr(29) " fcode="getelementptr"/>
<opset="offset_buffer_V_addr_1/5 "/>
</bind>
</comp>

<comp id="264" class="1004" name="offset_buffer_V_1_addr_1_gep_fu_264">
<pin_list>
<pin id="265" dir="0" index="0" bw="9" slack="0"/>
<pin id="266" dir="0" index="1" bw="1" slack="0"/>
<pin id="267" dir="0" index="2" bw="11" slack="0"/>
<pin id="268" dir="1" index="3" bw="11" slack="0"/>
</pin_list>
<bind>
<opcode="getelementptr(29) " fcode="getelementptr"/>
<opset="offset_buffer_V_1_addr_1/5 "/>
</bind>
</comp>

<comp id="272" class="1004" name="offset_buffer_V_2_addr_1_gep_fu_272">
<pin_list>
<pin id="273" dir="0" index="0" bw="9" slack="0"/>
<pin id="274" dir="0" index="1" bw="1" slack="0"/>
<pin id="275" dir="0" index="2" bw="11" slack="0"/>
<pin id="276" dir="1" index="3" bw="11" slack="0"/>
</pin_list>
<bind>
<opcode="getelementptr(29) " fcode="getelementptr"/>
<opset="offset_buffer_V_2_addr_1/5 "/>
</bind>
</comp>

<comp id="280" class="1005" name="p_Val2_s_reg_280">
<pin_list>
<pin id="281" dir="0" index="0" bw="30" slack="2"/>
<pin id="282" dir="1" index="1" bw="30" slack="2"/>
</pin_list>
<bind>
<opset="p_Val2_s (phireg) "/>
</bind>
</comp>

<comp id="284" class="1004" name="p_Val2_s_phi_fu_284">
<pin_list>
<pin id="285" dir="0" index="0" bw="30" slack="1"/>
<pin id="286" dir="0" index="1" bw="0" slack="2147483647"/>
<pin id="287" dir="0" index="2" bw="1" slack="2"/>
<pin id="288" dir="0" index="3" bw="0" slack="2147483647"/>
<pin id="289" dir="1" index="4" bw="30" slack="0"/>
</pin_list>
<bind>
<opcode="phi(47) " fcode="phi"/>
<opset="p_Val2_s/4 "/>
</bind>
</comp>

<comp id="291" class="1004" name="store_ln0_store_fu_291">
<pin_list>
<pin id="292" dir="0" index="0" bw="1" slack="0"/>
<pin id="293" dir="0" index="1" bw="32" slack="0"/>
<pin id="294" dir="1" index="2" bw="0" slack="2147483647"/>
</pin_list>
<bind>
<opcode="store(28) " fcode="store"/>
<opset="store_ln0/1 "/>
</bind>
</comp>

<comp id="296" class="1004" name="store_ln0_store_fu_296">
<pin_list>
<pin id="297" dir="0" index="0" bw="1" slack="0"/>
<pin id="298" dir="0" index="1" bw="15" slack="0"/>
<pin id="299" dir="1" index="2" bw="0" slack="2147483647"/>
</pin_list>
<bind>
<opcode="store(28) " fcode="store"/>
<opset="store_ln0/1 "/>
</bind>
</comp>

<comp id="301" class="1004" name="store_ln0_store_fu_301">
<pin_list>
<pin id="302" dir="0" index="0" bw="1" slack="0"/>
<pin id="303" dir="0" index="1" bw="3" slack="0"/>
<pin id="304" dir="1" index="2" bw="0" slack="2147483647"/>
</pin_list>
<bind>
<opcode="store(28) " fcode="store"/>
<opset="store_ln0/1 "/>
</bind>
</comp>

<comp id="306" class="1004" name="store_ln0_store_fu_306">
<pin_list>
<pin id="307" dir="0" index="0" bw="1" slack="0"/>
<pin id="308" dir="0" index="1" bw="3" slack="0"/>
<pin id="309" dir="1" index="2" bw="0" slack="2147483647"/>
</pin_list>
<bind>
<opcode="store(28) " fcode="store"/>
<opset="store_ln0/1 "/>
</bind>
</comp>

<comp id="311" class="1004" name="store_ln0_store_fu_311">
<pin_list>
<pin id="312" dir="0" index="0" bw="1" slack="0"/>
<pin id="313" dir="0" index="1" bw="3" slack="0"/>
<pin id="314" dir="1" index="2" bw="0" slack="2147483647"/>
</pin_list>
<bind>
<opcode="store(28) " fcode="store"/>
<opset="store_ln0/1 "/>
</bind>
</comp>

<comp id="316" class="1004" name="store_ln0_store_fu_316">
<pin_list>
<pin id="317" dir="0" index="0" bw="1" slack="0"/>
<pin id="318" dir="0" index="1" bw="3" slack="0"/>
<pin id="319" dir="1" index="2" bw="0" slack="2147483647"/>
</pin_list>
<bind>
<opcode="store(28) " fcode="store"/>
<opset="store_ln0/1 "/>
</bind>
</comp>

<comp id="321" class="1004" name="store_ln0_store_fu_321">
<pin_list>
<pin id="322" dir="0" index="0" bw="1" slack="0"/>
<pin id="323" dir="0" index="1" bw="3" slack="0"/>
<pin id="324" dir="1" index="2" bw="0" slack="2147483647"/>
</pin_list>
<bind>
<opcode="store(28) " fcode="store"/>
<opset="store_ln0/1 "/>
</bind>
</comp>

<comp id="326" class="1004" name="store_ln0_store_fu_326">
<pin_list>
<pin id="327" dir="0" index="0" bw="1" slack="0"/>
<pin id="328" dir="0" index="1" bw="3" slack="0"/>
<pin id="329" dir="1" index="2" bw="0" slack="2147483647"/>
</pin_list>
<bind>
<opcode="store(28) " fcode="store"/>
<opset="store_ln0/1 "/>
</bind>
</comp>

<comp id="331" class="1004" name="col_index_load_fu_331">
<pin_list>
<pin id="332" dir="0" index="0" bw="15" slack="1"/>
<pin id="333" dir="1" index="1" bw="15" slack="0"/>
</pin_list>
<bind>
<opcode="load(27) " fcode="load"/>
<opset="col_index/2 "/>
</bind>
</comp>

<comp id="334" class="1004" name="indvar_flatten_load_load_fu_334">
<pin_list>
<pin id="335" dir="0" index="0" bw="32" slack="1"/>
<pin id="336" dir="1" index="1" bw="32" slack="0"/>
</pin_list>
<bind>
<opcode="load(27) " fcode="load"/>
<opset="indvar_flatten_load/2 "/>
</bind>
</comp>

<comp id="337" class="1004" name="zext_ln178_1_fu_337">
<pin_list>
<pin id="338" dir="0" index="0" bw="15" slack="0"/>
<pin id="339" dir="1" index="1" bw="16" slack="0"/>
</pin_list>
<bind>
<opcode="zext(34) " fcode="zext"/>
<opset="zext_ln178_1/2 "/>
</bind>
</comp>

<comp id="341" class="1004" name="icmp_ln178_fu_341">
<pin_list>
<pin id="342" dir="0" index="0" bw="16" slack="0"/>
<pin id="343" dir="0" index="1" bw="16" slack="1"/>
<pin id="344" dir="1" index="2" bw="1" slack="0"/>
</pin_list>
<bind>
<opcode="icmp(45) " fcode="icmp"/>
<opset="icmp_ln178/2 "/>
</bind>
</comp>

<comp id="346" class="1004" name="icmp_ln173_fu_346">
<pin_list>
<pin id="347" dir="0" index="0" bw="32" slack="0"/>
<pin id="348" dir="0" index="1" bw="32" slack="1"/>
<pin id="349" dir="1" index="2" bw="1" slack="1"/>
</pin_list>
<bind>
<opcode="icmp(45) " fcode="icmp"/>
<opset="icmp_ln173/2 "/>
</bind>
</comp>

<comp id="351" class="1004" name="add_ln173_fu_351">
<pin_list>
<pin id="352" dir="0" index="0" bw="32" slack="0"/>
<pin id="353" dir="0" index="1" bw="1" slack="0"/>
<pin id="354" dir="1" index="2" bw="32" slack="0"/>
</pin_list>
<bind>
<opcode="add(8) " fcode="add"/>
<opset="add_ln173/2 "/>
</bind>
</comp>

<comp id="357" class="1004" name="select_ln173_fu_357">
<pin_list>
<pin id="358" dir="0" index="0" bw="1" slack="0"/>
<pin id="359" dir="0" index="1" bw="15" slack="0"/>
<pin id="360" dir="0" index="2" bw="15" slack="0"/>
<pin id="361" dir="1" index="3" bw="15" slack="0"/>
</pin_list>
<bind>
<opcode="select(49) " fcode="select"/>
<opset="select_ln173/2 "/>
</bind>
</comp>

<comp id="365" class="1004" name="zext_ln178_2_fu_365">
<pin_list>
<pin id="366" dir="0" index="0" bw="15" slack="0"/>
<pin id="367" dir="1" index="1" bw="16" slack="0"/>
</pin_list>
<bind>
<opcode="zext(34) " fcode="zext"/>
<opset="zext_ln178_2/2 "/>
</bind>
</comp>

<comp id="369" class="1004" name="zext_ln178_fu_369">
<pin_list>
<pin id="370" dir="0" index="0" bw="15" slack="0"/>
<pin id="371" dir="1" index="1" bw="64" slack="0"/>
</pin_list>
<bind>
<opcode="zext(34) " fcode="zext"/>
<opset="zext_ln178/2 "/>
</bind>
</comp>

<comp id="376" class="1004" name="trunc_ln187_fu_376">
<pin_list>
<pin id="377" dir="0" index="0" bw="15" slack="0"/>
<pin id="378" dir="1" index="1" bw="11" slack="3"/>
</pin_list>
<bind>
<opcode="trunc(33) " fcode="trunc"/>
<opset="trunc_ln187/2 "/>
</bind>
</comp>

<comp id="380" class="1004" name="icmp_ln187_fu_380">
<pin_list>
<pin id="381" dir="0" index="0" bw="16" slack="0"/>
<pin id="382" dir="0" index="1" bw="16" slack="1"/>
<pin id="383" dir="1" index="2" bw="1" slack="1"/>
</pin_list>
<bind>
<opcode="icmp(45) " fcode="icmp"/>
<opset="icmp_ln187/2 "/>
</bind>
</comp>

<comp id="385" class="1004" name="add_ln178_fu_385">
<pin_list>
<pin id="386" dir="0" index="0" bw="15" slack="0"/>
<pin id="387" dir="0" index="1" bw="1" slack="0"/>
<pin id="388" dir="1" index="2" bw="15" slack="0"/>
</pin_list>
<bind>
<opcode="add(8) " fcode="add"/>
<opset="add_ln178/2 "/>
</bind>
</comp>

<comp id="391" class="1004" name="store_ln178_store_fu_391">
<pin_list>
<pin id="392" dir="0" index="0" bw="32" slack="0"/>
<pin id="393" dir="0" index="1" bw="32" slack="1"/>
<pin id="394" dir="1" index="2" bw="0" slack="2147483647"/>
</pin_list>
<bind>
<opcode="store(28) " fcode="store"/>
<opset="store_ln178/2 "/>
</bind>
</comp>

<comp id="396" class="1004" name="store_ln178_store_fu_396">
<pin_list>
<pin id="397" dir="0" index="0" bw="15" slack="0"/>
<pin id="398" dir="0" index="1" bw="15" slack="1"/>
<pin id="399" dir="1" index="2" bw="0" slack="2147483647"/>
</pin_list>
<bind>
<opcode="store(28) " fcode="store"/>
<opset="store_ln178/2 "/>
</bind>
</comp>

<comp id="401" class="1004" name="zext_ln187_fu_401">
<pin_list>
<pin id="402" dir="0" index="0" bw="15" slack="1"/>
<pin id="403" dir="1" index="1" bw="17" slack="0"/>
</pin_list>
<bind>
<opcode="zext(34) " fcode="zext"/>
<opset="zext_ln187/3 "/>
</bind>
</comp>

<comp id="404" class="1004" name="cmp221_fu_404">
<pin_list>
<pin id="405" dir="0" index="0" bw="15" slack="1"/>
<pin id="406" dir="0" index="1" bw="15" slack="0"/>
<pin id="407" dir="1" index="2" bw="1" slack="2"/>
</pin_list>
<bind>
<opcode="icmp(45) " fcode="icmp"/>
<opset="cmp221/3 "/>
</bind>
</comp>

<comp id="409" class="1004" name="cmp239_fu_409">
<pin_list>
<pin id="410" dir="0" index="0" bw="17" slack="2"/>
<pin id="411" dir="0" index="1" bw="17" slack="0"/>
<pin id="412" dir="1" index="2" bw="1" slack="1"/>
</pin_list>
<bind>
<opcode="icmp(45) " fcode="icmp"/>
<opset="cmp239/3 "/>
</bind>
</comp>

<comp id="414" class="1004" name="trunc_ln209_2_fu_414">
<pin_list>
<pin id="415" dir="0" index="0" bw="9" slack="0"/>
<pin id="416" dir="1" index="1" bw="2" slack="1"/>
</pin_list>
<bind>
<opcode="trunc(33) " fcode="trunc"/>
<opset="trunc_ln209_2/3 "/>
</bind>
</comp>

<comp id="418" class="1004" name="trunc_ln209_5_fu_418">
<pin_list>
<pin id="419" dir="0" index="0" bw="9" slack="0"/>
<pin id="420" dir="1" index="1" bw="2" slack="1"/>
</pin_list>
<bind>
<opcode="trunc(33) " fcode="trunc"/>
<opset="trunc_ln209_5/3 "/>
</bind>
</comp>

<comp id="422" class="1004" name="trunc_ln209_8_fu_422">
<pin_list>
<pin id="423" dir="0" index="0" bw="9" slack="0"/>
<pin id="424" dir="1" index="1" bw="2" slack="1"/>
</pin_list>
<bind>
<opcode="trunc(33) " fcode="trunc"/>
<opset="trunc_ln209_8/3 "/>
</bind>
</comp>

<comp id="426" class="1004" name="p_load79_load_fu_426">
<pin_list>
<pin id="427" dir="0" index="0" bw="3" slack="3"/>
<pin id="428" dir="1" index="1" bw="3" slack="1"/>
</pin_list>
<bind>
<opcode="load(27) " fcode="load"/>
<opset="p_load79/4 "/>
</bind>
</comp>

<comp id="429" class="1004" name="conv_i5870_load_load_fu_429">
<pin_list>
<pin id="430" dir="0" index="0" bw="3" slack="3"/>
<pin id="431" dir="1" index="1" bw="3" slack="0"/>
</pin_list>
<bind>
<opcode="load(27) " fcode="load"/>
<opset="conv_i5870_load/4 "/>
</bind>
</comp>

<comp id="432" class="1004" name="in_pixel_fu_432">
<pin_list>
<pin id="433" dir="0" index="0" bw="30" slack="0"/>
<pin id="434" dir="1" index="1" bw="10" slack="0"/>
</pin_list>
<bind>
<opcode="trunc(33) " fcode="trunc"/>
<opset="in_pixel/4 "/>
</bind>
</comp>

<comp id="436" class="1004" name="sext_ln1494_fu_436">
<pin_list>
<pin id="437" dir="0" index="0" bw="3" slack="0"/>
<pin id="438" dir="1" index="1" bw="12" slack="0"/>
</pin_list>
<bind>
<opcode="sext(35) " fcode="sext"/>
<opset="sext_ln1494/4 "/>
</bind>
</comp>

<comp id="440" class="1004" name="tmp_24_fu_440">
<pin_list>
<pin id="441" dir="0" index="0" bw="6" slack="0"/>
<pin id="442" dir="0" index="1" bw="3" slack="0"/>
<pin id="443" dir="0" index="2" bw="1" slack="0"/>
<pin id="444" dir="1" index="3" bw="6" slack="0"/>
</pin_list>
<bind>
<opcode="bitconcatenate(1004) " fcode="bitconcatenate"/>
<opset="tmp_24/4 "/>
</bind>
</comp>

<comp id="448" class="1004" name="sext_ln205_fu_448">
<pin_list>
<pin id="449" dir="0" index="0" bw="6" slack="0"/>
<pin id="450" dir="1" index="1" bw="12" slack="0"/>
</pin_list>
<bind>
<opcode="sext(35) " fcode="sext"/>
<opset="sext_ln205/4 "/>
</bind>
</comp>

<comp id="452" class="1004" name="q_2nd_err_scale7_2_fu_452">
<pin_list>
<pin id="453" dir="0" index="0" bw="6" slack="0"/>
<pin id="454" dir="0" index="1" bw="3" slack="0"/>
<pin id="455" dir="1" index="2" bw="12" slack="0"/>
</pin_list>
<bind>
<opcode="sub(10) " fcode="sub"/>
<opset="q_2nd_err_scale7_2/4 "/>
</bind>
</comp>

<comp id="458" class="1004" name="q_2nd_err_scale7by16_V_fu_458">
<pin_list>
<pin id="459" dir="0" index="0" bw="8" slack="0"/>
<pin id="460" dir="0" index="1" bw="7" slack="0"/>
<pin id="461" dir="0" index="2" bw="4" slack="0"/>
<pin id="462" dir="0" index="3" bw="5" slack="0"/>
<pin id="463" dir="1" index="4" bw="8" slack="0"/>
</pin_list>
<bind>
<opcode="partselect(1002) " fcode="partselect"/>
<opset="q_2nd_err_scale7by16_V/4 "/>
</bind>
</comp>

<comp id="468" class="1004" name="sext_ln209_fu_468">
<pin_list>
<pin id="469" dir="0" index="0" bw="9" slack="1"/>
<pin id="470" dir="1" index="1" bw="12" slack="0"/>
</pin_list>
<bind>
<opcode="sext(35) " fcode="sext"/>
<opset="sext_ln209/4 "/>
</bind>
</comp>

<comp id="471" class="1004" name="zext_ln209_fu_471">
<pin_list>
<pin id="472" dir="0" index="0" bw="10" slack="0"/>
<pin id="473" dir="1" index="1" bw="12" slack="0"/>
</pin_list>
<bind>
<opcode="zext(34) " fcode="zext"/>
<opset="zext_ln209/4 "/>
</bind>
</comp>

<comp id="475" class="1004" name="sext_ln209_1_fu_475">
<pin_list>
<pin id="476" dir="0" index="0" bw="8" slack="0"/>
<pin id="477" dir="1" index="1" bw="12" slack="0"/>
</pin_list>
<bind>
<opcode="sext(35) " fcode="sext"/>
<opset="sext_ln209_1/4 "/>
</bind>
</comp>

<comp id="479" class="1004" name="trunc_ln209_fu_479">
<pin_list>
<pin id="480" dir="0" index="0" bw="30" slack="0"/>
<pin id="481" dir="1" index="1" bw="2" slack="0"/>
</pin_list>
<bind>
<opcode="trunc(33) " fcode="trunc"/>
<opset="trunc_ln209/4 "/>
</bind>
</comp>

<comp id="483" class="1004" name="trunc_ln209_1_fu_483">
<pin_list>
<pin id="484" dir="0" index="0" bw="2" slack="0"/>
<pin id="485" dir="0" index="1" bw="7" slack="0"/>
<pin id="486" dir="0" index="2" bw="4" slack="0"/>
<pin id="487" dir="0" index="3" bw="4" slack="0"/>
<pin id="488" dir="1" index="4" bw="2" slack="0"/>
</pin_list>
<bind>
<opcode="partselect(1002) " fcode="partselect"/>
<opset="trunc_ln209_1/4 "/>
</bind>
</comp>

<comp id="493" class="1004" name="add_ln209_fu_493">
<pin_list>
<pin id="494" dir="0" index="0" bw="9" slack="0"/>
<pin id="495" dir="0" index="1" bw="10" slack="0"/>
<pin id="496" dir="1" index="2" bw="12" slack="0"/>
</pin_list>
<bind>
<opcode="add(8) " fcode="add"/>
<opset="add_ln209/4 "/>
</bind>
</comp>

<comp id="499" class="1004" name="quatizer_in_V_2_fu_499">
<pin_list>
<pin id="500" dir="0" index="0" bw="12" slack="0"/>
<pin id="501" dir="0" index="1" bw="8" slack="0"/>
<pin id="502" dir="1" index="2" bw="12" slack="0"/>
</pin_list>
<bind>
<opcode="add(8) " fcode="add"/>
<opset="quatizer_in_V_2/4 "/>
</bind>
</comp>

<comp id="505" class="1004" name="add_ln208_fu_505">
<pin_list>
<pin id="506" dir="0" index="0" bw="2" slack="0"/>
<pin id="507" dir="0" index="1" bw="2" slack="1"/>
<pin id="508" dir="1" index="2" bw="2" slack="0"/>
</pin_list>
<bind>
<opcode="add(8) " fcode="add"/>
<opset="add_ln208/4 "/>
</bind>
</comp>

<comp id="510" class="1004" name="add_ln208_1_fu_510">
<pin_list>
<pin id="511" dir="0" index="0" bw="2" slack="0"/>
<pin id="512" dir="0" index="1" bw="2" slack="0"/>
<pin id="513" dir="1" index="2" bw="2" slack="0"/>
</pin_list>
<bind>
<opcode="add(8) " fcode="add"/>
<opset="add_ln208_1/4 "/>
</bind>
</comp>

<comp id="516" class="1004" name="lhs_V_fu_516">
<pin_list>
<pin id="517" dir="0" index="0" bw="10" slack="0"/>
<pin id="518" dir="0" index="1" bw="12" slack="0"/>
<pin id="519" dir="0" index="2" bw="3" slack="0"/>
<pin id="520" dir="0" index="3" bw="5" slack="0"/>
<pin id="521" dir="1" index="4" bw="10" slack="0"/>
</pin_list>
<bind>
<opcode="partselect(1002) " fcode="partselect"/>
<opset="lhs_V/4 "/>
</bind>
</comp>

<comp id="526" class="1004" name="p_Result_s_fu_526">
<pin_list>
<pin id="527" dir="0" index="0" bw="1" slack="0"/>
<pin id="528" dir="0" index="1" bw="2" slack="0"/>
<pin id="529" dir="0" index="2" bw="1" slack="0"/>
<pin id="530" dir="1" index="3" bw="1" slack="0"/>
</pin_list>
<bind>
<opcode="bitselect(1000) " fcode="bitselect"/>
<opset="p_Result_s/4 "/>
</bind>
</comp>

<comp id="534" class="1004" name="tmp_26_fu_534">
<pin_list>
<pin id="535" dir="0" index="0" bw="1" slack="0"/>
<pin id="536" dir="0" index="1" bw="2" slack="0"/>
<pin id="537" dir="0" index="2" bw="1" slack="0"/>
<pin id="538" dir="1" index="3" bw="1" slack="0"/>
</pin_list>
<bind>
<opcode="bitselect(1000) " fcode="bitselect"/>
<opset="tmp_26/4 "/>
</bind>
</comp>

<comp id="542" class="1004" name="zext_ln1495_fu_542">
<pin_list>
<pin id="543" dir="0" index="0" bw="1" slack="0"/>
<pin id="544" dir="1" index="1" bw="10" slack="0"/>
</pin_list>
<bind>
<opcode="zext(34) " fcode="zext"/>
<opset="zext_ln1495/4 "/>
</bind>
</comp>

<comp id="546" class="1004" name="tmp_fu_546">
<pin_list>
<pin id="547" dir="0" index="0" bw="9" slack="0"/>
<pin id="548" dir="0" index="1" bw="12" slack="0"/>
<pin id="549" dir="0" index="2" bw="3" slack="0"/>
<pin id="550" dir="0" index="3" bw="5" slack="0"/>
<pin id="551" dir="1" index="4" bw="9" slack="1"/>
</pin_list>
<bind>
<opcode="partselect(1002) " fcode="partselect"/>
<opset="tmp/4 "/>
</bind>
</comp>

<comp id="556" class="1004" name="p_Val2_4_fu_556">
<pin_list>
<pin id="557" dir="0" index="0" bw="10" slack="0"/>
<pin id="558" dir="0" index="1" bw="1" slack="0"/>
<pin id="559" dir="1" index="2" bw="10" slack="1"/>
</pin_list>
<bind>
<opcode="add(8) " fcode="add"/>
<opset="p_Val2_4/4 "/>
</bind>
</comp>

<comp id="562" class="1004" name="trunc_ln628_fu_562">
<pin_list>
<pin id="563" dir="0" index="0" bw="12" slack="0"/>
<pin id="564" dir="1" index="1" bw="2" slack="0"/>
</pin_list>
<bind>
<opcode="trunc(33) " fcode="trunc"/>
<opset="trunc_ln628/4 "/>
</bind>
</comp>

<comp id="566" class="1004" name="q_err_3rd_local_V_fu_566">
<pin_list>
<pin id="567" dir="0" index="0" bw="3" slack="0"/>
<pin id="568" dir="0" index="1" bw="1" slack="0"/>
<pin id="569" dir="0" index="2" bw="2" slack="0"/>
<pin id="570" dir="1" index="3" bw="3" slack="0"/>
</pin_list>
<bind>
<opcode="bitconcatenate(1004) " fcode="bitconcatenate"/>
<opset="q_err_3rd_local_V/4 "/>
</bind>
</comp>

<comp id="574" class="1004" name="p_load78_load_fu_574">
<pin_list>
<pin id="575" dir="0" index="0" bw="3" slack="3"/>
<pin id="576" dir="1" index="1" bw="3" slack="1"/>
</pin_list>
<bind>
<opcode="load(27) " fcode="load"/>
<opset="p_load78/4 "/>
</bind>
</comp>

<comp id="577" class="1004" name="conv_i5870_load_1_load_fu_577">
<pin_list>
<pin id="578" dir="0" index="0" bw="3" slack="3"/>
<pin id="579" dir="1" index="1" bw="3" slack="0"/>
</pin_list>
<bind>
<opcode="load(27) " fcode="load"/>
<opset="conv_i5870_load_1/4 "/>
</bind>
</comp>

<comp id="580" class="1004" name="conv_i58_172_load_load_fu_580">
<pin_list>
<pin id="581" dir="0" index="0" bw="3" slack="3"/>
<pin id="582" dir="1" index="1" bw="3" slack="0"/>
</pin_list>
<bind>
<opcode="load(27) " fcode="load"/>
<opset="conv_i58_172_load/4 "/>
</bind>
</comp>

<comp id="583" class="1004" name="select_ln226_fu_583">
<pin_list>
<pin id="584" dir="0" index="0" bw="1" slack="1"/>
<pin id="585" dir="0" index="1" bw="3" slack="0"/>
<pin id="586" dir="0" index="2" bw="3" slack="0"/>
<pin id="587" dir="1" index="3" bw="3" slack="0"/>
</pin_list>
<bind>
<opcode="select(49) " fcode="select"/>
<opset="select_ln226/4 "/>
</bind>
</comp>

<comp id="590" class="1004" name="select_ln226_1_fu_590">
<pin_list>
<pin id="591" dir="0" index="0" bw="1" slack="1"/>
<pin id="592" dir="0" index="1" bw="3" slack="0"/>
<pin id="593" dir="0" index="2" bw="3" slack="0"/>
<pin id="594" dir="1" index="3" bw="3" slack="0"/>
</pin_list>
<bind>
<opcode="select(49) " fcode="select"/>
<opset="select_ln226_1/4 "/>
</bind>
</comp>

<comp id="597" class="1004" name="in_pixel_1_fu_597">
<pin_list>
<pin id="598" dir="0" index="0" bw="10" slack="0"/>
<pin id="599" dir="0" index="1" bw="30" slack="0"/>
<pin id="600" dir="0" index="2" bw="5" slack="0"/>
<pin id="601" dir="0" index="3" bw="6" slack="0"/>
<pin id="602" dir="1" index="4" bw="10" slack="0"/>
</pin_list>
<bind>
<opcode="partselect(1002) " fcode="partselect"/>
<opset="in_pixel_1/4 "/>
</bind>
</comp>

<comp id="607" class="1004" name="sext_ln1494_1_fu_607">
<pin_list>
<pin id="608" dir="0" index="0" bw="3" slack="0"/>
<pin id="609" dir="1" index="1" bw="12" slack="0"/>
</pin_list>
<bind>
<opcode="sext(35) " fcode="sext"/>
<opset="sext_ln1494_1/4 "/>
</bind>
</comp>

<comp id="611" class="1004" name="tmp_30_fu_611">
<pin_list>
<pin id="612" dir="0" index="0" bw="6" slack="0"/>
<pin id="613" dir="0" index="1" bw="3" slack="0"/>
<pin id="614" dir="0" index="2" bw="1" slack="0"/>
<pin id="615" dir="1" index="3" bw="6" slack="0"/>
</pin_list>
<bind>
<opcode="bitconcatenate(1004) " fcode="bitconcatenate"/>
<opset="tmp_30/4 "/>
</bind>
</comp>

<comp id="619" class="1004" name="sext_ln205_1_fu_619">
<pin_list>
<pin id="620" dir="0" index="0" bw="6" slack="0"/>
<pin id="621" dir="1" index="1" bw="12" slack="0"/>
</pin_list>
<bind>
<opcode="sext(35) " fcode="sext"/>
<opset="sext_ln205_1/4 "/>
</bind>
</comp>

<comp id="623" class="1004" name="q_2nd_err_scale7_1_fu_623">
<pin_list>
<pin id="624" dir="0" index="0" bw="6" slack="0"/>
<pin id="625" dir="0" index="1" bw="3" slack="0"/>
<pin id="626" dir="1" index="2" bw="12" slack="0"/>
</pin_list>
<bind>
<opcode="sub(10) " fcode="sub"/>
<opset="q_2nd_err_scale7_1/4 "/>
</bind>
</comp>

<comp id="629" class="1004" name="q_2nd_err_scale7by16_V_1_fu_629">
<pin_list>
<pin id="630" dir="0" index="0" bw="8" slack="0"/>
<pin id="631" dir="0" index="1" bw="7" slack="0"/>
<pin id="632" dir="0" index="2" bw="4" slack="0"/>
<pin id="633" dir="0" index="3" bw="5" slack="0"/>
<pin id="634" dir="1" index="4" bw="8" slack="0"/>
</pin_list>
<bind>
<opcode="partselect(1002) " fcode="partselect"/>
<opset="q_2nd_err_scale7by16_V_1/4 "/>
</bind>
</comp>

<comp id="639" class="1004" name="sext_ln209_2_fu_639">
<pin_list>
<pin id="640" dir="0" index="0" bw="9" slack="1"/>
<pin id="641" dir="1" index="1" bw="12" slack="0"/>
</pin_list>
<bind>
<opcode="sext(35) " fcode="sext"/>
<opset="sext_ln209_2/4 "/>
</bind>
</comp>

<comp id="642" class="1004" name="zext_ln209_1_fu_642">
<pin_list>
<pin id="643" dir="0" index="0" bw="10" slack="0"/>
<pin id="644" dir="1" index="1" bw="12" slack="0"/>
</pin_list>
<bind>
<opcode="zext(34) " fcode="zext"/>
<opset="zext_ln209_1/4 "/>
</bind>
</comp>

<comp id="646" class="1004" name="sext_ln209_3_fu_646">
<pin_list>
<pin id="647" dir="0" index="0" bw="8" slack="0"/>
<pin id="648" dir="1" index="1" bw="12" slack="0"/>
</pin_list>
<bind>
<opcode="sext(35) " fcode="sext"/>
<opset="sext_ln209_3/4 "/>
</bind>
</comp>

<comp id="650" class="1004" name="trunc_ln209_3_fu_650">
<pin_list>
<pin id="651" dir="0" index="0" bw="2" slack="0"/>
<pin id="652" dir="0" index="1" bw="30" slack="0"/>
<pin id="653" dir="0" index="2" bw="5" slack="0"/>
<pin id="654" dir="0" index="3" bw="5" slack="0"/>
<pin id="655" dir="1" index="4" bw="2" slack="0"/>
</pin_list>
<bind>
<opcode="partselect(1002) " fcode="partselect"/>
<opset="trunc_ln209_3/4 "/>
</bind>
</comp>

<comp id="660" class="1004" name="trunc_ln209_4_fu_660">
<pin_list>
<pin id="661" dir="0" index="0" bw="2" slack="0"/>
<pin id="662" dir="0" index="1" bw="7" slack="0"/>
<pin id="663" dir="0" index="2" bw="4" slack="0"/>
<pin id="664" dir="0" index="3" bw="4" slack="0"/>
<pin id="665" dir="1" index="4" bw="2" slack="0"/>
</pin_list>
<bind>
<opcode="partselect(1002) " fcode="partselect"/>
<opset="trunc_ln209_4/4 "/>
</bind>
</comp>

<comp id="670" class="1004" name="add_ln209_2_fu_670">
<pin_list>
<pin id="671" dir="0" index="0" bw="9" slack="0"/>
<pin id="672" dir="0" index="1" bw="10" slack="0"/>
<pin id="673" dir="1" index="2" bw="12" slack="0"/>
</pin_list>
<bind>
<opcode="add(8) " fcode="add"/>
<opset="add_ln209_2/4 "/>
</bind>
</comp>

<comp id="676" class="1004" name="quatizer_in_V_1_fu_676">
<pin_list>
<pin id="677" dir="0" index="0" bw="12" slack="0"/>
<pin id="678" dir="0" index="1" bw="8" slack="0"/>
<pin id="679" dir="1" index="2" bw="12" slack="0"/>
</pin_list>
<bind>
<opcode="add(8) " fcode="add"/>
<opset="quatizer_in_V_1/4 "/>
</bind>
</comp>

<comp id="682" class="1004" name="add_ln208_2_fu_682">
<pin_list>
<pin id="683" dir="0" index="0" bw="2" slack="0"/>
<pin id="684" dir="0" index="1" bw="2" slack="1"/>
<pin id="685" dir="1" index="2" bw="2" slack="0"/>
</pin_list>
<bind>
<opcode="add(8) " fcode="add"/>
<opset="add_ln208_2/4 "/>
</bind>
</comp>

<comp id="687" class="1004" name="add_ln208_3_fu_687">
<pin_list>
<pin id="688" dir="0" index="0" bw="2" slack="0"/>
<pin id="689" dir="0" index="1" bw="2" slack="0"/>
<pin id="690" dir="1" index="2" bw="2" slack="0"/>
</pin_list>
<bind>
<opcode="add(8) " fcode="add"/>
<opset="add_ln208_3/4 "/>
</bind>
</comp>

<comp id="693" class="1004" name="lhs_V_6_fu_693">
<pin_list>
<pin id="694" dir="0" index="0" bw="10" slack="0"/>
<pin id="695" dir="0" index="1" bw="12" slack="0"/>
<pin id="696" dir="0" index="2" bw="3" slack="0"/>
<pin id="697" dir="0" index="3" bw="5" slack="0"/>
<pin id="698" dir="1" index="4" bw="10" slack="0"/>
</pin_list>
<bind>
<opcode="partselect(1002) " fcode="partselect"/>
<opset="lhs_V_6/4 "/>
</bind>
</comp>

<comp id="703" class="1004" name="p_Result_7_fu_703">
<pin_list>
<pin id="704" dir="0" index="0" bw="1" slack="0"/>
<pin id="705" dir="0" index="1" bw="2" slack="0"/>
<pin id="706" dir="0" index="2" bw="1" slack="0"/>
<pin id="707" dir="1" index="3" bw="1" slack="0"/>
</pin_list>
<bind>
<opcode="bitselect(1000) " fcode="bitselect"/>
<opset="p_Result_7/4 "/>
</bind>
</comp>

<comp id="711" class="1004" name="tmp_32_fu_711">
<pin_list>
<pin id="712" dir="0" index="0" bw="1" slack="0"/>
<pin id="713" dir="0" index="1" bw="2" slack="0"/>
<pin id="714" dir="0" index="2" bw="1" slack="0"/>
<pin id="715" dir="1" index="3" bw="1" slack="0"/>
</pin_list>
<bind>
<opcode="bitselect(1000) " fcode="bitselect"/>
<opset="tmp_32/4 "/>
</bind>
</comp>

<comp id="719" class="1004" name="zext_ln1495_2_fu_719">
<pin_list>
<pin id="720" dir="0" index="0" bw="1" slack="0"/>
<pin id="721" dir="1" index="1" bw="10" slack="0"/>
</pin_list>
<bind>
<opcode="zext(34) " fcode="zext"/>
<opset="zext_ln1495_2/4 "/>
</bind>
</comp>

<comp id="723" class="1004" name="tmp_s_fu_723">
<pin_list>
<pin id="724" dir="0" index="0" bw="9" slack="0"/>
<pin id="725" dir="0" index="1" bw="12" slack="0"/>
<pin id="726" dir="0" index="2" bw="3" slack="0"/>
<pin id="727" dir="0" index="3" bw="5" slack="0"/>
<pin id="728" dir="1" index="4" bw="9" slack="1"/>
</pin_list>
<bind>
<opcode="partselect(1002) " fcode="partselect"/>
<opset="tmp_s/4 "/>
</bind>
</comp>

<comp id="733" class="1004" name="p_Val2_8_fu_733">
<pin_list>
<pin id="734" dir="0" index="0" bw="10" slack="0"/>
<pin id="735" dir="0" index="1" bw="1" slack="0"/>
<pin id="736" dir="1" index="2" bw="10" slack="1"/>
</pin_list>
<bind>
<opcode="add(8) " fcode="add"/>
<opset="p_Val2_8/4 "/>
</bind>
</comp>

<comp id="739" class="1004" name="trunc_ln628_2_fu_739">
<pin_list>
<pin id="740" dir="0" index="0" bw="12" slack="0"/>
<pin id="741" dir="1" index="1" bw="2" slack="0"/>
</pin_list>
<bind>
<opcode="trunc(33) " fcode="trunc"/>
<opset="trunc_ln628_2/4 "/>
</bind>
</comp>

<comp id="743" class="1004" name="q_err_3rd_local_V_1_fu_743">
<pin_list>
<pin id="744" dir="0" index="0" bw="3" slack="0"/>
<pin id="745" dir="0" index="1" bw="1" slack="0"/>
<pin id="746" dir="0" index="2" bw="2" slack="0"/>
<pin id="747" dir="1" index="3" bw="3" slack="0"/>
</pin_list>
<bind>
<opcode="bitconcatenate(1004) " fcode="bitconcatenate"/>
<opset="q_err_3rd_local_V_1/4 "/>
</bind>
</comp>

<comp id="751" class="1004" name="p_load_load_fu_751">
<pin_list>
<pin id="752" dir="0" index="0" bw="3" slack="3"/>
<pin id="753" dir="1" index="1" bw="3" slack="1"/>
</pin_list>
<bind>
<opcode="load(27) " fcode="load"/>
<opset="p_load/4 "/>
</bind>
</comp>

<comp id="754" class="1004" name="conv_i58_172_load_1_load_fu_754">
<pin_list>
<pin id="755" dir="0" index="0" bw="3" slack="3"/>
<pin id="756" dir="1" index="1" bw="3" slack="0"/>
</pin_list>
<bind>
<opcode="load(27) " fcode="load"/>
<opset="conv_i58_172_load_1/4 "/>
</bind>
</comp>

<comp id="757" class="1004" name="conv_i58_274_load_load_fu_757">
<pin_list>
<pin id="758" dir="0" index="0" bw="3" slack="3"/>
<pin id="759" dir="1" index="1" bw="3" slack="0"/>
</pin_list>
<bind>
<opcode="load(27) " fcode="load"/>
<opset="conv_i58_274_load/4 "/>
</bind>
</comp>

<comp id="760" class="1004" name="select_ln226_2_fu_760">
<pin_list>
<pin id="761" dir="0" index="0" bw="1" slack="1"/>
<pin id="762" dir="0" index="1" bw="3" slack="0"/>
<pin id="763" dir="0" index="2" bw="3" slack="0"/>
<pin id="764" dir="1" index="3" bw="3" slack="0"/>
</pin_list>
<bind>
<opcode="select(49) " fcode="select"/>
<opset="select_ln226_2/4 "/>
</bind>
</comp>

<comp id="767" class="1004" name="select_ln226_3_fu_767">
<pin_list>
<pin id="768" dir="0" index="0" bw="1" slack="1"/>
<pin id="769" dir="0" index="1" bw="3" slack="0"/>
<pin id="770" dir="0" index="2" bw="3" slack="0"/>
<pin id="771" dir="1" index="3" bw="3" slack="0"/>
</pin_list>
<bind>
<opcode="select(49) " fcode="select"/>
<opset="select_ln226_3/4 "/>
</bind>
</comp>

<comp id="774" class="1004" name="in_pixel_2_fu_774">
<pin_list>
<pin id="775" dir="0" index="0" bw="10" slack="0"/>
<pin id="776" dir="0" index="1" bw="30" slack="0"/>
<pin id="777" dir="0" index="2" bw="6" slack="0"/>
<pin id="778" dir="0" index="3" bw="6" slack="0"/>
<pin id="779" dir="1" index="4" bw="10" slack="0"/>
</pin_list>
<bind>
<opcode="partselect(1002) " fcode="partselect"/>
<opset="in_pixel_2/4 "/>
</bind>
</comp>

<comp id="784" class="1004" name="sext_ln1494_2_fu_784">
<pin_list>
<pin id="785" dir="0" index="0" bw="3" slack="0"/>
<pin id="786" dir="1" index="1" bw="12" slack="0"/>
</pin_list>
<bind>
<opcode="sext(35) " fcode="sext"/>
<opset="sext_ln1494_2/4 "/>
</bind>
</comp>

<comp id="788" class="1004" name="tmp_36_fu_788">
<pin_list>
<pin id="789" dir="0" index="0" bw="6" slack="0"/>
<pin id="790" dir="0" index="1" bw="3" slack="0"/>
<pin id="791" dir="0" index="2" bw="1" slack="0"/>
<pin id="792" dir="1" index="3" bw="6" slack="0"/>
</pin_list>
<bind>
<opcode="bitconcatenate(1004) " fcode="bitconcatenate"/>
<opset="tmp_36/4 "/>
</bind>
</comp>

<comp id="796" class="1004" name="sext_ln205_2_fu_796">
<pin_list>
<pin id="797" dir="0" index="0" bw="6" slack="0"/>
<pin id="798" dir="1" index="1" bw="12" slack="0"/>
</pin_list>
<bind>
<opcode="sext(35) " fcode="sext"/>
<opset="sext_ln205_2/4 "/>
</bind>
</comp>

<comp id="800" class="1004" name="q_2nd_err_scale7_fu_800">
<pin_list>
<pin id="801" dir="0" index="0" bw="6" slack="0"/>
<pin id="802" dir="0" index="1" bw="3" slack="0"/>
<pin id="803" dir="1" index="2" bw="12" slack="0"/>
</pin_list>
<bind>
<opcode="sub(10) " fcode="sub"/>
<opset="q_2nd_err_scale7/4 "/>
</bind>
</comp>

<comp id="806" class="1004" name="q_2nd_err_scale7by16_V_2_fu_806">
<pin_list>
<pin id="807" dir="0" index="0" bw="8" slack="0"/>
<pin id="808" dir="0" index="1" bw="7" slack="0"/>
<pin id="809" dir="0" index="2" bw="4" slack="0"/>
<pin id="810" dir="0" index="3" bw="5" slack="0"/>
<pin id="811" dir="1" index="4" bw="8" slack="0"/>
</pin_list>
<bind>
<opcode="partselect(1002) " fcode="partselect"/>
<opset="q_2nd_err_scale7by16_V_2/4 "/>
</bind>
</comp>

<comp id="816" class="1004" name="sext_ln209_4_fu_816">
<pin_list>
<pin id="817" dir="0" index="0" bw="9" slack="1"/>
<pin id="818" dir="1" index="1" bw="12" slack="0"/>
</pin_list>
<bind>
<opcode="sext(35) " fcode="sext"/>
<opset="sext_ln209_4/4 "/>
</bind>
</comp>

<comp id="819" class="1004" name="zext_ln209_2_fu_819">
<pin_list>
<pin id="820" dir="0" index="0" bw="10" slack="0"/>
<pin id="821" dir="1" index="1" bw="12" slack="0"/>
</pin_list>
<bind>
<opcode="zext(34) " fcode="zext"/>
<opset="zext_ln209_2/4 "/>
</bind>
</comp>

<comp id="823" class="1004" name="sext_ln209_5_fu_823">
<pin_list>
<pin id="824" dir="0" index="0" bw="8" slack="0"/>
<pin id="825" dir="1" index="1" bw="12" slack="0"/>
</pin_list>
<bind>
<opcode="sext(35) " fcode="sext"/>
<opset="sext_ln209_5/4 "/>
</bind>
</comp>

<comp id="827" class="1004" name="trunc_ln209_6_fu_827">
<pin_list>
<pin id="828" dir="0" index="0" bw="2" slack="0"/>
<pin id="829" dir="0" index="1" bw="30" slack="0"/>
<pin id="830" dir="0" index="2" bw="6" slack="0"/>
<pin id="831" dir="0" index="3" bw="6" slack="0"/>
<pin id="832" dir="1" index="4" bw="2" slack="0"/>
</pin_list>
<bind>
<opcode="partselect(1002) " fcode="partselect"/>
<opset="trunc_ln209_6/4 "/>
</bind>
</comp>

<comp id="837" class="1004" name="trunc_ln209_7_fu_837">
<pin_list>
<pin id="838" dir="0" index="0" bw="2" slack="0"/>
<pin id="839" dir="0" index="1" bw="7" slack="0"/>
<pin id="840" dir="0" index="2" bw="4" slack="0"/>
<pin id="841" dir="0" index="3" bw="4" slack="0"/>
<pin id="842" dir="1" index="4" bw="2" slack="0"/>
</pin_list>
<bind>
<opcode="partselect(1002) " fcode="partselect"/>
<opset="trunc_ln209_7/4 "/>
</bind>
</comp>

<comp id="847" class="1004" name="add_ln209_4_fu_847">
<pin_list>
<pin id="848" dir="0" index="0" bw="9" slack="0"/>
<pin id="849" dir="0" index="1" bw="10" slack="0"/>
<pin id="850" dir="1" index="2" bw="12" slack="0"/>
</pin_list>
<bind>
<opcode="add(8) " fcode="add"/>
<opset="add_ln209_4/4 "/>
</bind>
</comp>

<comp id="853" class="1004" name="quatizer_in_V_fu_853">
<pin_list>
<pin id="854" dir="0" index="0" bw="12" slack="0"/>
<pin id="855" dir="0" index="1" bw="8" slack="0"/>
<pin id="856" dir="1" index="2" bw="12" slack="0"/>
</pin_list>
<bind>
<opcode="add(8) " fcode="add"/>
<opset="quatizer_in_V/4 "/>
</bind>
</comp>

<comp id="859" class="1004" name="add_ln208_4_fu_859">
<pin_list>
<pin id="860" dir="0" index="0" bw="2" slack="0"/>
<pin id="861" dir="0" index="1" bw="2" slack="1"/>
<pin id="862" dir="1" index="2" bw="2" slack="0"/>
</pin_list>
<bind>
<opcode="add(8) " fcode="add"/>
<opset="add_ln208_4/4 "/>
</bind>
</comp>

<comp id="864" class="1004" name="add_ln208_5_fu_864">
<pin_list>
<pin id="865" dir="0" index="0" bw="2" slack="0"/>
<pin id="866" dir="0" index="1" bw="2" slack="0"/>
<pin id="867" dir="1" index="2" bw="2" slack="0"/>
</pin_list>
<bind>
<opcode="add(8) " fcode="add"/>
<opset="add_ln208_5/4 "/>
</bind>
</comp>

<comp id="870" class="1004" name="lhs_V_7_fu_870">
<pin_list>
<pin id="871" dir="0" index="0" bw="10" slack="0"/>
<pin id="872" dir="0" index="1" bw="12" slack="0"/>
<pin id="873" dir="0" index="2" bw="3" slack="0"/>
<pin id="874" dir="0" index="3" bw="5" slack="0"/>
<pin id="875" dir="1" index="4" bw="10" slack="0"/>
</pin_list>
<bind>
<opcode="partselect(1002) " fcode="partselect"/>
<opset="lhs_V_7/4 "/>
</bind>
</comp>

<comp id="880" class="1004" name="p_Result_10_fu_880">
<pin_list>
<pin id="881" dir="0" index="0" bw="1" slack="0"/>
<pin id="882" dir="0" index="1" bw="2" slack="0"/>
<pin id="883" dir="0" index="2" bw="1" slack="0"/>
<pin id="884" dir="1" index="3" bw="1" slack="0"/>
</pin_list>
<bind>
<opcode="bitselect(1000) " fcode="bitselect"/>
<opset="p_Result_10/4 "/>
</bind>
</comp>

<comp id="888" class="1004" name="tmp_38_fu_888">
<pin_list>
<pin id="889" dir="0" index="0" bw="1" slack="0"/>
<pin id="890" dir="0" index="1" bw="2" slack="0"/>
<pin id="891" dir="0" index="2" bw="1" slack="0"/>
<pin id="892" dir="1" index="3" bw="1" slack="0"/>
</pin_list>
<bind>
<opcode="bitselect(1000) " fcode="bitselect"/>
<opset="tmp_38/4 "/>
</bind>
</comp>

<comp id="896" class="1004" name="zext_ln1495_4_fu_896">
<pin_list>
<pin id="897" dir="0" index="0" bw="1" slack="0"/>
<pin id="898" dir="1" index="1" bw="10" slack="0"/>
</pin_list>
<bind>
<opcode="zext(34) " fcode="zext"/>
<opset="zext_ln1495_4/4 "/>
</bind>
</comp>

<comp id="900" class="1004" name="tmp_8_fu_900">
<pin_list>
<pin id="901" dir="0" index="0" bw="9" slack="0"/>
<pin id="902" dir="0" index="1" bw="12" slack="0"/>
<pin id="903" dir="0" index="2" bw="3" slack="0"/>
<pin id="904" dir="0" index="3" bw="5" slack="0"/>
<pin id="905" dir="1" index="4" bw="9" slack="1"/>
</pin_list>
<bind>
<opcode="partselect(1002) " fcode="partselect"/>
<opset="tmp_8/4 "/>
</bind>
</comp>

<comp id="910" class="1004" name="p_Val2_12_fu_910">
<pin_list>
<pin id="911" dir="0" index="0" bw="10" slack="0"/>
<pin id="912" dir="0" index="1" bw="1" slack="0"/>
<pin id="913" dir="1" index="2" bw="10" slack="1"/>
</pin_list>
<bind>
<opcode="add(8) " fcode="add"/>
<opset="p_Val2_12/4 "/>
</bind>
</comp>

<comp id="916" class="1004" name="trunc_ln628_4_fu_916">
<pin_list>
<pin id="917" dir="0" index="0" bw="12" slack="0"/>
<pin id="918" dir="1" index="1" bw="2" slack="0"/>
</pin_list>
<bind>
<opcode="trunc(33) " fcode="trunc"/>
<opset="trunc_ln628_4/4 "/>
</bind>
</comp>

<comp id="920" class="1004" name="q_err_3rd_local_V_2_fu_920">
<pin_list>
<pin id="921" dir="0" index="0" bw="3" slack="0"/>
<pin id="922" dir="0" index="1" bw="1" slack="0"/>
<pin id="923" dir="0" index="2" bw="2" slack="0"/>
<pin id="924" dir="1" index="3" bw="3" slack="0"/>
</pin_list>
<bind>
<opcode="bitconcatenate(1004) " fcode="bitconcatenate"/>
<opset="q_err_3rd_local_V_2/4 "/>
</bind>
</comp>

<comp id="928" class="1004" name="conv_i58_274_load_1_load_fu_928">
<pin_list>
<pin id="929" dir="0" index="0" bw="3" slack="3"/>
<pin id="930" dir="1" index="1" bw="3" slack="0"/>
</pin_list>
<bind>
<opcode="load(27) " fcode="load"/>
<opset="conv_i58_274_load_1/4 "/>
</bind>
</comp>

<comp id="931" class="1004" name="select_ln226_4_fu_931">
<pin_list>
<pin id="932" dir="0" index="0" bw="1" slack="1"/>
<pin id="933" dir="0" index="1" bw="3" slack="0"/>
<pin id="934" dir="0" index="2" bw="3" slack="0"/>
<pin id="935" dir="1" index="3" bw="3" slack="0"/>
</pin_list>
<bind>
<opcode="select(49) " fcode="select"/>
<opset="select_ln226_4/4 "/>
</bind>
</comp>

<comp id="938" class="1004" name="select_ln226_5_fu_938">
<pin_list>
<pin id="939" dir="0" index="0" bw="1" slack="1"/>
<pin id="940" dir="0" index="1" bw="3" slack="0"/>
<pin id="941" dir="0" index="2" bw="3" slack="0"/>
<pin id="942" dir="1" index="3" bw="3" slack="0"/>
</pin_list>
<bind>
<opcode="select(49) " fcode="select"/>
<opset="select_ln226_5/4 "/>
</bind>
</comp>

<comp id="945" class="1004" name="store_ln178_store_fu_945">
<pin_list>
<pin id="946" dir="0" index="0" bw="3" slack="0"/>
<pin id="947" dir="0" index="1" bw="3" slack="3"/>
<pin id="948" dir="1" index="2" bw="0" slack="2147483647"/>
</pin_list>
<bind>
<opcode="store(28) " fcode="store"/>
<opset="store_ln178/4 "/>
</bind>
</comp>

<comp id="950" class="1004" name="store_ln178_store_fu_950">
<pin_list>
<pin id="951" dir="0" index="0" bw="3" slack="0"/>
<pin id="952" dir="0" index="1" bw="3" slack="3"/>
<pin id="953" dir="1" index="2" bw="0" slack="2147483647"/>
</pin_list>
<bind>
<opcode="store(28) " fcode="store"/>
<opset="store_ln178/4 "/>
</bind>
</comp>

<comp id="955" class="1004" name="store_ln178_store_fu_955">
<pin_list>
<pin id="956" dir="0" index="0" bw="3" slack="0"/>
<pin id="957" dir="0" index="1" bw="3" slack="3"/>
<pin id="958" dir="1" index="2" bw="0" slack="2147483647"/>
</pin_list>
<bind>
<opcode="store(28) " fcode="store"/>
<opset="store_ln178/4 "/>
</bind>
</comp>

<comp id="960" class="1004" name="store_ln178_store_fu_960">
<pin_list>
<pin id="961" dir="0" index="0" bw="3" slack="0"/>
<pin id="962" dir="0" index="1" bw="3" slack="3"/>
<pin id="963" dir="1" index="2" bw="0" slack="2147483647"/>
</pin_list>
<bind>
<opcode="store(28) " fcode="store"/>
<opset="store_ln178/4 "/>
</bind>
</comp>

<comp id="965" class="1004" name="store_ln178_store_fu_965">
<pin_list>
<pin id="966" dir="0" index="0" bw="3" slack="0"/>
<pin id="967" dir="0" index="1" bw="3" slack="3"/>
<pin id="968" dir="1" index="2" bw="0" slack="2147483647"/>
</pin_list>
<bind>
<opcode="store(28) " fcode="store"/>
<opset="store_ln178/4 "/>
</bind>
</comp>

<comp id="970" class="1004" name="store_ln178_store_fu_970">
<pin_list>
<pin id="971" dir="0" index="0" bw="3" slack="0"/>
<pin id="972" dir="0" index="1" bw="3" slack="3"/>
<pin id="973" dir="1" index="2" bw="0" slack="2147483647"/>
</pin_list>
<bind>
<opcode="store(28) " fcode="store"/>
<opset="store_ln178/4 "/>
</bind>
</comp>

<comp id="975" class="1004" name="sub232_fu_975">
<pin_list>
<pin id="976" dir="0" index="0" bw="11" slack="3"/>
<pin id="977" dir="0" index="1" bw="1" slack="0"/>
<pin id="978" dir="1" index="2" bw="11" slack="0"/>
</pin_list>
<bind>
<opcode="add(8) " fcode="add"/>
<opset="sub232/5 "/>
</bind>
</comp>

<comp id="980" class="1004" name="idxprom233_fu_980">
<pin_list>
<pin id="981" dir="0" index="0" bw="11" slack="0"/>
<pin id="982" dir="1" index="1" bw="64" slack="0"/>
</pin_list>
<bind>
<opcode="zext(34) " fcode="zext"/>
<opset="idxprom233/5 "/>
</bind>
</comp>

<comp id="987" class="1004" name="sext_ln1494_3_fu_987">
<pin_list>
<pin id="988" dir="0" index="0" bw="3" slack="1"/>
<pin id="989" dir="1" index="1" bw="6" slack="0"/>
</pin_list>
<bind>
<opcode="sext(35) " fcode="sext"/>
<opset="sext_ln1494_3/5 "/>
</bind>
</comp>

<comp id="990" class="1004" name="zext_ln1495_1_fu_990">
<pin_list>
<pin id="991" dir="0" index="0" bw="1" slack="1"/>
<pin id="992" dir="1" index="1" bw="9" slack="0"/>
</pin_list>
<bind>
<opcode="zext(34) " fcode="zext"/>
<opset="zext_ln1495_1/5 "/>
</bind>
</comp>

<comp id="993" class="1004" name="add_ln212_fu_993">
<pin_list>
<pin id="994" dir="0" index="0" bw="9" slack="1"/>
<pin id="995" dir="0" index="1" bw="1" slack="0"/>
<pin id="996" dir="1" index="2" bw="9" slack="0"/>
</pin_list>
<bind>
<opcode="add(8) " fcode="add"/>
<opset="add_ln212/5 "/>
</bind>
</comp>

<comp id="998" class="1004" name="shl_ln1_fu_998">
<pin_list>
<pin id="999" dir="0" index="0" bw="5" slack="0"/>
<pin id="1000" dir="0" index="1" bw="3" slack="1"/>
<pin id="1001" dir="0" index="2" bw="1" slack="0"/>
<pin id="1002" dir="1" index="3" bw="5" slack="0"/>
</pin_list>
<bind>
<opcode="bitconcatenate(1004) " fcode="bitconcatenate"/>
<opset="shl_ln1/5 "/>
</bind>
</comp>

<comp id="1005" class="1004" name="sext_ln221_fu_1005">
<pin_list>
<pin id="1006" dir="0" index="0" bw="5" slack="0"/>
<pin id="1007" dir="1" index="1" bw="6" slack="0"/>
</pin_list>
<bind>
<opcode="sext(35) " fcode="sext"/>
<opset="sext_ln221/5 "/>
</bind>
</comp>

<comp id="1009" class="1004" name="sext_ln221_1_fu_1009">
<pin_list>
<pin id="1010" dir="0" index="0" bw="3" slack="1"/>
<pin id="1011" dir="1" index="1" bw="6" slack="0"/>
</pin_list>
<bind>
<opcode="sext(35) " fcode="sext"/>
<opset="sext_ln221_1/5 "/>
</bind>
</comp>

<comp id="1012" class="1004" name="sext_ln221_2_fu_1012">
<pin_list>
<pin id="1013" dir="0" index="0" bw="3" slack="1"/>
<pin id="1014" dir="1" index="1" bw="6" slack="0"/>
</pin_list>
<bind>
<opcode="sext(35) " fcode="sext"/>
<opset="sext_ln221_2/5 "/>
</bind>
</comp>

<comp id="1015" class="1004" name="shl_ln221_1_fu_1015">
<pin_list>
<pin id="1016" dir="0" index="0" bw="5" slack="0"/>
<pin id="1017" dir="0" index="1" bw="1" slack="1"/>
<pin id="1018" dir="0" index="2" bw="2" slack="1"/>
<pin id="1019" dir="0" index="3" bw="1" slack="0"/>
<pin id="1020" dir="1" index="4" bw="5" slack="0"/>
</pin_list>
<bind>
<opcode="bitconcatenate(1004) " fcode="bitconcatenate"/>
<opset="shl_ln221_1/5 "/>
</bind>
</comp>

<comp id="1023" class="1004" name="sext_ln221_3_fu_1023">
<pin_list>
<pin id="1024" dir="0" index="0" bw="5" slack="0"/>
<pin id="1025" dir="1" index="1" bw="6" slack="0"/>
</pin_list>
<bind>
<opcode="sext(35) " fcode="sext"/>
<opset="sext_ln221_3/5 "/>
</bind>
</comp>

<comp id="1027" class="1004" name="sub_ln221_fu_1027">
<pin_list>
<pin id="1028" dir="0" index="0" bw="5" slack="0"/>
<pin id="1029" dir="0" index="1" bw="3" slack="0"/>
<pin id="1030" dir="1" index="2" bw="6" slack="0"/>
</pin_list>
<bind>
<opcode="sub(10) " fcode="sub"/>
<opset="sub_ln221/5 "/>
</bind>
</comp>

<comp id="1033" class="1004" name="add_ln221_fu_1033">
<pin_list>
<pin id="1034" dir="0" index="0" bw="5" slack="0"/>
<pin id="1035" dir="0" index="1" bw="3" slack="0"/>
<pin id="1036" dir="1" index="2" bw="6" slack="0"/>
</pin_list>
<bind>
<opcode="add(8) " fcode="add"/>
<opset="add_ln221/5 "/>
</bind>
</comp>

<comp id="1039" class="1004" name="sext_ln221_4_fu_1039">
<pin_list>
<pin id="1040" dir="0" index="0" bw="6" slack="0"/>
<pin id="1041" dir="1" index="1" bw="7" slack="0"/>
</pin_list>
<bind>
<opcode="sext(35) " fcode="sext"/>
<opset="sext_ln221_4/5 "/>
</bind>
</comp>

<comp id="1043" class="1004" name="add_ln221_1_fu_1043">
<pin_list>
<pin id="1044" dir="0" index="0" bw="3" slack="0"/>
<pin id="1045" dir="0" index="1" bw="6" slack="0"/>
<pin id="1046" dir="1" index="2" bw="6" slack="0"/>
</pin_list>
<bind>
<opcode="add(8) " fcode="add"/>
<opset="add_ln221_1/5 "/>
</bind>
</comp>

<comp id="1049" class="1004" name="sext_ln221_5_fu_1049">
<pin_list>
<pin id="1050" dir="0" index="0" bw="6" slack="0"/>
<pin id="1051" dir="1" index="1" bw="7" slack="0"/>
</pin_list>
<bind>
<opcode="sext(35) " fcode="sext"/>
<opset="sext_ln221_5/5 "/>
</bind>
</comp>

<comp id="1053" class="1004" name="sum_tmp_V_2_fu_1053">
<pin_list>
<pin id="1054" dir="0" index="0" bw="6" slack="0"/>
<pin id="1055" dir="0" index="1" bw="6" slack="0"/>
<pin id="1056" dir="1" index="2" bw="7" slack="0"/>
</pin_list>
<bind>
<opcode="add(8) " fcode="add"/>
<opset="sum_tmp_V_2/5 "/>
</bind>
</comp>

<comp id="1059" class="1004" name="tmp_27_fu_1059">
<pin_list>
<pin id="1060" dir="0" index="0" bw="3" slack="0"/>
<pin id="1061" dir="0" index="1" bw="7" slack="0"/>
<pin id="1062" dir="0" index="2" bw="4" slack="0"/>
<pin id="1063" dir="0" index="3" bw="4" slack="0"/>
<pin id="1064" dir="1" index="4" bw="3" slack="0"/>
</pin_list>
<bind>
<opcode="partselect(1002) " fcode="partselect"/>
<opset="tmp_27/5 "/>
</bind>
</comp>

<comp id="1069" class="1004" name="sext_ln628_fu_1069">
<pin_list>
<pin id="1070" dir="0" index="0" bw="3" slack="0"/>
<pin id="1071" dir="1" index="1" bw="9" slack="0"/>
</pin_list>
<bind>
<opcode="sext(35) " fcode="sext"/>
<opset="sext_ln628/5 "/>
</bind>
</comp>

<comp id="1073" class="1004" name="p_0_0_045228_load_load_fu_1073">
<pin_list>
<pin id="1074" dir="0" index="0" bw="9" slack="4"/>
<pin id="1075" dir="1" index="1" bw="9" slack="0"/>
</pin_list>
<bind>
<opcode="load(27) " fcode="load"/>
<opset="p_0_0_045228_load/5 "/>
</bind>
</comp>

<comp id="1077" class="1004" name="p_Result_6_fu_1077">
<pin_list>
<pin id="1078" dir="0" index="0" bw="1" slack="0"/>
<pin id="1079" dir="0" index="1" bw="10" slack="1"/>
<pin id="1080" dir="0" index="2" bw="5" slack="0"/>
<pin id="1081" dir="1" index="3" bw="1" slack="0"/>
</pin_list>
<bind>
<opcode="bitselect(1000) " fcode="bitselect"/>
<opset="p_Result_6/5 "/>
</bind>
</comp>

<comp id="1084" class="1004" name="or_ln240_fu_1084">
<pin_list>
<pin id="1085" dir="0" index="0" bw="1" slack="2"/>
<pin id="1086" dir="0" index="1" bw="1" slack="0"/>
<pin id="1087" dir="1" index="2" bw="1" slack="0"/>
</pin_list>
<bind>
<opcode="or(24) " fcode="or"/>
<opset="or_ln240/5 "/>
</bind>
</comp>

<comp id="1089" class="1004" name="tmp_29_fu_1089">
<pin_list>
<pin id="1090" dir="0" index="0" bw="1" slack="0"/>
<pin id="1091" dir="0" index="1" bw="9" slack="0"/>
<pin id="1092" dir="0" index="2" bw="5" slack="0"/>
<pin id="1093" dir="1" index="3" bw="1" slack="0"/>
</pin_list>
<bind>
<opcode="bitselect(1000) " fcode="bitselect"/>
<opset="tmp_29/5 "/>
</bind>
</comp>

<comp id="1097" class="1004" name="out_tmp_V_fu_1097">
<pin_list>
<pin id="1098" dir="0" index="0" bw="10" slack="1"/>
<pin id="1099" dir="1" index="1" bw="8" slack="0"/>
</pin_list>
<bind>
<opcode="trunc(33) " fcode="trunc"/>
<opset="out_tmp_V/5 "/>
</bind>
</comp>

<comp id="1100" class="1004" name="or_ln779_fu_1100">
<pin_list>
<pin id="1101" dir="0" index="0" bw="1" slack="0"/>
<pin id="1102" dir="0" index="1" bw="1" slack="0"/>
<pin id="1103" dir="1" index="2" bw="1" slack="0"/>
</pin_list>
<bind>
<opcode="or(24) " fcode="or"/>
<opset="or_ln779/5 "/>
</bind>
</comp>

<comp id="1106" class="1004" name="select_ln240_fu_1106">
<pin_list>
<pin id="1107" dir="0" index="0" bw="1" slack="0"/>
<pin id="1108" dir="0" index="1" bw="8" slack="0"/>
<pin id="1109" dir="0" index="2" bw="8" slack="0"/>
<pin id="1110" dir="1" index="3" bw="8" slack="0"/>
</pin_list>
<bind>
<opcode="select(49) " fcode="select"/>
<opset="select_ln240/5 "/>
</bind>
</comp>

<comp id="1114" class="1004" name="or_ln240_3_fu_1114">
<pin_list>
<pin id="1115" dir="0" index="0" bw="1" slack="0"/>
<pin id="1116" dir="0" index="1" bw="1" slack="0"/>
<pin id="1117" dir="1" index="2" bw="1" slack="0"/>
</pin_list>
<bind>
<opcode="or(24) " fcode="or"/>
<opset="or_ln240_3/5 "/>
</bind>
</comp>

<comp id="1120" class="1004" name="out_tmp_V_1_fu_1120">
<pin_list>
<pin id="1121" dir="0" index="0" bw="1" slack="0"/>
<pin id="1122" dir="0" index="1" bw="8" slack="0"/>
<pin id="1123" dir="0" index="2" bw="8" slack="0"/>
<pin id="1124" dir="1" index="3" bw="8" slack="0"/>
</pin_list>
<bind>
<opcode="select(49) " fcode="select"/>
<opset="out_tmp_V_1/5 "/>
</bind>
</comp>

<comp id="1128" class="1004" name="sext_ln1494_4_fu_1128">
<pin_list>
<pin id="1129" dir="0" index="0" bw="3" slack="1"/>
<pin id="1130" dir="1" index="1" bw="6" slack="0"/>
</pin_list>
<bind>
<opcode="sext(35) " fcode="sext"/>
<opset="sext_ln1494_4/5 "/>
</bind>
</comp>

<comp id="1131" class="1004" name="zext_ln1495_3_fu_1131">
<pin_list>
<pin id="1132" dir="0" index="0" bw="1" slack="1"/>
<pin id="1133" dir="1" index="1" bw="9" slack="0"/>
</pin_list>
<bind>
<opcode="zext(34) " fcode="zext"/>
<opset="zext_ln1495_3/5 "/>
</bind>
</comp>

<comp id="1134" class="1004" name="add_ln212_1_fu_1134">
<pin_list>
<pin id="1135" dir="0" index="0" bw="9" slack="1"/>
<pin id="1136" dir="0" index="1" bw="1" slack="0"/>
<pin id="1137" dir="1" index="2" bw="9" slack="0"/>
</pin_list>
<bind>
<opcode="add(8) " fcode="add"/>
<opset="add_ln212_1/5 "/>
</bind>
</comp>

<comp id="1139" class="1004" name="shl_ln221_2_fu_1139">
<pin_list>
<pin id="1140" dir="0" index="0" bw="5" slack="0"/>
<pin id="1141" dir="0" index="1" bw="3" slack="1"/>
<pin id="1142" dir="0" index="2" bw="1" slack="0"/>
<pin id="1143" dir="1" index="3" bw="5" slack="0"/>
</pin_list>
<bind>
<opcode="bitconcatenate(1004) " fcode="bitconcatenate"/>
<opset="shl_ln221_2/5 "/>
</bind>
</comp>

<comp id="1146" class="1004" name="sext_ln221_6_fu_1146">
<pin_list>
<pin id="1147" dir="0" index="0" bw="5" slack="0"/>
<pin id="1148" dir="1" index="1" bw="6" slack="0"/>
</pin_list>
<bind>
<opcode="sext(35) " fcode="sext"/>
<opset="sext_ln221_6/5 "/>
</bind>
</comp>

<comp id="1150" class="1004" name="sext_ln221_9_fu_1150">
<pin_list>
<pin id="1151" dir="0" index="0" bw="3" slack="1"/>
<pin id="1152" dir="1" index="1" bw="6" slack="0"/>
</pin_list>
<bind>
<opcode="sext(35) " fcode="sext"/>
<opset="sext_ln221_9/5 "/>
</bind>
</comp>

<comp id="1153" class="1004" name="sext_ln221_7_fu_1153">
<pin_list>
<pin id="1154" dir="0" index="0" bw="3" slack="1"/>
<pin id="1155" dir="1" index="1" bw="6" slack="0"/>
</pin_list>
<bind>
<opcode="sext(35) " fcode="sext"/>
<opset="sext_ln221_7/5 "/>
</bind>
</comp>

<comp id="1156" class="1004" name="shl_ln221_3_fu_1156">
<pin_list>
<pin id="1157" dir="0" index="0" bw="5" slack="0"/>
<pin id="1158" dir="0" index="1" bw="1" slack="1"/>
<pin id="1159" dir="0" index="2" bw="2" slack="1"/>
<pin id="1160" dir="0" index="3" bw="1" slack="0"/>
<pin id="1161" dir="1" index="4" bw="5" slack="0"/>
</pin_list>
<bind>
<opcode="bitconcatenate(1004) " fcode="bitconcatenate"/>
<opset="shl_ln221_3/5 "/>
</bind>
</comp>

<comp id="1164" class="1004" name="sext_ln221_8_fu_1164">
<pin_list>
<pin id="1165" dir="0" index="0" bw="5" slack="0"/>
<pin id="1166" dir="1" index="1" bw="6" slack="0"/>
</pin_list>
<bind>
<opcode="sext(35) " fcode="sext"/>
<opset="sext_ln221_8/5 "/>
</bind>
</comp>

<comp id="1168" class="1004" name="add_ln221_3_fu_1168">
<pin_list>
<pin id="1169" dir="0" index="0" bw="5" slack="0"/>
<pin id="1170" dir="0" index="1" bw="3" slack="0"/>
<pin id="1171" dir="1" index="2" bw="6" slack="0"/>
</pin_list>
<bind>
<opcode="add(8) " fcode="add"/>
<opset="add_ln221_3/5 "/>
</bind>
</comp>

<comp id="1174" class="1004" name="sext_ln221_10_fu_1174">
<pin_list>
<pin id="1175" dir="0" index="0" bw="6" slack="0"/>
<pin id="1176" dir="1" index="1" bw="7" slack="0"/>
</pin_list>
<bind>
<opcode="sext(35) " fcode="sext"/>
<opset="sext_ln221_10/5 "/>
</bind>
</comp>

<comp id="1178" class="1004" name="newFirst80_fu_1178">
<pin_list>
<pin id="1179" dir="0" index="0" bw="5" slack="0"/>
<pin id="1180" dir="0" index="1" bw="3" slack="0"/>
<pin id="1181" dir="1" index="2" bw="6" slack="0"/>
</pin_list>
<bind>
<opcode="add(8) " fcode="add"/>
<opset="newFirst80/5 "/>
</bind>
</comp>

<comp id="1184" class="1004" name="newSecond81_fu_1184">
<pin_list>
<pin id="1185" dir="0" index="0" bw="6" slack="0"/>
<pin id="1186" dir="0" index="1" bw="3" slack="0"/>
<pin id="1187" dir="1" index="2" bw="6" slack="0"/>
</pin_list>
<bind>
<opcode="sub(10) " fcode="sub"/>
<opset="newSecond81/5 "/>
</bind>
</comp>

<comp id="1190" class="1004" name="sext_ln221_11_fu_1190">
<pin_list>
<pin id="1191" dir="0" index="0" bw="6" slack="0"/>
<pin id="1192" dir="1" index="1" bw="7" slack="0"/>
</pin_list>
<bind>
<opcode="sext(35) " fcode="sext"/>
<opset="sext_ln221_11/5 "/>
</bind>
</comp>

<comp id="1194" class="1004" name="sum_tmp_V_1_fu_1194">
<pin_list>
<pin id="1195" dir="0" index="0" bw="6" slack="0"/>
<pin id="1196" dir="0" index="1" bw="6" slack="0"/>
<pin id="1197" dir="1" index="2" bw="7" slack="0"/>
</pin_list>
<bind>
<opcode="add(8) " fcode="add"/>
<opset="sum_tmp_V_1/5 "/>
</bind>
</comp>

<comp id="1200" class="1004" name="tmp_33_fu_1200">
<pin_list>
<pin id="1201" dir="0" index="0" bw="3" slack="0"/>
<pin id="1202" dir="0" index="1" bw="7" slack="0"/>
<pin id="1203" dir="0" index="2" bw="4" slack="0"/>
<pin id="1204" dir="0" index="3" bw="4" slack="0"/>
<pin id="1205" dir="1" index="4" bw="3" slack="0"/>
</pin_list>
<bind>
<opcode="partselect(1002) " fcode="partselect"/>
<opset="tmp_33/5 "/>
</bind>
</comp>

<comp id="1210" class="1004" name="sext_ln628_1_fu_1210">
<pin_list>
<pin id="1211" dir="0" index="0" bw="3" slack="0"/>
<pin id="1212" dir="1" index="1" bw="9" slack="0"/>
</pin_list>
<bind>
<opcode="sext(35) " fcode="sext"/>
<opset="sext_ln628_1/5 "/>
</bind>
</comp>

<comp id="1214" class="1004" name="p_0_0_0452_132_load_load_fu_1214">
<pin_list>
<pin id="1215" dir="0" index="0" bw="9" slack="4"/>
<pin id="1216" dir="1" index="1" bw="9" slack="0"/>
</pin_list>
<bind>
<opcode="load(27) " fcode="load"/>
<opset="p_0_0_0452_132_load/5 "/>
</bind>
</comp>

<comp id="1218" class="1004" name="p_Result_9_fu_1218">
<pin_list>
<pin id="1219" dir="0" index="0" bw="1" slack="0"/>
<pin id="1220" dir="0" index="1" bw="10" slack="1"/>
<pin id="1221" dir="0" index="2" bw="5" slack="0"/>
<pin id="1222" dir="1" index="3" bw="1" slack="0"/>
</pin_list>
<bind>
<opcode="bitselect(1000) " fcode="bitselect"/>
<opset="p_Result_9/5 "/>
</bind>
</comp>

<comp id="1225" class="1004" name="or_ln240_1_fu_1225">
<pin_list>
<pin id="1226" dir="0" index="0" bw="1" slack="2"/>
<pin id="1227" dir="0" index="1" bw="1" slack="0"/>
<pin id="1228" dir="1" index="2" bw="1" slack="0"/>
</pin_list>
<bind>
<opcode="or(24) " fcode="or"/>
<opset="or_ln240_1/5 "/>
</bind>
</comp>

<comp id="1230" class="1004" name="tmp_35_fu_1230">
<pin_list>
<pin id="1231" dir="0" index="0" bw="1" slack="0"/>
<pin id="1232" dir="0" index="1" bw="9" slack="0"/>
<pin id="1233" dir="0" index="2" bw="5" slack="0"/>
<pin id="1234" dir="1" index="3" bw="1" slack="0"/>
</pin_list>
<bind>
<opcode="bitselect(1000) " fcode="bitselect"/>
<opset="tmp_35/5 "/>
</bind>
</comp>

<comp id="1238" class="1004" name="out_tmp_V_2_fu_1238">
<pin_list>
<pin id="1239" dir="0" index="0" bw="10" slack="1"/>
<pin id="1240" dir="1" index="1" bw="8" slack="0"/>
</pin_list>
<bind>
<opcode="trunc(33) " fcode="trunc"/>
<opset="out_tmp_V_2/5 "/>
</bind>
</comp>

<comp id="1241" class="1004" name="or_ln779_1_fu_1241">
<pin_list>
<pin id="1242" dir="0" index="0" bw="1" slack="0"/>
<pin id="1243" dir="0" index="1" bw="1" slack="0"/>
<pin id="1244" dir="1" index="2" bw="1" slack="0"/>
</pin_list>
<bind>
<opcode="or(24) " fcode="or"/>
<opset="or_ln779_1/5 "/>
</bind>
</comp>

<comp id="1247" class="1004" name="select_ln240_2_fu_1247">
<pin_list>
<pin id="1248" dir="0" index="0" bw="1" slack="0"/>
<pin id="1249" dir="0" index="1" bw="8" slack="0"/>
<pin id="1250" dir="0" index="2" bw="8" slack="0"/>
<pin id="1251" dir="1" index="3" bw="8" slack="0"/>
</pin_list>
<bind>
<opcode="select(49) " fcode="select"/>
<opset="select_ln240_2/5 "/>
</bind>
</comp>

<comp id="1255" class="1004" name="or_ln240_4_fu_1255">
<pin_list>
<pin id="1256" dir="0" index="0" bw="1" slack="0"/>
<pin id="1257" dir="0" index="1" bw="1" slack="0"/>
<pin id="1258" dir="1" index="2" bw="1" slack="0"/>
</pin_list>
<bind>
<opcode="or(24) " fcode="or"/>
<opset="or_ln240_4/5 "/>
</bind>
</comp>

<comp id="1261" class="1004" name="out_tmp_V_3_fu_1261">
<pin_list>
<pin id="1262" dir="0" index="0" bw="1" slack="0"/>
<pin id="1263" dir="0" index="1" bw="8" slack="0"/>
<pin id="1264" dir="0" index="2" bw="8" slack="0"/>
<pin id="1265" dir="1" index="3" bw="8" slack="0"/>
</pin_list>
<bind>
<opcode="select(49) " fcode="select"/>
<opset="out_tmp_V_3/5 "/>
</bind>
</comp>

<comp id="1269" class="1004" name="sext_ln1494_5_fu_1269">
<pin_list>
<pin id="1270" dir="0" index="0" bw="3" slack="1"/>
<pin id="1271" dir="1" index="1" bw="6" slack="0"/>
</pin_list>
<bind>
<opcode="sext(35) " fcode="sext"/>
<opset="sext_ln1494_5/5 "/>
</bind>
</comp>

<comp id="1272" class="1004" name="zext_ln1495_5_fu_1272">
<pin_list>
<pin id="1273" dir="0" index="0" bw="1" slack="1"/>
<pin id="1274" dir="1" index="1" bw="9" slack="0"/>
</pin_list>
<bind>
<opcode="zext(34) " fcode="zext"/>
<opset="zext_ln1495_5/5 "/>
</bind>
</comp>

<comp id="1275" class="1004" name="add_ln212_2_fu_1275">
<pin_list>
<pin id="1276" dir="0" index="0" bw="9" slack="1"/>
<pin id="1277" dir="0" index="1" bw="1" slack="0"/>
<pin id="1278" dir="1" index="2" bw="9" slack="0"/>
</pin_list>
<bind>
<opcode="add(8) " fcode="add"/>
<opset="add_ln212_2/5 "/>
</bind>
</comp>

<comp id="1280" class="1004" name="shl_ln221_4_fu_1280">
<pin_list>
<pin id="1281" dir="0" index="0" bw="5" slack="0"/>
<pin id="1282" dir="0" index="1" bw="3" slack="1"/>
<pin id="1283" dir="0" index="2" bw="1" slack="0"/>
<pin id="1284" dir="1" index="3" bw="5" slack="0"/>
</pin_list>
<bind>
<opcode="bitconcatenate(1004) " fcode="bitconcatenate"/>
<opset="shl_ln221_4/5 "/>
</bind>
</comp>

<comp id="1287" class="1004" name="sext_ln221_14_fu_1287">
<pin_list>
<pin id="1288" dir="0" index="0" bw="5" slack="0"/>
<pin id="1289" dir="1" index="1" bw="6" slack="0"/>
</pin_list>
<bind>
<opcode="sext(35) " fcode="sext"/>
<opset="sext_ln221_14/5 "/>
</bind>
</comp>

<comp id="1291" class="1004" name="sext_ln221_15_fu_1291">
<pin_list>
<pin id="1292" dir="0" index="0" bw="3" slack="1"/>
<pin id="1293" dir="1" index="1" bw="6" slack="0"/>
</pin_list>
<bind>
<opcode="sext(35) " fcode="sext"/>
<opset="sext_ln221_15/5 "/>
</bind>
</comp>

<comp id="1294" class="1004" name="sext_ln221_12_fu_1294">
<pin_list>
<pin id="1295" dir="0" index="0" bw="3" slack="1"/>
<pin id="1296" dir="1" index="1" bw="6" slack="0"/>
</pin_list>
<bind>
<opcode="sext(35) " fcode="sext"/>
<opset="sext_ln221_12/5 "/>
</bind>
</comp>

<comp id="1297" class="1004" name="shl_ln221_5_fu_1297">
<pin_list>
<pin id="1298" dir="0" index="0" bw="5" slack="0"/>
<pin id="1299" dir="0" index="1" bw="1" slack="1"/>
<pin id="1300" dir="0" index="2" bw="2" slack="1"/>
<pin id="1301" dir="0" index="3" bw="1" slack="0"/>
<pin id="1302" dir="1" index="4" bw="5" slack="0"/>
</pin_list>
<bind>
<opcode="bitconcatenate(1004) " fcode="bitconcatenate"/>
<opset="shl_ln221_5/5 "/>
</bind>
</comp>

<comp id="1305" class="1004" name="sext_ln221_13_fu_1305">
<pin_list>
<pin id="1306" dir="0" index="0" bw="5" slack="0"/>
<pin id="1307" dir="1" index="1" bw="6" slack="0"/>
</pin_list>
<bind>
<opcode="sext(35) " fcode="sext"/>
<opset="sext_ln221_13/5 "/>
</bind>
</comp>

<comp id="1309" class="1004" name="add_ln221_5_fu_1309">
<pin_list>
<pin id="1310" dir="0" index="0" bw="5" slack="0"/>
<pin id="1311" dir="0" index="1" bw="3" slack="0"/>
<pin id="1312" dir="1" index="2" bw="6" slack="0"/>
</pin_list>
<bind>
<opcode="add(8) " fcode="add"/>
<opset="add_ln221_5/5 "/>
</bind>
</comp>

<comp id="1315" class="1004" name="sext_ln221_16_fu_1315">
<pin_list>
<pin id="1316" dir="0" index="0" bw="6" slack="0"/>
<pin id="1317" dir="1" index="1" bw="7" slack="0"/>
</pin_list>
<bind>
<opcode="sext(35) " fcode="sext"/>
<opset="sext_ln221_16/5 "/>
</bind>
</comp>

<comp id="1319" class="1004" name="newFirst_fu_1319">
<pin_list>
<pin id="1320" dir="0" index="0" bw="5" slack="0"/>
<pin id="1321" dir="0" index="1" bw="3" slack="0"/>
<pin id="1322" dir="1" index="2" bw="6" slack="0"/>
</pin_list>
<bind>
<opcode="add(8) " fcode="add"/>
<opset="newFirst/5 "/>
</bind>
</comp>

<comp id="1325" class="1004" name="newSecond_fu_1325">
<pin_list>
<pin id="1326" dir="0" index="0" bw="6" slack="0"/>
<pin id="1327" dir="0" index="1" bw="3" slack="0"/>
<pin id="1328" dir="1" index="2" bw="6" slack="0"/>
</pin_list>
<bind>
<opcode="sub(10) " fcode="sub"/>
<opset="newSecond/5 "/>
</bind>
</comp>

<comp id="1331" class="1004" name="sext_ln221_17_fu_1331">
<pin_list>
<pin id="1332" dir="0" index="0" bw="6" slack="0"/>
<pin id="1333" dir="1" index="1" bw="7" slack="0"/>
</pin_list>
<bind>
<opcode="sext(35) " fcode="sext"/>
<opset="sext_ln221_17/5 "/>
</bind>
</comp>

<comp id="1335" class="1004" name="sum_tmp_V_fu_1335">
<pin_list>
<pin id="1336" dir="0" index="0" bw="6" slack="0"/>
<pin id="1337" dir="0" index="1" bw="6" slack="0"/>
<pin id="1338" dir="1" index="2" bw="7" slack="0"/>
</pin_list>
<bind>
<opcode="add(8) " fcode="add"/>
<opset="sum_tmp_V/5 "/>
</bind>
</comp>

<comp id="1341" class="1004" name="tmp_39_fu_1341">
<pin_list>
<pin id="1342" dir="0" index="0" bw="3" slack="0"/>
<pin id="1343" dir="0" index="1" bw="7" slack="0"/>
<pin id="1344" dir="0" index="2" bw="4" slack="0"/>
<pin id="1345" dir="0" index="3" bw="4" slack="0"/>
<pin id="1346" dir="1" index="4" bw="3" slack="0"/>
</pin_list>
<bind>
<opcode="partselect(1002) " fcode="partselect"/>
<opset="tmp_39/5 "/>
</bind>
</comp>

<comp id="1351" class="1004" name="sext_ln628_2_fu_1351">
<pin_list>
<pin id="1352" dir="0" index="0" bw="3" slack="0"/>
<pin id="1353" dir="1" index="1" bw="9" slack="0"/>
</pin_list>
<bind>
<opcode="sext(35) " fcode="sext"/>
<opset="sext_ln628_2/5 "/>
</bind>
</comp>

<comp id="1355" class="1004" name="p_0_0_0452_236_load_load_fu_1355">
<pin_list>
<pin id="1356" dir="0" index="0" bw="9" slack="4"/>
<pin id="1357" dir="1" index="1" bw="9" slack="0"/>
</pin_list>
<bind>
<opcode="load(27) " fcode="load"/>
<opset="p_0_0_0452_236_load/5 "/>
</bind>
</comp>

<comp id="1359" class="1004" name="p_Result_12_fu_1359">
<pin_list>
<pin id="1360" dir="0" index="0" bw="1" slack="0"/>
<pin id="1361" dir="0" index="1" bw="10" slack="1"/>
<pin id="1362" dir="0" index="2" bw="5" slack="0"/>
<pin id="1363" dir="1" index="3" bw="1" slack="0"/>
</pin_list>
<bind>
<opcode="bitselect(1000) " fcode="bitselect"/>
<opset="p_Result_12/5 "/>
</bind>
</comp>

<comp id="1366" class="1004" name="or_ln240_2_fu_1366">
<pin_list>
<pin id="1367" dir="0" index="0" bw="1" slack="2"/>
<pin id="1368" dir="0" index="1" bw="1" slack="0"/>
<pin id="1369" dir="1" index="2" bw="1" slack="0"/>
</pin_list>
<bind>
<opcode="or(24) " fcode="or"/>
<opset="or_ln240_2/5 "/>
</bind>
</comp>

<comp id="1371" class="1004" name="tmp_41_fu_1371">
<pin_list>
<pin id="1372" dir="0" index="0" bw="1" slack="0"/>
<pin id="1373" dir="0" index="1" bw="9" slack="0"/>
<pin id="1374" dir="0" index="2" bw="5" slack="0"/>
<pin id="1375" dir="1" index="3" bw="1" slack="0"/>
</pin_list>
<bind>
<opcode="bitselect(1000) " fcode="bitselect"/>
<opset="tmp_41/5 "/>
</bind>
</comp>

<comp id="1379" class="1004" name="out_tmp_V_4_fu_1379">
<pin_list>
<pin id="1380" dir="0" index="0" bw="10" slack="1"/>
<pin id="1381" dir="1" index="1" bw="8" slack="0"/>
</pin_list>
<bind>
<opcode="trunc(33) " fcode="trunc"/>
<opset="out_tmp_V_4/5 "/>
</bind>
</comp>

<comp id="1382" class="1004" name="or_ln779_2_fu_1382">
<pin_list>
<pin id="1383" dir="0" index="0" bw="1" slack="0"/>
<pin id="1384" dir="0" index="1" bw="1" slack="0"/>
<pin id="1385" dir="1" index="2" bw="1" slack="0"/>
</pin_list>
<bind>
<opcode="or(24) " fcode="or"/>
<opset="or_ln779_2/5 "/>
</bind>
</comp>

<comp id="1388" class="1004" name="select_ln240_4_fu_1388">
<pin_list>
<pin id="1389" dir="0" index="0" bw="1" slack="0"/>
<pin id="1390" dir="0" index="1" bw="8" slack="0"/>
<pin id="1391" dir="0" index="2" bw="8" slack="0"/>
<pin id="1392" dir="1" index="3" bw="8" slack="0"/>
</pin_list>
<bind>
<opcode="select(49) " fcode="select"/>
<opset="select_ln240_4/5 "/>
</bind>
</comp>

<comp id="1396" class="1004" name="or_ln240_5_fu_1396">
<pin_list>
<pin id="1397" dir="0" index="0" bw="1" slack="0"/>
<pin id="1398" dir="0" index="1" bw="1" slack="0"/>
<pin id="1399" dir="1" index="2" bw="1" slack="0"/>
</pin_list>
<bind>
<opcode="or(24) " fcode="or"/>
<opset="or_ln240_5/5 "/>
</bind>
</comp>

<comp id="1402" class="1004" name="out_tmp_V_5_fu_1402">
<pin_list>
<pin id="1403" dir="0" index="0" bw="1" slack="0"/>
<pin id="1404" dir="0" index="1" bw="8" slack="0"/>
<pin id="1405" dir="0" index="2" bw="8" slack="0"/>
<pin id="1406" dir="1" index="3" bw="8" slack="0"/>
</pin_list>
<bind>
<opcode="select(49) " fcode="select"/>
<opset="out_tmp_V_5/5 "/>
</bind>
</comp>

<comp id="1410" class="1004" name="p_Result_14_fu_1410">
<pin_list>
<pin id="1411" dir="0" index="0" bw="24" slack="0"/>
<pin id="1412" dir="0" index="1" bw="8" slack="0"/>
<pin id="1413" dir="0" index="2" bw="8" slack="0"/>
<pin id="1414" dir="0" index="3" bw="8" slack="0"/>
<pin id="1415" dir="1" index="4" bw="24" slack="0"/>
</pin_list>
<bind>
<opcode="bitconcatenate(1004) " fcode="bitconcatenate"/>
<opset="p_Result_14/5 "/>
</bind>
</comp>

<comp id="1421" class="1004" name="store_ln178_store_fu_1421">
<pin_list>
<pin id="1422" dir="0" index="0" bw="3" slack="0"/>
<pin id="1423" dir="0" index="1" bw="9" slack="4"/>
<pin id="1424" dir="1" index="2" bw="0" slack="2147483647"/>
</pin_list>
<bind>
<opcode="store(28) " fcode="store"/>
<opset="store_ln178/5 "/>
</bind>
</comp>

<comp id="1426" class="1004" name="store_ln178_store_fu_1426">
<pin_list>
<pin id="1427" dir="0" index="0" bw="3" slack="0"/>
<pin id="1428" dir="0" index="1" bw="9" slack="4"/>
<pin id="1429" dir="1" index="2" bw="0" slack="2147483647"/>
</pin_list>
<bind>
<opcode="store(28) " fcode="store"/>
<opset="store_ln178/5 "/>
</bind>
</comp>

<comp id="1431" class="1004" name="store_ln178_store_fu_1431">
<pin_list>
<pin id="1432" dir="0" index="0" bw="3" slack="0"/>
<pin id="1433" dir="0" index="1" bw="9" slack="4"/>
<pin id="1434" dir="1" index="2" bw="0" slack="2147483647"/>
</pin_list>
<bind>
<opcode="store(28) " fcode="store"/>
<opset="store_ln178/5 "/>
</bind>
</comp>

<comp id="1436" class="1005" name="empty_reg_1436">
<pin_list>
<pin id="1437" dir="0" index="0" bw="3" slack="0"/>
<pin id="1438" dir="1" index="1" bw="3" slack="0"/>
</pin_list>
<bind>
<opset="empty "/>
</bind>
</comp>

<comp id="1443" class="1005" name="p_0_0_045228_reg_1443">
<pin_list>
<pin id="1444" dir="0" index="0" bw="9" slack="4"/>
<pin id="1445" dir="1" index="1" bw="9" slack="4"/>
</pin_list>
<bind>
<opset="p_0_0_045228 "/>
</bind>
</comp>

<comp id="1449" class="1005" name="empty_104_reg_1449">
<pin_list>
<pin id="1450" dir="0" index="0" bw="3" slack="0"/>
<pin id="1451" dir="1" index="1" bw="3" slack="0"/>
</pin_list>
<bind>
<opset="empty_104 "/>
</bind>
</comp>

<comp id="1456" class="1005" name="p_0_0_0452_132_reg_1456">
<pin_list>
<pin id="1457" dir="0" index="0" bw="9" slack="4"/>
<pin id="1458" dir="1" index="1" bw="9" slack="4"/>
</pin_list>
<bind>
<opset="p_0_0_0452_132 "/>
</bind>
</comp>

<comp id="1462" class="1005" name="empty_105_reg_1462">
<pin_list>
<pin id="1463" dir="0" index="0" bw="3" slack="0"/>
<pin id="1464" dir="1" index="1" bw="3" slack="0"/>
</pin_list>
<bind>
<opset="empty_105 "/>
</bind>
</comp>

<comp id="1469" class="1005" name="p_0_0_0452_236_reg_1469">
<pin_list>
<pin id="1470" dir="0" index="0" bw="9" slack="4"/>
<pin id="1471" dir="1" index="1" bw="9" slack="4"/>
</pin_list>
<bind>
<opset="p_0_0_0452_236 "/>
</bind>
</comp>

<comp id="1475" class="1005" name="conv_i5870_reg_1475">
<pin_list>
<pin id="1476" dir="0" index="0" bw="3" slack="0"/>
<pin id="1477" dir="1" index="1" bw="3" slack="0"/>
</pin_list>
<bind>
<opset="conv_i5870 "/>
</bind>
</comp>

<comp id="1483" class="1005" name="conv_i58_172_reg_1483">
<pin_list>
<pin id="1484" dir="0" index="0" bw="3" slack="0"/>
<pin id="1485" dir="1" index="1" bw="3" slack="0"/>
</pin_list>
<bind>
<opset="conv_i58_172 "/>
</bind>
</comp>

<comp id="1491" class="1005" name="conv_i58_274_reg_1491">
<pin_list>
<pin id="1492" dir="0" index="0" bw="3" slack="0"/>
<pin id="1493" dir="1" index="1" bw="3" slack="0"/>
</pin_list>
<bind>
<opset="conv_i58_274 "/>
</bind>
</comp>

<comp id="1499" class="1005" name="col_index_1_reg_1499">
<pin_list>
<pin id="1500" dir="0" index="0" bw="15" slack="0"/>
<pin id="1501" dir="1" index="1" bw="15" slack="0"/>
</pin_list>
<bind>
<opset="col_index_1 "/>
</bind>
</comp>

<comp id="1506" class="1005" name="indvar_flatten_reg_1506">
<pin_list>
<pin id="1507" dir="0" index="0" bw="32" slack="0"/>
<pin id="1508" dir="1" index="1" bw="32" slack="0"/>
</pin_list>
<bind>
<opset="indvar_flatten "/>
</bind>
</comp>

<comp id="1513" class="1005" name="p_read_reg_1513">
<pin_list>
<pin id="1514" dir="0" index="0" bw="16" slack="1"/>
<pin id="1515" dir="1" index="1" bw="16" slack="1"/>
</pin_list>
<bind>
<opset="p_read "/>
</bind>
</comp>

<comp id="1518" class="1005" name="sub238_read_reg_1518">
<pin_list>
<pin id="1519" dir="0" index="0" bw="17" slack="2"/>
<pin id="1520" dir="1" index="1" bw="17" slack="2"/>
</pin_list>
<bind>
<opset="sub238_read "/>
</bind>
</comp>

<comp id="1523" class="1005" name="bound_read_reg_1523">
<pin_list>
<pin id="1524" dir="0" index="0" bw="32" slack="1"/>
<pin id="1525" dir="1" index="1" bw="32" slack="1"/>
</pin_list>
<bind>
<opset="bound_read "/>
</bind>
</comp>

<comp id="1528" class="1005" name="in_col_loop_bound_read_reg_1528">
<pin_list>
<pin id="1529" dir="0" index="0" bw="16" slack="1"/>
<pin id="1530" dir="1" index="1" bw="16" slack="1"/>
</pin_list>
<bind>
<opset="in_col_loop_bound_read "/>
</bind>
</comp>

<comp id="1533" class="1005" name="icmp_ln173_reg_1533">
<pin_list>
<pin id="1534" dir="0" index="0" bw="1" slack="1"/>
<pin id="1535" dir="1" index="1" bw="1" slack="2147483647"/>
</pin_list>
<bind>
<opset="icmp_ln173 "/>
</bind>
</comp>

<comp id="1537" class="1005" name="select_ln173_reg_1537">
<pin_list>
<pin id="1538" dir="0" index="0" bw="15" slack="1"/>
<pin id="1539" dir="1" index="1" bw="15" slack="1"/>
</pin_list>
<bind>
<opset="select_ln173 "/>
</bind>
</comp>

<comp id="1543" class="1005" name="trunc_ln187_reg_1543">
<pin_list>
<pin id="1544" dir="0" index="0" bw="11" slack="3"/>
<pin id="1545" dir="1" index="1" bw="11" slack="3"/>
</pin_list>
<bind>
<opset="trunc_ln187 "/>
</bind>
</comp>

<comp id="1548" class="1005" name="icmp_ln187_reg_1548">
<pin_list>
<pin id="1549" dir="0" index="0" bw="1" slack="1"/>
<pin id="1550" dir="1" index="1" bw="1" slack="2147483647"/>
</pin_list>
<bind>
<opset="icmp_ln187 "/>
</bind>
</comp>

<comp id="1552" class="1005" name="offset_buffer_V_addr_reg_1552">
<pin_list>
<pin id="1553" dir="0" index="0" bw="11" slack="1"/>
<pin id="1554" dir="1" index="1" bw="11" slack="1"/>
</pin_list>
<bind>
<opset="offset_buffer_V_addr "/>
</bind>
</comp>

<comp id="1557" class="1005" name="offset_buffer_V_1_addr_reg_1557">
<pin_list>
<pin id="1558" dir="0" index="0" bw="11" slack="1"/>
<pin id="1559" dir="1" index="1" bw="11" slack="1"/>
</pin_list>
<bind>
<opset="offset_buffer_V_1_addr "/>
</bind>
</comp>

<comp id="1562" class="1005" name="offset_buffer_V_2_addr_reg_1562">
<pin_list>
<pin id="1563" dir="0" index="0" bw="11" slack="1"/>
<pin id="1564" dir="1" index="1" bw="11" slack="1"/>
</pin_list>
<bind>
<opset="offset_buffer_V_2_addr "/>
</bind>
</comp>

<comp id="1567" class="1005" name="read_word_V_reg_1567">
<pin_list>
<pin id="1568" dir="0" index="0" bw="30" slack="1"/>
<pin id="1569" dir="1" index="1" bw="30" slack="1"/>
</pin_list>
<bind>
<opset="read_word_V "/>
</bind>
</comp>

<comp id="1572" class="1005" name="cmp221_reg_1572">
<pin_list>
<pin id="1573" dir="0" index="0" bw="1" slack="2"/>
<pin id="1574" dir="1" index="1" bw="1" slack="2147483647"/>
</pin_list>
<bind>
<opset="cmp221 "/>
</bind>
</comp>

<comp id="1576" class="1005" name="cmp239_reg_1576">
<pin_list>
<pin id="1577" dir="0" index="0" bw="1" slack="1"/>
<pin id="1578" dir="1" index="1" bw="1" slack="1"/>
</pin_list>
<bind>
<opset="cmp239 "/>
</bind>
</comp>

<comp id="1589" class="1005" name="offset_buffer_V_load_reg_1589">
<pin_list>
<pin id="1590" dir="0" index="0" bw="9" slack="1"/>
<pin id="1591" dir="1" index="1" bw="9" slack="1"/>
</pin_list>
<bind>
<opset="offset_buffer_V_load "/>
</bind>
</comp>

<comp id="1594" class="1005" name="trunc_ln209_2_reg_1594">
<pin_list>
<pin id="1595" dir="0" index="0" bw="2" slack="1"/>
<pin id="1596" dir="1" index="1" bw="2" slack="1"/>
</pin_list>
<bind>
<opset="trunc_ln209_2 "/>
</bind>
</comp>

<comp id="1599" class="1005" name="offset_buffer_V_1_load_reg_1599">
<pin_list>
<pin id="1600" dir="0" index="0" bw="9" slack="1"/>
<pin id="1601" dir="1" index="1" bw="9" slack="1"/>
</pin_list>
<bind>
<opset="offset_buffer_V_1_load "/>
</bind>
</comp>

<comp id="1604" class="1005" name="trunc_ln209_5_reg_1604">
<pin_list>
<pin id="1605" dir="0" index="0" bw="2" slack="1"/>
<pin id="1606" dir="1" index="1" bw="2" slack="1"/>
</pin_list>
<bind>
<opset="trunc_ln209_5 "/>
</bind>
</comp>

<comp id="1609" class="1005" name="offset_buffer_V_2_load_reg_1609">
<pin_list>
<pin id="1610" dir="0" index="0" bw="9" slack="1"/>
<pin id="1611" dir="1" index="1" bw="9" slack="1"/>
</pin_list>
<bind>
<opset="offset_buffer_V_2_load "/>
</bind>
</comp>

<comp id="1614" class="1005" name="trunc_ln209_8_reg_1614">
<pin_list>
<pin id="1615" dir="0" index="0" bw="2" slack="1"/>
<pin id="1616" dir="1" index="1" bw="2" slack="1"/>
</pin_list>
<bind>
<opset="trunc_ln209_8 "/>
</bind>
</comp>

<comp id="1619" class="1005" name="p_load79_reg_1619">
<pin_list>
<pin id="1620" dir="0" index="0" bw="3" slack="1"/>
<pin id="1621" dir="1" index="1" bw="3" slack="1"/>
</pin_list>
<bind>
<opset="p_load79 "/>
</bind>
</comp>

<comp id="1624" class="1005" name="conv_i5870_load_reg_1624">
<pin_list>
<pin id="1625" dir="0" index="0" bw="3" slack="1"/>
<pin id="1626" dir="1" index="1" bw="3" slack="1"/>
</pin_list>
<bind>
<opset="conv_i5870_load "/>
</bind>
</comp>

<comp id="1630" class="1005" name="p_Result_s_reg_1630">
<pin_list>
<pin id="1631" dir="0" index="0" bw="1" slack="1"/>
<pin id="1632" dir="1" index="1" bw="1" slack="1"/>
</pin_list>
<bind>
<opset="p_Result_s "/>
</bind>
</comp>

<comp id="1635" class="1005" name="tmp_26_reg_1635">
<pin_list>
<pin id="1636" dir="0" index="0" bw="1" slack="1"/>
<pin id="1637" dir="1" index="1" bw="1" slack="1"/>
</pin_list>
<bind>
<opset="tmp_26 "/>
</bind>
</comp>

<comp id="1640" class="1005" name="tmp_reg_1640">
<pin_list>
<pin id="1641" dir="0" index="0" bw="9" slack="1"/>
<pin id="1642" dir="1" index="1" bw="9" slack="1"/>
</pin_list>
<bind>
<opset="tmp "/>
</bind>
</comp>

<comp id="1645" class="1005" name="p_Val2_4_reg_1645">
<pin_list>
<pin id="1646" dir="0" index="0" bw="10" slack="1"/>
<pin id="1647" dir="1" index="1" bw="10" slack="1"/>
</pin_list>
<bind>
<opset="p_Val2_4 "/>
</bind>
</comp>

<comp id="1651" class="1005" name="trunc_ln628_reg_1651">
<pin_list>
<pin id="1652" dir="0" index="0" bw="2" slack="1"/>
<pin id="1653" dir="1" index="1" bw="2" slack="1"/>
</pin_list>
<bind>
<opset="trunc_ln628 "/>
</bind>
</comp>

<comp id="1656" class="1005" name="q_err_3rd_local_V_reg_1656">
<pin_list>
<pin id="1657" dir="0" index="0" bw="3" slack="1"/>
<pin id="1658" dir="1" index="1" bw="3" slack="1"/>
</pin_list>
<bind>
<opset="q_err_3rd_local_V "/>
</bind>
</comp>

<comp id="1661" class="1005" name="p_load78_reg_1661">
<pin_list>
<pin id="1662" dir="0" index="0" bw="3" slack="1"/>
<pin id="1663" dir="1" index="1" bw="3" slack="1"/>
</pin_list>
<bind>
<opset="p_load78 "/>
</bind>
</comp>

<comp id="1666" class="1005" name="conv_i58_172_load_reg_1666">
<pin_list>
<pin id="1667" dir="0" index="0" bw="3" slack="1"/>
<pin id="1668" dir="1" index="1" bw="3" slack="1"/>
</pin_list>
<bind>
<opset="conv_i58_172_load "/>
</bind>
</comp>

<comp id="1672" class="1005" name="p_Result_7_reg_1672">
<pin_list>
<pin id="1673" dir="0" index="0" bw="1" slack="1"/>
<pin id="1674" dir="1" index="1" bw="1" slack="1"/>
</pin_list>
<bind>
<opset="p_Result_7 "/>
</bind>
</comp>

<comp id="1677" class="1005" name="tmp_32_reg_1677">
<pin_list>
<pin id="1678" dir="0" index="0" bw="1" slack="1"/>
<pin id="1679" dir="1" index="1" bw="1" slack="1"/>
</pin_list>
<bind>
<opset="tmp_32 "/>
</bind>
</comp>

<comp id="1682" class="1005" name="tmp_s_reg_1682">
<pin_list>
<pin id="1683" dir="0" index="0" bw="9" slack="1"/>
<pin id="1684" dir="1" index="1" bw="9" slack="1"/>
</pin_list>
<bind>
<opset="tmp_s "/>
</bind>
</comp>

<comp id="1687" class="1005" name="p_Val2_8_reg_1687">
<pin_list>
<pin id="1688" dir="0" index="0" bw="10" slack="1"/>
<pin id="1689" dir="1" index="1" bw="10" slack="1"/>
</pin_list>
<bind>
<opset="p_Val2_8 "/>
</bind>
</comp>

<comp id="1693" class="1005" name="trunc_ln628_2_reg_1693">
<pin_list>
<pin id="1694" dir="0" index="0" bw="2" slack="1"/>
<pin id="1695" dir="1" index="1" bw="2" slack="1"/>
</pin_list>
<bind>
<opset="trunc_ln628_2 "/>
</bind>
</comp>

<comp id="1698" class="1005" name="q_err_3rd_local_V_1_reg_1698">
<pin_list>
<pin id="1699" dir="0" index="0" bw="3" slack="1"/>
<pin id="1700" dir="1" index="1" bw="3" slack="1"/>
</pin_list>
<bind>
<opset="q_err_3rd_local_V_1 "/>
</bind>
</comp>

<comp id="1703" class="1005" name="p_load_reg_1703">
<pin_list>
<pin id="1704" dir="0" index="0" bw="3" slack="1"/>
<pin id="1705" dir="1" index="1" bw="3" slack="1"/>
</pin_list>
<bind>
<opset="p_load "/>
</bind>
</comp>

<comp id="1708" class="1005" name="conv_i58_274_load_reg_1708">
<pin_list>
<pin id="1709" dir="0" index="0" bw="3" slack="1"/>
<pin id="1710" dir="1" index="1" bw="3" slack="1"/>
</pin_list>
<bind>
<opset="conv_i58_274_load "/>
</bind>
</comp>

<comp id="1714" class="1005" name="p_Result_10_reg_1714">
<pin_list>
<pin id="1715" dir="0" index="0" bw="1" slack="1"/>
<pin id="1716" dir="1" index="1" bw="1" slack="1"/>
</pin_list>
<bind>
<opset="p_Result_10 "/>
</bind>
</comp>

<comp id="1719" class="1005" name="tmp_38_reg_1719">
<pin_list>
<pin id="1720" dir="0" index="0" bw="1" slack="1"/>
<pin id="1721" dir="1" index="1" bw="1" slack="1"/>
</pin_list>
<bind>
<opset="tmp_38 "/>
</bind>
</comp>

<comp id="1724" class="1005" name="tmp_8_reg_1724">
<pin_list>
<pin id="1725" dir="0" index="0" bw="9" slack="1"/>
<pin id="1726" dir="1" index="1" bw="9" slack="1"/>
</pin_list>
<bind>
<opset="tmp_8 "/>
</bind>
</comp>

<comp id="1729" class="1005" name="p_Val2_12_reg_1729">
<pin_list>
<pin id="1730" dir="0" index="0" bw="10" slack="1"/>
<pin id="1731" dir="1" index="1" bw="10" slack="1"/>
</pin_list>
<bind>
<opset="p_Val2_12 "/>
</bind>
</comp>

<comp id="1735" class="1005" name="trunc_ln628_4_reg_1735">
<pin_list>
<pin id="1736" dir="0" index="0" bw="2" slack="1"/>
<pin id="1737" dir="1" index="1" bw="2" slack="1"/>
</pin_list>
<bind>
<opset="trunc_ln628_4 "/>
</bind>
</comp>

<comp id="1740" class="1005" name="q_err_3rd_local_V_2_reg_1740">
<pin_list>
<pin id="1741" dir="0" index="0" bw="3" slack="1"/>
<pin id="1742" dir="1" index="1" bw="3" slack="1"/>
</pin_list>
<bind>
<opset="q_err_3rd_local_V_2 "/>
</bind>
</comp>

</comp_list>

<net_list>
<net id="127"><net_src comp="18" pin="0"/><net_sink comp="124" pin=0"/></net>

<net id="131"><net_src comp="18" pin="0"/><net_sink comp="128" pin=0"/></net>

<net id="135"><net_src comp="18" pin="0"/><net_sink comp="132" pin=0"/></net>

<net id="139"><net_src comp="18" pin="0"/><net_sink comp="136" pin=0"/></net>

<net id="143"><net_src comp="18" pin="0"/><net_sink comp="140" pin=0"/></net>

<net id="147"><net_src comp="18" pin="0"/><net_sink comp="144" pin=0"/></net>

<net id="151"><net_src comp="18" pin="0"/><net_sink comp="148" pin=0"/></net>

<net id="155"><net_src comp="18" pin="0"/><net_sink comp="152" pin=0"/></net>

<net id="159"><net_src comp="18" pin="0"/><net_sink comp="156" pin=0"/></net>

<net id="163"><net_src comp="18" pin="0"/><net_sink comp="160" pin=0"/></net>

<net id="167"><net_src comp="18" pin="0"/><net_sink comp="164" pin=0"/></net>

<net id="172"><net_src comp="30" pin="0"/><net_sink comp="168" pin=0"/></net>

<net id="173"><net_src comp="14" pin="0"/><net_sink comp="168" pin=1"/></net>

<net id="178"><net_src comp="32" pin="0"/><net_sink comp="174" pin=0"/></net>

<net id="179"><net_src comp="10" pin="0"/><net_sink comp="174" pin=1"/></net>

<net id="184"><net_src comp="34" pin="0"/><net_sink comp="180" pin=0"/></net>

<net id="185"><net_src comp="2" pin="0"/><net_sink comp="180" pin=1"/></net>

<net id="190"><net_src comp="30" pin="0"/><net_sink comp="186" pin=0"/></net>

<net id="191"><net_src comp="0" pin="0"/><net_sink comp="186" pin=1"/></net>

<net id="196"><net_src comp="56" pin="0"/><net_sink comp="192" pin=0"/></net>

<net id="197"><net_src comp="16" pin="0"/><net_sink comp="192" pin=1"/></net>

<net id="203"><net_src comp="122" pin="0"/><net_sink comp="198" pin=0"/></net>

<net id="204"><net_src comp="4" pin="0"/><net_sink comp="198" pin=1"/></net>

<net id="210"><net_src comp="12" pin="0"/><net_sink comp="205" pin=0"/></net>

<net id="211"><net_src comp="40" pin="0"/><net_sink comp="205" pin=1"/></net>

<net id="221"><net_src comp="205" pin="3"/><net_sink comp="212" pin=2"/></net>

<net id="227"><net_src comp="8" pin="0"/><net_sink comp="222" pin=0"/></net>

<net id="228"><net_src comp="40" pin="0"/><net_sink comp="222" pin=1"/></net>

<net id="238"><net_src comp="222" pin="3"/><net_sink comp="229" pin=2"/></net>

<net id="244"><net_src comp="6" pin="0"/><net_sink comp="239" pin=0"/></net>

<net id="245"><net_src comp="40" pin="0"/><net_sink comp="239" pin=1"/></net>

<net id="255"><net_src comp="239" pin="3"/><net_sink comp="246" pin=2"/></net>

<net id="261"><net_src comp="12" pin="0"/><net_sink comp="256" pin=0"/></net>

<net id="262"><net_src comp="40" pin="0"/><net_sink comp="256" pin=1"/></net>

<net id="263"><net_src comp="256" pin="3"/><net_sink comp="212" pin=0"/></net>

<net id="269"><net_src comp="8" pin="0"/><net_sink comp="264" pin=0"/></net>

<net id="270"><net_src comp="40" pin="0"/><net_sink comp="264" pin=1"/></net>

<net id="271"><net_src comp="264" pin="3"/><net_sink comp="229" pin=0"/></net>

<net id="277"><net_src comp="6" pin="0"/><net_sink comp="272" pin=0"/></net>

<net id="278"><net_src comp="40" pin="0"/><net_sink comp="272" pin=1"/></net>

<net id="279"><net_src comp="272" pin="3"/><net_sink comp="246" pin=0"/></net>

<net id="283"><net_src comp="58" pin="0"/><net_sink comp="280" pin=0"/></net>

<net id="290"><net_src comp="280" pin="1"/><net_sink comp="284" pin=2"/></net>

<net id="295"><net_src comp="24" pin="0"/><net_sink comp="291" pin=0"/></net>

<net id="300"><net_src comp="36" pin="0"/><net_sink comp="296" pin=0"/></net>

<net id="305"><net_src comp="38" pin="0"/><net_sink comp="301" pin=0"/></net>

<net id="310"><net_src comp="38" pin="0"/><net_sink comp="306" pin=0"/></net>

<net id="315"><net_src comp="38" pin="0"/><net_sink comp="311" pin=0"/></net>

<net id="320"><net_src comp="38" pin="0"/><net_sink comp="316" pin=0"/></net>

<net id="325"><net_src comp="38" pin="0"/><net_sink comp="321" pin=0"/></net>

<net id="330"><net_src comp="38" pin="0"/><net_sink comp="326" pin=0"/></net>

<net id="340"><net_src comp="331" pin="1"/><net_sink comp="337" pin=0"/></net>

<net id="345"><net_src comp="337" pin="1"/><net_sink comp="341" pin=0"/></net>

<net id="350"><net_src comp="334" pin="1"/><net_sink comp="346" pin=0"/></net>

<net id="355"><net_src comp="334" pin="1"/><net_sink comp="351" pin=0"/></net>

<net id="356"><net_src comp="18" pin="0"/><net_sink comp="351" pin=1"/></net>

<net id="362"><net_src comp="341" pin="2"/><net_sink comp="357" pin=0"/></net>

<net id="363"><net_src comp="331" pin="1"/><net_sink comp="357" pin=1"/></net>

<net id="364"><net_src comp="36" pin="0"/><net_sink comp="357" pin=2"/></net>

<net id="368"><net_src comp="357" pin="3"/><net_sink comp="365" pin=0"/></net>

<net id="372"><net_src comp="357" pin="3"/><net_sink comp="369" pin=0"/></net>

<net id="373"><net_src comp="369" pin="1"/><net_sink comp="205" pin=2"/></net>

<net id="374"><net_src comp="369" pin="1"/><net_sink comp="222" pin=2"/></net>

<net id="375"><net_src comp="369" pin="1"/><net_sink comp="239" pin=2"/></net>

<net id="379"><net_src comp="357" pin="3"/><net_sink comp="376" pin=0"/></net>

<net id="384"><net_src comp="365" pin="1"/><net_sink comp="380" pin=0"/></net>

<net id="389"><net_src comp="357" pin="3"/><net_sink comp="385" pin=0"/></net>

<net id="390"><net_src comp="42" pin="0"/><net_sink comp="385" pin=1"/></net>

<net id="395"><net_src comp="351" pin="2"/><net_sink comp="391" pin=0"/></net>

<net id="400"><net_src comp="385" pin="2"/><net_sink comp="396" pin=0"/></net>

<net id="408"><net_src comp="36" pin="0"/><net_sink comp="404" pin=1"/></net>

<net id="413"><net_src comp="401" pin="1"/><net_sink comp="409" pin=1"/></net>

<net id="417"><net_src comp="212" pin="7"/><net_sink comp="414" pin=0"/></net>

<net id="421"><net_src comp="229" pin="7"/><net_sink comp="418" pin=0"/></net>

<net id="425"><net_src comp="246" pin="7"/><net_sink comp="422" pin=0"/></net>

<net id="435"><net_src comp="284" pin="4"/><net_sink comp="432" pin=0"/></net>

<net id="439"><net_src comp="429" pin="1"/><net_sink comp="436" pin=0"/></net>

<net id="445"><net_src comp="60" pin="0"/><net_sink comp="440" pin=0"/></net>

<net id="446"><net_src comp="429" pin="1"/><net_sink comp="440" pin=1"/></net>

<net id="447"><net_src comp="38" pin="0"/><net_sink comp="440" pin=2"/></net>

<net id="451"><net_src comp="440" pin="3"/><net_sink comp="448" pin=0"/></net>

<net id="456"><net_src comp="448" pin="1"/><net_sink comp="452" pin=0"/></net>

<net id="457"><net_src comp="436" pin="1"/><net_sink comp="452" pin=1"/></net>

<net id="464"><net_src comp="62" pin="0"/><net_sink comp="458" pin=0"/></net>

<net id="465"><net_src comp="452" pin="2"/><net_sink comp="458" pin=1"/></net>

<net id="466"><net_src comp="64" pin="0"/><net_sink comp="458" pin=2"/></net>

<net id="467"><net_src comp="66" pin="0"/><net_sink comp="458" pin=3"/></net>

<net id="474"><net_src comp="432" pin="1"/><net_sink comp="471" pin=0"/></net>

<net id="478"><net_src comp="458" pin="4"/><net_sink comp="475" pin=0"/></net>

<net id="482"><net_src comp="284" pin="4"/><net_sink comp="479" pin=0"/></net>

<net id="489"><net_src comp="68" pin="0"/><net_sink comp="483" pin=0"/></net>

<net id="490"><net_src comp="452" pin="2"/><net_sink comp="483" pin=1"/></net>

<net id="491"><net_src comp="64" pin="0"/><net_sink comp="483" pin=2"/></net>

<net id="492"><net_src comp="70" pin="0"/><net_sink comp="483" pin=3"/></net>

<net id="497"><net_src comp="468" pin="1"/><net_sink comp="493" pin=0"/></net>

<net id="498"><net_src comp="471" pin="1"/><net_sink comp="493" pin=1"/></net>

<net id="503"><net_src comp="493" pin="2"/><net_sink comp="499" pin=0"/></net>

<net id="504"><net_src comp="475" pin="1"/><net_sink comp="499" pin=1"/></net>

<net id="509"><net_src comp="479" pin="1"/><net_sink comp="505" pin=0"/></net>

<net id="514"><net_src comp="505" pin="2"/><net_sink comp="510" pin=0"/></net>

<net id="515"><net_src comp="483" pin="4"/><net_sink comp="510" pin=1"/></net>

<net id="522"><net_src comp="72" pin="0"/><net_sink comp="516" pin=0"/></net>

<net id="523"><net_src comp="499" pin="2"/><net_sink comp="516" pin=1"/></net>

<net id="524"><net_src comp="74" pin="0"/><net_sink comp="516" pin=2"/></net>

<net id="525"><net_src comp="66" pin="0"/><net_sink comp="516" pin=3"/></net>

<net id="531"><net_src comp="76" pin="0"/><net_sink comp="526" pin=0"/></net>

<net id="532"><net_src comp="510" pin="2"/><net_sink comp="526" pin=1"/></net>

<net id="533"><net_src comp="18" pin="0"/><net_sink comp="526" pin=2"/></net>

<net id="539"><net_src comp="76" pin="0"/><net_sink comp="534" pin=0"/></net>

<net id="540"><net_src comp="510" pin="2"/><net_sink comp="534" pin=1"/></net>

<net id="541"><net_src comp="18" pin="0"/><net_sink comp="534" pin=2"/></net>

<net id="545"><net_src comp="534" pin="3"/><net_sink comp="542" pin=0"/></net>

<net id="552"><net_src comp="78" pin="0"/><net_sink comp="546" pin=0"/></net>

<net id="553"><net_src comp="499" pin="2"/><net_sink comp="546" pin=1"/></net>

<net id="554"><net_src comp="74" pin="0"/><net_sink comp="546" pin=2"/></net>

<net id="555"><net_src comp="80" pin="0"/><net_sink comp="546" pin=3"/></net>

<net id="560"><net_src comp="516" pin="4"/><net_sink comp="556" pin=0"/></net>

<net id="561"><net_src comp="542" pin="1"/><net_sink comp="556" pin=1"/></net>

<net id="565"><net_src comp="499" pin="2"/><net_sink comp="562" pin=0"/></net>

<net id="571"><net_src comp="82" pin="0"/><net_sink comp="566" pin=0"/></net>

<net id="572"><net_src comp="526" pin="3"/><net_sink comp="566" pin=1"/></net>

<net id="573"><net_src comp="562" pin="1"/><net_sink comp="566" pin=2"/></net>

<net id="588"><net_src comp="38" pin="0"/><net_sink comp="583" pin=1"/></net>

<net id="589"><net_src comp="566" pin="3"/><net_sink comp="583" pin=2"/></net>

<net id="595"><net_src comp="38" pin="0"/><net_sink comp="590" pin=1"/></net>

<net id="596"><net_src comp="577" pin="1"/><net_sink comp="590" pin=2"/></net>

<net id="603"><net_src comp="84" pin="0"/><net_sink comp="597" pin=0"/></net>

<net id="604"><net_src comp="284" pin="4"/><net_sink comp="597" pin=1"/></net>

<net id="605"><net_src comp="80" pin="0"/><net_sink comp="597" pin=2"/></net>

<net id="606"><net_src comp="86" pin="0"/><net_sink comp="597" pin=3"/></net>

<net id="610"><net_src comp="580" pin="1"/><net_sink comp="607" pin=0"/></net>

<net id="616"><net_src comp="60" pin="0"/><net_sink comp="611" pin=0"/></net>

<net id="617"><net_src comp="580" pin="1"/><net_sink comp="611" pin=1"/></net>

<net id="618"><net_src comp="38" pin="0"/><net_sink comp="611" pin=2"/></net>

<net id="622"><net_src comp="611" pin="3"/><net_sink comp="619" pin=0"/></net>

<net id="627"><net_src comp="619" pin="1"/><net_sink comp="623" pin=0"/></net>

<net id="628"><net_src comp="607" pin="1"/><net_sink comp="623" pin=1"/></net>

<net id="635"><net_src comp="62" pin="0"/><net_sink comp="629" pin=0"/></net>

<net id="636"><net_src comp="623" pin="2"/><net_sink comp="629" pin=1"/></net>

<net id="637"><net_src comp="64" pin="0"/><net_sink comp="629" pin=2"/></net>

<net id="638"><net_src comp="66" pin="0"/><net_sink comp="629" pin=3"/></net>

<net id="645"><net_src comp="597" pin="4"/><net_sink comp="642" pin=0"/></net>

<net id="649"><net_src comp="629" pin="4"/><net_sink comp="646" pin=0"/></net>

<net id="656"><net_src comp="88" pin="0"/><net_sink comp="650" pin=0"/></net>

<net id="657"><net_src comp="284" pin="4"/><net_sink comp="650" pin=1"/></net>

<net id="658"><net_src comp="80" pin="0"/><net_sink comp="650" pin=2"/></net>

<net id="659"><net_src comp="66" pin="0"/><net_sink comp="650" pin=3"/></net>

<net id="666"><net_src comp="68" pin="0"/><net_sink comp="660" pin=0"/></net>

<net id="667"><net_src comp="623" pin="2"/><net_sink comp="660" pin=1"/></net>

<net id="668"><net_src comp="64" pin="0"/><net_sink comp="660" pin=2"/></net>

<net id="669"><net_src comp="70" pin="0"/><net_sink comp="660" pin=3"/></net>

<net id="674"><net_src comp="639" pin="1"/><net_sink comp="670" pin=0"/></net>

<net id="675"><net_src comp="642" pin="1"/><net_sink comp="670" pin=1"/></net>

<net id="680"><net_src comp="670" pin="2"/><net_sink comp="676" pin=0"/></net>

<net id="681"><net_src comp="646" pin="1"/><net_sink comp="676" pin=1"/></net>

<net id="686"><net_src comp="650" pin="4"/><net_sink comp="682" pin=0"/></net>

<net id="691"><net_src comp="682" pin="2"/><net_sink comp="687" pin=0"/></net>

<net id="692"><net_src comp="660" pin="4"/><net_sink comp="687" pin=1"/></net>

<net id="699"><net_src comp="72" pin="0"/><net_sink comp="693" pin=0"/></net>

<net id="700"><net_src comp="676" pin="2"/><net_sink comp="693" pin=1"/></net>

<net id="701"><net_src comp="74" pin="0"/><net_sink comp="693" pin=2"/></net>

<net id="702"><net_src comp="66" pin="0"/><net_sink comp="693" pin=3"/></net>

<net id="708"><net_src comp="76" pin="0"/><net_sink comp="703" pin=0"/></net>

<net id="709"><net_src comp="687" pin="2"/><net_sink comp="703" pin=1"/></net>

<net id="710"><net_src comp="18" pin="0"/><net_sink comp="703" pin=2"/></net>

<net id="716"><net_src comp="76" pin="0"/><net_sink comp="711" pin=0"/></net>

<net id="717"><net_src comp="687" pin="2"/><net_sink comp="711" pin=1"/></net>

<net id="718"><net_src comp="18" pin="0"/><net_sink comp="711" pin=2"/></net>

<net id="722"><net_src comp="711" pin="3"/><net_sink comp="719" pin=0"/></net>

<net id="729"><net_src comp="78" pin="0"/><net_sink comp="723" pin=0"/></net>

<net id="730"><net_src comp="676" pin="2"/><net_sink comp="723" pin=1"/></net>

<net id="731"><net_src comp="74" pin="0"/><net_sink comp="723" pin=2"/></net>

<net id="732"><net_src comp="80" pin="0"/><net_sink comp="723" pin=3"/></net>

<net id="737"><net_src comp="693" pin="4"/><net_sink comp="733" pin=0"/></net>

<net id="738"><net_src comp="719" pin="1"/><net_sink comp="733" pin=1"/></net>

<net id="742"><net_src comp="676" pin="2"/><net_sink comp="739" pin=0"/></net>

<net id="748"><net_src comp="82" pin="0"/><net_sink comp="743" pin=0"/></net>

<net id="749"><net_src comp="703" pin="3"/><net_sink comp="743" pin=1"/></net>

<net id="750"><net_src comp="739" pin="1"/><net_sink comp="743" pin=2"/></net>

<net id="765"><net_src comp="38" pin="0"/><net_sink comp="760" pin=1"/></net>

<net id="766"><net_src comp="743" pin="3"/><net_sink comp="760" pin=2"/></net>

<net id="772"><net_src comp="38" pin="0"/><net_sink comp="767" pin=1"/></net>

<net id="773"><net_src comp="754" pin="1"/><net_sink comp="767" pin=2"/></net>

<net id="780"><net_src comp="84" pin="0"/><net_sink comp="774" pin=0"/></net>

<net id="781"><net_src comp="284" pin="4"/><net_sink comp="774" pin=1"/></net>

<net id="782"><net_src comp="90" pin="0"/><net_sink comp="774" pin=2"/></net>

<net id="783"><net_src comp="92" pin="0"/><net_sink comp="774" pin=3"/></net>

<net id="787"><net_src comp="757" pin="1"/><net_sink comp="784" pin=0"/></net>

<net id="793"><net_src comp="60" pin="0"/><net_sink comp="788" pin=0"/></net>

<net id="794"><net_src comp="757" pin="1"/><net_sink comp="788" pin=1"/></net>

<net id="795"><net_src comp="38" pin="0"/><net_sink comp="788" pin=2"/></net>

<net id="799"><net_src comp="788" pin="3"/><net_sink comp="796" pin=0"/></net>

<net id="804"><net_src comp="796" pin="1"/><net_sink comp="800" pin=0"/></net>

<net id="805"><net_src comp="784" pin="1"/><net_sink comp="800" pin=1"/></net>

<net id="812"><net_src comp="62" pin="0"/><net_sink comp="806" pin=0"/></net>

<net id="813"><net_src comp="800" pin="2"/><net_sink comp="806" pin=1"/></net>

<net id="814"><net_src comp="64" pin="0"/><net_sink comp="806" pin=2"/></net>

<net id="815"><net_src comp="66" pin="0"/><net_sink comp="806" pin=3"/></net>

<net id="822"><net_src comp="774" pin="4"/><net_sink comp="819" pin=0"/></net>

<net id="826"><net_src comp="806" pin="4"/><net_sink comp="823" pin=0"/></net>

<net id="833"><net_src comp="88" pin="0"/><net_sink comp="827" pin=0"/></net>

<net id="834"><net_src comp="284" pin="4"/><net_sink comp="827" pin=1"/></net>

<net id="835"><net_src comp="90" pin="0"/><net_sink comp="827" pin=2"/></net>

<net id="836"><net_src comp="94" pin="0"/><net_sink comp="827" pin=3"/></net>

<net id="843"><net_src comp="68" pin="0"/><net_sink comp="837" pin=0"/></net>

<net id="844"><net_src comp="800" pin="2"/><net_sink comp="837" pin=1"/></net>

<net id="845"><net_src comp="64" pin="0"/><net_sink comp="837" pin=2"/></net>

<net id="846"><net_src comp="70" pin="0"/><net_sink comp="837" pin=3"/></net>

<net id="851"><net_src comp="816" pin="1"/><net_sink comp="847" pin=0"/></net>

<net id="852"><net_src comp="819" pin="1"/><net_sink comp="847" pin=1"/></net>

<net id="857"><net_src comp="847" pin="2"/><net_sink comp="853" pin=0"/></net>

<net id="858"><net_src comp="823" pin="1"/><net_sink comp="853" pin=1"/></net>

<net id="863"><net_src comp="827" pin="4"/><net_sink comp="859" pin=0"/></net>

<net id="868"><net_src comp="859" pin="2"/><net_sink comp="864" pin=0"/></net>

<net id="869"><net_src comp="837" pin="4"/><net_sink comp="864" pin=1"/></net>

<net id="876"><net_src comp="72" pin="0"/><net_sink comp="870" pin=0"/></net>

<net id="877"><net_src comp="853" pin="2"/><net_sink comp="870" pin=1"/></net>

<net id="878"><net_src comp="74" pin="0"/><net_sink comp="870" pin=2"/></net>

<net id="879"><net_src comp="66" pin="0"/><net_sink comp="870" pin=3"/></net>

<net id="885"><net_src comp="76" pin="0"/><net_sink comp="880" pin=0"/></net>

<net id="886"><net_src comp="864" pin="2"/><net_sink comp="880" pin=1"/></net>

<net id="887"><net_src comp="18" pin="0"/><net_sink comp="880" pin=2"/></net>

<net id="893"><net_src comp="76" pin="0"/><net_sink comp="888" pin=0"/></net>

<net id="894"><net_src comp="864" pin="2"/><net_sink comp="888" pin=1"/></net>

<net id="895"><net_src comp="18" pin="0"/><net_sink comp="888" pin=2"/></net>

<net id="899"><net_src comp="888" pin="3"/><net_sink comp="896" pin=0"/></net>

<net id="906"><net_src comp="78" pin="0"/><net_sink comp="900" pin=0"/></net>

<net id="907"><net_src comp="853" pin="2"/><net_sink comp="900" pin=1"/></net>

<net id="908"><net_src comp="74" pin="0"/><net_sink comp="900" pin=2"/></net>

<net id="909"><net_src comp="80" pin="0"/><net_sink comp="900" pin=3"/></net>

<net id="914"><net_src comp="870" pin="4"/><net_sink comp="910" pin=0"/></net>

<net id="915"><net_src comp="896" pin="1"/><net_sink comp="910" pin=1"/></net>

<net id="919"><net_src comp="853" pin="2"/><net_sink comp="916" pin=0"/></net>

<net id="925"><net_src comp="82" pin="0"/><net_sink comp="920" pin=0"/></net>

<net id="926"><net_src comp="880" pin="3"/><net_sink comp="920" pin=1"/></net>

<net id="927"><net_src comp="916" pin="1"/><net_sink comp="920" pin=2"/></net>

<net id="936"><net_src comp="38" pin="0"/><net_sink comp="931" pin=1"/></net>

<net id="937"><net_src comp="920" pin="3"/><net_sink comp="931" pin=2"/></net>

<net id="943"><net_src comp="38" pin="0"/><net_sink comp="938" pin=1"/></net>

<net id="944"><net_src comp="928" pin="1"/><net_sink comp="938" pin=2"/></net>

<net id="949"><net_src comp="931" pin="3"/><net_sink comp="945" pin=0"/></net>

<net id="954"><net_src comp="760" pin="3"/><net_sink comp="950" pin=0"/></net>

<net id="959"><net_src comp="583" pin="3"/><net_sink comp="955" pin=0"/></net>

<net id="964"><net_src comp="938" pin="3"/><net_sink comp="960" pin=0"/></net>

<net id="969"><net_src comp="767" pin="3"/><net_sink comp="965" pin=0"/></net>

<net id="974"><net_src comp="590" pin="3"/><net_sink comp="970" pin=0"/></net>

<net id="979"><net_src comp="96" pin="0"/><net_sink comp="975" pin=1"/></net>

<net id="983"><net_src comp="975" pin="2"/><net_sink comp="980" pin=0"/></net>

<net id="984"><net_src comp="980" pin="1"/><net_sink comp="256" pin=2"/></net>

<net id="985"><net_src comp="980" pin="1"/><net_sink comp="264" pin=2"/></net>

<net id="986"><net_src comp="980" pin="1"/><net_sink comp="272" pin=2"/></net>

<net id="997"><net_src comp="990" pin="1"/><net_sink comp="993" pin=1"/></net>

<net id="1003"><net_src comp="98" pin="0"/><net_sink comp="998" pin=0"/></net>

<net id="1004"><net_src comp="100" pin="0"/><net_sink comp="998" pin=2"/></net>

<net id="1008"><net_src comp="998" pin="3"/><net_sink comp="1005" pin=0"/></net>

<net id="1021"><net_src comp="102" pin="0"/><net_sink comp="1015" pin=0"/></net>

<net id="1022"><net_src comp="100" pin="0"/><net_sink comp="1015" pin=3"/></net>

<net id="1026"><net_src comp="1015" pin="4"/><net_sink comp="1023" pin=0"/></net>

<net id="1031"><net_src comp="1023" pin="1"/><net_sink comp="1027" pin=0"/></net>

<net id="1032"><net_src comp="1012" pin="1"/><net_sink comp="1027" pin=1"/></net>

<net id="1037"><net_src comp="1005" pin="1"/><net_sink comp="1033" pin=0"/></net>

<net id="1038"><net_src comp="987" pin="1"/><net_sink comp="1033" pin=1"/></net>

<net id="1042"><net_src comp="1033" pin="2"/><net_sink comp="1039" pin=0"/></net>

<net id="1047"><net_src comp="1009" pin="1"/><net_sink comp="1043" pin=0"/></net>

<net id="1048"><net_src comp="1027" pin="2"/><net_sink comp="1043" pin=1"/></net>

<net id="1052"><net_src comp="1043" pin="2"/><net_sink comp="1049" pin=0"/></net>

<net id="1057"><net_src comp="1049" pin="1"/><net_sink comp="1053" pin=0"/></net>

<net id="1058"><net_src comp="1039" pin="1"/><net_sink comp="1053" pin=1"/></net>

<net id="1065"><net_src comp="104" pin="0"/><net_sink comp="1059" pin=0"/></net>

<net id="1066"><net_src comp="1053" pin="2"/><net_sink comp="1059" pin=1"/></net>

<net id="1067"><net_src comp="64" pin="0"/><net_sink comp="1059" pin=2"/></net>

<net id="1068"><net_src comp="106" pin="0"/><net_sink comp="1059" pin=3"/></net>

<net id="1072"><net_src comp="1059" pin="4"/><net_sink comp="1069" pin=0"/></net>

<net id="1076"><net_src comp="1073" pin="1"/><net_sink comp="212" pin=1"/></net>

<net id="1082"><net_src comp="108" pin="0"/><net_sink comp="1077" pin=0"/></net>

<net id="1083"><net_src comp="110" pin="0"/><net_sink comp="1077" pin=2"/></net>

<net id="1088"><net_src comp="1077" pin="3"/><net_sink comp="1084" pin=1"/></net>

<net id="1094"><net_src comp="112" pin="0"/><net_sink comp="1089" pin=0"/></net>

<net id="1095"><net_src comp="993" pin="2"/><net_sink comp="1089" pin=1"/></net>

<net id="1096"><net_src comp="114" pin="0"/><net_sink comp="1089" pin=2"/></net>

<net id="1104"><net_src comp="1089" pin="3"/><net_sink comp="1100" pin=0"/></net>

<net id="1105"><net_src comp="1084" pin="2"/><net_sink comp="1100" pin=1"/></net>

<net id="1111"><net_src comp="1084" pin="2"/><net_sink comp="1106" pin=0"/></net>

<net id="1112"><net_src comp="116" pin="0"/><net_sink comp="1106" pin=1"/></net>

<net id="1113"><net_src comp="118" pin="0"/><net_sink comp="1106" pin=2"/></net>

<net id="1118"><net_src comp="1084" pin="2"/><net_sink comp="1114" pin=0"/></net>

<net id="1119"><net_src comp="1100" pin="2"/><net_sink comp="1114" pin=1"/></net>

<net id="1125"><net_src comp="1114" pin="2"/><net_sink comp="1120" pin=0"/></net>

<net id="1126"><net_src comp="1106" pin="3"/><net_sink comp="1120" pin=1"/></net>

<net id="1127"><net_src comp="1097" pin="1"/><net_sink comp="1120" pin=2"/></net>

<net id="1138"><net_src comp="1131" pin="1"/><net_sink comp="1134" pin=1"/></net>

<net id="1144"><net_src comp="98" pin="0"/><net_sink comp="1139" pin=0"/></net>

<net id="1145"><net_src comp="100" pin="0"/><net_sink comp="1139" pin=2"/></net>

<net id="1149"><net_src comp="1139" pin="3"/><net_sink comp="1146" pin=0"/></net>

<net id="1162"><net_src comp="102" pin="0"/><net_sink comp="1156" pin=0"/></net>

<net id="1163"><net_src comp="100" pin="0"/><net_sink comp="1156" pin=3"/></net>

<net id="1167"><net_src comp="1156" pin="4"/><net_sink comp="1164" pin=0"/></net>

<net id="1172"><net_src comp="1146" pin="1"/><net_sink comp="1168" pin=0"/></net>

<net id="1173"><net_src comp="1128" pin="1"/><net_sink comp="1168" pin=1"/></net>

<net id="1177"><net_src comp="1168" pin="2"/><net_sink comp="1174" pin=0"/></net>

<net id="1182"><net_src comp="1164" pin="1"/><net_sink comp="1178" pin=0"/></net>

<net id="1183"><net_src comp="1150" pin="1"/><net_sink comp="1178" pin=1"/></net>

<net id="1188"><net_src comp="1178" pin="2"/><net_sink comp="1184" pin=0"/></net>

<net id="1189"><net_src comp="1153" pin="1"/><net_sink comp="1184" pin=1"/></net>

<net id="1193"><net_src comp="1184" pin="2"/><net_sink comp="1190" pin=0"/></net>

<net id="1198"><net_src comp="1190" pin="1"/><net_sink comp="1194" pin=0"/></net>

<net id="1199"><net_src comp="1174" pin="1"/><net_sink comp="1194" pin=1"/></net>

<net id="1206"><net_src comp="104" pin="0"/><net_sink comp="1200" pin=0"/></net>

<net id="1207"><net_src comp="1194" pin="2"/><net_sink comp="1200" pin=1"/></net>

<net id="1208"><net_src comp="64" pin="0"/><net_sink comp="1200" pin=2"/></net>

<net id="1209"><net_src comp="106" pin="0"/><net_sink comp="1200" pin=3"/></net>

<net id="1213"><net_src comp="1200" pin="4"/><net_sink comp="1210" pin=0"/></net>

<net id="1217"><net_src comp="1214" pin="1"/><net_sink comp="229" pin=1"/></net>

<net id="1223"><net_src comp="108" pin="0"/><net_sink comp="1218" pin=0"/></net>

<net id="1224"><net_src comp="110" pin="0"/><net_sink comp="1218" pin=2"/></net>

<net id="1229"><net_src comp="1218" pin="3"/><net_sink comp="1225" pin=1"/></net>

<net id="1235"><net_src comp="112" pin="0"/><net_sink comp="1230" pin=0"/></net>

<net id="1236"><net_src comp="1134" pin="2"/><net_sink comp="1230" pin=1"/></net>

<net id="1237"><net_src comp="114" pin="0"/><net_sink comp="1230" pin=2"/></net>

<net id="1245"><net_src comp="1230" pin="3"/><net_sink comp="1241" pin=0"/></net>

<net id="1246"><net_src comp="1225" pin="2"/><net_sink comp="1241" pin=1"/></net>

<net id="1252"><net_src comp="1225" pin="2"/><net_sink comp="1247" pin=0"/></net>

<net id="1253"><net_src comp="116" pin="0"/><net_sink comp="1247" pin=1"/></net>

<net id="1254"><net_src comp="118" pin="0"/><net_sink comp="1247" pin=2"/></net>

<net id="1259"><net_src comp="1225" pin="2"/><net_sink comp="1255" pin=0"/></net>

<net id="1260"><net_src comp="1241" pin="2"/><net_sink comp="1255" pin=1"/></net>

<net id="1266"><net_src comp="1255" pin="2"/><net_sink comp="1261" pin=0"/></net>

<net id="1267"><net_src comp="1247" pin="3"/><net_sink comp="1261" pin=1"/></net>

<net id="1268"><net_src comp="1238" pin="1"/><net_sink comp="1261" pin=2"/></net>

<net id="1279"><net_src comp="1272" pin="1"/><net_sink comp="1275" pin=1"/></net>

<net id="1285"><net_src comp="98" pin="0"/><net_sink comp="1280" pin=0"/></net>

<net id="1286"><net_src comp="100" pin="0"/><net_sink comp="1280" pin=2"/></net>

<net id="1290"><net_src comp="1280" pin="3"/><net_sink comp="1287" pin=0"/></net>

<net id="1303"><net_src comp="102" pin="0"/><net_sink comp="1297" pin=0"/></net>

<net id="1304"><net_src comp="100" pin="0"/><net_sink comp="1297" pin=3"/></net>

<net id="1308"><net_src comp="1297" pin="4"/><net_sink comp="1305" pin=0"/></net>

<net id="1313"><net_src comp="1287" pin="1"/><net_sink comp="1309" pin=0"/></net>

<net id="1314"><net_src comp="1269" pin="1"/><net_sink comp="1309" pin=1"/></net>

<net id="1318"><net_src comp="1309" pin="2"/><net_sink comp="1315" pin=0"/></net>

<net id="1323"><net_src comp="1305" pin="1"/><net_sink comp="1319" pin=0"/></net>

<net id="1324"><net_src comp="1291" pin="1"/><net_sink comp="1319" pin=1"/></net>

<net id="1329"><net_src comp="1319" pin="2"/><net_sink comp="1325" pin=0"/></net>

<net id="1330"><net_src comp="1294" pin="1"/><net_sink comp="1325" pin=1"/></net>

<net id="1334"><net_src comp="1325" pin="2"/><net_sink comp="1331" pin=0"/></net>

<net id="1339"><net_src comp="1331" pin="1"/><net_sink comp="1335" pin=0"/></net>

<net id="1340"><net_src comp="1315" pin="1"/><net_sink comp="1335" pin=1"/></net>

<net id="1347"><net_src comp="104" pin="0"/><net_sink comp="1341" pin=0"/></net>

<net id="1348"><net_src comp="1335" pin="2"/><net_sink comp="1341" pin=1"/></net>

<net id="1349"><net_src comp="64" pin="0"/><net_sink comp="1341" pin=2"/></net>

<net id="1350"><net_src comp="106" pin="0"/><net_sink comp="1341" pin=3"/></net>

<net id="1354"><net_src comp="1341" pin="4"/><net_sink comp="1351" pin=0"/></net>

<net id="1358"><net_src comp="1355" pin="1"/><net_sink comp="246" pin=1"/></net>

<net id="1364"><net_src comp="108" pin="0"/><net_sink comp="1359" pin=0"/></net>

<net id="1365"><net_src comp="110" pin="0"/><net_sink comp="1359" pin=2"/></net>

<net id="1370"><net_src comp="1359" pin="3"/><net_sink comp="1366" pin=1"/></net>

<net id="1376"><net_src comp="112" pin="0"/><net_sink comp="1371" pin=0"/></net>

<net id="1377"><net_src comp="1275" pin="2"/><net_sink comp="1371" pin=1"/></net>

<net id="1378"><net_src comp="114" pin="0"/><net_sink comp="1371" pin=2"/></net>

<net id="1386"><net_src comp="1371" pin="3"/><net_sink comp="1382" pin=0"/></net>

<net id="1387"><net_src comp="1366" pin="2"/><net_sink comp="1382" pin=1"/></net>

<net id="1393"><net_src comp="1366" pin="2"/><net_sink comp="1388" pin=0"/></net>

<net id="1394"><net_src comp="116" pin="0"/><net_sink comp="1388" pin=1"/></net>

<net id="1395"><net_src comp="118" pin="0"/><net_sink comp="1388" pin=2"/></net>

<net id="1400"><net_src comp="1366" pin="2"/><net_sink comp="1396" pin=0"/></net>

<net id="1401"><net_src comp="1382" pin="2"/><net_sink comp="1396" pin=1"/></net>

<net id="1407"><net_src comp="1396" pin="2"/><net_sink comp="1402" pin=0"/></net>

<net id="1408"><net_src comp="1388" pin="3"/><net_sink comp="1402" pin=1"/></net>

<net id="1409"><net_src comp="1379" pin="1"/><net_sink comp="1402" pin=2"/></net>

<net id="1416"><net_src comp="120" pin="0"/><net_sink comp="1410" pin=0"/></net>

<net id="1417"><net_src comp="1402" pin="3"/><net_sink comp="1410" pin=1"/></net>

<net id="1418"><net_src comp="1261" pin="3"/><net_sink comp="1410" pin=2"/></net>

<net id="1419"><net_src comp="1120" pin="3"/><net_sink comp="1410" pin=3"/></net>

<net id="1420"><net_src comp="1410" pin="4"/><net_sink comp="198" pin=2"/></net>

<net id="1425"><net_src comp="1351" pin="1"/><net_sink comp="1421" pin=0"/></net>

<net id="1430"><net_src comp="1210" pin="1"/><net_sink comp="1426" pin=0"/></net>

<net id="1435"><net_src comp="1069" pin="1"/><net_sink comp="1431" pin=0"/></net>

<net id="1439"><net_src comp="124" pin="1"/><net_sink comp="1436" pin=0"/></net>

<net id="1440"><net_src comp="1436" pin="1"/><net_sink comp="326" pin=1"/></net>

<net id="1441"><net_src comp="1436" pin="1"/><net_sink comp="426" pin=0"/></net>

<net id="1442"><net_src comp="1436" pin="1"/><net_sink comp="970" pin=1"/></net>

<net id="1446"><net_src comp="128" pin="1"/><net_sink comp="1443" pin=0"/></net>

<net id="1447"><net_src comp="1443" pin="1"/><net_sink comp="1073" pin=0"/></net>

<net id="1448"><net_src comp="1443" pin="1"/><net_sink comp="1431" pin=1"/></net>

<net id="1452"><net_src comp="132" pin="1"/><net_sink comp="1449" pin=0"/></net>

<net id="1453"><net_src comp="1449" pin="1"/><net_sink comp="321" pin=1"/></net>

<net id="1454"><net_src comp="1449" pin="1"/><net_sink comp="574" pin=0"/></net>

<net id="1455"><net_src comp="1449" pin="1"/><net_sink comp="965" pin=1"/></net>

<net id="1459"><net_src comp="136" pin="1"/><net_sink comp="1456" pin=0"/></net>

<net id="1460"><net_src comp="1456" pin="1"/><net_sink comp="1214" pin=0"/></net>

<net id="1461"><net_src comp="1456" pin="1"/><net_sink comp="1426" pin=1"/></net>

<net id="1465"><net_src comp="140" pin="1"/><net_sink comp="1462" pin=0"/></net>

<net id="1466"><net_src comp="1462" pin="1"/><net_sink comp="316" pin=1"/></net>

<net id="1467"><net_src comp="1462" pin="1"/><net_sink comp="751" pin=0"/></net>

<net id="1468"><net_src comp="1462" pin="1"/><net_sink comp="960" pin=1"/></net>

<net id="1472"><net_src comp="144" pin="1"/><net_sink comp="1469" pin=0"/></net>

<net id="1473"><net_src comp="1469" pin="1"/><net_sink comp="1355" pin=0"/></net>

<net id="1474"><net_src comp="1469" pin="1"/><net_sink comp="1421" pin=1"/></net>

<net id="1478"><net_src comp="148" pin="1"/><net_sink comp="1475" pin=0"/></net>

<net id="1479"><net_src comp="1475" pin="1"/><net_sink comp="311" pin=1"/></net>

<net id="1480"><net_src comp="1475" pin="1"/><net_sink comp="429" pin=0"/></net>

<net id="1481"><net_src comp="1475" pin="1"/><net_sink comp="577" pin=0"/></net>

<net id="1482"><net_src comp="1475" pin="1"/><net_sink comp="955" pin=1"/></net>

<net id="1486"><net_src comp="152" pin="1"/><net_sink comp="1483" pin=0"/></net>

<net id="1487"><net_src comp="1483" pin="1"/><net_sink comp="306" pin=1"/></net>

<net id="1488"><net_src comp="1483" pin="1"/><net_sink comp="580" pin=0"/></net>

<net id="1489"><net_src comp="1483" pin="1"/><net_sink comp="754" pin=0"/></net>

<net id="1490"><net_src comp="1483" pin="1"/><net_sink comp="950" pin=1"/></net>

<net id="1494"><net_src comp="156" pin="1"/><net_sink comp="1491" pin=0"/></net>

<net id="1495"><net_src comp="1491" pin="1"/><net_sink comp="301" pin=1"/></net>

<net id="1496"><net_src comp="1491" pin="1"/><net_sink comp="757" pin=0"/></net>

<net id="1497"><net_src comp="1491" pin="1"/><net_sink comp="928" pin=0"/></net>

<net id="1498"><net_src comp="1491" pin="1"/><net_sink comp="945" pin=1"/></net>

<net id="1502"><net_src comp="160" pin="1"/><net_sink comp="1499" pin=0"/></net>

<net id="1503"><net_src comp="1499" pin="1"/><net_sink comp="296" pin=1"/></net>

<net id="1504"><net_src comp="1499" pin="1"/><net_sink comp="331" pin=0"/></net>

<net id="1505"><net_src comp="1499" pin="1"/><net_sink comp="396" pin=1"/></net>

<net id="1509"><net_src comp="164" pin="1"/><net_sink comp="1506" pin=0"/></net>

<net id="1510"><net_src comp="1506" pin="1"/><net_sink comp="291" pin=1"/></net>

<net id="1511"><net_src comp="1506" pin="1"/><net_sink comp="334" pin=0"/></net>

<net id="1512"><net_src comp="1506" pin="1"/><net_sink comp="391" pin=1"/></net>

<net id="1516"><net_src comp="168" pin="2"/><net_sink comp="1513" pin=0"/></net>

<net id="1517"><net_src comp="1513" pin="1"/><net_sink comp="380" pin=1"/></net>

<net id="1521"><net_src comp="174" pin="2"/><net_sink comp="1518" pin=0"/></net>

<net id="1522"><net_src comp="1518" pin="1"/><net_sink comp="409" pin=0"/></net>

<net id="1526"><net_src comp="180" pin="2"/><net_sink comp="1523" pin=0"/></net>

<net id="1527"><net_src comp="1523" pin="1"/><net_sink comp="346" pin=1"/></net>

<net id="1531"><net_src comp="186" pin="2"/><net_sink comp="1528" pin=0"/></net>

<net id="1532"><net_src comp="1528" pin="1"/><net_sink comp="341" pin=1"/></net>

<net id="1536"><net_src comp="346" pin="2"/><net_sink comp="1533" pin=0"/></net>

<net id="1540"><net_src comp="357" pin="3"/><net_sink comp="1537" pin=0"/></net>

<net id="1541"><net_src comp="1537" pin="1"/><net_sink comp="401" pin=0"/></net>

<net id="1542"><net_src comp="1537" pin="1"/><net_sink comp="404" pin=0"/></net>

<net id="1546"><net_src comp="376" pin="1"/><net_sink comp="1543" pin=0"/></net>

<net id="1547"><net_src comp="1543" pin="1"/><net_sink comp="975" pin=0"/></net>

<net id="1551"><net_src comp="380" pin="2"/><net_sink comp="1548" pin=0"/></net>

<net id="1555"><net_src comp="205" pin="3"/><net_sink comp="1552" pin=0"/></net>

<net id="1556"><net_src comp="1552" pin="1"/><net_sink comp="212" pin=2"/></net>

<net id="1560"><net_src comp="222" pin="3"/><net_sink comp="1557" pin=0"/></net>

<net id="1561"><net_src comp="1557" pin="1"/><net_sink comp="229" pin=2"/></net>

<net id="1565"><net_src comp="239" pin="3"/><net_sink comp="1562" pin=0"/></net>

<net id="1566"><net_src comp="1562" pin="1"/><net_sink comp="246" pin=2"/></net>

<net id="1570"><net_src comp="192" pin="2"/><net_sink comp="1567" pin=0"/></net>

<net id="1571"><net_src comp="1567" pin="1"/><net_sink comp="284" pin=0"/></net>

<net id="1575"><net_src comp="404" pin="2"/><net_sink comp="1572" pin=0"/></net>

<net id="1579"><net_src comp="409" pin="2"/><net_sink comp="1576" pin=0"/></net>

<net id="1580"><net_src comp="1576" pin="1"/><net_sink comp="583" pin=0"/></net>

<net id="1581"><net_src comp="1576" pin="1"/><net_sink comp="590" pin=0"/></net>

<net id="1582"><net_src comp="1576" pin="1"/><net_sink comp="760" pin=0"/></net>

<net id="1583"><net_src comp="1576" pin="1"/><net_sink comp="767" pin=0"/></net>

<net id="1584"><net_src comp="1576" pin="1"/><net_sink comp="931" pin=0"/></net>

<net id="1585"><net_src comp="1576" pin="1"/><net_sink comp="938" pin=0"/></net>

<net id="1586"><net_src comp="1576" pin="1"/><net_sink comp="1084" pin=0"/></net>

<net id="1587"><net_src comp="1576" pin="1"/><net_sink comp="1225" pin=0"/></net>

<net id="1588"><net_src comp="1576" pin="1"/><net_sink comp="1366" pin=0"/></net>

<net id="1592"><net_src comp="212" pin="7"/><net_sink comp="1589" pin=0"/></net>

<net id="1593"><net_src comp="1589" pin="1"/><net_sink comp="468" pin=0"/></net>

<net id="1597"><net_src comp="414" pin="1"/><net_sink comp="1594" pin=0"/></net>

<net id="1598"><net_src comp="1594" pin="1"/><net_sink comp="505" pin=1"/></net>

<net id="1602"><net_src comp="229" pin="7"/><net_sink comp="1599" pin=0"/></net>

<net id="1603"><net_src comp="1599" pin="1"/><net_sink comp="639" pin=0"/></net>

<net id="1607"><net_src comp="418" pin="1"/><net_sink comp="1604" pin=0"/></net>

<net id="1608"><net_src comp="1604" pin="1"/><net_sink comp="682" pin=1"/></net>

<net id="1612"><net_src comp="246" pin="7"/><net_sink comp="1609" pin=0"/></net>

<net id="1613"><net_src comp="1609" pin="1"/><net_sink comp="816" pin=0"/></net>

<net id="1617"><net_src comp="422" pin="1"/><net_sink comp="1614" pin=0"/></net>

<net id="1618"><net_src comp="1614" pin="1"/><net_sink comp="859" pin=1"/></net>

<net id="1622"><net_src comp="426" pin="1"/><net_sink comp="1619" pin=0"/></net>

<net id="1623"><net_src comp="1619" pin="1"/><net_sink comp="1009" pin=0"/></net>

<net id="1627"><net_src comp="429" pin="1"/><net_sink comp="1624" pin=0"/></net>

<net id="1628"><net_src comp="1624" pin="1"/><net_sink comp="987" pin=0"/></net>

<net id="1629"><net_src comp="1624" pin="1"/><net_sink comp="998" pin=1"/></net>

<net id="1633"><net_src comp="526" pin="3"/><net_sink comp="1630" pin=0"/></net>

<net id="1634"><net_src comp="1630" pin="1"/><net_sink comp="1015" pin=1"/></net>

<net id="1638"><net_src comp="534" pin="3"/><net_sink comp="1635" pin=0"/></net>

<net id="1639"><net_src comp="1635" pin="1"/><net_sink comp="990" pin=0"/></net>

<net id="1643"><net_src comp="546" pin="4"/><net_sink comp="1640" pin=0"/></net>

<net id="1644"><net_src comp="1640" pin="1"/><net_sink comp="993" pin=0"/></net>

<net id="1648"><net_src comp="556" pin="2"/><net_sink comp="1645" pin=0"/></net>

<net id="1649"><net_src comp="1645" pin="1"/><net_sink comp="1077" pin=1"/></net>

<net id="1650"><net_src comp="1645" pin="1"/><net_sink comp="1097" pin=0"/></net>

<net id="1654"><net_src comp="562" pin="1"/><net_sink comp="1651" pin=0"/></net>

<net id="1655"><net_src comp="1651" pin="1"/><net_sink comp="1015" pin=2"/></net>

<net id="1659"><net_src comp="566" pin="3"/><net_sink comp="1656" pin=0"/></net>

<net id="1660"><net_src comp="1656" pin="1"/><net_sink comp="1012" pin=0"/></net>

<net id="1664"><net_src comp="574" pin="1"/><net_sink comp="1661" pin=0"/></net>

<net id="1665"><net_src comp="1661" pin="1"/><net_sink comp="1150" pin=0"/></net>

<net id="1669"><net_src comp="580" pin="1"/><net_sink comp="1666" pin=0"/></net>

<net id="1670"><net_src comp="1666" pin="1"/><net_sink comp="1128" pin=0"/></net>

<net id="1671"><net_src comp="1666" pin="1"/><net_sink comp="1139" pin=1"/></net>

<net id="1675"><net_src comp="703" pin="3"/><net_sink comp="1672" pin=0"/></net>

<net id="1676"><net_src comp="1672" pin="1"/><net_sink comp="1156" pin=1"/></net>

<net id="1680"><net_src comp="711" pin="3"/><net_sink comp="1677" pin=0"/></net>

<net id="1681"><net_src comp="1677" pin="1"/><net_sink comp="1131" pin=0"/></net>

<net id="1685"><net_src comp="723" pin="4"/><net_sink comp="1682" pin=0"/></net>

<net id="1686"><net_src comp="1682" pin="1"/><net_sink comp="1134" pin=0"/></net>

<net id="1690"><net_src comp="733" pin="2"/><net_sink comp="1687" pin=0"/></net>

<net id="1691"><net_src comp="1687" pin="1"/><net_sink comp="1218" pin=1"/></net>

<net id="1692"><net_src comp="1687" pin="1"/><net_sink comp="1238" pin=0"/></net>

<net id="1696"><net_src comp="739" pin="1"/><net_sink comp="1693" pin=0"/></net>

<net id="1697"><net_src comp="1693" pin="1"/><net_sink comp="1156" pin=2"/></net>

<net id="1701"><net_src comp="743" pin="3"/><net_sink comp="1698" pin=0"/></net>

<net id="1702"><net_src comp="1698" pin="1"/><net_sink comp="1153" pin=0"/></net>

<net id="1706"><net_src comp="751" pin="1"/><net_sink comp="1703" pin=0"/></net>

<net id="1707"><net_src comp="1703" pin="1"/><net_sink comp="1291" pin=0"/></net>

<net id="1711"><net_src comp="757" pin="1"/><net_sink comp="1708" pin=0"/></net>

<net id="1712"><net_src comp="1708" pin="1"/><net_sink comp="1269" pin=0"/></net>

<net id="1713"><net_src comp="1708" pin="1"/><net_sink comp="1280" pin=1"/></net>

<net id="1717"><net_src comp="880" pin="3"/><net_sink comp="1714" pin=0"/></net>

<net id="1718"><net_src comp="1714" pin="1"/><net_sink comp="1297" pin=1"/></net>

<net id="1722"><net_src comp="888" pin="3"/><net_sink comp="1719" pin=0"/></net>

<net id="1723"><net_src comp="1719" pin="1"/><net_sink comp="1272" pin=0"/></net>

<net id="1727"><net_src comp="900" pin="4"/><net_sink comp="1724" pin=0"/></net>

<net id="1728"><net_src comp="1724" pin="1"/><net_sink comp="1275" pin=0"/></net>

<net id="1732"><net_src comp="910" pin="2"/><net_sink comp="1729" pin=0"/></net>

<net id="1733"><net_src comp="1729" pin="1"/><net_sink comp="1359" pin=1"/></net>

<net id="1734"><net_src comp="1729" pin="1"/><net_sink comp="1379" pin=0"/></net>

<net id="1738"><net_src comp="916" pin="1"/><net_sink comp="1735" pin=0"/></net>

<net id="1739"><net_src comp="1735" pin="1"/><net_sink comp="1297" pin=2"/></net>

<net id="1743"><net_src comp="920" pin="3"/><net_sink comp="1740" pin=0"/></net>

<net id="1744"><net_src comp="1740" pin="1"/><net_sink comp="1294" pin=0"/></net>

</net_list>

</model> 
---------------- Datapath Model END ------------------

* FSMD analyzer results:
  - Output states:
	Port: aecin_data220 | {5 }
	Port: offset_buffer_V_2 | {5 }
	Port: offset_buffer_V_1 | {5 }
	Port: offset_buffer_V | {5 }
	Port: lsc_out_data218 | {}
 - Input state : 
	Port: xf_QuatizationDithering_Pipeline_LOOP_ROW_LOOP_COL : in_col_loop_bound | {1 }
	Port: xf_QuatizationDithering_Pipeline_LOOP_ROW_LOOP_COL : bound | {1 }
	Port: xf_QuatizationDithering_Pipeline_LOOP_ROW_LOOP_COL : aecin_data220 | {}
	Port: xf_QuatizationDithering_Pipeline_LOOP_ROW_LOOP_COL : offset_buffer_V_2 | {2 3 }
	Port: xf_QuatizationDithering_Pipeline_LOOP_ROW_LOOP_COL : offset_buffer_V_1 | {2 3 }
	Port: xf_QuatizationDithering_Pipeline_LOOP_ROW_LOOP_COL : sub238 | {1 }
	Port: xf_QuatizationDithering_Pipeline_LOOP_ROW_LOOP_COL : offset_buffer_V | {2 3 }
	Port: xf_QuatizationDithering_Pipeline_LOOP_ROW_LOOP_COL : p_read1 | {1 }
	Port: xf_QuatizationDithering_Pipeline_LOOP_ROW_LOOP_COL : lsc_out_data218 | {3 }
  - Chain level:
	State 1
		store_ln0 : 1
		store_ln0 : 1
		store_ln0 : 1
		store_ln0 : 1
		store_ln0 : 1
		store_ln0 : 1
		store_ln0 : 1
		store_ln0 : 1
	State 2
		zext_ln178_1 : 1
		icmp_ln178 : 2
		icmp_ln173 : 1
		add_ln173 : 1
		br_ln173 : 2
		select_ln173 : 3
		zext_ln178_2 : 4
		zext_ln178 : 4
		trunc_ln187 : 4
		icmp_ln187 : 5
		br_ln187 : 6
		offset_buffer_V_addr : 5
		offset_buffer_V_load : 6
		offset_buffer_V_1_addr : 5
		offset_buffer_V_1_load : 6
		offset_buffer_V_2_addr : 5
		offset_buffer_V_2_load : 6
		br_ln256 : 6
		add_ln178 : 4
		store_ln178 : 2
		store_ln178 : 5
	State 3
		cmp239 : 1
		trunc_ln209_2 : 1
		br_ln224 : 1
		trunc_ln209_5 : 1
		br_ln224 : 1
		trunc_ln209_8 : 1
		br_ln224 : 1
	State 4
		in_pixel : 1
		sext_ln1494 : 1
		tmp_24 : 1
		sext_ln205 : 2
		q_2nd_err_scale7_2 : 3
		q_2nd_err_scale7by16_V : 4
		zext_ln209 : 2
		sext_ln209_1 : 5
		trunc_ln209 : 1
		trunc_ln209_1 : 4
		add_ln209 : 3
		quatizer_in_V_2 : 6
		add_ln208 : 2
		add_ln208_1 : 5
		lhs_V : 7
		p_Result_s : 6
		tmp_26 : 6
		zext_ln1495 : 7
		tmp : 7
		p_Val2_4 : 8
		trunc_ln628 : 7
		q_err_3rd_local_V : 8
		select_ln226 : 9
		select_ln226_1 : 1
		in_pixel_1 : 1
		sext_ln1494_1 : 1
		tmp_30 : 1
		sext_ln205_1 : 2
		q_2nd_err_scale7_1 : 3
		q_2nd_err_scale7by16_V_1 : 4
		zext_ln209_1 : 2
		sext_ln209_3 : 5
		trunc_ln209_3 : 1
		trunc_ln209_4 : 4
		add_ln209_2 : 3
		quatizer_in_V_1 : 6
		add_ln208_2 : 2
		add_ln208_3 : 5
		lhs_V_6 : 7
		p_Result_7 : 6
		tmp_32 : 6
		zext_ln1495_2 : 7
		tmp_s : 7
		p_Val2_8 : 8
		trunc_ln628_2 : 7
		q_err_3rd_local_V_1 : 8
		select_ln226_2 : 9
		select_ln226_3 : 1
		in_pixel_2 : 1
		sext_ln1494_2 : 1
		tmp_36 : 1
		sext_ln205_2 : 2
		q_2nd_err_scale7 : 3
		q_2nd_err_scale7by16_V_2 : 4
		zext_ln209_2 : 2
		sext_ln209_5 : 5
		trunc_ln209_6 : 1
		trunc_ln209_7 : 4
		add_ln209_4 : 3
		quatizer_in_V : 6
		add_ln208_4 : 2
		add_ln208_5 : 5
		lhs_V_7 : 7
		p_Result_10 : 6
		tmp_38 : 6
		zext_ln1495_4 : 7
		tmp_8 : 7
		p_Val2_12 : 8
		trunc_ln628_4 : 7
		q_err_3rd_local_V_2 : 8
		select_ln226_4 : 9
		select_ln226_5 : 1
		store_ln178 : 10
		store_ln178 : 10
		store_ln178 : 10
		store_ln178 : 2
		store_ln178 : 2
		store_ln178 : 2
	State 5
		idxprom233 : 1
		add_ln212 : 1
		sext_ln221 : 1
		sext_ln221_3 : 1
		sub_ln221 : 2
		add_ln221 : 2
		sext_ln221_4 : 3
		add_ln221_1 : 3
		sext_ln221_5 : 4
		sum_tmp_V_2 : 5
		tmp_27 : 6
		sext_ln628 : 7
		offset_buffer_V_addr_1 : 2
		store_ln224 : 3
		or_ln240 : 1
		tmp_29 : 2
		or_ln779 : 3
		select_ln240 : 1
		or_ln240_3 : 3
		out_tmp_V_1 : 3
		add_ln212_1 : 1
		sext_ln221_6 : 1
		sext_ln221_8 : 1
		add_ln221_3 : 2
		sext_ln221_10 : 3
		newFirst80 : 2
		newSecond81 : 3
		sext_ln221_11 : 4
		sum_tmp_V_1 : 5
		tmp_33 : 6
		sext_ln628_1 : 7
		offset_buffer_V_1_addr_1 : 2
		store_ln224 : 3
		or_ln240_1 : 1
		tmp_35 : 2
		or_ln779_1 : 3
		select_ln240_2 : 1
		or_ln240_4 : 3
		out_tmp_V_3 : 3
		add_ln212_2 : 1
		sext_ln221_14 : 1
		sext_ln221_13 : 1
		add_ln221_5 : 2
		sext_ln221_16 : 3
		newFirst : 2
		newSecond : 3
		sext_ln221_17 : 4
		sum_tmp_V : 5
		tmp_39 : 6
		sext_ln628_2 : 7
		offset_buffer_V_2_addr_1 : 2
		store_ln224 : 3
		or_ln240_2 : 1
		tmp_41 : 2
		or_ln779_2 : 3
		select_ln240_4 : 1
		or_ln240_5 : 3
		out_tmp_V_5 : 3
		p_Result_14 : 4
		write_ln553 : 5
		store_ln178 : 8
		store_ln178 : 8
		store_ln178 : 8


============================================================
+ Verbose Summary: Datapath Resource usage 
============================================================

* Functional unit list:
|----------|------------------------------------|---------|---------|
| Operation|           Functional Unit          |    FF   |   LUT   |
|----------|------------------------------------|---------|---------|
|          |          add_ln173_fu_351          |    0    |    39   |
|          |          add_ln178_fu_385          |    0    |    22   |
|          |          add_ln209_fu_493          |    0    |    18   |
|          |       quatizer_in_V_2_fu_499       |    0    |    17   |
|          |          add_ln208_fu_505          |    0    |    2    |
|          |         add_ln208_1_fu_510         |    0    |    2    |
|          |           p_Val2_4_fu_556          |    0    |    17   |
|          |         add_ln209_2_fu_670         |    0    |    18   |
|          |       quatizer_in_V_1_fu_676       |    0    |    17   |
|          |         add_ln208_2_fu_682         |    0    |    2    |
|          |         add_ln208_3_fu_687         |    0    |    2    |
|          |           p_Val2_8_fu_733          |    0    |    17   |
|          |         add_ln209_4_fu_847         |    0    |    18   |
|          |        quatizer_in_V_fu_853        |    0    |    17   |
|    add   |         add_ln208_4_fu_859         |    0    |    2    |
|          |         add_ln208_5_fu_864         |    0    |    2    |
|          |          p_Val2_12_fu_910          |    0    |    17   |
|          |            sub232_fu_975           |    0    |    18   |
|          |          add_ln212_fu_993          |    0    |    16   |
|          |          add_ln221_fu_1033         |    0    |    12   |
|          |         add_ln221_1_fu_1043        |    0    |    13   |
|          |         sum_tmp_V_2_fu_1053        |    0    |    13   |
|          |         add_ln212_1_fu_1134        |    0    |    16   |
|          |         add_ln221_3_fu_1168        |    0    |    12   |
|          |         newFirst80_fu_1178         |    0    |    10   |
|          |         sum_tmp_V_1_fu_1194        |    0    |    13   |
|          |         add_ln212_2_fu_1275        |    0    |    16   |
|          |         add_ln221_5_fu_1309        |    0    |    12   |
|          |          newFirst_fu_1319          |    0    |    10   |
|          |          sum_tmp_V_fu_1335         |    0    |    13   |
|----------|------------------------------------|---------|---------|
|          |         select_ln173_fu_357        |    0    |    15   |
|          |         select_ln226_fu_583        |    0    |    3    |
|          |        select_ln226_1_fu_590       |    0    |    3    |
|          |        select_ln226_2_fu_760       |    0    |    3    |
|          |        select_ln226_3_fu_767       |    0    |    3    |
|          |        select_ln226_4_fu_931       |    0    |    3    |
|  select  |        select_ln226_5_fu_938       |    0    |    3    |
|          |        select_ln240_fu_1106        |    0    |    8    |
|          |         out_tmp_V_1_fu_1120        |    0    |    8    |
|          |       select_ln240_2_fu_1247       |    0    |    8    |
|          |         out_tmp_V_3_fu_1261        |    0    |    8    |
|          |       select_ln240_4_fu_1388       |    0    |    8    |
|          |         out_tmp_V_5_fu_1402        |    0    |    8    |
|----------|------------------------------------|---------|---------|
|          |      q_2nd_err_scale7_2_fu_452     |    0    |    13   |
|          |      q_2nd_err_scale7_1_fu_623     |    0    |    13   |
|    sub   |       q_2nd_err_scale7_fu_800      |    0    |    13   |
|          |          sub_ln221_fu_1027         |    0    |    10   |
|          |         newSecond81_fu_1184        |    0    |    13   |
|          |          newSecond_fu_1325         |    0    |    13   |
|----------|------------------------------------|---------|---------|
|          |          icmp_ln178_fu_341         |    0    |    13   |
|          |          icmp_ln173_fu_346         |    0    |    20   |
|   icmp   |          icmp_ln187_fu_380         |    0    |    13   |
|          |            cmp221_fu_404           |    0    |    12   |
|          |            cmp239_fu_409           |    0    |    13   |
|----------|------------------------------------|---------|---------|
|          |          or_ln240_fu_1084          |    0    |    2    |
|          |          or_ln779_fu_1100          |    0    |    2    |
|          |         or_ln240_3_fu_1114         |    0    |    2    |
|          |         or_ln240_1_fu_1225         |    0    |    2    |
|    or    |         or_ln779_1_fu_1241         |    0    |    2    |
|          |         or_ln240_4_fu_1255         |    0    |    2    |
|          |         or_ln240_2_fu_1366         |    0    |    2    |
|          |         or_ln779_2_fu_1382         |    0    |    2    |
|          |         or_ln240_5_fu_1396         |    0    |    2    |
|----------|------------------------------------|---------|---------|
|          |         p_read_read_fu_168         |    0    |    0    |
|          |       sub238_read_read_fu_174      |    0    |    0    |
|   read   |       bound_read_read_fu_180       |    0    |    0    |
|          | in_col_loop_bound_read_read_fu_186 |    0    |    0    |
|          |       read_word_V_read_fu_192      |    0    |    0    |
|----------|------------------------------------|---------|---------|
|   write  |      write_ln553_write_fu_198      |    0    |    0    |
|----------|------------------------------------|---------|---------|
|          |         zext_ln178_1_fu_337        |    0    |    0    |
|          |         zext_ln178_2_fu_365        |    0    |    0    |
|          |          zext_ln178_fu_369         |    0    |    0    |
|          |          zext_ln187_fu_401         |    0    |    0    |
|          |          zext_ln209_fu_471         |    0    |    0    |
|          |         zext_ln1495_fu_542         |    0    |    0    |
|   zext   |         zext_ln209_1_fu_642        |    0    |    0    |
|          |        zext_ln1495_2_fu_719        |    0    |    0    |
|          |         zext_ln209_2_fu_819        |    0    |    0    |
|          |        zext_ln1495_4_fu_896        |    0    |    0    |
|          |          idxprom233_fu_980         |    0    |    0    |
|          |        zext_ln1495_1_fu_990        |    0    |    0    |
|          |        zext_ln1495_3_fu_1131       |    0    |    0    |
|          |        zext_ln1495_5_fu_1272       |    0    |    0    |
|----------|------------------------------------|---------|---------|
|          |         trunc_ln187_fu_376         |    0    |    0    |
|          |        trunc_ln209_2_fu_414        |    0    |    0    |
|          |        trunc_ln209_5_fu_418        |    0    |    0    |
|          |        trunc_ln209_8_fu_422        |    0    |    0    |
|          |           in_pixel_fu_432          |    0    |    0    |
|   trunc  |         trunc_ln209_fu_479         |    0    |    0    |
|          |         trunc_ln628_fu_562         |    0    |    0    |
|          |        trunc_ln628_2_fu_739        |    0    |    0    |
|          |        trunc_ln628_4_fu_916        |    0    |    0    |
|          |          out_tmp_V_fu_1097         |    0    |    0    |
|          |         out_tmp_V_2_fu_1238        |    0    |    0    |
|          |         out_tmp_V_4_fu_1379        |    0    |    0    |
|----------|------------------------------------|---------|---------|
|          |         sext_ln1494_fu_436         |    0    |    0    |
|          |          sext_ln205_fu_448         |    0    |    0    |
|          |          sext_ln209_fu_468         |    0    |    0    |
|          |         sext_ln209_1_fu_475        |    0    |    0    |
|          |        sext_ln1494_1_fu_607        |    0    |    0    |
|          |         sext_ln205_1_fu_619        |    0    |    0    |
|          |         sext_ln209_2_fu_639        |    0    |    0    |
|          |         sext_ln209_3_fu_646        |    0    |    0    |
|          |        sext_ln1494_2_fu_784        |    0    |    0    |
|          |         sext_ln205_2_fu_796        |    0    |    0    |
|          |         sext_ln209_4_fu_816        |    0    |    0    |
|          |         sext_ln209_5_fu_823        |    0    |    0    |
|          |        sext_ln1494_3_fu_987        |    0    |    0    |
|          |         sext_ln221_fu_1005         |    0    |    0    |
|          |        sext_ln221_1_fu_1009        |    0    |    0    |
|          |        sext_ln221_2_fu_1012        |    0    |    0    |
|          |        sext_ln221_3_fu_1023        |    0    |    0    |
|   sext   |        sext_ln221_4_fu_1039        |    0    |    0    |
|          |        sext_ln221_5_fu_1049        |    0    |    0    |
|          |         sext_ln628_fu_1069         |    0    |    0    |
|          |        sext_ln1494_4_fu_1128       |    0    |    0    |
|          |        sext_ln221_6_fu_1146        |    0    |    0    |
|          |        sext_ln221_9_fu_1150        |    0    |    0    |
|          |        sext_ln221_7_fu_1153        |    0    |    0    |
|          |        sext_ln221_8_fu_1164        |    0    |    0    |
|          |        sext_ln221_10_fu_1174       |    0    |    0    |
|          |        sext_ln221_11_fu_1190       |    0    |    0    |
|          |        sext_ln628_1_fu_1210        |    0    |    0    |
|          |        sext_ln1494_5_fu_1269       |    0    |    0    |
|          |        sext_ln221_14_fu_1287       |    0    |    0    |
|          |        sext_ln221_15_fu_1291       |    0    |    0    |
|          |        sext_ln221_12_fu_1294       |    0    |    0    |
|          |        sext_ln221_13_fu_1305       |    0    |    0    |
|          |        sext_ln221_16_fu_1315       |    0    |    0    |
|          |        sext_ln221_17_fu_1331       |    0    |    0    |
|          |        sext_ln628_2_fu_1351        |    0    |    0    |
|----------|------------------------------------|---------|---------|
|          |            tmp_24_fu_440           |    0    |    0    |
|          |      q_err_3rd_local_V_fu_566      |    0    |    0    |
|          |            tmp_30_fu_611           |    0    |    0    |
|          |     q_err_3rd_local_V_1_fu_743     |    0    |    0    |
|          |            tmp_36_fu_788           |    0    |    0    |
|          |     q_err_3rd_local_V_2_fu_920     |    0    |    0    |
|bitconcatenate|           shl_ln1_fu_998           |    0    |    0    |
|          |         shl_ln221_1_fu_1015        |    0    |    0    |
|          |         shl_ln221_2_fu_1139        |    0    |    0    |
|          |         shl_ln221_3_fu_1156        |    0    |    0    |
|          |         shl_ln221_4_fu_1280        |    0    |    0    |
|          |         shl_ln221_5_fu_1297        |    0    |    0    |
|          |         p_Result_14_fu_1410        |    0    |    0    |
|----------|------------------------------------|---------|---------|
|          |    q_2nd_err_scale7by16_V_fu_458   |    0    |    0    |
|          |        trunc_ln209_1_fu_483        |    0    |    0    |
|          |            lhs_V_fu_516            |    0    |    0    |
|          |             tmp_fu_546             |    0    |    0    |
|          |          in_pixel_1_fu_597         |    0    |    0    |
|          |   q_2nd_err_scale7by16_V_1_fu_629  |    0    |    0    |
|          |        trunc_ln209_3_fu_650        |    0    |    0    |
|          |        trunc_ln209_4_fu_660        |    0    |    0    |
|          |           lhs_V_6_fu_693           |    0    |    0    |
|partselect|            tmp_s_fu_723            |    0    |    0    |
|          |          in_pixel_2_fu_774         |    0    |    0    |
|          |   q_2nd_err_scale7by16_V_2_fu_806  |    0    |    0    |
|          |        trunc_ln209_6_fu_827        |    0    |    0    |
|          |        trunc_ln209_7_fu_837        |    0    |    0    |
|          |           lhs_V_7_fu_870           |    0    |    0    |
|          |            tmp_8_fu_900            |    0    |    0    |
|          |           tmp_27_fu_1059           |    0    |    0    |
|          |           tmp_33_fu_1200           |    0    |    0    |
|          |           tmp_39_fu_1341           |    0    |    0    |
|----------|------------------------------------|---------|---------|
|          |          p_Result_s_fu_526         |    0    |    0    |
|          |            tmp_26_fu_534           |    0    |    0    |
|          |          p_Result_7_fu_703         |    0    |    0    |
|          |            tmp_32_fu_711           |    0    |    0    |
|          |         p_Result_10_fu_880         |    0    |    0    |
| bitselect|            tmp_38_fu_888           |    0    |    0    |
|          |         p_Result_6_fu_1077         |    0    |    0    |
|          |           tmp_29_fu_1089           |    0    |    0    |
|          |         p_Result_9_fu_1218         |    0    |    0    |
|          |           tmp_35_fu_1230           |    0    |    0    |
|          |         p_Result_12_fu_1359        |    0    |    0    |
|          |           tmp_41_fu_1371           |    0    |    0    |
|----------|------------------------------------|---------|---------|
|   Total  |                                    |    0    |   648   |
|----------|------------------------------------|---------|---------|

Memories:
N/A

* Register list:
+-------------------------------+--------+
|                               |   FF   |
+-------------------------------+--------+
|      bound_read_reg_1523      |   32   |
|        cmp221_reg_1572        |    1   |
|        cmp239_reg_1576        |    1   |
|      col_index_1_reg_1499     |   15   |
|    conv_i5870_load_reg_1624   |    3   |
|      conv_i5870_reg_1475      |    3   |
|   conv_i58_172_load_reg_1666  |    3   |
|     conv_i58_172_reg_1483     |    3   |
|   conv_i58_274_load_reg_1708  |    3   |
|     conv_i58_274_reg_1491     |    3   |
|       empty_104_reg_1449      |    3   |
|       empty_105_reg_1462      |    3   |
|         empty_reg_1436        |    3   |
|      icmp_ln173_reg_1533      |    1   |
|      icmp_ln187_reg_1548      |    1   |
|in_col_loop_bound_read_reg_1528|   16   |
|    indvar_flatten_reg_1506    |   32   |
|offset_buffer_V_1_addr_reg_1557|   11   |
|offset_buffer_V_1_load_reg_1599|    9   |
|offset_buffer_V_2_addr_reg_1562|   11   |
|offset_buffer_V_2_load_reg_1609|    9   |
| offset_buffer_V_addr_reg_1552 |   11   |
| offset_buffer_V_load_reg_1589 |    9   |
|     p_0_0_045228_reg_1443     |    9   |
|    p_0_0_0452_132_reg_1456    |    9   |
|    p_0_0_0452_236_reg_1469    |    9   |
|      p_Result_10_reg_1714     |    1   |
|      p_Result_7_reg_1672      |    1   |
|      p_Result_s_reg_1630      |    1   |
|       p_Val2_12_reg_1729      |   10   |
|       p_Val2_4_reg_1645       |   10   |
|       p_Val2_8_reg_1687       |   10   |
|        p_Val2_s_reg_280       |   30   |
|       p_load78_reg_1661       |    3   |
|       p_load79_reg_1619       |    3   |
|        p_load_reg_1703        |    3   |
|        p_read_reg_1513        |   16   |
|  q_err_3rd_local_V_1_reg_1698 |    3   |
|  q_err_3rd_local_V_2_reg_1740 |    3   |
|   q_err_3rd_local_V_reg_1656  |    3   |
|      read_word_V_reg_1567     |   30   |
|     select_ln173_reg_1537     |   15   |
|      sub238_read_reg_1518     |   17   |
|        tmp_26_reg_1635        |    1   |
|        tmp_32_reg_1677        |    1   |
|        tmp_38_reg_1719        |    1   |
|         tmp_8_reg_1724        |    9   |
|          tmp_reg_1640         |    9   |
|         tmp_s_reg_1682        |    9   |
|      trunc_ln187_reg_1543     |   11   |
|     trunc_ln209_2_reg_1594    |    2   |
|     trunc_ln209_5_reg_1604    |    2   |
|     trunc_ln209_8_reg_1614    |    2   |
|     trunc_ln628_2_reg_1693    |    2   |
|     trunc_ln628_4_reg_1735    |    2   |
|      trunc_ln628_reg_1651     |    2   |
+-------------------------------+--------+
|             Total             |   425  |
+-------------------------------+--------+

* Multiplexer (MUX) list: 
|-------------------|------|------|------|--------||---------||---------|
|        Comp       |  Pin | Size |  BW  | S x BW ||  Delay  ||   LUT   |
|-------------------|------|------|------|--------||---------||---------|
| grp_access_fu_212 |  p2  |   2  |   0  |    0   ||    9    |
| grp_access_fu_229 |  p2  |   2  |   0  |    0   ||    9    |
| grp_access_fu_246 |  p2  |   2  |   0  |    0   ||    9    |
|-------------------|------|------|------|--------||---------||---------|
|       Total       |      |      |      |    0   ||  1.281  ||    27   |
|-------------------|------|------|------|--------||---------||---------|



* Summary:
+-----------+--------+--------+--------+
|           |  Delay |   FF   |   LUT  |
+-----------+--------+--------+--------+
|  Function |    -   |    0   |   648  |
|   Memory  |    -   |    -   |    -   |
|Multiplexer|    1   |    -   |   27   |
|  Register |    -   |   425  |    -   |
+-----------+--------+--------+--------+
|   Total   |    1   |   425  |   675  |
+-----------+--------+--------+--------+
