

================================================================
== Vitis HLS Report for 'Bytes2AXIMMvideo'
================================================================
* Date:           Fri Mar  6 02:26:41 2026

* Version:        2022.2 (Build 3670227 on Oct 13 2022)
* Project:        prj
* Solution:       sol (Vivado IP Flow Target)
* Product family: zynquplus
* Target device:  xck26-sfvc784-2LV-c


================================================================
== Performance Estimates
================================================================
+ Timing: 
    * Summary: 
    +--------+---------+----------+------------+
    |  Clock |  Target | Estimated| Uncertainty|
    +--------+---------+----------+------------+
    |ap_clk  |  5.00 ns|  3.650 ns|     1.35 ns|
    +--------+---------+----------+------------+

+ Latency: 
    * Summary: 
    +---------+----------+----------+-----------+-----+----------+---------+
    |  Latency (cycles)  |  Latency (absolute)  |    Interval    | Pipeline|
    |   min   |    max   |    min   |    max    | min |    max   |   Type  |
    +---------+----------+----------+-----------+-----+----------+---------+
    |        1|  71733601|  5.000 ns|  0.359 sec|    1|  71733601|       no|
    +---------+----------+----------+-----------+-----+----------+---------+

    + Detail: 
        * Instance: 
        +--------------------------------------------------------+---------------------------------------------+---------+---------+-----------+-----------+-----+------+---------+
        |                                                        |                                             |  Latency (cycles) |   Latency (absolute)  |  Interval  | Pipeline|
        |                        Instance                        |                    Module                   |   min   |   max   |    min    |    max    | min |  max |   Type  |
        +--------------------------------------------------------+---------------------------------------------+---------+---------+-----------+-----------+-----+------+---------+
        |grp_Bytes2AXIMMvideo_Pipeline_VITIS_LOOP_1117_1_fu_204  |Bytes2AXIMMvideo_Pipeline_VITIS_LOOP_1117_1  |        3|     8195|  15.000 ns|  40.975 us|    3|  8195|       no|
        |grp_Bytes2AXIMMvideo_Pipeline_VITIS_LOOP_1127_2_fu_214  |Bytes2AXIMMvideo_Pipeline_VITIS_LOOP_1127_2  |        3|     8195|  15.000 ns|  40.975 us|    3|  8195|       no|
        +--------------------------------------------------------+---------------------------------------------+---------+---------+-----------+-----------+-----+------+---------+

        * Loop: 
        +---------------------------------+---------+----------+-------------+-----------+-----------+----------+----------+
        |                                 |  Latency (cycles)  |  Iteration  |  Initiation Interval  |   Trip   |          |
        |            Loop Name            |   min   |    max   |   Latency   |  achieved |   target  |   Count  | Pipelined|
        +---------------------------------+---------+----------+-------------+-----------+-----------+----------+----------+
        |- loop_Bytes2AXIMMvideo_2planes  |        0|  71733600|  112 ~ 16605|          -|          -|  0 ~ 4320|        no|
        +---------------------------------+---------+----------+-------------+-----------+-----------+----------+----------+



================================================================
== Utilization Estimates
================================================================
* Summary: 
+-----------------+---------+------+--------+--------+-----+
|       Name      | BRAM_18K|  DSP |   FF   |   LUT  | URAM|
+-----------------+---------+------+--------+--------+-----+
|DSP              |        -|     -|       -|       -|    -|
|Expression       |        -|     -|       0|     357|    -|
|FIFO             |        -|     -|       -|       -|    -|
|Instance         |        -|     -|     164|     186|    -|
|Memory           |        -|     -|       -|       -|    -|
|Multiplexer      |        -|     -|       -|    1574|    -|
|Register         |        -|     -|     514|       -|    -|
+-----------------+---------+------+--------+--------+-----+
|Total            |        0|     0|     678|    2117|    0|
+-----------------+---------+------+--------+--------+-----+
|Available        |      288|  1248|  234240|  117120|   64|
+-----------------+---------+------+--------+--------+-----+
|Utilization (%)  |        0|     0|      ~0|       1|    0|
+-----------------+---------+------+--------+--------+-----+

+ Detail: 
    * Instance: 
    +--------------------------------------------------------+---------------------------------------------+---------+----+----+----+-----+
    |                        Instance                        |                    Module                   | BRAM_18K| DSP| FF | LUT| URAM|
    +--------------------------------------------------------+---------------------------------------------+---------+----+----+----+-----+
    |grp_Bytes2AXIMMvideo_Pipeline_VITIS_LOOP_1117_1_fu_204  |Bytes2AXIMMvideo_Pipeline_VITIS_LOOP_1117_1  |        0|   0|  82|  93|    0|
    |grp_Bytes2AXIMMvideo_Pipeline_VITIS_LOOP_1127_2_fu_214  |Bytes2AXIMMvideo_Pipeline_VITIS_LOOP_1127_2  |        0|   0|  82|  93|    0|
    +--------------------------------------------------------+---------------------------------------------+---------+----+----+----+-----+
    |Total                                                   |                                             |        0|   0| 164| 186|    0|
    +--------------------------------------------------------+---------------------------------------------+---------+----+----+----+-----+

    * DSP: 
    N/A

    * Memory: 
    N/A

    * FIFO: 
    N/A

    * Expression: 
    +---------------------------------------+----------+----+---+----+------------+------------+
    |             Variable Name             | Operation| DSP| FF| LUT| Bitwidth P0| Bitwidth P1|
    +---------------------------------------+----------+----+---+----+------------+------------+
    |add_ln1117_fu_340_p2                   |         +|   0|  0|  39|          32|          32|
    |add_ln1123_fu_355_p2                   |         +|   0|  0|  31|          24|          24|
    |add_ln1125_fu_270_p2                   |         +|   0|  0|  14|           7|           7|
    |add_ln1127_fu_488_p2                   |         +|   0|  0|  39|          32|          32|
    |offsetUV_1_fu_503_p2                   |         +|   0|  0|  39|          32|          32|
    |sub_fu_228_p2                          |         +|   0|  0|  22|          15|           3|
    |y_10_fu_319_p2                         |         +|   0|  0|  18|          11|           1|
    |ap_block_state216                      |       and|   0|  0|   2|           1|           1|
    |empty_139_fu_370_p2                    |      icmp|   0|  0|  10|           6|           6|
    |empty_140_fu_375_p2                    |      icmp|   0|  0|  10|           6|           7|
    |empty_142_fu_386_p2                    |      icmp|   0|  0|  10|           6|           5|
    |empty_144_fu_397_p2                    |      icmp|   0|  0|  10|           6|           5|
    |empty_146_fu_408_p2                    |      icmp|   0|  0|  10|           6|           5|
    |empty_148_fu_419_p2                    |      icmp|   0|  0|  10|           6|           5|
    |empty_150_fu_430_p2                    |      icmp|   0|  0|  10|           6|           6|
    |empty_151_fu_435_p2                    |      icmp|   0|  0|  10|           6|           6|
    |empty_153_fu_446_p2                    |      icmp|   0|  0|  10|           6|           5|
    |empty_155_fu_457_p2                    |      icmp|   0|  0|  10|           6|           5|
    |empty_157_fu_468_p2                    |      icmp|   0|  0|  10|           6|           2|
    |icmp_ln1113_fu_314_p2                  |      icmp|   0|  0|  11|          11|          11|
    |icmp_ln1125_fu_286_p2                  |      icmp|   0|  0|  10|           6|           1|
    |ap_block_state1                        |        or|   0|  0|   2|           1|           1|
    |ap_predicate_op516_writeresp_state216  |        or|   0|  0|   2|           1|           1|
    |empty_141_fu_380_p2                    |        or|   0|  0|   2|           1|           1|
    |empty_143_fu_391_p2                    |        or|   0|  0|   2|           1|           1|
    |empty_145_fu_402_p2                    |        or|   0|  0|   2|           1|           1|
    |empty_147_fu_413_p2                    |        or|   0|  0|   2|           1|           1|
    |empty_149_fu_424_p2                    |        or|   0|  0|   2|           1|           1|
    |empty_152_fu_440_p2                    |        or|   0|  0|   2|           1|           1|
    |empty_154_fu_451_p2                    |        or|   0|  0|   2|           1|           1|
    |empty_156_fu_462_p2                    |        or|   0|  0|   2|           1|           1|
    |empty_158_fu_473_p2                    |        or|   0|  0|   2|           1|           1|
    +---------------------------------------+----------+----+---+----+------------+------------+
    |Total                                  |          |   0|  0| 357|         248|         212|
    +---------------------------------------+----------+----+---+----+------------+------------+

    * Multiplexer: 
    +-------------------------+------+-----------+-----+-----------+
    |           Name          |  LUT | Input Size| Bits| Total Bits|
    +-------------------------+------+-----------+-----+-----------+
    |Height_blk_n             |     9|          2|    1|          2|
    |StrideInBytes_blk_n      |     9|          2|    1|          2|
    |VideoFormat_blk_n        |     9|          2|    1|          2|
    |WidthInBytes_blk_n       |     9|          2|    1|          2|
    |ap_NS_fsm                |  1152|        217|    1|        217|
    |ap_done                  |     9|          2|    1|          2|
    |bytePlanes_plane01_read  |     9|          2|    1|          2|
    |bytePlanes_plane12_read  |     9|          2|    1|          2|
    |dstImg2_blk_n            |     9|          2|    1|          2|
    |dstImg_blk_n             |     9|          2|    1|          2|
    |m_axi_mm_video_AWADDR    |    26|          5|   32|        160|
    |m_axi_mm_video_AWBURST   |    14|          3|    2|          6|
    |m_axi_mm_video_AWCACHE   |    14|          3|    4|         12|
    |m_axi_mm_video_AWID      |    14|          3|    1|          3|
    |m_axi_mm_video_AWLEN     |    20|          4|   32|        128|
    |m_axi_mm_video_AWLOCK    |    14|          3|    2|          6|
    |m_axi_mm_video_AWPROT    |    14|          3|    3|          9|
    |m_axi_mm_video_AWQOS     |    14|          3|    4|         12|
    |m_axi_mm_video_AWREGION  |    14|          3|    4|         12|
    |m_axi_mm_video_AWSIZE    |    14|          3|    3|          9|
    |m_axi_mm_video_AWUSER    |    14|          3|    1|          3|
    |m_axi_mm_video_AWVALID   |    20|          4|    1|          4|
    |m_axi_mm_video_BREADY    |    20|          4|    1|          4|
    |m_axi_mm_video_WDATA     |    14|          3|   64|        192|
    |m_axi_mm_video_WID       |    14|          3|    1|          3|
    |m_axi_mm_video_WLAST     |    14|          3|    1|          3|
    |m_axi_mm_video_WSTRB     |    14|          3|    8|         24|
    |m_axi_mm_video_WUSER     |    14|          3|    1|          3|
    |m_axi_mm_video_WVALID    |    14|          3|    1|          3|
    |mm_video_blk_n_AW        |     9|          2|    1|          2|
    |mm_video_blk_n_B         |     9|          2|    1|          2|
    |offsetUV_fu_150          |     9|          2|   32|         64|
    |offsetY_fu_146           |     9|          2|   24|         48|
    |y_fu_142                 |     9|          2|   11|         22|
    +-------------------------+------+-----------+-----+-----------+
    |Total                    |  1574|        307|  245|        969|
    +-------------------------+------+-----------+-----+-----------+

    * Register: 
    +---------------------------------------------------------------------+-----+----+-----+-----------+
    |                                 Name                                |  FF | LUT| Bits| Const Bits|
    +---------------------------------------------------------------------+-----+----+-----+-----------+
    |Height_read_reg_567                                                  |   11|   0|   11|          0|
    |VideoFormat_read_reg_552                                             |    6|   0|    6|          0|
    |add_ln1123_reg_626                                                   |   24|   0|   24|          0|
    |ap_CS_fsm                                                            |  216|   0|  216|          0|
    |ap_done_reg                                                          |    1|   0|    1|          0|
    |div8_cast2_reg_594                                                   |   13|   0|   32|         19|
    |div_cast1_reg_588                                                    |   12|   0|   32|         20|
    |div_reg_582                                                          |   12|   0|   12|          0|
    |dstImg2_read_reg_572                                                 |   32|   0|   32|          0|
    |dstImg_read_reg_577                                                  |   32|   0|   32|          0|
    |empty_149_reg_636                                                    |    1|   0|    1|          0|
    |empty_158_reg_640                                                    |    1|   0|    1|          0|
    |grp_Bytes2AXIMMvideo_Pipeline_VITIS_LOOP_1117_1_fu_204_ap_start_reg  |    1|   0|    1|          0|
    |grp_Bytes2AXIMMvideo_Pipeline_VITIS_LOOP_1127_2_fu_214_ap_start_reg  |    1|   0|    1|          0|
    |icmp_ln1125_reg_604                                                  |    1|   0|    1|          0|
    |offsetUV_fu_150                                                      |   32|   0|   32|          0|
    |offsetY_fu_146                                                       |   24|   0|   24|          0|
    |trunc_ln1113_reg_608                                                 |    1|   0|    1|          0|
    |trunc_ln1_reg_644                                                    |   29|   0|   29|          0|
    |trunc_ln_reg_620                                                     |   29|   0|   29|          0|
    |y_10_reg_615                                                         |   11|   0|   11|          0|
    |y_fu_142                                                             |   11|   0|   11|          0|
    |zext_ln1125_reg_599                                                  |   13|   0|   24|         11|
    +---------------------------------------------------------------------+-----+----+-----+-----------+
    |Total                                                                |  514|   0|  564|         50|
    +---------------------------------------------------------------------+-----+----+-----+-----------+



================================================================
== Interface
================================================================
* Summary: 
+-----------------------------------+-----+-----+------------+--------------------+--------------+
|             RTL Ports             | Dir | Bits|  Protocol  |    Source Object   |    C Type    |
+-----------------------------------+-----+-----+------------+--------------------+--------------+
|ap_clk                             |   in|    1|  ap_ctrl_hs|    Bytes2AXIMMvideo|  return value|
|ap_rst                             |   in|    1|  ap_ctrl_hs|    Bytes2AXIMMvideo|  return value|
|ap_start                           |   in|    1|  ap_ctrl_hs|    Bytes2AXIMMvideo|  return value|
|ap_done                            |  out|    1|  ap_ctrl_hs|    Bytes2AXIMMvideo|  return value|
|ap_continue                        |   in|    1|  ap_ctrl_hs|    Bytes2AXIMMvideo|  return value|
|ap_idle                            |  out|    1|  ap_ctrl_hs|    Bytes2AXIMMvideo|  return value|
|ap_ready                           |  out|    1|  ap_ctrl_hs|    Bytes2AXIMMvideo|  return value|
|bytePlanes_plane01_dout            |   in|   64|     ap_fifo|  bytePlanes_plane01|       pointer|
|bytePlanes_plane01_num_data_valid  |   in|   10|     ap_fifo|  bytePlanes_plane01|       pointer|
|bytePlanes_plane01_fifo_cap        |   in|   10|     ap_fifo|  bytePlanes_plane01|       pointer|
|bytePlanes_plane01_empty_n         |   in|    1|     ap_fifo|  bytePlanes_plane01|       pointer|
|bytePlanes_plane01_read            |  out|    1|     ap_fifo|  bytePlanes_plane01|       pointer|
|bytePlanes_plane12_dout            |   in|   64|     ap_fifo|  bytePlanes_plane12|       pointer|
|bytePlanes_plane12_num_data_valid  |   in|   10|     ap_fifo|  bytePlanes_plane12|       pointer|
|bytePlanes_plane12_fifo_cap        |   in|   10|     ap_fifo|  bytePlanes_plane12|       pointer|
|bytePlanes_plane12_empty_n         |   in|    1|     ap_fifo|  bytePlanes_plane12|       pointer|
|bytePlanes_plane12_read            |  out|    1|     ap_fifo|  bytePlanes_plane12|       pointer|
|m_axi_mm_video_AWVALID             |  out|    1|       m_axi|            mm_video|       pointer|
|m_axi_mm_video_AWREADY             |   in|    1|       m_axi|            mm_video|       pointer|
|m_axi_mm_video_AWADDR              |  out|   32|       m_axi|            mm_video|       pointer|
|m_axi_mm_video_AWID                |  out|    1|       m_axi|            mm_video|       pointer|
|m_axi_mm_video_AWLEN               |  out|   32|       m_axi|            mm_video|       pointer|
|m_axi_mm_video_AWSIZE              |  out|    3|       m_axi|            mm_video|       pointer|
|m_axi_mm_video_AWBURST             |  out|    2|       m_axi|            mm_video|       pointer|
|m_axi_mm_video_AWLOCK              |  out|    2|       m_axi|            mm_video|       pointer|
|m_axi_mm_video_AWCACHE             |  out|    4|       m_axi|            mm_video|       pointer|
|m_axi_mm_video_AWPROT              |  out|    3|       m_axi|            mm_video|       pointer|
|m_axi_mm_video_AWQOS               |  out|    4|       m_axi|            mm_video|       pointer|
|m_axi_mm_video_AWREGION            |  out|    4|       m_axi|            mm_video|       pointer|
|m_axi_mm_video_AWUSER              |  out|    1|       m_axi|            mm_video|       pointer|
|m_axi_mm_video_WVALID              |  out|    1|       m_axi|            mm_video|       pointer|
|m_axi_mm_video_WREADY              |   in|    1|       m_axi|            mm_video|       pointer|
|m_axi_mm_video_WDATA               |  out|   64|       m_axi|            mm_video|       pointer|
|m_axi_mm_video_WSTRB               |  out|    8|       m_axi|            mm_video|       pointer|
|m_axi_mm_video_WLAST               |  out|    1|       m_axi|            mm_video|       pointer|
|m_axi_mm_video_WID                 |  out|    1|       m_axi|            mm_video|       pointer|
|m_axi_mm_video_WUSER               |  out|    1|       m_axi|            mm_video|       pointer|
|m_axi_mm_video_ARVALID             |  out|    1|       m_axi|            mm_video|       pointer|
|m_axi_mm_video_ARREADY             |   in|    1|       m_axi|            mm_video|       pointer|
|m_axi_mm_video_ARADDR              |  out|   32|       m_axi|            mm_video|       pointer|
|m_axi_mm_video_ARID                |  out|    1|       m_axi|            mm_video|       pointer|
|m_axi_mm_video_ARLEN               |  out|   32|       m_axi|            mm_video|       pointer|
|m_axi_mm_video_ARSIZE              |  out|    3|       m_axi|            mm_video|       pointer|
|m_axi_mm_video_ARBURST             |  out|    2|       m_axi|            mm_video|       pointer|
|m_axi_mm_video_ARLOCK              |  out|    2|       m_axi|            mm_video|       pointer|
|m_axi_mm_video_ARCACHE             |  out|    4|       m_axi|            mm_video|       pointer|
|m_axi_mm_video_ARPROT              |  out|    3|       m_axi|            mm_video|       pointer|
|m_axi_mm_video_ARQOS               |  out|    4|       m_axi|            mm_video|       pointer|
|m_axi_mm_video_ARREGION            |  out|    4|       m_axi|            mm_video|       pointer|
|m_axi_mm_video_ARUSER              |  out|    1|       m_axi|            mm_video|       pointer|
|m_axi_mm_video_RVALID              |   in|    1|       m_axi|            mm_video|       pointer|
|m_axi_mm_video_RREADY              |  out|    1|       m_axi|            mm_video|       pointer|
|m_axi_mm_video_RDATA               |   in|   64|       m_axi|            mm_video|       pointer|
|m_axi_mm_video_RLAST               |   in|    1|       m_axi|            mm_video|       pointer|
|m_axi_mm_video_RID                 |   in|    1|       m_axi|            mm_video|       pointer|
|m_axi_mm_video_RFIFONUM            |   in|    9|       m_axi|            mm_video|       pointer|
|m_axi_mm_video_RUSER               |   in|    1|       m_axi|            mm_video|       pointer|
|m_axi_mm_video_RRESP               |   in|    2|       m_axi|            mm_video|       pointer|
|m_axi_mm_video_BVALID              |   in|    1|       m_axi|            mm_video|       pointer|
|m_axi_mm_video_BREADY              |  out|    1|       m_axi|            mm_video|       pointer|
|m_axi_mm_video_BRESP               |   in|    2|       m_axi|            mm_video|       pointer|
|m_axi_mm_video_BID                 |   in|    1|       m_axi|            mm_video|       pointer|
|m_axi_mm_video_BUSER               |   in|    1|       m_axi|            mm_video|       pointer|
|dstImg_dout                        |   in|   32|     ap_fifo|              dstImg|       pointer|
|dstImg_num_data_valid              |   in|    3|     ap_fifo|              dstImg|       pointer|
|dstImg_fifo_cap                    |   in|    3|     ap_fifo|              dstImg|       pointer|
|dstImg_empty_n                     |   in|    1|     ap_fifo|              dstImg|       pointer|
|dstImg_read                        |  out|    1|     ap_fifo|              dstImg|       pointer|
|dstImg2_dout                       |   in|   32|     ap_fifo|             dstImg2|       pointer|
|dstImg2_num_data_valid             |   in|    3|     ap_fifo|             dstImg2|       pointer|
|dstImg2_fifo_cap                   |   in|    3|     ap_fifo|             dstImg2|       pointer|
|dstImg2_empty_n                    |   in|    1|     ap_fifo|             dstImg2|       pointer|
|dstImg2_read                       |  out|    1|     ap_fifo|             dstImg2|       pointer|
|Height_dout                        |   in|   11|     ap_fifo|              Height|       pointer|
|Height_num_data_valid              |   in|    2|     ap_fifo|              Height|       pointer|
|Height_fifo_cap                    |   in|    2|     ap_fifo|              Height|       pointer|
|Height_empty_n                     |   in|    1|     ap_fifo|              Height|       pointer|
|Height_read                        |  out|    1|     ap_fifo|              Height|       pointer|
|WidthInBytes_dout                  |   in|   14|     ap_fifo|        WidthInBytes|       pointer|
|WidthInBytes_num_data_valid        |   in|    2|     ap_fifo|        WidthInBytes|       pointer|
|WidthInBytes_fifo_cap              |   in|    2|     ap_fifo|        WidthInBytes|       pointer|
|WidthInBytes_empty_n               |   in|    1|     ap_fifo|        WidthInBytes|       pointer|
|WidthInBytes_read                  |  out|    1|     ap_fifo|        WidthInBytes|       pointer|
|StrideInBytes_dout                 |   in|   16|     ap_fifo|       StrideInBytes|       pointer|
|StrideInBytes_num_data_valid       |   in|    3|     ap_fifo|       StrideInBytes|       pointer|
|StrideInBytes_fifo_cap             |   in|    3|     ap_fifo|       StrideInBytes|       pointer|
|StrideInBytes_empty_n              |   in|    1|     ap_fifo|       StrideInBytes|       pointer|
|StrideInBytes_read                 |  out|    1|     ap_fifo|       StrideInBytes|       pointer|
|VideoFormat_dout                   |   in|    6|     ap_fifo|         VideoFormat|       pointer|
|VideoFormat_num_data_valid         |   in|    2|     ap_fifo|         VideoFormat|       pointer|
|VideoFormat_fifo_cap               |   in|    2|     ap_fifo|         VideoFormat|       pointer|
|VideoFormat_empty_n                |   in|    1|     ap_fifo|         VideoFormat|       pointer|
|VideoFormat_read                   |  out|    1|     ap_fifo|         VideoFormat|       pointer|
+-----------------------------------+-----+-----+------------+--------------------+--------------+

============================================================
+ Verbose Summary: Synthesis Manager
============================================================
InlineROM: 1
ExposeGlobal: 0
============================================================
+ Verbose Summary: CDFG Model
============================================================
IsTopModel: 0
ResetActiveHigh: 1
IsCombinational: 2
IsDatapathOnly: 0
HasWiredReturn: 1
HasMFsm: 0
HasVarLatency: 1
IsPipeline: 0
IsRtlPipelined: 0
IsInstanceOverlapped: 0
IsDontTouch: 0
HasImplIP: 0
IsGatedGlobalClock: 0


============================================================
+ Verbose Summary: Schedule
============================================================
* Number of FSM states : 216
* Pipeline : 0
* Dataflow Pipeline: 0

* FSM state transitions: 
1 --> 2 
2 --> 3 
3 --> 4 
4 --> 5 
5 --> 6 
6 --> 7 
7 --> 8 
8 --> 9 
9 --> 10 
10 --> 11 
11 --> 12 
12 --> 13 
13 --> 14 
14 --> 15 
15 --> 16 
16 --> 17 
17 --> 18 
18 --> 19 
19 --> 20 
20 --> 21 
21 --> 22 
22 --> 23 
23 --> 24 
24 --> 25 
25 --> 26 
26 --> 27 
27 --> 28 
28 --> 29 
29 --> 30 
30 --> 31 
31 --> 32 
32 --> 33 
33 --> 34 
34 --> 35 
35 --> 36 
36 --> 37 
37 --> 38 
38 --> 39 
39 --> 40 
40 --> 41 
41 --> 42 
42 --> 43 
43 --> 44 
44 --> 45 
45 --> 46 
46 --> 47 
47 --> 48 
48 --> 49 
49 --> 50 
50 --> 51 
51 --> 52 
52 --> 53 
53 --> 54 
54 --> 55 
55 --> 56 
56 --> 57 
57 --> 58 
58 --> 59 
59 --> 60 
60 --> 61 
61 --> 62 
62 --> 63 
63 --> 64 
64 --> 65 
65 --> 66 
66 --> 67 
67 --> 68 
68 --> 69 
69 --> 70 
70 --> 71 
71 --> 72 
72 --> 73 
73 --> 74 
74 --> 75 
75 --> 76 
76 --> 77 
77 --> 78 
78 --> 79 
79 --> 80 
80 --> 81 
81 --> 82 
82 --> 83 
83 --> 84 
84 --> 85 
85 --> 86 
86 --> 87 
87 --> 88 
88 --> 89 
89 --> 90 
90 --> 91 
91 --> 92 
92 --> 93 
93 --> 94 
94 --> 95 
95 --> 96 
96 --> 97 
97 --> 98 
98 --> 99 
99 --> 100 
100 --> 101 
101 --> 102 
102 --> 103 
103 --> 104 
104 --> 105 
105 --> 106 
106 --> 107 
107 --> 108 
108 --> 109 
109 --> 216 110 
110 --> 111 
111 --> 112 
112 --> 113 
113 --> 114 
114 --> 115 
115 --> 116 
116 --> 117 
117 --> 118 
118 --> 119 
119 --> 120 
120 --> 121 
121 --> 122 
122 --> 123 
123 --> 124 
124 --> 125 
125 --> 126 
126 --> 127 
127 --> 128 
128 --> 129 
129 --> 130 
130 --> 131 
131 --> 132 
132 --> 133 
133 --> 134 
134 --> 135 
135 --> 136 
136 --> 137 
137 --> 138 
138 --> 139 
139 --> 140 
140 --> 141 
141 --> 142 
142 --> 143 
143 --> 144 
144 --> 145 
145 --> 146 
146 --> 147 
147 --> 148 
148 --> 149 
149 --> 150 
150 --> 151 
151 --> 152 
152 --> 153 
153 --> 154 
154 --> 155 
155 --> 156 
156 --> 157 
157 --> 158 
158 --> 159 
159 --> 160 
160 --> 161 
161 --> 162 
162 --> 163 
163 --> 164 
164 --> 165 
165 --> 166 
166 --> 167 
167 --> 168 
168 --> 169 
169 --> 170 
170 --> 171 
171 --> 172 
172 --> 173 
173 --> 174 
174 --> 175 
175 --> 176 
176 --> 177 
177 --> 178 
178 --> 179 
179 --> 180 
180 --> 181 
181 --> 182 
182 --> 183 
183 --> 184 
184 --> 185 
185 --> 186 
186 --> 187 
187 --> 188 
188 --> 189 
189 --> 190 
190 --> 191 
191 --> 192 
192 --> 193 
193 --> 194 
194 --> 195 
195 --> 196 
196 --> 197 
197 --> 198 
198 --> 199 
199 --> 200 
200 --> 201 
201 --> 202 
202 --> 203 
203 --> 204 
204 --> 205 
205 --> 206 
206 --> 207 
207 --> 208 
208 --> 209 
209 --> 210 
210 --> 211 
211 --> 212 
212 --> 213 
213 --> 214 
214 --> 215 
215 --> 216 
216 --> 2 

* FSM state operations: 

State 1 <SV = 0> <Delay = 3.38>
ST_1 : Operation 217 [1/1] (0.00ns)   --->   "%y = alloca i32 1"   --->   Operation 217 'alloca' 'y' <Predicate = true> <Delay = 0.00>
ST_1 : Operation 218 [1/1] (0.00ns)   --->   "%offsetY = alloca i32 1"   --->   Operation 218 'alloca' 'offsetY' <Predicate = true> <Delay = 0.00>
ST_1 : Operation 219 [1/1] (0.00ns)   --->   "%offsetUV = alloca i32 1"   --->   Operation 219 'alloca' 'offsetUV' <Predicate = true> <Delay = 0.00>
ST_1 : Operation 220 [1/1] (0.00ns)   --->   "%specinterface_ln0 = specinterface void @_ssdm_op_SpecInterface, i6 %VideoFormat, void @ap_fifo_str, i32 0, i32 0, void @p_str, i32 0, i32 0, void @p_str, void @p_str, void @p_str, i32 2, i32 2, i32 16, i32 16, void @p_str, void @ScalarProp_str, i32 4294967295, i32 0"   --->   Operation 220 'specinterface' 'specinterface_ln0' <Predicate = true> <Delay = 0.00>
ST_1 : Operation 221 [1/1] (1.82ns)   --->   "%VideoFormat_read = read i6 @_ssdm_op_Read.ap_fifo.i6P0A, i6 %VideoFormat"   --->   Operation 221 'read' 'VideoFormat_read' <Predicate = true> <Delay = 1.82> <CoreInst = "FIFO_SRL">   --->   Core 81 'FIFO_SRL' <Latency = 0> <II = 1> <Delay = 1.83> <Storage> <Opcode : 'read' 'write' 'nbread' 'nbwrite'> <Ports = 0> <Width = 6> <Depth = 2> <FIFO>
ST_1 : Operation 222 [1/1] (0.00ns)   --->   "%specinterface_ln0 = specinterface void @_ssdm_op_SpecInterface, i16 %StrideInBytes, void @ap_fifo_str, i32 0, i32 0, void @p_str, i32 0, i32 0, void @p_str, void @p_str, void @p_str, i32 2, i32 2, i32 16, i32 16, void @p_str, void @ScalarProp_str, i32 4294967295, i32 0"   --->   Operation 222 'specinterface' 'specinterface_ln0' <Predicate = true> <Delay = 0.00>
ST_1 : Operation 223 [1/1] (1.82ns)   --->   "%StrideInBytes_read = read i16 @_ssdm_op_Read.ap_fifo.i16P0A, i16 %StrideInBytes"   --->   Operation 223 'read' 'StrideInBytes_read' <Predicate = true> <Delay = 1.82> <CoreInst = "FIFO_SRL">   --->   Core 81 'FIFO_SRL' <Latency = 0> <II = 1> <Delay = 1.83> <Storage> <Opcode : 'read' 'write' 'nbread' 'nbwrite'> <Ports = 0> <Width = 16> <Depth = 4> <FIFO>
ST_1 : Operation 224 [1/1] (0.00ns)   --->   "%specinterface_ln0 = specinterface void @_ssdm_op_SpecInterface, i11 %Height, void @ap_fifo_str, i32 0, i32 0, void @p_str, i32 0, i32 0, void @p_str, void @p_str, void @p_str, i32 2, i32 2, i32 16, i32 16, void @p_str, void @ScalarProp_str, i32 4294967295, i32 0"   --->   Operation 224 'specinterface' 'specinterface_ln0' <Predicate = true> <Delay = 0.00>
ST_1 : Operation 225 [1/1] (1.82ns)   --->   "%Height_read = read i11 @_ssdm_op_Read.ap_fifo.i11P0A, i11 %Height"   --->   Operation 225 'read' 'Height_read' <Predicate = true> <Delay = 1.82> <CoreInst = "FIFO_SRL">   --->   Core 81 'FIFO_SRL' <Latency = 0> <II = 1> <Delay = 1.83> <Storage> <Opcode : 'read' 'write' 'nbread' 'nbwrite'> <Ports = 0> <Width = 11> <Depth = 2> <FIFO>
ST_1 : Operation 226 [1/1] (0.00ns)   --->   "%specinterface_ln0 = specinterface void @_ssdm_op_SpecInterface, i14 %WidthInBytes, void @ap_fifo_str, i32 0, i32 0, void @p_str, i32 0, i32 0, void @p_str, void @p_str, void @p_str, i32 2, i32 2, i32 16, i32 16, void @p_str, void @ScalarProp_str, i32 4294967295, i32 0"   --->   Operation 226 'specinterface' 'specinterface_ln0' <Predicate = true> <Delay = 0.00>
ST_1 : Operation 227 [1/1] (1.82ns)   --->   "%WidthInBytes_read = read i14 @_ssdm_op_Read.ap_fifo.i14P0A, i14 %WidthInBytes"   --->   Operation 227 'read' 'WidthInBytes_read' <Predicate = true> <Delay = 1.82> <CoreInst = "FIFO_SRL">   --->   Core 81 'FIFO_SRL' <Latency = 0> <II = 1> <Delay = 1.83> <Storage> <Opcode : 'read' 'write' 'nbread' 'nbwrite'> <Ports = 0> <Width = 14> <Depth = 2> <FIFO>
ST_1 : Operation 228 [1/1] (0.00ns)   --->   "%specinterface_ln0 = specinterface void @_ssdm_op_SpecInterface, i32 %dstImg2, void @ap_fifo_str, i32 0, i32 0, void @p_str, i32 0, i32 0, void @p_str, void @p_str, void @p_str, i32 2, i32 2, i32 16, i32 16, void @p_str, void @ScalarProp_str, i32 4294967295, i32 0"   --->   Operation 228 'specinterface' 'specinterface_ln0' <Predicate = true> <Delay = 0.00>
ST_1 : Operation 229 [1/1] (1.82ns)   --->   "%dstImg2_read = read i32 @_ssdm_op_Read.ap_fifo.i32P0A, i32 %dstImg2"   --->   Operation 229 'read' 'dstImg2_read' <Predicate = true> <Delay = 1.82> <CoreInst = "FIFO_SRL">   --->   Core 81 'FIFO_SRL' <Latency = 0> <II = 1> <Delay = 1.83> <Storage> <Opcode : 'read' 'write' 'nbread' 'nbwrite'> <Ports = 0> <Width = 32> <Depth = 4> <FIFO>
ST_1 : Operation 230 [1/1] (0.00ns)   --->   "%specinterface_ln0 = specinterface void @_ssdm_op_SpecInterface, i32 %dstImg, void @ap_fifo_str, i32 0, i32 0, void @p_str, i32 0, i32 0, void @p_str, void @p_str, void @p_str, i32 2, i32 2, i32 16, i32 16, void @p_str, void @ScalarProp_str, i32 4294967295, i32 0"   --->   Operation 230 'specinterface' 'specinterface_ln0' <Predicate = true> <Delay = 0.00>
ST_1 : Operation 231 [1/1] (1.82ns)   --->   "%dstImg_read = read i32 @_ssdm_op_Read.ap_fifo.i32P0A, i32 %dstImg"   --->   Operation 231 'read' 'dstImg_read' <Predicate = true> <Delay = 1.82> <CoreInst = "FIFO_SRL">   --->   Core 81 'FIFO_SRL' <Latency = 0> <II = 1> <Delay = 1.83> <Storage> <Opcode : 'read' 'write' 'nbread' 'nbwrite'> <Ports = 0> <Width = 32> <Depth = 4> <FIFO>
ST_1 : Operation 232 [1/1] (0.00ns)   --->   "%specmemcore_ln0 = specmemcore void @_ssdm_op_SpecMemCore, i64 %bytePlanes_plane01, i64 666, i64 8, i64 18446744073709551615"   --->   Operation 232 'specmemcore' 'specmemcore_ln0' <Predicate = true> <Delay = 0.00>
ST_1 : Operation 233 [1/1] (0.00ns)   --->   "%specmemcore_ln0 = specmemcore void @_ssdm_op_SpecMemCore, i64 %bytePlanes_plane12, i64 666, i64 8, i64 18446744073709551615"   --->   Operation 233 'specmemcore' 'specmemcore_ln0' <Predicate = true> <Delay = 0.00>
ST_1 : Operation 234 [1/1] (0.00ns)   --->   "%specinterface_ln0 = specinterface void @_ssdm_op_SpecInterface, i64 %bytePlanes_plane12, void @empty_8, i32 0, i32 0, void @empty_25, i32 0, i32 0, void @empty_25, void @empty_25, void @empty_25, i32 0, i32 0, i32 0, i32 0, void @empty_25, void @empty_25, i32 4294967295, i32 0"   --->   Operation 234 'specinterface' 'specinterface_ln0' <Predicate = true> <Delay = 0.00>
ST_1 : Operation 235 [1/1] (0.00ns)   --->   "%specinterface_ln0 = specinterface void @_ssdm_op_SpecInterface, i64 %bytePlanes_plane01, void @empty_8, i32 0, i32 0, void @empty_25, i32 0, i32 0, void @empty_25, void @empty_25, void @empty_25, i32 0, i32 0, i32 0, i32 0, void @empty_25, void @empty_25, i32 4294967295, i32 0"   --->   Operation 235 'specinterface' 'specinterface_ln0' <Predicate = true> <Delay = 0.00>
ST_1 : Operation 236 [1/1] (0.00ns)   --->   "%specinterface_ln0 = specinterface void @_ssdm_op_SpecInterface, i64 %mm_video, void @empty_24, i32 0, i32 0, void @empty_25, i32 100, i32 2073600, void @empty_26, void @empty_27, void @empty_25, i32 16, i32 4, i32 16, i32 16, void @empty_25, void @empty_25, i32 4294967295, i32 0"   --->   Operation 236 'specinterface' 'specinterface_ln0' <Predicate = true> <Delay = 0.00>
ST_1 : Operation 237 [1/1] (0.00ns)   --->   "%WidthInBytes_load_cast = zext i14 %WidthInBytes_read"   --->   Operation 237 'zext' 'WidthInBytes_load_cast' <Predicate = true> <Delay = 0.00>
ST_1 : Operation 238 [1/1] (0.83ns)   --->   "%sub = add i15 %WidthInBytes_load_cast, i15 7"   --->   Operation 238 'add' 'sub' <Predicate = true> <Delay = 0.83> <CoreInst = "Adder">   --->   Core 1 'Adder' <Latency = 0> <II = 1> <Delay = 0.84> <FuncUnit> <Opcode : 'add' 'sub'> <InPorts = 2> <OutPorts = 1>
ST_1 : Operation 239 [1/1] (0.00ns)   --->   "%div = partselect i12 @_ssdm_op_PartSelect.i12.i15.i32.i32, i15 %sub, i32 3, i32 14"   --->   Operation 239 'partselect' 'div' <Predicate = true> <Delay = 0.00>
ST_1 : Operation 240 [1/1] (0.00ns)   --->   "%div_cast1 = zext i12 %div"   --->   Operation 240 'zext' 'div_cast1' <Predicate = true> <Delay = 0.00>
ST_1 : Operation 241 [1/1] (0.00ns)   --->   "%div8 = partselect i13 @_ssdm_op_PartSelect.i13.i16.i32.i32, i16 %StrideInBytes_read, i32 3, i32 15"   --->   Operation 241 'partselect' 'div8' <Predicate = true> <Delay = 0.00>
ST_1 : Operation 242 [1/1] (0.00ns)   --->   "%div8_cast2 = zext i13 %div8"   --->   Operation 242 'zext' 'div8_cast2' <Predicate = true> <Delay = 0.00>
ST_1 : Operation 243 [1/1] (0.00ns)   --->   "%VideoFormat_load_cast4 = zext i6 %VideoFormat_read"   --->   Operation 243 'zext' 'VideoFormat_load_cast4' <Predicate = true> <Delay = 0.00>
ST_1 : Operation 244 [1/1] (0.00ns)   --->   "%zext_ln1125 = zext i13 %div8" [/home/user/Documents/kria-vitis-platforms/kv260/platforms/vivado/kv260_ispMipiRx_vcu_DP/project/kv260_ispMipiRx_vcu_DP.runs/kv260_ispMipiRx_vcu_DP_v_frmbuf_wr_0_1_synth_1/prj/sol/.autopilot/db/v_frmbuf_wr.cpp:1125]   --->   Operation 244 'zext' 'zext_ln1125' <Predicate = true> <Delay = 0.00>
ST_1 : Operation 245 [1/1] (0.77ns)   --->   "%add_ln1125 = add i7 %VideoFormat_load_cast4, i7 91" [/home/user/Documents/kria-vitis-platforms/kv260/platforms/vivado/kv260_ispMipiRx_vcu_DP/project/kv260_ispMipiRx_vcu_DP.runs/kv260_ispMipiRx_vcu_DP_v_frmbuf_wr_0_1_synth_1/prj/sol/.autopilot/db/v_frmbuf_wr.cpp:1125]   --->   Operation 245 'add' 'add_ln1125' <Predicate = true> <Delay = 0.77> <CoreInst = "Adder">   --->   Core 1 'Adder' <Latency = 0> <II = 1> <Delay = 0.77> <FuncUnit> <Opcode : 'add' 'sub'> <InPorts = 2> <OutPorts = 1>
ST_1 : Operation 246 [1/1] (0.00ns)   --->   "%tmp = partselect i6 @_ssdm_op_PartSelect.i6.i7.i32.i32, i7 %add_ln1125, i32 1, i32 6" [/home/user/Documents/kria-vitis-platforms/kv260/platforms/vivado/kv260_ispMipiRx_vcu_DP/project/kv260_ispMipiRx_vcu_DP.runs/kv260_ispMipiRx_vcu_DP_v_frmbuf_wr_0_1_synth_1/prj/sol/.autopilot/db/v_frmbuf_wr.cpp:1125]   --->   Operation 246 'partselect' 'tmp' <Predicate = true> <Delay = 0.00>
ST_1 : Operation 247 [1/1] (0.78ns)   --->   "%icmp_ln1125 = icmp_eq  i6 %tmp, i6 0" [/home/user/Documents/kria-vitis-platforms/kv260/platforms/vivado/kv260_ispMipiRx_vcu_DP/project/kv260_ispMipiRx_vcu_DP.runs/kv260_ispMipiRx_vcu_DP_v_frmbuf_wr_0_1_synth_1/prj/sol/.autopilot/db/v_frmbuf_wr.cpp:1125]   --->   Operation 247 'icmp' 'icmp_ln1125' <Predicate = true> <Delay = 0.78> <CoreInst = "Cmp">   --->   Core 9 'Cmp' <Latency = 0> <II = 1> <Delay = 0.78> <FuncUnit> <Opcode : 'icmp'> <InPorts = 2> <OutPorts = 1>
ST_1 : Operation 248 [1/1] (0.42ns)   --->   "%store_ln1113 = store i32 0, i32 %offsetUV" [/home/user/Documents/kria-vitis-platforms/kv260/platforms/vivado/kv260_ispMipiRx_vcu_DP/project/kv260_ispMipiRx_vcu_DP.runs/kv260_ispMipiRx_vcu_DP_v_frmbuf_wr_0_1_synth_1/prj/sol/.autopilot/db/v_frmbuf_wr.cpp:1113]   --->   Operation 248 'store' 'store_ln1113' <Predicate = true> <Delay = 0.42>
ST_1 : Operation 249 [1/1] (0.42ns)   --->   "%store_ln1113 = store i24 0, i24 %offsetY" [/home/user/Documents/kria-vitis-platforms/kv260/platforms/vivado/kv260_ispMipiRx_vcu_DP/project/kv260_ispMipiRx_vcu_DP.runs/kv260_ispMipiRx_vcu_DP_v_frmbuf_wr_0_1_synth_1/prj/sol/.autopilot/db/v_frmbuf_wr.cpp:1113]   --->   Operation 249 'store' 'store_ln1113' <Predicate = true> <Delay = 0.42>
ST_1 : Operation 250 [1/1] (0.42ns)   --->   "%store_ln1113 = store i11 0, i11 %y" [/home/user/Documents/kria-vitis-platforms/kv260/platforms/vivado/kv260_ispMipiRx_vcu_DP/project/kv260_ispMipiRx_vcu_DP.runs/kv260_ispMipiRx_vcu_DP_v_frmbuf_wr_0_1_synth_1/prj/sol/.autopilot/db/v_frmbuf_wr.cpp:1113]   --->   Operation 250 'store' 'store_ln1113' <Predicate = true> <Delay = 0.42>
ST_1 : Operation 251 [1/1] (0.00ns)   --->   "%br_ln1113 = br void %VITIS_LOOP_1117_1" [/home/user/Documents/kria-vitis-platforms/kv260/platforms/vivado/kv260_ispMipiRx_vcu_DP/project/kv260_ispMipiRx_vcu_DP.runs/kv260_ispMipiRx_vcu_DP_v_frmbuf_wr_0_1_synth_1/prj/sol/.autopilot/db/v_frmbuf_wr.cpp:1113]   --->   Operation 251 'br' 'br_ln1113' <Predicate = true> <Delay = 0.00>

State 2 <SV = 1> <Delay = 1.01>
ST_2 : Operation 252 [1/1] (0.00ns)   --->   "%y_9 = load i11 %y" [/home/user/Documents/kria-vitis-platforms/kv260/platforms/vivado/kv260_ispMipiRx_vcu_DP/project/kv260_ispMipiRx_vcu_DP.runs/kv260_ispMipiRx_vcu_DP_v_frmbuf_wr_0_1_synth_1/prj/sol/.autopilot/db/v_frmbuf_wr.cpp:1113]   --->   Operation 252 'load' 'y_9' <Predicate = true> <Delay = 0.00>
ST_2 : Operation 253 [1/1] (0.00ns)   --->   "%trunc_ln1113 = trunc i11 %y_9" [/home/user/Documents/kria-vitis-platforms/kv260/platforms/vivado/kv260_ispMipiRx_vcu_DP/project/kv260_ispMipiRx_vcu_DP.runs/kv260_ispMipiRx_vcu_DP_v_frmbuf_wr_0_1_synth_1/prj/sol/.autopilot/db/v_frmbuf_wr.cpp:1113]   --->   Operation 253 'trunc' 'trunc_ln1113' <Predicate = true> <Delay = 0.00>
ST_2 : Operation 254 [1/1] (0.94ns)   --->   "%icmp_ln1113 = icmp_eq  i11 %y_9, i11 %Height_read" [/home/user/Documents/kria-vitis-platforms/kv260/platforms/vivado/kv260_ispMipiRx_vcu_DP/project/kv260_ispMipiRx_vcu_DP.runs/kv260_ispMipiRx_vcu_DP_v_frmbuf_wr_0_1_synth_1/prj/sol/.autopilot/db/v_frmbuf_wr.cpp:1113]   --->   Operation 254 'icmp' 'icmp_ln1113' <Predicate = true> <Delay = 0.94> <CoreInst = "Cmp">   --->   Core 9 'Cmp' <Latency = 0> <II = 1> <Delay = 0.94> <FuncUnit> <Opcode : 'icmp'> <InPorts = 2> <OutPorts = 1>
ST_2 : Operation 255 [1/1] (0.79ns)   --->   "%y_10 = add i11 %y_9, i11 1" [/home/user/Documents/kria-vitis-platforms/kv260/platforms/vivado/kv260_ispMipiRx_vcu_DP/project/kv260_ispMipiRx_vcu_DP.runs/kv260_ispMipiRx_vcu_DP_v_frmbuf_wr_0_1_synth_1/prj/sol/.autopilot/db/v_frmbuf_wr.cpp:1113]   --->   Operation 255 'add' 'y_10' <Predicate = true> <Delay = 0.79> <CoreInst = "Adder">   --->   Core 1 'Adder' <Latency = 0> <II = 1> <Delay = 0.79> <FuncUnit> <Opcode : 'add' 'sub'> <InPorts = 2> <OutPorts = 1>
ST_2 : Operation 256 [1/1] (0.00ns)   --->   "%br_ln1113 = br i1 %icmp_ln1113, void %VITIS_LOOP_1117_1.split, void %for.end67.loopexit" [/home/user/Documents/kria-vitis-platforms/kv260/platforms/vivado/kv260_ispMipiRx_vcu_DP/project/kv260_ispMipiRx_vcu_DP.runs/kv260_ispMipiRx_vcu_DP_v_frmbuf_wr_0_1_synth_1/prj/sol/.autopilot/db/v_frmbuf_wr.cpp:1113]   --->   Operation 256 'br' 'br_ln1113' <Predicate = true> <Delay = 0.00>
ST_2 : Operation 257 [1/1] (0.00ns)   --->   "%offsetY_load = load i24 %offsetY" [/home/user/Documents/kria-vitis-platforms/kv260/platforms/vivado/kv260_ispMipiRx_vcu_DP/project/kv260_ispMipiRx_vcu_DP.runs/kv260_ispMipiRx_vcu_DP_v_frmbuf_wr_0_1_synth_1/prj/sol/.autopilot/db/v_frmbuf_wr.cpp:1123]   --->   Operation 257 'load' 'offsetY_load' <Predicate = (!icmp_ln1113)> <Delay = 0.00>
ST_2 : Operation 258 [1/1] (0.00ns)   --->   "%shl_ln = bitconcatenate i27 @_ssdm_op_BitConcatenate.i27.i24.i3, i24 %offsetY_load, i3 0" [/home/user/Documents/kria-vitis-platforms/kv260/platforms/vivado/kv260_ispMipiRx_vcu_DP/project/kv260_ispMipiRx_vcu_DP.runs/kv260_ispMipiRx_vcu_DP_v_frmbuf_wr_0_1_synth_1/prj/sol/.autopilot/db/v_frmbuf_wr.cpp:1117]   --->   Operation 258 'bitconcatenate' 'shl_ln' <Predicate = (!icmp_ln1113)> <Delay = 0.00>
ST_2 : Operation 259 [1/1] (0.00ns)   --->   "%zext_ln1117 = zext i27 %shl_ln" [/home/user/Documents/kria-vitis-platforms/kv260/platforms/vivado/kv260_ispMipiRx_vcu_DP/project/kv260_ispMipiRx_vcu_DP.runs/kv260_ispMipiRx_vcu_DP_v_frmbuf_wr_0_1_synth_1/prj/sol/.autopilot/db/v_frmbuf_wr.cpp:1117]   --->   Operation 259 'zext' 'zext_ln1117' <Predicate = (!icmp_ln1113)> <Delay = 0.00>
ST_2 : Operation 260 [1/1] (1.01ns)   --->   "%add_ln1117 = add i32 %dstImg_read, i32 %zext_ln1117" [/home/user/Documents/kria-vitis-platforms/kv260/platforms/vivado/kv260_ispMipiRx_vcu_DP/project/kv260_ispMipiRx_vcu_DP.runs/kv260_ispMipiRx_vcu_DP_v_frmbuf_wr_0_1_synth_1/prj/sol/.autopilot/db/v_frmbuf_wr.cpp:1117]   --->   Operation 260 'add' 'add_ln1117' <Predicate = (!icmp_ln1113)> <Delay = 1.01> <CoreInst = "Adder">   --->   Core 1 'Adder' <Latency = 0> <II = 1> <Delay = 1.01> <FuncUnit> <Opcode : 'add' 'sub'> <InPorts = 2> <OutPorts = 1>
ST_2 : Operation 261 [1/1] (0.00ns)   --->   "%trunc_ln = partselect i29 @_ssdm_op_PartSelect.i29.i32.i32.i32, i32 %add_ln1117, i32 3, i32 31" [/home/user/Documents/kria-vitis-platforms/kv260/platforms/vivado/kv260_ispMipiRx_vcu_DP/project/kv260_ispMipiRx_vcu_DP.runs/kv260_ispMipiRx_vcu_DP_v_frmbuf_wr_0_1_synth_1/prj/sol/.autopilot/db/v_frmbuf_wr.cpp:1117]   --->   Operation 261 'partselect' 'trunc_ln' <Predicate = (!icmp_ln1113)> <Delay = 0.00>
ST_2 : Operation 262 [1/1] (0.93ns)   --->   "%add_ln1123 = add i24 %zext_ln1125, i24 %offsetY_load" [/home/user/Documents/kria-vitis-platforms/kv260/platforms/vivado/kv260_ispMipiRx_vcu_DP/project/kv260_ispMipiRx_vcu_DP.runs/kv260_ispMipiRx_vcu_DP_v_frmbuf_wr_0_1_synth_1/prj/sol/.autopilot/db/v_frmbuf_wr.cpp:1123]   --->   Operation 262 'add' 'add_ln1123' <Predicate = (!icmp_ln1113)> <Delay = 0.93> <CoreInst = "Adder">   --->   Core 1 'Adder' <Latency = 0> <II = 1> <Delay = 0.93> <FuncUnit> <Opcode : 'add' 'sub'> <InPorts = 2> <OutPorts = 1>
ST_2 : Operation 263 [1/1] (0.00ns)   --->   "%ret_ln1138 = ret" [/home/user/Documents/kria-vitis-platforms/kv260/platforms/vivado/kv260_ispMipiRx_vcu_DP/project/kv260_ispMipiRx_vcu_DP.runs/kv260_ispMipiRx_vcu_DP_v_frmbuf_wr_0_1_synth_1/prj/sol/.autopilot/db/v_frmbuf_wr.cpp:1138]   --->   Operation 263 'ret' 'ret_ln1138' <Predicate = (icmp_ln1113)> <Delay = 0.00>

State 3 <SV = 2> <Delay = 3.65>
ST_3 : Operation 264 [1/1] (0.00ns)   --->   "%sext_ln1117 = sext i29 %trunc_ln" [/home/user/Documents/kria-vitis-platforms/kv260/platforms/vivado/kv260_ispMipiRx_vcu_DP/project/kv260_ispMipiRx_vcu_DP.runs/kv260_ispMipiRx_vcu_DP_v_frmbuf_wr_0_1_synth_1/prj/sol/.autopilot/db/v_frmbuf_wr.cpp:1117]   --->   Operation 264 'sext' 'sext_ln1117' <Predicate = true> <Delay = 0.00>
ST_3 : Operation 265 [1/1] (0.00ns)   --->   "%mm_video_addr = getelementptr i64 %mm_video, i32 %sext_ln1117" [/home/user/Documents/kria-vitis-platforms/kv260/platforms/vivado/kv260_ispMipiRx_vcu_DP/project/kv260_ispMipiRx_vcu_DP.runs/kv260_ispMipiRx_vcu_DP_v_frmbuf_wr_0_1_synth_1/prj/sol/.autopilot/db/v_frmbuf_wr.cpp:1117]   --->   Operation 265 'getelementptr' 'mm_video_addr' <Predicate = true> <Delay = 0.00>
ST_3 : Operation 266 [1/1] (3.65ns)   --->   "%empty = writereq i1 @_ssdm_op_WriteReq.m_axi.p1i64, i32 %mm_video_addr, i32 %div_cast1" [/home/user/Documents/kria-vitis-platforms/kv260/platforms/vivado/kv260_ispMipiRx_vcu_DP/project/kv260_ispMipiRx_vcu_DP.runs/kv260_ispMipiRx_vcu_DP_v_frmbuf_wr_0_1_synth_1/prj/sol/.autopilot/db/v_frmbuf_wr.cpp:1117]   --->   Operation 266 'writereq' 'empty' <Predicate = true> <Delay = 3.65> <CoreInst = "m_axi">   --->   Core 121 'm_axi' <Latency = 0> <II = 1> <Delay = 1.00> <Adapter> <Opcode : 'read' 'write' 'readreq' 'writereq' 'writeresp'>

State 4 <SV = 3> <Delay = 1.40>
ST_4 : Operation 267 [1/1] (0.00ns)   --->   "%empty_136 = wait i32 @_ssdm_op_Wait"   --->   Operation 267 'wait' 'empty_136' <Predicate = true> <Delay = 0.00>
ST_4 : Operation 268 [2/2] (1.40ns)   --->   "%call_ln1117 = call void @Bytes2AXIMMvideo_Pipeline_VITIS_LOOP_1117_1, i64 %mm_video, i29 %trunc_ln, i12 %div, i64 %bytePlanes_plane01" [/home/user/Documents/kria-vitis-platforms/kv260/platforms/vivado/kv260_ispMipiRx_vcu_DP/project/kv260_ispMipiRx_vcu_DP.runs/kv260_ispMipiRx_vcu_DP_v_frmbuf_wr_0_1_synth_1/prj/sol/.autopilot/db/v_frmbuf_wr.cpp:1117]   --->   Operation 268 'call' 'call_ln1117' <Predicate = true> <Delay = 1.40> <CoreType = "Generic">   --->   Core 0 '' <Latency = 0> <II = 1> <Delay = 1.00> <Generic> <Opcode : >

State 5 <SV = 4> <Delay = 0.00>
ST_5 : Operation 269 [1/2] (0.00ns)   --->   "%call_ln1117 = call void @Bytes2AXIMMvideo_Pipeline_VITIS_LOOP_1117_1, i64 %mm_video, i29 %trunc_ln, i12 %div, i64 %bytePlanes_plane01" [/home/user/Documents/kria-vitis-platforms/kv260/platforms/vivado/kv260_ispMipiRx_vcu_DP/project/kv260_ispMipiRx_vcu_DP.runs/kv260_ispMipiRx_vcu_DP_v_frmbuf_wr_0_1_synth_1/prj/sol/.autopilot/db/v_frmbuf_wr.cpp:1117]   --->   Operation 269 'call' 'call_ln1117' <Predicate = true> <Delay = 0.00> <CoreType = "Generic">   --->   Core 0 '' <Latency = 0> <II = 1> <Delay = 1.00> <Generic> <Opcode : >

State 6 <SV = 5> <Delay = 3.65>
ST_6 : Operation 270 [1/1] (0.00ns)   --->   "%empty_137 = wait i32 @_ssdm_op_Wait"   --->   Operation 270 'wait' 'empty_137' <Predicate = true> <Delay = 0.00>
ST_6 : Operation 271 [104/104] (3.65ns)   --->   "%empty_138 = writeresp i1 @_ssdm_op_WriteResp.m_axi.p1i64, i32 %mm_video_addr" [/home/user/Documents/kria-vitis-platforms/kv260/platforms/vivado/kv260_ispMipiRx_vcu_DP/project/kv260_ispMipiRx_vcu_DP.runs/kv260_ispMipiRx_vcu_DP_v_frmbuf_wr_0_1_synth_1/prj/sol/.autopilot/db/v_frmbuf_wr.cpp:1123]   --->   Operation 271 'writeresp' 'empty_138' <Predicate = true> <Delay = 3.65> <CoreInst = "m_axi">   --->   Core 121 'm_axi' <Latency = 0> <II = 1> <Delay = 1.00> <Adapter> <Opcode : 'read' 'write' 'readreq' 'writereq' 'writeresp'>

State 7 <SV = 6> <Delay = 3.65>
ST_7 : Operation 272 [103/104] (3.65ns)   --->   "%empty_138 = writeresp i1 @_ssdm_op_WriteResp.m_axi.p1i64, i32 %mm_video_addr" [/home/user/Documents/kria-vitis-platforms/kv260/platforms/vivado/kv260_ispMipiRx_vcu_DP/project/kv260_ispMipiRx_vcu_DP.runs/kv260_ispMipiRx_vcu_DP_v_frmbuf_wr_0_1_synth_1/prj/sol/.autopilot/db/v_frmbuf_wr.cpp:1123]   --->   Operation 272 'writeresp' 'empty_138' <Predicate = true> <Delay = 3.65> <CoreInst = "m_axi">   --->   Core 121 'm_axi' <Latency = 0> <II = 1> <Delay = 1.00> <Adapter> <Opcode : 'read' 'write' 'readreq' 'writereq' 'writeresp'>

State 8 <SV = 7> <Delay = 3.65>
ST_8 : Operation 273 [102/104] (3.65ns)   --->   "%empty_138 = writeresp i1 @_ssdm_op_WriteResp.m_axi.p1i64, i32 %mm_video_addr" [/home/user/Documents/kria-vitis-platforms/kv260/platforms/vivado/kv260_ispMipiRx_vcu_DP/project/kv260_ispMipiRx_vcu_DP.runs/kv260_ispMipiRx_vcu_DP_v_frmbuf_wr_0_1_synth_1/prj/sol/.autopilot/db/v_frmbuf_wr.cpp:1123]   --->   Operation 273 'writeresp' 'empty_138' <Predicate = true> <Delay = 3.65> <CoreInst = "m_axi">   --->   Core 121 'm_axi' <Latency = 0> <II = 1> <Delay = 1.00> <Adapter> <Opcode : 'read' 'write' 'readreq' 'writereq' 'writeresp'>

State 9 <SV = 8> <Delay = 3.65>
ST_9 : Operation 274 [101/104] (3.65ns)   --->   "%empty_138 = writeresp i1 @_ssdm_op_WriteResp.m_axi.p1i64, i32 %mm_video_addr" [/home/user/Documents/kria-vitis-platforms/kv260/platforms/vivado/kv260_ispMipiRx_vcu_DP/project/kv260_ispMipiRx_vcu_DP.runs/kv260_ispMipiRx_vcu_DP_v_frmbuf_wr_0_1_synth_1/prj/sol/.autopilot/db/v_frmbuf_wr.cpp:1123]   --->   Operation 274 'writeresp' 'empty_138' <Predicate = true> <Delay = 3.65> <CoreInst = "m_axi">   --->   Core 121 'm_axi' <Latency = 0> <II = 1> <Delay = 1.00> <Adapter> <Opcode : 'read' 'write' 'readreq' 'writereq' 'writeresp'>

State 10 <SV = 9> <Delay = 3.65>
ST_10 : Operation 275 [100/104] (3.65ns)   --->   "%empty_138 = writeresp i1 @_ssdm_op_WriteResp.m_axi.p1i64, i32 %mm_video_addr" [/home/user/Documents/kria-vitis-platforms/kv260/platforms/vivado/kv260_ispMipiRx_vcu_DP/project/kv260_ispMipiRx_vcu_DP.runs/kv260_ispMipiRx_vcu_DP_v_frmbuf_wr_0_1_synth_1/prj/sol/.autopilot/db/v_frmbuf_wr.cpp:1123]   --->   Operation 275 'writeresp' 'empty_138' <Predicate = true> <Delay = 3.65> <CoreInst = "m_axi">   --->   Core 121 'm_axi' <Latency = 0> <II = 1> <Delay = 1.00> <Adapter> <Opcode : 'read' 'write' 'readreq' 'writereq' 'writeresp'>

State 11 <SV = 10> <Delay = 3.65>
ST_11 : Operation 276 [99/104] (3.65ns)   --->   "%empty_138 = writeresp i1 @_ssdm_op_WriteResp.m_axi.p1i64, i32 %mm_video_addr" [/home/user/Documents/kria-vitis-platforms/kv260/platforms/vivado/kv260_ispMipiRx_vcu_DP/project/kv260_ispMipiRx_vcu_DP.runs/kv260_ispMipiRx_vcu_DP_v_frmbuf_wr_0_1_synth_1/prj/sol/.autopilot/db/v_frmbuf_wr.cpp:1123]   --->   Operation 276 'writeresp' 'empty_138' <Predicate = true> <Delay = 3.65> <CoreInst = "m_axi">   --->   Core 121 'm_axi' <Latency = 0> <II = 1> <Delay = 1.00> <Adapter> <Opcode : 'read' 'write' 'readreq' 'writereq' 'writeresp'>

State 12 <SV = 11> <Delay = 3.65>
ST_12 : Operation 277 [98/104] (3.65ns)   --->   "%empty_138 = writeresp i1 @_ssdm_op_WriteResp.m_axi.p1i64, i32 %mm_video_addr" [/home/user/Documents/kria-vitis-platforms/kv260/platforms/vivado/kv260_ispMipiRx_vcu_DP/project/kv260_ispMipiRx_vcu_DP.runs/kv260_ispMipiRx_vcu_DP_v_frmbuf_wr_0_1_synth_1/prj/sol/.autopilot/db/v_frmbuf_wr.cpp:1123]   --->   Operation 277 'writeresp' 'empty_138' <Predicate = true> <Delay = 3.65> <CoreInst = "m_axi">   --->   Core 121 'm_axi' <Latency = 0> <II = 1> <Delay = 1.00> <Adapter> <Opcode : 'read' 'write' 'readreq' 'writereq' 'writeresp'>

State 13 <SV = 12> <Delay = 3.65>
ST_13 : Operation 278 [97/104] (3.65ns)   --->   "%empty_138 = writeresp i1 @_ssdm_op_WriteResp.m_axi.p1i64, i32 %mm_video_addr" [/home/user/Documents/kria-vitis-platforms/kv260/platforms/vivado/kv260_ispMipiRx_vcu_DP/project/kv260_ispMipiRx_vcu_DP.runs/kv260_ispMipiRx_vcu_DP_v_frmbuf_wr_0_1_synth_1/prj/sol/.autopilot/db/v_frmbuf_wr.cpp:1123]   --->   Operation 278 'writeresp' 'empty_138' <Predicate = true> <Delay = 3.65> <CoreInst = "m_axi">   --->   Core 121 'm_axi' <Latency = 0> <II = 1> <Delay = 1.00> <Adapter> <Opcode : 'read' 'write' 'readreq' 'writereq' 'writeresp'>

State 14 <SV = 13> <Delay = 3.65>
ST_14 : Operation 279 [96/104] (3.65ns)   --->   "%empty_138 = writeresp i1 @_ssdm_op_WriteResp.m_axi.p1i64, i32 %mm_video_addr" [/home/user/Documents/kria-vitis-platforms/kv260/platforms/vivado/kv260_ispMipiRx_vcu_DP/project/kv260_ispMipiRx_vcu_DP.runs/kv260_ispMipiRx_vcu_DP_v_frmbuf_wr_0_1_synth_1/prj/sol/.autopilot/db/v_frmbuf_wr.cpp:1123]   --->   Operation 279 'writeresp' 'empty_138' <Predicate = true> <Delay = 3.65> <CoreInst = "m_axi">   --->   Core 121 'm_axi' <Latency = 0> <II = 1> <Delay = 1.00> <Adapter> <Opcode : 'read' 'write' 'readreq' 'writereq' 'writeresp'>

State 15 <SV = 14> <Delay = 3.65>
ST_15 : Operation 280 [95/104] (3.65ns)   --->   "%empty_138 = writeresp i1 @_ssdm_op_WriteResp.m_axi.p1i64, i32 %mm_video_addr" [/home/user/Documents/kria-vitis-platforms/kv260/platforms/vivado/kv260_ispMipiRx_vcu_DP/project/kv260_ispMipiRx_vcu_DP.runs/kv260_ispMipiRx_vcu_DP_v_frmbuf_wr_0_1_synth_1/prj/sol/.autopilot/db/v_frmbuf_wr.cpp:1123]   --->   Operation 280 'writeresp' 'empty_138' <Predicate = true> <Delay = 3.65> <CoreInst = "m_axi">   --->   Core 121 'm_axi' <Latency = 0> <II = 1> <Delay = 1.00> <Adapter> <Opcode : 'read' 'write' 'readreq' 'writereq' 'writeresp'>

State 16 <SV = 15> <Delay = 3.65>
ST_16 : Operation 281 [94/104] (3.65ns)   --->   "%empty_138 = writeresp i1 @_ssdm_op_WriteResp.m_axi.p1i64, i32 %mm_video_addr" [/home/user/Documents/kria-vitis-platforms/kv260/platforms/vivado/kv260_ispMipiRx_vcu_DP/project/kv260_ispMipiRx_vcu_DP.runs/kv260_ispMipiRx_vcu_DP_v_frmbuf_wr_0_1_synth_1/prj/sol/.autopilot/db/v_frmbuf_wr.cpp:1123]   --->   Operation 281 'writeresp' 'empty_138' <Predicate = true> <Delay = 3.65> <CoreInst = "m_axi">   --->   Core 121 'm_axi' <Latency = 0> <II = 1> <Delay = 1.00> <Adapter> <Opcode : 'read' 'write' 'readreq' 'writereq' 'writeresp'>

State 17 <SV = 16> <Delay = 3.65>
ST_17 : Operation 282 [93/104] (3.65ns)   --->   "%empty_138 = writeresp i1 @_ssdm_op_WriteResp.m_axi.p1i64, i32 %mm_video_addr" [/home/user/Documents/kria-vitis-platforms/kv260/platforms/vivado/kv260_ispMipiRx_vcu_DP/project/kv260_ispMipiRx_vcu_DP.runs/kv260_ispMipiRx_vcu_DP_v_frmbuf_wr_0_1_synth_1/prj/sol/.autopilot/db/v_frmbuf_wr.cpp:1123]   --->   Operation 282 'writeresp' 'empty_138' <Predicate = true> <Delay = 3.65> <CoreInst = "m_axi">   --->   Core 121 'm_axi' <Latency = 0> <II = 1> <Delay = 1.00> <Adapter> <Opcode : 'read' 'write' 'readreq' 'writereq' 'writeresp'>

State 18 <SV = 17> <Delay = 3.65>
ST_18 : Operation 283 [92/104] (3.65ns)   --->   "%empty_138 = writeresp i1 @_ssdm_op_WriteResp.m_axi.p1i64, i32 %mm_video_addr" [/home/user/Documents/kria-vitis-platforms/kv260/platforms/vivado/kv260_ispMipiRx_vcu_DP/project/kv260_ispMipiRx_vcu_DP.runs/kv260_ispMipiRx_vcu_DP_v_frmbuf_wr_0_1_synth_1/prj/sol/.autopilot/db/v_frmbuf_wr.cpp:1123]   --->   Operation 283 'writeresp' 'empty_138' <Predicate = true> <Delay = 3.65> <CoreInst = "m_axi">   --->   Core 121 'm_axi' <Latency = 0> <II = 1> <Delay = 1.00> <Adapter> <Opcode : 'read' 'write' 'readreq' 'writereq' 'writeresp'>

State 19 <SV = 18> <Delay = 3.65>
ST_19 : Operation 284 [91/104] (3.65ns)   --->   "%empty_138 = writeresp i1 @_ssdm_op_WriteResp.m_axi.p1i64, i32 %mm_video_addr" [/home/user/Documents/kria-vitis-platforms/kv260/platforms/vivado/kv260_ispMipiRx_vcu_DP/project/kv260_ispMipiRx_vcu_DP.runs/kv260_ispMipiRx_vcu_DP_v_frmbuf_wr_0_1_synth_1/prj/sol/.autopilot/db/v_frmbuf_wr.cpp:1123]   --->   Operation 284 'writeresp' 'empty_138' <Predicate = true> <Delay = 3.65> <CoreInst = "m_axi">   --->   Core 121 'm_axi' <Latency = 0> <II = 1> <Delay = 1.00> <Adapter> <Opcode : 'read' 'write' 'readreq' 'writereq' 'writeresp'>

State 20 <SV = 19> <Delay = 3.65>
ST_20 : Operation 285 [90/104] (3.65ns)   --->   "%empty_138 = writeresp i1 @_ssdm_op_WriteResp.m_axi.p1i64, i32 %mm_video_addr" [/home/user/Documents/kria-vitis-platforms/kv260/platforms/vivado/kv260_ispMipiRx_vcu_DP/project/kv260_ispMipiRx_vcu_DP.runs/kv260_ispMipiRx_vcu_DP_v_frmbuf_wr_0_1_synth_1/prj/sol/.autopilot/db/v_frmbuf_wr.cpp:1123]   --->   Operation 285 'writeresp' 'empty_138' <Predicate = true> <Delay = 3.65> <CoreInst = "m_axi">   --->   Core 121 'm_axi' <Latency = 0> <II = 1> <Delay = 1.00> <Adapter> <Opcode : 'read' 'write' 'readreq' 'writereq' 'writeresp'>

State 21 <SV = 20> <Delay = 3.65>
ST_21 : Operation 286 [89/104] (3.65ns)   --->   "%empty_138 = writeresp i1 @_ssdm_op_WriteResp.m_axi.p1i64, i32 %mm_video_addr" [/home/user/Documents/kria-vitis-platforms/kv260/platforms/vivado/kv260_ispMipiRx_vcu_DP/project/kv260_ispMipiRx_vcu_DP.runs/kv260_ispMipiRx_vcu_DP_v_frmbuf_wr_0_1_synth_1/prj/sol/.autopilot/db/v_frmbuf_wr.cpp:1123]   --->   Operation 286 'writeresp' 'empty_138' <Predicate = true> <Delay = 3.65> <CoreInst = "m_axi">   --->   Core 121 'm_axi' <Latency = 0> <II = 1> <Delay = 1.00> <Adapter> <Opcode : 'read' 'write' 'readreq' 'writereq' 'writeresp'>

State 22 <SV = 21> <Delay = 3.65>
ST_22 : Operation 287 [88/104] (3.65ns)   --->   "%empty_138 = writeresp i1 @_ssdm_op_WriteResp.m_axi.p1i64, i32 %mm_video_addr" [/home/user/Documents/kria-vitis-platforms/kv260/platforms/vivado/kv260_ispMipiRx_vcu_DP/project/kv260_ispMipiRx_vcu_DP.runs/kv260_ispMipiRx_vcu_DP_v_frmbuf_wr_0_1_synth_1/prj/sol/.autopilot/db/v_frmbuf_wr.cpp:1123]   --->   Operation 287 'writeresp' 'empty_138' <Predicate = true> <Delay = 3.65> <CoreInst = "m_axi">   --->   Core 121 'm_axi' <Latency = 0> <II = 1> <Delay = 1.00> <Adapter> <Opcode : 'read' 'write' 'readreq' 'writereq' 'writeresp'>

State 23 <SV = 22> <Delay = 3.65>
ST_23 : Operation 288 [87/104] (3.65ns)   --->   "%empty_138 = writeresp i1 @_ssdm_op_WriteResp.m_axi.p1i64, i32 %mm_video_addr" [/home/user/Documents/kria-vitis-platforms/kv260/platforms/vivado/kv260_ispMipiRx_vcu_DP/project/kv260_ispMipiRx_vcu_DP.runs/kv260_ispMipiRx_vcu_DP_v_frmbuf_wr_0_1_synth_1/prj/sol/.autopilot/db/v_frmbuf_wr.cpp:1123]   --->   Operation 288 'writeresp' 'empty_138' <Predicate = true> <Delay = 3.65> <CoreInst = "m_axi">   --->   Core 121 'm_axi' <Latency = 0> <II = 1> <Delay = 1.00> <Adapter> <Opcode : 'read' 'write' 'readreq' 'writereq' 'writeresp'>

State 24 <SV = 23> <Delay = 3.65>
ST_24 : Operation 289 [86/104] (3.65ns)   --->   "%empty_138 = writeresp i1 @_ssdm_op_WriteResp.m_axi.p1i64, i32 %mm_video_addr" [/home/user/Documents/kria-vitis-platforms/kv260/platforms/vivado/kv260_ispMipiRx_vcu_DP/project/kv260_ispMipiRx_vcu_DP.runs/kv260_ispMipiRx_vcu_DP_v_frmbuf_wr_0_1_synth_1/prj/sol/.autopilot/db/v_frmbuf_wr.cpp:1123]   --->   Operation 289 'writeresp' 'empty_138' <Predicate = true> <Delay = 3.65> <CoreInst = "m_axi">   --->   Core 121 'm_axi' <Latency = 0> <II = 1> <Delay = 1.00> <Adapter> <Opcode : 'read' 'write' 'readreq' 'writereq' 'writeresp'>

State 25 <SV = 24> <Delay = 3.65>
ST_25 : Operation 290 [85/104] (3.65ns)   --->   "%empty_138 = writeresp i1 @_ssdm_op_WriteResp.m_axi.p1i64, i32 %mm_video_addr" [/home/user/Documents/kria-vitis-platforms/kv260/platforms/vivado/kv260_ispMipiRx_vcu_DP/project/kv260_ispMipiRx_vcu_DP.runs/kv260_ispMipiRx_vcu_DP_v_frmbuf_wr_0_1_synth_1/prj/sol/.autopilot/db/v_frmbuf_wr.cpp:1123]   --->   Operation 290 'writeresp' 'empty_138' <Predicate = true> <Delay = 3.65> <CoreInst = "m_axi">   --->   Core 121 'm_axi' <Latency = 0> <II = 1> <Delay = 1.00> <Adapter> <Opcode : 'read' 'write' 'readreq' 'writereq' 'writeresp'>

State 26 <SV = 25> <Delay = 3.65>
ST_26 : Operation 291 [84/104] (3.65ns)   --->   "%empty_138 = writeresp i1 @_ssdm_op_WriteResp.m_axi.p1i64, i32 %mm_video_addr" [/home/user/Documents/kria-vitis-platforms/kv260/platforms/vivado/kv260_ispMipiRx_vcu_DP/project/kv260_ispMipiRx_vcu_DP.runs/kv260_ispMipiRx_vcu_DP_v_frmbuf_wr_0_1_synth_1/prj/sol/.autopilot/db/v_frmbuf_wr.cpp:1123]   --->   Operation 291 'writeresp' 'empty_138' <Predicate = true> <Delay = 3.65> <CoreInst = "m_axi">   --->   Core 121 'm_axi' <Latency = 0> <II = 1> <Delay = 1.00> <Adapter> <Opcode : 'read' 'write' 'readreq' 'writereq' 'writeresp'>

State 27 <SV = 26> <Delay = 3.65>
ST_27 : Operation 292 [83/104] (3.65ns)   --->   "%empty_138 = writeresp i1 @_ssdm_op_WriteResp.m_axi.p1i64, i32 %mm_video_addr" [/home/user/Documents/kria-vitis-platforms/kv260/platforms/vivado/kv260_ispMipiRx_vcu_DP/project/kv260_ispMipiRx_vcu_DP.runs/kv260_ispMipiRx_vcu_DP_v_frmbuf_wr_0_1_synth_1/prj/sol/.autopilot/db/v_frmbuf_wr.cpp:1123]   --->   Operation 292 'writeresp' 'empty_138' <Predicate = true> <Delay = 3.65> <CoreInst = "m_axi">   --->   Core 121 'm_axi' <Latency = 0> <II = 1> <Delay = 1.00> <Adapter> <Opcode : 'read' 'write' 'readreq' 'writereq' 'writeresp'>

State 28 <SV = 27> <Delay = 3.65>
ST_28 : Operation 293 [82/104] (3.65ns)   --->   "%empty_138 = writeresp i1 @_ssdm_op_WriteResp.m_axi.p1i64, i32 %mm_video_addr" [/home/user/Documents/kria-vitis-platforms/kv260/platforms/vivado/kv260_ispMipiRx_vcu_DP/project/kv260_ispMipiRx_vcu_DP.runs/kv260_ispMipiRx_vcu_DP_v_frmbuf_wr_0_1_synth_1/prj/sol/.autopilot/db/v_frmbuf_wr.cpp:1123]   --->   Operation 293 'writeresp' 'empty_138' <Predicate = true> <Delay = 3.65> <CoreInst = "m_axi">   --->   Core 121 'm_axi' <Latency = 0> <II = 1> <Delay = 1.00> <Adapter> <Opcode : 'read' 'write' 'readreq' 'writereq' 'writeresp'>

State 29 <SV = 28> <Delay = 3.65>
ST_29 : Operation 294 [81/104] (3.65ns)   --->   "%empty_138 = writeresp i1 @_ssdm_op_WriteResp.m_axi.p1i64, i32 %mm_video_addr" [/home/user/Documents/kria-vitis-platforms/kv260/platforms/vivado/kv260_ispMipiRx_vcu_DP/project/kv260_ispMipiRx_vcu_DP.runs/kv260_ispMipiRx_vcu_DP_v_frmbuf_wr_0_1_synth_1/prj/sol/.autopilot/db/v_frmbuf_wr.cpp:1123]   --->   Operation 294 'writeresp' 'empty_138' <Predicate = true> <Delay = 3.65> <CoreInst = "m_axi">   --->   Core 121 'm_axi' <Latency = 0> <II = 1> <Delay = 1.00> <Adapter> <Opcode : 'read' 'write' 'readreq' 'writereq' 'writeresp'>

State 30 <SV = 29> <Delay = 3.65>
ST_30 : Operation 295 [80/104] (3.65ns)   --->   "%empty_138 = writeresp i1 @_ssdm_op_WriteResp.m_axi.p1i64, i32 %mm_video_addr" [/home/user/Documents/kria-vitis-platforms/kv260/platforms/vivado/kv260_ispMipiRx_vcu_DP/project/kv260_ispMipiRx_vcu_DP.runs/kv260_ispMipiRx_vcu_DP_v_frmbuf_wr_0_1_synth_1/prj/sol/.autopilot/db/v_frmbuf_wr.cpp:1123]   --->   Operation 295 'writeresp' 'empty_138' <Predicate = true> <Delay = 3.65> <CoreInst = "m_axi">   --->   Core 121 'm_axi' <Latency = 0> <II = 1> <Delay = 1.00> <Adapter> <Opcode : 'read' 'write' 'readreq' 'writereq' 'writeresp'>

State 31 <SV = 30> <Delay = 3.65>
ST_31 : Operation 296 [79/104] (3.65ns)   --->   "%empty_138 = writeresp i1 @_ssdm_op_WriteResp.m_axi.p1i64, i32 %mm_video_addr" [/home/user/Documents/kria-vitis-platforms/kv260/platforms/vivado/kv260_ispMipiRx_vcu_DP/project/kv260_ispMipiRx_vcu_DP.runs/kv260_ispMipiRx_vcu_DP_v_frmbuf_wr_0_1_synth_1/prj/sol/.autopilot/db/v_frmbuf_wr.cpp:1123]   --->   Operation 296 'writeresp' 'empty_138' <Predicate = true> <Delay = 3.65> <CoreInst = "m_axi">   --->   Core 121 'm_axi' <Latency = 0> <II = 1> <Delay = 1.00> <Adapter> <Opcode : 'read' 'write' 'readreq' 'writereq' 'writeresp'>

State 32 <SV = 31> <Delay = 3.65>
ST_32 : Operation 297 [78/104] (3.65ns)   --->   "%empty_138 = writeresp i1 @_ssdm_op_WriteResp.m_axi.p1i64, i32 %mm_video_addr" [/home/user/Documents/kria-vitis-platforms/kv260/platforms/vivado/kv260_ispMipiRx_vcu_DP/project/kv260_ispMipiRx_vcu_DP.runs/kv260_ispMipiRx_vcu_DP_v_frmbuf_wr_0_1_synth_1/prj/sol/.autopilot/db/v_frmbuf_wr.cpp:1123]   --->   Operation 297 'writeresp' 'empty_138' <Predicate = true> <Delay = 3.65> <CoreInst = "m_axi">   --->   Core 121 'm_axi' <Latency = 0> <II = 1> <Delay = 1.00> <Adapter> <Opcode : 'read' 'write' 'readreq' 'writereq' 'writeresp'>

State 33 <SV = 32> <Delay = 3.65>
ST_33 : Operation 298 [77/104] (3.65ns)   --->   "%empty_138 = writeresp i1 @_ssdm_op_WriteResp.m_axi.p1i64, i32 %mm_video_addr" [/home/user/Documents/kria-vitis-platforms/kv260/platforms/vivado/kv260_ispMipiRx_vcu_DP/project/kv260_ispMipiRx_vcu_DP.runs/kv260_ispMipiRx_vcu_DP_v_frmbuf_wr_0_1_synth_1/prj/sol/.autopilot/db/v_frmbuf_wr.cpp:1123]   --->   Operation 298 'writeresp' 'empty_138' <Predicate = true> <Delay = 3.65> <CoreInst = "m_axi">   --->   Core 121 'm_axi' <Latency = 0> <II = 1> <Delay = 1.00> <Adapter> <Opcode : 'read' 'write' 'readreq' 'writereq' 'writeresp'>

State 34 <SV = 33> <Delay = 3.65>
ST_34 : Operation 299 [76/104] (3.65ns)   --->   "%empty_138 = writeresp i1 @_ssdm_op_WriteResp.m_axi.p1i64, i32 %mm_video_addr" [/home/user/Documents/kria-vitis-platforms/kv260/platforms/vivado/kv260_ispMipiRx_vcu_DP/project/kv260_ispMipiRx_vcu_DP.runs/kv260_ispMipiRx_vcu_DP_v_frmbuf_wr_0_1_synth_1/prj/sol/.autopilot/db/v_frmbuf_wr.cpp:1123]   --->   Operation 299 'writeresp' 'empty_138' <Predicate = true> <Delay = 3.65> <CoreInst = "m_axi">   --->   Core 121 'm_axi' <Latency = 0> <II = 1> <Delay = 1.00> <Adapter> <Opcode : 'read' 'write' 'readreq' 'writereq' 'writeresp'>

State 35 <SV = 34> <Delay = 3.65>
ST_35 : Operation 300 [75/104] (3.65ns)   --->   "%empty_138 = writeresp i1 @_ssdm_op_WriteResp.m_axi.p1i64, i32 %mm_video_addr" [/home/user/Documents/kria-vitis-platforms/kv260/platforms/vivado/kv260_ispMipiRx_vcu_DP/project/kv260_ispMipiRx_vcu_DP.runs/kv260_ispMipiRx_vcu_DP_v_frmbuf_wr_0_1_synth_1/prj/sol/.autopilot/db/v_frmbuf_wr.cpp:1123]   --->   Operation 300 'writeresp' 'empty_138' <Predicate = true> <Delay = 3.65> <CoreInst = "m_axi">   --->   Core 121 'm_axi' <Latency = 0> <II = 1> <Delay = 1.00> <Adapter> <Opcode : 'read' 'write' 'readreq' 'writereq' 'writeresp'>

State 36 <SV = 35> <Delay = 3.65>
ST_36 : Operation 301 [74/104] (3.65ns)   --->   "%empty_138 = writeresp i1 @_ssdm_op_WriteResp.m_axi.p1i64, i32 %mm_video_addr" [/home/user/Documents/kria-vitis-platforms/kv260/platforms/vivado/kv260_ispMipiRx_vcu_DP/project/kv260_ispMipiRx_vcu_DP.runs/kv260_ispMipiRx_vcu_DP_v_frmbuf_wr_0_1_synth_1/prj/sol/.autopilot/db/v_frmbuf_wr.cpp:1123]   --->   Operation 301 'writeresp' 'empty_138' <Predicate = true> <Delay = 3.65> <CoreInst = "m_axi">   --->   Core 121 'm_axi' <Latency = 0> <II = 1> <Delay = 1.00> <Adapter> <Opcode : 'read' 'write' 'readreq' 'writereq' 'writeresp'>

State 37 <SV = 36> <Delay = 3.65>
ST_37 : Operation 302 [73/104] (3.65ns)   --->   "%empty_138 = writeresp i1 @_ssdm_op_WriteResp.m_axi.p1i64, i32 %mm_video_addr" [/home/user/Documents/kria-vitis-platforms/kv260/platforms/vivado/kv260_ispMipiRx_vcu_DP/project/kv260_ispMipiRx_vcu_DP.runs/kv260_ispMipiRx_vcu_DP_v_frmbuf_wr_0_1_synth_1/prj/sol/.autopilot/db/v_frmbuf_wr.cpp:1123]   --->   Operation 302 'writeresp' 'empty_138' <Predicate = true> <Delay = 3.65> <CoreInst = "m_axi">   --->   Core 121 'm_axi' <Latency = 0> <II = 1> <Delay = 1.00> <Adapter> <Opcode : 'read' 'write' 'readreq' 'writereq' 'writeresp'>

State 38 <SV = 37> <Delay = 3.65>
ST_38 : Operation 303 [72/104] (3.65ns)   --->   "%empty_138 = writeresp i1 @_ssdm_op_WriteResp.m_axi.p1i64, i32 %mm_video_addr" [/home/user/Documents/kria-vitis-platforms/kv260/platforms/vivado/kv260_ispMipiRx_vcu_DP/project/kv260_ispMipiRx_vcu_DP.runs/kv260_ispMipiRx_vcu_DP_v_frmbuf_wr_0_1_synth_1/prj/sol/.autopilot/db/v_frmbuf_wr.cpp:1123]   --->   Operation 303 'writeresp' 'empty_138' <Predicate = true> <Delay = 3.65> <CoreInst = "m_axi">   --->   Core 121 'm_axi' <Latency = 0> <II = 1> <Delay = 1.00> <Adapter> <Opcode : 'read' 'write' 'readreq' 'writereq' 'writeresp'>

State 39 <SV = 38> <Delay = 3.65>
ST_39 : Operation 304 [71/104] (3.65ns)   --->   "%empty_138 = writeresp i1 @_ssdm_op_WriteResp.m_axi.p1i64, i32 %mm_video_addr" [/home/user/Documents/kria-vitis-platforms/kv260/platforms/vivado/kv260_ispMipiRx_vcu_DP/project/kv260_ispMipiRx_vcu_DP.runs/kv260_ispMipiRx_vcu_DP_v_frmbuf_wr_0_1_synth_1/prj/sol/.autopilot/db/v_frmbuf_wr.cpp:1123]   --->   Operation 304 'writeresp' 'empty_138' <Predicate = true> <Delay = 3.65> <CoreInst = "m_axi">   --->   Core 121 'm_axi' <Latency = 0> <II = 1> <Delay = 1.00> <Adapter> <Opcode : 'read' 'write' 'readreq' 'writereq' 'writeresp'>

State 40 <SV = 39> <Delay = 3.65>
ST_40 : Operation 305 [70/104] (3.65ns)   --->   "%empty_138 = writeresp i1 @_ssdm_op_WriteResp.m_axi.p1i64, i32 %mm_video_addr" [/home/user/Documents/kria-vitis-platforms/kv260/platforms/vivado/kv260_ispMipiRx_vcu_DP/project/kv260_ispMipiRx_vcu_DP.runs/kv260_ispMipiRx_vcu_DP_v_frmbuf_wr_0_1_synth_1/prj/sol/.autopilot/db/v_frmbuf_wr.cpp:1123]   --->   Operation 305 'writeresp' 'empty_138' <Predicate = true> <Delay = 3.65> <CoreInst = "m_axi">   --->   Core 121 'm_axi' <Latency = 0> <II = 1> <Delay = 1.00> <Adapter> <Opcode : 'read' 'write' 'readreq' 'writereq' 'writeresp'>

State 41 <SV = 40> <Delay = 3.65>
ST_41 : Operation 306 [69/104] (3.65ns)   --->   "%empty_138 = writeresp i1 @_ssdm_op_WriteResp.m_axi.p1i64, i32 %mm_video_addr" [/home/user/Documents/kria-vitis-platforms/kv260/platforms/vivado/kv260_ispMipiRx_vcu_DP/project/kv260_ispMipiRx_vcu_DP.runs/kv260_ispMipiRx_vcu_DP_v_frmbuf_wr_0_1_synth_1/prj/sol/.autopilot/db/v_frmbuf_wr.cpp:1123]   --->   Operation 306 'writeresp' 'empty_138' <Predicate = true> <Delay = 3.65> <CoreInst = "m_axi">   --->   Core 121 'm_axi' <Latency = 0> <II = 1> <Delay = 1.00> <Adapter> <Opcode : 'read' 'write' 'readreq' 'writereq' 'writeresp'>

State 42 <SV = 41> <Delay = 3.65>
ST_42 : Operation 307 [68/104] (3.65ns)   --->   "%empty_138 = writeresp i1 @_ssdm_op_WriteResp.m_axi.p1i64, i32 %mm_video_addr" [/home/user/Documents/kria-vitis-platforms/kv260/platforms/vivado/kv260_ispMipiRx_vcu_DP/project/kv260_ispMipiRx_vcu_DP.runs/kv260_ispMipiRx_vcu_DP_v_frmbuf_wr_0_1_synth_1/prj/sol/.autopilot/db/v_frmbuf_wr.cpp:1123]   --->   Operation 307 'writeresp' 'empty_138' <Predicate = true> <Delay = 3.65> <CoreInst = "m_axi">   --->   Core 121 'm_axi' <Latency = 0> <II = 1> <Delay = 1.00> <Adapter> <Opcode : 'read' 'write' 'readreq' 'writereq' 'writeresp'>

State 43 <SV = 42> <Delay = 3.65>
ST_43 : Operation 308 [67/104] (3.65ns)   --->   "%empty_138 = writeresp i1 @_ssdm_op_WriteResp.m_axi.p1i64, i32 %mm_video_addr" [/home/user/Documents/kria-vitis-platforms/kv260/platforms/vivado/kv260_ispMipiRx_vcu_DP/project/kv260_ispMipiRx_vcu_DP.runs/kv260_ispMipiRx_vcu_DP_v_frmbuf_wr_0_1_synth_1/prj/sol/.autopilot/db/v_frmbuf_wr.cpp:1123]   --->   Operation 308 'writeresp' 'empty_138' <Predicate = true> <Delay = 3.65> <CoreInst = "m_axi">   --->   Core 121 'm_axi' <Latency = 0> <II = 1> <Delay = 1.00> <Adapter> <Opcode : 'read' 'write' 'readreq' 'writereq' 'writeresp'>

State 44 <SV = 43> <Delay = 3.65>
ST_44 : Operation 309 [66/104] (3.65ns)   --->   "%empty_138 = writeresp i1 @_ssdm_op_WriteResp.m_axi.p1i64, i32 %mm_video_addr" [/home/user/Documents/kria-vitis-platforms/kv260/platforms/vivado/kv260_ispMipiRx_vcu_DP/project/kv260_ispMipiRx_vcu_DP.runs/kv260_ispMipiRx_vcu_DP_v_frmbuf_wr_0_1_synth_1/prj/sol/.autopilot/db/v_frmbuf_wr.cpp:1123]   --->   Operation 309 'writeresp' 'empty_138' <Predicate = true> <Delay = 3.65> <CoreInst = "m_axi">   --->   Core 121 'm_axi' <Latency = 0> <II = 1> <Delay = 1.00> <Adapter> <Opcode : 'read' 'write' 'readreq' 'writereq' 'writeresp'>

State 45 <SV = 44> <Delay = 3.65>
ST_45 : Operation 310 [65/104] (3.65ns)   --->   "%empty_138 = writeresp i1 @_ssdm_op_WriteResp.m_axi.p1i64, i32 %mm_video_addr" [/home/user/Documents/kria-vitis-platforms/kv260/platforms/vivado/kv260_ispMipiRx_vcu_DP/project/kv260_ispMipiRx_vcu_DP.runs/kv260_ispMipiRx_vcu_DP_v_frmbuf_wr_0_1_synth_1/prj/sol/.autopilot/db/v_frmbuf_wr.cpp:1123]   --->   Operation 310 'writeresp' 'empty_138' <Predicate = true> <Delay = 3.65> <CoreInst = "m_axi">   --->   Core 121 'm_axi' <Latency = 0> <II = 1> <Delay = 1.00> <Adapter> <Opcode : 'read' 'write' 'readreq' 'writereq' 'writeresp'>

State 46 <SV = 45> <Delay = 3.65>
ST_46 : Operation 311 [64/104] (3.65ns)   --->   "%empty_138 = writeresp i1 @_ssdm_op_WriteResp.m_axi.p1i64, i32 %mm_video_addr" [/home/user/Documents/kria-vitis-platforms/kv260/platforms/vivado/kv260_ispMipiRx_vcu_DP/project/kv260_ispMipiRx_vcu_DP.runs/kv260_ispMipiRx_vcu_DP_v_frmbuf_wr_0_1_synth_1/prj/sol/.autopilot/db/v_frmbuf_wr.cpp:1123]   --->   Operation 311 'writeresp' 'empty_138' <Predicate = true> <Delay = 3.65> <CoreInst = "m_axi">   --->   Core 121 'm_axi' <Latency = 0> <II = 1> <Delay = 1.00> <Adapter> <Opcode : 'read' 'write' 'readreq' 'writereq' 'writeresp'>

State 47 <SV = 46> <Delay = 3.65>
ST_47 : Operation 312 [63/104] (3.65ns)   --->   "%empty_138 = writeresp i1 @_ssdm_op_WriteResp.m_axi.p1i64, i32 %mm_video_addr" [/home/user/Documents/kria-vitis-platforms/kv260/platforms/vivado/kv260_ispMipiRx_vcu_DP/project/kv260_ispMipiRx_vcu_DP.runs/kv260_ispMipiRx_vcu_DP_v_frmbuf_wr_0_1_synth_1/prj/sol/.autopilot/db/v_frmbuf_wr.cpp:1123]   --->   Operation 312 'writeresp' 'empty_138' <Predicate = true> <Delay = 3.65> <CoreInst = "m_axi">   --->   Core 121 'm_axi' <Latency = 0> <II = 1> <Delay = 1.00> <Adapter> <Opcode : 'read' 'write' 'readreq' 'writereq' 'writeresp'>

State 48 <SV = 47> <Delay = 3.65>
ST_48 : Operation 313 [62/104] (3.65ns)   --->   "%empty_138 = writeresp i1 @_ssdm_op_WriteResp.m_axi.p1i64, i32 %mm_video_addr" [/home/user/Documents/kria-vitis-platforms/kv260/platforms/vivado/kv260_ispMipiRx_vcu_DP/project/kv260_ispMipiRx_vcu_DP.runs/kv260_ispMipiRx_vcu_DP_v_frmbuf_wr_0_1_synth_1/prj/sol/.autopilot/db/v_frmbuf_wr.cpp:1123]   --->   Operation 313 'writeresp' 'empty_138' <Predicate = true> <Delay = 3.65> <CoreInst = "m_axi">   --->   Core 121 'm_axi' <Latency = 0> <II = 1> <Delay = 1.00> <Adapter> <Opcode : 'read' 'write' 'readreq' 'writereq' 'writeresp'>

State 49 <SV = 48> <Delay = 3.65>
ST_49 : Operation 314 [61/104] (3.65ns)   --->   "%empty_138 = writeresp i1 @_ssdm_op_WriteResp.m_axi.p1i64, i32 %mm_video_addr" [/home/user/Documents/kria-vitis-platforms/kv260/platforms/vivado/kv260_ispMipiRx_vcu_DP/project/kv260_ispMipiRx_vcu_DP.runs/kv260_ispMipiRx_vcu_DP_v_frmbuf_wr_0_1_synth_1/prj/sol/.autopilot/db/v_frmbuf_wr.cpp:1123]   --->   Operation 314 'writeresp' 'empty_138' <Predicate = true> <Delay = 3.65> <CoreInst = "m_axi">   --->   Core 121 'm_axi' <Latency = 0> <II = 1> <Delay = 1.00> <Adapter> <Opcode : 'read' 'write' 'readreq' 'writereq' 'writeresp'>

State 50 <SV = 49> <Delay = 3.65>
ST_50 : Operation 315 [60/104] (3.65ns)   --->   "%empty_138 = writeresp i1 @_ssdm_op_WriteResp.m_axi.p1i64, i32 %mm_video_addr" [/home/user/Documents/kria-vitis-platforms/kv260/platforms/vivado/kv260_ispMipiRx_vcu_DP/project/kv260_ispMipiRx_vcu_DP.runs/kv260_ispMipiRx_vcu_DP_v_frmbuf_wr_0_1_synth_1/prj/sol/.autopilot/db/v_frmbuf_wr.cpp:1123]   --->   Operation 315 'writeresp' 'empty_138' <Predicate = true> <Delay = 3.65> <CoreInst = "m_axi">   --->   Core 121 'm_axi' <Latency = 0> <II = 1> <Delay = 1.00> <Adapter> <Opcode : 'read' 'write' 'readreq' 'writereq' 'writeresp'>

State 51 <SV = 50> <Delay = 3.65>
ST_51 : Operation 316 [59/104] (3.65ns)   --->   "%empty_138 = writeresp i1 @_ssdm_op_WriteResp.m_axi.p1i64, i32 %mm_video_addr" [/home/user/Documents/kria-vitis-platforms/kv260/platforms/vivado/kv260_ispMipiRx_vcu_DP/project/kv260_ispMipiRx_vcu_DP.runs/kv260_ispMipiRx_vcu_DP_v_frmbuf_wr_0_1_synth_1/prj/sol/.autopilot/db/v_frmbuf_wr.cpp:1123]   --->   Operation 316 'writeresp' 'empty_138' <Predicate = true> <Delay = 3.65> <CoreInst = "m_axi">   --->   Core 121 'm_axi' <Latency = 0> <II = 1> <Delay = 1.00> <Adapter> <Opcode : 'read' 'write' 'readreq' 'writereq' 'writeresp'>

State 52 <SV = 51> <Delay = 3.65>
ST_52 : Operation 317 [58/104] (3.65ns)   --->   "%empty_138 = writeresp i1 @_ssdm_op_WriteResp.m_axi.p1i64, i32 %mm_video_addr" [/home/user/Documents/kria-vitis-platforms/kv260/platforms/vivado/kv260_ispMipiRx_vcu_DP/project/kv260_ispMipiRx_vcu_DP.runs/kv260_ispMipiRx_vcu_DP_v_frmbuf_wr_0_1_synth_1/prj/sol/.autopilot/db/v_frmbuf_wr.cpp:1123]   --->   Operation 317 'writeresp' 'empty_138' <Predicate = true> <Delay = 3.65> <CoreInst = "m_axi">   --->   Core 121 'm_axi' <Latency = 0> <II = 1> <Delay = 1.00> <Adapter> <Opcode : 'read' 'write' 'readreq' 'writereq' 'writeresp'>

State 53 <SV = 52> <Delay = 3.65>
ST_53 : Operation 318 [57/104] (3.65ns)   --->   "%empty_138 = writeresp i1 @_ssdm_op_WriteResp.m_axi.p1i64, i32 %mm_video_addr" [/home/user/Documents/kria-vitis-platforms/kv260/platforms/vivado/kv260_ispMipiRx_vcu_DP/project/kv260_ispMipiRx_vcu_DP.runs/kv260_ispMipiRx_vcu_DP_v_frmbuf_wr_0_1_synth_1/prj/sol/.autopilot/db/v_frmbuf_wr.cpp:1123]   --->   Operation 318 'writeresp' 'empty_138' <Predicate = true> <Delay = 3.65> <CoreInst = "m_axi">   --->   Core 121 'm_axi' <Latency = 0> <II = 1> <Delay = 1.00> <Adapter> <Opcode : 'read' 'write' 'readreq' 'writereq' 'writeresp'>

State 54 <SV = 53> <Delay = 3.65>
ST_54 : Operation 319 [56/104] (3.65ns)   --->   "%empty_138 = writeresp i1 @_ssdm_op_WriteResp.m_axi.p1i64, i32 %mm_video_addr" [/home/user/Documents/kria-vitis-platforms/kv260/platforms/vivado/kv260_ispMipiRx_vcu_DP/project/kv260_ispMipiRx_vcu_DP.runs/kv260_ispMipiRx_vcu_DP_v_frmbuf_wr_0_1_synth_1/prj/sol/.autopilot/db/v_frmbuf_wr.cpp:1123]   --->   Operation 319 'writeresp' 'empty_138' <Predicate = true> <Delay = 3.65> <CoreInst = "m_axi">   --->   Core 121 'm_axi' <Latency = 0> <II = 1> <Delay = 1.00> <Adapter> <Opcode : 'read' 'write' 'readreq' 'writereq' 'writeresp'>

State 55 <SV = 54> <Delay = 3.65>
ST_55 : Operation 320 [55/104] (3.65ns)   --->   "%empty_138 = writeresp i1 @_ssdm_op_WriteResp.m_axi.p1i64, i32 %mm_video_addr" [/home/user/Documents/kria-vitis-platforms/kv260/platforms/vivado/kv260_ispMipiRx_vcu_DP/project/kv260_ispMipiRx_vcu_DP.runs/kv260_ispMipiRx_vcu_DP_v_frmbuf_wr_0_1_synth_1/prj/sol/.autopilot/db/v_frmbuf_wr.cpp:1123]   --->   Operation 320 'writeresp' 'empty_138' <Predicate = true> <Delay = 3.65> <CoreInst = "m_axi">   --->   Core 121 'm_axi' <Latency = 0> <II = 1> <Delay = 1.00> <Adapter> <Opcode : 'read' 'write' 'readreq' 'writereq' 'writeresp'>

State 56 <SV = 55> <Delay = 3.65>
ST_56 : Operation 321 [54/104] (3.65ns)   --->   "%empty_138 = writeresp i1 @_ssdm_op_WriteResp.m_axi.p1i64, i32 %mm_video_addr" [/home/user/Documents/kria-vitis-platforms/kv260/platforms/vivado/kv260_ispMipiRx_vcu_DP/project/kv260_ispMipiRx_vcu_DP.runs/kv260_ispMipiRx_vcu_DP_v_frmbuf_wr_0_1_synth_1/prj/sol/.autopilot/db/v_frmbuf_wr.cpp:1123]   --->   Operation 321 'writeresp' 'empty_138' <Predicate = true> <Delay = 3.65> <CoreInst = "m_axi">   --->   Core 121 'm_axi' <Latency = 0> <II = 1> <Delay = 1.00> <Adapter> <Opcode : 'read' 'write' 'readreq' 'writereq' 'writeresp'>

State 57 <SV = 56> <Delay = 3.65>
ST_57 : Operation 322 [53/104] (3.65ns)   --->   "%empty_138 = writeresp i1 @_ssdm_op_WriteResp.m_axi.p1i64, i32 %mm_video_addr" [/home/user/Documents/kria-vitis-platforms/kv260/platforms/vivado/kv260_ispMipiRx_vcu_DP/project/kv260_ispMipiRx_vcu_DP.runs/kv260_ispMipiRx_vcu_DP_v_frmbuf_wr_0_1_synth_1/prj/sol/.autopilot/db/v_frmbuf_wr.cpp:1123]   --->   Operation 322 'writeresp' 'empty_138' <Predicate = true> <Delay = 3.65> <CoreInst = "m_axi">   --->   Core 121 'm_axi' <Latency = 0> <II = 1> <Delay = 1.00> <Adapter> <Opcode : 'read' 'write' 'readreq' 'writereq' 'writeresp'>

State 58 <SV = 57> <Delay = 3.65>
ST_58 : Operation 323 [52/104] (3.65ns)   --->   "%empty_138 = writeresp i1 @_ssdm_op_WriteResp.m_axi.p1i64, i32 %mm_video_addr" [/home/user/Documents/kria-vitis-platforms/kv260/platforms/vivado/kv260_ispMipiRx_vcu_DP/project/kv260_ispMipiRx_vcu_DP.runs/kv260_ispMipiRx_vcu_DP_v_frmbuf_wr_0_1_synth_1/prj/sol/.autopilot/db/v_frmbuf_wr.cpp:1123]   --->   Operation 323 'writeresp' 'empty_138' <Predicate = true> <Delay = 3.65> <CoreInst = "m_axi">   --->   Core 121 'm_axi' <Latency = 0> <II = 1> <Delay = 1.00> <Adapter> <Opcode : 'read' 'write' 'readreq' 'writereq' 'writeresp'>

State 59 <SV = 58> <Delay = 3.65>
ST_59 : Operation 324 [51/104] (3.65ns)   --->   "%empty_138 = writeresp i1 @_ssdm_op_WriteResp.m_axi.p1i64, i32 %mm_video_addr" [/home/user/Documents/kria-vitis-platforms/kv260/platforms/vivado/kv260_ispMipiRx_vcu_DP/project/kv260_ispMipiRx_vcu_DP.runs/kv260_ispMipiRx_vcu_DP_v_frmbuf_wr_0_1_synth_1/prj/sol/.autopilot/db/v_frmbuf_wr.cpp:1123]   --->   Operation 324 'writeresp' 'empty_138' <Predicate = true> <Delay = 3.65> <CoreInst = "m_axi">   --->   Core 121 'm_axi' <Latency = 0> <II = 1> <Delay = 1.00> <Adapter> <Opcode : 'read' 'write' 'readreq' 'writereq' 'writeresp'>

State 60 <SV = 59> <Delay = 3.65>
ST_60 : Operation 325 [50/104] (3.65ns)   --->   "%empty_138 = writeresp i1 @_ssdm_op_WriteResp.m_axi.p1i64, i32 %mm_video_addr" [/home/user/Documents/kria-vitis-platforms/kv260/platforms/vivado/kv260_ispMipiRx_vcu_DP/project/kv260_ispMipiRx_vcu_DP.runs/kv260_ispMipiRx_vcu_DP_v_frmbuf_wr_0_1_synth_1/prj/sol/.autopilot/db/v_frmbuf_wr.cpp:1123]   --->   Operation 325 'writeresp' 'empty_138' <Predicate = true> <Delay = 3.65> <CoreInst = "m_axi">   --->   Core 121 'm_axi' <Latency = 0> <II = 1> <Delay = 1.00> <Adapter> <Opcode : 'read' 'write' 'readreq' 'writereq' 'writeresp'>

State 61 <SV = 60> <Delay = 3.65>
ST_61 : Operation 326 [49/104] (3.65ns)   --->   "%empty_138 = writeresp i1 @_ssdm_op_WriteResp.m_axi.p1i64, i32 %mm_video_addr" [/home/user/Documents/kria-vitis-platforms/kv260/platforms/vivado/kv260_ispMipiRx_vcu_DP/project/kv260_ispMipiRx_vcu_DP.runs/kv260_ispMipiRx_vcu_DP_v_frmbuf_wr_0_1_synth_1/prj/sol/.autopilot/db/v_frmbuf_wr.cpp:1123]   --->   Operation 326 'writeresp' 'empty_138' <Predicate = true> <Delay = 3.65> <CoreInst = "m_axi">   --->   Core 121 'm_axi' <Latency = 0> <II = 1> <Delay = 1.00> <Adapter> <Opcode : 'read' 'write' 'readreq' 'writereq' 'writeresp'>

State 62 <SV = 61> <Delay = 3.65>
ST_62 : Operation 327 [48/104] (3.65ns)   --->   "%empty_138 = writeresp i1 @_ssdm_op_WriteResp.m_axi.p1i64, i32 %mm_video_addr" [/home/user/Documents/kria-vitis-platforms/kv260/platforms/vivado/kv260_ispMipiRx_vcu_DP/project/kv260_ispMipiRx_vcu_DP.runs/kv260_ispMipiRx_vcu_DP_v_frmbuf_wr_0_1_synth_1/prj/sol/.autopilot/db/v_frmbuf_wr.cpp:1123]   --->   Operation 327 'writeresp' 'empty_138' <Predicate = true> <Delay = 3.65> <CoreInst = "m_axi">   --->   Core 121 'm_axi' <Latency = 0> <II = 1> <Delay = 1.00> <Adapter> <Opcode : 'read' 'write' 'readreq' 'writereq' 'writeresp'>

State 63 <SV = 62> <Delay = 3.65>
ST_63 : Operation 328 [47/104] (3.65ns)   --->   "%empty_138 = writeresp i1 @_ssdm_op_WriteResp.m_axi.p1i64, i32 %mm_video_addr" [/home/user/Documents/kria-vitis-platforms/kv260/platforms/vivado/kv260_ispMipiRx_vcu_DP/project/kv260_ispMipiRx_vcu_DP.runs/kv260_ispMipiRx_vcu_DP_v_frmbuf_wr_0_1_synth_1/prj/sol/.autopilot/db/v_frmbuf_wr.cpp:1123]   --->   Operation 328 'writeresp' 'empty_138' <Predicate = true> <Delay = 3.65> <CoreInst = "m_axi">   --->   Core 121 'm_axi' <Latency = 0> <II = 1> <Delay = 1.00> <Adapter> <Opcode : 'read' 'write' 'readreq' 'writereq' 'writeresp'>

State 64 <SV = 63> <Delay = 3.65>
ST_64 : Operation 329 [46/104] (3.65ns)   --->   "%empty_138 = writeresp i1 @_ssdm_op_WriteResp.m_axi.p1i64, i32 %mm_video_addr" [/home/user/Documents/kria-vitis-platforms/kv260/platforms/vivado/kv260_ispMipiRx_vcu_DP/project/kv260_ispMipiRx_vcu_DP.runs/kv260_ispMipiRx_vcu_DP_v_frmbuf_wr_0_1_synth_1/prj/sol/.autopilot/db/v_frmbuf_wr.cpp:1123]   --->   Operation 329 'writeresp' 'empty_138' <Predicate = true> <Delay = 3.65> <CoreInst = "m_axi">   --->   Core 121 'm_axi' <Latency = 0> <II = 1> <Delay = 1.00> <Adapter> <Opcode : 'read' 'write' 'readreq' 'writereq' 'writeresp'>

State 65 <SV = 64> <Delay = 3.65>
ST_65 : Operation 330 [45/104] (3.65ns)   --->   "%empty_138 = writeresp i1 @_ssdm_op_WriteResp.m_axi.p1i64, i32 %mm_video_addr" [/home/user/Documents/kria-vitis-platforms/kv260/platforms/vivado/kv260_ispMipiRx_vcu_DP/project/kv260_ispMipiRx_vcu_DP.runs/kv260_ispMipiRx_vcu_DP_v_frmbuf_wr_0_1_synth_1/prj/sol/.autopilot/db/v_frmbuf_wr.cpp:1123]   --->   Operation 330 'writeresp' 'empty_138' <Predicate = true> <Delay = 3.65> <CoreInst = "m_axi">   --->   Core 121 'm_axi' <Latency = 0> <II = 1> <Delay = 1.00> <Adapter> <Opcode : 'read' 'write' 'readreq' 'writereq' 'writeresp'>

State 66 <SV = 65> <Delay = 3.65>
ST_66 : Operation 331 [44/104] (3.65ns)   --->   "%empty_138 = writeresp i1 @_ssdm_op_WriteResp.m_axi.p1i64, i32 %mm_video_addr" [/home/user/Documents/kria-vitis-platforms/kv260/platforms/vivado/kv260_ispMipiRx_vcu_DP/project/kv260_ispMipiRx_vcu_DP.runs/kv260_ispMipiRx_vcu_DP_v_frmbuf_wr_0_1_synth_1/prj/sol/.autopilot/db/v_frmbuf_wr.cpp:1123]   --->   Operation 331 'writeresp' 'empty_138' <Predicate = true> <Delay = 3.65> <CoreInst = "m_axi">   --->   Core 121 'm_axi' <Latency = 0> <II = 1> <Delay = 1.00> <Adapter> <Opcode : 'read' 'write' 'readreq' 'writereq' 'writeresp'>

State 67 <SV = 66> <Delay = 3.65>
ST_67 : Operation 332 [43/104] (3.65ns)   --->   "%empty_138 = writeresp i1 @_ssdm_op_WriteResp.m_axi.p1i64, i32 %mm_video_addr" [/home/user/Documents/kria-vitis-platforms/kv260/platforms/vivado/kv260_ispMipiRx_vcu_DP/project/kv260_ispMipiRx_vcu_DP.runs/kv260_ispMipiRx_vcu_DP_v_frmbuf_wr_0_1_synth_1/prj/sol/.autopilot/db/v_frmbuf_wr.cpp:1123]   --->   Operation 332 'writeresp' 'empty_138' <Predicate = true> <Delay = 3.65> <CoreInst = "m_axi">   --->   Core 121 'm_axi' <Latency = 0> <II = 1> <Delay = 1.00> <Adapter> <Opcode : 'read' 'write' 'readreq' 'writereq' 'writeresp'>

State 68 <SV = 67> <Delay = 3.65>
ST_68 : Operation 333 [42/104] (3.65ns)   --->   "%empty_138 = writeresp i1 @_ssdm_op_WriteResp.m_axi.p1i64, i32 %mm_video_addr" [/home/user/Documents/kria-vitis-platforms/kv260/platforms/vivado/kv260_ispMipiRx_vcu_DP/project/kv260_ispMipiRx_vcu_DP.runs/kv260_ispMipiRx_vcu_DP_v_frmbuf_wr_0_1_synth_1/prj/sol/.autopilot/db/v_frmbuf_wr.cpp:1123]   --->   Operation 333 'writeresp' 'empty_138' <Predicate = true> <Delay = 3.65> <CoreInst = "m_axi">   --->   Core 121 'm_axi' <Latency = 0> <II = 1> <Delay = 1.00> <Adapter> <Opcode : 'read' 'write' 'readreq' 'writereq' 'writeresp'>

State 69 <SV = 68> <Delay = 3.65>
ST_69 : Operation 334 [41/104] (3.65ns)   --->   "%empty_138 = writeresp i1 @_ssdm_op_WriteResp.m_axi.p1i64, i32 %mm_video_addr" [/home/user/Documents/kria-vitis-platforms/kv260/platforms/vivado/kv260_ispMipiRx_vcu_DP/project/kv260_ispMipiRx_vcu_DP.runs/kv260_ispMipiRx_vcu_DP_v_frmbuf_wr_0_1_synth_1/prj/sol/.autopilot/db/v_frmbuf_wr.cpp:1123]   --->   Operation 334 'writeresp' 'empty_138' <Predicate = true> <Delay = 3.65> <CoreInst = "m_axi">   --->   Core 121 'm_axi' <Latency = 0> <II = 1> <Delay = 1.00> <Adapter> <Opcode : 'read' 'write' 'readreq' 'writereq' 'writeresp'>

State 70 <SV = 69> <Delay = 3.65>
ST_70 : Operation 335 [40/104] (3.65ns)   --->   "%empty_138 = writeresp i1 @_ssdm_op_WriteResp.m_axi.p1i64, i32 %mm_video_addr" [/home/user/Documents/kria-vitis-platforms/kv260/platforms/vivado/kv260_ispMipiRx_vcu_DP/project/kv260_ispMipiRx_vcu_DP.runs/kv260_ispMipiRx_vcu_DP_v_frmbuf_wr_0_1_synth_1/prj/sol/.autopilot/db/v_frmbuf_wr.cpp:1123]   --->   Operation 335 'writeresp' 'empty_138' <Predicate = true> <Delay = 3.65> <CoreInst = "m_axi">   --->   Core 121 'm_axi' <Latency = 0> <II = 1> <Delay = 1.00> <Adapter> <Opcode : 'read' 'write' 'readreq' 'writereq' 'writeresp'>

State 71 <SV = 70> <Delay = 3.65>
ST_71 : Operation 336 [39/104] (3.65ns)   --->   "%empty_138 = writeresp i1 @_ssdm_op_WriteResp.m_axi.p1i64, i32 %mm_video_addr" [/home/user/Documents/kria-vitis-platforms/kv260/platforms/vivado/kv260_ispMipiRx_vcu_DP/project/kv260_ispMipiRx_vcu_DP.runs/kv260_ispMipiRx_vcu_DP_v_frmbuf_wr_0_1_synth_1/prj/sol/.autopilot/db/v_frmbuf_wr.cpp:1123]   --->   Operation 336 'writeresp' 'empty_138' <Predicate = true> <Delay = 3.65> <CoreInst = "m_axi">   --->   Core 121 'm_axi' <Latency = 0> <II = 1> <Delay = 1.00> <Adapter> <Opcode : 'read' 'write' 'readreq' 'writereq' 'writeresp'>

State 72 <SV = 71> <Delay = 3.65>
ST_72 : Operation 337 [38/104] (3.65ns)   --->   "%empty_138 = writeresp i1 @_ssdm_op_WriteResp.m_axi.p1i64, i32 %mm_video_addr" [/home/user/Documents/kria-vitis-platforms/kv260/platforms/vivado/kv260_ispMipiRx_vcu_DP/project/kv260_ispMipiRx_vcu_DP.runs/kv260_ispMipiRx_vcu_DP_v_frmbuf_wr_0_1_synth_1/prj/sol/.autopilot/db/v_frmbuf_wr.cpp:1123]   --->   Operation 337 'writeresp' 'empty_138' <Predicate = true> <Delay = 3.65> <CoreInst = "m_axi">   --->   Core 121 'm_axi' <Latency = 0> <II = 1> <Delay = 1.00> <Adapter> <Opcode : 'read' 'write' 'readreq' 'writereq' 'writeresp'>

State 73 <SV = 72> <Delay = 3.65>
ST_73 : Operation 338 [37/104] (3.65ns)   --->   "%empty_138 = writeresp i1 @_ssdm_op_WriteResp.m_axi.p1i64, i32 %mm_video_addr" [/home/user/Documents/kria-vitis-platforms/kv260/platforms/vivado/kv260_ispMipiRx_vcu_DP/project/kv260_ispMipiRx_vcu_DP.runs/kv260_ispMipiRx_vcu_DP_v_frmbuf_wr_0_1_synth_1/prj/sol/.autopilot/db/v_frmbuf_wr.cpp:1123]   --->   Operation 338 'writeresp' 'empty_138' <Predicate = true> <Delay = 3.65> <CoreInst = "m_axi">   --->   Core 121 'm_axi' <Latency = 0> <II = 1> <Delay = 1.00> <Adapter> <Opcode : 'read' 'write' 'readreq' 'writereq' 'writeresp'>

State 74 <SV = 73> <Delay = 3.65>
ST_74 : Operation 339 [36/104] (3.65ns)   --->   "%empty_138 = writeresp i1 @_ssdm_op_WriteResp.m_axi.p1i64, i32 %mm_video_addr" [/home/user/Documents/kria-vitis-platforms/kv260/platforms/vivado/kv260_ispMipiRx_vcu_DP/project/kv260_ispMipiRx_vcu_DP.runs/kv260_ispMipiRx_vcu_DP_v_frmbuf_wr_0_1_synth_1/prj/sol/.autopilot/db/v_frmbuf_wr.cpp:1123]   --->   Operation 339 'writeresp' 'empty_138' <Predicate = true> <Delay = 3.65> <CoreInst = "m_axi">   --->   Core 121 'm_axi' <Latency = 0> <II = 1> <Delay = 1.00> <Adapter> <Opcode : 'read' 'write' 'readreq' 'writereq' 'writeresp'>

State 75 <SV = 74> <Delay = 3.65>
ST_75 : Operation 340 [35/104] (3.65ns)   --->   "%empty_138 = writeresp i1 @_ssdm_op_WriteResp.m_axi.p1i64, i32 %mm_video_addr" [/home/user/Documents/kria-vitis-platforms/kv260/platforms/vivado/kv260_ispMipiRx_vcu_DP/project/kv260_ispMipiRx_vcu_DP.runs/kv260_ispMipiRx_vcu_DP_v_frmbuf_wr_0_1_synth_1/prj/sol/.autopilot/db/v_frmbuf_wr.cpp:1123]   --->   Operation 340 'writeresp' 'empty_138' <Predicate = true> <Delay = 3.65> <CoreInst = "m_axi">   --->   Core 121 'm_axi' <Latency = 0> <II = 1> <Delay = 1.00> <Adapter> <Opcode : 'read' 'write' 'readreq' 'writereq' 'writeresp'>

State 76 <SV = 75> <Delay = 3.65>
ST_76 : Operation 341 [34/104] (3.65ns)   --->   "%empty_138 = writeresp i1 @_ssdm_op_WriteResp.m_axi.p1i64, i32 %mm_video_addr" [/home/user/Documents/kria-vitis-platforms/kv260/platforms/vivado/kv260_ispMipiRx_vcu_DP/project/kv260_ispMipiRx_vcu_DP.runs/kv260_ispMipiRx_vcu_DP_v_frmbuf_wr_0_1_synth_1/prj/sol/.autopilot/db/v_frmbuf_wr.cpp:1123]   --->   Operation 341 'writeresp' 'empty_138' <Predicate = true> <Delay = 3.65> <CoreInst = "m_axi">   --->   Core 121 'm_axi' <Latency = 0> <II = 1> <Delay = 1.00> <Adapter> <Opcode : 'read' 'write' 'readreq' 'writereq' 'writeresp'>

State 77 <SV = 76> <Delay = 3.65>
ST_77 : Operation 342 [33/104] (3.65ns)   --->   "%empty_138 = writeresp i1 @_ssdm_op_WriteResp.m_axi.p1i64, i32 %mm_video_addr" [/home/user/Documents/kria-vitis-platforms/kv260/platforms/vivado/kv260_ispMipiRx_vcu_DP/project/kv260_ispMipiRx_vcu_DP.runs/kv260_ispMipiRx_vcu_DP_v_frmbuf_wr_0_1_synth_1/prj/sol/.autopilot/db/v_frmbuf_wr.cpp:1123]   --->   Operation 342 'writeresp' 'empty_138' <Predicate = true> <Delay = 3.65> <CoreInst = "m_axi">   --->   Core 121 'm_axi' <Latency = 0> <II = 1> <Delay = 1.00> <Adapter> <Opcode : 'read' 'write' 'readreq' 'writereq' 'writeresp'>

State 78 <SV = 77> <Delay = 3.65>
ST_78 : Operation 343 [32/104] (3.65ns)   --->   "%empty_138 = writeresp i1 @_ssdm_op_WriteResp.m_axi.p1i64, i32 %mm_video_addr" [/home/user/Documents/kria-vitis-platforms/kv260/platforms/vivado/kv260_ispMipiRx_vcu_DP/project/kv260_ispMipiRx_vcu_DP.runs/kv260_ispMipiRx_vcu_DP_v_frmbuf_wr_0_1_synth_1/prj/sol/.autopilot/db/v_frmbuf_wr.cpp:1123]   --->   Operation 343 'writeresp' 'empty_138' <Predicate = true> <Delay = 3.65> <CoreInst = "m_axi">   --->   Core 121 'm_axi' <Latency = 0> <II = 1> <Delay = 1.00> <Adapter> <Opcode : 'read' 'write' 'readreq' 'writereq' 'writeresp'>

State 79 <SV = 78> <Delay = 3.65>
ST_79 : Operation 344 [31/104] (3.65ns)   --->   "%empty_138 = writeresp i1 @_ssdm_op_WriteResp.m_axi.p1i64, i32 %mm_video_addr" [/home/user/Documents/kria-vitis-platforms/kv260/platforms/vivado/kv260_ispMipiRx_vcu_DP/project/kv260_ispMipiRx_vcu_DP.runs/kv260_ispMipiRx_vcu_DP_v_frmbuf_wr_0_1_synth_1/prj/sol/.autopilot/db/v_frmbuf_wr.cpp:1123]   --->   Operation 344 'writeresp' 'empty_138' <Predicate = true> <Delay = 3.65> <CoreInst = "m_axi">   --->   Core 121 'm_axi' <Latency = 0> <II = 1> <Delay = 1.00> <Adapter> <Opcode : 'read' 'write' 'readreq' 'writereq' 'writeresp'>

State 80 <SV = 79> <Delay = 3.65>
ST_80 : Operation 345 [30/104] (3.65ns)   --->   "%empty_138 = writeresp i1 @_ssdm_op_WriteResp.m_axi.p1i64, i32 %mm_video_addr" [/home/user/Documents/kria-vitis-platforms/kv260/platforms/vivado/kv260_ispMipiRx_vcu_DP/project/kv260_ispMipiRx_vcu_DP.runs/kv260_ispMipiRx_vcu_DP_v_frmbuf_wr_0_1_synth_1/prj/sol/.autopilot/db/v_frmbuf_wr.cpp:1123]   --->   Operation 345 'writeresp' 'empty_138' <Predicate = true> <Delay = 3.65> <CoreInst = "m_axi">   --->   Core 121 'm_axi' <Latency = 0> <II = 1> <Delay = 1.00> <Adapter> <Opcode : 'read' 'write' 'readreq' 'writereq' 'writeresp'>

State 81 <SV = 80> <Delay = 3.65>
ST_81 : Operation 346 [29/104] (3.65ns)   --->   "%empty_138 = writeresp i1 @_ssdm_op_WriteResp.m_axi.p1i64, i32 %mm_video_addr" [/home/user/Documents/kria-vitis-platforms/kv260/platforms/vivado/kv260_ispMipiRx_vcu_DP/project/kv260_ispMipiRx_vcu_DP.runs/kv260_ispMipiRx_vcu_DP_v_frmbuf_wr_0_1_synth_1/prj/sol/.autopilot/db/v_frmbuf_wr.cpp:1123]   --->   Operation 346 'writeresp' 'empty_138' <Predicate = true> <Delay = 3.65> <CoreInst = "m_axi">   --->   Core 121 'm_axi' <Latency = 0> <II = 1> <Delay = 1.00> <Adapter> <Opcode : 'read' 'write' 'readreq' 'writereq' 'writeresp'>

State 82 <SV = 81> <Delay = 3.65>
ST_82 : Operation 347 [28/104] (3.65ns)   --->   "%empty_138 = writeresp i1 @_ssdm_op_WriteResp.m_axi.p1i64, i32 %mm_video_addr" [/home/user/Documents/kria-vitis-platforms/kv260/platforms/vivado/kv260_ispMipiRx_vcu_DP/project/kv260_ispMipiRx_vcu_DP.runs/kv260_ispMipiRx_vcu_DP_v_frmbuf_wr_0_1_synth_1/prj/sol/.autopilot/db/v_frmbuf_wr.cpp:1123]   --->   Operation 347 'writeresp' 'empty_138' <Predicate = true> <Delay = 3.65> <CoreInst = "m_axi">   --->   Core 121 'm_axi' <Latency = 0> <II = 1> <Delay = 1.00> <Adapter> <Opcode : 'read' 'write' 'readreq' 'writereq' 'writeresp'>

State 83 <SV = 82> <Delay = 3.65>
ST_83 : Operation 348 [27/104] (3.65ns)   --->   "%empty_138 = writeresp i1 @_ssdm_op_WriteResp.m_axi.p1i64, i32 %mm_video_addr" [/home/user/Documents/kria-vitis-platforms/kv260/platforms/vivado/kv260_ispMipiRx_vcu_DP/project/kv260_ispMipiRx_vcu_DP.runs/kv260_ispMipiRx_vcu_DP_v_frmbuf_wr_0_1_synth_1/prj/sol/.autopilot/db/v_frmbuf_wr.cpp:1123]   --->   Operation 348 'writeresp' 'empty_138' <Predicate = true> <Delay = 3.65> <CoreInst = "m_axi">   --->   Core 121 'm_axi' <Latency = 0> <II = 1> <Delay = 1.00> <Adapter> <Opcode : 'read' 'write' 'readreq' 'writereq' 'writeresp'>

State 84 <SV = 83> <Delay = 3.65>
ST_84 : Operation 349 [26/104] (3.65ns)   --->   "%empty_138 = writeresp i1 @_ssdm_op_WriteResp.m_axi.p1i64, i32 %mm_video_addr" [/home/user/Documents/kria-vitis-platforms/kv260/platforms/vivado/kv260_ispMipiRx_vcu_DP/project/kv260_ispMipiRx_vcu_DP.runs/kv260_ispMipiRx_vcu_DP_v_frmbuf_wr_0_1_synth_1/prj/sol/.autopilot/db/v_frmbuf_wr.cpp:1123]   --->   Operation 349 'writeresp' 'empty_138' <Predicate = true> <Delay = 3.65> <CoreInst = "m_axi">   --->   Core 121 'm_axi' <Latency = 0> <II = 1> <Delay = 1.00> <Adapter> <Opcode : 'read' 'write' 'readreq' 'writereq' 'writeresp'>

State 85 <SV = 84> <Delay = 3.65>
ST_85 : Operation 350 [25/104] (3.65ns)   --->   "%empty_138 = writeresp i1 @_ssdm_op_WriteResp.m_axi.p1i64, i32 %mm_video_addr" [/home/user/Documents/kria-vitis-platforms/kv260/platforms/vivado/kv260_ispMipiRx_vcu_DP/project/kv260_ispMipiRx_vcu_DP.runs/kv260_ispMipiRx_vcu_DP_v_frmbuf_wr_0_1_synth_1/prj/sol/.autopilot/db/v_frmbuf_wr.cpp:1123]   --->   Operation 350 'writeresp' 'empty_138' <Predicate = true> <Delay = 3.65> <CoreInst = "m_axi">   --->   Core 121 'm_axi' <Latency = 0> <II = 1> <Delay = 1.00> <Adapter> <Opcode : 'read' 'write' 'readreq' 'writereq' 'writeresp'>

State 86 <SV = 85> <Delay = 3.65>
ST_86 : Operation 351 [24/104] (3.65ns)   --->   "%empty_138 = writeresp i1 @_ssdm_op_WriteResp.m_axi.p1i64, i32 %mm_video_addr" [/home/user/Documents/kria-vitis-platforms/kv260/platforms/vivado/kv260_ispMipiRx_vcu_DP/project/kv260_ispMipiRx_vcu_DP.runs/kv260_ispMipiRx_vcu_DP_v_frmbuf_wr_0_1_synth_1/prj/sol/.autopilot/db/v_frmbuf_wr.cpp:1123]   --->   Operation 351 'writeresp' 'empty_138' <Predicate = true> <Delay = 3.65> <CoreInst = "m_axi">   --->   Core 121 'm_axi' <Latency = 0> <II = 1> <Delay = 1.00> <Adapter> <Opcode : 'read' 'write' 'readreq' 'writereq' 'writeresp'>

State 87 <SV = 86> <Delay = 3.65>
ST_87 : Operation 352 [23/104] (3.65ns)   --->   "%empty_138 = writeresp i1 @_ssdm_op_WriteResp.m_axi.p1i64, i32 %mm_video_addr" [/home/user/Documents/kria-vitis-platforms/kv260/platforms/vivado/kv260_ispMipiRx_vcu_DP/project/kv260_ispMipiRx_vcu_DP.runs/kv260_ispMipiRx_vcu_DP_v_frmbuf_wr_0_1_synth_1/prj/sol/.autopilot/db/v_frmbuf_wr.cpp:1123]   --->   Operation 352 'writeresp' 'empty_138' <Predicate = true> <Delay = 3.65> <CoreInst = "m_axi">   --->   Core 121 'm_axi' <Latency = 0> <II = 1> <Delay = 1.00> <Adapter> <Opcode : 'read' 'write' 'readreq' 'writereq' 'writeresp'>

State 88 <SV = 87> <Delay = 3.65>
ST_88 : Operation 353 [22/104] (3.65ns)   --->   "%empty_138 = writeresp i1 @_ssdm_op_WriteResp.m_axi.p1i64, i32 %mm_video_addr" [/home/user/Documents/kria-vitis-platforms/kv260/platforms/vivado/kv260_ispMipiRx_vcu_DP/project/kv260_ispMipiRx_vcu_DP.runs/kv260_ispMipiRx_vcu_DP_v_frmbuf_wr_0_1_synth_1/prj/sol/.autopilot/db/v_frmbuf_wr.cpp:1123]   --->   Operation 353 'writeresp' 'empty_138' <Predicate = true> <Delay = 3.65> <CoreInst = "m_axi">   --->   Core 121 'm_axi' <Latency = 0> <II = 1> <Delay = 1.00> <Adapter> <Opcode : 'read' 'write' 'readreq' 'writereq' 'writeresp'>

State 89 <SV = 88> <Delay = 3.65>
ST_89 : Operation 354 [21/104] (3.65ns)   --->   "%empty_138 = writeresp i1 @_ssdm_op_WriteResp.m_axi.p1i64, i32 %mm_video_addr" [/home/user/Documents/kria-vitis-platforms/kv260/platforms/vivado/kv260_ispMipiRx_vcu_DP/project/kv260_ispMipiRx_vcu_DP.runs/kv260_ispMipiRx_vcu_DP_v_frmbuf_wr_0_1_synth_1/prj/sol/.autopilot/db/v_frmbuf_wr.cpp:1123]   --->   Operation 354 'writeresp' 'empty_138' <Predicate = true> <Delay = 3.65> <CoreInst = "m_axi">   --->   Core 121 'm_axi' <Latency = 0> <II = 1> <Delay = 1.00> <Adapter> <Opcode : 'read' 'write' 'readreq' 'writereq' 'writeresp'>

State 90 <SV = 89> <Delay = 3.65>
ST_90 : Operation 355 [20/104] (3.65ns)   --->   "%empty_138 = writeresp i1 @_ssdm_op_WriteResp.m_axi.p1i64, i32 %mm_video_addr" [/home/user/Documents/kria-vitis-platforms/kv260/platforms/vivado/kv260_ispMipiRx_vcu_DP/project/kv260_ispMipiRx_vcu_DP.runs/kv260_ispMipiRx_vcu_DP_v_frmbuf_wr_0_1_synth_1/prj/sol/.autopilot/db/v_frmbuf_wr.cpp:1123]   --->   Operation 355 'writeresp' 'empty_138' <Predicate = true> <Delay = 3.65> <CoreInst = "m_axi">   --->   Core 121 'm_axi' <Latency = 0> <II = 1> <Delay = 1.00> <Adapter> <Opcode : 'read' 'write' 'readreq' 'writereq' 'writeresp'>

State 91 <SV = 90> <Delay = 3.65>
ST_91 : Operation 356 [19/104] (3.65ns)   --->   "%empty_138 = writeresp i1 @_ssdm_op_WriteResp.m_axi.p1i64, i32 %mm_video_addr" [/home/user/Documents/kria-vitis-platforms/kv260/platforms/vivado/kv260_ispMipiRx_vcu_DP/project/kv260_ispMipiRx_vcu_DP.runs/kv260_ispMipiRx_vcu_DP_v_frmbuf_wr_0_1_synth_1/prj/sol/.autopilot/db/v_frmbuf_wr.cpp:1123]   --->   Operation 356 'writeresp' 'empty_138' <Predicate = true> <Delay = 3.65> <CoreInst = "m_axi">   --->   Core 121 'm_axi' <Latency = 0> <II = 1> <Delay = 1.00> <Adapter> <Opcode : 'read' 'write' 'readreq' 'writereq' 'writeresp'>

State 92 <SV = 91> <Delay = 3.65>
ST_92 : Operation 357 [18/104] (3.65ns)   --->   "%empty_138 = writeresp i1 @_ssdm_op_WriteResp.m_axi.p1i64, i32 %mm_video_addr" [/home/user/Documents/kria-vitis-platforms/kv260/platforms/vivado/kv260_ispMipiRx_vcu_DP/project/kv260_ispMipiRx_vcu_DP.runs/kv260_ispMipiRx_vcu_DP_v_frmbuf_wr_0_1_synth_1/prj/sol/.autopilot/db/v_frmbuf_wr.cpp:1123]   --->   Operation 357 'writeresp' 'empty_138' <Predicate = true> <Delay = 3.65> <CoreInst = "m_axi">   --->   Core 121 'm_axi' <Latency = 0> <II = 1> <Delay = 1.00> <Adapter> <Opcode : 'read' 'write' 'readreq' 'writereq' 'writeresp'>

State 93 <SV = 92> <Delay = 3.65>
ST_93 : Operation 358 [17/104] (3.65ns)   --->   "%empty_138 = writeresp i1 @_ssdm_op_WriteResp.m_axi.p1i64, i32 %mm_video_addr" [/home/user/Documents/kria-vitis-platforms/kv260/platforms/vivado/kv260_ispMipiRx_vcu_DP/project/kv260_ispMipiRx_vcu_DP.runs/kv260_ispMipiRx_vcu_DP_v_frmbuf_wr_0_1_synth_1/prj/sol/.autopilot/db/v_frmbuf_wr.cpp:1123]   --->   Operation 358 'writeresp' 'empty_138' <Predicate = true> <Delay = 3.65> <CoreInst = "m_axi">   --->   Core 121 'm_axi' <Latency = 0> <II = 1> <Delay = 1.00> <Adapter> <Opcode : 'read' 'write' 'readreq' 'writereq' 'writeresp'>

State 94 <SV = 93> <Delay = 3.65>
ST_94 : Operation 359 [16/104] (3.65ns)   --->   "%empty_138 = writeresp i1 @_ssdm_op_WriteResp.m_axi.p1i64, i32 %mm_video_addr" [/home/user/Documents/kria-vitis-platforms/kv260/platforms/vivado/kv260_ispMipiRx_vcu_DP/project/kv260_ispMipiRx_vcu_DP.runs/kv260_ispMipiRx_vcu_DP_v_frmbuf_wr_0_1_synth_1/prj/sol/.autopilot/db/v_frmbuf_wr.cpp:1123]   --->   Operation 359 'writeresp' 'empty_138' <Predicate = true> <Delay = 3.65> <CoreInst = "m_axi">   --->   Core 121 'm_axi' <Latency = 0> <II = 1> <Delay = 1.00> <Adapter> <Opcode : 'read' 'write' 'readreq' 'writereq' 'writeresp'>

State 95 <SV = 94> <Delay = 3.65>
ST_95 : Operation 360 [15/104] (3.65ns)   --->   "%empty_138 = writeresp i1 @_ssdm_op_WriteResp.m_axi.p1i64, i32 %mm_video_addr" [/home/user/Documents/kria-vitis-platforms/kv260/platforms/vivado/kv260_ispMipiRx_vcu_DP/project/kv260_ispMipiRx_vcu_DP.runs/kv260_ispMipiRx_vcu_DP_v_frmbuf_wr_0_1_synth_1/prj/sol/.autopilot/db/v_frmbuf_wr.cpp:1123]   --->   Operation 360 'writeresp' 'empty_138' <Predicate = true> <Delay = 3.65> <CoreInst = "m_axi">   --->   Core 121 'm_axi' <Latency = 0> <II = 1> <Delay = 1.00> <Adapter> <Opcode : 'read' 'write' 'readreq' 'writereq' 'writeresp'>

State 96 <SV = 95> <Delay = 3.65>
ST_96 : Operation 361 [14/104] (3.65ns)   --->   "%empty_138 = writeresp i1 @_ssdm_op_WriteResp.m_axi.p1i64, i32 %mm_video_addr" [/home/user/Documents/kria-vitis-platforms/kv260/platforms/vivado/kv260_ispMipiRx_vcu_DP/project/kv260_ispMipiRx_vcu_DP.runs/kv260_ispMipiRx_vcu_DP_v_frmbuf_wr_0_1_synth_1/prj/sol/.autopilot/db/v_frmbuf_wr.cpp:1123]   --->   Operation 361 'writeresp' 'empty_138' <Predicate = true> <Delay = 3.65> <CoreInst = "m_axi">   --->   Core 121 'm_axi' <Latency = 0> <II = 1> <Delay = 1.00> <Adapter> <Opcode : 'read' 'write' 'readreq' 'writereq' 'writeresp'>

State 97 <SV = 96> <Delay = 3.65>
ST_97 : Operation 362 [13/104] (3.65ns)   --->   "%empty_138 = writeresp i1 @_ssdm_op_WriteResp.m_axi.p1i64, i32 %mm_video_addr" [/home/user/Documents/kria-vitis-platforms/kv260/platforms/vivado/kv260_ispMipiRx_vcu_DP/project/kv260_ispMipiRx_vcu_DP.runs/kv260_ispMipiRx_vcu_DP_v_frmbuf_wr_0_1_synth_1/prj/sol/.autopilot/db/v_frmbuf_wr.cpp:1123]   --->   Operation 362 'writeresp' 'empty_138' <Predicate = true> <Delay = 3.65> <CoreInst = "m_axi">   --->   Core 121 'm_axi' <Latency = 0> <II = 1> <Delay = 1.00> <Adapter> <Opcode : 'read' 'write' 'readreq' 'writereq' 'writeresp'>

State 98 <SV = 97> <Delay = 3.65>
ST_98 : Operation 363 [12/104] (3.65ns)   --->   "%empty_138 = writeresp i1 @_ssdm_op_WriteResp.m_axi.p1i64, i32 %mm_video_addr" [/home/user/Documents/kria-vitis-platforms/kv260/platforms/vivado/kv260_ispMipiRx_vcu_DP/project/kv260_ispMipiRx_vcu_DP.runs/kv260_ispMipiRx_vcu_DP_v_frmbuf_wr_0_1_synth_1/prj/sol/.autopilot/db/v_frmbuf_wr.cpp:1123]   --->   Operation 363 'writeresp' 'empty_138' <Predicate = true> <Delay = 3.65> <CoreInst = "m_axi">   --->   Core 121 'm_axi' <Latency = 0> <II = 1> <Delay = 1.00> <Adapter> <Opcode : 'read' 'write' 'readreq' 'writereq' 'writeresp'>

State 99 <SV = 98> <Delay = 3.65>
ST_99 : Operation 364 [11/104] (3.65ns)   --->   "%empty_138 = writeresp i1 @_ssdm_op_WriteResp.m_axi.p1i64, i32 %mm_video_addr" [/home/user/Documents/kria-vitis-platforms/kv260/platforms/vivado/kv260_ispMipiRx_vcu_DP/project/kv260_ispMipiRx_vcu_DP.runs/kv260_ispMipiRx_vcu_DP_v_frmbuf_wr_0_1_synth_1/prj/sol/.autopilot/db/v_frmbuf_wr.cpp:1123]   --->   Operation 364 'writeresp' 'empty_138' <Predicate = true> <Delay = 3.65> <CoreInst = "m_axi">   --->   Core 121 'm_axi' <Latency = 0> <II = 1> <Delay = 1.00> <Adapter> <Opcode : 'read' 'write' 'readreq' 'writereq' 'writeresp'>

State 100 <SV = 99> <Delay = 3.65>
ST_100 : Operation 365 [10/104] (3.65ns)   --->   "%empty_138 = writeresp i1 @_ssdm_op_WriteResp.m_axi.p1i64, i32 %mm_video_addr" [/home/user/Documents/kria-vitis-platforms/kv260/platforms/vivado/kv260_ispMipiRx_vcu_DP/project/kv260_ispMipiRx_vcu_DP.runs/kv260_ispMipiRx_vcu_DP_v_frmbuf_wr_0_1_synth_1/prj/sol/.autopilot/db/v_frmbuf_wr.cpp:1123]   --->   Operation 365 'writeresp' 'empty_138' <Predicate = true> <Delay = 3.65> <CoreInst = "m_axi">   --->   Core 121 'm_axi' <Latency = 0> <II = 1> <Delay = 1.00> <Adapter> <Opcode : 'read' 'write' 'readreq' 'writereq' 'writeresp'>

State 101 <SV = 100> <Delay = 3.65>
ST_101 : Operation 366 [9/104] (3.65ns)   --->   "%empty_138 = writeresp i1 @_ssdm_op_WriteResp.m_axi.p1i64, i32 %mm_video_addr" [/home/user/Documents/kria-vitis-platforms/kv260/platforms/vivado/kv260_ispMipiRx_vcu_DP/project/kv260_ispMipiRx_vcu_DP.runs/kv260_ispMipiRx_vcu_DP_v_frmbuf_wr_0_1_synth_1/prj/sol/.autopilot/db/v_frmbuf_wr.cpp:1123]   --->   Operation 366 'writeresp' 'empty_138' <Predicate = true> <Delay = 3.65> <CoreInst = "m_axi">   --->   Core 121 'm_axi' <Latency = 0> <II = 1> <Delay = 1.00> <Adapter> <Opcode : 'read' 'write' 'readreq' 'writereq' 'writeresp'>

State 102 <SV = 101> <Delay = 3.65>
ST_102 : Operation 367 [8/104] (3.65ns)   --->   "%empty_138 = writeresp i1 @_ssdm_op_WriteResp.m_axi.p1i64, i32 %mm_video_addr" [/home/user/Documents/kria-vitis-platforms/kv260/platforms/vivado/kv260_ispMipiRx_vcu_DP/project/kv260_ispMipiRx_vcu_DP.runs/kv260_ispMipiRx_vcu_DP_v_frmbuf_wr_0_1_synth_1/prj/sol/.autopilot/db/v_frmbuf_wr.cpp:1123]   --->   Operation 367 'writeresp' 'empty_138' <Predicate = true> <Delay = 3.65> <CoreInst = "m_axi">   --->   Core 121 'm_axi' <Latency = 0> <II = 1> <Delay = 1.00> <Adapter> <Opcode : 'read' 'write' 'readreq' 'writereq' 'writeresp'>

State 103 <SV = 102> <Delay = 3.65>
ST_103 : Operation 368 [7/104] (3.65ns)   --->   "%empty_138 = writeresp i1 @_ssdm_op_WriteResp.m_axi.p1i64, i32 %mm_video_addr" [/home/user/Documents/kria-vitis-platforms/kv260/platforms/vivado/kv260_ispMipiRx_vcu_DP/project/kv260_ispMipiRx_vcu_DP.runs/kv260_ispMipiRx_vcu_DP_v_frmbuf_wr_0_1_synth_1/prj/sol/.autopilot/db/v_frmbuf_wr.cpp:1123]   --->   Operation 368 'writeresp' 'empty_138' <Predicate = true> <Delay = 3.65> <CoreInst = "m_axi">   --->   Core 121 'm_axi' <Latency = 0> <II = 1> <Delay = 1.00> <Adapter> <Opcode : 'read' 'write' 'readreq' 'writereq' 'writeresp'>

State 104 <SV = 103> <Delay = 3.65>
ST_104 : Operation 369 [6/104] (3.65ns)   --->   "%empty_138 = writeresp i1 @_ssdm_op_WriteResp.m_axi.p1i64, i32 %mm_video_addr" [/home/user/Documents/kria-vitis-platforms/kv260/platforms/vivado/kv260_ispMipiRx_vcu_DP/project/kv260_ispMipiRx_vcu_DP.runs/kv260_ispMipiRx_vcu_DP_v_frmbuf_wr_0_1_synth_1/prj/sol/.autopilot/db/v_frmbuf_wr.cpp:1123]   --->   Operation 369 'writeresp' 'empty_138' <Predicate = true> <Delay = 3.65> <CoreInst = "m_axi">   --->   Core 121 'm_axi' <Latency = 0> <II = 1> <Delay = 1.00> <Adapter> <Opcode : 'read' 'write' 'readreq' 'writereq' 'writeresp'>

State 105 <SV = 104> <Delay = 3.65>
ST_105 : Operation 370 [5/104] (3.65ns)   --->   "%empty_138 = writeresp i1 @_ssdm_op_WriteResp.m_axi.p1i64, i32 %mm_video_addr" [/home/user/Documents/kria-vitis-platforms/kv260/platforms/vivado/kv260_ispMipiRx_vcu_DP/project/kv260_ispMipiRx_vcu_DP.runs/kv260_ispMipiRx_vcu_DP_v_frmbuf_wr_0_1_synth_1/prj/sol/.autopilot/db/v_frmbuf_wr.cpp:1123]   --->   Operation 370 'writeresp' 'empty_138' <Predicate = true> <Delay = 3.65> <CoreInst = "m_axi">   --->   Core 121 'm_axi' <Latency = 0> <II = 1> <Delay = 1.00> <Adapter> <Opcode : 'read' 'write' 'readreq' 'writereq' 'writeresp'>

State 106 <SV = 105> <Delay = 3.65>
ST_106 : Operation 371 [4/104] (3.65ns)   --->   "%empty_138 = writeresp i1 @_ssdm_op_WriteResp.m_axi.p1i64, i32 %mm_video_addr" [/home/user/Documents/kria-vitis-platforms/kv260/platforms/vivado/kv260_ispMipiRx_vcu_DP/project/kv260_ispMipiRx_vcu_DP.runs/kv260_ispMipiRx_vcu_DP_v_frmbuf_wr_0_1_synth_1/prj/sol/.autopilot/db/v_frmbuf_wr.cpp:1123]   --->   Operation 371 'writeresp' 'empty_138' <Predicate = true> <Delay = 3.65> <CoreInst = "m_axi">   --->   Core 121 'm_axi' <Latency = 0> <II = 1> <Delay = 1.00> <Adapter> <Opcode : 'read' 'write' 'readreq' 'writereq' 'writeresp'>

State 107 <SV = 106> <Delay = 3.65>
ST_107 : Operation 372 [3/104] (3.65ns)   --->   "%empty_138 = writeresp i1 @_ssdm_op_WriteResp.m_axi.p1i64, i32 %mm_video_addr" [/home/user/Documents/kria-vitis-platforms/kv260/platforms/vivado/kv260_ispMipiRx_vcu_DP/project/kv260_ispMipiRx_vcu_DP.runs/kv260_ispMipiRx_vcu_DP_v_frmbuf_wr_0_1_synth_1/prj/sol/.autopilot/db/v_frmbuf_wr.cpp:1123]   --->   Operation 372 'writeresp' 'empty_138' <Predicate = true> <Delay = 3.65> <CoreInst = "m_axi">   --->   Core 121 'm_axi' <Latency = 0> <II = 1> <Delay = 1.00> <Adapter> <Opcode : 'read' 'write' 'readreq' 'writereq' 'writeresp'>

State 108 <SV = 107> <Delay = 3.65>
ST_108 : Operation 373 [2/104] (3.65ns)   --->   "%empty_138 = writeresp i1 @_ssdm_op_WriteResp.m_axi.p1i64, i32 %mm_video_addr" [/home/user/Documents/kria-vitis-platforms/kv260/platforms/vivado/kv260_ispMipiRx_vcu_DP/project/kv260_ispMipiRx_vcu_DP.runs/kv260_ispMipiRx_vcu_DP_v_frmbuf_wr_0_1_synth_1/prj/sol/.autopilot/db/v_frmbuf_wr.cpp:1123]   --->   Operation 373 'writeresp' 'empty_138' <Predicate = true> <Delay = 3.65> <CoreInst = "m_axi">   --->   Core 121 'm_axi' <Latency = 0> <II = 1> <Delay = 1.00> <Adapter> <Opcode : 'read' 'write' 'readreq' 'writereq' 'writeresp'>

State 109 <SV = 108> <Delay = 3.65>
ST_109 : Operation 374 [1/1] (0.00ns)   --->   "%speclooptripcount_ln1115 = speclooptripcount void @_ssdm_op_SpecLoopTripCount, i64 0, i64 4320, i64 2160" [/home/user/Documents/kria-vitis-platforms/kv260/platforms/vivado/kv260_ispMipiRx_vcu_DP/project/kv260_ispMipiRx_vcu_DP.runs/kv260_ispMipiRx_vcu_DP_v_frmbuf_wr_0_1_synth_1/prj/sol/.autopilot/db/v_frmbuf_wr.cpp:1115]   --->   Operation 374 'speclooptripcount' 'speclooptripcount_ln1115' <Predicate = true> <Delay = 0.00>
ST_109 : Operation 375 [1/1] (0.00ns)   --->   "%specloopname_ln1107 = specloopname void @_ssdm_op_SpecLoopName, void @empty_13" [/home/user/Documents/kria-vitis-platforms/kv260/platforms/vivado/kv260_ispMipiRx_vcu_DP/project/kv260_ispMipiRx_vcu_DP.runs/kv260_ispMipiRx_vcu_DP_v_frmbuf_wr_0_1_synth_1/prj/sol/.autopilot/db/v_frmbuf_wr.cpp:1107]   --->   Operation 375 'specloopname' 'specloopname_ln1107' <Predicate = true> <Delay = 0.00>
ST_109 : Operation 376 [1/104] (3.65ns)   --->   "%empty_138 = writeresp i1 @_ssdm_op_WriteResp.m_axi.p1i64, i32 %mm_video_addr" [/home/user/Documents/kria-vitis-platforms/kv260/platforms/vivado/kv260_ispMipiRx_vcu_DP/project/kv260_ispMipiRx_vcu_DP.runs/kv260_ispMipiRx_vcu_DP_v_frmbuf_wr_0_1_synth_1/prj/sol/.autopilot/db/v_frmbuf_wr.cpp:1123]   --->   Operation 376 'writeresp' 'empty_138' <Predicate = true> <Delay = 3.65> <CoreInst = "m_axi">   --->   Core 121 'm_axi' <Latency = 0> <II = 1> <Delay = 1.00> <Adapter> <Opcode : 'read' 'write' 'readreq' 'writereq' 'writeresp'>
ST_109 : Operation 377 [1/1] (0.78ns)   --->   "%empty_139 = icmp_eq  i6 %VideoFormat_read, i6 33"   --->   Operation 377 'icmp' 'empty_139' <Predicate = true> <Delay = 0.78> <CoreInst = "Cmp">   --->   Core 9 'Cmp' <Latency = 0> <II = 1> <Delay = 0.78> <FuncUnit> <Opcode : 'icmp'> <InPorts = 2> <OutPorts = 1>
ST_109 : Operation 378 [1/1] (0.78ns)   --->   "%empty_140 = icmp_eq  i6 %VideoFormat_read, i6 32"   --->   Operation 378 'icmp' 'empty_140' <Predicate = true> <Delay = 0.78> <CoreInst = "Cmp">   --->   Core 9 'Cmp' <Latency = 0> <II = 1> <Delay = 0.81> <FuncUnit> <Opcode : 'icmp'> <InPorts = 2> <OutPorts = 1>
ST_109 : Operation 379 [1/1] (0.00ns) (grouped into LUT with out node empty_149)   --->   "%empty_141 = or i1 %empty_140, i1 %empty_139"   --->   Operation 379 'or' 'empty_141' <Predicate = true> <Delay = 0.00> <CoreInst = "LogicGate">   --->   Core 74 'LogicGate' <Latency = 0> <II = 1> <Delay = 0.28> <FuncUnit> <Opcode : 'and' 'or' 'xor'> <InPorts = 2> <OutPorts = 1>
ST_109 : Operation 380 [1/1] (0.78ns)   --->   "%empty_142 = icmp_eq  i6 %VideoFormat_read, i6 23"   --->   Operation 380 'icmp' 'empty_142' <Predicate = true> <Delay = 0.78> <CoreInst = "Cmp">   --->   Core 9 'Cmp' <Latency = 0> <II = 1> <Delay = 0.78> <FuncUnit> <Opcode : 'icmp'> <InPorts = 2> <OutPorts = 1>
ST_109 : Operation 381 [1/1] (0.00ns) (grouped into LUT with out node empty_149)   --->   "%empty_143 = or i1 %empty_142, i1 %empty_141"   --->   Operation 381 'or' 'empty_143' <Predicate = true> <Delay = 0.00> <CoreInst = "LogicGate">   --->   Core 74 'LogicGate' <Latency = 0> <II = 1> <Delay = 0.28> <FuncUnit> <Opcode : 'and' 'or' 'xor'> <InPorts = 2> <OutPorts = 1>
ST_109 : Operation 382 [1/1] (0.78ns)   --->   "%empty_144 = icmp_eq  i6 %VideoFormat_read, i6 22"   --->   Operation 382 'icmp' 'empty_144' <Predicate = true> <Delay = 0.78> <CoreInst = "Cmp">   --->   Core 9 'Cmp' <Latency = 0> <II = 1> <Delay = 0.78> <FuncUnit> <Opcode : 'icmp'> <InPorts = 2> <OutPorts = 1>
ST_109 : Operation 383 [1/1] (0.00ns) (grouped into LUT with out node empty_149)   --->   "%empty_145 = or i1 %empty_144, i1 %empty_143"   --->   Operation 383 'or' 'empty_145' <Predicate = true> <Delay = 0.00> <CoreInst = "LogicGate">   --->   Core 74 'LogicGate' <Latency = 0> <II = 1> <Delay = 0.28> <FuncUnit> <Opcode : 'and' 'or' 'xor'> <InPorts = 2> <OutPorts = 1>
ST_109 : Operation 384 [1/1] (0.78ns)   --->   "%empty_146 = icmp_eq  i6 %VideoFormat_read, i6 19"   --->   Operation 384 'icmp' 'empty_146' <Predicate = true> <Delay = 0.78> <CoreInst = "Cmp">   --->   Core 9 'Cmp' <Latency = 0> <II = 1> <Delay = 0.78> <FuncUnit> <Opcode : 'icmp'> <InPorts = 2> <OutPorts = 1>
ST_109 : Operation 385 [1/1] (0.00ns) (grouped into LUT with out node empty_149)   --->   "%empty_147 = or i1 %empty_146, i1 %empty_145"   --->   Operation 385 'or' 'empty_147' <Predicate = true> <Delay = 0.00> <CoreInst = "LogicGate">   --->   Core 74 'LogicGate' <Latency = 0> <II = 1> <Delay = 0.28> <FuncUnit> <Opcode : 'and' 'or' 'xor'> <InPorts = 2> <OutPorts = 1>
ST_109 : Operation 386 [1/1] (0.78ns)   --->   "%empty_148 = icmp_eq  i6 %VideoFormat_read, i6 18"   --->   Operation 386 'icmp' 'empty_148' <Predicate = true> <Delay = 0.78> <CoreInst = "Cmp">   --->   Core 9 'Cmp' <Latency = 0> <II = 1> <Delay = 0.78> <FuncUnit> <Opcode : 'icmp'> <InPorts = 2> <OutPorts = 1>
ST_109 : Operation 387 [1/1] (0.28ns) (out node of the LUT)   --->   "%empty_149 = or i1 %empty_148, i1 %empty_147"   --->   Operation 387 'or' 'empty_149' <Predicate = true> <Delay = 0.28> <CoreInst = "LogicGate">   --->   Core 74 'LogicGate' <Latency = 0> <II = 1> <Delay = 0.28> <FuncUnit> <Opcode : 'and' 'or' 'xor'> <InPorts = 2> <OutPorts = 1>
ST_109 : Operation 388 [1/1] (0.00ns)   --->   "%br_ln0 = br i1 %empty_149, void %lor.lhs.false26, void %land.lhs.true"   --->   Operation 388 'br' 'br_ln0' <Predicate = true> <Delay = 0.00>
ST_109 : Operation 389 [1/1] (0.00ns)   --->   "%br_ln1125 = br i1 %icmp_ln1125, void %for.inc65, void %land.lhs.true" [/home/user/Documents/kria-vitis-platforms/kv260/platforms/vivado/kv260_ispMipiRx_vcu_DP/project/kv260_ispMipiRx_vcu_DP.runs/kv260_ispMipiRx_vcu_DP_v_frmbuf_wr_0_1_synth_1/prj/sol/.autopilot/db/v_frmbuf_wr.cpp:1125]   --->   Operation 389 'br' 'br_ln1125' <Predicate = (!empty_149)> <Delay = 0.00>
ST_109 : Operation 390 [1/1] (0.00ns)   --->   "%br_ln1125 = br i1 %trunc_ln1113, void %VITIS_LOOP_1127_2, void %lor.lhs.false32" [/home/user/Documents/kria-vitis-platforms/kv260/platforms/vivado/kv260_ispMipiRx_vcu_DP/project/kv260_ispMipiRx_vcu_DP.runs/kv260_ispMipiRx_vcu_DP_v_frmbuf_wr_0_1_synth_1/prj/sol/.autopilot/db/v_frmbuf_wr.cpp:1125]   --->   Operation 390 'br' 'br_ln1125' <Predicate = (icmp_ln1125) | (empty_149)> <Delay = 0.00>
ST_109 : Operation 391 [1/1] (0.78ns)   --->   "%empty_150 = icmp_eq  i6 %VideoFormat_read, i6 38"   --->   Operation 391 'icmp' 'empty_150' <Predicate = (icmp_ln1125 & trunc_ln1113) | (empty_149 & trunc_ln1113)> <Delay = 0.78> <CoreInst = "Cmp">   --->   Core 9 'Cmp' <Latency = 0> <II = 1> <Delay = 0.78> <FuncUnit> <Opcode : 'icmp'> <InPorts = 2> <OutPorts = 1>
ST_109 : Operation 392 [1/1] (0.78ns)   --->   "%empty_151 = icmp_eq  i6 %VideoFormat_read, i6 33"   --->   Operation 392 'icmp' 'empty_151' <Predicate = (icmp_ln1125 & trunc_ln1113) | (empty_149 & trunc_ln1113)> <Delay = 0.78> <CoreInst = "Cmp">   --->   Core 9 'Cmp' <Latency = 0> <II = 1> <Delay = 0.78> <FuncUnit> <Opcode : 'icmp'> <InPorts = 2> <OutPorts = 1>
ST_109 : Operation 393 [1/1] (0.00ns) (grouped into LUT with out node empty_158)   --->   "%empty_152 = or i1 %empty_151, i1 %empty_150"   --->   Operation 393 'or' 'empty_152' <Predicate = (icmp_ln1125 & trunc_ln1113) | (empty_149 & trunc_ln1113)> <Delay = 0.00> <CoreInst = "LogicGate">   --->   Core 74 'LogicGate' <Latency = 0> <II = 1> <Delay = 0.28> <FuncUnit> <Opcode : 'and' 'or' 'xor'> <InPorts = 2> <OutPorts = 1>
ST_109 : Operation 394 [1/1] (0.78ns)   --->   "%empty_153 = icmp_eq  i6 %VideoFormat_read, i6 23"   --->   Operation 394 'icmp' 'empty_153' <Predicate = (icmp_ln1125 & trunc_ln1113) | (empty_149 & trunc_ln1113)> <Delay = 0.78> <CoreInst = "Cmp">   --->   Core 9 'Cmp' <Latency = 0> <II = 1> <Delay = 0.78> <FuncUnit> <Opcode : 'icmp'> <InPorts = 2> <OutPorts = 1>
ST_109 : Operation 395 [1/1] (0.00ns) (grouped into LUT with out node empty_158)   --->   "%empty_154 = or i1 %empty_153, i1 %empty_152"   --->   Operation 395 'or' 'empty_154' <Predicate = (icmp_ln1125 & trunc_ln1113) | (empty_149 & trunc_ln1113)> <Delay = 0.00> <CoreInst = "LogicGate">   --->   Core 74 'LogicGate' <Latency = 0> <II = 1> <Delay = 0.28> <FuncUnit> <Opcode : 'and' 'or' 'xor'> <InPorts = 2> <OutPorts = 1>
ST_109 : Operation 396 [1/1] (0.78ns)   --->   "%empty_155 = icmp_eq  i6 %VideoFormat_read, i6 19"   --->   Operation 396 'icmp' 'empty_155' <Predicate = (icmp_ln1125 & trunc_ln1113) | (empty_149 & trunc_ln1113)> <Delay = 0.78> <CoreInst = "Cmp">   --->   Core 9 'Cmp' <Latency = 0> <II = 1> <Delay = 0.78> <FuncUnit> <Opcode : 'icmp'> <InPorts = 2> <OutPorts = 1>
ST_109 : Operation 397 [1/1] (0.00ns) (grouped into LUT with out node empty_158)   --->   "%empty_156 = or i1 %empty_155, i1 %empty_154"   --->   Operation 397 'or' 'empty_156' <Predicate = (icmp_ln1125 & trunc_ln1113) | (empty_149 & trunc_ln1113)> <Delay = 0.00> <CoreInst = "LogicGate">   --->   Core 74 'LogicGate' <Latency = 0> <II = 1> <Delay = 0.28> <FuncUnit> <Opcode : 'and' 'or' 'xor'> <InPorts = 2> <OutPorts = 1>
ST_109 : Operation 398 [1/1] (0.78ns)   --->   "%empty_157 = icmp_eq  i6 %VideoFormat_read, i6 3"   --->   Operation 398 'icmp' 'empty_157' <Predicate = (icmp_ln1125 & trunc_ln1113) | (empty_149 & trunc_ln1113)> <Delay = 0.78> <CoreInst = "Cmp">   --->   Core 9 'Cmp' <Latency = 0> <II = 1> <Delay = 0.78> <FuncUnit> <Opcode : 'icmp'> <InPorts = 2> <OutPorts = 1>
ST_109 : Operation 399 [1/1] (0.28ns) (out node of the LUT)   --->   "%empty_158 = or i1 %empty_157, i1 %empty_156"   --->   Operation 399 'or' 'empty_158' <Predicate = (icmp_ln1125 & trunc_ln1113) | (empty_149 & trunc_ln1113)> <Delay = 0.28> <CoreInst = "LogicGate">   --->   Core 74 'LogicGate' <Latency = 0> <II = 1> <Delay = 0.28> <FuncUnit> <Opcode : 'and' 'or' 'xor'> <InPorts = 2> <OutPorts = 1>
ST_109 : Operation 400 [1/1] (0.00ns)   --->   "%br_ln0 = br i1 %empty_158, void %VITIS_LOOP_1127_2, void %for.inc65"   --->   Operation 400 'br' 'br_ln0' <Predicate = (icmp_ln1125 & trunc_ln1113) | (empty_149 & trunc_ln1113)> <Delay = 0.00>
ST_109 : Operation 401 [1/1] (0.00ns)   --->   "%offsetUV_load = load i32 %offsetUV" [/home/user/Documents/kria-vitis-platforms/kv260/platforms/vivado/kv260_ispMipiRx_vcu_DP/project/kv260_ispMipiRx_vcu_DP.runs/kv260_ispMipiRx_vcu_DP_v_frmbuf_wr_0_1_synth_1/prj/sol/.autopilot/db/v_frmbuf_wr.cpp:1127]   --->   Operation 401 'load' 'offsetUV_load' <Predicate = (icmp_ln1125 & !empty_158) | (icmp_ln1125 & !trunc_ln1113) | (empty_149 & !empty_158) | (empty_149 & !trunc_ln1113)> <Delay = 0.00>
ST_109 : Operation 402 [1/1] (0.00ns) (grouped into LUT with out node add_ln1127)   --->   "%shl_ln1127 = shl i32 %offsetUV_load, i32 3" [/home/user/Documents/kria-vitis-platforms/kv260/platforms/vivado/kv260_ispMipiRx_vcu_DP/project/kv260_ispMipiRx_vcu_DP.runs/kv260_ispMipiRx_vcu_DP_v_frmbuf_wr_0_1_synth_1/prj/sol/.autopilot/db/v_frmbuf_wr.cpp:1127]   --->   Operation 402 'shl' 'shl_ln1127' <Predicate = (icmp_ln1125 & !empty_158) | (icmp_ln1125 & !trunc_ln1113) | (empty_149 & !empty_158) | (empty_149 & !trunc_ln1113)> <Delay = 0.00>
ST_109 : Operation 403 [1/1] (1.01ns) (out node of the LUT)   --->   "%add_ln1127 = add i32 %dstImg2_read, i32 %shl_ln1127" [/home/user/Documents/kria-vitis-platforms/kv260/platforms/vivado/kv260_ispMipiRx_vcu_DP/project/kv260_ispMipiRx_vcu_DP.runs/kv260_ispMipiRx_vcu_DP_v_frmbuf_wr_0_1_synth_1/prj/sol/.autopilot/db/v_frmbuf_wr.cpp:1127]   --->   Operation 403 'add' 'add_ln1127' <Predicate = (icmp_ln1125 & !empty_158) | (icmp_ln1125 & !trunc_ln1113) | (empty_149 & !empty_158) | (empty_149 & !trunc_ln1113)> <Delay = 1.01> <CoreInst = "Adder">   --->   Core 1 'Adder' <Latency = 0> <II = 1> <Delay = 1.01> <FuncUnit> <Opcode : 'add' 'sub'> <InPorts = 2> <OutPorts = 1>
ST_109 : Operation 404 [1/1] (0.00ns)   --->   "%trunc_ln1 = partselect i29 @_ssdm_op_PartSelect.i29.i32.i32.i32, i32 %add_ln1127, i32 3, i32 31" [/home/user/Documents/kria-vitis-platforms/kv260/platforms/vivado/kv260_ispMipiRx_vcu_DP/project/kv260_ispMipiRx_vcu_DP.runs/kv260_ispMipiRx_vcu_DP_v_frmbuf_wr_0_1_synth_1/prj/sol/.autopilot/db/v_frmbuf_wr.cpp:1127]   --->   Operation 404 'partselect' 'trunc_ln1' <Predicate = (icmp_ln1125 & !empty_158) | (icmp_ln1125 & !trunc_ln1113) | (empty_149 & !empty_158) | (empty_149 & !trunc_ln1113)> <Delay = 0.00>
ST_109 : Operation 405 [1/1] (1.01ns)   --->   "%offsetUV_1 = add i32 %offsetUV_load, i32 %div8_cast2" [/home/user/Documents/kria-vitis-platforms/kv260/platforms/vivado/kv260_ispMipiRx_vcu_DP/project/kv260_ispMipiRx_vcu_DP.runs/kv260_ispMipiRx_vcu_DP_v_frmbuf_wr_0_1_synth_1/prj/sol/.autopilot/db/v_frmbuf_wr.cpp:1135]   --->   Operation 405 'add' 'offsetUV_1' <Predicate = (icmp_ln1125 & !empty_158) | (icmp_ln1125 & !trunc_ln1113) | (empty_149 & !empty_158) | (empty_149 & !trunc_ln1113)> <Delay = 1.01> <CoreInst = "Adder">   --->   Core 1 'Adder' <Latency = 0> <II = 1> <Delay = 1.01> <FuncUnit> <Opcode : 'add' 'sub'> <InPorts = 2> <OutPorts = 1>
ST_109 : Operation 406 [1/1] (0.42ns)   --->   "%store_ln1136 = store i32 %offsetUV_1, i32 %offsetUV" [/home/user/Documents/kria-vitis-platforms/kv260/platforms/vivado/kv260_ispMipiRx_vcu_DP/project/kv260_ispMipiRx_vcu_DP.runs/kv260_ispMipiRx_vcu_DP_v_frmbuf_wr_0_1_synth_1/prj/sol/.autopilot/db/v_frmbuf_wr.cpp:1136]   --->   Operation 406 'store' 'store_ln1136' <Predicate = (icmp_ln1125 & !empty_158) | (icmp_ln1125 & !trunc_ln1113) | (empty_149 & !empty_158) | (empty_149 & !trunc_ln1113)> <Delay = 0.42>

State 110 <SV = 109> <Delay = 3.65>
ST_110 : Operation 407 [1/1] (0.00ns)   --->   "%sext_ln1127 = sext i29 %trunc_ln1" [/home/user/Documents/kria-vitis-platforms/kv260/platforms/vivado/kv260_ispMipiRx_vcu_DP/project/kv260_ispMipiRx_vcu_DP.runs/kv260_ispMipiRx_vcu_DP_v_frmbuf_wr_0_1_synth_1/prj/sol/.autopilot/db/v_frmbuf_wr.cpp:1127]   --->   Operation 407 'sext' 'sext_ln1127' <Predicate = true> <Delay = 0.00>
ST_110 : Operation 408 [1/1] (0.00ns)   --->   "%mm_video_addr_1 = getelementptr i64 %mm_video, i32 %sext_ln1127" [/home/user/Documents/kria-vitis-platforms/kv260/platforms/vivado/kv260_ispMipiRx_vcu_DP/project/kv260_ispMipiRx_vcu_DP.runs/kv260_ispMipiRx_vcu_DP_v_frmbuf_wr_0_1_synth_1/prj/sol/.autopilot/db/v_frmbuf_wr.cpp:1127]   --->   Operation 408 'getelementptr' 'mm_video_addr_1' <Predicate = true> <Delay = 0.00>
ST_110 : Operation 409 [1/1] (3.65ns)   --->   "%empty_159 = writereq i1 @_ssdm_op_WriteReq.m_axi.p1i64, i32 %mm_video_addr_1, i32 %div_cast1" [/home/user/Documents/kria-vitis-platforms/kv260/platforms/vivado/kv260_ispMipiRx_vcu_DP/project/kv260_ispMipiRx_vcu_DP.runs/kv260_ispMipiRx_vcu_DP_v_frmbuf_wr_0_1_synth_1/prj/sol/.autopilot/db/v_frmbuf_wr.cpp:1127]   --->   Operation 409 'writereq' 'empty_159' <Predicate = true> <Delay = 3.65> <CoreInst = "m_axi">   --->   Core 121 'm_axi' <Latency = 0> <II = 1> <Delay = 1.00> <Adapter> <Opcode : 'read' 'write' 'readreq' 'writereq' 'writeresp'>

State 111 <SV = 110> <Delay = 1.40>
ST_111 : Operation 410 [1/1] (0.00ns)   --->   "%empty_160 = wait i32 @_ssdm_op_Wait"   --->   Operation 410 'wait' 'empty_160' <Predicate = true> <Delay = 0.00>
ST_111 : Operation 411 [2/2] (1.40ns)   --->   "%call_ln1127 = call void @Bytes2AXIMMvideo_Pipeline_VITIS_LOOP_1127_2, i64 %mm_video, i29 %trunc_ln1, i12 %div, i64 %bytePlanes_plane12" [/home/user/Documents/kria-vitis-platforms/kv260/platforms/vivado/kv260_ispMipiRx_vcu_DP/project/kv260_ispMipiRx_vcu_DP.runs/kv260_ispMipiRx_vcu_DP_v_frmbuf_wr_0_1_synth_1/prj/sol/.autopilot/db/v_frmbuf_wr.cpp:1127]   --->   Operation 411 'call' 'call_ln1127' <Predicate = true> <Delay = 1.40> <CoreType = "Generic">   --->   Core 0 '' <Latency = 0> <II = 1> <Delay = 1.00> <Generic> <Opcode : >

State 112 <SV = 111> <Delay = 0.00>
ST_112 : Operation 412 [1/2] (0.00ns)   --->   "%call_ln1127 = call void @Bytes2AXIMMvideo_Pipeline_VITIS_LOOP_1127_2, i64 %mm_video, i29 %trunc_ln1, i12 %div, i64 %bytePlanes_plane12" [/home/user/Documents/kria-vitis-platforms/kv260/platforms/vivado/kv260_ispMipiRx_vcu_DP/project/kv260_ispMipiRx_vcu_DP.runs/kv260_ispMipiRx_vcu_DP_v_frmbuf_wr_0_1_synth_1/prj/sol/.autopilot/db/v_frmbuf_wr.cpp:1127]   --->   Operation 412 'call' 'call_ln1127' <Predicate = true> <Delay = 0.00> <CoreType = "Generic">   --->   Core 0 '' <Latency = 0> <II = 1> <Delay = 1.00> <Generic> <Opcode : >

State 113 <SV = 112> <Delay = 3.65>
ST_113 : Operation 413 [104/104] (3.65ns)   --->   "%empty_161 = writeresp i1 @_ssdm_op_WriteResp.m_axi.p1i64, i32 %mm_video_addr_1" [/home/user/Documents/kria-vitis-platforms/kv260/platforms/vivado/kv260_ispMipiRx_vcu_DP/project/kv260_ispMipiRx_vcu_DP.runs/kv260_ispMipiRx_vcu_DP_v_frmbuf_wr_0_1_synth_1/prj/sol/.autopilot/db/v_frmbuf_wr.cpp:1135]   --->   Operation 413 'writeresp' 'empty_161' <Predicate = true> <Delay = 3.65> <CoreInst = "m_axi">   --->   Core 121 'm_axi' <Latency = 0> <II = 1> <Delay = 1.00> <Adapter> <Opcode : 'read' 'write' 'readreq' 'writereq' 'writeresp'>

State 114 <SV = 113> <Delay = 3.65>
ST_114 : Operation 414 [103/104] (3.65ns)   --->   "%empty_161 = writeresp i1 @_ssdm_op_WriteResp.m_axi.p1i64, i32 %mm_video_addr_1" [/home/user/Documents/kria-vitis-platforms/kv260/platforms/vivado/kv260_ispMipiRx_vcu_DP/project/kv260_ispMipiRx_vcu_DP.runs/kv260_ispMipiRx_vcu_DP_v_frmbuf_wr_0_1_synth_1/prj/sol/.autopilot/db/v_frmbuf_wr.cpp:1135]   --->   Operation 414 'writeresp' 'empty_161' <Predicate = true> <Delay = 3.65> <CoreInst = "m_axi">   --->   Core 121 'm_axi' <Latency = 0> <II = 1> <Delay = 1.00> <Adapter> <Opcode : 'read' 'write' 'readreq' 'writereq' 'writeresp'>

State 115 <SV = 114> <Delay = 3.65>
ST_115 : Operation 415 [102/104] (3.65ns)   --->   "%empty_161 = writeresp i1 @_ssdm_op_WriteResp.m_axi.p1i64, i32 %mm_video_addr_1" [/home/user/Documents/kria-vitis-platforms/kv260/platforms/vivado/kv260_ispMipiRx_vcu_DP/project/kv260_ispMipiRx_vcu_DP.runs/kv260_ispMipiRx_vcu_DP_v_frmbuf_wr_0_1_synth_1/prj/sol/.autopilot/db/v_frmbuf_wr.cpp:1135]   --->   Operation 415 'writeresp' 'empty_161' <Predicate = true> <Delay = 3.65> <CoreInst = "m_axi">   --->   Core 121 'm_axi' <Latency = 0> <II = 1> <Delay = 1.00> <Adapter> <Opcode : 'read' 'write' 'readreq' 'writereq' 'writeresp'>

State 116 <SV = 115> <Delay = 3.65>
ST_116 : Operation 416 [101/104] (3.65ns)   --->   "%empty_161 = writeresp i1 @_ssdm_op_WriteResp.m_axi.p1i64, i32 %mm_video_addr_1" [/home/user/Documents/kria-vitis-platforms/kv260/platforms/vivado/kv260_ispMipiRx_vcu_DP/project/kv260_ispMipiRx_vcu_DP.runs/kv260_ispMipiRx_vcu_DP_v_frmbuf_wr_0_1_synth_1/prj/sol/.autopilot/db/v_frmbuf_wr.cpp:1135]   --->   Operation 416 'writeresp' 'empty_161' <Predicate = true> <Delay = 3.65> <CoreInst = "m_axi">   --->   Core 121 'm_axi' <Latency = 0> <II = 1> <Delay = 1.00> <Adapter> <Opcode : 'read' 'write' 'readreq' 'writereq' 'writeresp'>

State 117 <SV = 116> <Delay = 3.65>
ST_117 : Operation 417 [100/104] (3.65ns)   --->   "%empty_161 = writeresp i1 @_ssdm_op_WriteResp.m_axi.p1i64, i32 %mm_video_addr_1" [/home/user/Documents/kria-vitis-platforms/kv260/platforms/vivado/kv260_ispMipiRx_vcu_DP/project/kv260_ispMipiRx_vcu_DP.runs/kv260_ispMipiRx_vcu_DP_v_frmbuf_wr_0_1_synth_1/prj/sol/.autopilot/db/v_frmbuf_wr.cpp:1135]   --->   Operation 417 'writeresp' 'empty_161' <Predicate = true> <Delay = 3.65> <CoreInst = "m_axi">   --->   Core 121 'm_axi' <Latency = 0> <II = 1> <Delay = 1.00> <Adapter> <Opcode : 'read' 'write' 'readreq' 'writereq' 'writeresp'>

State 118 <SV = 117> <Delay = 3.65>
ST_118 : Operation 418 [99/104] (3.65ns)   --->   "%empty_161 = writeresp i1 @_ssdm_op_WriteResp.m_axi.p1i64, i32 %mm_video_addr_1" [/home/user/Documents/kria-vitis-platforms/kv260/platforms/vivado/kv260_ispMipiRx_vcu_DP/project/kv260_ispMipiRx_vcu_DP.runs/kv260_ispMipiRx_vcu_DP_v_frmbuf_wr_0_1_synth_1/prj/sol/.autopilot/db/v_frmbuf_wr.cpp:1135]   --->   Operation 418 'writeresp' 'empty_161' <Predicate = true> <Delay = 3.65> <CoreInst = "m_axi">   --->   Core 121 'm_axi' <Latency = 0> <II = 1> <Delay = 1.00> <Adapter> <Opcode : 'read' 'write' 'readreq' 'writereq' 'writeresp'>

State 119 <SV = 118> <Delay = 3.65>
ST_119 : Operation 419 [98/104] (3.65ns)   --->   "%empty_161 = writeresp i1 @_ssdm_op_WriteResp.m_axi.p1i64, i32 %mm_video_addr_1" [/home/user/Documents/kria-vitis-platforms/kv260/platforms/vivado/kv260_ispMipiRx_vcu_DP/project/kv260_ispMipiRx_vcu_DP.runs/kv260_ispMipiRx_vcu_DP_v_frmbuf_wr_0_1_synth_1/prj/sol/.autopilot/db/v_frmbuf_wr.cpp:1135]   --->   Operation 419 'writeresp' 'empty_161' <Predicate = true> <Delay = 3.65> <CoreInst = "m_axi">   --->   Core 121 'm_axi' <Latency = 0> <II = 1> <Delay = 1.00> <Adapter> <Opcode : 'read' 'write' 'readreq' 'writereq' 'writeresp'>

State 120 <SV = 119> <Delay = 3.65>
ST_120 : Operation 420 [97/104] (3.65ns)   --->   "%empty_161 = writeresp i1 @_ssdm_op_WriteResp.m_axi.p1i64, i32 %mm_video_addr_1" [/home/user/Documents/kria-vitis-platforms/kv260/platforms/vivado/kv260_ispMipiRx_vcu_DP/project/kv260_ispMipiRx_vcu_DP.runs/kv260_ispMipiRx_vcu_DP_v_frmbuf_wr_0_1_synth_1/prj/sol/.autopilot/db/v_frmbuf_wr.cpp:1135]   --->   Operation 420 'writeresp' 'empty_161' <Predicate = true> <Delay = 3.65> <CoreInst = "m_axi">   --->   Core 121 'm_axi' <Latency = 0> <II = 1> <Delay = 1.00> <Adapter> <Opcode : 'read' 'write' 'readreq' 'writereq' 'writeresp'>

State 121 <SV = 120> <Delay = 3.65>
ST_121 : Operation 421 [96/104] (3.65ns)   --->   "%empty_161 = writeresp i1 @_ssdm_op_WriteResp.m_axi.p1i64, i32 %mm_video_addr_1" [/home/user/Documents/kria-vitis-platforms/kv260/platforms/vivado/kv260_ispMipiRx_vcu_DP/project/kv260_ispMipiRx_vcu_DP.runs/kv260_ispMipiRx_vcu_DP_v_frmbuf_wr_0_1_synth_1/prj/sol/.autopilot/db/v_frmbuf_wr.cpp:1135]   --->   Operation 421 'writeresp' 'empty_161' <Predicate = true> <Delay = 3.65> <CoreInst = "m_axi">   --->   Core 121 'm_axi' <Latency = 0> <II = 1> <Delay = 1.00> <Adapter> <Opcode : 'read' 'write' 'readreq' 'writereq' 'writeresp'>

State 122 <SV = 121> <Delay = 3.65>
ST_122 : Operation 422 [95/104] (3.65ns)   --->   "%empty_161 = writeresp i1 @_ssdm_op_WriteResp.m_axi.p1i64, i32 %mm_video_addr_1" [/home/user/Documents/kria-vitis-platforms/kv260/platforms/vivado/kv260_ispMipiRx_vcu_DP/project/kv260_ispMipiRx_vcu_DP.runs/kv260_ispMipiRx_vcu_DP_v_frmbuf_wr_0_1_synth_1/prj/sol/.autopilot/db/v_frmbuf_wr.cpp:1135]   --->   Operation 422 'writeresp' 'empty_161' <Predicate = true> <Delay = 3.65> <CoreInst = "m_axi">   --->   Core 121 'm_axi' <Latency = 0> <II = 1> <Delay = 1.00> <Adapter> <Opcode : 'read' 'write' 'readreq' 'writereq' 'writeresp'>

State 123 <SV = 122> <Delay = 3.65>
ST_123 : Operation 423 [94/104] (3.65ns)   --->   "%empty_161 = writeresp i1 @_ssdm_op_WriteResp.m_axi.p1i64, i32 %mm_video_addr_1" [/home/user/Documents/kria-vitis-platforms/kv260/platforms/vivado/kv260_ispMipiRx_vcu_DP/project/kv260_ispMipiRx_vcu_DP.runs/kv260_ispMipiRx_vcu_DP_v_frmbuf_wr_0_1_synth_1/prj/sol/.autopilot/db/v_frmbuf_wr.cpp:1135]   --->   Operation 423 'writeresp' 'empty_161' <Predicate = true> <Delay = 3.65> <CoreInst = "m_axi">   --->   Core 121 'm_axi' <Latency = 0> <II = 1> <Delay = 1.00> <Adapter> <Opcode : 'read' 'write' 'readreq' 'writereq' 'writeresp'>

State 124 <SV = 123> <Delay = 3.65>
ST_124 : Operation 424 [93/104] (3.65ns)   --->   "%empty_161 = writeresp i1 @_ssdm_op_WriteResp.m_axi.p1i64, i32 %mm_video_addr_1" [/home/user/Documents/kria-vitis-platforms/kv260/platforms/vivado/kv260_ispMipiRx_vcu_DP/project/kv260_ispMipiRx_vcu_DP.runs/kv260_ispMipiRx_vcu_DP_v_frmbuf_wr_0_1_synth_1/prj/sol/.autopilot/db/v_frmbuf_wr.cpp:1135]   --->   Operation 424 'writeresp' 'empty_161' <Predicate = true> <Delay = 3.65> <CoreInst = "m_axi">   --->   Core 121 'm_axi' <Latency = 0> <II = 1> <Delay = 1.00> <Adapter> <Opcode : 'read' 'write' 'readreq' 'writereq' 'writeresp'>

State 125 <SV = 124> <Delay = 3.65>
ST_125 : Operation 425 [92/104] (3.65ns)   --->   "%empty_161 = writeresp i1 @_ssdm_op_WriteResp.m_axi.p1i64, i32 %mm_video_addr_1" [/home/user/Documents/kria-vitis-platforms/kv260/platforms/vivado/kv260_ispMipiRx_vcu_DP/project/kv260_ispMipiRx_vcu_DP.runs/kv260_ispMipiRx_vcu_DP_v_frmbuf_wr_0_1_synth_1/prj/sol/.autopilot/db/v_frmbuf_wr.cpp:1135]   --->   Operation 425 'writeresp' 'empty_161' <Predicate = true> <Delay = 3.65> <CoreInst = "m_axi">   --->   Core 121 'm_axi' <Latency = 0> <II = 1> <Delay = 1.00> <Adapter> <Opcode : 'read' 'write' 'readreq' 'writereq' 'writeresp'>

State 126 <SV = 125> <Delay = 3.65>
ST_126 : Operation 426 [91/104] (3.65ns)   --->   "%empty_161 = writeresp i1 @_ssdm_op_WriteResp.m_axi.p1i64, i32 %mm_video_addr_1" [/home/user/Documents/kria-vitis-platforms/kv260/platforms/vivado/kv260_ispMipiRx_vcu_DP/project/kv260_ispMipiRx_vcu_DP.runs/kv260_ispMipiRx_vcu_DP_v_frmbuf_wr_0_1_synth_1/prj/sol/.autopilot/db/v_frmbuf_wr.cpp:1135]   --->   Operation 426 'writeresp' 'empty_161' <Predicate = true> <Delay = 3.65> <CoreInst = "m_axi">   --->   Core 121 'm_axi' <Latency = 0> <II = 1> <Delay = 1.00> <Adapter> <Opcode : 'read' 'write' 'readreq' 'writereq' 'writeresp'>

State 127 <SV = 126> <Delay = 3.65>
ST_127 : Operation 427 [90/104] (3.65ns)   --->   "%empty_161 = writeresp i1 @_ssdm_op_WriteResp.m_axi.p1i64, i32 %mm_video_addr_1" [/home/user/Documents/kria-vitis-platforms/kv260/platforms/vivado/kv260_ispMipiRx_vcu_DP/project/kv260_ispMipiRx_vcu_DP.runs/kv260_ispMipiRx_vcu_DP_v_frmbuf_wr_0_1_synth_1/prj/sol/.autopilot/db/v_frmbuf_wr.cpp:1135]   --->   Operation 427 'writeresp' 'empty_161' <Predicate = true> <Delay = 3.65> <CoreInst = "m_axi">   --->   Core 121 'm_axi' <Latency = 0> <II = 1> <Delay = 1.00> <Adapter> <Opcode : 'read' 'write' 'readreq' 'writereq' 'writeresp'>

State 128 <SV = 127> <Delay = 3.65>
ST_128 : Operation 428 [89/104] (3.65ns)   --->   "%empty_161 = writeresp i1 @_ssdm_op_WriteResp.m_axi.p1i64, i32 %mm_video_addr_1" [/home/user/Documents/kria-vitis-platforms/kv260/platforms/vivado/kv260_ispMipiRx_vcu_DP/project/kv260_ispMipiRx_vcu_DP.runs/kv260_ispMipiRx_vcu_DP_v_frmbuf_wr_0_1_synth_1/prj/sol/.autopilot/db/v_frmbuf_wr.cpp:1135]   --->   Operation 428 'writeresp' 'empty_161' <Predicate = true> <Delay = 3.65> <CoreInst = "m_axi">   --->   Core 121 'm_axi' <Latency = 0> <II = 1> <Delay = 1.00> <Adapter> <Opcode : 'read' 'write' 'readreq' 'writereq' 'writeresp'>

State 129 <SV = 128> <Delay = 3.65>
ST_129 : Operation 429 [88/104] (3.65ns)   --->   "%empty_161 = writeresp i1 @_ssdm_op_WriteResp.m_axi.p1i64, i32 %mm_video_addr_1" [/home/user/Documents/kria-vitis-platforms/kv260/platforms/vivado/kv260_ispMipiRx_vcu_DP/project/kv260_ispMipiRx_vcu_DP.runs/kv260_ispMipiRx_vcu_DP_v_frmbuf_wr_0_1_synth_1/prj/sol/.autopilot/db/v_frmbuf_wr.cpp:1135]   --->   Operation 429 'writeresp' 'empty_161' <Predicate = true> <Delay = 3.65> <CoreInst = "m_axi">   --->   Core 121 'm_axi' <Latency = 0> <II = 1> <Delay = 1.00> <Adapter> <Opcode : 'read' 'write' 'readreq' 'writereq' 'writeresp'>

State 130 <SV = 129> <Delay = 3.65>
ST_130 : Operation 430 [87/104] (3.65ns)   --->   "%empty_161 = writeresp i1 @_ssdm_op_WriteResp.m_axi.p1i64, i32 %mm_video_addr_1" [/home/user/Documents/kria-vitis-platforms/kv260/platforms/vivado/kv260_ispMipiRx_vcu_DP/project/kv260_ispMipiRx_vcu_DP.runs/kv260_ispMipiRx_vcu_DP_v_frmbuf_wr_0_1_synth_1/prj/sol/.autopilot/db/v_frmbuf_wr.cpp:1135]   --->   Operation 430 'writeresp' 'empty_161' <Predicate = true> <Delay = 3.65> <CoreInst = "m_axi">   --->   Core 121 'm_axi' <Latency = 0> <II = 1> <Delay = 1.00> <Adapter> <Opcode : 'read' 'write' 'readreq' 'writereq' 'writeresp'>

State 131 <SV = 130> <Delay = 3.65>
ST_131 : Operation 431 [86/104] (3.65ns)   --->   "%empty_161 = writeresp i1 @_ssdm_op_WriteResp.m_axi.p1i64, i32 %mm_video_addr_1" [/home/user/Documents/kria-vitis-platforms/kv260/platforms/vivado/kv260_ispMipiRx_vcu_DP/project/kv260_ispMipiRx_vcu_DP.runs/kv260_ispMipiRx_vcu_DP_v_frmbuf_wr_0_1_synth_1/prj/sol/.autopilot/db/v_frmbuf_wr.cpp:1135]   --->   Operation 431 'writeresp' 'empty_161' <Predicate = true> <Delay = 3.65> <CoreInst = "m_axi">   --->   Core 121 'm_axi' <Latency = 0> <II = 1> <Delay = 1.00> <Adapter> <Opcode : 'read' 'write' 'readreq' 'writereq' 'writeresp'>

State 132 <SV = 131> <Delay = 3.65>
ST_132 : Operation 432 [85/104] (3.65ns)   --->   "%empty_161 = writeresp i1 @_ssdm_op_WriteResp.m_axi.p1i64, i32 %mm_video_addr_1" [/home/user/Documents/kria-vitis-platforms/kv260/platforms/vivado/kv260_ispMipiRx_vcu_DP/project/kv260_ispMipiRx_vcu_DP.runs/kv260_ispMipiRx_vcu_DP_v_frmbuf_wr_0_1_synth_1/prj/sol/.autopilot/db/v_frmbuf_wr.cpp:1135]   --->   Operation 432 'writeresp' 'empty_161' <Predicate = true> <Delay = 3.65> <CoreInst = "m_axi">   --->   Core 121 'm_axi' <Latency = 0> <II = 1> <Delay = 1.00> <Adapter> <Opcode : 'read' 'write' 'readreq' 'writereq' 'writeresp'>

State 133 <SV = 132> <Delay = 3.65>
ST_133 : Operation 433 [84/104] (3.65ns)   --->   "%empty_161 = writeresp i1 @_ssdm_op_WriteResp.m_axi.p1i64, i32 %mm_video_addr_1" [/home/user/Documents/kria-vitis-platforms/kv260/platforms/vivado/kv260_ispMipiRx_vcu_DP/project/kv260_ispMipiRx_vcu_DP.runs/kv260_ispMipiRx_vcu_DP_v_frmbuf_wr_0_1_synth_1/prj/sol/.autopilot/db/v_frmbuf_wr.cpp:1135]   --->   Operation 433 'writeresp' 'empty_161' <Predicate = true> <Delay = 3.65> <CoreInst = "m_axi">   --->   Core 121 'm_axi' <Latency = 0> <II = 1> <Delay = 1.00> <Adapter> <Opcode : 'read' 'write' 'readreq' 'writereq' 'writeresp'>

State 134 <SV = 133> <Delay = 3.65>
ST_134 : Operation 434 [83/104] (3.65ns)   --->   "%empty_161 = writeresp i1 @_ssdm_op_WriteResp.m_axi.p1i64, i32 %mm_video_addr_1" [/home/user/Documents/kria-vitis-platforms/kv260/platforms/vivado/kv260_ispMipiRx_vcu_DP/project/kv260_ispMipiRx_vcu_DP.runs/kv260_ispMipiRx_vcu_DP_v_frmbuf_wr_0_1_synth_1/prj/sol/.autopilot/db/v_frmbuf_wr.cpp:1135]   --->   Operation 434 'writeresp' 'empty_161' <Predicate = true> <Delay = 3.65> <CoreInst = "m_axi">   --->   Core 121 'm_axi' <Latency = 0> <II = 1> <Delay = 1.00> <Adapter> <Opcode : 'read' 'write' 'readreq' 'writereq' 'writeresp'>

State 135 <SV = 134> <Delay = 3.65>
ST_135 : Operation 435 [82/104] (3.65ns)   --->   "%empty_161 = writeresp i1 @_ssdm_op_WriteResp.m_axi.p1i64, i32 %mm_video_addr_1" [/home/user/Documents/kria-vitis-platforms/kv260/platforms/vivado/kv260_ispMipiRx_vcu_DP/project/kv260_ispMipiRx_vcu_DP.runs/kv260_ispMipiRx_vcu_DP_v_frmbuf_wr_0_1_synth_1/prj/sol/.autopilot/db/v_frmbuf_wr.cpp:1135]   --->   Operation 435 'writeresp' 'empty_161' <Predicate = true> <Delay = 3.65> <CoreInst = "m_axi">   --->   Core 121 'm_axi' <Latency = 0> <II = 1> <Delay = 1.00> <Adapter> <Opcode : 'read' 'write' 'readreq' 'writereq' 'writeresp'>

State 136 <SV = 135> <Delay = 3.65>
ST_136 : Operation 436 [81/104] (3.65ns)   --->   "%empty_161 = writeresp i1 @_ssdm_op_WriteResp.m_axi.p1i64, i32 %mm_video_addr_1" [/home/user/Documents/kria-vitis-platforms/kv260/platforms/vivado/kv260_ispMipiRx_vcu_DP/project/kv260_ispMipiRx_vcu_DP.runs/kv260_ispMipiRx_vcu_DP_v_frmbuf_wr_0_1_synth_1/prj/sol/.autopilot/db/v_frmbuf_wr.cpp:1135]   --->   Operation 436 'writeresp' 'empty_161' <Predicate = true> <Delay = 3.65> <CoreInst = "m_axi">   --->   Core 121 'm_axi' <Latency = 0> <II = 1> <Delay = 1.00> <Adapter> <Opcode : 'read' 'write' 'readreq' 'writereq' 'writeresp'>

State 137 <SV = 136> <Delay = 3.65>
ST_137 : Operation 437 [80/104] (3.65ns)   --->   "%empty_161 = writeresp i1 @_ssdm_op_WriteResp.m_axi.p1i64, i32 %mm_video_addr_1" [/home/user/Documents/kria-vitis-platforms/kv260/platforms/vivado/kv260_ispMipiRx_vcu_DP/project/kv260_ispMipiRx_vcu_DP.runs/kv260_ispMipiRx_vcu_DP_v_frmbuf_wr_0_1_synth_1/prj/sol/.autopilot/db/v_frmbuf_wr.cpp:1135]   --->   Operation 437 'writeresp' 'empty_161' <Predicate = true> <Delay = 3.65> <CoreInst = "m_axi">   --->   Core 121 'm_axi' <Latency = 0> <II = 1> <Delay = 1.00> <Adapter> <Opcode : 'read' 'write' 'readreq' 'writereq' 'writeresp'>

State 138 <SV = 137> <Delay = 3.65>
ST_138 : Operation 438 [79/104] (3.65ns)   --->   "%empty_161 = writeresp i1 @_ssdm_op_WriteResp.m_axi.p1i64, i32 %mm_video_addr_1" [/home/user/Documents/kria-vitis-platforms/kv260/platforms/vivado/kv260_ispMipiRx_vcu_DP/project/kv260_ispMipiRx_vcu_DP.runs/kv260_ispMipiRx_vcu_DP_v_frmbuf_wr_0_1_synth_1/prj/sol/.autopilot/db/v_frmbuf_wr.cpp:1135]   --->   Operation 438 'writeresp' 'empty_161' <Predicate = true> <Delay = 3.65> <CoreInst = "m_axi">   --->   Core 121 'm_axi' <Latency = 0> <II = 1> <Delay = 1.00> <Adapter> <Opcode : 'read' 'write' 'readreq' 'writereq' 'writeresp'>

State 139 <SV = 138> <Delay = 3.65>
ST_139 : Operation 439 [78/104] (3.65ns)   --->   "%empty_161 = writeresp i1 @_ssdm_op_WriteResp.m_axi.p1i64, i32 %mm_video_addr_1" [/home/user/Documents/kria-vitis-platforms/kv260/platforms/vivado/kv260_ispMipiRx_vcu_DP/project/kv260_ispMipiRx_vcu_DP.runs/kv260_ispMipiRx_vcu_DP_v_frmbuf_wr_0_1_synth_1/prj/sol/.autopilot/db/v_frmbuf_wr.cpp:1135]   --->   Operation 439 'writeresp' 'empty_161' <Predicate = true> <Delay = 3.65> <CoreInst = "m_axi">   --->   Core 121 'm_axi' <Latency = 0> <II = 1> <Delay = 1.00> <Adapter> <Opcode : 'read' 'write' 'readreq' 'writereq' 'writeresp'>

State 140 <SV = 139> <Delay = 3.65>
ST_140 : Operation 440 [77/104] (3.65ns)   --->   "%empty_161 = writeresp i1 @_ssdm_op_WriteResp.m_axi.p1i64, i32 %mm_video_addr_1" [/home/user/Documents/kria-vitis-platforms/kv260/platforms/vivado/kv260_ispMipiRx_vcu_DP/project/kv260_ispMipiRx_vcu_DP.runs/kv260_ispMipiRx_vcu_DP_v_frmbuf_wr_0_1_synth_1/prj/sol/.autopilot/db/v_frmbuf_wr.cpp:1135]   --->   Operation 440 'writeresp' 'empty_161' <Predicate = true> <Delay = 3.65> <CoreInst = "m_axi">   --->   Core 121 'm_axi' <Latency = 0> <II = 1> <Delay = 1.00> <Adapter> <Opcode : 'read' 'write' 'readreq' 'writereq' 'writeresp'>

State 141 <SV = 140> <Delay = 3.65>
ST_141 : Operation 441 [76/104] (3.65ns)   --->   "%empty_161 = writeresp i1 @_ssdm_op_WriteResp.m_axi.p1i64, i32 %mm_video_addr_1" [/home/user/Documents/kria-vitis-platforms/kv260/platforms/vivado/kv260_ispMipiRx_vcu_DP/project/kv260_ispMipiRx_vcu_DP.runs/kv260_ispMipiRx_vcu_DP_v_frmbuf_wr_0_1_synth_1/prj/sol/.autopilot/db/v_frmbuf_wr.cpp:1135]   --->   Operation 441 'writeresp' 'empty_161' <Predicate = true> <Delay = 3.65> <CoreInst = "m_axi">   --->   Core 121 'm_axi' <Latency = 0> <II = 1> <Delay = 1.00> <Adapter> <Opcode : 'read' 'write' 'readreq' 'writereq' 'writeresp'>

State 142 <SV = 141> <Delay = 3.65>
ST_142 : Operation 442 [75/104] (3.65ns)   --->   "%empty_161 = writeresp i1 @_ssdm_op_WriteResp.m_axi.p1i64, i32 %mm_video_addr_1" [/home/user/Documents/kria-vitis-platforms/kv260/platforms/vivado/kv260_ispMipiRx_vcu_DP/project/kv260_ispMipiRx_vcu_DP.runs/kv260_ispMipiRx_vcu_DP_v_frmbuf_wr_0_1_synth_1/prj/sol/.autopilot/db/v_frmbuf_wr.cpp:1135]   --->   Operation 442 'writeresp' 'empty_161' <Predicate = true> <Delay = 3.65> <CoreInst = "m_axi">   --->   Core 121 'm_axi' <Latency = 0> <II = 1> <Delay = 1.00> <Adapter> <Opcode : 'read' 'write' 'readreq' 'writereq' 'writeresp'>

State 143 <SV = 142> <Delay = 3.65>
ST_143 : Operation 443 [74/104] (3.65ns)   --->   "%empty_161 = writeresp i1 @_ssdm_op_WriteResp.m_axi.p1i64, i32 %mm_video_addr_1" [/home/user/Documents/kria-vitis-platforms/kv260/platforms/vivado/kv260_ispMipiRx_vcu_DP/project/kv260_ispMipiRx_vcu_DP.runs/kv260_ispMipiRx_vcu_DP_v_frmbuf_wr_0_1_synth_1/prj/sol/.autopilot/db/v_frmbuf_wr.cpp:1135]   --->   Operation 443 'writeresp' 'empty_161' <Predicate = true> <Delay = 3.65> <CoreInst = "m_axi">   --->   Core 121 'm_axi' <Latency = 0> <II = 1> <Delay = 1.00> <Adapter> <Opcode : 'read' 'write' 'readreq' 'writereq' 'writeresp'>

State 144 <SV = 143> <Delay = 3.65>
ST_144 : Operation 444 [73/104] (3.65ns)   --->   "%empty_161 = writeresp i1 @_ssdm_op_WriteResp.m_axi.p1i64, i32 %mm_video_addr_1" [/home/user/Documents/kria-vitis-platforms/kv260/platforms/vivado/kv260_ispMipiRx_vcu_DP/project/kv260_ispMipiRx_vcu_DP.runs/kv260_ispMipiRx_vcu_DP_v_frmbuf_wr_0_1_synth_1/prj/sol/.autopilot/db/v_frmbuf_wr.cpp:1135]   --->   Operation 444 'writeresp' 'empty_161' <Predicate = true> <Delay = 3.65> <CoreInst = "m_axi">   --->   Core 121 'm_axi' <Latency = 0> <II = 1> <Delay = 1.00> <Adapter> <Opcode : 'read' 'write' 'readreq' 'writereq' 'writeresp'>

State 145 <SV = 144> <Delay = 3.65>
ST_145 : Operation 445 [72/104] (3.65ns)   --->   "%empty_161 = writeresp i1 @_ssdm_op_WriteResp.m_axi.p1i64, i32 %mm_video_addr_1" [/home/user/Documents/kria-vitis-platforms/kv260/platforms/vivado/kv260_ispMipiRx_vcu_DP/project/kv260_ispMipiRx_vcu_DP.runs/kv260_ispMipiRx_vcu_DP_v_frmbuf_wr_0_1_synth_1/prj/sol/.autopilot/db/v_frmbuf_wr.cpp:1135]   --->   Operation 445 'writeresp' 'empty_161' <Predicate = true> <Delay = 3.65> <CoreInst = "m_axi">   --->   Core 121 'm_axi' <Latency = 0> <II = 1> <Delay = 1.00> <Adapter> <Opcode : 'read' 'write' 'readreq' 'writereq' 'writeresp'>

State 146 <SV = 145> <Delay = 3.65>
ST_146 : Operation 446 [71/104] (3.65ns)   --->   "%empty_161 = writeresp i1 @_ssdm_op_WriteResp.m_axi.p1i64, i32 %mm_video_addr_1" [/home/user/Documents/kria-vitis-platforms/kv260/platforms/vivado/kv260_ispMipiRx_vcu_DP/project/kv260_ispMipiRx_vcu_DP.runs/kv260_ispMipiRx_vcu_DP_v_frmbuf_wr_0_1_synth_1/prj/sol/.autopilot/db/v_frmbuf_wr.cpp:1135]   --->   Operation 446 'writeresp' 'empty_161' <Predicate = true> <Delay = 3.65> <CoreInst = "m_axi">   --->   Core 121 'm_axi' <Latency = 0> <II = 1> <Delay = 1.00> <Adapter> <Opcode : 'read' 'write' 'readreq' 'writereq' 'writeresp'>

State 147 <SV = 146> <Delay = 3.65>
ST_147 : Operation 447 [70/104] (3.65ns)   --->   "%empty_161 = writeresp i1 @_ssdm_op_WriteResp.m_axi.p1i64, i32 %mm_video_addr_1" [/home/user/Documents/kria-vitis-platforms/kv260/platforms/vivado/kv260_ispMipiRx_vcu_DP/project/kv260_ispMipiRx_vcu_DP.runs/kv260_ispMipiRx_vcu_DP_v_frmbuf_wr_0_1_synth_1/prj/sol/.autopilot/db/v_frmbuf_wr.cpp:1135]   --->   Operation 447 'writeresp' 'empty_161' <Predicate = true> <Delay = 3.65> <CoreInst = "m_axi">   --->   Core 121 'm_axi' <Latency = 0> <II = 1> <Delay = 1.00> <Adapter> <Opcode : 'read' 'write' 'readreq' 'writereq' 'writeresp'>

State 148 <SV = 147> <Delay = 3.65>
ST_148 : Operation 448 [69/104] (3.65ns)   --->   "%empty_161 = writeresp i1 @_ssdm_op_WriteResp.m_axi.p1i64, i32 %mm_video_addr_1" [/home/user/Documents/kria-vitis-platforms/kv260/platforms/vivado/kv260_ispMipiRx_vcu_DP/project/kv260_ispMipiRx_vcu_DP.runs/kv260_ispMipiRx_vcu_DP_v_frmbuf_wr_0_1_synth_1/prj/sol/.autopilot/db/v_frmbuf_wr.cpp:1135]   --->   Operation 448 'writeresp' 'empty_161' <Predicate = true> <Delay = 3.65> <CoreInst = "m_axi">   --->   Core 121 'm_axi' <Latency = 0> <II = 1> <Delay = 1.00> <Adapter> <Opcode : 'read' 'write' 'readreq' 'writereq' 'writeresp'>

State 149 <SV = 148> <Delay = 3.65>
ST_149 : Operation 449 [68/104] (3.65ns)   --->   "%empty_161 = writeresp i1 @_ssdm_op_WriteResp.m_axi.p1i64, i32 %mm_video_addr_1" [/home/user/Documents/kria-vitis-platforms/kv260/platforms/vivado/kv260_ispMipiRx_vcu_DP/project/kv260_ispMipiRx_vcu_DP.runs/kv260_ispMipiRx_vcu_DP_v_frmbuf_wr_0_1_synth_1/prj/sol/.autopilot/db/v_frmbuf_wr.cpp:1135]   --->   Operation 449 'writeresp' 'empty_161' <Predicate = true> <Delay = 3.65> <CoreInst = "m_axi">   --->   Core 121 'm_axi' <Latency = 0> <II = 1> <Delay = 1.00> <Adapter> <Opcode : 'read' 'write' 'readreq' 'writereq' 'writeresp'>

State 150 <SV = 149> <Delay = 3.65>
ST_150 : Operation 450 [67/104] (3.65ns)   --->   "%empty_161 = writeresp i1 @_ssdm_op_WriteResp.m_axi.p1i64, i32 %mm_video_addr_1" [/home/user/Documents/kria-vitis-platforms/kv260/platforms/vivado/kv260_ispMipiRx_vcu_DP/project/kv260_ispMipiRx_vcu_DP.runs/kv260_ispMipiRx_vcu_DP_v_frmbuf_wr_0_1_synth_1/prj/sol/.autopilot/db/v_frmbuf_wr.cpp:1135]   --->   Operation 450 'writeresp' 'empty_161' <Predicate = true> <Delay = 3.65> <CoreInst = "m_axi">   --->   Core 121 'm_axi' <Latency = 0> <II = 1> <Delay = 1.00> <Adapter> <Opcode : 'read' 'write' 'readreq' 'writereq' 'writeresp'>

State 151 <SV = 150> <Delay = 3.65>
ST_151 : Operation 451 [66/104] (3.65ns)   --->   "%empty_161 = writeresp i1 @_ssdm_op_WriteResp.m_axi.p1i64, i32 %mm_video_addr_1" [/home/user/Documents/kria-vitis-platforms/kv260/platforms/vivado/kv260_ispMipiRx_vcu_DP/project/kv260_ispMipiRx_vcu_DP.runs/kv260_ispMipiRx_vcu_DP_v_frmbuf_wr_0_1_synth_1/prj/sol/.autopilot/db/v_frmbuf_wr.cpp:1135]   --->   Operation 451 'writeresp' 'empty_161' <Predicate = true> <Delay = 3.65> <CoreInst = "m_axi">   --->   Core 121 'm_axi' <Latency = 0> <II = 1> <Delay = 1.00> <Adapter> <Opcode : 'read' 'write' 'readreq' 'writereq' 'writeresp'>

State 152 <SV = 151> <Delay = 3.65>
ST_152 : Operation 452 [65/104] (3.65ns)   --->   "%empty_161 = writeresp i1 @_ssdm_op_WriteResp.m_axi.p1i64, i32 %mm_video_addr_1" [/home/user/Documents/kria-vitis-platforms/kv260/platforms/vivado/kv260_ispMipiRx_vcu_DP/project/kv260_ispMipiRx_vcu_DP.runs/kv260_ispMipiRx_vcu_DP_v_frmbuf_wr_0_1_synth_1/prj/sol/.autopilot/db/v_frmbuf_wr.cpp:1135]   --->   Operation 452 'writeresp' 'empty_161' <Predicate = true> <Delay = 3.65> <CoreInst = "m_axi">   --->   Core 121 'm_axi' <Latency = 0> <II = 1> <Delay = 1.00> <Adapter> <Opcode : 'read' 'write' 'readreq' 'writereq' 'writeresp'>

State 153 <SV = 152> <Delay = 3.65>
ST_153 : Operation 453 [64/104] (3.65ns)   --->   "%empty_161 = writeresp i1 @_ssdm_op_WriteResp.m_axi.p1i64, i32 %mm_video_addr_1" [/home/user/Documents/kria-vitis-platforms/kv260/platforms/vivado/kv260_ispMipiRx_vcu_DP/project/kv260_ispMipiRx_vcu_DP.runs/kv260_ispMipiRx_vcu_DP_v_frmbuf_wr_0_1_synth_1/prj/sol/.autopilot/db/v_frmbuf_wr.cpp:1135]   --->   Operation 453 'writeresp' 'empty_161' <Predicate = true> <Delay = 3.65> <CoreInst = "m_axi">   --->   Core 121 'm_axi' <Latency = 0> <II = 1> <Delay = 1.00> <Adapter> <Opcode : 'read' 'write' 'readreq' 'writereq' 'writeresp'>

State 154 <SV = 153> <Delay = 3.65>
ST_154 : Operation 454 [63/104] (3.65ns)   --->   "%empty_161 = writeresp i1 @_ssdm_op_WriteResp.m_axi.p1i64, i32 %mm_video_addr_1" [/home/user/Documents/kria-vitis-platforms/kv260/platforms/vivado/kv260_ispMipiRx_vcu_DP/project/kv260_ispMipiRx_vcu_DP.runs/kv260_ispMipiRx_vcu_DP_v_frmbuf_wr_0_1_synth_1/prj/sol/.autopilot/db/v_frmbuf_wr.cpp:1135]   --->   Operation 454 'writeresp' 'empty_161' <Predicate = true> <Delay = 3.65> <CoreInst = "m_axi">   --->   Core 121 'm_axi' <Latency = 0> <II = 1> <Delay = 1.00> <Adapter> <Opcode : 'read' 'write' 'readreq' 'writereq' 'writeresp'>

State 155 <SV = 154> <Delay = 3.65>
ST_155 : Operation 455 [62/104] (3.65ns)   --->   "%empty_161 = writeresp i1 @_ssdm_op_WriteResp.m_axi.p1i64, i32 %mm_video_addr_1" [/home/user/Documents/kria-vitis-platforms/kv260/platforms/vivado/kv260_ispMipiRx_vcu_DP/project/kv260_ispMipiRx_vcu_DP.runs/kv260_ispMipiRx_vcu_DP_v_frmbuf_wr_0_1_synth_1/prj/sol/.autopilot/db/v_frmbuf_wr.cpp:1135]   --->   Operation 455 'writeresp' 'empty_161' <Predicate = true> <Delay = 3.65> <CoreInst = "m_axi">   --->   Core 121 'm_axi' <Latency = 0> <II = 1> <Delay = 1.00> <Adapter> <Opcode : 'read' 'write' 'readreq' 'writereq' 'writeresp'>

State 156 <SV = 155> <Delay = 3.65>
ST_156 : Operation 456 [61/104] (3.65ns)   --->   "%empty_161 = writeresp i1 @_ssdm_op_WriteResp.m_axi.p1i64, i32 %mm_video_addr_1" [/home/user/Documents/kria-vitis-platforms/kv260/platforms/vivado/kv260_ispMipiRx_vcu_DP/project/kv260_ispMipiRx_vcu_DP.runs/kv260_ispMipiRx_vcu_DP_v_frmbuf_wr_0_1_synth_1/prj/sol/.autopilot/db/v_frmbuf_wr.cpp:1135]   --->   Operation 456 'writeresp' 'empty_161' <Predicate = true> <Delay = 3.65> <CoreInst = "m_axi">   --->   Core 121 'm_axi' <Latency = 0> <II = 1> <Delay = 1.00> <Adapter> <Opcode : 'read' 'write' 'readreq' 'writereq' 'writeresp'>

State 157 <SV = 156> <Delay = 3.65>
ST_157 : Operation 457 [60/104] (3.65ns)   --->   "%empty_161 = writeresp i1 @_ssdm_op_WriteResp.m_axi.p1i64, i32 %mm_video_addr_1" [/home/user/Documents/kria-vitis-platforms/kv260/platforms/vivado/kv260_ispMipiRx_vcu_DP/project/kv260_ispMipiRx_vcu_DP.runs/kv260_ispMipiRx_vcu_DP_v_frmbuf_wr_0_1_synth_1/prj/sol/.autopilot/db/v_frmbuf_wr.cpp:1135]   --->   Operation 457 'writeresp' 'empty_161' <Predicate = true> <Delay = 3.65> <CoreInst = "m_axi">   --->   Core 121 'm_axi' <Latency = 0> <II = 1> <Delay = 1.00> <Adapter> <Opcode : 'read' 'write' 'readreq' 'writereq' 'writeresp'>

State 158 <SV = 157> <Delay = 3.65>
ST_158 : Operation 458 [59/104] (3.65ns)   --->   "%empty_161 = writeresp i1 @_ssdm_op_WriteResp.m_axi.p1i64, i32 %mm_video_addr_1" [/home/user/Documents/kria-vitis-platforms/kv260/platforms/vivado/kv260_ispMipiRx_vcu_DP/project/kv260_ispMipiRx_vcu_DP.runs/kv260_ispMipiRx_vcu_DP_v_frmbuf_wr_0_1_synth_1/prj/sol/.autopilot/db/v_frmbuf_wr.cpp:1135]   --->   Operation 458 'writeresp' 'empty_161' <Predicate = true> <Delay = 3.65> <CoreInst = "m_axi">   --->   Core 121 'm_axi' <Latency = 0> <II = 1> <Delay = 1.00> <Adapter> <Opcode : 'read' 'write' 'readreq' 'writereq' 'writeresp'>

State 159 <SV = 158> <Delay = 3.65>
ST_159 : Operation 459 [58/104] (3.65ns)   --->   "%empty_161 = writeresp i1 @_ssdm_op_WriteResp.m_axi.p1i64, i32 %mm_video_addr_1" [/home/user/Documents/kria-vitis-platforms/kv260/platforms/vivado/kv260_ispMipiRx_vcu_DP/project/kv260_ispMipiRx_vcu_DP.runs/kv260_ispMipiRx_vcu_DP_v_frmbuf_wr_0_1_synth_1/prj/sol/.autopilot/db/v_frmbuf_wr.cpp:1135]   --->   Operation 459 'writeresp' 'empty_161' <Predicate = true> <Delay = 3.65> <CoreInst = "m_axi">   --->   Core 121 'm_axi' <Latency = 0> <II = 1> <Delay = 1.00> <Adapter> <Opcode : 'read' 'write' 'readreq' 'writereq' 'writeresp'>

State 160 <SV = 159> <Delay = 3.65>
ST_160 : Operation 460 [57/104] (3.65ns)   --->   "%empty_161 = writeresp i1 @_ssdm_op_WriteResp.m_axi.p1i64, i32 %mm_video_addr_1" [/home/user/Documents/kria-vitis-platforms/kv260/platforms/vivado/kv260_ispMipiRx_vcu_DP/project/kv260_ispMipiRx_vcu_DP.runs/kv260_ispMipiRx_vcu_DP_v_frmbuf_wr_0_1_synth_1/prj/sol/.autopilot/db/v_frmbuf_wr.cpp:1135]   --->   Operation 460 'writeresp' 'empty_161' <Predicate = true> <Delay = 3.65> <CoreInst = "m_axi">   --->   Core 121 'm_axi' <Latency = 0> <II = 1> <Delay = 1.00> <Adapter> <Opcode : 'read' 'write' 'readreq' 'writereq' 'writeresp'>

State 161 <SV = 160> <Delay = 3.65>
ST_161 : Operation 461 [56/104] (3.65ns)   --->   "%empty_161 = writeresp i1 @_ssdm_op_WriteResp.m_axi.p1i64, i32 %mm_video_addr_1" [/home/user/Documents/kria-vitis-platforms/kv260/platforms/vivado/kv260_ispMipiRx_vcu_DP/project/kv260_ispMipiRx_vcu_DP.runs/kv260_ispMipiRx_vcu_DP_v_frmbuf_wr_0_1_synth_1/prj/sol/.autopilot/db/v_frmbuf_wr.cpp:1135]   --->   Operation 461 'writeresp' 'empty_161' <Predicate = true> <Delay = 3.65> <CoreInst = "m_axi">   --->   Core 121 'm_axi' <Latency = 0> <II = 1> <Delay = 1.00> <Adapter> <Opcode : 'read' 'write' 'readreq' 'writereq' 'writeresp'>

State 162 <SV = 161> <Delay = 3.65>
ST_162 : Operation 462 [55/104] (3.65ns)   --->   "%empty_161 = writeresp i1 @_ssdm_op_WriteResp.m_axi.p1i64, i32 %mm_video_addr_1" [/home/user/Documents/kria-vitis-platforms/kv260/platforms/vivado/kv260_ispMipiRx_vcu_DP/project/kv260_ispMipiRx_vcu_DP.runs/kv260_ispMipiRx_vcu_DP_v_frmbuf_wr_0_1_synth_1/prj/sol/.autopilot/db/v_frmbuf_wr.cpp:1135]   --->   Operation 462 'writeresp' 'empty_161' <Predicate = true> <Delay = 3.65> <CoreInst = "m_axi">   --->   Core 121 'm_axi' <Latency = 0> <II = 1> <Delay = 1.00> <Adapter> <Opcode : 'read' 'write' 'readreq' 'writereq' 'writeresp'>

State 163 <SV = 162> <Delay = 3.65>
ST_163 : Operation 463 [54/104] (3.65ns)   --->   "%empty_161 = writeresp i1 @_ssdm_op_WriteResp.m_axi.p1i64, i32 %mm_video_addr_1" [/home/user/Documents/kria-vitis-platforms/kv260/platforms/vivado/kv260_ispMipiRx_vcu_DP/project/kv260_ispMipiRx_vcu_DP.runs/kv260_ispMipiRx_vcu_DP_v_frmbuf_wr_0_1_synth_1/prj/sol/.autopilot/db/v_frmbuf_wr.cpp:1135]   --->   Operation 463 'writeresp' 'empty_161' <Predicate = true> <Delay = 3.65> <CoreInst = "m_axi">   --->   Core 121 'm_axi' <Latency = 0> <II = 1> <Delay = 1.00> <Adapter> <Opcode : 'read' 'write' 'readreq' 'writereq' 'writeresp'>

State 164 <SV = 163> <Delay = 3.65>
ST_164 : Operation 464 [53/104] (3.65ns)   --->   "%empty_161 = writeresp i1 @_ssdm_op_WriteResp.m_axi.p1i64, i32 %mm_video_addr_1" [/home/user/Documents/kria-vitis-platforms/kv260/platforms/vivado/kv260_ispMipiRx_vcu_DP/project/kv260_ispMipiRx_vcu_DP.runs/kv260_ispMipiRx_vcu_DP_v_frmbuf_wr_0_1_synth_1/prj/sol/.autopilot/db/v_frmbuf_wr.cpp:1135]   --->   Operation 464 'writeresp' 'empty_161' <Predicate = true> <Delay = 3.65> <CoreInst = "m_axi">   --->   Core 121 'm_axi' <Latency = 0> <II = 1> <Delay = 1.00> <Adapter> <Opcode : 'read' 'write' 'readreq' 'writereq' 'writeresp'>

State 165 <SV = 164> <Delay = 3.65>
ST_165 : Operation 465 [52/104] (3.65ns)   --->   "%empty_161 = writeresp i1 @_ssdm_op_WriteResp.m_axi.p1i64, i32 %mm_video_addr_1" [/home/user/Documents/kria-vitis-platforms/kv260/platforms/vivado/kv260_ispMipiRx_vcu_DP/project/kv260_ispMipiRx_vcu_DP.runs/kv260_ispMipiRx_vcu_DP_v_frmbuf_wr_0_1_synth_1/prj/sol/.autopilot/db/v_frmbuf_wr.cpp:1135]   --->   Operation 465 'writeresp' 'empty_161' <Predicate = true> <Delay = 3.65> <CoreInst = "m_axi">   --->   Core 121 'm_axi' <Latency = 0> <II = 1> <Delay = 1.00> <Adapter> <Opcode : 'read' 'write' 'readreq' 'writereq' 'writeresp'>

State 166 <SV = 165> <Delay = 3.65>
ST_166 : Operation 466 [51/104] (3.65ns)   --->   "%empty_161 = writeresp i1 @_ssdm_op_WriteResp.m_axi.p1i64, i32 %mm_video_addr_1" [/home/user/Documents/kria-vitis-platforms/kv260/platforms/vivado/kv260_ispMipiRx_vcu_DP/project/kv260_ispMipiRx_vcu_DP.runs/kv260_ispMipiRx_vcu_DP_v_frmbuf_wr_0_1_synth_1/prj/sol/.autopilot/db/v_frmbuf_wr.cpp:1135]   --->   Operation 466 'writeresp' 'empty_161' <Predicate = true> <Delay = 3.65> <CoreInst = "m_axi">   --->   Core 121 'm_axi' <Latency = 0> <II = 1> <Delay = 1.00> <Adapter> <Opcode : 'read' 'write' 'readreq' 'writereq' 'writeresp'>

State 167 <SV = 166> <Delay = 3.65>
ST_167 : Operation 467 [50/104] (3.65ns)   --->   "%empty_161 = writeresp i1 @_ssdm_op_WriteResp.m_axi.p1i64, i32 %mm_video_addr_1" [/home/user/Documents/kria-vitis-platforms/kv260/platforms/vivado/kv260_ispMipiRx_vcu_DP/project/kv260_ispMipiRx_vcu_DP.runs/kv260_ispMipiRx_vcu_DP_v_frmbuf_wr_0_1_synth_1/prj/sol/.autopilot/db/v_frmbuf_wr.cpp:1135]   --->   Operation 467 'writeresp' 'empty_161' <Predicate = true> <Delay = 3.65> <CoreInst = "m_axi">   --->   Core 121 'm_axi' <Latency = 0> <II = 1> <Delay = 1.00> <Adapter> <Opcode : 'read' 'write' 'readreq' 'writereq' 'writeresp'>

State 168 <SV = 167> <Delay = 3.65>
ST_168 : Operation 468 [49/104] (3.65ns)   --->   "%empty_161 = writeresp i1 @_ssdm_op_WriteResp.m_axi.p1i64, i32 %mm_video_addr_1" [/home/user/Documents/kria-vitis-platforms/kv260/platforms/vivado/kv260_ispMipiRx_vcu_DP/project/kv260_ispMipiRx_vcu_DP.runs/kv260_ispMipiRx_vcu_DP_v_frmbuf_wr_0_1_synth_1/prj/sol/.autopilot/db/v_frmbuf_wr.cpp:1135]   --->   Operation 468 'writeresp' 'empty_161' <Predicate = true> <Delay = 3.65> <CoreInst = "m_axi">   --->   Core 121 'm_axi' <Latency = 0> <II = 1> <Delay = 1.00> <Adapter> <Opcode : 'read' 'write' 'readreq' 'writereq' 'writeresp'>

State 169 <SV = 168> <Delay = 3.65>
ST_169 : Operation 469 [48/104] (3.65ns)   --->   "%empty_161 = writeresp i1 @_ssdm_op_WriteResp.m_axi.p1i64, i32 %mm_video_addr_1" [/home/user/Documents/kria-vitis-platforms/kv260/platforms/vivado/kv260_ispMipiRx_vcu_DP/project/kv260_ispMipiRx_vcu_DP.runs/kv260_ispMipiRx_vcu_DP_v_frmbuf_wr_0_1_synth_1/prj/sol/.autopilot/db/v_frmbuf_wr.cpp:1135]   --->   Operation 469 'writeresp' 'empty_161' <Predicate = true> <Delay = 3.65> <CoreInst = "m_axi">   --->   Core 121 'm_axi' <Latency = 0> <II = 1> <Delay = 1.00> <Adapter> <Opcode : 'read' 'write' 'readreq' 'writereq' 'writeresp'>

State 170 <SV = 169> <Delay = 3.65>
ST_170 : Operation 470 [47/104] (3.65ns)   --->   "%empty_161 = writeresp i1 @_ssdm_op_WriteResp.m_axi.p1i64, i32 %mm_video_addr_1" [/home/user/Documents/kria-vitis-platforms/kv260/platforms/vivado/kv260_ispMipiRx_vcu_DP/project/kv260_ispMipiRx_vcu_DP.runs/kv260_ispMipiRx_vcu_DP_v_frmbuf_wr_0_1_synth_1/prj/sol/.autopilot/db/v_frmbuf_wr.cpp:1135]   --->   Operation 470 'writeresp' 'empty_161' <Predicate = true> <Delay = 3.65> <CoreInst = "m_axi">   --->   Core 121 'm_axi' <Latency = 0> <II = 1> <Delay = 1.00> <Adapter> <Opcode : 'read' 'write' 'readreq' 'writereq' 'writeresp'>

State 171 <SV = 170> <Delay = 3.65>
ST_171 : Operation 471 [46/104] (3.65ns)   --->   "%empty_161 = writeresp i1 @_ssdm_op_WriteResp.m_axi.p1i64, i32 %mm_video_addr_1" [/home/user/Documents/kria-vitis-platforms/kv260/platforms/vivado/kv260_ispMipiRx_vcu_DP/project/kv260_ispMipiRx_vcu_DP.runs/kv260_ispMipiRx_vcu_DP_v_frmbuf_wr_0_1_synth_1/prj/sol/.autopilot/db/v_frmbuf_wr.cpp:1135]   --->   Operation 471 'writeresp' 'empty_161' <Predicate = true> <Delay = 3.65> <CoreInst = "m_axi">   --->   Core 121 'm_axi' <Latency = 0> <II = 1> <Delay = 1.00> <Adapter> <Opcode : 'read' 'write' 'readreq' 'writereq' 'writeresp'>

State 172 <SV = 171> <Delay = 3.65>
ST_172 : Operation 472 [45/104] (3.65ns)   --->   "%empty_161 = writeresp i1 @_ssdm_op_WriteResp.m_axi.p1i64, i32 %mm_video_addr_1" [/home/user/Documents/kria-vitis-platforms/kv260/platforms/vivado/kv260_ispMipiRx_vcu_DP/project/kv260_ispMipiRx_vcu_DP.runs/kv260_ispMipiRx_vcu_DP_v_frmbuf_wr_0_1_synth_1/prj/sol/.autopilot/db/v_frmbuf_wr.cpp:1135]   --->   Operation 472 'writeresp' 'empty_161' <Predicate = true> <Delay = 3.65> <CoreInst = "m_axi">   --->   Core 121 'm_axi' <Latency = 0> <II = 1> <Delay = 1.00> <Adapter> <Opcode : 'read' 'write' 'readreq' 'writereq' 'writeresp'>

State 173 <SV = 172> <Delay = 3.65>
ST_173 : Operation 473 [44/104] (3.65ns)   --->   "%empty_161 = writeresp i1 @_ssdm_op_WriteResp.m_axi.p1i64, i32 %mm_video_addr_1" [/home/user/Documents/kria-vitis-platforms/kv260/platforms/vivado/kv260_ispMipiRx_vcu_DP/project/kv260_ispMipiRx_vcu_DP.runs/kv260_ispMipiRx_vcu_DP_v_frmbuf_wr_0_1_synth_1/prj/sol/.autopilot/db/v_frmbuf_wr.cpp:1135]   --->   Operation 473 'writeresp' 'empty_161' <Predicate = true> <Delay = 3.65> <CoreInst = "m_axi">   --->   Core 121 'm_axi' <Latency = 0> <II = 1> <Delay = 1.00> <Adapter> <Opcode : 'read' 'write' 'readreq' 'writereq' 'writeresp'>

State 174 <SV = 173> <Delay = 3.65>
ST_174 : Operation 474 [43/104] (3.65ns)   --->   "%empty_161 = writeresp i1 @_ssdm_op_WriteResp.m_axi.p1i64, i32 %mm_video_addr_1" [/home/user/Documents/kria-vitis-platforms/kv260/platforms/vivado/kv260_ispMipiRx_vcu_DP/project/kv260_ispMipiRx_vcu_DP.runs/kv260_ispMipiRx_vcu_DP_v_frmbuf_wr_0_1_synth_1/prj/sol/.autopilot/db/v_frmbuf_wr.cpp:1135]   --->   Operation 474 'writeresp' 'empty_161' <Predicate = true> <Delay = 3.65> <CoreInst = "m_axi">   --->   Core 121 'm_axi' <Latency = 0> <II = 1> <Delay = 1.00> <Adapter> <Opcode : 'read' 'write' 'readreq' 'writereq' 'writeresp'>

State 175 <SV = 174> <Delay = 3.65>
ST_175 : Operation 475 [42/104] (3.65ns)   --->   "%empty_161 = writeresp i1 @_ssdm_op_WriteResp.m_axi.p1i64, i32 %mm_video_addr_1" [/home/user/Documents/kria-vitis-platforms/kv260/platforms/vivado/kv260_ispMipiRx_vcu_DP/project/kv260_ispMipiRx_vcu_DP.runs/kv260_ispMipiRx_vcu_DP_v_frmbuf_wr_0_1_synth_1/prj/sol/.autopilot/db/v_frmbuf_wr.cpp:1135]   --->   Operation 475 'writeresp' 'empty_161' <Predicate = true> <Delay = 3.65> <CoreInst = "m_axi">   --->   Core 121 'm_axi' <Latency = 0> <II = 1> <Delay = 1.00> <Adapter> <Opcode : 'read' 'write' 'readreq' 'writereq' 'writeresp'>

State 176 <SV = 175> <Delay = 3.65>
ST_176 : Operation 476 [41/104] (3.65ns)   --->   "%empty_161 = writeresp i1 @_ssdm_op_WriteResp.m_axi.p1i64, i32 %mm_video_addr_1" [/home/user/Documents/kria-vitis-platforms/kv260/platforms/vivado/kv260_ispMipiRx_vcu_DP/project/kv260_ispMipiRx_vcu_DP.runs/kv260_ispMipiRx_vcu_DP_v_frmbuf_wr_0_1_synth_1/prj/sol/.autopilot/db/v_frmbuf_wr.cpp:1135]   --->   Operation 476 'writeresp' 'empty_161' <Predicate = true> <Delay = 3.65> <CoreInst = "m_axi">   --->   Core 121 'm_axi' <Latency = 0> <II = 1> <Delay = 1.00> <Adapter> <Opcode : 'read' 'write' 'readreq' 'writereq' 'writeresp'>

State 177 <SV = 176> <Delay = 3.65>
ST_177 : Operation 477 [40/104] (3.65ns)   --->   "%empty_161 = writeresp i1 @_ssdm_op_WriteResp.m_axi.p1i64, i32 %mm_video_addr_1" [/home/user/Documents/kria-vitis-platforms/kv260/platforms/vivado/kv260_ispMipiRx_vcu_DP/project/kv260_ispMipiRx_vcu_DP.runs/kv260_ispMipiRx_vcu_DP_v_frmbuf_wr_0_1_synth_1/prj/sol/.autopilot/db/v_frmbuf_wr.cpp:1135]   --->   Operation 477 'writeresp' 'empty_161' <Predicate = true> <Delay = 3.65> <CoreInst = "m_axi">   --->   Core 121 'm_axi' <Latency = 0> <II = 1> <Delay = 1.00> <Adapter> <Opcode : 'read' 'write' 'readreq' 'writereq' 'writeresp'>

State 178 <SV = 177> <Delay = 3.65>
ST_178 : Operation 478 [39/104] (3.65ns)   --->   "%empty_161 = writeresp i1 @_ssdm_op_WriteResp.m_axi.p1i64, i32 %mm_video_addr_1" [/home/user/Documents/kria-vitis-platforms/kv260/platforms/vivado/kv260_ispMipiRx_vcu_DP/project/kv260_ispMipiRx_vcu_DP.runs/kv260_ispMipiRx_vcu_DP_v_frmbuf_wr_0_1_synth_1/prj/sol/.autopilot/db/v_frmbuf_wr.cpp:1135]   --->   Operation 478 'writeresp' 'empty_161' <Predicate = true> <Delay = 3.65> <CoreInst = "m_axi">   --->   Core 121 'm_axi' <Latency = 0> <II = 1> <Delay = 1.00> <Adapter> <Opcode : 'read' 'write' 'readreq' 'writereq' 'writeresp'>

State 179 <SV = 178> <Delay = 3.65>
ST_179 : Operation 479 [38/104] (3.65ns)   --->   "%empty_161 = writeresp i1 @_ssdm_op_WriteResp.m_axi.p1i64, i32 %mm_video_addr_1" [/home/user/Documents/kria-vitis-platforms/kv260/platforms/vivado/kv260_ispMipiRx_vcu_DP/project/kv260_ispMipiRx_vcu_DP.runs/kv260_ispMipiRx_vcu_DP_v_frmbuf_wr_0_1_synth_1/prj/sol/.autopilot/db/v_frmbuf_wr.cpp:1135]   --->   Operation 479 'writeresp' 'empty_161' <Predicate = true> <Delay = 3.65> <CoreInst = "m_axi">   --->   Core 121 'm_axi' <Latency = 0> <II = 1> <Delay = 1.00> <Adapter> <Opcode : 'read' 'write' 'readreq' 'writereq' 'writeresp'>

State 180 <SV = 179> <Delay = 3.65>
ST_180 : Operation 480 [37/104] (3.65ns)   --->   "%empty_161 = writeresp i1 @_ssdm_op_WriteResp.m_axi.p1i64, i32 %mm_video_addr_1" [/home/user/Documents/kria-vitis-platforms/kv260/platforms/vivado/kv260_ispMipiRx_vcu_DP/project/kv260_ispMipiRx_vcu_DP.runs/kv260_ispMipiRx_vcu_DP_v_frmbuf_wr_0_1_synth_1/prj/sol/.autopilot/db/v_frmbuf_wr.cpp:1135]   --->   Operation 480 'writeresp' 'empty_161' <Predicate = true> <Delay = 3.65> <CoreInst = "m_axi">   --->   Core 121 'm_axi' <Latency = 0> <II = 1> <Delay = 1.00> <Adapter> <Opcode : 'read' 'write' 'readreq' 'writereq' 'writeresp'>

State 181 <SV = 180> <Delay = 3.65>
ST_181 : Operation 481 [36/104] (3.65ns)   --->   "%empty_161 = writeresp i1 @_ssdm_op_WriteResp.m_axi.p1i64, i32 %mm_video_addr_1" [/home/user/Documents/kria-vitis-platforms/kv260/platforms/vivado/kv260_ispMipiRx_vcu_DP/project/kv260_ispMipiRx_vcu_DP.runs/kv260_ispMipiRx_vcu_DP_v_frmbuf_wr_0_1_synth_1/prj/sol/.autopilot/db/v_frmbuf_wr.cpp:1135]   --->   Operation 481 'writeresp' 'empty_161' <Predicate = true> <Delay = 3.65> <CoreInst = "m_axi">   --->   Core 121 'm_axi' <Latency = 0> <II = 1> <Delay = 1.00> <Adapter> <Opcode : 'read' 'write' 'readreq' 'writereq' 'writeresp'>

State 182 <SV = 181> <Delay = 3.65>
ST_182 : Operation 482 [35/104] (3.65ns)   --->   "%empty_161 = writeresp i1 @_ssdm_op_WriteResp.m_axi.p1i64, i32 %mm_video_addr_1" [/home/user/Documents/kria-vitis-platforms/kv260/platforms/vivado/kv260_ispMipiRx_vcu_DP/project/kv260_ispMipiRx_vcu_DP.runs/kv260_ispMipiRx_vcu_DP_v_frmbuf_wr_0_1_synth_1/prj/sol/.autopilot/db/v_frmbuf_wr.cpp:1135]   --->   Operation 482 'writeresp' 'empty_161' <Predicate = true> <Delay = 3.65> <CoreInst = "m_axi">   --->   Core 121 'm_axi' <Latency = 0> <II = 1> <Delay = 1.00> <Adapter> <Opcode : 'read' 'write' 'readreq' 'writereq' 'writeresp'>

State 183 <SV = 182> <Delay = 3.65>
ST_183 : Operation 483 [34/104] (3.65ns)   --->   "%empty_161 = writeresp i1 @_ssdm_op_WriteResp.m_axi.p1i64, i32 %mm_video_addr_1" [/home/user/Documents/kria-vitis-platforms/kv260/platforms/vivado/kv260_ispMipiRx_vcu_DP/project/kv260_ispMipiRx_vcu_DP.runs/kv260_ispMipiRx_vcu_DP_v_frmbuf_wr_0_1_synth_1/prj/sol/.autopilot/db/v_frmbuf_wr.cpp:1135]   --->   Operation 483 'writeresp' 'empty_161' <Predicate = true> <Delay = 3.65> <CoreInst = "m_axi">   --->   Core 121 'm_axi' <Latency = 0> <II = 1> <Delay = 1.00> <Adapter> <Opcode : 'read' 'write' 'readreq' 'writereq' 'writeresp'>

State 184 <SV = 183> <Delay = 3.65>
ST_184 : Operation 484 [33/104] (3.65ns)   --->   "%empty_161 = writeresp i1 @_ssdm_op_WriteResp.m_axi.p1i64, i32 %mm_video_addr_1" [/home/user/Documents/kria-vitis-platforms/kv260/platforms/vivado/kv260_ispMipiRx_vcu_DP/project/kv260_ispMipiRx_vcu_DP.runs/kv260_ispMipiRx_vcu_DP_v_frmbuf_wr_0_1_synth_1/prj/sol/.autopilot/db/v_frmbuf_wr.cpp:1135]   --->   Operation 484 'writeresp' 'empty_161' <Predicate = true> <Delay = 3.65> <CoreInst = "m_axi">   --->   Core 121 'm_axi' <Latency = 0> <II = 1> <Delay = 1.00> <Adapter> <Opcode : 'read' 'write' 'readreq' 'writereq' 'writeresp'>

State 185 <SV = 184> <Delay = 3.65>
ST_185 : Operation 485 [32/104] (3.65ns)   --->   "%empty_161 = writeresp i1 @_ssdm_op_WriteResp.m_axi.p1i64, i32 %mm_video_addr_1" [/home/user/Documents/kria-vitis-platforms/kv260/platforms/vivado/kv260_ispMipiRx_vcu_DP/project/kv260_ispMipiRx_vcu_DP.runs/kv260_ispMipiRx_vcu_DP_v_frmbuf_wr_0_1_synth_1/prj/sol/.autopilot/db/v_frmbuf_wr.cpp:1135]   --->   Operation 485 'writeresp' 'empty_161' <Predicate = true> <Delay = 3.65> <CoreInst = "m_axi">   --->   Core 121 'm_axi' <Latency = 0> <II = 1> <Delay = 1.00> <Adapter> <Opcode : 'read' 'write' 'readreq' 'writereq' 'writeresp'>

State 186 <SV = 185> <Delay = 3.65>
ST_186 : Operation 486 [31/104] (3.65ns)   --->   "%empty_161 = writeresp i1 @_ssdm_op_WriteResp.m_axi.p1i64, i32 %mm_video_addr_1" [/home/user/Documents/kria-vitis-platforms/kv260/platforms/vivado/kv260_ispMipiRx_vcu_DP/project/kv260_ispMipiRx_vcu_DP.runs/kv260_ispMipiRx_vcu_DP_v_frmbuf_wr_0_1_synth_1/prj/sol/.autopilot/db/v_frmbuf_wr.cpp:1135]   --->   Operation 486 'writeresp' 'empty_161' <Predicate = true> <Delay = 3.65> <CoreInst = "m_axi">   --->   Core 121 'm_axi' <Latency = 0> <II = 1> <Delay = 1.00> <Adapter> <Opcode : 'read' 'write' 'readreq' 'writereq' 'writeresp'>

State 187 <SV = 186> <Delay = 3.65>
ST_187 : Operation 487 [30/104] (3.65ns)   --->   "%empty_161 = writeresp i1 @_ssdm_op_WriteResp.m_axi.p1i64, i32 %mm_video_addr_1" [/home/user/Documents/kria-vitis-platforms/kv260/platforms/vivado/kv260_ispMipiRx_vcu_DP/project/kv260_ispMipiRx_vcu_DP.runs/kv260_ispMipiRx_vcu_DP_v_frmbuf_wr_0_1_synth_1/prj/sol/.autopilot/db/v_frmbuf_wr.cpp:1135]   --->   Operation 487 'writeresp' 'empty_161' <Predicate = true> <Delay = 3.65> <CoreInst = "m_axi">   --->   Core 121 'm_axi' <Latency = 0> <II = 1> <Delay = 1.00> <Adapter> <Opcode : 'read' 'write' 'readreq' 'writereq' 'writeresp'>

State 188 <SV = 187> <Delay = 3.65>
ST_188 : Operation 488 [29/104] (3.65ns)   --->   "%empty_161 = writeresp i1 @_ssdm_op_WriteResp.m_axi.p1i64, i32 %mm_video_addr_1" [/home/user/Documents/kria-vitis-platforms/kv260/platforms/vivado/kv260_ispMipiRx_vcu_DP/project/kv260_ispMipiRx_vcu_DP.runs/kv260_ispMipiRx_vcu_DP_v_frmbuf_wr_0_1_synth_1/prj/sol/.autopilot/db/v_frmbuf_wr.cpp:1135]   --->   Operation 488 'writeresp' 'empty_161' <Predicate = true> <Delay = 3.65> <CoreInst = "m_axi">   --->   Core 121 'm_axi' <Latency = 0> <II = 1> <Delay = 1.00> <Adapter> <Opcode : 'read' 'write' 'readreq' 'writereq' 'writeresp'>

State 189 <SV = 188> <Delay = 3.65>
ST_189 : Operation 489 [28/104] (3.65ns)   --->   "%empty_161 = writeresp i1 @_ssdm_op_WriteResp.m_axi.p1i64, i32 %mm_video_addr_1" [/home/user/Documents/kria-vitis-platforms/kv260/platforms/vivado/kv260_ispMipiRx_vcu_DP/project/kv260_ispMipiRx_vcu_DP.runs/kv260_ispMipiRx_vcu_DP_v_frmbuf_wr_0_1_synth_1/prj/sol/.autopilot/db/v_frmbuf_wr.cpp:1135]   --->   Operation 489 'writeresp' 'empty_161' <Predicate = true> <Delay = 3.65> <CoreInst = "m_axi">   --->   Core 121 'm_axi' <Latency = 0> <II = 1> <Delay = 1.00> <Adapter> <Opcode : 'read' 'write' 'readreq' 'writereq' 'writeresp'>

State 190 <SV = 189> <Delay = 3.65>
ST_190 : Operation 490 [27/104] (3.65ns)   --->   "%empty_161 = writeresp i1 @_ssdm_op_WriteResp.m_axi.p1i64, i32 %mm_video_addr_1" [/home/user/Documents/kria-vitis-platforms/kv260/platforms/vivado/kv260_ispMipiRx_vcu_DP/project/kv260_ispMipiRx_vcu_DP.runs/kv260_ispMipiRx_vcu_DP_v_frmbuf_wr_0_1_synth_1/prj/sol/.autopilot/db/v_frmbuf_wr.cpp:1135]   --->   Operation 490 'writeresp' 'empty_161' <Predicate = true> <Delay = 3.65> <CoreInst = "m_axi">   --->   Core 121 'm_axi' <Latency = 0> <II = 1> <Delay = 1.00> <Adapter> <Opcode : 'read' 'write' 'readreq' 'writereq' 'writeresp'>

State 191 <SV = 190> <Delay = 3.65>
ST_191 : Operation 491 [26/104] (3.65ns)   --->   "%empty_161 = writeresp i1 @_ssdm_op_WriteResp.m_axi.p1i64, i32 %mm_video_addr_1" [/home/user/Documents/kria-vitis-platforms/kv260/platforms/vivado/kv260_ispMipiRx_vcu_DP/project/kv260_ispMipiRx_vcu_DP.runs/kv260_ispMipiRx_vcu_DP_v_frmbuf_wr_0_1_synth_1/prj/sol/.autopilot/db/v_frmbuf_wr.cpp:1135]   --->   Operation 491 'writeresp' 'empty_161' <Predicate = true> <Delay = 3.65> <CoreInst = "m_axi">   --->   Core 121 'm_axi' <Latency = 0> <II = 1> <Delay = 1.00> <Adapter> <Opcode : 'read' 'write' 'readreq' 'writereq' 'writeresp'>

State 192 <SV = 191> <Delay = 3.65>
ST_192 : Operation 492 [25/104] (3.65ns)   --->   "%empty_161 = writeresp i1 @_ssdm_op_WriteResp.m_axi.p1i64, i32 %mm_video_addr_1" [/home/user/Documents/kria-vitis-platforms/kv260/platforms/vivado/kv260_ispMipiRx_vcu_DP/project/kv260_ispMipiRx_vcu_DP.runs/kv260_ispMipiRx_vcu_DP_v_frmbuf_wr_0_1_synth_1/prj/sol/.autopilot/db/v_frmbuf_wr.cpp:1135]   --->   Operation 492 'writeresp' 'empty_161' <Predicate = true> <Delay = 3.65> <CoreInst = "m_axi">   --->   Core 121 'm_axi' <Latency = 0> <II = 1> <Delay = 1.00> <Adapter> <Opcode : 'read' 'write' 'readreq' 'writereq' 'writeresp'>

State 193 <SV = 192> <Delay = 3.65>
ST_193 : Operation 493 [24/104] (3.65ns)   --->   "%empty_161 = writeresp i1 @_ssdm_op_WriteResp.m_axi.p1i64, i32 %mm_video_addr_1" [/home/user/Documents/kria-vitis-platforms/kv260/platforms/vivado/kv260_ispMipiRx_vcu_DP/project/kv260_ispMipiRx_vcu_DP.runs/kv260_ispMipiRx_vcu_DP_v_frmbuf_wr_0_1_synth_1/prj/sol/.autopilot/db/v_frmbuf_wr.cpp:1135]   --->   Operation 493 'writeresp' 'empty_161' <Predicate = true> <Delay = 3.65> <CoreInst = "m_axi">   --->   Core 121 'm_axi' <Latency = 0> <II = 1> <Delay = 1.00> <Adapter> <Opcode : 'read' 'write' 'readreq' 'writereq' 'writeresp'>

State 194 <SV = 193> <Delay = 3.65>
ST_194 : Operation 494 [23/104] (3.65ns)   --->   "%empty_161 = writeresp i1 @_ssdm_op_WriteResp.m_axi.p1i64, i32 %mm_video_addr_1" [/home/user/Documents/kria-vitis-platforms/kv260/platforms/vivado/kv260_ispMipiRx_vcu_DP/project/kv260_ispMipiRx_vcu_DP.runs/kv260_ispMipiRx_vcu_DP_v_frmbuf_wr_0_1_synth_1/prj/sol/.autopilot/db/v_frmbuf_wr.cpp:1135]   --->   Operation 494 'writeresp' 'empty_161' <Predicate = true> <Delay = 3.65> <CoreInst = "m_axi">   --->   Core 121 'm_axi' <Latency = 0> <II = 1> <Delay = 1.00> <Adapter> <Opcode : 'read' 'write' 'readreq' 'writereq' 'writeresp'>

State 195 <SV = 194> <Delay = 3.65>
ST_195 : Operation 495 [22/104] (3.65ns)   --->   "%empty_161 = writeresp i1 @_ssdm_op_WriteResp.m_axi.p1i64, i32 %mm_video_addr_1" [/home/user/Documents/kria-vitis-platforms/kv260/platforms/vivado/kv260_ispMipiRx_vcu_DP/project/kv260_ispMipiRx_vcu_DP.runs/kv260_ispMipiRx_vcu_DP_v_frmbuf_wr_0_1_synth_1/prj/sol/.autopilot/db/v_frmbuf_wr.cpp:1135]   --->   Operation 495 'writeresp' 'empty_161' <Predicate = true> <Delay = 3.65> <CoreInst = "m_axi">   --->   Core 121 'm_axi' <Latency = 0> <II = 1> <Delay = 1.00> <Adapter> <Opcode : 'read' 'write' 'readreq' 'writereq' 'writeresp'>

State 196 <SV = 195> <Delay = 3.65>
ST_196 : Operation 496 [21/104] (3.65ns)   --->   "%empty_161 = writeresp i1 @_ssdm_op_WriteResp.m_axi.p1i64, i32 %mm_video_addr_1" [/home/user/Documents/kria-vitis-platforms/kv260/platforms/vivado/kv260_ispMipiRx_vcu_DP/project/kv260_ispMipiRx_vcu_DP.runs/kv260_ispMipiRx_vcu_DP_v_frmbuf_wr_0_1_synth_1/prj/sol/.autopilot/db/v_frmbuf_wr.cpp:1135]   --->   Operation 496 'writeresp' 'empty_161' <Predicate = true> <Delay = 3.65> <CoreInst = "m_axi">   --->   Core 121 'm_axi' <Latency = 0> <II = 1> <Delay = 1.00> <Adapter> <Opcode : 'read' 'write' 'readreq' 'writereq' 'writeresp'>

State 197 <SV = 196> <Delay = 3.65>
ST_197 : Operation 497 [20/104] (3.65ns)   --->   "%empty_161 = writeresp i1 @_ssdm_op_WriteResp.m_axi.p1i64, i32 %mm_video_addr_1" [/home/user/Documents/kria-vitis-platforms/kv260/platforms/vivado/kv260_ispMipiRx_vcu_DP/project/kv260_ispMipiRx_vcu_DP.runs/kv260_ispMipiRx_vcu_DP_v_frmbuf_wr_0_1_synth_1/prj/sol/.autopilot/db/v_frmbuf_wr.cpp:1135]   --->   Operation 497 'writeresp' 'empty_161' <Predicate = true> <Delay = 3.65> <CoreInst = "m_axi">   --->   Core 121 'm_axi' <Latency = 0> <II = 1> <Delay = 1.00> <Adapter> <Opcode : 'read' 'write' 'readreq' 'writereq' 'writeresp'>

State 198 <SV = 197> <Delay = 3.65>
ST_198 : Operation 498 [19/104] (3.65ns)   --->   "%empty_161 = writeresp i1 @_ssdm_op_WriteResp.m_axi.p1i64, i32 %mm_video_addr_1" [/home/user/Documents/kria-vitis-platforms/kv260/platforms/vivado/kv260_ispMipiRx_vcu_DP/project/kv260_ispMipiRx_vcu_DP.runs/kv260_ispMipiRx_vcu_DP_v_frmbuf_wr_0_1_synth_1/prj/sol/.autopilot/db/v_frmbuf_wr.cpp:1135]   --->   Operation 498 'writeresp' 'empty_161' <Predicate = true> <Delay = 3.65> <CoreInst = "m_axi">   --->   Core 121 'm_axi' <Latency = 0> <II = 1> <Delay = 1.00> <Adapter> <Opcode : 'read' 'write' 'readreq' 'writereq' 'writeresp'>

State 199 <SV = 198> <Delay = 3.65>
ST_199 : Operation 499 [18/104] (3.65ns)   --->   "%empty_161 = writeresp i1 @_ssdm_op_WriteResp.m_axi.p1i64, i32 %mm_video_addr_1" [/home/user/Documents/kria-vitis-platforms/kv260/platforms/vivado/kv260_ispMipiRx_vcu_DP/project/kv260_ispMipiRx_vcu_DP.runs/kv260_ispMipiRx_vcu_DP_v_frmbuf_wr_0_1_synth_1/prj/sol/.autopilot/db/v_frmbuf_wr.cpp:1135]   --->   Operation 499 'writeresp' 'empty_161' <Predicate = true> <Delay = 3.65> <CoreInst = "m_axi">   --->   Core 121 'm_axi' <Latency = 0> <II = 1> <Delay = 1.00> <Adapter> <Opcode : 'read' 'write' 'readreq' 'writereq' 'writeresp'>

State 200 <SV = 199> <Delay = 3.65>
ST_200 : Operation 500 [17/104] (3.65ns)   --->   "%empty_161 = writeresp i1 @_ssdm_op_WriteResp.m_axi.p1i64, i32 %mm_video_addr_1" [/home/user/Documents/kria-vitis-platforms/kv260/platforms/vivado/kv260_ispMipiRx_vcu_DP/project/kv260_ispMipiRx_vcu_DP.runs/kv260_ispMipiRx_vcu_DP_v_frmbuf_wr_0_1_synth_1/prj/sol/.autopilot/db/v_frmbuf_wr.cpp:1135]   --->   Operation 500 'writeresp' 'empty_161' <Predicate = true> <Delay = 3.65> <CoreInst = "m_axi">   --->   Core 121 'm_axi' <Latency = 0> <II = 1> <Delay = 1.00> <Adapter> <Opcode : 'read' 'write' 'readreq' 'writereq' 'writeresp'>

State 201 <SV = 200> <Delay = 3.65>
ST_201 : Operation 501 [16/104] (3.65ns)   --->   "%empty_161 = writeresp i1 @_ssdm_op_WriteResp.m_axi.p1i64, i32 %mm_video_addr_1" [/home/user/Documents/kria-vitis-platforms/kv260/platforms/vivado/kv260_ispMipiRx_vcu_DP/project/kv260_ispMipiRx_vcu_DP.runs/kv260_ispMipiRx_vcu_DP_v_frmbuf_wr_0_1_synth_1/prj/sol/.autopilot/db/v_frmbuf_wr.cpp:1135]   --->   Operation 501 'writeresp' 'empty_161' <Predicate = true> <Delay = 3.65> <CoreInst = "m_axi">   --->   Core 121 'm_axi' <Latency = 0> <II = 1> <Delay = 1.00> <Adapter> <Opcode : 'read' 'write' 'readreq' 'writereq' 'writeresp'>

State 202 <SV = 201> <Delay = 3.65>
ST_202 : Operation 502 [15/104] (3.65ns)   --->   "%empty_161 = writeresp i1 @_ssdm_op_WriteResp.m_axi.p1i64, i32 %mm_video_addr_1" [/home/user/Documents/kria-vitis-platforms/kv260/platforms/vivado/kv260_ispMipiRx_vcu_DP/project/kv260_ispMipiRx_vcu_DP.runs/kv260_ispMipiRx_vcu_DP_v_frmbuf_wr_0_1_synth_1/prj/sol/.autopilot/db/v_frmbuf_wr.cpp:1135]   --->   Operation 502 'writeresp' 'empty_161' <Predicate = true> <Delay = 3.65> <CoreInst = "m_axi">   --->   Core 121 'm_axi' <Latency = 0> <II = 1> <Delay = 1.00> <Adapter> <Opcode : 'read' 'write' 'readreq' 'writereq' 'writeresp'>

State 203 <SV = 202> <Delay = 3.65>
ST_203 : Operation 503 [14/104] (3.65ns)   --->   "%empty_161 = writeresp i1 @_ssdm_op_WriteResp.m_axi.p1i64, i32 %mm_video_addr_1" [/home/user/Documents/kria-vitis-platforms/kv260/platforms/vivado/kv260_ispMipiRx_vcu_DP/project/kv260_ispMipiRx_vcu_DP.runs/kv260_ispMipiRx_vcu_DP_v_frmbuf_wr_0_1_synth_1/prj/sol/.autopilot/db/v_frmbuf_wr.cpp:1135]   --->   Operation 503 'writeresp' 'empty_161' <Predicate = true> <Delay = 3.65> <CoreInst = "m_axi">   --->   Core 121 'm_axi' <Latency = 0> <II = 1> <Delay = 1.00> <Adapter> <Opcode : 'read' 'write' 'readreq' 'writereq' 'writeresp'>

State 204 <SV = 203> <Delay = 3.65>
ST_204 : Operation 504 [13/104] (3.65ns)   --->   "%empty_161 = writeresp i1 @_ssdm_op_WriteResp.m_axi.p1i64, i32 %mm_video_addr_1" [/home/user/Documents/kria-vitis-platforms/kv260/platforms/vivado/kv260_ispMipiRx_vcu_DP/project/kv260_ispMipiRx_vcu_DP.runs/kv260_ispMipiRx_vcu_DP_v_frmbuf_wr_0_1_synth_1/prj/sol/.autopilot/db/v_frmbuf_wr.cpp:1135]   --->   Operation 504 'writeresp' 'empty_161' <Predicate = true> <Delay = 3.65> <CoreInst = "m_axi">   --->   Core 121 'm_axi' <Latency = 0> <II = 1> <Delay = 1.00> <Adapter> <Opcode : 'read' 'write' 'readreq' 'writereq' 'writeresp'>

State 205 <SV = 204> <Delay = 3.65>
ST_205 : Operation 505 [12/104] (3.65ns)   --->   "%empty_161 = writeresp i1 @_ssdm_op_WriteResp.m_axi.p1i64, i32 %mm_video_addr_1" [/home/user/Documents/kria-vitis-platforms/kv260/platforms/vivado/kv260_ispMipiRx_vcu_DP/project/kv260_ispMipiRx_vcu_DP.runs/kv260_ispMipiRx_vcu_DP_v_frmbuf_wr_0_1_synth_1/prj/sol/.autopilot/db/v_frmbuf_wr.cpp:1135]   --->   Operation 505 'writeresp' 'empty_161' <Predicate = true> <Delay = 3.65> <CoreInst = "m_axi">   --->   Core 121 'm_axi' <Latency = 0> <II = 1> <Delay = 1.00> <Adapter> <Opcode : 'read' 'write' 'readreq' 'writereq' 'writeresp'>

State 206 <SV = 205> <Delay = 3.65>
ST_206 : Operation 506 [11/104] (3.65ns)   --->   "%empty_161 = writeresp i1 @_ssdm_op_WriteResp.m_axi.p1i64, i32 %mm_video_addr_1" [/home/user/Documents/kria-vitis-platforms/kv260/platforms/vivado/kv260_ispMipiRx_vcu_DP/project/kv260_ispMipiRx_vcu_DP.runs/kv260_ispMipiRx_vcu_DP_v_frmbuf_wr_0_1_synth_1/prj/sol/.autopilot/db/v_frmbuf_wr.cpp:1135]   --->   Operation 506 'writeresp' 'empty_161' <Predicate = true> <Delay = 3.65> <CoreInst = "m_axi">   --->   Core 121 'm_axi' <Latency = 0> <II = 1> <Delay = 1.00> <Adapter> <Opcode : 'read' 'write' 'readreq' 'writereq' 'writeresp'>

State 207 <SV = 206> <Delay = 3.65>
ST_207 : Operation 507 [10/104] (3.65ns)   --->   "%empty_161 = writeresp i1 @_ssdm_op_WriteResp.m_axi.p1i64, i32 %mm_video_addr_1" [/home/user/Documents/kria-vitis-platforms/kv260/platforms/vivado/kv260_ispMipiRx_vcu_DP/project/kv260_ispMipiRx_vcu_DP.runs/kv260_ispMipiRx_vcu_DP_v_frmbuf_wr_0_1_synth_1/prj/sol/.autopilot/db/v_frmbuf_wr.cpp:1135]   --->   Operation 507 'writeresp' 'empty_161' <Predicate = true> <Delay = 3.65> <CoreInst = "m_axi">   --->   Core 121 'm_axi' <Latency = 0> <II = 1> <Delay = 1.00> <Adapter> <Opcode : 'read' 'write' 'readreq' 'writereq' 'writeresp'>

State 208 <SV = 207> <Delay = 3.65>
ST_208 : Operation 508 [9/104] (3.65ns)   --->   "%empty_161 = writeresp i1 @_ssdm_op_WriteResp.m_axi.p1i64, i32 %mm_video_addr_1" [/home/user/Documents/kria-vitis-platforms/kv260/platforms/vivado/kv260_ispMipiRx_vcu_DP/project/kv260_ispMipiRx_vcu_DP.runs/kv260_ispMipiRx_vcu_DP_v_frmbuf_wr_0_1_synth_1/prj/sol/.autopilot/db/v_frmbuf_wr.cpp:1135]   --->   Operation 508 'writeresp' 'empty_161' <Predicate = true> <Delay = 3.65> <CoreInst = "m_axi">   --->   Core 121 'm_axi' <Latency = 0> <II = 1> <Delay = 1.00> <Adapter> <Opcode : 'read' 'write' 'readreq' 'writereq' 'writeresp'>

State 209 <SV = 208> <Delay = 3.65>
ST_209 : Operation 509 [8/104] (3.65ns)   --->   "%empty_161 = writeresp i1 @_ssdm_op_WriteResp.m_axi.p1i64, i32 %mm_video_addr_1" [/home/user/Documents/kria-vitis-platforms/kv260/platforms/vivado/kv260_ispMipiRx_vcu_DP/project/kv260_ispMipiRx_vcu_DP.runs/kv260_ispMipiRx_vcu_DP_v_frmbuf_wr_0_1_synth_1/prj/sol/.autopilot/db/v_frmbuf_wr.cpp:1135]   --->   Operation 509 'writeresp' 'empty_161' <Predicate = true> <Delay = 3.65> <CoreInst = "m_axi">   --->   Core 121 'm_axi' <Latency = 0> <II = 1> <Delay = 1.00> <Adapter> <Opcode : 'read' 'write' 'readreq' 'writereq' 'writeresp'>

State 210 <SV = 209> <Delay = 3.65>
ST_210 : Operation 510 [7/104] (3.65ns)   --->   "%empty_161 = writeresp i1 @_ssdm_op_WriteResp.m_axi.p1i64, i32 %mm_video_addr_1" [/home/user/Documents/kria-vitis-platforms/kv260/platforms/vivado/kv260_ispMipiRx_vcu_DP/project/kv260_ispMipiRx_vcu_DP.runs/kv260_ispMipiRx_vcu_DP_v_frmbuf_wr_0_1_synth_1/prj/sol/.autopilot/db/v_frmbuf_wr.cpp:1135]   --->   Operation 510 'writeresp' 'empty_161' <Predicate = true> <Delay = 3.65> <CoreInst = "m_axi">   --->   Core 121 'm_axi' <Latency = 0> <II = 1> <Delay = 1.00> <Adapter> <Opcode : 'read' 'write' 'readreq' 'writereq' 'writeresp'>

State 211 <SV = 210> <Delay = 3.65>
ST_211 : Operation 511 [6/104] (3.65ns)   --->   "%empty_161 = writeresp i1 @_ssdm_op_WriteResp.m_axi.p1i64, i32 %mm_video_addr_1" [/home/user/Documents/kria-vitis-platforms/kv260/platforms/vivado/kv260_ispMipiRx_vcu_DP/project/kv260_ispMipiRx_vcu_DP.runs/kv260_ispMipiRx_vcu_DP_v_frmbuf_wr_0_1_synth_1/prj/sol/.autopilot/db/v_frmbuf_wr.cpp:1135]   --->   Operation 511 'writeresp' 'empty_161' <Predicate = true> <Delay = 3.65> <CoreInst = "m_axi">   --->   Core 121 'm_axi' <Latency = 0> <II = 1> <Delay = 1.00> <Adapter> <Opcode : 'read' 'write' 'readreq' 'writereq' 'writeresp'>

State 212 <SV = 211> <Delay = 3.65>
ST_212 : Operation 512 [5/104] (3.65ns)   --->   "%empty_161 = writeresp i1 @_ssdm_op_WriteResp.m_axi.p1i64, i32 %mm_video_addr_1" [/home/user/Documents/kria-vitis-platforms/kv260/platforms/vivado/kv260_ispMipiRx_vcu_DP/project/kv260_ispMipiRx_vcu_DP.runs/kv260_ispMipiRx_vcu_DP_v_frmbuf_wr_0_1_synth_1/prj/sol/.autopilot/db/v_frmbuf_wr.cpp:1135]   --->   Operation 512 'writeresp' 'empty_161' <Predicate = true> <Delay = 3.65> <CoreInst = "m_axi">   --->   Core 121 'm_axi' <Latency = 0> <II = 1> <Delay = 1.00> <Adapter> <Opcode : 'read' 'write' 'readreq' 'writereq' 'writeresp'>

State 213 <SV = 212> <Delay = 3.65>
ST_213 : Operation 513 [4/104] (3.65ns)   --->   "%empty_161 = writeresp i1 @_ssdm_op_WriteResp.m_axi.p1i64, i32 %mm_video_addr_1" [/home/user/Documents/kria-vitis-platforms/kv260/platforms/vivado/kv260_ispMipiRx_vcu_DP/project/kv260_ispMipiRx_vcu_DP.runs/kv260_ispMipiRx_vcu_DP_v_frmbuf_wr_0_1_synth_1/prj/sol/.autopilot/db/v_frmbuf_wr.cpp:1135]   --->   Operation 513 'writeresp' 'empty_161' <Predicate = true> <Delay = 3.65> <CoreInst = "m_axi">   --->   Core 121 'm_axi' <Latency = 0> <II = 1> <Delay = 1.00> <Adapter> <Opcode : 'read' 'write' 'readreq' 'writereq' 'writeresp'>

State 214 <SV = 213> <Delay = 3.65>
ST_214 : Operation 514 [3/104] (3.65ns)   --->   "%empty_161 = writeresp i1 @_ssdm_op_WriteResp.m_axi.p1i64, i32 %mm_video_addr_1" [/home/user/Documents/kria-vitis-platforms/kv260/platforms/vivado/kv260_ispMipiRx_vcu_DP/project/kv260_ispMipiRx_vcu_DP.runs/kv260_ispMipiRx_vcu_DP_v_frmbuf_wr_0_1_synth_1/prj/sol/.autopilot/db/v_frmbuf_wr.cpp:1135]   --->   Operation 514 'writeresp' 'empty_161' <Predicate = true> <Delay = 3.65> <CoreInst = "m_axi">   --->   Core 121 'm_axi' <Latency = 0> <II = 1> <Delay = 1.00> <Adapter> <Opcode : 'read' 'write' 'readreq' 'writereq' 'writeresp'>

State 215 <SV = 214> <Delay = 3.65>
ST_215 : Operation 515 [2/104] (3.65ns)   --->   "%empty_161 = writeresp i1 @_ssdm_op_WriteResp.m_axi.p1i64, i32 %mm_video_addr_1" [/home/user/Documents/kria-vitis-platforms/kv260/platforms/vivado/kv260_ispMipiRx_vcu_DP/project/kv260_ispMipiRx_vcu_DP.runs/kv260_ispMipiRx_vcu_DP_v_frmbuf_wr_0_1_synth_1/prj/sol/.autopilot/db/v_frmbuf_wr.cpp:1135]   --->   Operation 515 'writeresp' 'empty_161' <Predicate = true> <Delay = 3.65> <CoreInst = "m_axi">   --->   Core 121 'm_axi' <Latency = 0> <II = 1> <Delay = 1.00> <Adapter> <Opcode : 'read' 'write' 'readreq' 'writereq' 'writeresp'>

State 216 <SV = 215> <Delay = 3.65>
ST_216 : Operation 516 [1/104] (3.65ns)   --->   "%empty_161 = writeresp i1 @_ssdm_op_WriteResp.m_axi.p1i64, i32 %mm_video_addr_1" [/home/user/Documents/kria-vitis-platforms/kv260/platforms/vivado/kv260_ispMipiRx_vcu_DP/project/kv260_ispMipiRx_vcu_DP.runs/kv260_ispMipiRx_vcu_DP_v_frmbuf_wr_0_1_synth_1/prj/sol/.autopilot/db/v_frmbuf_wr.cpp:1135]   --->   Operation 516 'writeresp' 'empty_161' <Predicate = (icmp_ln1125 & !empty_158) | (icmp_ln1125 & !trunc_ln1113) | (empty_149 & !empty_158) | (empty_149 & !trunc_ln1113)> <Delay = 3.65> <CoreInst = "m_axi">   --->   Core 121 'm_axi' <Latency = 0> <II = 1> <Delay = 1.00> <Adapter> <Opcode : 'read' 'write' 'readreq' 'writereq' 'writeresp'>
ST_216 : Operation 517 [1/1] (0.00ns)   --->   "%br_ln1136 = br void %for.inc65" [/home/user/Documents/kria-vitis-platforms/kv260/platforms/vivado/kv260_ispMipiRx_vcu_DP/project/kv260_ispMipiRx_vcu_DP.runs/kv260_ispMipiRx_vcu_DP_v_frmbuf_wr_0_1_synth_1/prj/sol/.autopilot/db/v_frmbuf_wr.cpp:1136]   --->   Operation 517 'br' 'br_ln1136' <Predicate = (icmp_ln1125 & !empty_158) | (icmp_ln1125 & !trunc_ln1113) | (empty_149 & !empty_158) | (empty_149 & !trunc_ln1113)> <Delay = 0.00>
ST_216 : Operation 518 [1/1] (0.42ns)   --->   "%store_ln1113 = store i24 %add_ln1123, i24 %offsetY" [/home/user/Documents/kria-vitis-platforms/kv260/platforms/vivado/kv260_ispMipiRx_vcu_DP/project/kv260_ispMipiRx_vcu_DP.runs/kv260_ispMipiRx_vcu_DP_v_frmbuf_wr_0_1_synth_1/prj/sol/.autopilot/db/v_frmbuf_wr.cpp:1113]   --->   Operation 518 'store' 'store_ln1113' <Predicate = true> <Delay = 0.42>
ST_216 : Operation 519 [1/1] (0.42ns)   --->   "%store_ln1113 = store i11 %y_10, i11 %y" [/home/user/Documents/kria-vitis-platforms/kv260/platforms/vivado/kv260_ispMipiRx_vcu_DP/project/kv260_ispMipiRx_vcu_DP.runs/kv260_ispMipiRx_vcu_DP_v_frmbuf_wr_0_1_synth_1/prj/sol/.autopilot/db/v_frmbuf_wr.cpp:1113]   --->   Operation 519 'store' 'store_ln1113' <Predicate = true> <Delay = 0.42>
ST_216 : Operation 520 [1/1] (0.00ns)   --->   "%br_ln1113 = br void %VITIS_LOOP_1117_1" [/home/user/Documents/kria-vitis-platforms/kv260/platforms/vivado/kv260_ispMipiRx_vcu_DP/project/kv260_ispMipiRx_vcu_DP.runs/kv260_ispMipiRx_vcu_DP_v_frmbuf_wr_0_1_synth_1/prj/sol/.autopilot/db/v_frmbuf_wr.cpp:1113]   --->   Operation 520 'br' 'br_ln1113' <Predicate = true> <Delay = 0.00>


============================================================
+ Verbose Summary: Binding
============================================================
STG Binding: 
---------------- STG Properties BEGIN ----------------
- Is combinational: 0
- Is one-state seq: 0
- Is datapath-only: 0
- Is pipelined: 0
- Is top level: 0
Port [ Return ] is wired: 1; IO mode=ap_ctrl_hs:ce=0
Port [ bytePlanes_plane01]:  wired=1; compound=1; hidden=0; nouse=0; global=0; static=0; extern=0; dir=0; type=3; pingpong=0; private_global=0; IO mode=ap_fifo:ce=0
Port [ bytePlanes_plane12]:  wired=1; compound=1; hidden=0; nouse=0; global=0; static=0; extern=0; dir=0; type=3; pingpong=0; private_global=0; IO mode=ap_fifo:ce=0
Port [ mm_video]:  wired=1; compound=1; hidden=0; nouse=0; global=0; static=0; extern=0; dir=1; type=4; pingpong=0; private_global=0; IO mode=m_axi:ce=0
Port [ dstImg]:  wired=1; compound=1; hidden=0; nouse=0; global=0; static=0; extern=0; dir=0; type=3; pingpong=0; private_global=0; IO mode=ap_fifo:ce=0
Port [ dstImg2]:  wired=1; compound=1; hidden=0; nouse=0; global=0; static=0; extern=0; dir=0; type=3; pingpong=0; private_global=0; IO mode=ap_fifo:ce=0
Port [ Height]:  wired=1; compound=1; hidden=0; nouse=0; global=0; static=0; extern=0; dir=0; type=3; pingpong=0; private_global=0; IO mode=ap_fifo:ce=0
Port [ WidthInBytes]:  wired=1; compound=1; hidden=0; nouse=0; global=0; static=0; extern=0; dir=0; type=3; pingpong=0; private_global=0; IO mode=ap_fifo:ce=0
Port [ StrideInBytes]:  wired=1; compound=1; hidden=0; nouse=0; global=0; static=0; extern=0; dir=0; type=3; pingpong=0; private_global=0; IO mode=ap_fifo:ce=0
Port [ VideoFormat]:  wired=1; compound=1; hidden=0; nouse=0; global=0; static=0; extern=0; dir=0; type=3; pingpong=0; private_global=0; IO mode=ap_fifo:ce=0
---------------- STG Properties END ------------------

---------------- Datapath Model BEGIN ----------------

<LifeTime>
<method=bitvector/>
y                        (alloca           ) [ 0111111111111111111111111111111111111111111111111111111111111111111111111111111111111111111111111111111111111111111111111111111111111111111111111111111111111111111111111111111111111111111111111111111111111111111111111]
offsetY                  (alloca           ) [ 0111111111111111111111111111111111111111111111111111111111111111111111111111111111111111111111111111111111111111111111111111111111111111111111111111111111111111111111111111111111111111111111111111111111111111111111111]
offsetUV                 (alloca           ) [ 0111111111111111111111111111111111111111111111111111111111111111111111111111111111111111111111111111111111111111111111111111111111111111111111111111111111111111111111111111111111111111111111111111111111111111111111111]
specinterface_ln0        (specinterface    ) [ 0000000000000000000000000000000000000000000000000000000000000000000000000000000000000000000000000000000000000000000000000000000000000000000000000000000000000000000000000000000000000000000000000000000000000000000000000]
VideoFormat_read         (read             ) [ 0011111111111111111111111111111111111111111111111111111111111111111111111111111111111111111111111111111111111111111111111111111111111111111111111111111111111111111111111111111111111111111111111111111111111111111111111]
specinterface_ln0        (specinterface    ) [ 0000000000000000000000000000000000000000000000000000000000000000000000000000000000000000000000000000000000000000000000000000000000000000000000000000000000000000000000000000000000000000000000000000000000000000000000000]
StrideInBytes_read       (read             ) [ 0000000000000000000000000000000000000000000000000000000000000000000000000000000000000000000000000000000000000000000000000000000000000000000000000000000000000000000000000000000000000000000000000000000000000000000000000]
specinterface_ln0        (specinterface    ) [ 0000000000000000000000000000000000000000000000000000000000000000000000000000000000000000000000000000000000000000000000000000000000000000000000000000000000000000000000000000000000000000000000000000000000000000000000000]
Height_read              (read             ) [ 0011111111111111111111111111111111111111111111111111111111111111111111111111111111111111111111111111111111111111111111111111111111111111111111111111111111111111111111111111111111111111111111111111111111111111111111111]
specinterface_ln0        (specinterface    ) [ 0000000000000000000000000000000000000000000000000000000000000000000000000000000000000000000000000000000000000000000000000000000000000000000000000000000000000000000000000000000000000000000000000000000000000000000000000]
WidthInBytes_read        (read             ) [ 0000000000000000000000000000000000000000000000000000000000000000000000000000000000000000000000000000000000000000000000000000000000000000000000000000000000000000000000000000000000000000000000000000000000000000000000000]
specinterface_ln0        (specinterface    ) [ 0000000000000000000000000000000000000000000000000000000000000000000000000000000000000000000000000000000000000000000000000000000000000000000000000000000000000000000000000000000000000000000000000000000000000000000000000]
dstImg2_read             (read             ) [ 0011111111111111111111111111111111111111111111111111111111111111111111111111111111111111111111111111111111111111111111111111111111111111111111111111111111111111111111111111111111111111111111111111111111111111111111111]
specinterface_ln0        (specinterface    ) [ 0000000000000000000000000000000000000000000000000000000000000000000000000000000000000000000000000000000000000000000000000000000000000000000000000000000000000000000000000000000000000000000000000000000000000000000000000]
dstImg_read              (read             ) [ 0011111111111111111111111111111111111111111111111111111111111111111111111111111111111111111111111111111111111111111111111111111111111111111111111111111111111111111111111111111111111111111111111111111111111111111111111]
specmemcore_ln0          (specmemcore      ) [ 0000000000000000000000000000000000000000000000000000000000000000000000000000000000000000000000000000000000000000000000000000000000000000000000000000000000000000000000000000000000000000000000000000000000000000000000000]
specmemcore_ln0          (specmemcore      ) [ 0000000000000000000000000000000000000000000000000000000000000000000000000000000000000000000000000000000000000000000000000000000000000000000000000000000000000000000000000000000000000000000000000000000000000000000000000]
specinterface_ln0        (specinterface    ) [ 0000000000000000000000000000000000000000000000000000000000000000000000000000000000000000000000000000000000000000000000000000000000000000000000000000000000000000000000000000000000000000000000000000000000000000000000000]
specinterface_ln0        (specinterface    ) [ 0000000000000000000000000000000000000000000000000000000000000000000000000000000000000000000000000000000000000000000000000000000000000000000000000000000000000000000000000000000000000000000000000000000000000000000000000]
specinterface_ln0        (specinterface    ) [ 0000000000000000000000000000000000000000000000000000000000000000000000000000000000000000000000000000000000000000000000000000000000000000000000000000000000000000000000000000000000000000000000000000000000000000000000000]
WidthInBytes_load_cast   (zext             ) [ 0000000000000000000000000000000000000000000000000000000000000000000000000000000000000000000000000000000000000000000000000000000000000000000000000000000000000000000000000000000000000000000000000000000000000000000000000]
sub                      (add              ) [ 0000000000000000000000000000000000000000000000000000000000000000000000000000000000000000000000000000000000000000000000000000000000000000000000000000000000000000000000000000000000000000000000000000000000000000000000000]
div                      (partselect       ) [ 0011111111111111111111111111111111111111111111111111111111111111111111111111111111111111111111111111111111111111111111111111111111111111111111111111111111111111111111111111111111111111111111111111111111111111111111111]
div_cast1                (zext             ) [ 0011111111111111111111111111111111111111111111111111111111111111111111111111111111111111111111111111111111111111111111111111111111111111111111111111111111111111111111111111111111111111111111111111111111111111111111111]
div8                     (partselect       ) [ 0000000000000000000000000000000000000000000000000000000000000000000000000000000000000000000000000000000000000000000000000000000000000000000000000000000000000000000000000000000000000000000000000000000000000000000000000]
div8_cast2               (zext             ) [ 0011111111111111111111111111111111111111111111111111111111111111111111111111111111111111111111111111111111111111111111111111111111111111111111111111111111111111111111111111111111111111111111111111111111111111111111111]
VideoFormat_load_cast4   (zext             ) [ 0000000000000000000000000000000000000000000000000000000000000000000000000000000000000000000000000000000000000000000000000000000000000000000000000000000000000000000000000000000000000000000000000000000000000000000000000]
zext_ln1125              (zext             ) [ 0011111111111111111111111111111111111111111111111111111111111111111111111111111111111111111111111111111111111111111111111111111111111111111111111111111111111111111111111111111111111111111111111111111111111111111111111]
add_ln1125               (add              ) [ 0000000000000000000000000000000000000000000000000000000000000000000000000000000000000000000000000000000000000000000000000000000000000000000000000000000000000000000000000000000000000000000000000000000000000000000000000]
tmp                      (partselect       ) [ 0000000000000000000000000000000000000000000000000000000000000000000000000000000000000000000000000000000000000000000000000000000000000000000000000000000000000000000000000000000000000000000000000000000000000000000000000]
icmp_ln1125              (icmp             ) [ 0011111111111111111111111111111111111111111111111111111111111111111111111111111111111111111111111111111111111111111111111111111111111111111111111111111111111111111111111111111111111111111111111111111111111111111111111]
store_ln1113             (store            ) [ 0000000000000000000000000000000000000000000000000000000000000000000000000000000000000000000000000000000000000000000000000000000000000000000000000000000000000000000000000000000000000000000000000000000000000000000000000]
store_ln1113             (store            ) [ 0000000000000000000000000000000000000000000000000000000000000000000000000000000000000000000000000000000000000000000000000000000000000000000000000000000000000000000000000000000000000000000000000000000000000000000000000]
store_ln1113             (store            ) [ 0000000000000000000000000000000000000000000000000000000000000000000000000000000000000000000000000000000000000000000000000000000000000000000000000000000000000000000000000000000000000000000000000000000000000000000000000]
br_ln1113                (br               ) [ 0000000000000000000000000000000000000000000000000000000000000000000000000000000000000000000000000000000000000000000000000000000000000000000000000000000000000000000000000000000000000000000000000000000000000000000000000]
y_9                      (load             ) [ 0000000000000000000000000000000000000000000000000000000000000000000000000000000000000000000000000000000000000000000000000000000000000000000000000000000000000000000000000000000000000000000000000000000000000000000000000]
trunc_ln1113             (trunc            ) [ 0001111111111111111111111111111111111111111111111111111111111111111111111111111111111111111111111111111111111111111111111111111111111111111111111111111111111111111111111111111111111111111111111111111111111111111111111]
icmp_ln1113              (icmp             ) [ 0011111111111111111111111111111111111111111111111111111111111111111111111111111111111111111111111111111111111111111111111111111111111111111111111111111111111111111111111111111111111111111111111111111111111111111111111]
y_10                     (add              ) [ 0001111111111111111111111111111111111111111111111111111111111111111111111111111111111111111111111111111111111111111111111111111111111111111111111111111111111111111111111111111111111111111111111111111111111111111111111]
br_ln1113                (br               ) [ 0000000000000000000000000000000000000000000000000000000000000000000000000000000000000000000000000000000000000000000000000000000000000000000000000000000000000000000000000000000000000000000000000000000000000000000000000]
offsetY_load             (load             ) [ 0000000000000000000000000000000000000000000000000000000000000000000000000000000000000000000000000000000000000000000000000000000000000000000000000000000000000000000000000000000000000000000000000000000000000000000000000]
shl_ln                   (bitconcatenate   ) [ 0000000000000000000000000000000000000000000000000000000000000000000000000000000000000000000000000000000000000000000000000000000000000000000000000000000000000000000000000000000000000000000000000000000000000000000000000]
zext_ln1117              (zext             ) [ 0000000000000000000000000000000000000000000000000000000000000000000000000000000000000000000000000000000000000000000000000000000000000000000000000000000000000000000000000000000000000000000000000000000000000000000000000]
add_ln1117               (add              ) [ 0000000000000000000000000000000000000000000000000000000000000000000000000000000000000000000000000000000000000000000000000000000000000000000000000000000000000000000000000000000000000000000000000000000000000000000000000]
trunc_ln                 (partselect       ) [ 0001110000000000000000000000000000000000000000000000000000000000000000000000000000000000000000000000000000000000000000000000000000000000000000000000000000000000000000000000000000000000000000000000000000000000000000000]
add_ln1123               (add              ) [ 0001111111111111111111111111111111111111111111111111111111111111111111111111111111111111111111111111111111111111111111111111111111111111111111111111111111111111111111111111111111111111111111111111111111111111111111111]
ret_ln1138               (ret              ) [ 0000000000000000000000000000000000000000000000000000000000000000000000000000000000000000000000000000000000000000000000000000000000000000000000000000000000000000000000000000000000000000000000000000000000000000000000000]
sext_ln1117              (sext             ) [ 0000000000000000000000000000000000000000000000000000000000000000000000000000000000000000000000000000000000000000000000000000000000000000000000000000000000000000000000000000000000000000000000000000000000000000000000000]
mm_video_addr            (getelementptr    ) [ 0000111111111111111111111111111111111111111111111111111111111111111111111111111111111111111111111111111111111100000000000000000000000000000000000000000000000000000000000000000000000000000000000000000000000000000000000]
empty                    (writereq         ) [ 0000000000000000000000000000000000000000000000000000000000000000000000000000000000000000000000000000000000000000000000000000000000000000000000000000000000000000000000000000000000000000000000000000000000000000000000000]
empty_136                (wait             ) [ 0000000000000000000000000000000000000000000000000000000000000000000000000000000000000000000000000000000000000000000000000000000000000000000000000000000000000000000000000000000000000000000000000000000000000000000000000]
call_ln1117              (call             ) [ 0000000000000000000000000000000000000000000000000000000000000000000000000000000000000000000000000000000000000000000000000000000000000000000000000000000000000000000000000000000000000000000000000000000000000000000000000]
empty_137                (wait             ) [ 0000000000000000000000000000000000000000000000000000000000000000000000000000000000000000000000000000000000000000000000000000000000000000000000000000000000000000000000000000000000000000000000000000000000000000000000000]
speclooptripcount_ln1115 (speclooptripcount) [ 0000000000000000000000000000000000000000000000000000000000000000000000000000000000000000000000000000000000000000000000000000000000000000000000000000000000000000000000000000000000000000000000000000000000000000000000000]
specloopname_ln1107      (specloopname     ) [ 0000000000000000000000000000000000000000000000000000000000000000000000000000000000000000000000000000000000000000000000000000000000000000000000000000000000000000000000000000000000000000000000000000000000000000000000000]
empty_138                (writeresp        ) [ 0000000000000000000000000000000000000000000000000000000000000000000000000000000000000000000000000000000000000000000000000000000000000000000000000000000000000000000000000000000000000000000000000000000000000000000000000]
empty_139                (icmp             ) [ 0000000000000000000000000000000000000000000000000000000000000000000000000000000000000000000000000000000000000000000000000000000000000000000000000000000000000000000000000000000000000000000000000000000000000000000000000]
empty_140                (icmp             ) [ 0000000000000000000000000000000000000000000000000000000000000000000000000000000000000000000000000000000000000000000000000000000000000000000000000000000000000000000000000000000000000000000000000000000000000000000000000]
empty_141                (or               ) [ 0000000000000000000000000000000000000000000000000000000000000000000000000000000000000000000000000000000000000000000000000000000000000000000000000000000000000000000000000000000000000000000000000000000000000000000000000]
empty_142                (icmp             ) [ 0000000000000000000000000000000000000000000000000000000000000000000000000000000000000000000000000000000000000000000000000000000000000000000000000000000000000000000000000000000000000000000000000000000000000000000000000]
empty_143                (or               ) [ 0000000000000000000000000000000000000000000000000000000000000000000000000000000000000000000000000000000000000000000000000000000000000000000000000000000000000000000000000000000000000000000000000000000000000000000000000]
empty_144                (icmp             ) [ 0000000000000000000000000000000000000000000000000000000000000000000000000000000000000000000000000000000000000000000000000000000000000000000000000000000000000000000000000000000000000000000000000000000000000000000000000]
empty_145                (or               ) [ 0000000000000000000000000000000000000000000000000000000000000000000000000000000000000000000000000000000000000000000000000000000000000000000000000000000000000000000000000000000000000000000000000000000000000000000000000]
empty_146                (icmp             ) [ 0000000000000000000000000000000000000000000000000000000000000000000000000000000000000000000000000000000000000000000000000000000000000000000000000000000000000000000000000000000000000000000000000000000000000000000000000]
empty_147                (or               ) [ 0000000000000000000000000000000000000000000000000000000000000000000000000000000000000000000000000000000000000000000000000000000000000000000000000000000000000000000000000000000000000000000000000000000000000000000000000]
empty_148                (icmp             ) [ 0000000000000000000000000000000000000000000000000000000000000000000000000000000000000000000000000000000000000000000000000000000000000000000000000000000000000000000000000000000000000000000000000000000000000000000000000]
empty_149                (or               ) [ 0011111111111111111111111111111111111111111111111111111111111111111111111111111111111111111111111111111111111111111111111111111111111111111111111111111111111111111111111111111111111111111111111111111111111111111111111]
br_ln0                   (br               ) [ 0000000000000000000000000000000000000000000000000000000000000000000000000000000000000000000000000000000000000000000000000000000000000000000000000000000000000000000000000000000000000000000000000000000000000000000000000]
br_ln1125                (br               ) [ 0000000000000000000000000000000000000000000000000000000000000000000000000000000000000000000000000000000000000000000000000000000000000000000000000000000000000000000000000000000000000000000000000000000000000000000000000]
br_ln1125                (br               ) [ 0000000000000000000000000000000000000000000000000000000000000000000000000000000000000000000000000000000000000000000000000000000000000000000000000000000000000000000000000000000000000000000000000000000000000000000000000]
empty_150                (icmp             ) [ 0000000000000000000000000000000000000000000000000000000000000000000000000000000000000000000000000000000000000000000000000000000000000000000000000000000000000000000000000000000000000000000000000000000000000000000000000]
empty_151                (icmp             ) [ 0000000000000000000000000000000000000000000000000000000000000000000000000000000000000000000000000000000000000000000000000000000000000000000000000000000000000000000000000000000000000000000000000000000000000000000000000]
empty_152                (or               ) [ 0000000000000000000000000000000000000000000000000000000000000000000000000000000000000000000000000000000000000000000000000000000000000000000000000000000000000000000000000000000000000000000000000000000000000000000000000]
empty_153                (icmp             ) [ 0000000000000000000000000000000000000000000000000000000000000000000000000000000000000000000000000000000000000000000000000000000000000000000000000000000000000000000000000000000000000000000000000000000000000000000000000]
empty_154                (or               ) [ 0000000000000000000000000000000000000000000000000000000000000000000000000000000000000000000000000000000000000000000000000000000000000000000000000000000000000000000000000000000000000000000000000000000000000000000000000]
empty_155                (icmp             ) [ 0000000000000000000000000000000000000000000000000000000000000000000000000000000000000000000000000000000000000000000000000000000000000000000000000000000000000000000000000000000000000000000000000000000000000000000000000]
empty_156                (or               ) [ 0000000000000000000000000000000000000000000000000000000000000000000000000000000000000000000000000000000000000000000000000000000000000000000000000000000000000000000000000000000000000000000000000000000000000000000000000]
empty_157                (icmp             ) [ 0000000000000000000000000000000000000000000000000000000000000000000000000000000000000000000000000000000000000000000000000000000000000000000000000000000000000000000000000000000000000000000000000000000000000000000000000]
empty_158                (or               ) [ 0011111111111111111111111111111111111111111111111111111111111111111111111111111111111111111111111111111111111111111111111111111111111111111111111111111111111111111111111111111111111111111111111111111111111111111111111]
br_ln0                   (br               ) [ 0000000000000000000000000000000000000000000000000000000000000000000000000000000000000000000000000000000000000000000000000000000000000000000000000000000000000000000000000000000000000000000000000000000000000000000000000]
offsetUV_load            (load             ) [ 0000000000000000000000000000000000000000000000000000000000000000000000000000000000000000000000000000000000000000000000000000000000000000000000000000000000000000000000000000000000000000000000000000000000000000000000000]
shl_ln1127               (shl              ) [ 0000000000000000000000000000000000000000000000000000000000000000000000000000000000000000000000000000000000000000000000000000000000000000000000000000000000000000000000000000000000000000000000000000000000000000000000000]
add_ln1127               (add              ) [ 0000000000000000000000000000000000000000000000000000000000000000000000000000000000000000000000000000000000000000000000000000000000000000000000000000000000000000000000000000000000000000000000000000000000000000000000000]
trunc_ln1                (partselect       ) [ 0000000000000000000000000000000000000000000000000000000000000000000000000000000000000000000000000000000000000011100000000000000000000000000000000000000000000000000000000000000000000000000000000000000000000000000000000]
offsetUV_1               (add              ) [ 0000000000000000000000000000000000000000000000000000000000000000000000000000000000000000000000000000000000000000000000000000000000000000000000000000000000000000000000000000000000000000000000000000000000000000000000000]
store_ln1136             (store            ) [ 0000000000000000000000000000000000000000000000000000000000000000000000000000000000000000000000000000000000000000000000000000000000000000000000000000000000000000000000000000000000000000000000000000000000000000000000000]
sext_ln1127              (sext             ) [ 0000000000000000000000000000000000000000000000000000000000000000000000000000000000000000000000000000000000000000000000000000000000000000000000000000000000000000000000000000000000000000000000000000000000000000000000000]
mm_video_addr_1          (getelementptr    ) [ 0011111111111111111111111111111111111111111111111111111111111111111111111111111111111111111111111111111111111101111111111111111111111111111111111111111111111111111111111111111111111111111111111111111111111111111111111]
empty_159                (writereq         ) [ 0000000000000000000000000000000000000000000000000000000000000000000000000000000000000000000000000000000000000000000000000000000000000000000000000000000000000000000000000000000000000000000000000000000000000000000000000]
empty_160                (wait             ) [ 0000000000000000000000000000000000000000000000000000000000000000000000000000000000000000000000000000000000000000000000000000000000000000000000000000000000000000000000000000000000000000000000000000000000000000000000000]
call_ln1127              (call             ) [ 0000000000000000000000000000000000000000000000000000000000000000000000000000000000000000000000000000000000000000000000000000000000000000000000000000000000000000000000000000000000000000000000000000000000000000000000000]
empty_161                (writeresp        ) [ 0000000000000000000000000000000000000000000000000000000000000000000000000000000000000000000000000000000000000000000000000000000000000000000000000000000000000000000000000000000000000000000000000000000000000000000000000]
br_ln1136                (br               ) [ 0000000000000000000000000000000000000000000000000000000000000000000000000000000000000000000000000000000000000000000000000000000000000000000000000000000000000000000000000000000000000000000000000000000000000000000000000]
store_ln1113             (store            ) [ 0000000000000000000000000000000000000000000000000000000000000000000000000000000000000000000000000000000000000000000000000000000000000000000000000000000000000000000000000000000000000000000000000000000000000000000000000]
store_ln1113             (store            ) [ 0000000000000000000000000000000000000000000000000000000000000000000000000000000000000000000000000000000000000000000000000000000000000000000000000000000000000000000000000000000000000000000000000000000000000000000000000]
br_ln1113                (br               ) [ 0000000000000000000000000000000000000000000000000000000000000000000000000000000000000000000000000000000000000000000000000000000000000000000000000000000000000000000000000000000000000000000000000000000000000000000000000]
</LifeTime>

<model>

<comp_list>
<comp id="0" class="1000" name="bytePlanes_plane01">
<pin_list>
<pin id="1" dir="1" index="0" bw="1" slack="0"/>
</pin_list>
<bind>
<StgValue><ssdm name="bytePlanes_plane01"/></StgValue>
</bind>
</comp>

<comp id="2" class="1000" name="bytePlanes_plane12">
<pin_list>
<pin id="3" dir="1" index="0" bw="1" slack="0"/>
</pin_list>
<bind>
<StgValue><ssdm name="bytePlanes_plane12"/></StgValue>
</bind>
</comp>

<comp id="4" class="1000" name="mm_video">
<pin_list>
<pin id="5" dir="1" index="0" bw="1" slack="0"/>
</pin_list>
<bind>
<StgValue><ssdm name="mm_video"/></StgValue>
</bind>
</comp>

<comp id="6" class="1000" name="dstImg">
<pin_list>
<pin id="7" dir="1" index="0" bw="1" slack="0"/>
</pin_list>
<bind>
<StgValue><ssdm name="dstImg"/></StgValue>
</bind>
</comp>

<comp id="8" class="1000" name="dstImg2">
<pin_list>
<pin id="9" dir="1" index="0" bw="1" slack="0"/>
</pin_list>
<bind>
<StgValue><ssdm name="dstImg2"/></StgValue>
</bind>
</comp>

<comp id="10" class="1000" name="Height">
<pin_list>
<pin id="11" dir="1" index="0" bw="1" slack="0"/>
</pin_list>
<bind>
<StgValue><ssdm name="Height"/></StgValue>
</bind>
</comp>

<comp id="12" class="1000" name="WidthInBytes">
<pin_list>
<pin id="13" dir="1" index="0" bw="1" slack="0"/>
</pin_list>
<bind>
<StgValue><ssdm name="WidthInBytes"/></StgValue>
</bind>
</comp>

<comp id="14" class="1000" name="StrideInBytes">
<pin_list>
<pin id="15" dir="1" index="0" bw="1" slack="0"/>
</pin_list>
<bind>
<StgValue><ssdm name="StrideInBytes"/></StgValue>
</bind>
</comp>

<comp id="16" class="1000" name="VideoFormat">
<pin_list>
<pin id="17" dir="1" index="0" bw="1" slack="0"/>
</pin_list>
<bind>
<StgValue><ssdm name="VideoFormat"/></StgValue>
</bind>
</comp>

<comp id="18" class="1001" name="const_18">
<pin_list>
<pin id="19" dir="1" index="0" bw="1" slack="0"/>
</pin_list>
<bind>
<StgValue><ssdm name=""/></StgValue>
</bind>
</comp>

<comp id="20" class="1001" name="const_20">
<pin_list>
<pin id="21" dir="1" index="0" bw="1" slack="2147483647"/>
</pin_list>
<bind>
<StgValue><ssdm name="_ssdm_op_SpecInterface"/></StgValue>
</bind>
</comp>

<comp id="22" class="1001" name="const_22">
<pin_list>
<pin id="23" dir="1" index="0" bw="1" slack="2147483647"/>
</pin_list>
<bind>
<StgValue><ssdm name="ap_fifo_str"/></StgValue>
</bind>
</comp>

<comp id="24" class="1001" name="const_24">
<pin_list>
<pin id="25" dir="1" index="0" bw="1" slack="0"/>
</pin_list>
<bind>
<StgValue><ssdm name=""/></StgValue>
</bind>
</comp>

<comp id="26" class="1001" name="const_26">
<pin_list>
<pin id="27" dir="1" index="0" bw="1" slack="2147483647"/>
</pin_list>
<bind>
<StgValue><ssdm name="p_str"/></StgValue>
</bind>
</comp>

<comp id="28" class="1001" name="const_28">
<pin_list>
<pin id="29" dir="1" index="0" bw="1" slack="2147483647"/>
</pin_list>
<bind>
<StgValue><ssdm name=""/></StgValue>
</bind>
</comp>

<comp id="30" class="1001" name="const_30">
<pin_list>
<pin id="31" dir="1" index="0" bw="1" slack="2147483647"/>
</pin_list>
<bind>
<StgValue><ssdm name=""/></StgValue>
</bind>
</comp>

<comp id="32" class="1001" name="const_32">
<pin_list>
<pin id="33" dir="1" index="0" bw="1" slack="2147483647"/>
</pin_list>
<bind>
<StgValue><ssdm name="ScalarProp_str"/></StgValue>
</bind>
</comp>

<comp id="34" class="1001" name="const_34">
<pin_list>
<pin id="35" dir="1" index="0" bw="1" slack="2147483647"/>
</pin_list>
<bind>
<StgValue><ssdm name=""/></StgValue>
</bind>
</comp>

<comp id="36" class="1001" name="const_36">
<pin_list>
<pin id="37" dir="1" index="0" bw="1" slack="0"/>
</pin_list>
<bind>
<StgValue><ssdm name="_ssdm_op_Read.ap_fifo.i6P0A"/></StgValue>
</bind>
</comp>

<comp id="38" class="1001" name="const_38">
<pin_list>
<pin id="39" dir="1" index="0" bw="1" slack="0"/>
</pin_list>
<bind>
<StgValue><ssdm name="_ssdm_op_Read.ap_fifo.i16P0A"/></StgValue>
</bind>
</comp>

<comp id="40" class="1001" name="const_40">
<pin_list>
<pin id="41" dir="1" index="0" bw="1" slack="0"/>
</pin_list>
<bind>
<StgValue><ssdm name="_ssdm_op_Read.ap_fifo.i11P0A"/></StgValue>
</bind>
</comp>

<comp id="42" class="1001" name="const_42">
<pin_list>
<pin id="43" dir="1" index="0" bw="1" slack="0"/>
</pin_list>
<bind>
<StgValue><ssdm name="_ssdm_op_Read.ap_fifo.i14P0A"/></StgValue>
</bind>
</comp>

<comp id="44" class="1001" name="const_44">
<pin_list>
<pin id="45" dir="1" index="0" bw="1" slack="0"/>
</pin_list>
<bind>
<StgValue><ssdm name="_ssdm_op_Read.ap_fifo.i32P0A"/></StgValue>
</bind>
</comp>

<comp id="46" class="1001" name="const_46">
<pin_list>
<pin id="47" dir="1" index="0" bw="1" slack="2147483647"/>
</pin_list>
<bind>
<StgValue><ssdm name="_ssdm_op_SpecMemCore"/></StgValue>
</bind>
</comp>

<comp id="48" class="1001" name="const_48">
<pin_list>
<pin id="49" dir="1" index="0" bw="1" slack="2147483647"/>
</pin_list>
<bind>
<StgValue><ssdm name=""/></StgValue>
</bind>
</comp>

<comp id="50" class="1001" name="const_50">
<pin_list>
<pin id="51" dir="1" index="0" bw="1" slack="2147483647"/>
</pin_list>
<bind>
<StgValue><ssdm name=""/></StgValue>
</bind>
</comp>

<comp id="52" class="1001" name="const_52">
<pin_list>
<pin id="53" dir="1" index="0" bw="1" slack="2147483647"/>
</pin_list>
<bind>
<StgValue><ssdm name=""/></StgValue>
</bind>
</comp>

<comp id="54" class="1001" name="const_54">
<pin_list>
<pin id="55" dir="1" index="0" bw="1" slack="2147483647"/>
</pin_list>
<bind>
<StgValue><ssdm name="empty_8"/></StgValue>
</bind>
</comp>

<comp id="56" class="1001" name="const_56">
<pin_list>
<pin id="57" dir="1" index="0" bw="1" slack="2147483647"/>
</pin_list>
<bind>
<StgValue><ssdm name="empty_25"/></StgValue>
</bind>
</comp>

<comp id="58" class="1001" name="const_58">
<pin_list>
<pin id="59" dir="1" index="0" bw="1" slack="2147483647"/>
</pin_list>
<bind>
<StgValue><ssdm name="empty_24"/></StgValue>
</bind>
</comp>

<comp id="60" class="1001" name="const_60">
<pin_list>
<pin id="61" dir="1" index="0" bw="1" slack="2147483647"/>
</pin_list>
<bind>
<StgValue><ssdm name=""/></StgValue>
</bind>
</comp>

<comp id="62" class="1001" name="const_62">
<pin_list>
<pin id="63" dir="1" index="0" bw="1" slack="2147483647"/>
</pin_list>
<bind>
<StgValue><ssdm name=""/></StgValue>
</bind>
</comp>

<comp id="64" class="1001" name="const_64">
<pin_list>
<pin id="65" dir="1" index="0" bw="1" slack="2147483647"/>
</pin_list>
<bind>
<StgValue><ssdm name="empty_26"/></StgValue>
</bind>
</comp>

<comp id="66" class="1001" name="const_66">
<pin_list>
<pin id="67" dir="1" index="0" bw="1" slack="2147483647"/>
</pin_list>
<bind>
<StgValue><ssdm name="empty_27"/></StgValue>
</bind>
</comp>

<comp id="68" class="1001" name="const_68">
<pin_list>
<pin id="69" dir="1" index="0" bw="1" slack="2147483647"/>
</pin_list>
<bind>
<StgValue><ssdm name=""/></StgValue>
</bind>
</comp>

<comp id="70" class="1001" name="const_70">
<pin_list>
<pin id="71" dir="1" index="0" bw="1" slack="0"/>
</pin_list>
<bind>
<StgValue><ssdm name=""/></StgValue>
</bind>
</comp>

<comp id="72" class="1001" name="const_72">
<pin_list>
<pin id="73" dir="1" index="0" bw="1" slack="0"/>
</pin_list>
<bind>
<StgValue><ssdm name="_ssdm_op_PartSelect.i12.i15.i32.i32"/></StgValue>
</bind>
</comp>

<comp id="74" class="1001" name="const_74">
<pin_list>
<pin id="75" dir="1" index="0" bw="1" slack="0"/>
</pin_list>
<bind>
<StgValue><ssdm name=""/></StgValue>
</bind>
</comp>

<comp id="76" class="1001" name="const_76">
<pin_list>
<pin id="77" dir="1" index="0" bw="1" slack="0"/>
</pin_list>
<bind>
<StgValue><ssdm name=""/></StgValue>
</bind>
</comp>

<comp id="78" class="1001" name="const_78">
<pin_list>
<pin id="79" dir="1" index="0" bw="1" slack="0"/>
</pin_list>
<bind>
<StgValue><ssdm name="_ssdm_op_PartSelect.i13.i16.i32.i32"/></StgValue>
</bind>
</comp>

<comp id="80" class="1001" name="const_80">
<pin_list>
<pin id="81" dir="1" index="0" bw="1" slack="0"/>
</pin_list>
<bind>
<StgValue><ssdm name=""/></StgValue>
</bind>
</comp>

<comp id="82" class="1001" name="const_82">
<pin_list>
<pin id="83" dir="1" index="0" bw="1" slack="0"/>
</pin_list>
<bind>
<StgValue><ssdm name=""/></StgValue>
</bind>
</comp>

<comp id="84" class="1001" name="const_84">
<pin_list>
<pin id="85" dir="1" index="0" bw="1" slack="0"/>
</pin_list>
<bind>
<StgValue><ssdm name="_ssdm_op_PartSelect.i6.i7.i32.i32"/></StgValue>
</bind>
</comp>

<comp id="86" class="1001" name="const_86">
<pin_list>
<pin id="87" dir="1" index="0" bw="1" slack="0"/>
</pin_list>
<bind>
<StgValue><ssdm name=""/></StgValue>
</bind>
</comp>

<comp id="88" class="1001" name="const_88">
<pin_list>
<pin id="89" dir="1" index="0" bw="1" slack="0"/>
</pin_list>
<bind>
<StgValue><ssdm name=""/></StgValue>
</bind>
</comp>

<comp id="90" class="1001" name="const_90">
<pin_list>
<pin id="91" dir="1" index="0" bw="1" slack="0"/>
</pin_list>
<bind>
<StgValue><ssdm name=""/></StgValue>
</bind>
</comp>

<comp id="92" class="1001" name="const_92">
<pin_list>
<pin id="93" dir="1" index="0" bw="1" slack="0"/>
</pin_list>
<bind>
<StgValue><ssdm name=""/></StgValue>
</bind>
</comp>

<comp id="94" class="1001" name="const_94">
<pin_list>
<pin id="95" dir="1" index="0" bw="1" slack="0"/>
</pin_list>
<bind>
<StgValue><ssdm name=""/></StgValue>
</bind>
</comp>

<comp id="96" class="1001" name="const_96">
<pin_list>
<pin id="97" dir="1" index="0" bw="1" slack="0"/>
</pin_list>
<bind>
<StgValue><ssdm name="_ssdm_op_BitConcatenate.i27.i24.i3"/></StgValue>
</bind>
</comp>

<comp id="98" class="1001" name="const_98">
<pin_list>
<pin id="99" dir="1" index="0" bw="1" slack="0"/>
</pin_list>
<bind>
<StgValue><ssdm name=""/></StgValue>
</bind>
</comp>

<comp id="100" class="1001" name="const_100">
<pin_list>
<pin id="101" dir="1" index="0" bw="1" slack="0"/>
</pin_list>
<bind>
<StgValue><ssdm name="_ssdm_op_PartSelect.i29.i32.i32.i32"/></StgValue>
</bind>
</comp>

<comp id="102" class="1001" name="const_102">
<pin_list>
<pin id="103" dir="1" index="0" bw="1" slack="0"/>
</pin_list>
<bind>
<StgValue><ssdm name=""/></StgValue>
</bind>
</comp>

<comp id="104" class="1001" name="const_104">
<pin_list>
<pin id="105" dir="1" index="0" bw="1" slack="0"/>
</pin_list>
<bind>
<StgValue><ssdm name="_ssdm_op_WriteReq.m_axi.p1i64"/></StgValue>
</bind>
</comp>

<comp id="106" class="1001" name="const_106">
<pin_list>
<pin id="107" dir="1" index="0" bw="1" slack="2147483647"/>
</pin_list>
<bind>
<StgValue><ssdm name="_ssdm_op_Wait"/></StgValue>
</bind>
</comp>

<comp id="108" class="1001" name="const_108">
<pin_list>
<pin id="109" dir="1" index="0" bw="1" slack="0"/>
</pin_list>
<bind>
<StgValue><ssdm name="Bytes2AXIMMvideo_Pipeline_VITIS_LOOP_1117_1"/></StgValue>
</bind>
</comp>

<comp id="110" class="1001" name="const_110">
<pin_list>
<pin id="111" dir="1" index="0" bw="1" slack="0"/>
</pin_list>
<bind>
<StgValue><ssdm name="_ssdm_op_WriteResp.m_axi.p1i64"/></StgValue>
</bind>
</comp>

<comp id="112" class="1001" name="const_112">
<pin_list>
<pin id="113" dir="1" index="0" bw="1" slack="2147483647"/>
</pin_list>
<bind>
<StgValue><ssdm name="_ssdm_op_SpecLoopTripCount"/></StgValue>
</bind>
</comp>

<comp id="114" class="1001" name="const_114">
<pin_list>
<pin id="115" dir="1" index="0" bw="1" slack="2147483647"/>
</pin_list>
<bind>
<StgValue><ssdm name=""/></StgValue>
</bind>
</comp>

<comp id="116" class="1001" name="const_116">
<pin_list>
<pin id="117" dir="1" index="0" bw="1" slack="2147483647"/>
</pin_list>
<bind>
<StgValue><ssdm name=""/></StgValue>
</bind>
</comp>

<comp id="118" class="1001" name="const_118">
<pin_list>
<pin id="119" dir="1" index="0" bw="1" slack="2147483647"/>
</pin_list>
<bind>
<StgValue><ssdm name=""/></StgValue>
</bind>
</comp>

<comp id="120" class="1001" name="const_120">
<pin_list>
<pin id="121" dir="1" index="0" bw="1" slack="2147483647"/>
</pin_list>
<bind>
<StgValue><ssdm name="_ssdm_op_SpecLoopName"/></StgValue>
</bind>
</comp>

<comp id="122" class="1001" name="const_122">
<pin_list>
<pin id="123" dir="1" index="0" bw="1" slack="2147483647"/>
</pin_list>
<bind>
<StgValue><ssdm name="empty_13"/></StgValue>
</bind>
</comp>

<comp id="124" class="1001" name="const_124">
<pin_list>
<pin id="125" dir="1" index="0" bw="1" slack="0"/>
</pin_list>
<bind>
<StgValue><ssdm name=""/></StgValue>
</bind>
</comp>

<comp id="126" class="1001" name="const_126">
<pin_list>
<pin id="127" dir="1" index="0" bw="1" slack="0"/>
</pin_list>
<bind>
<StgValue><ssdm name=""/></StgValue>
</bind>
</comp>

<comp id="128" class="1001" name="const_128">
<pin_list>
<pin id="129" dir="1" index="0" bw="1" slack="0"/>
</pin_list>
<bind>
<StgValue><ssdm name=""/></StgValue>
</bind>
</comp>

<comp id="130" class="1001" name="const_130">
<pin_list>
<pin id="131" dir="1" index="0" bw="1" slack="0"/>
</pin_list>
<bind>
<StgValue><ssdm name=""/></StgValue>
</bind>
</comp>

<comp id="132" class="1001" name="const_132">
<pin_list>
<pin id="133" dir="1" index="0" bw="1" slack="0"/>
</pin_list>
<bind>
<StgValue><ssdm name=""/></StgValue>
</bind>
</comp>

<comp id="134" class="1001" name="const_134">
<pin_list>
<pin id="135" dir="1" index="0" bw="1" slack="0"/>
</pin_list>
<bind>
<StgValue><ssdm name=""/></StgValue>
</bind>
</comp>

<comp id="136" class="1001" name="const_136">
<pin_list>
<pin id="137" dir="1" index="0" bw="1" slack="0"/>
</pin_list>
<bind>
<StgValue><ssdm name=""/></StgValue>
</bind>
</comp>

<comp id="138" class="1001" name="const_138">
<pin_list>
<pin id="139" dir="1" index="0" bw="1" slack="0"/>
</pin_list>
<bind>
<StgValue><ssdm name=""/></StgValue>
</bind>
</comp>

<comp id="140" class="1001" name="const_140">
<pin_list>
<pin id="141" dir="1" index="0" bw="1" slack="0"/>
</pin_list>
<bind>
<StgValue><ssdm name="Bytes2AXIMMvideo_Pipeline_VITIS_LOOP_1127_2"/></StgValue>
</bind>
</comp>

<comp id="142" class="1004" name="y_fu_142">
<pin_list>
<pin id="143" dir="0" index="0" bw="1" slack="0"/>
<pin id="144" dir="1" index="1" bw="11" slack="0"/>
</pin_list>
<bind>
<opcode="alloca(26) " fcode="alloca"/>
<opset="y/1 "/>
</bind>
</comp>

<comp id="146" class="1004" name="offsetY_fu_146">
<pin_list>
<pin id="147" dir="0" index="0" bw="1" slack="0"/>
<pin id="148" dir="1" index="1" bw="24" slack="0"/>
</pin_list>
<bind>
<opcode="alloca(26) " fcode="alloca"/>
<opset="offsetY/1 "/>
</bind>
</comp>

<comp id="150" class="1004" name="offsetUV_fu_150">
<pin_list>
<pin id="151" dir="0" index="0" bw="1" slack="0"/>
<pin id="152" dir="1" index="1" bw="32" slack="0"/>
</pin_list>
<bind>
<opcode="alloca(26) " fcode="alloca"/>
<opset="offsetUV/1 "/>
</bind>
</comp>

<comp id="154" class="1004" name="VideoFormat_read_read_fu_154">
<pin_list>
<pin id="155" dir="0" index="0" bw="6" slack="0"/>
<pin id="156" dir="0" index="1" bw="6" slack="0"/>
<pin id="157" dir="1" index="2" bw="6" slack="0"/>
</pin_list>
<bind>
<opcode="read(1150) " fcode="read"/>
<opset="VideoFormat_read/1 "/>
</bind>
</comp>

<comp id="160" class="1004" name="StrideInBytes_read_read_fu_160">
<pin_list>
<pin id="161" dir="0" index="0" bw="16" slack="0"/>
<pin id="162" dir="0" index="1" bw="16" slack="0"/>
<pin id="163" dir="1" index="2" bw="16" slack="0"/>
</pin_list>
<bind>
<opcode="read(1150) " fcode="read"/>
<opset="StrideInBytes_read/1 "/>
</bind>
</comp>

<comp id="166" class="1004" name="Height_read_read_fu_166">
<pin_list>
<pin id="167" dir="0" index="0" bw="11" slack="0"/>
<pin id="168" dir="0" index="1" bw="11" slack="0"/>
<pin id="169" dir="1" index="2" bw="11" slack="1"/>
</pin_list>
<bind>
<opcode="read(1150) " fcode="read"/>
<opset="Height_read/1 "/>
</bind>
</comp>

<comp id="172" class="1004" name="WidthInBytes_read_read_fu_172">
<pin_list>
<pin id="173" dir="0" index="0" bw="14" slack="0"/>
<pin id="174" dir="0" index="1" bw="14" slack="0"/>
<pin id="175" dir="1" index="2" bw="14" slack="0"/>
</pin_list>
<bind>
<opcode="read(1150) " fcode="read"/>
<opset="WidthInBytes_read/1 "/>
</bind>
</comp>

<comp id="178" class="1004" name="dstImg2_read_read_fu_178">
<pin_list>
<pin id="179" dir="0" index="0" bw="32" slack="0"/>
<pin id="180" dir="0" index="1" bw="32" slack="0"/>
<pin id="181" dir="1" index="2" bw="32" slack="108"/>
</pin_list>
<bind>
<opcode="read(1150) " fcode="read"/>
<opset="dstImg2_read/1 "/>
</bind>
</comp>

<comp id="184" class="1004" name="dstImg_read_read_fu_184">
<pin_list>
<pin id="185" dir="0" index="0" bw="32" slack="0"/>
<pin id="186" dir="0" index="1" bw="32" slack="0"/>
<pin id="187" dir="1" index="2" bw="32" slack="1"/>
</pin_list>
<bind>
<opcode="read(1150) " fcode="read"/>
<opset="dstImg_read/1 "/>
</bind>
</comp>

<comp id="190" class="1004" name="grp_writeresp_fu_190">
<pin_list>
<pin id="191" dir="0" index="0" bw="1" slack="0"/>
<pin id="192" dir="0" index="1" bw="64" slack="0"/>
<pin id="193" dir="0" index="2" bw="12" slack="2"/>
<pin id="194" dir="1" index="3" bw="1" slack="2147483647"/>
</pin_list>
<bind>
<opcode="writereq(1155) writeresp(1158) " fcode="writeresp"/>
<opset="empty/3 empty_138/6 "/>
</bind>
</comp>

<comp id="197" class="1004" name="grp_writeresp_fu_197">
<pin_list>
<pin id="198" dir="0" index="0" bw="1" slack="0"/>
<pin id="199" dir="0" index="1" bw="64" slack="0"/>
<pin id="200" dir="0" index="2" bw="12" slack="109"/>
<pin id="201" dir="1" index="3" bw="1" slack="2147483647"/>
</pin_list>
<bind>
<opcode="writereq(1155) writeresp(1158) " fcode="writeresp"/>
<opset="empty_159/110 empty_161/113 "/>
</bind>
</comp>

<comp id="204" class="1004" name="grp_Bytes2AXIMMvideo_Pipeline_VITIS_LOOP_1117_1_fu_204">
<pin_list>
<pin id="205" dir="0" index="0" bw="0" slack="0"/>
<pin id="206" dir="0" index="1" bw="64" slack="0"/>
<pin id="207" dir="0" index="2" bw="29" slack="2"/>
<pin id="208" dir="0" index="3" bw="12" slack="3"/>
<pin id="209" dir="0" index="4" bw="64" slack="0"/>
<pin id="210" dir="1" index="5" bw="0" slack="2147483647"/>
</pin_list>
<bind>
<opcode="call(48) " fcode="call"/>
<opset="call_ln1117/4 "/>
</bind>
</comp>

<comp id="214" class="1004" name="grp_Bytes2AXIMMvideo_Pipeline_VITIS_LOOP_1127_2_fu_214">
<pin_list>
<pin id="215" dir="0" index="0" bw="0" slack="0"/>
<pin id="216" dir="0" index="1" bw="64" slack="0"/>
<pin id="217" dir="0" index="2" bw="29" slack="2"/>
<pin id="218" dir="0" index="3" bw="12" slack="110"/>
<pin id="219" dir="0" index="4" bw="64" slack="0"/>
<pin id="220" dir="1" index="5" bw="0" slack="2147483647"/>
</pin_list>
<bind>
<opcode="call(48) " fcode="call"/>
<opset="call_ln1127/111 "/>
</bind>
</comp>

<comp id="224" class="1004" name="WidthInBytes_load_cast_fu_224">
<pin_list>
<pin id="225" dir="0" index="0" bw="14" slack="0"/>
<pin id="226" dir="1" index="1" bw="15" slack="0"/>
</pin_list>
<bind>
<opcode="zext(34) " fcode="zext"/>
<opset="WidthInBytes_load_cast/1 "/>
</bind>
</comp>

<comp id="228" class="1004" name="sub_fu_228">
<pin_list>
<pin id="229" dir="0" index="0" bw="14" slack="0"/>
<pin id="230" dir="0" index="1" bw="4" slack="0"/>
<pin id="231" dir="1" index="2" bw="15" slack="0"/>
</pin_list>
<bind>
<opcode="add(8) " fcode="add"/>
<opset="sub/1 "/>
</bind>
</comp>

<comp id="234" class="1004" name="div_fu_234">
<pin_list>
<pin id="235" dir="0" index="0" bw="12" slack="0"/>
<pin id="236" dir="0" index="1" bw="15" slack="0"/>
<pin id="237" dir="0" index="2" bw="3" slack="0"/>
<pin id="238" dir="0" index="3" bw="5" slack="0"/>
<pin id="239" dir="1" index="4" bw="12" slack="0"/>
</pin_list>
<bind>
<opcode="partselect(1002) " fcode="partselect"/>
<opset="div/1 "/>
</bind>
</comp>

<comp id="244" class="1004" name="div_cast1_fu_244">
<pin_list>
<pin id="245" dir="0" index="0" bw="12" slack="0"/>
<pin id="246" dir="1" index="1" bw="32" slack="2"/>
</pin_list>
<bind>
<opcode="zext(34) " fcode="zext"/>
<opset="div_cast1/1 "/>
</bind>
</comp>

<comp id="248" class="1004" name="div8_fu_248">
<pin_list>
<pin id="249" dir="0" index="0" bw="13" slack="0"/>
<pin id="250" dir="0" index="1" bw="16" slack="0"/>
<pin id="251" dir="0" index="2" bw="3" slack="0"/>
<pin id="252" dir="0" index="3" bw="5" slack="0"/>
<pin id="253" dir="1" index="4" bw="13" slack="0"/>
</pin_list>
<bind>
<opcode="partselect(1002) " fcode="partselect"/>
<opset="div8/1 "/>
</bind>
</comp>

<comp id="258" class="1004" name="div8_cast2_fu_258">
<pin_list>
<pin id="259" dir="0" index="0" bw="13" slack="0"/>
<pin id="260" dir="1" index="1" bw="32" slack="108"/>
</pin_list>
<bind>
<opcode="zext(34) " fcode="zext"/>
<opset="div8_cast2/1 "/>
</bind>
</comp>

<comp id="262" class="1004" name="VideoFormat_load_cast4_fu_262">
<pin_list>
<pin id="263" dir="0" index="0" bw="6" slack="0"/>
<pin id="264" dir="1" index="1" bw="7" slack="0"/>
</pin_list>
<bind>
<opcode="zext(34) " fcode="zext"/>
<opset="VideoFormat_load_cast4/1 "/>
</bind>
</comp>

<comp id="266" class="1004" name="zext_ln1125_fu_266">
<pin_list>
<pin id="267" dir="0" index="0" bw="13" slack="0"/>
<pin id="268" dir="1" index="1" bw="24" slack="1"/>
</pin_list>
<bind>
<opcode="zext(34) " fcode="zext"/>
<opset="zext_ln1125/1 "/>
</bind>
</comp>

<comp id="270" class="1004" name="add_ln1125_fu_270">
<pin_list>
<pin id="271" dir="0" index="0" bw="6" slack="0"/>
<pin id="272" dir="0" index="1" bw="7" slack="0"/>
<pin id="273" dir="1" index="2" bw="7" slack="0"/>
</pin_list>
<bind>
<opcode="add(8) " fcode="add"/>
<opset="add_ln1125/1 "/>
</bind>
</comp>

<comp id="276" class="1004" name="tmp_fu_276">
<pin_list>
<pin id="277" dir="0" index="0" bw="6" slack="0"/>
<pin id="278" dir="0" index="1" bw="7" slack="0"/>
<pin id="279" dir="0" index="2" bw="1" slack="0"/>
<pin id="280" dir="0" index="3" bw="4" slack="0"/>
<pin id="281" dir="1" index="4" bw="6" slack="0"/>
</pin_list>
<bind>
<opcode="partselect(1002) " fcode="partselect"/>
<opset="tmp/1 "/>
</bind>
</comp>

<comp id="286" class="1004" name="icmp_ln1125_fu_286">
<pin_list>
<pin id="287" dir="0" index="0" bw="6" slack="0"/>
<pin id="288" dir="0" index="1" bw="6" slack="0"/>
<pin id="289" dir="1" index="2" bw="1" slack="108"/>
</pin_list>
<bind>
<opcode="icmp(45) " fcode="icmp"/>
<opset="icmp_ln1125/1 "/>
</bind>
</comp>

<comp id="292" class="1004" name="store_ln1113_store_fu_292">
<pin_list>
<pin id="293" dir="0" index="0" bw="1" slack="0"/>
<pin id="294" dir="0" index="1" bw="32" slack="0"/>
<pin id="295" dir="1" index="2" bw="0" slack="2147483647"/>
</pin_list>
<bind>
<opcode="store(28) " fcode="store"/>
<opset="store_ln1113/1 "/>
</bind>
</comp>

<comp id="297" class="1004" name="store_ln1113_store_fu_297">
<pin_list>
<pin id="298" dir="0" index="0" bw="1" slack="0"/>
<pin id="299" dir="0" index="1" bw="24" slack="0"/>
<pin id="300" dir="1" index="2" bw="0" slack="2147483647"/>
</pin_list>
<bind>
<opcode="store(28) " fcode="store"/>
<opset="store_ln1113/1 "/>
</bind>
</comp>

<comp id="302" class="1004" name="store_ln1113_store_fu_302">
<pin_list>
<pin id="303" dir="0" index="0" bw="1" slack="0"/>
<pin id="304" dir="0" index="1" bw="11" slack="0"/>
<pin id="305" dir="1" index="2" bw="0" slack="2147483647"/>
</pin_list>
<bind>
<opcode="store(28) " fcode="store"/>
<opset="store_ln1113/1 "/>
</bind>
</comp>

<comp id="307" class="1004" name="y_9_load_fu_307">
<pin_list>
<pin id="308" dir="0" index="0" bw="11" slack="1"/>
<pin id="309" dir="1" index="1" bw="11" slack="0"/>
</pin_list>
<bind>
<opcode="load(27) " fcode="load"/>
<opset="y_9/2 "/>
</bind>
</comp>

<comp id="310" class="1004" name="trunc_ln1113_fu_310">
<pin_list>
<pin id="311" dir="0" index="0" bw="11" slack="0"/>
<pin id="312" dir="1" index="1" bw="1" slack="107"/>
</pin_list>
<bind>
<opcode="trunc(33) " fcode="trunc"/>
<opset="trunc_ln1113/2 "/>
</bind>
</comp>

<comp id="314" class="1004" name="icmp_ln1113_fu_314">
<pin_list>
<pin id="315" dir="0" index="0" bw="11" slack="0"/>
<pin id="316" dir="0" index="1" bw="11" slack="1"/>
<pin id="317" dir="1" index="2" bw="1" slack="2147483647"/>
</pin_list>
<bind>
<opcode="icmp(45) " fcode="icmp"/>
<opset="icmp_ln1113/2 "/>
</bind>
</comp>

<comp id="319" class="1004" name="y_10_fu_319">
<pin_list>
<pin id="320" dir="0" index="0" bw="11" slack="0"/>
<pin id="321" dir="0" index="1" bw="1" slack="0"/>
<pin id="322" dir="1" index="2" bw="11" slack="214"/>
</pin_list>
<bind>
<opcode="add(8) " fcode="add"/>
<opset="y_10/2 "/>
</bind>
</comp>

<comp id="325" class="1004" name="offsetY_load_load_fu_325">
<pin_list>
<pin id="326" dir="0" index="0" bw="24" slack="1"/>
<pin id="327" dir="1" index="1" bw="24" slack="0"/>
</pin_list>
<bind>
<opcode="load(27) " fcode="load"/>
<opset="offsetY_load/2 "/>
</bind>
</comp>

<comp id="328" class="1004" name="shl_ln_fu_328">
<pin_list>
<pin id="329" dir="0" index="0" bw="27" slack="0"/>
<pin id="330" dir="0" index="1" bw="24" slack="0"/>
<pin id="331" dir="0" index="2" bw="1" slack="0"/>
<pin id="332" dir="1" index="3" bw="27" slack="0"/>
</pin_list>
<bind>
<opcode="bitconcatenate(1004) " fcode="bitconcatenate"/>
<opset="shl_ln/2 "/>
</bind>
</comp>

<comp id="336" class="1004" name="zext_ln1117_fu_336">
<pin_list>
<pin id="337" dir="0" index="0" bw="27" slack="0"/>
<pin id="338" dir="1" index="1" bw="32" slack="0"/>
</pin_list>
<bind>
<opcode="zext(34) " fcode="zext"/>
<opset="zext_ln1117/2 "/>
</bind>
</comp>

<comp id="340" class="1004" name="add_ln1117_fu_340">
<pin_list>
<pin id="341" dir="0" index="0" bw="32" slack="1"/>
<pin id="342" dir="0" index="1" bw="27" slack="0"/>
<pin id="343" dir="1" index="2" bw="32" slack="0"/>
</pin_list>
<bind>
<opcode="add(8) " fcode="add"/>
<opset="add_ln1117/2 "/>
</bind>
</comp>

<comp id="345" class="1004" name="trunc_ln_fu_345">
<pin_list>
<pin id="346" dir="0" index="0" bw="29" slack="0"/>
<pin id="347" dir="0" index="1" bw="32" slack="0"/>
<pin id="348" dir="0" index="2" bw="3" slack="0"/>
<pin id="349" dir="0" index="3" bw="6" slack="0"/>
<pin id="350" dir="1" index="4" bw="29" slack="1"/>
</pin_list>
<bind>
<opcode="partselect(1002) " fcode="partselect"/>
<opset="trunc_ln/2 "/>
</bind>
</comp>

<comp id="355" class="1004" name="add_ln1123_fu_355">
<pin_list>
<pin id="356" dir="0" index="0" bw="13" slack="1"/>
<pin id="357" dir="0" index="1" bw="24" slack="0"/>
<pin id="358" dir="1" index="2" bw="24" slack="214"/>
</pin_list>
<bind>
<opcode="add(8) " fcode="add"/>
<opset="add_ln1123/2 "/>
</bind>
</comp>

<comp id="360" class="1004" name="sext_ln1117_fu_360">
<pin_list>
<pin id="361" dir="0" index="0" bw="29" slack="1"/>
<pin id="362" dir="1" index="1" bw="32" slack="0"/>
</pin_list>
<bind>
<opcode="sext(35) " fcode="sext"/>
<opset="sext_ln1117/3 "/>
</bind>
</comp>

<comp id="363" class="1004" name="mm_video_addr_fu_363">
<pin_list>
<pin id="364" dir="0" index="0" bw="32" slack="0"/>
<pin id="365" dir="0" index="1" bw="32" slack="0"/>
<pin id="366" dir="1" index="2" bw="32" slack="0"/>
</pin_list>
<bind>
<opcode="getelementptr(29) " fcode="getelementptr"/>
<opset="mm_video_addr/3 "/>
</bind>
</comp>

<comp id="370" class="1004" name="empty_139_fu_370">
<pin_list>
<pin id="371" dir="0" index="0" bw="6" slack="108"/>
<pin id="372" dir="0" index="1" bw="6" slack="0"/>
<pin id="373" dir="1" index="2" bw="1" slack="0"/>
</pin_list>
<bind>
<opcode="icmp(45) " fcode="icmp"/>
<opset="empty_139/109 "/>
</bind>
</comp>

<comp id="375" class="1004" name="empty_140_fu_375">
<pin_list>
<pin id="376" dir="0" index="0" bw="6" slack="108"/>
<pin id="377" dir="0" index="1" bw="6" slack="0"/>
<pin id="378" dir="1" index="2" bw="1" slack="0"/>
</pin_list>
<bind>
<opcode="icmp(45) " fcode="icmp"/>
<opset="empty_140/109 "/>
</bind>
</comp>

<comp id="380" class="1004" name="empty_141_fu_380">
<pin_list>
<pin id="381" dir="0" index="0" bw="1" slack="0"/>
<pin id="382" dir="0" index="1" bw="1" slack="0"/>
<pin id="383" dir="1" index="2" bw="1" slack="0"/>
</pin_list>
<bind>
<opcode="or(24) " fcode="or"/>
<opset="empty_141/109 "/>
</bind>
</comp>

<comp id="386" class="1004" name="empty_142_fu_386">
<pin_list>
<pin id="387" dir="0" index="0" bw="6" slack="108"/>
<pin id="388" dir="0" index="1" bw="6" slack="0"/>
<pin id="389" dir="1" index="2" bw="1" slack="0"/>
</pin_list>
<bind>
<opcode="icmp(45) " fcode="icmp"/>
<opset="empty_142/109 "/>
</bind>
</comp>

<comp id="391" class="1004" name="empty_143_fu_391">
<pin_list>
<pin id="392" dir="0" index="0" bw="1" slack="0"/>
<pin id="393" dir="0" index="1" bw="1" slack="0"/>
<pin id="394" dir="1" index="2" bw="1" slack="0"/>
</pin_list>
<bind>
<opcode="or(24) " fcode="or"/>
<opset="empty_143/109 "/>
</bind>
</comp>

<comp id="397" class="1004" name="empty_144_fu_397">
<pin_list>
<pin id="398" dir="0" index="0" bw="6" slack="108"/>
<pin id="399" dir="0" index="1" bw="6" slack="0"/>
<pin id="400" dir="1" index="2" bw="1" slack="0"/>
</pin_list>
<bind>
<opcode="icmp(45) " fcode="icmp"/>
<opset="empty_144/109 "/>
</bind>
</comp>

<comp id="402" class="1004" name="empty_145_fu_402">
<pin_list>
<pin id="403" dir="0" index="0" bw="1" slack="0"/>
<pin id="404" dir="0" index="1" bw="1" slack="0"/>
<pin id="405" dir="1" index="2" bw="1" slack="0"/>
</pin_list>
<bind>
<opcode="or(24) " fcode="or"/>
<opset="empty_145/109 "/>
</bind>
</comp>

<comp id="408" class="1004" name="empty_146_fu_408">
<pin_list>
<pin id="409" dir="0" index="0" bw="6" slack="108"/>
<pin id="410" dir="0" index="1" bw="6" slack="0"/>
<pin id="411" dir="1" index="2" bw="1" slack="0"/>
</pin_list>
<bind>
<opcode="icmp(45) " fcode="icmp"/>
<opset="empty_146/109 "/>
</bind>
</comp>

<comp id="413" class="1004" name="empty_147_fu_413">
<pin_list>
<pin id="414" dir="0" index="0" bw="1" slack="0"/>
<pin id="415" dir="0" index="1" bw="1" slack="0"/>
<pin id="416" dir="1" index="2" bw="1" slack="0"/>
</pin_list>
<bind>
<opcode="or(24) " fcode="or"/>
<opset="empty_147/109 "/>
</bind>
</comp>

<comp id="419" class="1004" name="empty_148_fu_419">
<pin_list>
<pin id="420" dir="0" index="0" bw="6" slack="108"/>
<pin id="421" dir="0" index="1" bw="6" slack="0"/>
<pin id="422" dir="1" index="2" bw="1" slack="0"/>
</pin_list>
<bind>
<opcode="icmp(45) " fcode="icmp"/>
<opset="empty_148/109 "/>
</bind>
</comp>

<comp id="424" class="1004" name="empty_149_fu_424">
<pin_list>
<pin id="425" dir="0" index="0" bw="1" slack="0"/>
<pin id="426" dir="0" index="1" bw="1" slack="0"/>
<pin id="427" dir="1" index="2" bw="1" slack="107"/>
</pin_list>
<bind>
<opcode="or(24) " fcode="or"/>
<opset="empty_149/109 "/>
</bind>
</comp>

<comp id="430" class="1004" name="empty_150_fu_430">
<pin_list>
<pin id="431" dir="0" index="0" bw="6" slack="108"/>
<pin id="432" dir="0" index="1" bw="6" slack="0"/>
<pin id="433" dir="1" index="2" bw="1" slack="0"/>
</pin_list>
<bind>
<opcode="icmp(45) " fcode="icmp"/>
<opset="empty_150/109 "/>
</bind>
</comp>

<comp id="435" class="1004" name="empty_151_fu_435">
<pin_list>
<pin id="436" dir="0" index="0" bw="6" slack="108"/>
<pin id="437" dir="0" index="1" bw="6" slack="0"/>
<pin id="438" dir="1" index="2" bw="1" slack="0"/>
</pin_list>
<bind>
<opcode="icmp(45) " fcode="icmp"/>
<opset="empty_151/109 "/>
</bind>
</comp>

<comp id="440" class="1004" name="empty_152_fu_440">
<pin_list>
<pin id="441" dir="0" index="0" bw="1" slack="0"/>
<pin id="442" dir="0" index="1" bw="1" slack="0"/>
<pin id="443" dir="1" index="2" bw="1" slack="0"/>
</pin_list>
<bind>
<opcode="or(24) " fcode="or"/>
<opset="empty_152/109 "/>
</bind>
</comp>

<comp id="446" class="1004" name="empty_153_fu_446">
<pin_list>
<pin id="447" dir="0" index="0" bw="6" slack="108"/>
<pin id="448" dir="0" index="1" bw="6" slack="0"/>
<pin id="449" dir="1" index="2" bw="1" slack="0"/>
</pin_list>
<bind>
<opcode="icmp(45) " fcode="icmp"/>
<opset="empty_153/109 "/>
</bind>
</comp>

<comp id="451" class="1004" name="empty_154_fu_451">
<pin_list>
<pin id="452" dir="0" index="0" bw="1" slack="0"/>
<pin id="453" dir="0" index="1" bw="1" slack="0"/>
<pin id="454" dir="1" index="2" bw="1" slack="0"/>
</pin_list>
<bind>
<opcode="or(24) " fcode="or"/>
<opset="empty_154/109 "/>
</bind>
</comp>

<comp id="457" class="1004" name="empty_155_fu_457">
<pin_list>
<pin id="458" dir="0" index="0" bw="6" slack="108"/>
<pin id="459" dir="0" index="1" bw="6" slack="0"/>
<pin id="460" dir="1" index="2" bw="1" slack="0"/>
</pin_list>
<bind>
<opcode="icmp(45) " fcode="icmp"/>
<opset="empty_155/109 "/>
</bind>
</comp>

<comp id="462" class="1004" name="empty_156_fu_462">
<pin_list>
<pin id="463" dir="0" index="0" bw="1" slack="0"/>
<pin id="464" dir="0" index="1" bw="1" slack="0"/>
<pin id="465" dir="1" index="2" bw="1" slack="0"/>
</pin_list>
<bind>
<opcode="or(24) " fcode="or"/>
<opset="empty_156/109 "/>
</bind>
</comp>

<comp id="468" class="1004" name="empty_157_fu_468">
<pin_list>
<pin id="469" dir="0" index="0" bw="6" slack="108"/>
<pin id="470" dir="0" index="1" bw="6" slack="0"/>
<pin id="471" dir="1" index="2" bw="1" slack="0"/>
</pin_list>
<bind>
<opcode="icmp(45) " fcode="icmp"/>
<opset="empty_157/109 "/>
</bind>
</comp>

<comp id="473" class="1004" name="empty_158_fu_473">
<pin_list>
<pin id="474" dir="0" index="0" bw="1" slack="0"/>
<pin id="475" dir="0" index="1" bw="1" slack="0"/>
<pin id="476" dir="1" index="2" bw="1" slack="107"/>
</pin_list>
<bind>
<opcode="or(24) " fcode="or"/>
<opset="empty_158/109 "/>
</bind>
</comp>

<comp id="479" class="1004" name="offsetUV_load_load_fu_479">
<pin_list>
<pin id="480" dir="0" index="0" bw="32" slack="108"/>
<pin id="481" dir="1" index="1" bw="32" slack="0"/>
</pin_list>
<bind>
<opcode="load(27) " fcode="load"/>
<opset="offsetUV_load/109 "/>
</bind>
</comp>

<comp id="482" class="1004" name="shl_ln1127_fu_482">
<pin_list>
<pin id="483" dir="0" index="0" bw="32" slack="0"/>
<pin id="484" dir="0" index="1" bw="3" slack="0"/>
<pin id="485" dir="1" index="2" bw="32" slack="0"/>
</pin_list>
<bind>
<opcode="shl(20) " fcode="shl"/>
<opset="shl_ln1127/109 "/>
</bind>
</comp>

<comp id="488" class="1004" name="add_ln1127_fu_488">
<pin_list>
<pin id="489" dir="0" index="0" bw="32" slack="108"/>
<pin id="490" dir="0" index="1" bw="32" slack="0"/>
<pin id="491" dir="1" index="2" bw="32" slack="0"/>
</pin_list>
<bind>
<opcode="add(8) " fcode="add"/>
<opset="add_ln1127/109 "/>
</bind>
</comp>

<comp id="493" class="1004" name="trunc_ln1_fu_493">
<pin_list>
<pin id="494" dir="0" index="0" bw="29" slack="0"/>
<pin id="495" dir="0" index="1" bw="32" slack="0"/>
<pin id="496" dir="0" index="2" bw="3" slack="0"/>
<pin id="497" dir="0" index="3" bw="6" slack="0"/>
<pin id="498" dir="1" index="4" bw="29" slack="1"/>
</pin_list>
<bind>
<opcode="partselect(1002) " fcode="partselect"/>
<opset="trunc_ln1/109 "/>
</bind>
</comp>

<comp id="503" class="1004" name="offsetUV_1_fu_503">
<pin_list>
<pin id="504" dir="0" index="0" bw="32" slack="0"/>
<pin id="505" dir="0" index="1" bw="13" slack="108"/>
<pin id="506" dir="1" index="2" bw="32" slack="0"/>
</pin_list>
<bind>
<opcode="add(8) " fcode="add"/>
<opset="offsetUV_1/109 "/>
</bind>
</comp>

<comp id="508" class="1004" name="store_ln1136_store_fu_508">
<pin_list>
<pin id="509" dir="0" index="0" bw="32" slack="0"/>
<pin id="510" dir="0" index="1" bw="32" slack="108"/>
<pin id="511" dir="1" index="2" bw="0" slack="2147483647"/>
</pin_list>
<bind>
<opcode="store(28) " fcode="store"/>
<opset="store_ln1136/109 "/>
</bind>
</comp>

<comp id="513" class="1004" name="sext_ln1127_fu_513">
<pin_list>
<pin id="514" dir="0" index="0" bw="29" slack="1"/>
<pin id="515" dir="1" index="1" bw="32" slack="0"/>
</pin_list>
<bind>
<opcode="sext(35) " fcode="sext"/>
<opset="sext_ln1127/110 "/>
</bind>
</comp>

<comp id="516" class="1004" name="mm_video_addr_1_fu_516">
<pin_list>
<pin id="517" dir="0" index="0" bw="32" slack="0"/>
<pin id="518" dir="0" index="1" bw="32" slack="0"/>
<pin id="519" dir="1" index="2" bw="32" slack="0"/>
</pin_list>
<bind>
<opcode="getelementptr(29) " fcode="getelementptr"/>
<opset="mm_video_addr_1/110 "/>
</bind>
</comp>

<comp id="523" class="1004" name="store_ln1113_store_fu_523">
<pin_list>
<pin id="524" dir="0" index="0" bw="24" slack="214"/>
<pin id="525" dir="0" index="1" bw="24" slack="215"/>
<pin id="526" dir="1" index="2" bw="0" slack="2147483647"/>
</pin_list>
<bind>
<opcode="store(28) " fcode="store"/>
<opset="store_ln1113/216 "/>
</bind>
</comp>

<comp id="527" class="1004" name="store_ln1113_store_fu_527">
<pin_list>
<pin id="528" dir="0" index="0" bw="11" slack="214"/>
<pin id="529" dir="0" index="1" bw="11" slack="215"/>
<pin id="530" dir="1" index="2" bw="0" slack="2147483647"/>
</pin_list>
<bind>
<opcode="store(28) " fcode="store"/>
<opset="store_ln1113/216 "/>
</bind>
</comp>

<comp id="531" class="1005" name="y_reg_531">
<pin_list>
<pin id="532" dir="0" index="0" bw="11" slack="0"/>
<pin id="533" dir="1" index="1" bw="11" slack="0"/>
</pin_list>
<bind>
<opset="y "/>
</bind>
</comp>

<comp id="538" class="1005" name="offsetY_reg_538">
<pin_list>
<pin id="539" dir="0" index="0" bw="24" slack="0"/>
<pin id="540" dir="1" index="1" bw="24" slack="0"/>
</pin_list>
<bind>
<opset="offsetY "/>
</bind>
</comp>

<comp id="545" class="1005" name="offsetUV_reg_545">
<pin_list>
<pin id="546" dir="0" index="0" bw="32" slack="0"/>
<pin id="547" dir="1" index="1" bw="32" slack="0"/>
</pin_list>
<bind>
<opset="offsetUV "/>
</bind>
</comp>

<comp id="552" class="1005" name="VideoFormat_read_reg_552">
<pin_list>
<pin id="553" dir="0" index="0" bw="6" slack="108"/>
<pin id="554" dir="1" index="1" bw="6" slack="108"/>
</pin_list>
<bind>
<opset="VideoFormat_read "/>
</bind>
</comp>

<comp id="567" class="1005" name="Height_read_reg_567">
<pin_list>
<pin id="568" dir="0" index="0" bw="11" slack="1"/>
<pin id="569" dir="1" index="1" bw="11" slack="1"/>
</pin_list>
<bind>
<opset="Height_read "/>
</bind>
</comp>

<comp id="572" class="1005" name="dstImg2_read_reg_572">
<pin_list>
<pin id="573" dir="0" index="0" bw="32" slack="108"/>
<pin id="574" dir="1" index="1" bw="32" slack="108"/>
</pin_list>
<bind>
<opset="dstImg2_read "/>
</bind>
</comp>

<comp id="577" class="1005" name="dstImg_read_reg_577">
<pin_list>
<pin id="578" dir="0" index="0" bw="32" slack="1"/>
<pin id="579" dir="1" index="1" bw="32" slack="1"/>
</pin_list>
<bind>
<opset="dstImg_read "/>
</bind>
</comp>

<comp id="582" class="1005" name="div_reg_582">
<pin_list>
<pin id="583" dir="0" index="0" bw="12" slack="3"/>
<pin id="584" dir="1" index="1" bw="12" slack="3"/>
</pin_list>
<bind>
<opset="div "/>
</bind>
</comp>

<comp id="588" class="1005" name="div_cast1_reg_588">
<pin_list>
<pin id="589" dir="0" index="0" bw="32" slack="2"/>
<pin id="590" dir="1" index="1" bw="32" slack="2"/>
</pin_list>
<bind>
<opset="div_cast1 "/>
</bind>
</comp>

<comp id="594" class="1005" name="div8_cast2_reg_594">
<pin_list>
<pin id="595" dir="0" index="0" bw="32" slack="108"/>
<pin id="596" dir="1" index="1" bw="32" slack="108"/>
</pin_list>
<bind>
<opset="div8_cast2 "/>
</bind>
</comp>

<comp id="599" class="1005" name="zext_ln1125_reg_599">
<pin_list>
<pin id="600" dir="0" index="0" bw="24" slack="1"/>
<pin id="601" dir="1" index="1" bw="24" slack="1"/>
</pin_list>
<bind>
<opset="zext_ln1125 "/>
</bind>
</comp>

<comp id="604" class="1005" name="icmp_ln1125_reg_604">
<pin_list>
<pin id="605" dir="0" index="0" bw="1" slack="108"/>
<pin id="606" dir="1" index="1" bw="1" slack="2147483647"/>
</pin_list>
<bind>
<opset="icmp_ln1125 "/>
</bind>
</comp>

<comp id="608" class="1005" name="trunc_ln1113_reg_608">
<pin_list>
<pin id="609" dir="0" index="0" bw="1" slack="107"/>
<pin id="610" dir="1" index="1" bw="1" slack="2147483647"/>
</pin_list>
<bind>
<opset="trunc_ln1113 "/>
</bind>
</comp>

<comp id="615" class="1005" name="y_10_reg_615">
<pin_list>
<pin id="616" dir="0" index="0" bw="11" slack="214"/>
<pin id="617" dir="1" index="1" bw="11" slack="214"/>
</pin_list>
<bind>
<opset="y_10 "/>
</bind>
</comp>

<comp id="620" class="1005" name="trunc_ln_reg_620">
<pin_list>
<pin id="621" dir="0" index="0" bw="29" slack="1"/>
<pin id="622" dir="1" index="1" bw="29" slack="1"/>
</pin_list>
<bind>
<opset="trunc_ln "/>
</bind>
</comp>

<comp id="626" class="1005" name="add_ln1123_reg_626">
<pin_list>
<pin id="627" dir="0" index="0" bw="24" slack="214"/>
<pin id="628" dir="1" index="1" bw="24" slack="214"/>
</pin_list>
<bind>
<opset="add_ln1123 "/>
</bind>
</comp>

<comp id="631" class="1005" name="mm_video_addr_reg_631">
<pin_list>
<pin id="632" dir="0" index="0" bw="64" slack="3"/>
<pin id="633" dir="1" index="1" bw="64" slack="3"/>
</pin_list>
<bind>
<opset="mm_video_addr "/>
</bind>
</comp>

<comp id="636" class="1005" name="empty_149_reg_636">
<pin_list>
<pin id="637" dir="0" index="0" bw="1" slack="107"/>
<pin id="638" dir="1" index="1" bw="1" slack="2147483647"/>
</pin_list>
<bind>
<opset="empty_149 "/>
</bind>
</comp>

<comp id="640" class="1005" name="empty_158_reg_640">
<pin_list>
<pin id="641" dir="0" index="0" bw="1" slack="107"/>
<pin id="642" dir="1" index="1" bw="1" slack="2147483647"/>
</pin_list>
<bind>
<opset="empty_158 "/>
</bind>
</comp>

<comp id="644" class="1005" name="trunc_ln1_reg_644">
<pin_list>
<pin id="645" dir="0" index="0" bw="29" slack="1"/>
<pin id="646" dir="1" index="1" bw="29" slack="1"/>
</pin_list>
<bind>
<opset="trunc_ln1 "/>
</bind>
</comp>

<comp id="650" class="1005" name="mm_video_addr_1_reg_650">
<pin_list>
<pin id="651" dir="0" index="0" bw="64" slack="3"/>
<pin id="652" dir="1" index="1" bw="64" slack="3"/>
</pin_list>
<bind>
<opset="mm_video_addr_1 "/>
</bind>
</comp>

</comp_list>

<net_list>
<net id="145"><net_src comp="18" pin="0"/><net_sink comp="142" pin=0"/></net>

<net id="149"><net_src comp="18" pin="0"/><net_sink comp="146" pin=0"/></net>

<net id="153"><net_src comp="18" pin="0"/><net_sink comp="150" pin=0"/></net>

<net id="158"><net_src comp="36" pin="0"/><net_sink comp="154" pin=0"/></net>

<net id="159"><net_src comp="16" pin="0"/><net_sink comp="154" pin=1"/></net>

<net id="164"><net_src comp="38" pin="0"/><net_sink comp="160" pin=0"/></net>

<net id="165"><net_src comp="14" pin="0"/><net_sink comp="160" pin=1"/></net>

<net id="170"><net_src comp="40" pin="0"/><net_sink comp="166" pin=0"/></net>

<net id="171"><net_src comp="10" pin="0"/><net_sink comp="166" pin=1"/></net>

<net id="176"><net_src comp="42" pin="0"/><net_sink comp="172" pin=0"/></net>

<net id="177"><net_src comp="12" pin="0"/><net_sink comp="172" pin=1"/></net>

<net id="182"><net_src comp="44" pin="0"/><net_sink comp="178" pin=0"/></net>

<net id="183"><net_src comp="8" pin="0"/><net_sink comp="178" pin=1"/></net>

<net id="188"><net_src comp="44" pin="0"/><net_sink comp="184" pin=0"/></net>

<net id="189"><net_src comp="6" pin="0"/><net_sink comp="184" pin=1"/></net>

<net id="195"><net_src comp="104" pin="0"/><net_sink comp="190" pin=0"/></net>

<net id="196"><net_src comp="110" pin="0"/><net_sink comp="190" pin=0"/></net>

<net id="202"><net_src comp="104" pin="0"/><net_sink comp="197" pin=0"/></net>

<net id="203"><net_src comp="110" pin="0"/><net_sink comp="197" pin=0"/></net>

<net id="211"><net_src comp="108" pin="0"/><net_sink comp="204" pin=0"/></net>

<net id="212"><net_src comp="4" pin="0"/><net_sink comp="204" pin=1"/></net>

<net id="213"><net_src comp="0" pin="0"/><net_sink comp="204" pin=4"/></net>

<net id="221"><net_src comp="140" pin="0"/><net_sink comp="214" pin=0"/></net>

<net id="222"><net_src comp="4" pin="0"/><net_sink comp="214" pin=1"/></net>

<net id="223"><net_src comp="2" pin="0"/><net_sink comp="214" pin=4"/></net>

<net id="227"><net_src comp="172" pin="2"/><net_sink comp="224" pin=0"/></net>

<net id="232"><net_src comp="224" pin="1"/><net_sink comp="228" pin=0"/></net>

<net id="233"><net_src comp="70" pin="0"/><net_sink comp="228" pin=1"/></net>

<net id="240"><net_src comp="72" pin="0"/><net_sink comp="234" pin=0"/></net>

<net id="241"><net_src comp="228" pin="2"/><net_sink comp="234" pin=1"/></net>

<net id="242"><net_src comp="74" pin="0"/><net_sink comp="234" pin=2"/></net>

<net id="243"><net_src comp="76" pin="0"/><net_sink comp="234" pin=3"/></net>

<net id="247"><net_src comp="234" pin="4"/><net_sink comp="244" pin=0"/></net>

<net id="254"><net_src comp="78" pin="0"/><net_sink comp="248" pin=0"/></net>

<net id="255"><net_src comp="160" pin="2"/><net_sink comp="248" pin=1"/></net>

<net id="256"><net_src comp="74" pin="0"/><net_sink comp="248" pin=2"/></net>

<net id="257"><net_src comp="80" pin="0"/><net_sink comp="248" pin=3"/></net>

<net id="261"><net_src comp="248" pin="4"/><net_sink comp="258" pin=0"/></net>

<net id="265"><net_src comp="154" pin="2"/><net_sink comp="262" pin=0"/></net>

<net id="269"><net_src comp="248" pin="4"/><net_sink comp="266" pin=0"/></net>

<net id="274"><net_src comp="262" pin="1"/><net_sink comp="270" pin=0"/></net>

<net id="275"><net_src comp="82" pin="0"/><net_sink comp="270" pin=1"/></net>

<net id="282"><net_src comp="84" pin="0"/><net_sink comp="276" pin=0"/></net>

<net id="283"><net_src comp="270" pin="2"/><net_sink comp="276" pin=1"/></net>

<net id="284"><net_src comp="18" pin="0"/><net_sink comp="276" pin=2"/></net>

<net id="285"><net_src comp="86" pin="0"/><net_sink comp="276" pin=3"/></net>

<net id="290"><net_src comp="276" pin="4"/><net_sink comp="286" pin=0"/></net>

<net id="291"><net_src comp="88" pin="0"/><net_sink comp="286" pin=1"/></net>

<net id="296"><net_src comp="24" pin="0"/><net_sink comp="292" pin=0"/></net>

<net id="301"><net_src comp="90" pin="0"/><net_sink comp="297" pin=0"/></net>

<net id="306"><net_src comp="92" pin="0"/><net_sink comp="302" pin=0"/></net>

<net id="313"><net_src comp="307" pin="1"/><net_sink comp="310" pin=0"/></net>

<net id="318"><net_src comp="307" pin="1"/><net_sink comp="314" pin=0"/></net>

<net id="323"><net_src comp="307" pin="1"/><net_sink comp="319" pin=0"/></net>

<net id="324"><net_src comp="94" pin="0"/><net_sink comp="319" pin=1"/></net>

<net id="333"><net_src comp="96" pin="0"/><net_sink comp="328" pin=0"/></net>

<net id="334"><net_src comp="325" pin="1"/><net_sink comp="328" pin=1"/></net>

<net id="335"><net_src comp="98" pin="0"/><net_sink comp="328" pin=2"/></net>

<net id="339"><net_src comp="328" pin="3"/><net_sink comp="336" pin=0"/></net>

<net id="344"><net_src comp="336" pin="1"/><net_sink comp="340" pin=1"/></net>

<net id="351"><net_src comp="100" pin="0"/><net_sink comp="345" pin=0"/></net>

<net id="352"><net_src comp="340" pin="2"/><net_sink comp="345" pin=1"/></net>

<net id="353"><net_src comp="74" pin="0"/><net_sink comp="345" pin=2"/></net>

<net id="354"><net_src comp="102" pin="0"/><net_sink comp="345" pin=3"/></net>

<net id="359"><net_src comp="325" pin="1"/><net_sink comp="355" pin=1"/></net>

<net id="367"><net_src comp="4" pin="0"/><net_sink comp="363" pin=0"/></net>

<net id="368"><net_src comp="360" pin="1"/><net_sink comp="363" pin=1"/></net>

<net id="369"><net_src comp="363" pin="2"/><net_sink comp="190" pin=1"/></net>

<net id="374"><net_src comp="124" pin="0"/><net_sink comp="370" pin=1"/></net>

<net id="379"><net_src comp="126" pin="0"/><net_sink comp="375" pin=1"/></net>

<net id="384"><net_src comp="375" pin="2"/><net_sink comp="380" pin=0"/></net>

<net id="385"><net_src comp="370" pin="2"/><net_sink comp="380" pin=1"/></net>

<net id="390"><net_src comp="128" pin="0"/><net_sink comp="386" pin=1"/></net>

<net id="395"><net_src comp="386" pin="2"/><net_sink comp="391" pin=0"/></net>

<net id="396"><net_src comp="380" pin="2"/><net_sink comp="391" pin=1"/></net>

<net id="401"><net_src comp="130" pin="0"/><net_sink comp="397" pin=1"/></net>

<net id="406"><net_src comp="397" pin="2"/><net_sink comp="402" pin=0"/></net>

<net id="407"><net_src comp="391" pin="2"/><net_sink comp="402" pin=1"/></net>

<net id="412"><net_src comp="132" pin="0"/><net_sink comp="408" pin=1"/></net>

<net id="417"><net_src comp="408" pin="2"/><net_sink comp="413" pin=0"/></net>

<net id="418"><net_src comp="402" pin="2"/><net_sink comp="413" pin=1"/></net>

<net id="423"><net_src comp="134" pin="0"/><net_sink comp="419" pin=1"/></net>

<net id="428"><net_src comp="419" pin="2"/><net_sink comp="424" pin=0"/></net>

<net id="429"><net_src comp="413" pin="2"/><net_sink comp="424" pin=1"/></net>

<net id="434"><net_src comp="136" pin="0"/><net_sink comp="430" pin=1"/></net>

<net id="439"><net_src comp="124" pin="0"/><net_sink comp="435" pin=1"/></net>

<net id="444"><net_src comp="435" pin="2"/><net_sink comp="440" pin=0"/></net>

<net id="445"><net_src comp="430" pin="2"/><net_sink comp="440" pin=1"/></net>

<net id="450"><net_src comp="128" pin="0"/><net_sink comp="446" pin=1"/></net>

<net id="455"><net_src comp="446" pin="2"/><net_sink comp="451" pin=0"/></net>

<net id="456"><net_src comp="440" pin="2"/><net_sink comp="451" pin=1"/></net>

<net id="461"><net_src comp="132" pin="0"/><net_sink comp="457" pin=1"/></net>

<net id="466"><net_src comp="457" pin="2"/><net_sink comp="462" pin=0"/></net>

<net id="467"><net_src comp="451" pin="2"/><net_sink comp="462" pin=1"/></net>

<net id="472"><net_src comp="138" pin="0"/><net_sink comp="468" pin=1"/></net>

<net id="477"><net_src comp="468" pin="2"/><net_sink comp="473" pin=0"/></net>

<net id="478"><net_src comp="462" pin="2"/><net_sink comp="473" pin=1"/></net>

<net id="486"><net_src comp="479" pin="1"/><net_sink comp="482" pin=0"/></net>

<net id="487"><net_src comp="74" pin="0"/><net_sink comp="482" pin=1"/></net>

<net id="492"><net_src comp="482" pin="2"/><net_sink comp="488" pin=1"/></net>

<net id="499"><net_src comp="100" pin="0"/><net_sink comp="493" pin=0"/></net>

<net id="500"><net_src comp="488" pin="2"/><net_sink comp="493" pin=1"/></net>

<net id="501"><net_src comp="74" pin="0"/><net_sink comp="493" pin=2"/></net>

<net id="502"><net_src comp="102" pin="0"/><net_sink comp="493" pin=3"/></net>

<net id="507"><net_src comp="479" pin="1"/><net_sink comp="503" pin=0"/></net>

<net id="512"><net_src comp="503" pin="2"/><net_sink comp="508" pin=0"/></net>

<net id="520"><net_src comp="4" pin="0"/><net_sink comp="516" pin=0"/></net>

<net id="521"><net_src comp="513" pin="1"/><net_sink comp="516" pin=1"/></net>

<net id="522"><net_src comp="516" pin="2"/><net_sink comp="197" pin=1"/></net>

<net id="534"><net_src comp="142" pin="1"/><net_sink comp="531" pin=0"/></net>

<net id="535"><net_src comp="531" pin="1"/><net_sink comp="302" pin=1"/></net>

<net id="536"><net_src comp="531" pin="1"/><net_sink comp="307" pin=0"/></net>

<net id="537"><net_src comp="531" pin="1"/><net_sink comp="527" pin=1"/></net>

<net id="541"><net_src comp="146" pin="1"/><net_sink comp="538" pin=0"/></net>

<net id="542"><net_src comp="538" pin="1"/><net_sink comp="297" pin=1"/></net>

<net id="543"><net_src comp="538" pin="1"/><net_sink comp="325" pin=0"/></net>

<net id="544"><net_src comp="538" pin="1"/><net_sink comp="523" pin=1"/></net>

<net id="548"><net_src comp="150" pin="1"/><net_sink comp="545" pin=0"/></net>

<net id="549"><net_src comp="545" pin="1"/><net_sink comp="292" pin=1"/></net>

<net id="550"><net_src comp="545" pin="1"/><net_sink comp="479" pin=0"/></net>

<net id="551"><net_src comp="545" pin="1"/><net_sink comp="508" pin=1"/></net>

<net id="555"><net_src comp="154" pin="2"/><net_sink comp="552" pin=0"/></net>

<net id="556"><net_src comp="552" pin="1"/><net_sink comp="370" pin=0"/></net>

<net id="557"><net_src comp="552" pin="1"/><net_sink comp="375" pin=0"/></net>

<net id="558"><net_src comp="552" pin="1"/><net_sink comp="386" pin=0"/></net>

<net id="559"><net_src comp="552" pin="1"/><net_sink comp="397" pin=0"/></net>

<net id="560"><net_src comp="552" pin="1"/><net_sink comp="408" pin=0"/></net>

<net id="561"><net_src comp="552" pin="1"/><net_sink comp="419" pin=0"/></net>

<net id="562"><net_src comp="552" pin="1"/><net_sink comp="430" pin=0"/></net>

<net id="563"><net_src comp="552" pin="1"/><net_sink comp="435" pin=0"/></net>

<net id="564"><net_src comp="552" pin="1"/><net_sink comp="446" pin=0"/></net>

<net id="565"><net_src comp="552" pin="1"/><net_sink comp="457" pin=0"/></net>

<net id="566"><net_src comp="552" pin="1"/><net_sink comp="468" pin=0"/></net>

<net id="570"><net_src comp="166" pin="2"/><net_sink comp="567" pin=0"/></net>

<net id="571"><net_src comp="567" pin="1"/><net_sink comp="314" pin=1"/></net>

<net id="575"><net_src comp="178" pin="2"/><net_sink comp="572" pin=0"/></net>

<net id="576"><net_src comp="572" pin="1"/><net_sink comp="488" pin=0"/></net>

<net id="580"><net_src comp="184" pin="2"/><net_sink comp="577" pin=0"/></net>

<net id="581"><net_src comp="577" pin="1"/><net_sink comp="340" pin=0"/></net>

<net id="585"><net_src comp="234" pin="4"/><net_sink comp="582" pin=0"/></net>

<net id="586"><net_src comp="582" pin="1"/><net_sink comp="204" pin=3"/></net>

<net id="587"><net_src comp="582" pin="1"/><net_sink comp="214" pin=3"/></net>

<net id="591"><net_src comp="244" pin="1"/><net_sink comp="588" pin=0"/></net>

<net id="592"><net_src comp="588" pin="1"/><net_sink comp="190" pin=2"/></net>

<net id="593"><net_src comp="588" pin="1"/><net_sink comp="197" pin=2"/></net>

<net id="597"><net_src comp="258" pin="1"/><net_sink comp="594" pin=0"/></net>

<net id="598"><net_src comp="594" pin="1"/><net_sink comp="503" pin=1"/></net>

<net id="602"><net_src comp="266" pin="1"/><net_sink comp="599" pin=0"/></net>

<net id="603"><net_src comp="599" pin="1"/><net_sink comp="355" pin=0"/></net>

<net id="607"><net_src comp="286" pin="2"/><net_sink comp="604" pin=0"/></net>

<net id="611"><net_src comp="310" pin="1"/><net_sink comp="608" pin=0"/></net>

<net id="618"><net_src comp="319" pin="2"/><net_sink comp="615" pin=0"/></net>

<net id="619"><net_src comp="615" pin="1"/><net_sink comp="527" pin=0"/></net>

<net id="623"><net_src comp="345" pin="4"/><net_sink comp="620" pin=0"/></net>

<net id="624"><net_src comp="620" pin="1"/><net_sink comp="360" pin=0"/></net>

<net id="625"><net_src comp="620" pin="1"/><net_sink comp="204" pin=2"/></net>

<net id="629"><net_src comp="355" pin="2"/><net_sink comp="626" pin=0"/></net>

<net id="630"><net_src comp="626" pin="1"/><net_sink comp="523" pin=0"/></net>

<net id="634"><net_src comp="363" pin="2"/><net_sink comp="631" pin=0"/></net>

<net id="635"><net_src comp="631" pin="1"/><net_sink comp="190" pin=1"/></net>

<net id="639"><net_src comp="424" pin="2"/><net_sink comp="636" pin=0"/></net>

<net id="643"><net_src comp="473" pin="2"/><net_sink comp="640" pin=0"/></net>

<net id="647"><net_src comp="493" pin="4"/><net_sink comp="644" pin=0"/></net>

<net id="648"><net_src comp="644" pin="1"/><net_sink comp="513" pin=0"/></net>

<net id="649"><net_src comp="644" pin="1"/><net_sink comp="214" pin=2"/></net>

<net id="653"><net_src comp="516" pin="2"/><net_sink comp="650" pin=0"/></net>

<net id="654"><net_src comp="650" pin="1"/><net_sink comp="197" pin=1"/></net>

</net_list>

</model> 
---------------- Datapath Model END ------------------

* FSMD analyzer results:
  - Output states:
	Port: mm_video | {3 4 5 6 7 8 9 10 11 12 13 14 15 16 17 18 19 20 21 22 23 24 25 26 27 28 29 30 31 32 33 34 35 36 37 38 39 40 41 42 43 44 45 46 47 48 49 50 51 52 53 54 55 56 57 58 59 60 61 62 63 64 65 66 67 68 69 70 71 72 73 74 75 76 77 78 79 80 81 82 83 84 85 86 87 88 89 90 91 92 93 94 95 96 97 98 99 100 101 102 103 104 105 106 107 108 109 110 111 112 113 114 115 116 117 118 119 120 121 122 123 124 125 126 127 128 129 130 131 132 133 134 135 136 137 138 139 140 141 142 143 144 145 146 147 148 149 150 151 152 153 154 155 156 157 158 159 160 161 162 163 164 165 166 167 168 169 170 171 172 173 174 175 176 177 178 179 180 181 182 183 184 185 186 187 188 189 190 191 192 193 194 195 196 197 198 199 200 201 202 203 204 205 206 207 208 209 210 211 212 213 214 215 216 }
 - Input state : 
	Port: Bytes2AXIMMvideo : bytePlanes_plane01 | {4 5 }
	Port: Bytes2AXIMMvideo : bytePlanes_plane12 | {111 112 }
	Port: Bytes2AXIMMvideo : mm_video | {}
	Port: Bytes2AXIMMvideo : dstImg | {1 }
	Port: Bytes2AXIMMvideo : dstImg2 | {1 }
	Port: Bytes2AXIMMvideo : Height | {1 }
	Port: Bytes2AXIMMvideo : WidthInBytes | {1 }
	Port: Bytes2AXIMMvideo : StrideInBytes | {1 }
	Port: Bytes2AXIMMvideo : VideoFormat | {1 }
  - Chain level:
	State 1
		sub : 1
		div : 2
		div_cast1 : 3
		div8_cast2 : 1
		zext_ln1125 : 1
		add_ln1125 : 1
		tmp : 2
		icmp_ln1125 : 3
		store_ln1113 : 1
		store_ln1113 : 1
		store_ln1113 : 1
	State 2
		trunc_ln1113 : 1
		icmp_ln1113 : 1
		y_10 : 1
		br_ln1113 : 2
		shl_ln : 1
		zext_ln1117 : 2
		add_ln1117 : 3
		trunc_ln : 4
		add_ln1123 : 1
	State 3
		mm_video_addr : 1
		empty : 2
	State 4
	State 5
	State 6
	State 7
	State 8
	State 9
	State 10
	State 11
	State 12
	State 13
	State 14
	State 15
	State 16
	State 17
	State 18
	State 19
	State 20
	State 21
	State 22
	State 23
	State 24
	State 25
	State 26
	State 27
	State 28
	State 29
	State 30
	State 31
	State 32
	State 33
	State 34
	State 35
	State 36
	State 37
	State 38
	State 39
	State 40
	State 41
	State 42
	State 43
	State 44
	State 45
	State 46
	State 47
	State 48
	State 49
	State 50
	State 51
	State 52
	State 53
	State 54
	State 55
	State 56
	State 57
	State 58
	State 59
	State 60
	State 61
	State 62
	State 63
	State 64
	State 65
	State 66
	State 67
	State 68
	State 69
	State 70
	State 71
	State 72
	State 73
	State 74
	State 75
	State 76
	State 77
	State 78
	State 79
	State 80
	State 81
	State 82
	State 83
	State 84
	State 85
	State 86
	State 87
	State 88
	State 89
	State 90
	State 91
	State 92
	State 93
	State 94
	State 95
	State 96
	State 97
	State 98
	State 99
	State 100
	State 101
	State 102
	State 103
	State 104
	State 105
	State 106
	State 107
	State 108
	State 109
		empty_141 : 1
		empty_143 : 1
		empty_145 : 1
		empty_147 : 1
		empty_149 : 1
		br_ln0 : 1
		empty_152 : 1
		empty_154 : 1
		empty_156 : 1
		empty_158 : 1
		br_ln0 : 1
		shl_ln1127 : 1
		add_ln1127 : 1
		trunc_ln1 : 2
		offsetUV_1 : 1
		store_ln1136 : 2
	State 110
		mm_video_addr_1 : 1
		empty_159 : 2
	State 111
	State 112
	State 113
	State 114
	State 115
	State 116
	State 117
	State 118
	State 119
	State 120
	State 121
	State 122
	State 123
	State 124
	State 125
	State 126
	State 127
	State 128
	State 129
	State 130
	State 131
	State 132
	State 133
	State 134
	State 135
	State 136
	State 137
	State 138
	State 139
	State 140
	State 141
	State 142
	State 143
	State 144
	State 145
	State 146
	State 147
	State 148
	State 149
	State 150
	State 151
	State 152
	State 153
	State 154
	State 155
	State 156
	State 157
	State 158
	State 159
	State 160
	State 161
	State 162
	State 163
	State 164
	State 165
	State 166
	State 167
	State 168
	State 169
	State 170
	State 171
	State 172
	State 173
	State 174
	State 175
	State 176
	State 177
	State 178
	State 179
	State 180
	State 181
	State 182
	State 183
	State 184
	State 185
	State 186
	State 187
	State 188
	State 189
	State 190
	State 191
	State 192
	State 193
	State 194
	State 195
	State 196
	State 197
	State 198
	State 199
	State 200
	State 201
	State 202
	State 203
	State 204
	State 205
	State 206
	State 207
	State 208
	State 209
	State 210
	State 211
	State 212
	State 213
	State 214
	State 215
	State 216


============================================================
+ Verbose Summary: Datapath Resource usage 
============================================================

* Functional unit list:
|----------|--------------------------------------------------------|---------|---------|
| Operation|                     Functional Unit                    |    FF   |   LUT   |
|----------|--------------------------------------------------------|---------|---------|
|   call   | grp_Bytes2AXIMMvideo_Pipeline_VITIS_LOOP_1117_1_fu_204 |   173   |    31   |
|          | grp_Bytes2AXIMMvideo_Pipeline_VITIS_LOOP_1127_2_fu_214 |   173   |    31   |
|----------|--------------------------------------------------------|---------|---------|
|          |                       sub_fu_228                       |    0    |    21   |
|          |                    add_ln1125_fu_270                   |    0    |    14   |
|          |                       y_10_fu_319                      |    0    |    18   |
|    add   |                    add_ln1117_fu_340                   |    0    |    39   |
|          |                    add_ln1123_fu_355                   |    0    |    31   |
|          |                    add_ln1127_fu_488                   |    0    |    39   |
|          |                    offsetUV_1_fu_503                   |    0    |    39   |
|----------|--------------------------------------------------------|---------|---------|
|          |                   icmp_ln1125_fu_286                   |    0    |    10   |
|          |                   icmp_ln1113_fu_314                   |    0    |    11   |
|          |                    empty_139_fu_370                    |    0    |    10   |
|          |                    empty_140_fu_375                    |    0    |    10   |
|          |                    empty_142_fu_386                    |    0    |    10   |
|          |                    empty_144_fu_397                    |    0    |    10   |
|   icmp   |                    empty_146_fu_408                    |    0    |    10   |
|          |                    empty_148_fu_419                    |    0    |    10   |
|          |                    empty_150_fu_430                    |    0    |    10   |
|          |                    empty_151_fu_435                    |    0    |    10   |
|          |                    empty_153_fu_446                    |    0    |    10   |
|          |                    empty_155_fu_457                    |    0    |    10   |
|          |                    empty_157_fu_468                    |    0    |    10   |
|----------|--------------------------------------------------------|---------|---------|
|          |                    empty_141_fu_380                    |    0    |    2    |
|          |                    empty_143_fu_391                    |    0    |    2    |
|          |                    empty_145_fu_402                    |    0    |    2    |
|          |                    empty_147_fu_413                    |    0    |    2    |
|    or    |                    empty_149_fu_424                    |    0    |    2    |
|          |                    empty_152_fu_440                    |    0    |    2    |
|          |                    empty_154_fu_451                    |    0    |    2    |
|          |                    empty_156_fu_462                    |    0    |    2    |
|          |                    empty_158_fu_473                    |    0    |    2    |
|----------|--------------------------------------------------------|---------|---------|
|          |              VideoFormat_read_read_fu_154              |    0    |    0    |
|          |             StrideInBytes_read_read_fu_160             |    0    |    0    |
|   read   |                 Height_read_read_fu_166                |    0    |    0    |
|          |              WidthInBytes_read_read_fu_172             |    0    |    0    |
|          |                dstImg2_read_read_fu_178                |    0    |    0    |
|          |                 dstImg_read_read_fu_184                |    0    |    0    |
|----------|--------------------------------------------------------|---------|---------|
| writeresp|                  grp_writeresp_fu_190                  |    0    |    0    |
|          |                  grp_writeresp_fu_197                  |    0    |    0    |
|----------|--------------------------------------------------------|---------|---------|
|          |              WidthInBytes_load_cast_fu_224             |    0    |    0    |
|          |                    div_cast1_fu_244                    |    0    |    0    |
|   zext   |                    div8_cast2_fu_258                   |    0    |    0    |
|          |              VideoFormat_load_cast4_fu_262             |    0    |    0    |
|          |                   zext_ln1125_fu_266                   |    0    |    0    |
|          |                   zext_ln1117_fu_336                   |    0    |    0    |
|----------|--------------------------------------------------------|---------|---------|
|          |                       div_fu_234                       |    0    |    0    |
|          |                       div8_fu_248                      |    0    |    0    |
|partselect|                       tmp_fu_276                       |    0    |    0    |
|          |                     trunc_ln_fu_345                    |    0    |    0    |
|          |                    trunc_ln1_fu_493                    |    0    |    0    |
|----------|--------------------------------------------------------|---------|---------|
|   trunc  |                   trunc_ln1113_fu_310                  |    0    |    0    |
|----------|--------------------------------------------------------|---------|---------|
|bitconcatenate|                      shl_ln_fu_328                     |    0    |    0    |
|----------|--------------------------------------------------------|---------|---------|
|   sext   |                   sext_ln1117_fu_360                   |    0    |    0    |
|          |                   sext_ln1127_fu_513                   |    0    |    0    |
|----------|--------------------------------------------------------|---------|---------|
|    shl   |                    shl_ln1127_fu_482                   |    0    |    0    |
|----------|--------------------------------------------------------|---------|---------|
|   Total  |                                                        |   346   |   412   |
|----------|--------------------------------------------------------|---------|---------|

Memories:
N/A

* Register list:
+------------------------+--------+
|                        |   FF   |
+------------------------+--------+
|   Height_read_reg_567  |   11   |
|VideoFormat_read_reg_552|    6   |
|   add_ln1123_reg_626   |   24   |
|   div8_cast2_reg_594   |   32   |
|    div_cast1_reg_588   |   32   |
|       div_reg_582      |   12   |
|  dstImg2_read_reg_572  |   32   |
|   dstImg_read_reg_577  |   32   |
|    empty_149_reg_636   |    1   |
|    empty_158_reg_640   |    1   |
|   icmp_ln1125_reg_604  |    1   |
| mm_video_addr_1_reg_650|   64   |
|  mm_video_addr_reg_631 |   64   |
|    offsetUV_reg_545    |   32   |
|     offsetY_reg_538    |   24   |
|  trunc_ln1113_reg_608  |    1   |
|    trunc_ln1_reg_644   |   29   |
|    trunc_ln_reg_620    |   29   |
|      y_10_reg_615      |   11   |
|        y_reg_531       |   11   |
|   zext_ln1125_reg_599  |   24   |
+------------------------+--------+
|          Total         |   473  |
+------------------------+--------+

* Multiplexer (MUX) list: 
|----------------------|------|------|------|--------||---------||---------|
|         Comp         |  Pin | Size |  BW  | S x BW ||  Delay  ||   LUT   |
|----------------------|------|------|------|--------||---------||---------|
| grp_writeresp_fu_190 |  p0  |   2  |   1  |    2   |
| grp_writeresp_fu_190 |  p1  |   2  |  64  |   128  ||    9    |
| grp_writeresp_fu_197 |  p0  |   2  |   1  |    2   |
| grp_writeresp_fu_197 |  p1  |   2  |  64  |   128  ||    9    |
|----------------------|------|------|------|--------||---------||---------|
|         Total        |      |      |      |   260  ||  1.708  ||    18   |
|----------------------|------|------|------|--------||---------||---------|



* Summary:
+-----------+--------+--------+--------+
|           |  Delay |   FF   |   LUT  |
+-----------+--------+--------+--------+
|  Function |    -   |   346  |   412  |
|   Memory  |    -   |    -   |    -   |
|Multiplexer|    1   |    -   |   18   |
|  Register |    -   |   473  |    -   |
+-----------+--------+--------+--------+
|   Total   |    1   |   819  |   430  |
+-----------+--------+--------+--------+
